name,status,detail,full_sessions,full_years,full_cagr,full_annualized_volatility,full_sharpe,full_max_drawdown,full_calmar,full_annual_cost_drag,full_annual_contract_turnover,full_average_markets_held,train_sessions,train_years,train_cagr,train_annualized_volatility,train_sharpe,train_max_drawdown,train_calmar,train_annual_cost_drag,train_annual_contract_turnover,train_average_markets_held,test_sessions,test_years,test_cagr,test_annualized_volatility,test_sharpe,test_max_drawdown,test_calmar,test_annual_cost_drag,test_annual_contract_turnover,test_average_markets_held
baseline,completed,,6523.0,25.00530469482604,0.13189524685750764,0.07718572567461184,1.5895266624546427,-0.11847122445591607,1.1133104048113114,0.010421436303130022,4987.660369386637,39.82032806990649,3915.0,15.00646830530401,0.15417700691552794,0.07769974768818137,1.8218300400377898,-0.099034027539873,1.556808409649434,0.012713123589080296,3148.032975082147,34.85134099616858,2608.0,9.99883638952203,0.09925894552865455,0.07638774246481511,1.2353633553830865,-0.11847122445591673,0.8378316843141004,0.006981269230854209,7753.470686489449,47.2795245398773
profile:trend_lookback=63,completed,,6523.0,25.00530469482604,0.08644952128554872,0.08037806672176522,1.0368301801026754,-0.15202663081984047,0.5686472219988611,0.011709227088600298,3060.6361388280393,38.304001226429556,3915.0,15.00646830530401,0.10681261958396293,0.08030773892683507,1.2609709148691572,-0.090598844245245,1.1789622756646687,0.014400013008777551,2493.6901684008762,34.019157088122604,2608.0,9.99883638952203,0.05658904663189923,0.08046917241602528,0.7012226588330799,-0.1520266308198409,0.37223114349590536,0.0076699529791317625,3914.2705412441765,44.736196319018404
profile:trend_lookback=84,completed,,6523.0,25.00530469482604,0.08457099595259643,0.07903983044966027,1.0319013669854062,-0.13080476145518005,0.6465437114961177,0.011225921723804821,2734.9982472617744,38.14885788747509,3915.0,15.00646830530401,0.1010898432958518,0.07934269713727611,1.2122495163724214,-0.11433850231197173,0.8841277544464325,0.013881298285331236,2270.997588992333,33.78492975734355,2608.0,9.99883638952203,0.0602430584182998,0.07857790349624626,0.7586322759887958,-0.13080476145517994,0.46055707566075105,0.007239802383936757,3433.820006851192,44.699769938650306
profile:trend_lookback=105,completed,,6523.0,25.00530469482604,0.09792323569830241,0.07753311072808418,1.2029283620560347,-0.15224671587384664,0.6431878358508746,0.011037745723129091,3079.678354600219,39.03035413153457,3915.0,15.00646830530401,0.10527619977841862,0.07685232183507668,1.2967134384134222,-0.10549819405368432,0.9978957528395914,0.013684530703107756,2421.0817196056955,34.437292464878674,2608.0,9.99883638952203,0.08697944586527706,0.07855493437536357,1.065196460716789,-0.15224671587384841,0.571305892321173,0.007064523638536887,4070.917434228556,45.925230061349694
profile:trend_lookback=126,completed,,6523.0,25.00530469482604,0.08446749055877056,0.07732558910851091,1.0518568457748443,-0.15451247251580036,0.5466710174489827,0.010813759028856515,2644.827754928806,38.48995860800245,3915.0,15.00646830530401,0.09864934636865752,0.07723968402046583,1.2153742632939761,-0.12097958458228375,0.8154214341971193,0.013367295753052464,2235.926841456736,34.325415070242656,2608.0,9.99883638952203,0.0635258644349248,0.07745405932043507,0.8070786169932178,-0.15451247251579991,0.41113745318151496,0.006980516592036286,3260.8578144697176,44.74156441717791
profile:trend_lookback=147,completed,,6523.0,25.00530469482604,0.08858642168754605,0.07702659377745692,1.1031969139977742,-0.19080601101099337,0.4642747952130402,0.010686114787033043,2654.428872124863,38.541008738310595,3915.0,15.00646830530401,0.10238098397225204,0.0770353292098365,1.2609208065832167,-0.1291606457602149,0.7926639215037762,0.013245361651026388,2137.4487157721796,34.10063856960409,2608.0,9.99883638952203,0.06820650965867792,0.07701394400107112,0.8663572604646973,-0.1908060110109937,0.35746520404301124,0.006844300572104388,3432.7189743765416,45.206671779141104
profile:trend_lookback=168,completed,,6523.0,25.00530469482604,0.08248358972454617,0.07701357087768579,1.032828521660557,-0.1501038143342901,0.5495102845344777,0.010644565201380228,2655.6690164293536,38.55725892994021,3915.0,15.00646830530401,0.10394387529026883,0.07776458395059455,1.2674247737437057,-0.1501038143342901,0.6924799063318914,0.01311894161732783,2259.3962390470974,34.348659003831415,2608.0,9.99883638952203,0.051055884506761684,0.07585154620347645,0.6722541067862579,-0.13118734110871444,0.3891830116783286,0.0069301542855693165,3252.750211701836,44.875
profile:trend_lookback=189,completed,,6523.0,25.00530469482604,0.09660927538712372,0.07766002049982115,1.186196906376179,-0.14902976150064817,0.6482549150875715,0.01060201450542676,3215.1741210295727,39.173693086003375,3915.0,15.00646830530401,0.12033629456793427,0.07783238983032813,1.4493906870594933,-0.14902976150064817,0.807464853705821,0.012980853800198859,2436.016790799562,34.42809706257982,2608.0,9.99883638952203,0.06193893003752504,0.07737423937873632,0.7891784134705376,-0.134842710833181,0.4593420708825116,0.007031019168374308,4387.514317621266,46.29754601226994
profile:trend_lookback=210,completed,,6523.0,25.00530469482604,0.11631342080833962,0.07744347580862822,1.411515620512265,-0.12767529031558988,0.911009644237614,0.010826463307383793,4493.242838444688,40.003219377587,3915.0,15.00646830530401,0.14891139229964412,0.07777801940222727,1.7632718035880142,-0.11505639707804483,1.29424696132832,0.013214592536802431,3230.709262048193,35.135376756066414,2608.0,9.99883638952203,0.06911714140817082,0.0768783799443823,0.8784523351345069,-0.12767529031558866,0.5413509633487154,0.007241522382087024,6392.294266237325,47.31058282208589
profile:trend_lookback=231,completed,,6523.0,25.00530469482604,0.12820949167759932,0.07721553461405246,1.5481305961614429,-0.13611814915734144,0.9418985820134803,0.010703937588886372,5234.1690533954,40.04813736011038,3915.0,15.00646830530401,0.15644261284266459,0.07756231284302618,1.8493730670292976,-0.10980890637943774,1.4246805473327182,0.013089952380485055,3484.605472343921,35.026053639846744,2608.0,9.99883638952203,0.08712485597346054,0.07665134142375753,1.091427161093107,-0.13611814915734133,0.6400678859712631,0.0071221707525716315,7864.975248013155,47.58703987730061
profile:trend_lookback=273,completed,,6523.0,25.00530469482604,0.10681694105697725,0.0774003879415584,1.3055969790680224,-0.1509643360503583,0.7075640767323054,0.01037675625879208,3661.346038061336,39.253257703510656,3915.0,15.00646830530401,0.13174699949469448,0.0777716566479735,1.5763736495842615,-0.1509643360503583,0.872702804791899,0.012716003977521406,2708.9152122124865,34.48378033205619,2608.0,9.99883638952203,0.07042814738249081,0.07680955148511667,0.894598567693932,-0.12453460006894801,0.5655307628843598,0.006865193828260909,5094.17697862428,46.41296012269939
profile:trend_lookback=294,completed,,6523.0,25.00530469482604,0.1087420101840153,0.07763699058101094,1.3234777107976778,-0.14349303170817362,0.7578208425142722,0.010458602405381082,4056.8720618838993,39.41621953089069,3915.0,15.00646830530401,0.13949342716397073,0.0781760513316723,1.6529317663432468,-0.14161604149868967,0.9850114837820927,0.012849495315740886,3043.6208255750275,34.69374201787995,2608.0,9.99883638952203,0.06413998316766989,0.07676763737666217,0.820881081568442,-0.14349303170816996,0.4469902294497134,0.006869512779591728,5581.3338017265005,46.50536809815951
profile:trend_lookback=315,completed,,6523.0,25.00530469482604,0.0936363650582912,0.07618557589127961,1.173241996539545,-0.19173778005620334,0.48835636373198826,0.010128278209389637,2812.807301204819,38.17691246359037,3915.0,15.00646830530401,0.1108049685003345,0.07731746802059604,1.351753930241905,-0.19173778005620334,0.5778984635571283,0.012545729533831963,2304.7348480284777,33.90625798212005,2608.0,9.99883638952203,0.06836605127921569,0.07444595194345303,0.8955705453266453,-0.14438288603790117,0.47350522735270223,0.0064993204121535485,3577.8550733077554,44.58780674846626
profile:trend_lookback=378,completed,,6523.0,25.00530469482604,0.08789302049949965,0.07697203457453308,1.0959329255679446,-0.20383788557452387,0.4311907977840834,0.00995244061370792,2417.6413192771083,37.19116970718994,3915.0,15.00646830530401,0.0961233717818133,0.07655413647780951,1.1965295666841547,-0.20383788557452387,0.47156774370420085,0.01223225935654666,1954.1607215224535,32.768071519795654,2608.0,9.99883638952203,0.07565656067180737,0.07760482165074915,0.9468896728740523,-0.17233440060233118,0.4390102057823501,0.006530090008564646,3115.421433954508,43.83090490797546
profile:trend_lookback=441,completed,,6523.0,25.00530469482604,0.0833840991623267,0.07735226901040827,1.0390413270267718,-0.24970311716691307,0.33393295249329596,0.009863180416291884,2036.1569293537787,35.870764985436146,3915.0,15.00646830530401,0.0783939717746831,0.07740610619656345,0.9806615267033659,-0.24970311716691307,0.3139487110298305,0.01206217373494179,1688.596486856517,31.70140485312899,2608.0,9.99883638952203,0.09091675680445666,0.07728429941926038,1.1266435702180753,-0.1429123870434904,0.6361712842763539,0.006562160921462755,2559.600221978624,42.12960122699386
profile:trend_lookback=504,completed,,6523.0,25.00530469482604,0.08408783075014536,0.07747885231940341,1.045563976135883,-0.2646646955131091,0.3177145731021023,0.00986171499226593,2275.1447382256297,36.191476314579184,3915.0,15.00646830530401,0.08777332665684257,0.07758960738220438,1.0863495389447648,-0.2646646955131091,0.3316397243186334,0.012049690721946038,1849.4818743154437,31.6485312899106,2608.0,9.99883638952203,0.07857997950806905,0.07732612639748467,0.9839470963372515,-0.1502275384961177,0.5230730683249515,0.0065772345544984345,2916.0344621814197,43.01111963190184
profile:basis_weight=0.0,completed,,6523.0,25.00530469482604,0.10964183495079416,0.07939529966216065,1.3057878961940517,-0.11668875182221505,0.9396092874302276,0.010459955100593488,3764.318019989047,46.825847002912774,3915.0,15.00646830530401,0.13357312166298851,0.07945661696117538,1.564201553648526,-0.10888677128751478,1.2267157900227346,0.012695888714110603,2717.9162595837897,40.02196679438059,2608.0,9.99883638952203,0.07467001787264338,0.07927846522694328,0.9174067201164181,-0.1166887518222155,0.6399075892628369,0.007103482670793068,5338.305906412716,57.03949386503067
profile:basis_weight=0.1,completed,,6523.0,25.00530469482604,0.10977800571212826,0.07977119510813634,1.3014982156500874,-0.11132191350704834,0.9861311421419078,0.010476363123734043,3903.214182092004,46.917369308600335,3915.0,15.00646830530401,0.13686859866095258,0.07940734384347285,1.6004488609893666,-0.11132191350704834,1.2294847829065276,0.01268420112190151,2808.8601752464406,40.04495530012771,2608.0,9.99883638952203,0.07032648688924037,0.08027932815481197,0.8582199184322109,-0.11113763281987687,0.6327873385896207,0.007162066435534027,5549.303766100302,57.23389570552147
profile:basis_weight=0.2,completed,,6523.0,25.00530469482604,0.11152418674985398,0.07996235943167813,1.3175773684945897,-0.1148977346276836,0.9706386911042126,0.010464911720302287,3980.863217415115,46.98267668250805,3915.0,15.00646830530401,0.1397457432833049,0.07980082997323236,1.6235583517854753,-0.10336618602854553,1.3519483368063212,0.012686770603334493,2873.5343674698797,40.18390804597701,2608.0,9.99883638952203,0.07047463258260045,0.08016510189797113,0.8609942150480513,-0.11489773462768249,0.6133683384704514,0.007129567576486688,5646.494905453549,57.188650306748464
profile:basis_weight=0.3,completed,,6523.0,25.00530469482604,0.11851756990698137,0.07924813810928595,1.4052175519089876,-0.10305925355382417,1.1499944529006692,0.010498225006199447,4370.308533680175,47.01594358424038,3915.0,15.00646830530401,0.1460279925165402,0.07954673442742442,1.6952770266730988,-0.09908471652656503,1.4737690900835294,0.012713715373065771,2976.7463773274917,40.17752234993614,2608.0,9.99883638952203,0.07846366870339438,0.0787607969273008,0.9661473523584708,-0.10305925355382395,0.7613452067398856,0.007172440962379791,6465.963348177583,57.28144171779141
profile:basis_weight=0.4,completed,,6523.0,25.00530469482604,0.12474859389026749,0.07883668250831857,1.4802379556778587,-0.10034538679377936,1.243192117507498,0.01055945234553837,4708.307863636363,46.73125862333282,3915.0,15.00646830530401,0.1507352713385195,0.07870209113212823,1.7629591873730346,-0.0987182123311896,1.5269246451993876,0.012768447230651483,3087.4259227820376,39.7882503192848,2608.0,9.99883638952203,0.08684437235386411,0.07900754552603469,1.0580558585462456,-0.10034538679378158,0.8654545577898541,0.0072434189961450325,7145.50057275966,57.153757668711656
profile:basis_weight=0.6,completed,,6523.0,25.00530469482604,0.13936297188547098,0.07692057478843035,1.6773533887459866,-0.11962738762629055,1.1649754679992956,0.011383104224206242,6198.281238499452,45.12034340027595,3915.0,15.00646830530401,0.16186609408338404,0.07806054841113268,1.895971197632645,-0.08750697427754028,1.8497507818063013,0.013686034370657579,3596.1517853231107,38.051340996168584,2608.0,9.99883638952203,0.1064050726845347,0.075156021956333,1.3376813612285376,-0.11962738762629177,0.8894708377059714,0.007926059928440523,10109.780276103042,55.73197852760736
profile:basis_weight=0.7,completed,,6523.0,25.00530469482604,0.12295745511036227,0.07608520780407943,1.5107112038597912,-0.12197674056662788,1.0080401766695732,0.01181207458024116,5035.265908817087,44.72190709796106,3915.0,15.00646830530401,0.1444325162955522,0.0773249688327518,1.72432533414292,-0.12197674056662788,1.184098834126972,0.014334164351630846,3314.8523863636365,37.90574712643678,2608.0,9.99883638952203,0.09148108891864792,0.07416599651669531,1.1775703806803732,-0.1016191866385131,0.9002344138422488,0.008026038746272356,7622.147540422034,54.95398773006135
profile:basis_weight=0.8,completed,,6523.0,25.00530469482604,0.10533781520281815,0.07572337247312434,1.3157402635079558,-0.15078760828351567,0.6985840308890544,0.01195005623317957,3971.422118838992,43.99846696305381,3915.0,15.00646830530401,0.1268878811172589,0.07638673919963265,1.549120310731952,-0.15078760828351567,0.8415007211910959,0.014546521952340227,2913.0056270536693,37.81558109833972,2608.0,9.99883638952203,0.07376592809847504,0.07469621062159583,0.9580250470134652,-0.1323825314803646,0.5572179899688369,0.008052370922399672,5563.6171882707595,53.27990797546012
profile:basis_weight=0.9,completed,,6523.0,25.00530469482604,0.08650465410159058,0.07575902694279042,1.0959546312465662,-0.18369058899732849,0.4709258899640671,0.011972092648505857,3184.4505460021905,43.0732791660279,3915.0,15.00646830530401,0.1094057971911353,0.07580473570336087,1.3611205317433654,-0.18369058899732849,0.5955982709202726,0.014543806507984957,2563.2982680722894,37.31264367816092,2608.0,9.99883638952203,0.05301822920567645,0.07566490882263592,0.6975345495457513,-0.148467790693388,0.3571025672172113,0.008111563599479519,4119.563050835845,51.72085889570552
profile:basis_weight=1.0,completed,,6523.0,25.00530469482604,0.07863072056793552,0.07525621887292851,1.0093806076050627,-0.1834635171096093,0.4285905002080497,0.012049494829636827,2882.61542415115,42.87214471868772,3915.0,15.00646830530401,0.09996836539035536,0.07536292816139525,1.25912267273489,-0.1834635171096093,0.5448950666885439,0.014664884359200568,2435.083348849945,37.4066411238825,2608.0,9.99883638952203,0.047380977201558316,0.07507463009562974,0.6333283069305518,-0.1597365483921941,0.2966195130573743,0.008123402035065487,3556.8353624280626,51.076687116564415
profile:basis_roll_window=63,completed,,6523.0,25.00530469482604,0.1235095349309927,0.07642734227277001,1.5105190811444187,-0.11995372945101368,1.0296431423704182,0.011044961196861283,4874.807237677985,42.65644642035873,3915.0,15.00646830530401,0.14886997367338473,0.07676110252916035,1.7851578017948584,-0.11995372945101368,1.2410616523113587,0.013351470836874553,3258.1791251369114,36.855427841634736,2608.0,9.99883638952203,0.0864947303602035,0.07589251206994642,1.0941994540975357,-0.08858325413374857,0.9764230407432122,0.007582543543237072,7305.750844751987,51.3646472392638
profile:basis_roll_window=126,completed,,6523.0,25.00530469482604,0.12333360840938368,0.077472749105281,1.4892251422982916,-0.11444663063403082,1.0776517205104184,0.01071139187585708,4682.344842552026,41.26536869538556,3915.0,15.00646830530401,0.148884133331469,0.077784582291187,1.762846231800654,-0.11444663063403082,1.3009044696786218,0.012974666725978802,3075.8912472617744,35.82298850574713,2608.0,9.99883638952203,0.08604922518716984,0.0769713774674931,1.0747827806265418,-0.11056856132819859,0.7782431475412938,0.00731387614034077,7097.855894765689,49.435199386503065
profile:basis_roll_window=189,completed,,6523.0,25.00530469482604,0.13204572831646844,0.07767090905616938,1.5817334537342755,-0.10014758530210754,1.318511354199267,0.01067903013105024,5195.52455668127,40.619346926260924,3915.0,15.00646830530401,0.15614430187694306,0.07792407491710203,1.837931568381296,-0.09298532778450663,1.679235913850917,0.012974129904270552,3324.1201314348305,35.494508301404856,2608.0,9.99883638952203,0.0968174371336199,0.0772642417714683,1.1944022846632014,-0.10014758530210899,0.9667475939789937,0.00723374040246223,8009.210502192382,48.3125
profile:basis_roll_window=315,completed,,6523.0,25.00530469482604,0.1276860801125077,0.07794621040524026,1.528582026600014,-0.1115600016505014,1.1445507191056394,0.010268042822627478,4673.183776560789,38.95308906944658,3915.0,15.00646830530401,0.1517887746003932,0.07877350563571565,1.7726551637000383,-0.10019499711795365,1.514933669010452,0.012514109998101047,3045.7544071741513,34.14942528735632,2608.0,9.99883638952203,0.09245546581639452,0.07666178702399842,1.1529469997144355,-0.11156000165050184,0.8287510258922501,0.006896358393187672,7120.176825842696,46.16411042944785
profile:basis_roll_window=378,completed,,6523.0,25.00530469482604,0.12909378563023566,0.07811585334892808,1.540861666763041,-0.10624581961619306,1.2150481411558551,0.010312358883063,4744.23204381161,38.79855894527058,3915.0,15.00646830530401,0.15318039307045894,0.07910259360938691,1.78035309327121,-0.09409870355330918,1.6278693253587555,0.01258489430163586,3122.0966237677985,34.21200510855683,2608.0,9.99883638952203,0.09388492592673159,0.07658508960345958,1.1705274328481339,-0.10624581961619328,0.8836575995731909,0.0069009416423755935,7183.336052343107,45.68366564417178
profile:basis_roll_window=504,completed,,6523.0,25.00530469482604,0.1209645346167545,0.0790386600787006,1.4354321864657782,-0.11328139819696126,1.0678234603569656,0.010193659497933844,4124.43992415115,38.161888701517704,3915.0,15.00646830530401,0.1441994358845875,0.07960737548590713,1.6746478297442229,-0.11122181825825894,1.2965031334926926,0.012448406814608654,2813.994105969332,33.77624521072797,2608.0,9.99883638952203,0.08697553181686546,0.07815478017534741,1.0702130929517188,-0.11328139819696059,0.7677830005738671,0.006808944871867176,6095.115591942998,44.74539877300614
profile:basis_lookback=63,completed,,6523.0,25.00530469482604,0.1235095349309927,0.07642734227277001,1.5105190811444187,-0.11995372945101368,1.0296431423704182,0.011044961196861283,4874.807237677985,42.65644642035873,3915.0,15.00646830530401,0.14886997367338473,0.07676110252916035,1.7851578017948584,-0.11995372945101368,1.2410616523113587,0.013351470836874553,3258.1791251369114,36.855427841634736,2608.0,9.99883638952203,0.0864947303602035,0.07589251206994642,1.0941994540975357,-0.08858325413374857,0.9764230407432122,0.007582543543237072,7305.750844751987,51.3646472392638
profile:basis_lookback=126,completed,,6523.0,25.00530469482604,0.12333360840938368,0.077472749105281,1.4892251422982916,-0.11444663063403082,1.0776517205104184,0.01071139187585708,4682.344842552026,41.26536869538556,3915.0,15.00646830530401,0.148884133331469,0.077784582291187,1.762846231800654,-0.11444663063403082,1.3009044696786218,0.012974666725978802,3075.8912472617744,35.82298850574713,2608.0,9.99883638952203,0.08604922518716984,0.0769713774674931,1.0747827806265418,-0.11056856132819859,0.7782431475412938,0.00731387614034077,7097.855894765689,49.435199386503065
profile:basis_lookback=189,completed,,6523.0,25.00530469482604,0.13204572831646844,0.07767090905616938,1.5817334537342755,-0.10014758530210754,1.318511354199267,0.01067903013105024,5195.52455668127,40.619346926260924,3915.0,15.00646830530401,0.15614430187694306,0.07792407491710203,1.837931568381296,-0.09298532778450663,1.679235913850917,0.012974129904270552,3324.1201314348305,35.494508301404856,2608.0,9.99883638952203,0.0968174371336199,0.0772642417714683,1.1944022846632014,-0.10014758530210899,0.9667475939789937,0.00723374040246223,8009.210502192382,48.3125
profile:basis_lookback=315,completed,,6523.0,25.00530469482604,0.1276860801125077,0.07794621040524026,1.528582026600014,-0.1115600016505014,1.1445507191056394,0.010268042822627478,4673.183776560789,38.95308906944658,3915.0,15.00646830530401,0.1517887746003932,0.07877350563571565,1.7726551637000383,-0.10019499711795365,1.514933669010452,0.012514109998101047,3045.7544071741513,34.14942528735632,2608.0,9.99883638952203,0.09245546581639452,0.07666178702399842,1.1529469997144355,-0.11156000165050184,0.8287510258922501,0.006896358393187672,7120.176825842696,46.16411042944785
profile:basis_lookback=378,completed,,6523.0,25.00530469482604,0.12909378563023566,0.07811585334892808,1.540861666763041,-0.10624581961619306,1.2150481411558551,0.010312358883063,4744.23204381161,38.79855894527058,3915.0,15.00646830530401,0.15318039307045894,0.07910259360938691,1.78035309327121,-0.09409870355330918,1.6278693253587555,0.01258489430163586,3122.0966237677985,34.21200510855683,2608.0,9.99883638952203,0.09388492592673159,0.07658508960345958,1.1705274328481339,-0.10624581961619328,0.8836575995731909,0.0069009416423755935,7183.336052343107,45.68366564417178
profile:basis_lookback=504,completed,,6523.0,25.00530469482604,0.1209645346167545,0.0790386600787006,1.4354321864657782,-0.11328139819696126,1.0678234603569656,0.010193659497933844,4124.43992415115,38.161888701517704,3915.0,15.00646830530401,0.1441994358845875,0.07960737548590713,1.6746478297442229,-0.11122181825825894,1.2965031334926926,0.012448406814608654,2813.994105969332,33.77624521072797,2608.0,9.99883638952203,0.08697553181686546,0.07815478017534741,1.0702130929517188,-0.11328139819696059,0.7677830005738671,0.006808944871867176,6095.115591942998,44.74539877300614
profile:signal_norm_window=126,completed,,6523.0,25.00530469482604,0.13420785535687507,0.07698947649197004,1.6190060746619332,-0.1275283015695592,1.0523770308637928,0.010371263041881065,5296.1762686199345,36.26352905105013,3915.0,15.00646830530401,0.1590278768532809,0.07699475879690333,1.8904533500320124,-0.08470383421502825,1.8774578308884393,0.012622303173321704,3360.457693044907,31.66845466155811,2608.0,9.99883638952203,0.09795131116809208,0.07695398617133023,1.211886857735569,-0.12752830156956008,0.7680750857852892,0.006992113458065846,8206.4955028775,43.1614263803681
profile:signal_norm_window=189,completed,,6523.0,25.00530469482604,0.13245671441022644,0.07721109183425338,1.5952394191295383,-0.12082200580157787,1.0962962709604067,0.010425252403978128,5035.98599260679,38.08983596504676,3915.0,15.00646830530401,0.1546946213553213,0.0773096439342086,1.8362396331726292,-0.09953405546453431,1.5541878669903253,0.012702142295195158,3159.2342784775465,33.26845466155811,2608.0,9.99883638952203,0.0998827116388914,0.07704358984672798,1.232617562793948,-0.12082200580157865,0.8266930430117585,0.007007298445345201,7857.568302274596,45.32745398773006
profile:signal_norm_window=378,completed,,6523.0,25.00530469482604,0.1310698684193916,0.07760163875945925,1.5723435021374037,-0.10921534837201996,1.2001048421594431,0.010563879427274197,5009.7029342825845,41.9267208339721,3915.0,15.00646830530401,0.15334433568496264,0.07806608580738054,1.804721107476764,-0.09427013421777042,1.6266481103201444,0.012903366335498535,3212.5071440306683,36.57522349936143,2608.0,9.99883638952203,0.09844456514941524,0.07687958234392513,1.2186344086052716,-0.1092153483720193,0.9013803152839321,0.007051957937359208,7711.831640175391,49.9601226993865
profile:signal_norm_window=504,completed,,6523.0,25.00530469482604,0.1307676558173756,0.07761921080514907,1.5686745770231965,-0.10359588791018104,1.2622861626588193,0.01050245175687936,4979.61943373494,43.104553119730184,3915.0,15.00646830530401,0.15391245339907655,0.07825801780830986,1.8065647734819605,-0.09918474748955997,1.5517754220756286,0.012853474184040212,3247.3111938663747,37.38544061302682,2608.0,9.99883638952203,0.09689971778400186,0.0766277956532539,1.2046330034580122,-0.10359588791018182,0.9353625876348918,0.006973213719174322,7584.312060838586,51.689800613496935
profile:signal_cap=1.0,completed,,6523.0,25.00530469482604,0.13384817584605657,0.07687638591727791,1.6172869434075645,-0.12526967003127643,1.0684803098199136,0.010258346896187077,5293.7359846659365,33.817108692319486,3915.0,15.00646830530401,0.16182813036099652,0.07732569387605498,1.9128564105404806,-0.07615124759379643,2.125088366565115,0.012486718911431088,3335.921504654984,30.16934865900383,2608.0,9.99883638952203,0.09311470382601184,0.07615732200048866,1.1677326033221724,-0.12526967003127654,0.7433140344567328,0.006913225561953834,8237.224318306386,39.29294478527607
profile:signal_cap=1.5,completed,,6523.0,25.00530469482604,0.13456450788290852,0.07724479104027554,1.6178401801551272,-0.12940275036048543,1.0398890866542145,0.01037440240043238,5244.050203176342,36.99954008891614,3915.0,15.00646830530401,0.1594205027170299,0.07757119581663316,1.8811960599856816,-0.08801461234747532,1.8112958571884552,0.01263718556570228,3258.7125205366924,32.60127713920817,2608.0,9.99883638952203,0.09825651567755234,0.07672439968367892,1.2187813556602498,-0.12940275036048499,0.7593077844468783,0.006977624757782203,8228.816433954507,43.60199386503067
profile:signal_cap=2.5,completed,,6523.0,25.00530469482604,0.13249709200129733,0.07762865299470735,1.5875200752476644,-0.1076924178044677,1.2303288820376044,0.010555532541118025,5049.667584611172,41.996933926107616,3915.0,15.00646830530401,0.15414119785330227,0.07820397934331666,1.81020604395163,-0.10191859197820474,1.512395283936667,0.012837958589526478,3136.7649972617746,36.47560664112388,2608.0,9.99883638952203,0.1007724947085511,0.07673923425366781,1.2473874192704555,-0.1076924178044677,0.9357436369524101,0.007129267978418991,7925.532034118936,50.285276073619634
profile:signal_cap=3.0,completed,,6523.0,25.00530469482604,0.12873555453092567,0.07784590182748599,1.542001969903353,-0.10972989151371992,1.173204062767431,0.010569095303709449,4876.967489047097,43.43783535183198,3915.0,15.00646830530401,0.1530670213126175,0.07870502077457457,1.7877486370754827,-0.10095507075533794,1.5161895303265307,0.012847426875470067,3103.6278080503835,37.57956577266922,2608.0,9.99883638952203,0.09317849034083725,0.0765115596723327,1.1634238320244905,-0.10972989151371904,0.8491623299307424,0.007148977165886283,7543.173483831187,52.23197852760736
profile:signal_cap=4.0,completed,,6523.0,25.00530469482604,0.12494988760600134,0.0783807345445376,1.4905881319725123,-0.10333997649287108,1.2091147283609167,0.010606616418720906,4750.712797918948,45.21217231335275,3915.0,15.00646830530401,0.15114507800684485,0.07882885533345195,1.7646049769128669,-0.10024737900878511,1.5077209948162271,0.012827056348807113,3113.628971796276,38.81558109833972,2608.0,9.99883638952203,0.08674997318774524,0.07767069662391146,1.0738307262189881,-0.10333997649287074,0.8394619016942585,0.007273402336555445,7212.263178268018,54.81441717791411
profile:vol_span=20,completed,,6523.0,25.00530469482604,0.12739842597870976,0.07854228868446353,1.5144378592483045,-0.11536829413318472,1.1042758925744112,0.011291622368373945,5208.086018346112,40.22351678675456,3915.0,15.00646830530401,0.15198210902536502,0.0795803387323664,1.7575194059142316,-0.09891967497572873,1.5364194136571503,0.013852576888173459,3399.4622316538885,35.27177522349936,2608.0,9.99883638952203,0.09148372196265231,0.07693053537665343,1.1380200782090124,-0.11536829413318528,0.7929710901076533,0.007447244705408035,7927.533911345574,47.656825153374236
profile:vol_span=30,completed,,6523.0,25.00530469482604,0.1310149632889317,0.07798677075086752,1.564354954363509,-0.11779715879021313,1.1122081774676618,0.010965696275824308,5314.258372672508,40.02928100567224,3915.0,15.00646830530401,0.15580862716692034,0.0786716583902843,1.8176423824637273,-0.09504816875067168,1.6392596429252013,0.013402491888126927,3377.3263225629794,35.07177522349936,2608.0,9.99883638952203,0.09479862358221691,0.07691952527217684,1.1762671793794077,-0.11779715879021346,0.8047615456587119,0.007307699794932918,8226.414181282544,47.471242331288344
profile:vol_span=40,completed,,6523.0,25.00530469482604,0.13152963137901064,0.0779122118078807,1.571420011929513,-0.11704471162141428,1.1237554397540694,0.010754888022048046,5179.962745892662,39.926874137666715,3915.0,15.00646830530401,0.15482388773716216,0.0785170319835877,1.8105740240436772,-0.09364408909403676,1.653322588056669,0.013106862723288358,3263.0463581599124,34.93358876117497,2608.0,9.99883638952203,0.09744792146627312,0.07697269573838207,1.2058559200064305,-0.11704471162141439,0.832570050507469,0.00722422047781652,8061.959967114278,47.42254601226994
profile:vol_span=80,completed,,6523.0,25.00530469482604,0.1359913012125693,0.07749131463317192,1.628613943682329,-0.12108644028073057,1.1230927335652352,0.010316963759740443,5270.493280120481,39.85742756400429,3915.0,15.00646830530401,0.1595711000964546,0.07799134320032217,1.873089613038504,-0.09735838766693561,1.6390072177689459,0.01255133814575148,3253.178543263965,34.88633461047254,2608.0,9.99883638952203,0.10149900877104212,0.07671109926591742,1.2561227490516675,-0.1210864402807319,0.838235962141777,0.006962831964789053,8303.28626678542,47.31978527607362
profile:vol_span=100,completed,,6523.0,25.00530469482604,0.13407862898947887,0.07663457517558066,1.6247092500274125,-0.11787650477002809,1.1374499884524096,0.010163426492172735,5030.82539211391,39.66273187183811,3915.0,15.00646830530401,0.1575980631601004,0.07680158788269209,1.8794802725925546,-0.09502564762940358,1.6584792326249316,0.012370997258102045,3136.098253012048,34.71264367816092,2608.0,9.99883638952203,0.09967387085849855,0.0763594910520164,1.2405639773621733,-0.11787650477002709,0.8455787780012545,0.006849530959729003,7879.388764044944,47.09355828220859
profile:vol_span=120,completed,,6523.0,25.00530469482604,0.13377997680398956,0.07680082197756975,1.6180460252738893,-0.11771833551892308,1.1364412877081889,0.010108300996912628,5003.102166210296,39.63360416986049,3915.0,15.00646830530401,0.1577880527333244,0.07707853386063597,1.8750651796235651,-0.09618013678344128,1.6405471858352543,0.012299775012599667,3127.4972521905806,34.688122605363986,2608.0,9.99883638952203,0.09867915768183466,0.07635674304907765,1.2291507005724869,-0.11771833551892286,0.8382649758581772,0.0068185691060327356,7822.935826253768,47.05751533742331
profile:risk_managed_window=21,completed,,6523.0,25.00530469482604,0.13244791606892004,0.0772381681913159,1.594607536359191,-0.10310357980032614,1.284610256262907,0.010728087939470913,5171.161721796276,40.03204047217538,3915.0,15.00646830530401,0.15312516854468505,0.07742697012733625,1.8165909012148793,-0.09015204032526103,1.6985213866732494,0.013096507758974875,3273.1141963307778,35.11162196679438,2608.0,9.99883638952203,0.10210877450449352,0.07693908945671996,1.2595886179432567,-0.10310357980032736,0.9903513990711049,0.0071727338009134,8024.825144560154,47.418328220858896
profile:risk_managed_window=42,completed,,6523.0,25.00530469482604,0.1337322221614805,0.07757682793551422,1.6021051209442636,-0.1115541873727548,1.1988095230761577,0.010598714810895762,5218.647247261774,39.98221677142419,3915.0,15.00646830530401,0.15549059491372597,0.07800450521963241,1.8291074039060489,-0.0985508587713082,1.577770065652589,0.012913476774071822,3270.0471727820373,34.97369093231162,2608.0,9.99883638952203,0.10184326339452743,0.07691250499602996,1.2569672424929232,-0.11155418737275424,0.9129488170105339,0.007123909179824337,8148.240875582352,47.500766871165645
profile:risk_managed_window=84,completed,,6523.0,25.00530469482604,0.13666773262611964,0.07768817435895528,1.6320875950397116,-0.11558598812774312,1.182390139495779,0.01041405317309007,5367.464563800657,39.85696765292044,3915.0,15.00646830530401,0.16077045103220633,0.07838047016012588,1.8769219899521297,-0.08818957245139347,1.8230097568600472,0.01267443887865039,3274.7810569550934,34.78135376756067,2608.0,9.99883638952203,0.10142981141510976,0.07661200700611553,1.2568571361178376,-0.11558598812774357,0.8775268789761208,0.0070208744778183394,8513.483375582351,47.47622699386503
profile:risk_managed_window=126,completed,,6523.0,25.00530469482604,0.1334930961213352,0.07745835810404227,1.6018013757708667,-0.11903108740843849,1.121497745066147,0.010332427344437685,5055.988320098576,39.65659972405335,3915.0,15.00646830530401,0.15583905960378042,0.07837576299222583,1.8245264142487996,-0.09068959941541288,1.7183785197897263,0.012576256867583461,3124.5635774917855,34.56194125159642,2608.0,9.99883638952203,0.10076391314228417,0.07604027579363976,1.258050622578371,-0.11903108740843893,0.8465344250492021,0.00696410196747614,7959.664040833105,47.30444785276074
profile:risk_managed_window=189,completed,,6523.0,25.00530469482604,0.1342952272153921,0.07727914508896704,1.6141836291633511,-0.11703604422999148,1.1474689536796376,0.010246929948376787,5107.2742877875135,39.40809443507589,3915.0,15.00646830530401,0.15686014257116332,0.07814058971430161,1.8407032505781127,-0.09189524378289748,1.7069451705438141,0.012449552644880697,3165.8350465498356,34.240357598978285,2608.0,9.99883638952203,0.10125259930736563,0.07594680220764852,1.2651541311858046,-0.11703604422998948,0.8651403076166216,0.006940462211868806,8026.026270896136,47.16564417177914
profile:risk_managed_window=252,completed,,6523.0,25.00530469482604,0.1343920687009843,0.07668961278156369,1.6270789563422154,-0.11035611096445364,1.217803595346639,0.010148267500916635,5086.751899780942,39.11129848229342,3915.0,15.00646830530401,0.15690284035629287,0.07739379848341264,1.8581784914397887,-0.08701896101996365,1.8030879536736444,0.012318466178512812,3125.163647316539,33.81941251596424,2608.0,9.99883638952203,0.10142673100623267,0.0755992956255391,1.2726442417512986,-0.1103561109644543,0.9190857680631952,0.00689047309033802,8035.735375445327,47.05521472392638
profile:risk_managed_cap=1.0,completed,,6523.0,25.00530469482604,0.12824147922335616,0.07768038412913442,1.539661865599239,-0.11146061269568841,1.1505542282768815,0.010039999640219077,4702.907235213582,39.071132914303234,3915.0,15.00646830530401,0.1537379616064405,0.07931450987701194,1.7816890963332,-0.08552982545790078,1.797477789570761,0.012207166062852439,3035.886592278204,34.08888888888889,2608.0,9.99883638952203,0.09102928904333418,0.07512896684689974,1.158117096598374,-0.11146061269568863,0.8166946766375999,0.00678675710010803,7209.360456289394,46.550230061349694
profile:risk_managed_cap=1.5,completed,,6523.0,25.00530469482604,0.1320028276766394,0.07747890453460304,1.584988639121279,-0.1219012169804703,1.0828671849747609,0.01029766675927333,5013.46337185104,39.62501916296183,3915.0,15.00646830530401,0.15605192336627516,0.07813075102592104,1.832285154108107,-0.08754764185627639,1.7824800309579967,0.01252010685425623,3138.098485761227,34.6360153256705,2608.0,9.99883638952203,0.09684502183366472,0.07646451084654665,1.2064135476651947,-0.12190121698047085,0.7944549220470847,0.006961450128959656,7832.945212386955,47.114263803680984
profile:risk_managed_cap=2.5,completed,,6523.0,25.00530469482604,0.13330314485167238,0.07768800272204589,1.5952168552183084,-0.11783053065054361,1.1313124375805177,0.010555864229949112,5164.920995618839,40.022535643109,3915.0,15.00646830530401,0.1570705459538726,0.07792425386767621,1.8478613154181036,-0.10467370916708962,1.5005730398178823,0.012850773318700276,3212.6404928806132,35.02656449553001,2608.0,9.99883638952203,0.09854555864672032,0.07730812339095261,1.2134575672143177,-0.11783053065054294,0.8363329784110265,0.007110860747410463,8099.995634420389,47.522239263803684
profile:risk_managed_cap=3.0,completed,,6523.0,25.00530469482604,0.13343763428351418,0.07749995090490791,1.600378706032178,-0.11059817067894062,1.2065085115275103,0.010580917401479706,5185.603402245345,40.10915223056875,3915.0,15.00646830530401,0.1566956613281525,0.07774687169728169,1.8478710865291315,-0.10772226042698552,1.4546265619292431,0.012859391759378133,3225.04193592552,35.10906768837803,2608.0,9.99883638952203,0.09940615836146671,0.0771054267894302,1.2262599261833476,-0.11059817067894173,0.8988047248090152,0.007160584920201966,8133.126702521238,47.61503067484663
profile:fast_vol_span=10,completed,,6523.0,25.00530469482604,0.1330073172443138,0.07716850757629247,1.6021631913437149,-0.11590579178494342,1.147546772219125,0.010462428432841467,5080.671192223439,39.83642495784149,3915.0,15.00646830530401,0.15518127631886647,0.07780959185525992,1.8301715476891112,-0.09761832856067443,1.5896735644517201,0.01274504282620212,3174.236024096386,34.86794380587484,2608.0,9.99883638952203,0.10052436090762118,0.0761764273599027,1.2531752687373692,-0.11590579178494342,0.867293681873451,0.007035881136059652,7946.8520265826255,47.294861963190186
profile:fast_vol_span=15,completed,,6523.0,25.00530469482604,0.13306896137470825,0.07725615270468464,1.6011136859153672,-0.12001953071594096,1.1087275594307424,0.010456799124942597,5070.750037787513,39.861720067453625,3915.0,15.00646830530401,0.15503643841619974,0.07760140922157237,1.833311092242301,-0.0992898018968591,1.561453799426949,0.012726785629472591,3167.1018606243156,34.84572158365262,2608.0,9.99883638952203,0.10088125968329753,0.07671630594312692,1.2489790512003645,-0.12001953071593907,0.840540361068918,0.007049208187352514,7932.738792134832,47.39148773006135
profile:fast_vol_span=30,completed,,6523.0,25.00530469482604,0.13344381785899184,0.07709603373528888,1.6084249432029907,-0.12112818673878989,1.1016743621099547,0.01043594685734792,5090.592346659365,39.837804691093055,3915.0,15.00646830530401,0.15549050143238174,0.07755448163860111,1.8392710644784223,-0.09904166416129057,1.5699504117697736,0.012704513114600555,3162.4346508762324,34.846232439335886,2608.0,9.99883638952203,0.10114257006018779,0.07638360659723506,1.2570884009887677,-0.12112818673879011,0.8350044096532147,0.007030487924393904,7989.391917648671,47.33090490797546
profile:fast_vol_span=40,completed,,6523.0,25.00530469482604,0.13340863518876067,0.0770042133135432,1.609861468814454,-0.12232874720037856,1.0905746869967767,0.010431814587979288,5092.67258871851,39.846083090602484,3915.0,15.00646830530401,0.1556314693658989,0.07746416438817019,1.8428470960799308,-0.09832837518891901,1.5827727150670703,0.012704097229064685,3171.102326122673,34.85619412515964,2608.0,9.99883638952203,0.10085552359816075,0.07628888907624812,1.2552517530756895,-0.12232874720037934,0.8244629811581033,0.007020776804294732,7981.584596464785,47.33665644171779
profile:slow_vol_span=60,completed,,6523.0,25.00530469482604,0.133639059179532,0.07725428502390017,1.607443445241184,-0.12129491353685529,1.1017696891215967,0.010450137607141958,5129.716899233296,39.885942051203436,3915.0,15.00646830530401,0.1558456169765572,0.07749187256803776,1.8445266311740955,-0.09832837518891901,1.584950597191603,0.012708620533135633,3181.4368619934285,34.85619412515964,2608.0,9.99883638952203,0.10110905945749349,0.07687700340266575,1.2491307438927346,-0.12129491353685429,0.8335803745535667,0.007059815270000381,8058.756963551658,47.436349693251536
profile:slow_vol_span=90,completed,,6523.0,25.00530469482604,0.13323323857431868,0.07728426539952901,1.6023719419286246,-0.11896615877467376,1.1199255313157357,0.010445317815531274,5070.02995399781,39.852215238387245,3915.0,15.00646830530401,0.1552693926308497,0.07759293735720409,1.8360143080704652,-0.0988669775772194,1.5704879064354684,0.01271514340053265,3162.0346043263967,34.846232439335886,2608.0,9.99883638952203,0.10094719342558056,0.07679977604628531,1.2484581773563617,-0.11896615877467298,0.8485370500763909,0.007037968442340937,7938.54423609208,47.36694785276074
profile:slow_vol_span=180,completed,,6523.0,25.00530469482604,0.133005166087115,0.07719807589639767,1.6015556569707177,-0.11933204254484864,1.114580486939437,0.010457280343542343,5077.910871029572,39.827993254637434,3915.0,15.00646830530401,0.15542760366766895,0.07755032433138967,1.838687730746857,-0.09886486821146245,1.5721216897313233,0.012729159657043585,3177.636419769989,34.82324393358876,2608.0,9.99883638952203,0.1001670295584336,0.07664617630237652,1.2418687401443498,-0.11933204254484853,0.8393975953339426,0.007046848015184458,7934.840763222801,47.34087423312884
profile:slow_vol_span=252,completed,,6523.0,25.00530469482604,0.1332701302835151,0.07722166165493903,1.6040161316524324,-0.11892374984520115,1.1206351166776032,0.010464148376416339,5099.39337075575,39.832898972865245,3915.0,15.00646830530401,0.15563410389800714,0.07752978312163528,1.841382247128049,-0.09772416839797049,1.592585605478934,0.012740878883395217,3184.437211117196,34.81200510855683,2608.0,9.99883638952203,0.10051536143553474,0.07673696909187015,1.2444756641413028,-0.11892374984520027,0.8452084765774103,0.007046433677481399,7978.381592902165,47.37001533742331
profile:shock_start=1.0,completed,,6523.0,25.00530469482604,0.13316662262354306,0.07729250567819738,1.6014748609482676,-0.11972415800963732,1.1122786314590216,0.010493091388226426,5120.23579600219,39.85313506055496,3915.0,15.00646830530401,0.15595912090977437,0.07796449660400627,1.835034070051712,-0.09776250347883042,1.5952856704773921,0.012790644187746007,3203.439422234392,34.84010217113666,2608.0,9.99883638952203,0.09979974856595497,0.07625117961684802,1.2436734343878908,-0.11972415800963865,0.8335807093996884,0.007044119298456804,8002.003744176487,47.3784509202454
profile:shock_start=1.2,completed,,6523.0,25.00530469482604,0.13178868833193969,0.07722648380810929,1.5875516221780324,-0.11844025093663468,1.1127018668885327,0.010457691393864783,5012.703283406352,39.83535183197915,3915.0,15.00646830530401,0.15492190395275718,0.07767982338447718,1.830306010754358,-0.10008836789532816,1.5478512359675365,0.01273614327644163,3149.0997658817087,34.83499361430396,2608.0,9.99883638952203,0.09793650985769453,0.0765184494091486,1.2181805042202014,-0.11844025093663335,0.826885362731049,0.007037392651422932,7814.527941901891,47.34164110429448
profile:shock_start=1.5,completed,,6523.0,25.00530469482604,0.13282452878655238,0.0772537194884068,1.5984626412529839,-0.11847237898289076,1.1211434253863872,0.010443289852847018,5066.989600219058,39.836578261536104,3915.0,15.00646830530401,0.15517093744652533,0.07762503310444209,1.8342262698762544,-0.09903613574590864,1.5668113085978894,0.012713162876618249,3158.834231927711,34.846232439335886,2608.0,9.99883638952203,0.10009517571485405,0.0766731058267467,1.2406359851250979,-0.11847237898289076,0.8448819596111035,0.007035869266932769,7935.741607974787,47.327837423312886
profile:shock_start=1.75,completed,,6523.0,25.00530469482604,0.1334075893043647,0.07707001502889507,1.6085413139239717,-0.12177453639079605,1.0955294370921365,0.010439407702582797,5092.4325607886085,39.86263988962134,3915.0,15.00646830530401,0.15546672535716333,0.07754752924264889,1.8391727059669918,-0.0983245392758022,1.5811589507790746,0.012710248729040934,3168.0353025739323,34.87305236270753,2608.0,9.99883638952203,0.1010885564430366,0.07632845108183174,1.257320845268984,-0.12177453639079638,0.830128854842241,0.0070305339991381605,7985.588350918059,47.352760736196316
profile:shock_start=1.9,completed,,6523.0,25.00530469482604,0.13347674734832204,0.0771344624236,1.6080260522127994,-0.12218210779086558,1.0924410272639025,0.010443155689335869,5098.873310240963,39.876437222137056,3915.0,15.00646830530401,0.15546320742706787,0.07754009977739683,1.839303576911846,-0.09832837518891901,1.5810614904230371,0.012709275606299565,3167.5019071741513,34.87305236270753,2608.0,9.99883638952203,0.10126161644292653,0.07650269338938268,1.256616010335845,-0.12218210779086547,0.8287761463098364,0.007041369080857005,8002.5042134831465,47.387269938650306
profile:shock_full=1.5,completed,,6523.0,25.00530469482604,0.1325655528329599,0.07712573364039704,1.59812186331984,-0.113187464475211,1.1712034848346025,0.01045637193757793,5046.667235487404,39.825080484439674,3915.0,15.00646830530401,0.15506538590378938,0.07752916852860146,1.8352588808972616,-0.09762114407885059,1.588440571630055,0.012742926639516879,3171.902419222344,34.81711366538953,2608.0,9.99883638952203,0.099617135056979,0.0764956821488355,1.2378446409643895,-0.11318746447521144,0.8801074882174394,0.007023909645365125,7865.27552959715,47.342791411042946
profile:shock_full=1.75,completed,,6523.0,25.00530469482604,0.13181587883982404,0.07706603161605602,1.5909968428109065,-0.11792486726705753,1.1177954395429452,0.01042504084655174,4950.3760309419495,39.780469109305535,3915.0,15.00646830530401,0.15346139478773901,0.07756207303086532,1.8171992166657491,-0.1004660480363494,1.5274950870190045,0.012714348151622762,3111.4287157721797,34.79003831417624,2608.0,9.99883638952203,0.10008971020275692,0.07629734900498356,1.2463058879870323,-0.11792486726705831,0.8487583028275874,0.006988446483302872,7715.134737599342,47.27185582822086
profile:shock_full=2.25,completed,,6523.0,25.00530469482604,0.13265099540742353,0.0772451102073201,1.5967151179437165,-0.11678818452340922,1.1358254771126675,0.010435878712093798,5026.9449405805035,39.843936838877816,3915.0,15.00646830530401,0.15447560623080703,0.07767806840089657,1.8255354508978723,-0.09884767750663104,1.5627641450700172,0.012713206685592197,3151.2333474808324,34.846232439335886,2608.0,9.99883638952203,0.10066796728715732,0.07657225735793144,1.2487387581508955,-0.11678818452341022,0.8619704784175184,0.0070172671261098125,7846.958352973417,47.346242331288344
profile:shock_full=2.5,completed,,6523.0,25.00530469482604,0.1330114901715782,0.07729223394224206,1.5997679940609522,-0.11941130071194817,1.1138936547759186,0.010437831062814462,5060.948897316539,39.85006898666258,3915.0,15.00646830530401,0.1550327665244584,0.0776732586484548,1.831647144368302,-0.09913657662424835,1.5638301402324004,0.012706988705330364,3156.3006037787513,34.852107279693485,2608.0,9.99883638952203,0.10074687448568276,0.07669788384605143,1.2477225916136236,-0.11941130071194783,0.8436963158848032,0.007031484371691088,7924.431001644286,47.352760736196316
profile:shock_floor=0.5,completed,,6523.0,25.00530469482604,0.1329033399200461,0.07729240698235466,1.5985714144958378,-0.1186906850407341,1.1197453268926225,0.010468252965209037,5074.470470700986,39.83397209872758,3915.0,15.00646830530401,0.15505187152438893,0.07760463665398054,1.8334046493991238,-0.09912261781581144,1.5642431055695545,0.012747537529646101,3179.569978094195,34.83269476372924,2608.0,9.99883638952203,0.1004568123340166,0.07680216500949365,1.2428164088811309,-0.11869068504073454,0.846374863364719,0.00704670424213729,7923.329969169636,47.34164110429448
profile:shock_floor=0.6,completed,,6523.0,25.00530469482604,0.13262796787247333,0.07727195181736135,1.5959333887542606,-0.12090288945216032,1.09697930689202,0.01046219563732583,5051.227766155531,39.858500689866624,3915.0,15.00646830530401,0.1547153109564594,0.07761327048475869,1.829580267011408,-0.0991484885238072,1.5604404389816764,0.012745119810229117,3171.902419222344,34.85593869731801,2608.0,9.99883638952203,0.10026912633698659,0.07673770772251737,1.2416473471520584,-0.12090288945215955,0.8293360629454799,0.007035183314888573,7876.686229788983,47.3680981595092
profile:shock_floor=0.9,completed,,6523.0,25.00530469482604,0.13293922136177017,0.07720161155692064,1.6007566086915892,-0.11887094716826085,1.1183491385291628,0.010433506716723079,5058.9486645673605,39.82400735857734,3915.0,15.00646830530401,0.1552110531834605,0.07761435081575366,1.8349005418862911,-0.09903667262341909,1.5672078743360158,0.0127065402810235,3157.6340922782038,34.84648786717752,2608.0,9.99883638952203,0.10031638753485805,0.07655817676181466,1.244921088568804,-0.11887094716826108,0.8439100547660383,0.007021341684423939,7917.424431351055,47.29601226993865
profile:shock_floor=1.0,completed,,6523.0,25.00530469482604,0.13340843438786965,0.07701664759971204,1.6096119100387216,-0.12178858250709201,1.0954100264702644,0.010432928755081065,5094.35278422782,39.84592978690787,3915.0,15.00646830530401,0.15565701419361888,0.07748721692833817,1.8425978595268775,-0.09832837518891901,1.5830325060752193,0.012704834982610316,3172.56916347207,34.85593869731801,2608.0,9.99883638952203,0.10081851585296242,0.07628506002542226,1.2548849635979902,-0.1217885825070919,0.8278158245834878,0.007022456024721781,7983.586473691423,47.33665644171779
profile:vol_decay=0.9,completed,,6523.0,25.00530469482604,0.14053109518635476,0.0804055371656664,1.62038397764511,-0.1060603402174517,1.3250107900675117,0.011178772133478962,6050.664061610077,40.027901272420664,3915.0,15.00646830530401,0.16374380481027684,0.08091795494008341,1.8511133356908205,-0.09322711462212108,1.7563967894317245,0.01364647256336453,3636.9565334063527,34.937164750957855,2608.0,9.99883638952203,0.10655897408272308,0.07961001131463295,1.268869567193544,-0.10606034021745181,1.0047014167996156,0.007474382876192923,9679.17648465333,47.669861963190186
profile:vol_decay=0.92,completed,,6523.0,25.00530469482604,0.13731620259130461,0.07898829382109646,1.6134918203495503,-0.11584896000102873,1.185303714337058,0.010836640320644757,5552.606107064622,39.93285298175686,3915.0,15.00646830530401,0.1604295322914462,0.07963939555907368,1.8449359020377047,-0.0925391427032124,1.733639707534021,0.01324110250119228,3406.863092825849,34.904725415070246,2608.0,9.99883638952203,0.10348829003637738,0.0779796350643568,1.2593112774953015,-0.11584896000102807,0.8933035742009166,0.007227181180750759,8778.431826527816,47.480828220858896
profile:vol_decay=0.96,completed,,6523.0,25.00530469482604,0.1285444316645199,0.07571926574628314,1.5809936646518028,-0.12348828184033345,1.040944369367159,0.010042402988307431,4666.062947973713,39.75977311053197,3915.0,15.00646830530401,0.15247272126514644,0.07581617930293796,1.8463530643449857,-0.09600419876181987,1.5881880504353907,0.012219104831812825,3002.9494263417305,34.759642401021715,2608.0,9.99883638952203,0.09356144106928155,0.07554755371785565,1.181781844508989,-0.123488281840335,0.7576544079725106,0.00677484634822936,7166.620377500685,47.265720858895705
profile:vol_decay=0.97,completed,,6523.0,25.00530469482604,0.12882762268390868,0.07511071703188141,1.5964184466614684,-0.1231328220070097,1.0462492500705847,0.009785866831480606,4584.773489047097,39.83826460217691,3915.0,15.00646830530401,0.1528837866480406,0.07523656692977035,1.864572046350071,-0.0919902191319647,1.6619569785861792,0.011882015181779332,2975.146191128149,34.85363984674329,2608.0,9.99883638952203,0.09366232118980622,0.07489451571672887,1.1926226752128006,-0.12313282200700992,0.7606608836145576,0.006639233092439378,7004.968791449713,47.32093558282209
profile:vol_decay=0.98,completed,,6523.0,25.00530469482604,0.12490968130687707,0.0737583177121606,1.5787711576367038,-0.12522203548848798,0.9975055973144629,0.009433255311149562,4091.996148959474,39.61122183044611,3915.0,15.00646830530401,0.1461523922179988,0.07382961313867348,1.8220371764926222,-0.09162890232976795,1.5950468520511518,0.011456708523842197,2685.245791347207,34.6125159642401,2608.0,9.99883638952203,0.09376472839578787,0.07363226366182254,1.2130215492792362,-0.12522203548848787,0.7487877675044502,0.006395747900224846,6207.220716634694,47.11503067484663
profile:portfolio_vol_window=21,completed,,6523.0,25.00530469482604,0.13189524685750764,0.07718572567461184,1.5895266624546427,-0.11847122445591607,1.1133104048113114,0.010421436303130022,4987.660369386637,39.82032806990649,3915.0,15.00646830530401,0.15417700691552794,0.07769974768818137,1.8218300400377898,-0.099034027539873,1.556808409649434,0.012713123589080296,3148.032975082147,34.85134099616858,2608.0,9.99883638952203,0.09925894552865455,0.07638774246481511,1.2353633553830865,-0.11847122445591673,0.8378316843141004,0.006981269230854209,7753.470686489449,47.2795245398773
profile:portfolio_vol_window=42,completed,,6523.0,25.00530469482604,0.13189524685750764,0.07718572567461184,1.5895266624546427,-0.11847122445591607,1.1133104048113114,0.010421436303130022,4987.660369386637,39.82032806990649,3915.0,15.00646830530401,0.15417700691552794,0.07769974768818137,1.8218300400377898,-0.099034027539873,1.556808409649434,0.012713123589080296,3148.032975082147,34.85134099616858,2608.0,9.99883638952203,0.09925894552865455,0.07638774246481511,1.2353633553830865,-0.11847122445591673,0.8378316843141004,0.006981269230854209,7753.470686489449,47.2795245398773
profile:portfolio_vol_window=126,completed,,6523.0,25.00530469482604,0.13189524685750764,0.07718572567461184,1.5895266624546427,-0.11847122445591607,1.1133104048113114,0.010421436303130022,4987.660369386637,39.82032806990649,3915.0,15.00646830530401,0.15417700691552794,0.07769974768818137,1.8218300400377898,-0.099034027539873,1.556808409649434,0.012713123589080296,3148.032975082147,34.85134099616858,2608.0,9.99883638952203,0.09925894552865455,0.07638774246481511,1.2353633553830865,-0.11847122445591673,0.8378316843141004,0.006981269230854209,7753.470686489449,47.2795245398773
profile:portfolio_vol_window=189,completed,,6523.0,25.00530469482604,0.13189524685750764,0.07718572567461184,1.5895266624546427,-0.11847122445591607,1.1133104048113114,0.010421436303130022,4987.660369386637,39.82032806990649,3915.0,15.00646830530401,0.15417700691552794,0.07769974768818137,1.8218300400377898,-0.099034027539873,1.556808409649434,0.012713123589080296,3148.032975082147,34.85134099616858,2608.0,9.99883638952203,0.09925894552865455,0.07638774246481511,1.2353633553830865,-0.11847122445591673,0.8378316843141004,0.006981269230854209,7753.470686489449,47.2795245398773
profile:portfolio_vol_window=252,completed,,6523.0,25.00530469482604,0.13189524685750764,0.07718572567461184,1.5895266624546427,-0.11847122445591607,1.1133104048113114,0.010421436303130022,4987.660369386637,39.82032806990649,3915.0,15.00646830530401,0.15417700691552794,0.07769974768818137,1.8218300400377898,-0.099034027539873,1.556808409649434,0.012713123589080296,3148.032975082147,34.85134099616858,2608.0,9.99883638952203,0.09925894552865455,0.07638774246481511,1.2353633553830865,-0.11847122445591673,0.8378316843141004,0.006981269230854209,7753.470686489449,47.2795245398773
profile:no_trade_buffer=0.0,completed,,6523.0,25.00530469482604,0.13378393829506074,0.07756918737926584,1.6028270576110204,-0.1145765844418819,1.1676376892079692,0.010804509850224967,5387.54690060241,39.978690786447956,3915.0,15.00646830530401,0.1581577385696431,0.07833068092408317,1.850268104740477,-0.08970848426858469,1.7630187362894603,0.013228445054685144,3423.798396768894,34.98058748403576,2608.0,9.99883638952203,0.09816245709852534,0.07638537547045875,1.2227751717889546,-0.11457658444188124,0.856740996222645,0.007165818774511173,8340.020713894217,47.48159509202454
profile:no_trade_buffer=0.05,completed,,6523.0,25.00530469482604,0.13340697868004225,0.07749925391790213,1.6000549723922817,-0.10742422225648363,1.2418705565447128,0.0107865105786944,5324.299541073384,39.93392610761919,3915.0,15.00646830530401,0.15721635882988783,0.07823255940774004,1.8424430090028054,-0.09557084185299303,1.645024316848834,0.01320967900000173,3387.9275561336253,34.969604086845465,2608.0,9.99883638952203,0.09858949692091046,0.07636061215872268,1.2280671022161818,-0.10742422225648329,0.9177585357380641,0.007148970559745705,8235.622816525076,47.38611963190184
profile:no_trade_buffer=0.1,completed,,6523.0,25.00530469482604,0.13324190443545114,0.07746091088928117,1.5989895286967997,-0.10635451490041659,1.252809103216823,0.010753071964543762,5274.493745618839,39.906944657366246,3915.0,15.00646830530401,0.15669517974193736,0.07835062947418146,1.8342247020634022,-0.09515959159332232,1.646656707098911,0.013168777687665442,3350.7899014238774,34.947381864623246,2608.0,9.99883638952203,0.09893211796446888,0.07608213063651204,1.2362447674617316,-0.10635451490041692,0.930210796007129,0.007126734577265621,8166.758239928748,47.35199386503067
profile:no_trade_buffer=0.15,completed,,6523.0,25.00530469482604,0.13348850218433483,0.07759708753923364,1.5990293007250367,-0.10741401666167971,1.2427475140863742,0.010710487207493388,5295.856231380066,39.93040012264296,3915.0,15.00646830530401,0.15750450962796902,0.07829472754870032,1.8441129337764968,-0.09671140200818984,1.6286033120958274,0.013100185205426213,3348.5229709748082,34.95274584929757,2608.0,9.99883638952203,0.09837662087499455,0.07651269388603636,1.2233291112367186,-0.10741401666167982,0.9158639061496954,0.007123191324860336,8223.61155316525,47.40260736196319
profile:no_trade_buffer=0.2,completed,,6523.0,25.00530469482604,0.13214835853605278,0.07737960935706992,1.5885293580739568,-0.11678160154700634,1.131585427717063,0.010594217869458354,5098.313245071194,39.849302468189485,3915.0,15.00646830530401,0.15521109381834863,0.07823490670593991,1.8209621008885368,-0.09451339802574232,1.6422126075297205,0.012970341649908481,3246.6444496166487,34.91340996168582,2608.0,9.99883638952203,0.09839647958932574,0.07605514012130027,1.2304595352414056,-0.11678160154700556,0.8425683351304301,0.007027298927563319,7882.291486023568,47.25881901840491
profile:no_trade_buffer=0.3,completed,,6523.0,25.00530469482604,0.1312297620630143,0.0771196723885666,1.5834561742237938,-0.11819706747007663,1.1102624191267443,0.010307530480984064,4938.574657721796,39.79089376053963,3915.0,15.00646830530401,0.153680497213746,0.07707802363296318,1.8305139830489032,-0.0960776459183752,1.5995447821890694,0.012492275634647986,3088.6260624315446,34.81813537675607,2608.0,9.99883638952203,0.09835243995274978,0.07716216368686568,1.21340071137747,-0.11819706747007608,0.8321055848331401,0.007027899623394247,7719.83914908194,47.255751533742334
profile:no_trade_buffer=0.35,completed,,6523.0,25.00530469482604,0.13177477082032074,0.07730624979282696,1.5858390651151264,-0.1202518256008025,1.0958234535064002,0.01016538776208537,4936.934466867469,39.86064694159129,3915.0,15.00646830530401,0.15429400313233121,0.07677447432358435,1.8441342820292435,-0.0928627774871118,1.6615269035404987,0.012250024881585995,3039.687034501643,34.83269476372924,2608.0,9.99883638952203,0.09879919721594543,0.07807810036499442,1.2051096992816435,-0.12025182560080427,0.8216024723310699,0.007036034110687766,7789.204194984927,47.40835889570552
profile:no_trade_buffer=0.4,completed,,6523.0,25.00530469482604,0.12963331133140032,0.0771901883137716,1.5644008341734619,-0.10466256932731666,1.2385833079063,0.010007693145990619,4661.422407995618,39.756247125555724,3915.0,15.00646830530401,0.15113852935527383,0.07667414410546988,1.8119501584575861,-0.10150255142509923,1.489012120713064,0.012082112520079971,2880.135135542169,34.71800766283525,2608.0,9.99883638952203,0.0981094103452993,0.07794161805645883,1.1993013944502138,-0.10466256932731621,0.9373877497549012,0.006893677866251427,7339.382382159496,47.3194018404908
profile:no_trade_buffer=0.5,completed,,6523.0,25.00530469482604,0.12551289038915847,0.07863041113825624,1.492260350040788,-0.12380589261135577,1.0137876941218074,0.009770963609364107,4067.4332907995617,39.530737390771115,3915.0,15.00646830530401,0.14341367066407718,0.07815309227548288,1.6958648282391198,-0.09884026370475563,1.4509640635163232,0.011855264069051972,2637.506903066813,34.62681992337165,2608.0,9.99883638952203,0.09917156096917701,0.0793348823151978,1.1913990926636753,-0.12380589261135766,0.8010245625423426,0.006642115334947694,6217.430290490545,46.892254601226995
profile:target_vol=0.04,completed,,6523.0,25.00530469482604,0.07959568645225712,0.044139777674864315,1.698439255951237,-0.07029374501916719,1.1323295754203102,0.0057702748543708325,1393.2821237677983,34.31503909244213,3915.0,15.00646830530401,0.09439991250073287,0.044453020909910476,1.9826675265249503,-0.055213643733594164,1.7097207522874682,0.007023511110892192,1184.6045084884995,31.171902937420178,2608.0,9.99883638952203,0.05775215363943853,0.04364423691872826,1.264848336526148,-0.0702937450191704,0.8215831099010082,0.003888978863465495,1707.7013681830638,39.03335889570552
profile:target_vol=0.05,completed,,6523.0,25.00530469482604,0.09575795531571551,0.05510351137696018,1.630962337876783,-0.08542555945093,1.1209520421194388,0.007280091483890816,2155.130773274918,37.312279625938984,3915.0,15.00646830530401,0.11145257098473427,0.05503705943691886,1.882399744525285,-0.0687131976195704,1.6219965719218858,0.008825733766578612,1653.1256927710845,33.04955300127714,2608.0,9.99883638952203,0.07261806013839323,0.05518822622222968,1.2549953214945042,-0.08542555945092922,0.8500741535103089,0.004959850097110634,2910.529299808167,43.71127300613497
profile:target_vol=0.06,completed,,6523.0,25.00530469482604,0.11747314439508805,0.06705799139235778,1.6338887735585361,-0.09221462462297225,1.2739101294983037,0.008902712679404545,3551.533260131435,39.09658132761,3915.0,15.00646830530401,0.1373260167717696,0.06748094297536886,1.8760931772307676,-0.08096501952979862,1.6961154035321104,0.010820973636204349,2439.683884173056,34.26947637292465,2608.0,9.99883638952203,0.08832597251039576,0.06639835928149304,1.2649837794182766,-0.09221462462297314,0.9578304186729985,0.006023114655680911,5223.598341326391,46.342791411042946
profile:target_vol=0.08,completed,,6523.0,25.00530469482604,0.15307331966378102,0.0886471036760845,1.5968363461508628,-0.1335383047559714,1.146287725784059,0.012130237545299974,7905.1198480284775,40.393530584087074,3915.0,15.00646830530401,0.180453460723071,0.08939831302991101,1.8377156696181882,-0.10863167896542847,1.6611495140427637,0.014786432321181996,4461.985868017525,35.31340996168582,2608.0,9.99883638952203,0.11316779022348,0.08748037744176938,1.228025348410912,-0.1335383047559705,0.8474556452568734,0.008142889942701001,13080.566080432995,48.01955521472393
profile:target_vol=0.09,completed,,6523.0,25.00530469482604,0.1723292832100014,0.09915008358037584,1.5990747336613416,-0.14262046628588188,1.2083068278894025,0.013729878977275714,11658.716620481928,40.69492564770811,3915.0,15.00646830530401,0.20171117937057415,0.1001286847673639,1.8232093933066882,-0.12381677996700591,1.629110201576274,0.016771632493291513,5975.895361445783,35.63473818646232,2608.0,9.99883638952203,0.12957494245139278,0.09763778026007233,1.2547400185988982,-0.14262046628588154,0.9085297911707909,0.009163749753655375,20199.54177993971,48.29102760736196
profile:target_vol=0.1,completed,,6523.0,25.00530469482604,0.19199952546375587,0.10970583244917823,1.6018719491989128,-0.15572073807449394,1.232973384520608,0.015328638271026568,17041.22293455641,40.8920741989882,3915.0,15.00646830530401,0.22316181981679417,0.11115864482568222,1.8066262695916193,-0.13958296275651316,1.5987754910036904,0.01871648876389588,7748.501623767798,35.79514687100894,2608.0,9.99883638952203,0.14671402652834575,0.10746563460856186,1.2848264439940809,-0.1557207380744955,0.9421611298692856,0.01024296546443785,31005.775143189916,48.543328220858896
profile:target_vol=0.12,infeasible,Roll cannot complete within one cycle on 2014-07-09: SJB,,,,,,,,,,,,,,,,,,,,,,,,,,,,,,
search:0000,completed,,6523.0,25.00530469482604,0.07509628400148372,0.07380926614311288,0.9847450847715932,-0.16295800851497622,0.46083211672645225,0.011901112857387248,2863.7332269989047,41.49348459297869,3915.0,15.00646830530401,0.09709335201619096,0.07436674505298646,1.2409860478940862,-0.16295800851497622,0.5958182288860498,0.014465625227440257,2508.758588444688,36.32005108556832,2608.0,9.99883638952203,0.04290752472988357,0.07293936096985683,0.593007512932413,-0.1430543546210986,0.299938613148343,0.008051394326421941,3398.987343107701,49.25958588957055
search:0001,completed,,6523.0,25.00530469482604,0.005071198030353941,0.07483834941697834,0.10271962183328022,-0.2632344956702639,0.019264944806877772,0.016812687445111107,1599.0260643483023,30.038939138433236,3915.0,15.00646830530401,0.008798587521399615,0.07822730760894457,0.1472952162039305,-0.1971829424508682,0.044621443478012536,0.02098279724855514,1956.4276519715224,30.575478927203065,2608.0,9.99883638952203,-0.0004971184742174062,0.06945438496339983,0.0277915283254235,-0.17416089141426971,-0.0028543634003051228,0.010552725834496315,1063.797558235133,29.23351226993865
search:0002,completed,,6523.0,25.00530469482604,0.020046251938446114,0.07379674693221219,0.29674223631285446,-0.2083388646430866,0.09621945465042313,0.012762592394340978,1410.004069550931,33.79518626398896,3915.0,15.00646830530401,0.022952076840260904,0.0744006298279339,0.331847080457951,-0.2083388646430866,0.11016704386664004,0.015577036314995105,1591.985245071194,32.18441890166028,2608.0,9.99883638952203,0.01570061069188644,0.07289425071068957,0.24293920168415248,-0.1981766973179826,0.07922531207942259,0.008537689039524681,1137.9671094820499,36.21319018404908
search:0003,completed,,6523.0,25.00530469482604,0.07103355918284149,0.0740957848603751,0.9318513117033852,-0.2593259210508082,0.27391615498754673,0.01036443748492758,2086.0827387732747,37.601563697685116,3915.0,15.00646830530401,0.08395310010172308,0.07638220797288034,1.0578124078124824,-0.2593259210508082,0.323735860115868,0.012572178272290057,1732.0015375136911,32.77522349936143,2608.0,9.99883638952203,0.051932037376897,0.07052436730301519,0.7288976645782794,-0.15396632859755355,0.3372947699015418,0.0070502867247572935,2619.356257193752,44.84662576687116
search:0004,completed,,6523.0,25.00530469482604,0.06675564626086294,0.07536420882663873,0.8660932705161702,-0.24275004057439042,0.27499746695369043,0.0113215091663423,2287.506176615553,43.84669630538096,3915.0,15.00646830530401,0.08874721489043713,0.0766998833412091,1.109307604833985,-0.17497224249676935,0.5072073925787157,0.01361076362357154,1942.759394852136,38.88735632183908,2608.0,9.99883638952203,0.03458102784705308,0.07328818276603913,0.48483464848605534,-0.24275004057439065,0.142455291728183,0.007884994135647328,2806.9321533296793,51.29141104294479
search:0005,completed,,6523.0,25.00530469482604,0.05844979856711752,0.0759283216579237,0.7607778483031284,-0.17574092220558812,0.3325907127011705,0.010785425079825538,2023.5154583789704,42.76023302161582,3915.0,15.00646830530401,0.07892508693671907,0.07615129481224973,1.001787586238647,-0.1532076123626973,0.5151512103058894,0.01317207927947155,1896.8873904709749,38.870498084291185,2608.0,9.99883638952203,0.028446936944286794,0.07557312735807632,0.3964242888368195,-0.17574092220558846,0.16186859945464765,0.007202698395924418,2215.2773389969857,48.59930981595092
search:0006,completed,,6523.0,25.00530469482604,0.0688451273170938,0.07686729456709324,0.8752861384501789,-0.1690263692434003,0.40730406518970935,0.009703574253154683,1908.382061336254,43.41713935305841,3915.0,15.00646830530401,0.08140720343145702,0.07702340731273442,1.020150910111282,-0.1690263692434003,0.48162428025788995,0.012005323765529855,1734.6018400876233,38.811749680715195,2608.0,9.99883638952203,0.05026501358325053,0.07663470036665213,0.6566992819395534,-0.14059252503542763,0.3575226604016419,0.006248302266594558,2170.8356645656345,50.33052147239264
search:0007,completed,,6523.0,25.00530469482604,0.10434783782223156,0.07508401040655553,1.3147838919432757,-0.14674276795431385,0.7110935637708475,0.010471978238773846,3672.3073135268346,45.33098267668251,3915.0,15.00646830530401,0.13541263448348428,0.07539556227004644,1.665088828476111,-0.119081992610656,1.1371377948488153,0.012768577406712625,2801.792686199343,38.662835249042146,2608.0,9.99883638952203,0.05931282978655861,0.07455643989051008,0.7840610887825801,-0.1467427679543145,0.4041959315161923,0.007024437693344271,4982.171947793916,55.34087423312884
search:0008,completed,,6523.0,25.00530469482604,0.10566915558819256,0.07657536045579465,1.3057340579413534,-0.16102653146610657,0.6562220189809788,0.010732537775302833,3602.539195235487,44.27380039858961,3915.0,15.00646830530401,0.1318633354779144,0.07635133248374701,1.6055626553044628,-0.11470070429841928,1.149629693073573,0.013059504394202604,2641.50736856517,38.05644955300128,2608.0,9.99883638952203,0.06748958052107645,0.07687560180814328,0.8593281865858629,-0.1610265314661069,0.41912087347718696,0.007239411121547995,5048.233896272952,53.60697852760736
search:0009,completed,,6523.0,25.00530469482604,0.07737809009654417,0.08084885100959151,0.9310517737372627,-0.1667648635841663,0.46399516321069284,0.011804447008215589,2613.464105421687,40.57626858807297,3915.0,15.00646830530401,0.09917601206095972,0.08180584829458783,1.1576050130196425,-0.1212359114667676,0.8180415428158446,0.01491997299943978,2294.333637732749,35.79821200510856,2608.0,9.99883638952203,0.04547183974395308,0.07937078264242038,0.5810139408459903,-0.16676486358416553,0.27267038611526,0.0071275742108065756,3094.7020046588104,47.748849693251536
search:0010,completed,,6523.0,25.00530469482604,0.08667960526930485,0.0722384110491544,1.147921792865677,-0.1974487446967308,0.4389980063050764,0.010220502442857325,2634.186516703176,45.101946956921665,3915.0,15.00646830530401,0.10318214816467419,0.072056241216765,1.352645263794729,-0.1974487446967308,0.5225768759540896,0.012342813060966662,2116.7796440306684,38.6845466155811,2608.0,9.99883638952203,0.062374347737417235,0.07250311751685956,0.8426339372921882,-0.13703160717061502,0.45518219500816565,0.007034595207466974,3413.1005775554945,54.73542944785276
search:0011,completed,,6523.0,25.00530469482604,0.05644539068559129,0.07283266602971127,0.7647784737204744,-0.24017690068618958,0.23501590088108318,0.01178842496908898,2083.162398959474,42.94588379579948,3915.0,15.00646830530401,0.07864458269415775,0.07463222383003991,1.0172489015158346,-0.162233089214729,0.48476289932484173,0.014402530422397223,1968.8290950164294,38.803575989782885,2608.0,9.99883638952203,0.02398280195581659,0.07001517879810124,0.362058043433978,-0.24017690068619146,0.09985473993251275,0.007864259765982474,2256.5160098657166,49.16411042944785
search:0012,completed,,6523.0,25.00530469482604,0.04259138197050816,0.0775563804113605,0.5583725944897612,-0.2508062483975456,0.1698178663515504,0.011011368882331833,1416.4848236582693,37.12310286677909,3915.0,15.00646830530401,0.04428883210556367,0.08060040438870171,0.5597202396212575,-0.2508062483975456,0.17658584021943002,0.013945434903090666,1473.1714197699891,35.92975734355045,2608.0,9.99883638952203,0.04004898887984276,0.07276300391884132,0.5578493819333538,-0.17771704287934542,0.22535255049811165,0.006606894775249463,1332.5495759112086,38.91449386503067
search:0013,completed,,6523.0,25.00530469482604,0.08038876974261311,0.07411245634714232,1.0450469253240304,-0.14555665859386158,0.5522850724879396,0.009985222832505351,2254.0622850492878,40.96811283151924,3915.0,15.00646830530401,0.09219204609680864,0.07497342519481859,1.1738416401469494,-0.12675614185290496,0.7273181776374477,0.012288646556763453,1959.0946289704273,36.46641123882503,2608.0,9.99883638952203,0.06291310674967177,0.07280379437342833,0.8461777570200304,-0.1455566585938619,0.43222417550278114,0.006527437602263602,2698.730689229926,47.72584355828221
search:0014,completed,,6523.0,25.00530469482604,0.10293168048206702,0.07353433029682975,1.3240482278000452,-0.1613040038886565,0.6381222908336348,0.011129194286214625,3713.232075575027,44.02958761306147,3915.0,15.00646830530401,0.12710346717686094,0.07340842540579044,1.6114479424264312,-0.086812959583221,1.4641070617459655,0.013501462855820956,2891.2030900876234,37.944061302681995,2608.0,9.99883638952203,0.06762347842951622,0.07369272740056554,0.894832374717209,-0.16130400388865684,0.41923000545104017,0.007568062595260336,4950.342099890381,53.1648773006135
search:0015,completed,,6523.0,25.00530469482604,0.08257504157267204,0.0772023079051968,1.0315392989375558,-0.20691934871286877,0.39906872936883797,0.012434327500468755,2791.004764238773,41.74107005978844,3915.0,15.00646830530401,0.09658037740624392,0.07859920355121305,1.1725227182452067,-0.20691934871286877,0.46675372799603915,0.01540514312954553,2302.534592004381,35.74457215836526,2608.0,9.99883638952203,0.06189049822474968,0.07505594949429344,0.8105900310837246,-0.18493166194775623,0.33466685787009226,0.007974686707587017,3526.607016305837,50.74271472392638
search:0016,completed,,6523.0,25.00530469482604,0.1012039290910638,0.07688896370183217,1.2498647232339086,-0.14713806535673968,0.6878160919520894,0.01103657815694782,3495.006682639649,41.93898512954162,3915.0,15.00646830530401,0.11959603040699229,0.07834287383256869,1.4323019375258377,-0.14713806535673968,0.812815025921599,0.013322790790848511,2540.2289170317636,36.24904214559387,2608.0,9.99883638952203,0.07416611047714072,0.07464227688185211,0.9634955565229936,-0.10063802460129567,0.7369591242571535,0.007604629360275573,4931.2241723759935,50.48044478527607
search:0017,completed,,6523.0,25.00530469482604,0.05130716975798966,0.07663924508265328,0.6690666523847112,-0.21173072090277556,0.24232274626575967,0.010403878843430796,1606.9869906900328,40.76529204353825,3915.0,15.00646830530401,0.059352667243576684,0.07914054693047133,0.7433936770136985,-0.21173072090277556,0.2803214714922299,0.013059558936858602,1582.2507790251918,37.29348659003831,2608.0,9.99883638952203,0.03934683813897477,0.07273221028878588,0.5490599409586432,-0.17420067131002226,0.22587076067548448,0.006417303856555845,1645.4429864346396,45.97699386503067
search:0018,completed,,6523.0,25.00530469482604,0.1120949439392609,0.08135570832929014,1.3024900448220076,-0.09930226954259025,1.128825599410736,0.011689539965957261,4505.004207009857,47.03219377587,3915.0,15.00646830530401,0.1415728454758205,0.08221326652179729,1.5971315789846439,-0.09930226954259025,1.4256758292427607,0.01446646476850831,3348.989691949617,40.23065134099617,2608.0,9.99883638952203,0.06927616901864564,0.08000703676711171,0.8489908852730063,-0.0953779718309099,0.7263330063409333,0.0075209584467903256,6244.1553514661555,57.24233128834356
search:0019,completed,,6523.0,25.00530469482604,0.042215494256872876,0.0774426790922579,0.5545403013615606,-0.314933416267965,0.1340457762695887,0.010923336889885341,1635.8703515881707,38.326996780622416,3915.0,15.00646830530401,0.06509232387001407,0.0788441405930517,0.8120748809285163,-0.24490847422653383,0.2657822440631654,0.013317178498979931,1619.3884337349398,35.314942528735635,2608.0,9.99883638952203,0.008800259183506354,0.07526091524321916,0.15011040295328695,-0.31493341626796256,0.027943237296923145,0.007329820824085756,1661.9584735543986,42.84854294478528
search:0020,completed,,6523.0,25.00530469482604,0.07609274055816773,0.07598289031945808,0.9704837679276547,-0.1812218984043723,0.41988711755119684,0.012439323334298785,2789.4045780394304,44.022535643109,3915.0,15.00646830530401,0.09316319735521406,0.07774154352486322,1.1457930895171087,-0.1812218984043723,0.5140835526804431,0.01535802026036582,2442.6842332968235,38.7890166028097,2608.0,9.99883638952203,0.05097197578581181,0.07325451493529656,0.6923693191351954,-0.15690453718046482,0.3248597950178206,0.008057920548427454,3312.205965332968,51.87883435582822
search:0021,completed,,6523.0,25.00530469482604,0.09704688675800233,0.08051874499670139,1.1516706613078773,-0.13045630682940335,0.7439033736016286,0.01150237862139804,3861.129285049288,46.38663191782922,3915.0,15.00646830530401,0.13246324942235765,0.08232025788567382,1.5011062252218943,-0.12109385721041199,1.0938890912706685,0.014107849286305148,3046.887872398686,39.859003831417624,2608.0,9.99883638952203,0.045960928824928304,0.07766047881506104,0.59792365693196,-0.13045630682940268,0.35230898330604493,0.007591175533548599,5086.66993902439,56.18558282208589
search:0022,completed,,6523.0,25.00530469482604,0.06211051096751219,0.07631321155090183,0.8010439190875264,-0.20134596141928518,0.30847656704756315,0.012797821265924918,2389.2380142387733,41.44059481833512,3915.0,15.00646830530401,0.0763215429253361,0.0781974284056224,0.9477614068278528,-0.20134596141928518,0.37905673591536926,0.01596373950142627,2360.4079928806136,36.77956577266922,2608.0,9.99883638952203,0.04113363189863972,0.07339168807729778,0.5673925142002968,-0.1760117938197755,0.23369815741300753,0.008045302135561504,2434.4828953137844,48.4375
search:0023,completed,,6523.0,25.00530469482604,0.0505232486846634,0.0733245186439686,0.6860971234289596,-0.2355855787983765,0.21445815547098154,0.008947855057856034,1355.957780668127,40.53962900505902,3915.0,15.00646830530401,0.052399000717970434,0.07561577228474213,0.6902985669264643,-0.2355855787983765,0.22242023890102197,0.011118484196113589,1306.0186363636365,37.23295019157088,2608.0,9.99883638952203,0.047714352008076055,0.06975776662192257,0.6805119052952094,-0.14159255999444365,0.3369834686931888,0.005689414461123544,1432.042874075089,45.5034509202454
search:0024,completed,,6523.0,25.00530469482604,0.10026088954827395,0.07298586486358515,1.3013626263654337,-0.19222666963817459,0.5215763751044199,0.011326192281115954,3560.094256297919,43.258623332822324,3915.0,15.00646830530401,0.11925844044605194,0.07326267701079321,1.5224002426224739,-0.19222666963817459,0.6204052781569297,0.013828418498194946,2732.1179121029572,36.69476372924649,2608.0,9.99883638952203,0.07235236609730533,0.0725542272293478,0.9666007968813367,-0.12530016642786523,0.5774323223980574,0.007569974627793773,4806.006751849822,53.11196319018405
search:0025,completed,,6523.0,25.00530469482604,0.07114891316434302,0.07852109062232418,0.8849680104449145,-0.2060936991825112,0.3452260474073756,0.011739110800292215,2422.881929079956,44.91890234554653,3915.0,15.00646830530401,0.08314320742441406,0.07697243832792541,1.0408852474695864,-0.1305937433003933,0.6366553658942683,0.0143661833755771,2098.0441306133625,39.60715197956577,2608.0,9.99883638952203,0.05339641321163047,0.08079463849644195,0.6625463320184228,-0.20609369918250986,0.2590880430766801,0.007795479998052821,2912.531177034804,52.892638036809814
search:0026,completed,,6523.0,25.00530469482604,0.06894226310903884,0.07461955248999841,0.9005170414804259,-0.18455844576555336,0.3735524691003139,0.011076608240909313,2192.9751768893757,42.13429403648628,3915.0,15.00646830530401,0.08602497888594063,0.07442096610686355,1.1084768857204068,-0.18455844576555336,0.4661123934432083,0.013580311699821997,1859.1496659364732,37.04699872286079,2608.0,9.99883638952203,0.04380709121101534,0.0749076847068262,0.5904863910251765,-0.15612202099071448,0.28059520965092305,0.007318173025555342,2695.9280611126337,49.77108895705521
search:0027,completed,,6523.0,25.00530469482604,0.079384484990491,0.07246834507000263,1.0546988915017967,-0.14571546931665535,0.544791060021088,0.012110265246093694,2937.3417921686746,43.30538095968113,3915.0,15.00646830530401,0.1001767061567489,0.07343227241074919,1.2927744922364939,-0.14428734520447017,0.694286155274311,0.01496906143587091,2623.505273822563,38.014303959131546,2608.0,9.99883638952203,0.048914171414663477,0.0709748516869761,0.6856284196006965,-0.14208484400848242,0.344260302750822,0.00781878246887828,3410.8985126061934,51.24808282208589
search:0028,completed,,6523.0,25.00530469482604,0.06525504864847087,0.07897848911529176,0.8128028101234875,-0.28619153082873405,0.22801180894315679,0.010862812195002547,1773.3263461117194,39.60830906024835,3915.0,15.00646830530401,0.06299191462042475,0.08042913267705006,0.773966012653762,-0.28619153082873405,0.22010404863490204,0.013475778324118459,1589.1182447973713,34.719540229885055,2608.0,9.99883638952203,0.06866065415757405,0.07676432834788607,0.874272729192351,-0.12707316338131225,0.5403237971777091,0.006940357288756843,2051.3235941353796,46.94708588957055
search:0029,completed,,6523.0,25.00530469482604,0.11256336257929256,0.07524630489143619,1.4072947786883792,-0.1358301960348438,0.8287064722369779,0.010731453082998985,4155.963592278204,44.57182278092902,3915.0,15.00646830530401,0.13696965276752882,0.07609797556012914,1.667831401841156,-0.11704220546928679,1.1702586448908912,0.01313218011399511,2937.2084433187297,38.21507024265645,2608.0,9.99883638952203,0.07691353311238558,0.07391937043757925,1.005585607803069,-0.13583019603484303,0.5662476780395413,0.007127600963999818,5989.016098931214,54.114263803680984
search:0030,completed,,6523.0,25.00530469482604,0.07508690177426147,0.07838992250552777,0.9315488285849971,-0.20337499166877315,0.36920420331990383,0.011326113232501732,2395.398731106243,38.577341713935304,3915.0,15.00646830530401,0.0893334503102916,0.07857331525314543,1.0913530199729038,-0.12309037979489568,0.7257549327506104,0.014159837811632868,2105.978387185104,34.48582375478927,2608.0,9.99883638952203,0.05405426661908552,0.07811341250867168,0.6902607628226292,-0.20337499166877215,0.2657862020081668,0.007072266711298358,2831.8555248013154,44.719325153374236
search:0031,completed,,6523.0,25.00530469482604,0.09854595873604244,0.07832055968067964,1.1986108438326428,-0.1491851685134572,0.6605613662403252,0.012708414580162667,4203.809159638554,40.887628391844245,3915.0,15.00646830530401,0.12655045814188592,0.08072142960419793,1.466561666224468,-0.1491851685134572,0.8482777437119728,0.01554848859592219,3328.7873411829137,35.172413793103445,2608.0,9.99883638952203,0.057817198001220316,0.07452677251585325,0.7659939680881666,-0.128672561755373,0.44933587403925324,0.008445036600216907,5520.8771094820495,49.4670245398773
search:0032,completed,,6523.0,25.00530469482604,0.0954933282918613,0.07362068944747262,1.2337745381581124,-0.13085963838766412,0.7297385921927113,0.009378223090508342,2848.531458105148,41.544228115897596,3915.0,15.00646830530401,0.12264595088404207,0.07395516805335349,1.5483138875553561,-0.12248777756625073,1.0012913396008494,0.011506197791256719,2247.8615635268347,35.78135376756067,2608.0,9.99883638952203,0.055969528741339536,0.07307272598734194,0.7566759828857086,-0.13085963838766268,0.4277065826479946,0.00618381321572694,3752.6189551932034,50.19516871165644
search:0033,completed,,6523.0,25.00530469482604,0.06369017992306647,0.07332680974528016,0.8501876416178528,-0.1585199386798034,0.40178024577536037,0.011013596195548054,2470.4474638554216,42.16464816802085,3915.0,15.00646830530401,0.09373153494019482,0.07166688398574761,1.2436020984323843,-0.15683091496615775,0.5976598106337706,0.013181402638144421,2271.464309967141,37.0676883780332,2608.0,9.99883638952203,0.020144840277188214,0.07569367597255466,0.29243431596505853,-0.1548561377704739,0.13008745127717622,0.0077593928892732145,2771.1986448342013,49.8159509202454
search:0034,completed,,6523.0,25.00530469482604,0.06590986854006142,0.07777828294848461,0.8317734231760711,-0.268880910103502,0.24512661949370196,0.009889778916010061,1782.8474539978095,42.15882262762533,3915.0,15.00646830530401,0.06961899567931007,0.08003260416663548,0.8524259972980825,-0.268880910103502,0.25892130331049235,0.012260498880052727,1624.3223411829135,37.62911877394636,2608.0,9.99883638952203,0.06036725463336978,0.07427976836471663,0.7996511846295756,-0.11536013936337197,0.5232938774737386,0.006330971914772694,2022.2963743491368,48.95858895705521
search:0035,completed,,6523.0,25.00530469482604,0.07652252745521393,0.07788049066796172,0.953713216236164,-0.1947415515803418,0.3929440164886645,0.00893354913625225,2224.5788543263966,45.30369461904032,3915.0,15.00646830530401,0.09861794467458296,0.0752693203590021,1.2448258573773374,-0.10968468932758768,0.8991040160586822,0.010707854730025064,1835.1468729463309,39.402554278416346,2608.0,9.99883638952203,0.04419239281430887,0.08162390920009276,0.5527914360818135,-0.1947415515803419,0.22692842105695665,0.006270049749894676,2811.036001644286,54.16219325153374
search:0036,completed,,6523.0,25.00530469482604,0.07096440632337742,0.07377500731723537,0.9347336055004107,-0.16871381443147215,0.42062001005970734,0.012802518613509157,2915.5392552026287,42.94879656599724,3915.0,15.00646830530401,0.0946003009411529,0.07340795040368378,1.2262838049228835,-0.16237759748945568,0.5825945352301198,0.015665859132729124,2612.037272727273,38.060536398467434,2608.0,9.99883638952203,0.03644547619137839,0.07429225195609403,0.5027072146702863,-0.1569327101819562,0.23223632695262542,0.008504214114756796,3373.5635023294053,50.28680981595092
search:0037,completed,,6523.0,25.00530469482604,0.06574493590809305,0.07448535632213511,0.8631649313672456,-0.15110989095216576,0.435080294835927,0.010574782112370703,2076.2015889923327,42.64004292503449,3915.0,15.00646830530401,0.08618375998664862,0.07536278426933822,1.097448717079646,-0.1299578562303676,0.6631669872568261,0.012888047999120522,1824.9456859255204,38.4375478927203,2608.0,9.99883638952203,0.03578939304219508,0.07312827641531477,0.5011946511604981,-0.15110989095216554,0.23684348401471855,0.0071022223168854485,2455.1022307481503,48.94861963190184
search:0038,completed,,6523.0,25.00530469482604,0.0847770341530436,0.07610577513264358,1.0711097845219084,-0.1516321252372217,0.5590967878371006,0.01291647571582063,3486.5256957831325,42.532730338801166,3915.0,15.00646830530401,0.10695866027721368,0.07824352457479906,1.2938311288311362,-0.1516321252372217,0.7053825837360099,0.015995261496616522,3130.897647864184,36.89220945083014,2608.0,9.99883638952203,0.052317712518261894,0.07275392472650992,0.7136461690734793,-0.1427974782167133,0.3663770058940616,0.008294755496566058,4023.272756234585,51.0
search:0039,completed,,6523.0,25.00530469482604,0.05900437510968337,0.07920004867214839,0.7389334297221049,-0.2033751973812663,0.29012571773473544,0.012435510200175104,2415.521072562979,43.90924421278553,3915.0,15.00646830530401,0.08276187485621622,0.07807498874191321,1.0228923983370095,-0.13074165416650319,0.6330184162334113,0.015174526692960143,2132.3147850492883,38.984674329501914,2608.0,9.99883638952203,0.024323267181379116,0.08083266828573761,0.3277250983680904,-0.20337519738126908,0.11959800159790426,0.008323834751841737,2842.6656618251577,51.301763803680984
search:0040,completed,,6523.0,25.00530469482604,0.04834966313418487,0.07431803430226709,0.6509793016158757,-0.16443276630475512,0.29403910315888593,0.010495362808699806,1753.2040046549835,41.89897286524605,3915.0,15.00646830530401,0.0675852795131191,0.07500282434840479,0.8798624756345718,-0.1367025701082777,0.49439655347801426,0.012868001915013607,1718.1332571193866,39.095274584929754,2608.0,9.99883638952203,0.02012889253161254,0.07326082021424667,0.2994812106521073,-0.16443276630475678,0.12241412088334029,0.006933674886453445,1807.2947602082763,46.107745398773005
search:0041,completed,,6523.0,25.00530469482604,0.0821636153786709,0.07234362784846211,1.090734588092216,-0.15624590403213767,0.5258609234439257,0.010557908143760597,2634.746581872946,40.991108385712096,3915.0,15.00646830530401,0.10086889232713236,0.07358548576965433,1.2984947242545775,-0.15624590403213767,0.6455778341964408,0.01282472402597919,2251.8620290251915,35.79719029374202,2608.0,9.99883638952203,0.05468508921533721,0.07042301844446343,0.7657233706171575,-0.1520267174160982,0.35970709717860805,0.007155076786825858,3211.711728555769,48.78796012269939
search:0042,completed,,6523.0,25.00530469482604,0.09627859477592438,0.08115223321396696,1.1349769276749908,-0.1719447419476423,0.5599391623457813,0.012006387526821309,3861.209294359255,45.73294496397363,3915.0,15.00646830530401,0.12475038934863014,0.08253340031631316,1.4174284665426475,-0.1719447419476423,0.7255260494480081,0.014877234256325205,3085.1589923329684,39.2904214559387,2608.0,9.99883638952203,0.05489433628704066,0.07899092316259143,0.6932236420329622,-0.1398432850529595,0.3925418104004911,0.00769681507819871,5029.41625034256,55.40414110429448
search:0043,completed,,6523.0,25.00530469482604,0.09330567473957152,0.07739641398063353,1.1522945685697912,-0.23256507474276222,0.40120243696426017,0.013326817282923674,3632.2226492332966,42.83642495784149,3915.0,15.00646830530401,0.1110714085218023,0.07854036767166658,1.3348560979259876,-0.23256507474276222,0.47759281416032573,0.016420186403490876,2899.137346659365,36.78263090676884,2608.0,9.99883638952203,0.06717415099744173,0.07563750934235772,0.8683591807268672,-0.14560187750552855,0.4613549780282957,0.008683205278697993,4735.740861194848,51.92407975460123
search:0044,completed,,6523.0,25.00530469482604,0.054731684908627676,0.07397613761889713,0.7329235757136326,-0.26452317862112595,0.2069069530841354,0.00930842660989392,1373.759852135816,39.884102406868,3915.0,15.00646830530401,0.05304127401963954,0.07593005383304266,0.6955184043685992,-0.26452317862112595,0.20051654564309487,0.011468862313400198,1263.6137020810515,35.78212005108557,2608.0,9.99883638952203,0.057273783605517714,0.07095624768727796,0.7939065975681145,-0.1400181854378213,0.4090453209804781,0.006065287890865132,1540.2443381748424,46.041794478527606
search:0045,completed,,6523.0,25.00530469482604,0.06564363114940241,0.0746001566373603,0.8607239006319283,-0.30178844679468164,0.21751538816879334,0.009388521740389547,1506.1352554764512,39.49133834125402,3915.0,15.00646830530401,0.06312253172884508,0.07585233851007878,0.817514691568567,-0.30178844679468164,0.20916152490022183,0.0115009885410763,1324.9541730558599,34.88812260536398,2608.0,9.99883638952203,0.06943857534750442,0.07269389381973985,0.9287200019617675,-0.13422747311837324,0.5173201412073634,0.0062173915545426775,1779.368572896684,46.40145705521472
search:0046,completed,,6523.0,25.00530469482604,0.10178409285327472,0.07997112237826084,1.2110810694579708,-0.12823023578106085,0.7937604749246501,0.012943691344126543,4132.200827217963,44.00275946650314,3915.0,15.00646830530401,0.12343095946056781,0.08156261276244163,1.419422894752483,-0.12752494490905508,0.9678965911225689,0.015935685025136807,3110.028552847755,37.64418901660281,2608.0,9.99883638952203,0.07007624099145793,0.07750183032422245,0.883195360755123,-0.12823023578106074,0.546487656086865,0.008452259112088514,5670.1170567278705,53.54792944785276
search:0047,completed,,6523.0,25.00530469482604,0.05736686661979151,0.08573588258586608,0.6714425863378692,-0.18977472841912113,0.30228928318156084,0.014503968081415934,2864.3733014786417,43.94358424038019,3915.0,15.00646830530401,0.08524197611061535,0.08551870483339943,0.9668312856490611,-0.13037742598717073,0.6538093190994831,0.01787024063076976,2654.7089047097484,39.289910600255425,2608.0,9.99883638952203,0.01686918036360119,0.08602266151490973,0.2309237710833623,-0.1897747284191198,0.08889055199354784,0.0094506870113545,3181.4833824335433,50.92944785276074
search:0048,completed,,6523.0,25.00530469482604,0.08286495132388527,0.08108824303522934,0.989117533034888,-0.1357100473211974,0.6106029211511599,0.01041673377576483,2803.846258488499,45.248351985282845,3915.0,15.00646830530401,0.10908456143223577,0.08084100477823648,1.2777440026962898,-0.13033678919045522,0.8369437524875304,0.012518632534970407,2264.2634720700985,39.38620689655173,2608.0,9.99883638952203,0.0446726336398835,0.08142472822765015,0.5593728844899342,-0.13571004732119718,0.3291770544752133,0.007261467808629164,3616.1910221978624,54.048312883435585
search:0049,completed,,6523.0,25.00530469482604,0.05683456617591398,0.07362808232093564,0.7621742453711419,-0.3236438616487378,0.1756083550801237,0.010498138587846104,1665.9538521358159,32.87091828913077,3915.0,15.00646830530401,0.057022929408258705,0.07521217605786845,0.7499144877110318,-0.3236438616487378,0.1761903628196963,0.012949566699334484,1608.5871768893758,29.88020434227331,2608.0,9.99883638952203,0.056551929583820604,0.07119825004670703,0.7821707878818621,-0.15391579385837129,0.3674212253737781,0.006818176526313511,1753.4442628117292,37.36042944785276
search:0050,completed,,6523.0,25.00530469482604,0.07158229782650594,0.073347741166912,0.9473422737450616,-0.2138883573701238,0.33467131501055064,0.012109231087229534,2454.9656623767796,42.73785068220144,3915.0,15.00646830530401,0.08185836721931761,0.0733991055862883,1.0722806301598682,-0.2138883573701238,0.3827153951987463,0.014891408479472604,2191.988395399781,37.593869731800766,2608.0,9.99883638952203,0.05634263612661905,0.07327599553707287,0.7594066218874234,-0.16039108864945517,0.3512828337349803,0.007932764641435204,2851.774203206358,50.459739263803684
search:0051,completed,,6523.0,25.00530469482604,0.06603823943276343,0.07878517359773714,0.82360220910267,-0.16721027136441002,0.3949412849695272,0.011395244374798606,2233.01983652793,43.56569063314426,3915.0,15.00646830530401,0.08004263110560395,0.07973000186855833,0.9728613442468768,-0.1454728783860223,0.55022373925403,0.014001658362678943,2019.7683556955094,38.989016602809706,2608.0,9.99883638952203,0.0453601851676424,0.0773448970306215,0.5928661081153392,-0.1672102713644099,0.2712763085515639,0.0074826252173785445,2554.995904357358,50.43596625766871
search:0052,completed,,6523.0,25.00530469482604,0.053176381090218605,0.07932226238004261,0.6707127301269867,-0.17323140408339377,0.3069673271517181,0.011476160027041963,1898.5809208652793,43.27165414686494,3915.0,15.00646830530401,0.06362729604126782,0.07948168627421962,0.7894781679364095,-0.14747812432594887,0.4314354846325677,0.0142036678907271,1834.2801054216868,39.1992337164751,2608.0,9.99883638952203,0.03768381558745304,0.07908897972278953,0.491491512695182,-0.1732314040833942,0.21753455031347502,0.007381760760812163,1996.6723458481777,49.38496932515337
search:0053,completed,,6523.0,25.00530469482604,0.049828753631594,0.07551021156552314,0.6599239244588582,-0.19463367191838166,0.25601301738010346,0.013426004319675725,2314.709342004381,38.35152537176146,3915.0,15.00646830530401,0.06926627831074939,0.07772839797531941,0.8712455625507919,-0.19463367191838166,0.3558802422419269,0.01667582399931208,2375.276389649507,34.71519795657726,2608.0,9.99883638952203,0.021317580497203892,0.07203391569502497,0.31896262319477126,-0.14960119105018332,0.14249606134521325,0.008547536510712413,2225.6871005755,43.810199386503065
search:0054,completed,,6523.0,25.00530469482604,0.06043718885911953,0.07522227842138782,0.7913047153845747,-0.17412856718621528,0.3470837085249041,0.011509928635695613,2217.818067634173,42.7987122489652,3915.0,15.00646830530401,0.07978771218272773,0.0758747434856936,1.015338594173962,-0.1398194495172591,0.5706481641731743,0.01415594362647784,2068.3740115005476,38.86079182630907,2608.0,9.99883638952203,0.03204432863552609,0.07421575721558449,0.4477671562822156,-0.17412856718621506,0.18402683231900438,0.007537862420621834,2443.9918121403125,48.7101226993865
search:0055,completed,,6523.0,25.00530469482604,0.08701607336443784,0.0785695137654658,1.0652981566483994,-0.16417339386748409,0.5300254280829124,0.013190042015312247,3366.191693592552,41.8430170167101,3915.0,15.00646830530401,0.09728831938514593,0.08004107035794078,1.1606155533383915,-0.16417339386748409,0.5925949210971065,0.01631537977222571,2848.4647836801755,36.407151979565775,2608.0,9.99883638952203,0.07177944815792192,0.07631419045722677,0.9158709406078,-0.1473862787115372,0.4870158116849389,0.008498440282829041,4146.188017950123,50.00306748466258
search:0056,completed,,6523.0,25.00530469482604,0.06924130123226213,0.08004725556857797,0.8481116947749019,-0.16941870898375733,0.4086992614192362,0.009732544510246207,1808.4904378422782,43.57258929940212,3915.0,15.00646830530401,0.07091244676126784,0.07789673951208141,0.8886196505879743,-0.13496076381920652,0.5254300935660247,0.011791507655819973,1565.115451807229,38.54380587484036,2608.0,9.99883638952203,0.06673810278520076,0.0831861898485439,0.7920802984579587,-0.169418708983757,0.3939240428965804,0.006641731352684362,2175.3398883255686,51.1215490797546
search:0057,completed,,6523.0,25.00530469482604,0.09244962396997636,0.08332597548638479,1.0669180280231452,-0.13226385167313048,0.6989787670666904,0.013068036673505451,3961.340945783132,43.29265675302775,3915.0,15.00646830530401,0.12190254732602601,0.08409779514602926,1.363476465154344,-0.11163448333948967,1.091979321078688,0.016196737614875386,3179.3032803943047,37.82707535121328,2608.0,9.99883638952203,0.04969071731671759,0.08210958162442937,0.6117103529297249,-0.13226385167313048,0.37569386259459964,0.008371386295643757,5138.6186530556315,51.497315950920246
search:0058,completed,,6523.0,25.00530469482604,0.08968708090300526,0.08015166953108321,1.0754308909154437,-0.16886084528779577,0.5311301193011811,0.011004120768087475,3296.0235287513688,46.174152997087226,3915.0,15.00646830530401,0.12212651317161738,0.08187263329435078,1.4006311679103267,-0.1224174092735808,0.9976237358420703,0.013758662595008632,2794.7251971522455,39.813793103448276,2608.0,9.99883638952203,0.04275265380562576,0.0774340824834269,0.5611373334303801,-0.16886084528779577,0.2531827537210348,0.006869139459653298,4051.299037407509,55.72200920245399
search:0059,completed,,6523.0,25.00530469482604,0.06473836866768257,0.07935445988402032,0.8034124154622264,-0.18295997426563892,0.35383896902876233,0.01103181952043187,2265.1035698247533,44.28361183504523,3915.0,15.00646830530401,0.08861606326629667,0.08022195183690525,1.0626166166110556,-0.15517051372498925,0.5710882895145407,0.01378439684805908,2154.317345290252,39.57037037037037,2608.0,9.99883638952203,0.029881463444793255,0.07800531470202772,0.40373410784469566,-0.18295997426563826,0.16332240734472653,0.006899787220715403,2433.281768977802,51.35889570552147
search:0060,completed,,6523.0,25.00530469482604,0.06440602630876868,0.0803229006367396,0.79094543516094,-0.22598320905692348,0.2850035919816737,0.01056971753335917,1852.575567634173,41.948643262302625,3915.0,15.00646830530401,0.06867052917924732,0.08107264303226586,0.8319402815633972,-0.22598320905692348,0.30387447574456616,0.013021590810578463,1656.3927395947426,37.8602809706258,2608.0,9.99883638952203,0.05803768313974311,0.0791981340864564,0.7279423713653214,-0.15313652104683673,0.3789930889313616,0.0068890872111530685,2148.614827349959,48.08588957055215
search:0061,completed,,6523.0,25.00530469482604,0.08871083420265169,0.07334866749204602,1.1562460068694325,-0.15061483249112295,0.5889913545392695,0.012442300445122767,3470.723857064622,42.88916142879043,3915.0,15.00646830530401,0.1080014437706418,0.07432495997740396,1.370259819748611,-0.15061483249112295,0.7170704371165255,0.01520639577178661,2845.53110898138,37.10395913154534,2608.0,9.99883638952203,0.06038751701708178,0.07184227645782586,0.824534067297557,-0.12702343107568226,0.4754045494260196,0.008292977897619336,4412.137407508906,51.57361963190184
search:0062,completed,,6523.0,25.00530469482604,0.08846294765684948,0.07709540433947068,1.1008594435394845,-0.2457259765499158,0.3600064954422084,0.010368868378226492,2444.3644288061337,40.95922121723134,3915.0,15.00646830530401,0.09802489112519686,0.07833070563159521,1.1925129030093866,-0.2457259765499158,0.39891953020800985,0.012456186340212793,1783.6075424424973,34.51136653895274,2608.0,9.99883638952203,0.07426821526631744,0.07521063464920844,0.958011080716074,-0.1369560880044408,0.5422775748669842,0.007235490379309175,3438.3242306111265,50.63842024539877
search:0063,completed,,6523.0,25.00530469482604,0.07953997299610127,0.07322152869056986,1.0464920529686823,-0.15329211155171185,0.518878448414282,0.011757268943800293,2746.7996204819274,42.005212325617045,3915.0,15.00646830530401,0.09335550798269887,0.07309964039016023,1.2160963826507427,-0.11482179338470988,0.8130469419678169,0.014361511269233691,2269.5307516429352,36.76960408684547,2608.0,9.99883638952203,0.05913223827299974,0.07340286679505079,0.7929655212797045,-0.15329211155171152,0.3857487360205883,0.007847909778128614,3465.5497608933956,49.8646472392638
search:0064,completed,,6523.0,25.00530469482604,0.0769100490643122,0.07726353963228995,0.9651835874439673,-0.1906988729972099,0.4033062590015279,0.012096595982148517,3241.617197973713,43.590525831672544,3915.0,15.00646830530401,0.10890734513086486,0.07668210185980617,1.340770554456256,-0.1581725381122422,0.6885351049597634,0.014692792736021695,2934.4081174698795,37.70498084291188,2608.0,9.99883638952203,0.03061210233510603,0.07806691351386846,0.41223110925857254,-0.17134332751410797,0.17865943646148408,0.008199314428692423,3705.474746505892,52.42561349693251
search:0065,completed,,6523.0,25.00530469482604,0.06827498652955666,0.07459445746857067,0.892708780792263,-0.20668252171820922,0.3303374952171462,0.011919550552278077,2555.0573091456736,43.55327303388012,3915.0,15.00646830530401,0.09443385228543955,0.0760703081947408,1.1840570981941605,-0.20668252171820922,0.45690294225358147,0.014604788838811928,2240.1940046549835,38.137675606641125,2608.0,9.99883638952203,0.030183859894243437,0.07228010320357131,0.4336383632521787,-0.19039501560067784,0.15853282607749095,0.007888604274755056,3029.8411825157577,51.68289877300614
search:0066,completed,,6523.0,25.00530469482604,0.09291180786443687,0.07294066924850018,1.2133263703048702,-0.17686137613714092,0.5253369044940127,0.013272507320181913,3913.5353830777653,43.897133220910625,3915.0,15.00646830530401,0.11192159009326041,0.07294494803217098,1.4415815899955968,-0.11435516118468947,0.9787191844581574,0.016306232491672127,3326.65375958379,37.34942528735632,2608.0,9.99883638952203,0.06498967866878247,0.07291988941068792,0.8708021127936083,-0.17686137613714026,0.3674611160912191,0.008718429848408838,4797.799055220608,53.72622699386503
search:0067,completed,,6523.0,25.00530469482604,0.09345534756162599,0.07754897814403121,1.1518988262846448,-0.1745685324282159,0.5353504796178294,0.01102278619711912,3345.349268346112,40.351831979150695,3915.0,15.00646830530401,0.11289462707400255,0.0791509267347053,1.3451919494018414,-0.12936552760108577,0.8726793695931637,0.01345482422696459,2841.6639923329685,34.6610472541507,2608.0,9.99883638952203,0.06491581531480461,0.07506593699371503,0.8471477090096267,-0.17456853242821668,0.3718643584375567,0.007371931562592653,4104.248690052069,48.89455521472393
search:0068,completed,,6523.0,25.00530469482604,0.06705924269423891,0.07420959520919224,0.8821378576756649,-0.3196417757383406,0.20979498859102114,0.010358894268234442,1726.1608578860898,35.7568603403342,3915.0,15.00646830530401,0.06375953710579174,0.07551085541416888,0.8285272847055362,-0.3196417757383406,0.19947185238385554,0.012747738820847631,1547.646752464403,32.39284802043423,2608.0,9.99883638952203,0.07203072990871329,0.07222569904765944,0.9666484988289494,-0.14401952929175477,0.5001455723604917,0.00677287953530475,1995.571313373527,40.806748466257666
search:0069,completed,,6523.0,25.00530469482604,0.10472873538938487,0.07639128442166862,1.297943471842496,-0.10735580555666047,0.9755293143798444,0.009505710012546895,3191.571374589266,46.721140579487965,3915.0,15.00646830530401,0.1260587224193188,0.07480335463375143,1.5707947744904214,-0.0934637921203878,1.3487439313070724,0.01143937669987592,2325.603943044907,39.91111111111111,2608.0,9.99883638952203,0.07347206114119609,0.0786975250753807,0.9098982111963756,-0.10735580555666158,0.6843790213321821,0.006602985671713637,4494.214373801042,56.94401840490798
search:0070,completed,,6523.0,25.00530469482604,0.08497952520371999,0.07386757448233096,1.1037326231668338,-0.19229968871503444,0.4419119228510539,0.012781084812476686,3179.8100060240963,42.10501303081404,3915.0,15.00646830530401,0.10205179944709042,0.0752790778275765,1.2847211088396795,-0.19177433717068137,0.5321452335734741,0.015745383857682708,2769.6556133625413,36.31238825031929,2608.0,9.99883638952203,0.05985212427083719,0.07168690030382895,0.8193789103339664,-0.19229968871503356,0.31124399977335004,0.008331226391471488,3798.1616620992054,50.80061349693251
search:0071,completed,,6523.0,25.00530469482604,0.05344563709427197,0.07468905602847725,0.710825103820828,-0.24375700270556044,0.2192578531121428,0.010680122236889375,1771.3661180175245,38.28407174612908,3915.0,15.00646830530401,0.06492892142332862,0.07482459304722167,0.8496010449328748,-0.24375700270556044,0.2663674097673318,0.012600068768208886,1535.7787048192772,33.977777777777774,2608.0,9.99883638952203,0.036443235683887076,0.0744884800198158,0.5015340077323172,-0.24141956894676586,0.15095394231245182,0.007797993912458434,2126.4940839956153,44.74846625766871
search:0072,completed,,6523.0,25.00530469482604,0.10920271427348305,0.07826617698597073,1.318585728767012,-0.15693589705317834,0.6958428015769985,0.009946899791859962,3790.5610736582694,35.288364249578414,3915.0,15.00646830530401,0.13889315940602032,0.07949193271603741,1.6204615585263904,-0.1426950886471937,0.9733562712128553,0.0121606481392181,2908.2050684556407,31.260791826309067,2608.0,9.99883638952203,0.06608886807101388,0.07634033779220323,0.84819857225365,-0.15693589705317845,0.42112014721921376,0.006623730781159383,5118.299599205262,41.33435582822086
search:0073,completed,,6523.0,25.00530469482604,0.08833888175261007,0.07911399913803266,1.0733777001716478,-0.2864004787398382,0.3084453005850446,0.01198200502557319,2765.3617803943043,41.676989115437685,3915.0,15.00646830530401,0.08973314093580487,0.0814987928916651,1.0594070080591633,-0.2864004787398382,0.31331351585245454,0.014581136056880642,2179.1869058050384,35.852107279693485,2608.0,9.99883638952203,0.08624969463968735,0.0754078165901528,1.097840867802118,-0.13296743359346053,0.6486527739069575,0.008080318680646556,3647.62049465607,50.42101226993865
search:0074,completed,,6523.0,25.00530469482604,0.0696138510861215,0.07545433048130151,0.8994260420862348,-0.1717551971256287,0.4053085568945149,0.014375250465262057,3197.4920635268345,42.7125555725893,3915.0,15.00646830530401,0.08438997790915326,0.07690001358299332,1.0562465959310188,-0.1717551971256287,0.49133871534278534,0.018087415618023035,3290.716244523549,38.102171136653894,2608.0,9.99883638952203,0.04781451003803805,0.07322704225070846,0.6529082545602896,-0.16145158427527362,0.29615386094022284,0.008802732607493952,3060.1696224993148,49.63343558282209
search:0075,completed,,6523.0,25.00530469482604,0.08877251354686622,0.08079180110094959,1.057518456970988,-0.13604066581554375,0.6525439508450512,0.011081060257141746,3339.908635268346,46.07557872144719,3915.0,15.00646830530401,0.12254789610395456,0.08057255048290816,1.4264409629548183,-0.13134779568024446,0.9330030661670748,0.013652489204353196,2782.390428532311,39.61966794380587,2608.0,9.99883638952203,0.03997919598575361,0.08105535288590494,0.5078646220078753,-0.13604066581554308,0.2938768032785228,0.007220958904253391,4179.6193676349685,55.76687116564417
search:0076,completed,,6523.0,25.00530469482604,0.08746246402343894,0.07847458916476793,1.0715605976874283,-0.13014517715427276,0.6720376884943022,0.010758346599414744,3104.8012779299015,46.281772190709795,3915.0,15.00646830530401,0.11406588351140878,0.07859303571551635,1.3671073657487707,-0.113607652343923,1.0040334533636748,0.01331953101120976,2647.774764512596,40.11417624521073,2608.0,9.99883638952203,0.04872290487474662,0.07825958292024217,0.6265194635183268,-0.13014517715427398,0.37437349535427294,0.006913623834009261,3793.4572506166073,55.540260736196316
search:0077,completed,,6523.0,25.00530469482604,0.08978822615163184,0.07388512863472499,1.161333511490353,-0.12652257444446358,0.7096617069789701,0.010037815910992771,2967.2652740963854,41.2488118963667,3915.0,15.00646830530401,0.11600493015833702,0.074758344457716,1.4557914116454433,-0.12652257444446358,0.9168714015478461,0.012223904429306832,2469.887398685652,35.58033205619412,2608.0,9.99883638952203,0.05159285900841959,0.07251435571220277,0.7065892960974318,-0.12618994420645113,0.4088507949889563,0.00675616846114632,3716.384977391066,49.75805214723926
search:0078,completed,,6523.0,25.00530469482604,0.0915087072990679,0.08146986929423986,1.079148251952299,-0.1365267297513676,0.6702622077428853,0.011752024377806468,3682.1884633077766,46.56829679595278,3915.0,15.00646830530401,0.128285269700807,0.08245969511386453,1.4553920638197608,-0.13168623848587935,0.9741736963241073,0.014438549366033808,2968.7454463307777,40.18339719029374,2608.0,9.99883638952203,0.03855096039826167,0.07988068320101274,0.4975104153455727,-0.1365267297513667,0.2823693240764507,0.007719146567641574,4756.260102767882,56.15299079754601
search:0079,completed,,6523.0,25.00530469482604,0.11244556343332546,0.07783670668081313,1.3617104521014063,-0.15875864326577205,0.7082799469700962,0.010670663126760635,4217.290728368017,46.78108232408401,3915.0,15.00646830530401,0.14020994588550195,0.07762893526964815,1.6718745186220887,-0.11271831861691373,1.2438967117849027,0.013089720360843856,3097.4937609529024,39.79259259259259,2608.0,9.99883638952203,0.0720397498330625,0.07810847044122252,0.8996657179232512,-0.15875864326576938,0.4537689939341733,0.007039294617774511,5901.834345711154,57.27185582822086
search:0080,completed,,6523.0,25.00530469482604,0.06418602286680142,0.08180871559057173,0.7755735297658677,-0.20180389779825136,0.3180613633685602,0.01287122869898626,2749.95998822563,44.48321324543922,3915.0,15.00646830530401,0.09206536234461415,0.08059191432146469,1.095984931701473,-0.10572986433312515,0.8707602428632844,0.015745881586381724,2450.2184433187294,39.50932311621967,2608.0,9.99883638952203,0.023674067585207847,0.0835624727997063,0.31236248806010963,-0.2018038977982508,0.1173122414556903,0.008555942635277196,3202.2028117292407,51.949769938650306
search:0081,completed,,6523.0,25.00530469482604,0.05890095580725885,0.07477694781672396,0.7768433451246819,-0.26638014320303827,0.2211161654131397,0.010596968250279656,1604.1866648411828,37.489498696918595,3915.0,15.00646830530401,0.05531385864055327,0.0768483361082618,0.7152240626053451,-0.26638014320303827,0.207650082230012,0.013092863828164766,1504.1750273822563,34.34125159642401,2608.0,9.99883638952203,0.06430744281907841,0.07156854882293752,0.8772409680312372,-0.1564619357228033,0.4110101445568784,0.006850253837925285,1755.6463277610303,42.21549079754601
search:0082,completed,,6523.0,25.00530469482604,0.07820465150054279,0.07770757818604859,0.9750373494863082,-0.18997602984087436,0.4116553628689246,0.011565726770288446,2918.099553121577,41.87337114824467,3915.0,15.00646830530401,0.11172756533467165,0.08008446800072411,1.3177684388417683,-0.15012216064105377,0.7442443198097538,0.01410368033007944,2472.3543524096385,36.56219667943806,2608.0,9.99883638952203,0.02978015518946897,0.07392221504212852,0.42052395513648677,-0.18997602984087247,0.156757435211239,0.007755877005494827,3589.6661489449166,49.846242331288344
search:0083,completed,,6523.0,25.00530469482604,0.09859605278345351,0.07294516493291225,1.28196771310721,-0.16342775645435192,0.6033005342699728,0.009866151836428307,2952.183519167579,42.52859113904645,3915.0,15.00646830530401,0.11713038062503611,0.07367251734160403,1.4893622120746113,-0.16342775645435192,0.716710448495648,0.011765429054005759,2187.854581051479,36.64061302681992,2608.0,9.99883638952203,0.0713548080643025,0.0718262734660098,0.9631172382597888,-0.15066909824359354,0.4735862157277928,0.007015051258661545,4102.046625102768,51.36733128834356
search:0084,completed,,6523.0,25.00530469482604,0.09856739830034522,0.0719164435499613,1.2989327182631898,-0.14617972514000177,0.6742891205052106,0.011535351076682304,3483.205309419496,43.096734631304614,3915.0,15.00646830530401,0.11214642887598436,0.07236542926449824,1.4552479502416589,-0.14617972514000177,0.7671818288656485,0.014045750233903186,2683.3789074479737,37.33154533844189,2608.0,9.99883638952203,0.07849820356427895,0.07123617122800102,1.060674733588315,-0.12894923311529505,0.6087527755523197,0.007766864611759089,4686.794963003563,51.751150306748464
search:0085,completed,,6523.0,25.00530469482604,0.056250181676537725,0.07495453141722064,0.742868080822778,-0.16876325879176757,0.3333082217021141,0.010689403394282294,2010.3939315443592,43.75256783688487,3915.0,15.00646830530401,0.07819487809637549,0.07510059042358941,1.006033398282082,-0.15978799242784236,0.48936642177094136,0.013112889149962986,1907.688647316539,39.573180076628354,2608.0,9.99883638952203,0.024150447127562202,0.07470974444537476,0.346004524961856,-0.1687632587917699,0.14310251710273297,0.007051387008741684,2166.2313469443684,50.02645705521472
search:0086,completed,,6523.0,25.00530469482604,0.08253617315447292,0.07782684811320821,1.023464438994767,-0.12511300184967522,0.6596930129902976,0.010279688576900578,2754.240486308872,45.69339261076192,3915.0,15.00646830530401,0.11172177605276801,0.07743594895467501,1.3600918508886792,-0.12383758098767916,0.9021637467537695,0.012567177331171369,2278.5984734392114,39.586973180076626,2608.0,9.99883638952203,0.040165352298334955,0.07836224852999468,0.5247807427215362,-0.12511300184967522,0.3210326001656815,0.006845824131743315,3470.554453959989,54.86004601226994
search:0087,completed,,6523.0,25.00530469482604,0.08831070717570833,0.07560138049010538,1.1193105242512555,-0.21209159471689554,0.41638004228120107,0.012618536069146697,3444.1207615005474,41.115897593132,3915.0,15.00646830530401,0.1126994055495758,0.07796025541441703,1.3623436546943464,-0.21209159471689554,0.5313713902713091,0.015404483956017337,2894.270113636364,35.87688378033206,2608.0,9.99883638952203,0.05270712943853928,0.07188170799877631,0.7264119434639904,-0.15242963402625753,0.3457800694414837,0.008436409544185588,4272.406377089614,48.98044478527607
search:0088,completed,,6523.0,25.00530469482604,0.04921125100169221,0.08721336291411115,0.5757626988686406,-0.15822009339092447,0.3110303498564044,0.013824000859949469,2278.385115279299,41.652767131687874,3915.0,15.00646830530401,0.07096003353313374,0.08513764064418368,0.8204565221761662,-0.15822009339092447,0.44848939229108065,0.01720020384517145,2261.729843921139,38.15683269476373,2608.0,9.99883638952203,0.01739624876946122,0.0902244421409163,0.22981926539452613,-0.15079217689384006,0.11536572471997959,0.008755812713038397,2305.261720334338,46.90069018404908
search:0089,completed,,6523.0,25.00530469482604,0.06816075716819392,0.07042906446688017,0.9397521062128767,-0.18731681988224025,0.36387953420864333,0.011506389245658314,2602.062778751369,42.1779855894527,3915.0,15.00646830530401,0.09052947338040118,0.07051943708506668,1.2225102133821935,-0.18731681988224025,0.48329601921126997,0.014018784152621378,2425.882278203724,37.44725415070243,2608.0,9.99883638952203,0.035447397809508896,0.07026418042278221,0.5141385141015266,-0.16656149607857695,0.21281868045173088,0.007734906860397422,2868.690065771444,49.2795245398773
search:0090,completed,,6523.0,25.00530469482604,0.07576436825803046,0.0750454748439339,0.9777407025490769,-0.20240551346042157,0.37431968607340055,0.012230538359827483,2781.5636656626507,42.48106699371455,3915.0,15.00646830530401,0.0944998598127702,0.07743539538824493,1.1652853711701139,-0.20240551346042157,0.46688382246686544,0.015059551600615598,2490.289772727273,37.5933588761175,2608.0,9.99883638952203,0.0482458777124497,0.0712925805829769,0.6742166474693841,-0.1571174583713879,0.30706885289862595,0.007983764265622938,3221.1205515209645,49.818251533742334
search:0091,completed,,6523.0,25.00530469482604,0.049934795856208414,0.07230062117360377,0.6872965483522143,-0.26994292931559827,0.18498278870578663,0.010899921705352238,1573.0230386089813,32.83642495784149,3915.0,15.00646830530401,0.0479929597268125,0.07485504738065085,0.6424037880640076,-0.26994292931559827,0.17778928252905823,0.013282739502442785,1567.2490334063527,30.306002554278415,2608.0,9.99883638952203,0.052855899544133056,0.06830076475219606,0.7628174538627239,-0.15538706136971847,0.3401563751718746,0.007322954038324062,1582.9844169635517,36.63496932515337
search:0092,completed,,6523.0,25.00530469482604,0.07323133922368497,0.07508471509348698,0.9469115515858453,-0.20707365301243752,0.35364875327372747,0.01065034713389798,2337.151953450164,41.281772190709795,3915.0,15.00646830530401,0.09180583098797146,0.07694162053437623,1.1412817303318301,-0.14594744403069948,0.6290334962540383,0.013161908841280295,2069.1074301752465,36.55989782886335,2608.0,9.99883638952203,0.04594567656835569,0.07219339739901684,0.6373039290800331,-0.20707365301243807,0.22188084239570505,0.006880115506443313,2741.470768018635,48.37001533742331
search:0093,completed,,6523.0,25.00530469482604,0.06656904596962399,0.07859750201679767,0.8315185649595059,-0.17491492469254233,0.3805795651036416,0.012586331324234094,2682.5121399233294,39.22673616434156,3915.0,15.00646830530401,0.08747316546273276,0.07850551982640791,1.0711853300439076,-0.17491492469254233,0.5000897757380578,0.01533983305223179,2509.1586349945237,34.96756066411239,2608.0,9.99883638952203,0.03594736542567745,0.07871720690201335,0.4729043331667123,-0.1374256742411223,0.2615767804974015,0.008452911360617913,2944.9615881063305,45.62039877300614
search:0094,completed,,6523.0,25.00530469482604,0.09790236686505716,0.08065767467089395,1.1591692997401912,-0.14896338191641267,0.657224383640758,0.011790384477505349,4004.986024370208,43.96903265368695,3915.0,15.00646830530401,0.12793896383293957,0.08160688097226927,1.4661093906950848,-0.12683515595789385,1.008702696556877,0.01457013932675518,3262.5796371851043,38.10574712643678,2608.0,9.99883638952203,0.05431716028723366,0.07916264287648779,0.6852064034964254,-0.14896338191641278,0.3646343120600768,0.007617554632868433,5122.803822965196,52.770705521472394
search:0095,completed,,6523.0,25.00530469482604,0.08597557923230759,0.07459358691490046,1.105588593430651,-0.13635553568419423,0.6305250373657805,0.012037716642989757,3488.5659331872944,43.69952475854668,3915.0,15.00646830530401,0.11181665987676315,0.07429936323856569,1.4153949135453556,-0.08549186820437693,1.3079215862899867,0.014492040407946372,2946.009467415115,38.330012771392084,2608.0,9.99883638952203,0.04831546389472585,0.07499621585503506,0.6454196558584823,-0.13635553568419378,0.35433445112655254,0.008353407770365091,4305.937820635791,51.75996932515337
search:0096,completed,,6523.0,25.00530469482604,0.05768237024996625,0.07126665984863177,0.7958988126502482,-0.27666352464468724,0.20849286267153008,0.008454498247415397,1351.95731516977,39.45761152843784,3915.0,15.00646830530401,0.0599013824740402,0.07335966369891804,0.8027837671255575,-0.27666352464468724,0.2165134798704318,0.010526445395124462,1293.8172165936473,35.19565772669221,2608.0,9.99883638952203,0.0543607443963261,0.06801730062899679,0.7860089481152791,-0.13707908606737595,0.3965648295145998,0.005344194151065327,1440.3506645656344,45.85544478527607
search:0097,completed,,6523.0,25.00530469482604,0.07100994155512064,0.0797469991593777,0.8710120568924182,-0.16425398899716692,0.4323179119646551,0.010667323997720884,2323.8304033406353,44.33604169860494,3915.0,15.00646830530401,0.09240996683375968,0.07891391813288855,1.1215090350453327,-0.15557644522423775,0.5939843059183283,0.012927830621903707,1946.6265115005476,38.61200510855683,2608.0,9.99883638952203,0.03967647309669253,0.08096333933989462,0.504865316367796,-0.1642539889971657,0.24155561358925154,0.007273963785421897,2892.0119354617705,52.92868098159509
search:0098,completed,,6523.0,25.00530469482604,0.06575846128017804,0.07533929206604036,0.8543882707844955,-0.15759763400619786,0.4172553839075525,0.011736290232448168,2362.794937294633,40.599877357044306,3915.0,15.00646830530401,0.0834597215314008,0.07699244100728302,1.0443195323175267,-0.1372269208848771,0.6081876718739258,0.014214914221004162,2192.1217442497264,36.57190293742018,2608.0,9.99883638952203,0.039733268502403885,0.07277550951370848,0.5537166004259395,-0.15759763400619697,0.252118432823944,0.00801550307171323,2620.9577589750616,46.64647239263804
search:0099,completed,,6523.0,25.00530469482604,0.031334386074269416,0.07154134765852965,0.45242262300661384,-0.186303837423067,0.16818969758048463,0.013362035972679898,1625.2691180175245,37.367928867085695,3915.0,15.00646830530401,0.03488028961058043,0.07396635348489115,0.4847583632685989,-0.186303837423067,0.187222604177351,0.01646796675479331,1737.7355380613362,35.61532567049809,2608.0,9.99883638952203,0.026035405433406433,0.06775091864636132,0.4004312410698023,-0.15878528980963114,0.16396610457190633,0.008699567026370838,1457.7669964373802,39.998849693251536
search:0100,completed,,6523.0,25.00530469482604,0.08254225420417516,0.07225954591745828,1.0965962359578265,-0.16371800837803985,0.5041733345153916,0.010225215309546462,2689.192917305586,41.99616740763452,3915.0,15.00646830530401,0.1064473269948567,0.07394336860170338,1.3586072329636372,-0.16371800837803985,0.6501870383681928,0.012390879572973017,2271.8643565169773,36.75632183908046,2608.0,9.99883638952203,0.047630741982465974,0.06962135338236378,0.6806024260758555,-0.14265430900416354,0.33388926219589915,0.006974227736189497,3317.911315428885,49.86196319018405
search:0101,completed,,6523.0,25.00530469482604,0.0754917933833521,0.07299627489062373,0.9997565792539537,-0.2054031828932813,0.3675298129268737,0.010717215364306285,2529.2543066812705,42.99064847462824,3915.0,15.00646830530401,0.09491505764023977,0.07397264167150609,1.22123165591009,-0.2054031828932813,0.46209146471480717,0.012957041566557631,2179.653626779847,37.7037037037037,2608.0,9.99883638952203,0.04698563717975923,0.07148826867685136,0.6563272564937984,-0.1863146049156863,0.25218440175971085,0.007354899573733425,3056.16586804604,50.9271472392638
search:0102,completed,,6523.0,25.00530469482604,0.06202634678616592,0.07400138953764214,0.82266404573831,-0.2359483681667759,0.2628810161650438,0.01107042275985147,1929.904565717415,41.50820174766212,3915.0,15.00646830530401,0.07105202717890147,0.07431043138904876,0.9295049788417238,-0.2022828343321207,0.3512508978505006,0.013327394984102797,1685.8628354326397,36.97215836526181,2608.0,9.99883638952203,0.04862294607217699,0.07354245171873663,0.6605491931133246,-0.235948368166776,0.2060745172766302,0.007682368213093822,2297.85477459578,48.31748466257669
search:0103,completed,,6523.0,25.00530469482604,0.0832649818327329,0.07479415218140394,1.0705560683568316,-0.20709979907666975,0.40205245105963444,0.011678577938758759,3017.911167305586,40.08784301701671,3915.0,15.00646830530401,0.10207778866736339,0.07573307747783697,1.277786718862798,-0.20709979907666975,0.4928917803033382,0.014254765381506279,2659.642812157722,34.86513409961686,2608.0,9.99883638952203,0.05563126232754434,0.07334823796291765,0.7498890904371008,-0.15466650115227176,0.3596852706506526,0.007811333368836774,3558.236676486709,47.92791411042945
search:0104,completed,,6523.0,25.00530469482604,0.06274397120323272,0.07547663162244869,0.8167135259419162,-0.17498322374819597,0.35857135249446787,0.01012396418895867,2002.5930238225628,43.19791506975318,3915.0,15.00646830530401,0.08205923732597142,0.0749402670767057,1.0541545242419954,-0.13417781643201032,0.6115708207813318,0.012235336124021277,1766.738912924425,38.463856960408684,2608.0,9.99883638952203,0.034400314090786255,0.07625970821773502,0.4666824560850572,-0.17498322374819753,0.1965920695362695,0.006954477560979334,2358.31146684023,50.30444785276074
search:0105,completed,,6523.0,25.00530469482604,0.12700820703196225,0.0788435394933426,1.504716717281171,-0.11052004081927236,1.1491871165669594,0.011261255091005649,5460.915437842278,47.19009658132761,3915.0,15.00646830530401,0.15871750517034044,0.07996448730173117,1.8199238893774439,-0.081044383449967,1.9584022780347903,0.013790098473812011,3725.76686746988,40.29833971902937,2608.0,9.99883638952203,0.08103920767279926,0.07707559220901633,1.0154722436159889,-0.11052004081927114,0.7332535083417073,0.0074650810711870495,8070.267757604824,57.53565950920245
search:0106,completed,,6523.0,25.00530469482604,0.06669219411542926,0.07599740800048194,0.8587769853811275,-0.1930883929150382,0.3453972199394441,0.011199020727181621,2188.254627601314,44.23700751188104,3915.0,15.00646830530401,0.07947783443085354,0.07574152966883352,1.0133189969447567,-0.12184060319875767,0.6523099225075399,0.013742086432654661,1933.3583009309968,39.26130268199234,2608.0,9.99883638952203,0.047786860615970816,0.07638159084008748,0.6287294315133697,-0.1930883929150381,0.2474869664330252,0.007381496863329257,2572.7125178130996,51.706288343558285
search:0107,completed,,6523.0,25.00530469482604,0.07467342403942467,0.07805362171604892,0.9304518604210366,-0.1823467875688386,0.40951324141772644,0.010239395748091443,2196.2155539430446,39.9782308753641,3915.0,15.00646830530401,0.09502096612832722,0.07743514518692309,1.1712163156397724,-0.12199515995696864,0.7788912786527267,0.01251945624495828,1868.1507133077766,34.522605363984674,2608.0,9.99883638952203,0.04484274017617085,0.07895705973105199,0.5762892120726087,-0.18234678756883593,0.24592009968501752,0.006816682233814729,2690.5229926007123,48.16794478527607
search:0108,completed,,6523.0,25.00530469482604,0.046727254313730926,0.07538892139463181,0.6229643627003949,-0.20963395626576042,0.2228992628202519,0.009292343901431967,1388.001509309967,39.68327456691706,3915.0,15.00646830530401,0.052632808022755384,0.07549206800267143,0.6941387288090638,-0.20963395626576042,0.25107005067457155,0.01135709934927494,1341.5561048740417,36.70753512132823,2608.0,9.99883638952203,0.03792619072591408,0.0752453567195956,0.5156772897870334,-0.18300554045592088,0.20724066949792191,0.006192835627541924,1458.8680289120307,44.15030674846626
search:0109,completed,,6523.0,25.00530469482604,0.07151927787445089,0.07353021497594564,0.9444077383165771,-0.1680741111570524,0.4255222733715462,0.012155654636309786,2836.0500057502736,42.15468342787061,3915.0,15.00646830530401,0.09288720785727311,0.07351757305455874,1.2039782810630189,-0.1680741111570524,0.5526562491856769,0.014768832267344795,2560.6312910733845,37.02630906768838,2608.0,9.99883638952203,0.040231291982463224,0.07352643315204024,0.5550926230431462,-0.12453327434408423,0.3230565661616232,0.008232882233893353,3251.8493669498494,49.85314417177914
search:0110,completed,,6523.0,25.00530469482604,0.08164280351555364,0.07476550312953116,1.0515719684519802,-0.20332373319867925,0.4015409427672459,0.010966299728511151,2626.1455810514785,39.65016096887935,3915.0,15.00646830530401,0.0996068661696965,0.0758138883069808,1.247902524621979,-0.20332373319867925,0.48989296331857596,0.0133607911753678,2145.9163677437023,33.76168582375479,2608.0,9.99883638952203,0.05523119612214922,0.07315193377350745,0.7466974761122162,-0.14778055063536544,0.37373792345940693,0.007371808158555716,3349.2406940257606,48.4896472392638
search:0111,completed,,6523.0,25.00530469482604,0.07400600546545277,0.07852888256180474,0.917646303526153,-0.13337823755033007,0.5548581749517174,0.011984021384148691,2724.9170742059146,44.14870458378047,3915.0,15.00646830530401,0.09850778805999316,0.07743958847583793,1.210801328647483,-0.11617850505191463,0.8479002894380052,0.014659893561512,2259.5962623220153,38.73282247765006,2608.0,9.99883638952203,0.03825496502818204,0.080107441860968,0.4928811475896213,-0.13337823755032874,0.2868156434721742,0.007967135044280073,3425.7124040833105,52.278757668711656
search:0112,completed,,6523.0,25.00530469482604,0.06107294945793207,0.07565914923377491,0.7948220889745696,-0.22106681276430618,0.27626466720287834,0.012910484320400555,2536.4951492332966,42.260769584546985,3915.0,15.00646830530401,0.08045863999709701,0.07713822555130019,1.0077550660392234,-0.2095343176428539,0.3839878875318018,0.01617770880159287,2586.567642387733,37.64086845466156,2608.0,9.99883638952203,0.03262926326401172,0.07336609105747109,0.4595311586383681,-0.2210668127643053,0.14759910298611872,0.008005889288242609,2463.4100212386957,49.19593558282209
search:0113,completed,,6523.0,25.00530469482604,0.07641779163652229,0.07452033890876603,0.9919842288845274,-0.16165527408211444,0.47272068338274625,0.011106766825989095,2688.0327823110624,41.30216158209413,3915.0,15.00646830530401,0.09788072974883799,0.07590358936308866,1.226512359663212,-0.16165527408211444,0.6054904815485233,0.013786427538767505,2460.753002464403,36.38492975734355,2608.0,9.99883638952203,0.04499059446830045,0.07237085911926767,0.6237373923905752,-0.14851909459728507,0.30292801467915004,0.007084193325019969,3031.442684297068,48.68366564417178
search:0114,completed,,6523.0,25.00530469482604,0.0370635754459816,0.0747945914859031,0.5074774112529316,-0.19636441080221323,0.18874894536420678,0.014885551539439853,2071.721067634173,38.00045991108386,3915.0,15.00646830530401,0.04114733534324144,0.07767166615215255,0.5403376438079036,-0.19636441080221323,0.209545788746245,0.01870020124813737,2299.667591730559,35.97956577266922,2608.0,9.99883638952203,0.030964621296584838,0.07026779266239425,0.454453027261671,-0.15619737747866536,0.19824034050004602,0.009159188959090622,1731.2234255960536,41.03412576687116
search:0115,completed,,6523.0,25.00530469482604,0.08517281209332617,0.08081412598304984,1.0176541416977902,-0.12105961641668883,0.7035608951556579,0.01109255576562134,3085.8790761226724,46.04691093055342,3915.0,15.00646830530401,0.11633395593026452,0.08040810993314094,1.3624860562424914,-0.12105961641668883,0.9609641875110646,0.013687697983843236,2621.1716689485215,39.85466155810983,2608.0,9.99883638952203,0.04003021915594962,0.08136697265092628,0.5068181992190024,-0.12028136289498803,0.3328048352004301,0.007196857228681649,3786.050304878049,55.34240797546012
search:0116,completed,,6523.0,25.00530469482604,0.08737242556995017,0.07727411699139765,1.0859612642788783,-0.14818837226525305,0.5896037876275203,0.010386830538913804,2985.9074433187293,45.87091828913077,3915.0,15.00646830530401,0.1185097607867609,0.07702292906224821,1.4433284993409021,-0.1247608517735388,0.9498954127202928,0.012523206322085012,2413.7475328587075,39.530523627075354,2608.0,9.99883638952203,0.042259948315071405,0.0775931567690336,0.5542539364196859,-0.14818837226525294,0.28517722186344896,0.00717980937667635,3847.307748013154,55.388803680981596
search:0117,completed,,6523.0,25.00530469482604,0.07323783064071243,0.07438871328036013,0.9551754866784401,-0.1512415927392211,0.4842439788834612,0.010612773873630015,2232.179738773275,41.55756553732945,3915.0,15.00646830530401,0.09083324019514571,0.07705386022738644,1.1285773278965323,-0.1424439192308219,0.6376772043737147,0.013197068105989805,1928.3577190580504,36.54738186462325,2608.0,9.99883638952203,0.04736145080369836,0.07018593114108446,0.6721508192987635,-0.151241592739221,0.31315096559027616,0.006733359793994822,2690.122617155385,49.07860429447853
search:0118,completed,,6523.0,25.00530469482604,0.10262687589840613,0.07794911194593013,1.2499296034570697,-0.15422610169903417,0.665431303571935,0.010244155447664832,3646.624325027382,44.394297102560174,3915.0,15.00646830530401,0.1338162159250822,0.08028393768572274,1.5514993434781141,-0.14047984298362726,0.9525652441160424,0.012482114474715852,2822.7951300657173,37.83269476372924,2608.0,9.99883638952203,0.05741992002152441,0.0742479534973122,0.7637292550309777,-0.15422610169903406,0.3723100006351521,0.006884642567716695,4886.382122499315,54.244248466257666
search:0119,completed,,6523.0,25.00530469482604,0.07205304961663828,0.0740512311223885,0.9447923676236271,-0.24471247920505446,0.29443962094087617,0.009960574074696445,1964.4285829682365,41.65828606469416,3915.0,15.00646830530401,0.07887188575874537,0.07621489651711498,1.0003941660890325,-0.24471247920505446,0.3223043059142703,0.012353979810536632,1707.6653723986858,36.499616858237545,2608.0,9.99883638952203,0.06189998691029919,0.07068928583560342,0.8563244252556066,-0.12398631608265998,0.49924853698396293,0.006367712320166408,2351.505084269663,49.402223926380366
search:0120,completed,,6523.0,25.00530469482604,0.06645710819852435,0.07501145296839073,0.8662323241676436,-0.18260464397306775,0.3639398580045208,0.011159401895165877,2161.531518072289,44.2874444274107,3915.0,15.00646830530401,0.07671241859954692,0.07501112032542316,0.989414674854444,-0.126558022389329,0.6061442581929526,0.013710730216948568,1912.6892291894853,39.624010217113664,2608.0,9.99883638952203,0.0512487336180405,0.07501785674246896,0.6812655270680151,-0.18260464397306742,0.28065405404256444,0.007329474602305744,2536.878915456289,51.28796012269939
search:0121,completed,,6523.0,25.00530469482604,0.06763613222442943,0.0763280905369225,0.8665858222579905,-0.1847438024995801,0.3661077194975629,0.013007852166476607,2763.361547645126,41.441667944197455,3915.0,15.00646830530401,0.09171742182681886,0.0769739966029369,1.1398523305444785,-0.1847438024995801,0.4964573673697515,0.015995982977489775,2551.0301738773273,35.96500638569604,2608.0,9.99883638952203,0.03248758748256497,0.07531667021868185,0.4478262066958289,-0.16583299704106558,0.19590544742142002,0.008522218682919648,3084.392336941628,49.66296012269939
search:0122,completed,,6523.0,25.00530469482604,0.05622377942111867,0.07934154389880078,0.7057450830366894,-0.1679318212211942,0.33480122476050905,0.012841631723387304,2250.061819550931,42.7705043691553,3915.0,15.00646830530401,0.07253311818063302,0.08166541834906627,0.8691738440309288,-0.15110769104757205,0.48000944014026387,0.01619898040932454,2204.923233844469,39.05925925925926,2608.0,9.99883638952203,0.032210608527449835,0.07571265022798544,0.44243403990326063,-0.16793182122119343,0.19180765320840082,0.007801746713631054,2319.6752363661276,48.34164110429448
search:0123,completed,,6523.0,25.00530469482604,0.10666561664450414,0.07563037688824996,1.3326111048064662,-0.11485070430161148,0.9287328039746945,0.009545162105027843,3339.068537513691,46.88210945883796,3915.0,15.00646830530401,0.12999708035074065,0.07544799994614515,1.602726850269532,-0.09981394085827444,1.3023940266552863,0.011506077938738861,2409.6803929353778,40.06334610472541,2608.0,9.99883638952203,0.07255017235539585,0.07587800121792596,0.9298839297663166,-0.1148507043016116,0.6316911402203549,0.006601532699744629,4737.042081392162,57.1180981595092
search:0124,completed,,6523.0,25.00530469482604,0.0987165606363205,0.07434517338055352,1.2606559109749744,-0.1189452265097738,0.829932932434316,0.009690719907313574,3073.517637732749,37.43783535183198,3915.0,15.00646830530401,0.12148338526135083,0.07421357034078443,1.529690236799573,-0.10831192201997619,1.1216067723269225,0.01181855162440857,2437.6836514238776,33.03703703703704,2608.0,9.99883638952203,0.06541202340143903,0.0745173401464424,0.8588708131454668,-0.11894522650977424,0.5499339933247666,0.0064965246724872985,4030.5796081118115,44.04409509202454
search:0125,completed,,6523.0,25.00530469482604,0.05682613775488443,0.07579691776596738,0.7424049432575213,-0.23159952599588185,0.2453637912708633,0.009459500054380378,1560.581590909091,39.80300475241453,3915.0,15.00646830530401,0.05993676169091877,0.07725684708114973,0.7665051682955644,-0.23159952599588185,0.2587948374815954,0.011666877231631772,1450.3020920043812,35.57190293742018,2608.0,9.99883638952203,0.052174769732748594,0.07356477179276161,0.7048206284572966,-0.14261745417977634,0.3658371973670188,0.00614589512763988,1727.4198588654426,46.1545245398773
search:0126,completed,,6523.0,25.00530469482604,0.07050220561693221,0.07455221971596894,0.9201757063898434,-0.19298668050246426,0.3653216140791228,0.009459066894934911,2006.953531215772,43.393530584087074,3915.0,15.00646830530401,0.09093799241930389,0.07480923849907357,1.1614139562404202,-0.19298668050246426,0.4712138277239434,0.011491516020077934,1750.4036788061337,38.567305236270755,2608.0,9.99883638952203,0.040547883031950116,0.0741454543867316,0.5550587288774201,-0.16996704680177588,0.23856320266150824,0.0064080552672758076,2393.744693751713,50.63842024539877
search:0127,completed,,6523.0,25.00530469482604,0.07381730832260436,0.0744640528757585,0.9612828932916361,-0.21604232050507732,0.34167985304929893,0.012646983642257614,2816.927780668127,44.36348305994174,3915.0,15.00646830530401,0.09153219052935868,0.07665845230006926,1.1420841202755065,-0.21604232050507732,0.4236771310147427,0.015777011070729124,2596.1020851588173,39.11264367816092,2608.0,9.99883638952203,0.04776850564389257,0.07103056454288754,0.6702548335519192,-0.16946406070628905,0.2818798596280763,0.007948342007876495,3150.754567004659,52.245782208588956
search:0128,completed,,6523.0,25.00530469482604,0.09318420809362005,0.08121003764474406,1.1005790417533308,-0.1335890966118809,0.6975435155785955,0.012290201721869325,3411.4369583789703,42.1730798712249,3915.0,15.00646830530401,0.10879770775621456,0.0827394807097811,1.247271749782371,-0.12254344845334908,0.8878296565779494,0.014944407627278422,2609.1702724534503,36.62809706257982,2608.0,9.99883638952203,0.07016276163917001,0.07885612968264406,0.8703361502857735,-0.13358909661188034,0.5252132353512023,0.008305839712790865,4618.631043436558,50.49693251533742
search:0129,completed,,6523.0,25.00530469482604,0.08747553674649655,0.07780338803945659,1.0802691791168941,-0.1615523665988472,0.5414686184307544,0.011954495954790185,3005.869766155531,43.79334661965353,3915.0,15.00646830530401,0.10215760378917982,0.07733690609681615,1.2537670409848711,-0.1425797423034454,0.7164945183570529,0.01453070709295593,2337.5386651150056,37.636270753512136,2608.0,9.99883638952203,0.06580659692102464,0.0784974895938511,0.8237582486147602,-0.16155236659884775,0.4073391080950837,0.008087215814483866,4011.6618683200877,53.03604294478528
search:0130,completed,,6523.0,25.00530469482604,0.10791047057972403,0.07388963850794307,1.3769557812377307,-0.10325383515474529,1.045098910059853,0.009156037622033764,3131.2443548740416,45.55771884102407,3915.0,15.00646830530401,0.1256503180732178,0.07323532836264493,1.5980625878796049,-0.0970222101146122,1.2950675718970661,0.011054011885854548,2251.7286801752466,38.692975734355045,2608.0,9.99883638952203,0.08180940360496369,0.07485195257743345,1.052575940685488,-0.10325383515474662,0.7923134620845401,0.006306892973698501,4454.176829268293,55.862730061349694
search:0131,completed,,6523.0,25.00530469482604,0.10523135250229099,0.07770072590511706,1.283027660478589,-0.13500531693780327,0.7794608011680821,0.010972273775629919,3962.581090087623,46.368235474474936,3915.0,15.00646830530401,0.1340303812199486,0.07825027465365474,1.592103408746865,-0.09866288856439509,1.3584680437616614,0.013462715624781713,3001.2825657174153,39.56066411238825,2608.0,9.99883638952203,0.06337581580496798,0.07682327466496343,0.8113169694689043,-0.1350053169378027,0.46943199899427207,0.007233746229836484,5408.9721725130175,56.58742331288344
search:0132,completed,,6523.0,25.00530469482604,0.008751235448824835,0.07223749069757464,0.15265807845201174,-0.25270920701616195,0.03462966605828949,0.014697054534554495,1405.523548192771,33.17032040472176,3915.0,15.00646830530401,0.016934204314881462,0.07468365462997653,0.2545496461658158,-0.25270920701616195,0.06701063453457175,0.01806293652593168,1610.120688663746,32.65210727969349,2608.0,9.99883638952203,-0.00340653673163549,0.0684085850215213,-0.013976878113453805,-0.22864868400030425,-0.014898562598466376,0.009644359750719497,1099.5310667306112,33.948236196319016
search:0133,completed,,6523.0,25.00530469482604,0.08222209395360425,0.07254142491436545,1.0886696958956343,-0.20603300796619683,0.3990724339038634,0.008904608703358675,2229.0193710295725,40.365322704277176,3915.0,15.00646830530401,0.10285203712007229,0.0748467221658901,1.3010900293206753,-0.20603300796619683,0.499201745076434,0.010713317863388482,1753.7374000547645,34.499361430395915,2608.0,9.99883638952203,0.051982168896674175,0.06891378289553365,0.7449811027563356,-0.1506637216517478,0.34502113930803163,0.006189464392961165,2944.361024938339,49.17101226993865
search:0134,completed,,6523.0,25.00530469482604,0.0733597202447791,0.07675847172940546,0.9294631653123675,-0.21411295124265106,0.34262159210370047,0.012158092650380955,2615.5043428258487,38.50375594051817,3915.0,15.00646830530401,0.08444729377542726,0.07912958845022103,1.0293600490464268,-0.21411295124265106,0.39440535140597066,0.01503735252267329,2328.73764101862,34.004086845466155,2608.0,9.99883638952203,0.056931626895492915,0.07305929452448633,0.7688213658952388,-0.14877799762942612,0.38266160186734943,0.007835890809880766,3048.15835913949,45.25843558282209
search:0135,completed,,6523.0,25.00530469482604,0.06839445505728992,0.07100205381727584,0.9357401922108493,-0.22160000226306742,0.30863923447120273,0.011916179985484419,2601.142671686747,37.81956155143339,3915.0,15.00646830530401,0.09186641517816008,0.0722758087064241,1.2109334474365963,-0.22160000226306742,0.4145596310468578,0.014639964672409201,2428.749278477547,33.38646232439336,2608.0,9.99883638952203,0.03411074088416455,0.06901162754236329,0.5041563024503789,-0.1352049368168755,0.25228916700256937,0.007827369767190498,2862.083870923541,44.47430981595092
search:0136,completed,,6523.0,25.00530469482604,0.053963828685248405,0.07410677748129632,0.7222533816068719,-0.2552879724010322,0.2113841407321633,0.013509830132016556,2446.3246569003286,34.927640656139815,3915.0,15.00646830530401,0.07871956537325331,0.07681315312453037,0.9914261969074182,-0.2552879724010322,0.3083559504698978,0.016870750631284393,2370.209133351588,32.05849297573435,2608.0,9.99883638952203,0.017871957320828802,0.0698073785609577,0.28008193878336685,-0.16407702475738262,0.1089241918376793,0.008464583293583438,2562.6030378185806,39.234662576687114
search:0137,completed,,6523.0,25.00530469482604,0.0748466819286644,0.07789807257021188,0.9341646253173371,-0.20394021194620426,0.3670030604283553,0.010276758758616182,1961.6682617743702,28.96351372068067,3915.0,15.00646830530401,0.07345660639285878,0.07928245519966372,0.9033761207578577,-0.20394021194620426,0.3601869670128386,0.012574907526381065,1700.5312089266156,24.8727969348659,2608.0,9.99883638952203,0.07693631597658923,0.07578739060596466,0.9829150188513467,-0.17161044922355662,0.44831953021907445,0.006826892030932319,2355.308651000274,35.104294478527606
search:0138,completed,,6523.0,25.00530469482604,0.07247525764557383,0.07437416742270556,0.9461331332541271,-0.2127784252972671,0.3406137513440123,0.011030658950365951,2448.7249361993427,37.56553732944964,3915.0,15.00646830530401,0.0911355237811744,0.07534447919586229,1.1560240218458624,-0.2127784252972671,0.42831186316869946,0.013333102782182946,2076.708314622125,32.440613026819925,2608.0,9.99883638952203,0.04506669465832247,0.07287907810942974,0.6208965919864732,-0.11867316400651506,0.37975472412489436,0.007574344685962753,3009.2218470813923,45.25881901840491
search:0139,completed,,6523.0,25.00530469482604,0.05718085346279578,0.07811766629476716,0.7267866780368606,-0.30156286167410484,0.1896150379571288,0.010570063709607022,1540.2992308324206,40.11789054116204,3915.0,15.00646830530401,0.05568090400907311,0.08144803525738066,0.6834345436472098,-0.30156286167410484,0.1846411182728686,0.013297621611530997,1468.9042565717416,36.3330779054917,2608.0,9.99883638952203,0.05943601022063749,0.07284819653278989,0.8022418799310097,-0.12035659151068034,0.49383261418933744,0.006475589328459647,1648.7460838585914,45.79946319018405
search:0140,completed,,6523.0,25.00530469482604,0.055042159521513145,0.0758651500875578,0.7202794137648976,-0.17365009005311183,0.31697167277412985,0.010915838791110757,1825.1323743154435,43.1690939751648,3915.0,15.00646830530401,0.06709704424732577,0.0750043992057661,0.8739461989382387,-0.15182968959878895,0.44192308121441987,0.013238422687539388,1707.4653491237677,39.10727969348659,2608.0,9.99883638952203,0.037205013581953716,0.07714221929123394,0.49613565228424794,-0.17365009005311216,0.2142527744763869,0.007429291262537866,2003.278540696081,49.26648773006135
search:0141,completed,,6523.0,25.00530469482604,0.02191759066325405,0.07441325937552995,0.31870244751334026,-0.2574869231833904,0.0851211797177119,0.013644117934136895,1657.9929257940853,31.647861413460063,3915.0,15.00646830530401,0.0398821996905232,0.07849484723542978,0.520547378348197,-0.2574869231833904,0.1548901948007582,0.016905227636807962,1825.8124534501644,30.182886334610473,2608.0,9.99883638952203,-0.0044633477861433235,0.06780911726389494,-0.029803252377197418,-0.2555678597455684,-0.017464433088678784,0.008748702103631828,1407.4197841874486,33.84700920245399
search:0142,completed,,6523.0,25.00530469482604,0.057246474968027705,0.07955328840188954,0.7158434623636791,-0.13960822980808407,0.41005086194934925,0.013286062492740098,2469.487352135816,39.88578874750881,3915.0,15.00646830530401,0.07987878017911587,0.07983145841057068,0.9698779984898174,-0.13960822980808407,0.5721638351043002,0.016448431188784758,2377.8766922234395,36.31928480204342,2608.0,9.99883638952203,0.02416645507353965,0.07910966225185605,0.33125578997312793,-0.13390398979896423,0.18047598962377281,0.008538871754620909,2609.046589476569,45.2396472392638
search:0143,completed,,6523.0,25.00530469482604,0.0579530417480385,0.07186743051384095,0.7932704373487637,-0.1411142714617465,0.41068164933090073,0.011044714655268323,1846.974915936473,41.147324850528896,3915.0,15.00646830530401,0.06678826054267106,0.07353441211217601,0.8861269907138811,-0.14045243943451102,0.4755222537363798,0.013768592736482461,1794.475473713034,37.64674329501916,2608.0,9.99883638952203,0.04483008701661584,0.06929660810376957,0.6461377365601433,-0.1411142714617467,0.31768641507509315,0.006955764238108298,1927.3072999451904,46.402223926380366
search:0144,completed,,6523.0,25.00530469482604,0.0854531041518456,0.07586914786518176,1.0821442032142208,-0.16072797290253826,0.5316629246836976,0.010672953506348413,2575.29966456736,43.927640656139815,3915.0,15.00646830530401,0.09688489866876737,0.07609274256268234,1.2121264793255504,-0.11297206542909621,0.857600490004093,0.013028895554097699,2086.7094783680177,38.11749680715198,2608.0,9.99883638952203,0.06851922051893111,0.07553669848757535,0.8855390804309943,-0.16072797290253682,0.42630551036987324,0.00713633037868796,3310.9047451356537,52.64953987730061
search:0145,completed,,6523.0,25.00530469482604,0.0537765943027424,0.07388644080994168,0.7218680101201164,-0.15386733469922775,0.34949974539990714,0.010637484750233354,1785.4477565717414,43.06730032193776,3915.0,15.00646830530401,0.06479615801264282,0.07441078752518585,0.8523016992333584,-0.11854499005104335,0.5465954991834134,0.013145601560724397,1713.9994427710844,39.32771392081737,2608.0,9.99883638952203,0.03745184121719469,0.0730961104115517,0.5225775203891775,-0.15386733469922775,0.24340345720814427,0.006872424430803741,1894.176231844341,48.68098159509202
search:0146,completed,,6523.0,25.00530469482604,0.09663372113727497,0.07245679975560587,1.266281105198698,-0.1303282779623145,0.7414639604554386,0.009087533063257491,2761.921380065717,42.17844550053656,3915.0,15.00646830530401,0.11910907847077978,0.07155903917144076,1.5550999097046518,-0.11357890713694174,1.0486901263028559,0.010999767032498099,2141.3158324205915,36.597445721583654,2608.0,9.99883638952203,0.06374645147053681,0.07375925246393425,0.8464299688627268,-0.13032827796231494,0.48912218029129034,0.006216982453757116,3695.865735818032,50.55636503067485
search:0147,completed,,6523.0,25.00530469482604,0.07893704372235844,0.07388156850577741,1.030510739049863,-0.13264156569898367,0.5951154399179659,0.009409680246906207,2416.2011516977,44.73999693392611,3915.0,15.00646830530401,0.10364315481158637,0.07462446784928287,1.3140295404911524,-0.125328810215528,0.8269699092598997,0.011511155877863787,2077.708430996714,39.00536398467433,2608.0,9.99883638952203,0.04289160719487972,0.07271712792438226,0.5944407413257164,-0.13264156569898278,0.32336475349075783,0.006255049458869807,2926.344129898602,53.34854294478528
search:0148,completed,,6523.0,25.00530469482604,0.0557947100338112,0.0745269777027736,0.7411059585879703,-0.2180620340209054,0.25586622762797034,0.009617178177685632,1479.8121924972618,41.04875057488886,3915.0,15.00646830530401,0.05960976079864677,0.07567199919578534,0.7770075618571329,-0.2180620340209054,0.27336148204933297,0.011884654143084252,1358.9581297918949,37.06794380587484,2608.0,9.99883638952203,0.050094761685258504,0.072787423266778,0.6852872553224267,-0.17840797068354652,0.2807876884274119,0.006213355936682726,1662.4589428610577,47.02453987730061
search:0149,completed,,6523.0,25.00530469482604,0.062607387148091,0.07525177348592649,0.8172881846752033,-0.1940300449136768,0.3226685185582716,0.009680756721217421,1828.8528072289155,42.64234248045378,3915.0,15.00646830530401,0.079360485818883,0.0749719400440044,1.0215590798233987,-0.1940300449136768,0.4090113253037186,0.011878883762630757,1662.8601588170866,38.36296296296296,2608.0,9.99883638952203,0.037950694030786325,0.07566189477148674,0.5135505919564597,-0.1423684292641605,0.26656678188371324,0.006381037638727695,2079.5500630309675,49.06633435582822
search:0150,completed,,6523.0,25.00530469482604,0.06484275041183718,0.07416222871279737,0.8555458409613778,-0.19272386565184818,0.3364541811805203,0.01071471696294889,1950.506963033954,37.51648014717155,3915.0,15.00646830530401,0.07706455666020906,0.07606487453953906,0.9809133534396747,-0.18292318089870208,0.4212946455533448,0.012767888508528457,1657.9929257940855,33.32924648786718,2608.0,9.99883638952203,0.04675976950881067,0.07121208509320652,0.6556548253525112,-0.19272386565184918,0.2426257347560733,0.0076325978674948985,2391.242347218416,43.8021472392638
search:0151,completed,,6523.0,25.00530469482604,0.09231983089948748,0.07644188293914837,1.1543377984022927,-0.1420010751497236,0.6501347317416222,0.01133061567610392,3267.5802190580503,41.74413613368082,3915.0,15.00646830530401,0.11565725208514377,0.07731664210371228,1.4062445742793561,-0.1420010751497236,0.8144815239123835,0.01384949502765823,2633.10639101862,36.87458492975734,2608.0,9.99883638952203,0.05820744965221536,0.07508271656216733,0.7656443652527057,-0.11825611982377637,0.4922151152849873,0.007549399164855791,4222.7598218690055,49.05406441717791
search:0152,completed,,6523.0,25.00530469482604,0.08173500832624403,0.08075666322185682,0.980321797235114,-0.18831032351963017,0.4340442244406407,0.01196172375800105,2912.778934008762,42.02069599877357,3915.0,15.00646830530401,0.10606143763338483,0.08288017613412124,1.2164817793028886,-0.18831032351963017,0.5632268887389416,0.01482346898790434,2400.279299014239,36.520051085568326,2608.0,9.99883638952203,0.046225743198422764,0.07743033645309642,0.6026132579808898,-0.1511276471346552,0.3058721820583595,0.0076658140282957685,3684.555129487531,50.27799079754601
search:0153,completed,,6523.0,25.00530469482604,0.07859446231855127,0.07662646274807575,0.992276770989144,-0.1606697095960522,0.48916788681668477,0.010214889423082251,2414.320932913472,44.21569829832899,3915.0,15.00646830530401,0.09796989850079796,0.0775533360880549,1.2030699803352263,-0.14740498604186514,0.6646308319107543,0.012510254652420925,2095.4438280394306,38.74661558109834,2608.0,9.99883638952203,0.05015514151928713,0.07519889196413503,0.6664147254629026,-0.16066970959605464,0.31216301843940547,0.00676920120496074,2895.0147513017264,52.42561349693251
search:0154,completed,,6523.0,25.00530469482604,0.1189364672134916,0.07561100104590436,1.4738717439043847,-0.09889930552683268,1.202601641941991,0.010448220453097503,4240.653446878423,46.56645715161736,3915.0,15.00646830530401,0.1411387610547361,0.07589747900047691,1.7186177258473474,-0.09889930552683268,1.4270955726422498,0.012679743488571437,2952.343537787514,39.66257982120051,2608.0,9.99883638952203,0.08642280890313825,0.07515765393944553,1.1033116137171708,-0.0922760505203225,0.9365681389246805,0.007098368963879541,6178.193496848452,56.93021472392638
search:0155,completed,,6523.0,25.00530469482604,0.07904057932242448,0.07362377047813574,1.035091825112793,-0.20572826168306535,0.38419893638235486,0.011836781235090006,2811.207115005476,43.27732638356584,3915.0,15.00646830530401,0.10106118574835588,0.07354992373506702,1.301359564438129,-0.16526574309782782,0.6115071632754131,0.014402053263834669,2371.475947426068,37.86666666666667,2608.0,9.99883638952203,0.04681528746884345,0.07371013384494106,0.6365966281683877,-0.20572826168306557,0.22755885402349182,0.00798592234224669,3473.657363661277,51.39953987730061
search:0156,completed,,6523.0,25.00530469482604,0.07240844218200682,0.08291593268959041,0.8560049529028472,-0.12815743044040773,0.5649960515998034,0.013365290723581967,2988.387731927711,42.614441208033114,3915.0,15.00646830530401,0.0945654388950603,0.08322491258649238,1.0904600742359964,-0.11547924556261624,0.8188955377595029,0.016532922020236384,2647.974787787514,38.073052362707536,2608.0,9.99883638952203,0.03999360284668119,0.08243051070690385,0.5008850016924433,-0.12815743044040773,0.3120662041150858,0.008610200030943151,3501.883832556865,49.431748466257666
search:0157,completed,,6523.0,25.00530469482604,0.08257108449156547,0.07767984509360476,1.0256331543700454,-0.2130500607521023,0.3875665850555299,0.012284671953410037,3132.8445410733843,43.12003679288671,3915.0,15.00646830530401,0.10831392661221506,0.07934916478839826,1.2917990080743063,-0.1773291872201388,0.610807100118001,0.014875637255879452,2504.091378696605,37.01353767560664,2608.0,9.99883638952203,0.04505341164482224,0.07506765972937295,0.6047416294581475,-0.21305006075210586,0.21146866368296455,0.008395243594833438,4079.325318580433,52.28680981595092
search:0158,completed,,6523.0,25.00530469482604,0.07815980121832133,0.07861443771802393,0.9642037195164377,-0.19797297232171485,0.3948003624015312,0.010936606803996213,2623.2652458926614,41.71393530584087,3915.0,15.00646830530401,0.09942279532472731,0.0808656141428953,1.172841070104951,-0.19797297232171485,0.5022038824732139,0.01349958489201683,2293.0668236582696,37.005108556832695,2608.0,9.99883638952203,0.047017076284248116,0.0750878635646244,0.6287988019590864,-0.1415556632464905,0.3321454981449764,0.0070891914609744686,3121.1267840504247,48.78259202453988
search:0159,completed,,6523.0,25.00530469482604,0.08924219077650775,0.08259630359011189,1.0412459777644645,-0.14394849030907597,0.6199591991891908,0.011622205028938957,3446.4410314895945,46.16296182738004,3915.0,15.00646830530401,0.12196158247147215,0.08287486320984058,1.3829929475721099,-0.12909744345344565,0.9447250015872949,0.014434481912731128,2887.402647864184,39.65083014048531,2608.0,9.99883638952203,0.04191813990621496,0.08211797521217087,0.5242668513244108,-0.14394849030907575,0.2912023586785201,0.0074005547221727185,4288.521488764045,55.938650306748464
search:0160,completed,,6523.0,25.00530469482604,0.0822414554997355,0.08490073489840444,0.9418318307433857,-0.17321193918773492,0.474802463879805,0.012959777072709061,3290.1828491237675,45.30262149317799,3915.0,15.00646830530401,0.10623048533911938,0.0848500929961401,1.1918932696711808,-0.10220645646095139,1.0393715721834598,0.01594818712591255,2765.2551013143484,39.2117496807152,2608.0,9.99883638952203,0.04721091166619251,0.08495367000946023,0.5671656356574595,-0.17321193918773437,0.27256153292656893,0.008473724404652442,4080.926820361743,54.44593558282209
search:0161,completed,,6523.0,25.00530469482604,0.09896717393366772,0.07753045862508698,1.2148415195582016,-0.1340310015289996,0.738390169473252,0.010524608937955697,3502.047501916758,46.52261229495631,3915.0,15.00646830530401,0.12558209776480833,0.07559496383976429,1.5497336361134761,-0.10813816692116562,1.1613115086032446,0.012645423022360743,2579.5668277656077,39.97624521072797,2608.0,9.99883638952203,0.060199263000231706,0.08031422774381912,0.7434989816224019,-0.13403100152899905,0.4491443196983569,0.0073409482245945954,4889.785313784599,56.34969325153374
search:0162,completed,,6523.0,25.00530469482604,0.0493875530580965,0.08251125782383197,0.6057204067730314,-0.21362794770744153,0.2311848875023206,0.013063880630192187,2257.78271796276,43.13858653993561,3915.0,15.00646830530401,0.06740277886685697,0.08284757606567286,0.8020339131571431,-0.16982682922132364,0.39689122841135754,0.016309412411639964,2249.195052026287,39.10140485312899,2608.0,9.99883638952203,0.022918905692007385,0.08199501592748645,0.30804421302449647,-0.21362794770744076,0.10728421041330403,0.008191849600909962,2272.531027678816,49.19900306748466
search:0163,completed,,6523.0,25.00530469482604,0.10483219516885112,0.07965592970682699,1.249061985377346,-0.15977427726599147,0.656126861987471,0.011805433118018618,4111.078369386637,42.010118043844855,3915.0,15.00646830530401,0.13232108754583272,0.08003735059833667,1.5400827514364774,-0.10837546895048777,1.2209505419190823,0.014244446442774974,3010.8170084884996,36.188505747126435,2608.0,9.99883638952203,0.06482353698505228,0.07904196958862658,0.8073486569876734,-0.15977427726599103,0.40571948184834866,0.008144107517397019,5766.2071636064675,50.749233128834355
search:0164,completed,,6523.0,25.00530469482604,0.09859047622227912,0.07479503979283726,1.2520470376487531,-0.16756803393419029,0.5883608818911069,0.010578521740098292,3281.7818715772178,43.94021155909857,3915.0,15.00646830530401,0.11636102269895887,0.07359701561913518,1.4817821330097378,-0.11877864659478343,0.9796459720233018,0.012730744783665543,2584.767432913472,37.77854406130268,2608.0,9.99883638952203,0.07244950337575973,0.07654939568304751,0.9212016824187957,-0.1675680339341904,0.43235873617884113,0.007347711458056191,4330.861192107427,53.189800613496935
search:0165,completed,,6523.0,25.00530469482604,0.06352612695207216,0.07749293716403396,0.8066287439723491,-0.19958079760059844,0.3182977907483905,0.010188619880896047,1793.968748083242,41.57519546221064,3915.0,15.00646830530401,0.07008134751537276,0.08035841037749242,0.8544905806025288,-0.19958079760059844,0.3511427369662071,0.012903657096952344,1722.1337226177438,36.50932311621967,2608.0,9.99883638952203,0.05376319384619088,0.07299183655041101,0.7297355273129266,-0.16496602624782108,0.32590464272579883,0.0061129409311796385,1903.2847732255411,49.17983128834356
search:0166,completed,,6523.0,25.00530469482604,0.07782341768850753,0.0708661324436926,1.057181739477624,-0.18207190489406488,0.42743232534304304,0.008945988491574448,2200.015996166484,37.36409627472022,3915.0,15.00646830530401,0.09562157678487626,0.07067135548529739,1.2837253663810353,-0.18207190489406488,0.5251857876727981,0.01048978749972295,1739.2023754107338,31.429885057471264,2608.0,9.99883638952203,0.051652673394169124,0.07114493373810661,0.7195713446452044,-0.13984787504049578,0.3693490042606085,0.006628514136934347,2893.61343724308,46.272239263803684
search:0167,completed,,6523.0,25.00530469482604,0.09381392979606074,0.07244275571880056,1.2321759521443594,-0.1392463309810854,0.6737264036695085,0.010949246900368408,3341.108774917853,44.16863406408095,3915.0,15.00646830530401,0.11618999642478411,0.07188080358587752,1.5133577395562043,-0.13299615327609682,0.873634263568334,0.01315279416250433,2657.509230558598,38.50421455938697,2608.0,9.99883638952203,0.061070428552165934,0.07325333046965572,0.8185436036553524,-0.13924633098108619,0.43857836771628206,0.007641391251878323,4370.09798574952,52.671779141104295
search:0168,completed,,6523.0,25.00530469482604,0.09884633218234096,0.07879642495297576,1.1952012725392056,-0.15874292528290335,0.6226818108976018,0.012060884252086847,3491.966328860898,43.4959374520926,3915.0,15.00646830530401,0.11801770888173957,0.08006781864174652,1.386106114127763,-0.15874292528290335,0.7434517706626269,0.014760498416301789,2515.9594263417307,36.900383141762454,2608.0,9.99883638952203,0.07068868394091887,0.07683625002583032,0.8973745878092605,-0.1488929481736142,0.4747617990510436,0.008008357621373082,4960.051204439573,53.39685582822086
search:0169,completed,,6523.0,25.00530469482604,0.09505262880809995,0.07177419126258451,1.2582276019165728,-0.12856326532663653,0.7393451664952878,0.011836461339828292,3957.5004989047097,40.617660585620115,3915.0,15.00646830530401,0.12757393230495406,0.07366872546172915,1.6115014043763753,-0.12856326532663653,0.9923046990198258,0.014354863686720232,3222.174935651698,34.83754789272031,2608.0,9.99883638952203,0.04799569509535284,0.06875893715467495,0.6931769526010853,-0.1246064505000094,0.38517825443835446,0.008055960884275399,5064.649289531379,49.29447852760736
search:0170,completed,,6523.0,25.00530469482604,0.09757496456549775,0.07604048116727806,1.221019465361167,-0.16333955455600058,0.597374988751083,0.012071136002250656,4161.604248630887,41.391384332362406,3915.0,15.00646830530401,0.12993041613641498,0.07769658883000538,1.557850448932647,-0.16333955455600058,0.7954620452443358,0.014760804188960759,3499.4071946878425,35.30319284802044,2608.0,9.99883638952203,0.05074556795043761,0.07341850088912381,0.6881826724304874,-0.13397812250201557,0.37876010652167624,0.008033539778719196,5159.137894628665,50.530674846625764
search:0171,completed,,6523.0,25.00530469482604,0.058076984712180924,0.07776627693431168,0.7402346504896401,-0.1797494149273332,0.3230997148761766,0.01115233110032581,1871.937820646221,41.98221677142419,3915.0,15.00646830530401,0.06933108462563653,0.07913543547260085,0.8578779519758829,-0.16677058944287038,0.4157272865512469,0.013906104535183149,1774.6731694961666,37.95504469987229,2608.0,9.99883638952203,0.04140847415046123,0.07566902788501524,0.5559545347255048,-0.17974941492733276,0.23036778265565658,0.007018503263873939,2019.4937462318444,48.02760736196319
search:0172,completed,,6523.0,25.00530469482604,0.06145769307418769,0.07858923853254633,0.7725358377232132,-0.14990501517782662,0.40997756480183645,0.011257910497542076,2055.879224260679,42.13322091062395,3915.0,15.00646830530401,0.0760846940272153,0.08015836176147173,0.9238500628395666,-0.14990501517782662,0.5075526921961812,0.014131309571135021,1995.765562705367,38.648020434227334,2608.0,9.99883638952203,0.03987744561952633,0.0761709153673548,0.5341369464989486,-0.14616230095285465,0.2728298977202678,0.006944506596807267,2147.814076459304,47.36503067484663
search:0173,completed,,6523.0,25.00530469482604,0.07995156933750813,0.07558141825587572,1.021040454083781,-0.12547428784175974,0.6371948445592137,0.009339599171623435,2277.9850687294634,45.24390617813889,3915.0,15.00646830530401,0.1024036997602602,0.07474765030874238,1.2974698140025236,-0.11951758001620816,0.8568086782410831,0.011286571734672646,1850.0819441401973,39.34022988505747,2608.0,9.99883638952203,0.04711014099118982,0.07679238067376806,0.6176679877378237,-0.12547428784175996,0.3754565321829288,0.006416900711371268,2922.2402815839955,54.106211656441715
search:0174,completed,,6523.0,25.00530469482604,0.0681916845394197,0.07361898869692118,0.9025441475212846,-0.2282733971150105,0.29872812776805013,0.010871214400422446,2140.9291207557503,40.47892074198988,3915.0,15.00646830530401,0.07584870674378341,0.07429773369504505,0.9877795789167115,-0.2282733971150105,0.33227133648678614,0.013230120878309746,1976.0966073384448,35.88812260536398,2608.0,9.99883638952203,0.056802010106047796,0.07259741068267418,0.7716294901979512,-0.17296163827995403,0.3284081410821781,0.007330141217550978,2390.1413147437656,47.37039877300614
search:0175,completed,,6523.0,25.00530469482604,0.08630634446859875,0.07897777444409007,1.0522145299256493,-0.15534978153238832,0.5555614151321162,0.010947330520743231,2939.1820062979186,39.34033420205427,3915.0,15.00646830530401,0.10859886239813799,0.07958426463303783,1.2913337847331663,-0.13021277123590802,0.8340108375497833,0.013357312666789065,2394.478624041621,34.154022988505744,2608.0,9.99883638952203,0.05368767472401981,0.07803676706092579,0.6865546523911052,-0.15534978153238854,0.3455922125827166,0.007329585082948204,3759.325243902439,47.125766871165645
search:0176,completed,,6523.0,25.00530469482604,0.10758959637907006,0.07848932386936298,1.2971704904194543,-0.1467228156507705,0.7332847035539088,0.010692885127485445,3952.1798797918946,46.71316878736778,3915.0,15.00646830530401,0.13412158683891762,0.07741547752838883,1.6094316785273182,-0.11773445194135057,1.1391872525616402,0.012961926117404746,2890.536345837897,39.901404853128994,2608.0,9.99883638952203,0.06893008088228214,0.08004094778189565,0.8447738412965676,-0.14672281565077094,0.46979796956970377,0.007286713549443243,5549.203672238969,56.938650306748464
search:0177,completed,,6523.0,25.00530469482604,0.07355334703626171,0.07642390472877622,0.9354587434452453,-0.22736710709607122,0.3235003865584771,0.012201903609894309,2463.5266585432637,39.44059481833512,3915.0,15.00646830530401,0.08490835090974969,0.07903836036709719,1.0356349278738965,-0.22736710709607122,0.37344166442630017,0.014677961536721684,2008.1003313253013,34.20766283524904,2608.0,9.99883638952203,0.05673415323785069,0.07232588257599097,0.7733645493203961,-0.13518191148807257,0.4196874612388987,0.008484968493510416,3149.2531590846806,47.29601226993865
search:0178,completed,,6523.0,25.00530469482604,0.10969853895118375,0.07996679482367042,1.2976553783988636,-0.12763921465867578,0.8594422900871979,0.011667217518530218,4416.313886911281,46.94971638816495,3915.0,15.00646830530401,0.13884027649221675,0.08067399695558897,1.5973604013283833,-0.1111807206795058,1.2487801450077263,0.014481585628009847,3358.7908324205914,40.24904214559387,2608.0,9.99883638952203,0.06735542182483867,0.07884917905285013,0.8382625391033379,-0.12763921465867645,0.527701631547606,0.00744242796768177,6007.53346327761,57.00843558282209
search:0179,completed,,6523.0,25.00530469482604,0.05492826393867101,0.07732125156965138,0.7067932988613914,-0.26260396473922953,0.20916768714141754,0.011637137642298427,1917.5831319824754,39.93576575195462,3915.0,15.00646830530401,0.07024974409473939,0.07995077177005477,0.860325070894968,-0.26260396473922953,0.26751212292053034,0.014322852052656534,1802.6097535596934,35.618135376756065,2608.0,9.99883638952203,0.032344093599363966,0.07319160963071598,0.45679577729521137,-0.22070620836241572,0.14654818203506356,0.007605476631350578,2091.7615141134556,46.41717791411043
search:0180,completed,,6523.0,25.00530469482604,0.07622622166789617,0.08117402816634069,0.9149338711362419,-0.17016714554086354,0.44794911159622985,0.01120669608452696,2724.3570090361445,39.31749195155603,3915.0,15.00646830530401,0.10633239846055553,0.08418568683311371,1.2017341098781904,-0.17016714554086354,0.6248703186657211,0.013957113404984985,2443.884372946331,34.980842911877396,2608.0,9.99883638952203,0.032572689091922014,0.07637595122727836,0.44369999571018803,-0.15064019187262512,0.21622840947696137,0.007077906280235108,3147.651657303371,45.82745398773006
search:0181,completed,,6523.0,25.00530469482604,0.11412497680844513,0.07536075227559282,1.4232599656262097,-0.1323983323496586,0.8619819810648802,0.010280667444088953,4329.103739047097,33.99202820787981,3915.0,15.00646830530401,0.14789237891894924,0.07571521706677713,1.797907875638999,-0.1323983323496586,1.11702599492244,0.012524236292893131,3269.3137541073384,28.75300127713921,2608.0,9.99883638952203,0.0653010749474856,0.07475693323179251,0.8550132182921981,-0.10697635474211775,0.6104253141257566,0.006912733378495258,5923.654807481502,41.85659509202454
search:0182,completed,,6523.0,25.00530469482604,0.08814786046175271,0.0778176657647358,1.0877708205778331,-0.1271668824370331,0.6931667960437676,0.010980708796449941,3042.4340208105145,42.3607235934386,3915.0,15.00646830530401,0.11165869635434911,0.07726623087456864,1.3622040320814797,-0.09627367953271737,1.1598050152056705,0.013276276780718327,2432.6163951259587,36.59233716475096,2608.0,9.99883638952203,0.05379212898460728,0.07861282892002117,0.6833134953157092,-0.12716688243703267,0.42300422841019736,0.007534716212703498,3960.4138113181693,51.01993865030675
search:0183,completed,,6523.0,25.00530469482604,0.0046176853405297535,0.07421980206478464,0.09709375079149378,-0.2405248400397515,0.01919837194265087,0.017320024380328904,1564.3420284775466,31.295262915836272,3915.0,15.00646830530401,0.0035449627532038175,0.07841749401901522,0.08281863442669812,-0.2405248400397515,0.014738447607398645,0.021807858556303218,1935.1585104052574,32.16679438058748,2608.0,9.99883638952203,0.006229802700798759,0.06744433066621729,0.12269187820750485,-0.14645522518084353,0.04253725118449118,0.010583110730428811,1008.9461222252672,29.98696319018405
search:0184,completed,,6523.0,25.00530469482604,0.06468846940952333,0.07830213170220685,0.812571458874861,-0.23068208714584426,0.2804225946188241,0.010618965493781394,1978.3902075575027,41.984976237927334,3915.0,15.00646830530401,0.07589466721022897,0.08128192140118307,0.9100913934767881,-0.23068208714584426,0.32900112942989823,0.013337084417772352,1852.6155722891567,36.94278416347382,2608.0,9.99883638952203,0.04808862838723682,0.0736074103929382,0.6533625390617618,-0.1378994752931536,0.34872234491833715,0.006538660437253553,2168.833787338997,49.55406441717791
search:0185,completed,,6523.0,25.00530469482604,0.1072041594499884,0.08015102625561665,1.2677133114661676,-0.10454587619925648,1.0254269546286592,0.011351418787077263,4126.200128970427,46.331595891460985,3915.0,15.00646830530401,0.13536368286263745,0.08036800966035743,1.5663513826016298,-0.10208808039041162,1.3259499281891793,0.013906690067727445,3044.754290799562,39.38671775223499,2608.0,9.99883638952203,0.06624698038076504,0.0797845577445848,0.816781714150317,-0.10454587619925715,0.6336642131584694,0.007515572520303698,5753.0948677719925,56.7569018404908
search:0186,completed,,6523.0,25.00530469482604,0.13346024230589415,0.0786587550896641,1.5782061255017246,-0.11067057046980489,1.205923505583692,0.010223163161969556,5152.599561883899,45.789667330982674,3915.0,15.00646830530401,0.15741002511378288,0.07890747012912876,1.8294221742692955,-0.07940692456611687,1.9823211385389699,0.012317170698203261,3251.978403614458,38.490421455938694,2608.0,9.99883638952203,0.09844270451922088,0.07826011598658443,1.1984834724645537,-0.11067057046980455,0.8895111329174911,0.00707974310661873,8010.111346944368,56.74693251533742
search:0187,completed,,6523.0,25.00530469482604,0.06507426096713487,0.0783355980701991,0.8167260305656365,-0.19385325744170712,0.33568825113347966,0.01221252390195903,2348.3132521905804,44.08278399509428,3915.0,15.00646830530401,0.07978382663290806,0.07874274705363005,0.9811193289867296,-0.1412303654634517,0.5649197774932823,0.01516935128309876,2141.7825533953996,39.04750957854406,2608.0,9.99883638952203,0.04337302151862277,0.07771856231478007,0.5667563081681078,-0.19385325744170834,0.22374151505638243,0.00777388157175886,2660.2946464784873,51.64148773006135
search:0188,completed,,6523.0,25.00530469482604,0.055374085721623834,0.07687518126179604,0.7157486885653956,-0.29263433857363963,0.18922620630076634,0.011339154066552302,1865.8171084337348,40.21186570596351,3915.0,15.00646830530401,0.06521431889014973,0.07893484239474412,0.81263838147796,-0.29263433857363963,0.22285258527081211,0.013597550744119403,1673.3280435377876,35.562707535121326,2608.0,9.99883638952203,0.04077597991454662,0.07368185307133589,0.5609190941912132,-0.19601727488369314,0.20802237934764195,0.00794896120126273,2156.322054672513,47.1909509202454
search:0189,completed,,6523.0,25.00530469482604,0.10593075229246196,0.07943695477392632,1.2643775213221444,-0.16682589903616407,0.634977859579816,0.010900481992987847,4001.6656380065715,43.02851448719914,3915.0,15.00646830530401,0.1402538957385735,0.08099917831376406,1.606054182024884,-0.12151339337402489,1.1542258169588295,0.013222226267645201,2915.672604052574,36.30344827586207,2608.0,9.99883638952203,0.05634695655730271,0.07696268051617132,0.7266903710227993,-0.1668258990361644,0.3377590463042423,0.0074151948628944616,5635.284392984379,53.123849693251536
search:0190,completed,,6523.0,25.00530469482604,0.055183855774511015,0.07489304581834338,0.730352167706514,-0.26786580511201796,0.20601306595081761,0.01096917668012325,1807.6503400876231,40.359190556492415,3915.0,15.00646830530401,0.06864701306244103,0.07689229012281917,0.8725735535607976,-0.26786580511201796,0.25627389443655846,0.013372363279332184,1691.5968359802848,36.164240102171135,2608.0,9.99883638952203,0.03529569319990844,0.07178605854220091,0.5027469026162305,-0.23489933304978894,0.1502588055131992,0.007361632379546959,1983.3598622910386,46.65644171779141
search:0191,completed,,6523.0,25.00530469482604,0.1005464903931148,0.07303799510452488,1.303922684458156,-0.1764799437817799,0.5697332412879849,0.011300445234932711,3542.932259309967,39.99509428177219,3915.0,15.00646830530401,0.12193442049844783,0.07463323128591624,1.5267100586292681,-0.1764799437817799,0.690925086927847,0.013408658105266773,2577.3665717415115,34.02579821200511,2608.0,9.99883638952203,0.06920974395986645,0.0705528649085785,0.9518149273364698,-0.1310151169125794,0.528257697209453,0.008135700837939668,4995.384337489723,48.95590490797546
search:0192,completed,,6523.0,25.00530469482604,0.08165221786027899,0.07505346364951217,1.047922866247404,-0.16801786075261238,0.4859734405290566,0.013205067295011273,3092.7998814348302,43.96673309826767,3915.0,15.00646830530401,0.09718043825892098,0.07638305050189097,1.21122445743532,-0.16801786075261238,0.578393498307947,0.01618130726778157,2546.4963129791895,38.31800766283525,2608.0,9.99883638952203,0.058758582125451264,0.0730070187589459,0.7921720877801846,-0.14371606060964937,0.4088518838896291,0.008737283746930091,3915.4716675801587,52.44631901840491
search:0193,completed,,6523.0,25.00530469482604,0.06036982633873578,0.07535883097360772,0.7891923823006668,-0.2028902012848821,0.29754924563345136,0.011678882170896087,2222.0585610624316,38.41683274566917,3915.0,15.00646830530401,0.07593218266047974,0.07762054678596587,0.9497239039980018,-0.2028902012848821,0.3742525867666811,0.014386719412099819,2080.6421056955096,34.402554278416346,2608.0,9.99883638952203,0.03743490901718638,0.07182373364101921,0.5302985054884296,-0.13343027854819856,0.28055782708767935,0.007614011465638186,2436.1844909564265,44.44286809815951
search:0194,completed,,6523.0,25.00530469482604,0.09507480436929283,0.07578829654514643,1.1957422361952361,-0.13828867116987542,0.6875097111353528,0.009893358715235206,2996.068625684556,45.534416679441975,3915.0,15.00646830530401,0.12388264858880604,0.07698612718878678,1.5041378113384576,-0.12347303648064312,1.0033174215183989,0.01194245558116971,2302.1345454545453,38.87126436781609,2608.0,9.99883638952203,0.053219166177658206,0.07390453683241593,0.714876171124769,-0.1382886711698753,0.3848411133568794,0.006817356326380295,4040.288712661003,55.53680981595092
search:0195,completed,,6523.0,25.00530469482604,0.050224900427290775,0.0738000399574067,0.6784103260282605,-0.2597786150559813,0.1933373169168197,0.011101312562957493,1675.1949274370209,36.365016096887935,3915.0,15.00646830530401,0.060224854675367645,0.07601219607662257,0.7812423551908972,-0.2597786150559813,0.2318314564206504,0.01339133196091785,1589.2515936473167,33.06232439335888,2608.0,9.99883638952203,0.035393478035131265,0.07035399163314798,0.5128370654260735,-0.22885015794544572,0.1546578702539874,0.007663649241249365,1805.5931645656344,41.3228527607362
search:0196,completed,,6523.0,25.00530469482604,0.06992753968269838,0.0769407763502292,0.8872239395716068,-0.20501369522852986,0.34108716300513375,0.011174826597436589,2241.6608420043813,44.663038479227346,3915.0,15.00646830530401,0.08005070973088224,0.07513128160099015,1.0277656655384027,-0.12350716981626164,0.6481462562049763,0.013623381082512499,1925.3573699342826,39.245977011494254,2608.0,9.99883638952203,0.054912251564104286,0.07958698857052342,0.6888427474022318,-0.2050136952285283,0.2678467480081939,0.007499178281074549,2718.349086050973,52.794861963190186
search:0197,completed,,6523.0,25.00530469482604,0.10798285807892438,0.07630334277407784,1.3365912813748426,-0.15964134498494853,0.6764090974622228,0.010467733731237888,3685.188812431544,44.94634370688333,3915.0,15.00646830530401,0.13433084852877508,0.07661301783992783,1.6278090616035104,-0.11288901985663291,1.1899372383547393,0.012775019279594957,2738.118610350493,38.582375478927204,2608.0,9.99883638952203,0.06958327764047567,0.07580000650359457,0.8954190394518988,-0.15964134498494875,0.43587253444297963,0.007004151322565364,5109.991808714716,54.49961656441718
search:0198,completed,,6523.0,25.00530469482604,0.09340297888828819,0.07246778988796494,1.2267650016512728,-0.1487020756034626,0.6281215545192649,0.010544270536174386,3247.8979288061337,46.13751341407328,3915.0,15.00646830530401,0.12469424007259433,0.07383355413853529,1.5745889205758903,-0.12540960768149645,0.994295751161913,0.012876476562207017,2613.904156626506,39.78927203065134,2608.0,9.99883638952203,0.048066546801925014,0.07030257781865859,0.6804111534245998,-0.14870207560346393,0.3232405910062854,0.00704327874479488,4202.3406741573035,55.66717791411043
search:0199,completed,,6523.0,25.00530469482604,0.06947324549499134,0.0741645674936511,0.9120678324281741,-0.1552889720656362,0.44738041968380726,0.010039203144761533,2094.2036837349397,44.42342480453779,3915.0,15.00646830530401,0.08823179876164433,0.07506273148700131,1.1257750977628618,-0.12394376605182189,0.7118695967714415,0.01238488083354147,1833.2799890470976,39.396934865900384,2608.0,9.99883638952203,0.04192507481120478,0.07278069738119904,0.5816482473118538,-0.1552889720656364,0.26998101831393534,0.006517988362716504,2487.6327356810084,51.96894171779141
search:0200,completed,,6523.0,25.00530469482604,0.07935376015352036,0.08089784837017709,0.9524473028985704,-0.12742378122587428,0.6227547117979185,0.011174292709007489,2421.7217940854325,39.79089376053963,3915.0,15.00646830530401,0.08822545233305523,0.08211647985253592,1.0357521495869173,-0.12638790539623868,0.6980529668282709,0.013790501484076085,2097.5107352135815,35.55632183908046,2608.0,9.99883638952203,0.06617447913991081,0.07904283444787608,0.8228406705039001,-0.1274237812258735,0.5193259727759046,0.007246970103795241,2910.429205946835,46.1476226993865
search:0201,completed,,6523.0,25.00530469482604,0.09570222850995136,0.07835660431517778,1.1661543223589341,-0.14018916934430725,0.6826649231004778,0.011025697137262314,3378.593136637459,46.12908171086923,3915.0,15.00646830530401,0.12228083964062186,0.07986318041591646,1.4355344989363967,-0.14018916934430725,0.8722559682217519,0.013574726423625364,2718.3829805585983,39.61507024265645,2608.0,9.99883638952203,0.056989052173113786,0.07600109256633394,0.7426661370958842,-0.1196915897702141,0.4761324691444262,0.007199221042127596,4372.500238421485,55.90759202453988
search:0202,completed,,6523.0,25.00530469482604,0.03362451019682222,0.07165233870457587,0.4817268111161574,-0.286258271559128,0.11746214358692138,0.014920972334789116,2201.6561870208106,38.637896673309825,3915.0,15.00646830530401,0.04584263646623277,0.07377317093728124,0.6238010527229801,-0.18478394917182372,0.24808776233917051,0.018682792055587788,2593.9018291347206,36.41787994891443,2608.0,9.99883638952203,0.015554631129786278,0.06834475885741222,0.2523855147679248,-0.16929953648931895,0.09187639524794337,0.009273915506979761,1614.6140771444232,41.9704754601227
search:0203,completed,,6523.0,25.00530469482604,0.058384402610578645,0.07340301943199545,0.7835577425927739,-0.23330150316966458,0.2502530065917302,0.012596224941763746,2412.920769989047,37.27671316878737,3915.0,15.00646830530401,0.0815874103163079,0.07467264530717051,1.0520171174125912,-0.16489481592819366,0.4947845683143645,0.015362879382801774,2312.135709200438,33.86538952745849,2608.0,9.99883638952203,0.024491608985227398,0.07142280833041051,0.3630381591112927,-0.16691107240362313,0.14673447742281573,0.008443060778932504,2566.206416826528,42.3976226993865
search:0204,completed,,6523.0,25.00530469482604,0.10531317282339692,0.07353852252234894,1.3523426598844253,-0.10088580338371533,1.043884959936754,0.009853163007655916,3486.125649233297,46.96995247585467,3915.0,15.00646830530401,0.13162945185914476,0.07351294850490185,1.6619460631123704,-0.09533746692541001,1.3806686510994552,0.011995622988407366,2613.1707379518075,40.358620689655176,2608.0,9.99883638952203,0.06696115253278223,0.07353867891658997,0.8884471379229197,-0.10088580338371511,0.6637321633659214,0.006637008550354567,4799.5006508632505,56.89455521472393
search:0205,completed,,6523.0,25.00530469482604,0.056378108187729925,0.07603053641668771,0.7349610006495865,-0.21031274468758843,0.26806795884613394,0.013684043067171255,2417.921351861993,37.72711942357811,3915.0,15.00646830530401,0.07887379333050726,0.07779977993442191,0.9815964041026406,-0.17970172863526157,0.43891505067598124,0.016899887967791936,2341.4057817634175,33.49272030651341,2608.0,9.99883638952203,0.02349328598468059,0.07326658666930679,0.34290055744154896,-0.17740743029322603,0.1324256032898394,0.008856576508149024,2534.77694436832,44.08358895705521
search:0206,completed,,6523.0,25.00530469482604,0.10072745161084806,0.07365472627449875,1.2957759100338546,-0.1548060759958736,0.6506685927077758,0.012956043033569568,3932.697612814896,43.53794266441821,3915.0,15.00646830530401,0.11431147738725933,0.07600175472188098,1.413903445367499,-0.1548060759958736,0.7384172530172933,0.016096198326587895,3242.8440073932093,37.38799489144317,2608.0,9.99883638952203,0.08065038571921179,0.06998287574728534,1.1059492644320346,-0.11676323333212002,0.6907173038777604,0.008242197952217296,4971.561998492738,52.76993865030675
search:0207,completed,,6523.0,25.00530469482604,0.07735401500593797,0.0815067153400656,0.9239577894857507,-0.1607444547676684,0.48122353656144096,0.012516194227421066,2971.505767524644,39.275946650314275,3915.0,15.00646830530401,0.1006326990782298,0.08246035706904911,1.1646176450656622,-0.15636988869112856,0.6435554819445175,0.0156773961836385,2670.644092278204,35.27075351213282,2608.0,9.99883638952203,0.04333756154704815,0.08002956669105366,0.5522445214572518,-0.16074445476766852,0.26960532859242925,0.007770754941151414,3425.6123102219785,45.28834355828221
search:0208,completed,,6523.0,25.00530469482604,0.06026882860736005,0.07359854683119108,0.8050232481138403,-0.2024892154528447,0.29763969637877,0.013621753030329717,2804.9663888280393,40.53181051663345,3915.0,15.00646830530401,0.08715264255152899,0.07507481448467722,1.1128312653548738,-0.2024892154528447,0.43040634216801005,0.016839055763639987,2719.44977135816,36.05031928480204,2608.0,9.99883638952203,0.021163450260056615,0.07127767959347672,0.31952503119716336,-0.17153328220505004,0.12337809892052279,0.008792098045318329,2935.6528590024664,47.25920245398773
search:0209,completed,,6523.0,25.00530469482604,0.04487671851067532,0.07289670248508164,0.6182529155166843,-0.2314289580864275,0.19391142267475464,0.013842840540979237,2240.2206744249725,39.2294956308447,3915.0,15.00646830530401,0.06526204869519958,0.07530756840587241,0.848652047833446,-0.2314289580864275,0.28199603556451813,0.017246955569796232,2307.4018250273825,36.3948914431673,2608.0,9.99883638952203,0.0150117167345305,0.069095917043507,0.24292232170492076,-0.1696718857316668,0.08847498022313063,0.008732752221263544,2141.2078816114004,43.484662576687114
search:0210,completed,,6523.0,25.00530469482604,0.08823824449809581,0.08008033837764451,1.0602640773511793,-0.14525499338604564,0.6074713332820453,0.012272094545481541,3698.550367196057,46.21155909857428,3915.0,15.00646830530401,0.12437030279967787,0.08098653116501824,1.4389080459273706,-0.11188853819716105,1.1115553460938283,0.015132019335825355,3081.7585966593647,40.07024265644955,2608.0,9.99883638952203,0.036177741386830276,0.07862111806958898,0.4760950966494654,-0.14525499338604297,0.24906366757858023,0.007978917569179381,4627.5393970950945,55.4305981595092
search:0211,completed,,6523.0,25.00530469482604,0.05975682117156422,0.07432447763633329,0.7916175056732748,-0.2584994296081753,0.23116809681994888,0.011370598863925331,2016.1546018619933,37.700137973325155,3915.0,15.00646830530401,0.07387380115037656,0.07627104872787469,0.9408941382557651,-0.2584994296081753,0.2857793584394054,0.014071672469596092,1841.8143154435927,33.62784163473819,2608.0,9.99883638952203,0.038917255805302586,0.0712996881347902,0.5530466074943546,-0.1434515380822906,0.2712920079182267,0.007315881392222484,2279.537597972047,43.813266871165645
search:0212,completed,,6523.0,25.00530469482604,0.08847152400767389,0.07842972116836629,1.0835513689148657,-0.23365247299351755,0.37864578480249356,0.010876029436070836,2679.9118373493975,42.37498083703817,3915.0,15.00646830530401,0.09651556092983915,0.07983912401218476,1.1548376895323005,-0.23365247299351755,0.41307314103419257,0.013211747063959486,2175.6531612814897,36.029374201787995,2608.0,9.99883638952203,0.0765094676419007,0.07627521014195715,0.9720908187140624,-0.188770552271726,0.4053040409171927,0.007369766202487993,3439.1249815017813,51.90069018404908
search:0213,completed,,6523.0,25.00530469482604,0.07904581460018312,0.07486833371550765,1.0191859217262749,-0.2045742605723876,0.38639178936302765,0.010044054571567365,2260.0629832968234,41.67269661198835,3915.0,15.00646830530401,0.09684205375874422,0.07613005544685383,1.2110677567206491,-0.2045742605723876,0.4733833742709638,0.01211873794649934,1760.3381681270537,35.49067688378033,2608.0,9.99883638952203,0.05287723487462559,0.07292201004194145,0.7192014203447299,-0.18519005247320242,0.28552956364801013,0.006929642986882291,3012.1245690600163,50.952837423312886
search:0214,completed,,6523.0,25.00530469482604,0.07405811998143652,0.07299553973163316,0.9820873297439601,-0.23658076352424573,0.31303525645206043,0.010700070622476826,2325.5906081599123,43.161888701517704,3915.0,15.00646830530401,0.09267982378765205,0.07495962620228692,1.1797730403776239,-0.20023373091819563,0.4628581975806857,0.012853101387114775,1907.688647316539,38.03192848020434,2608.0,9.99883638952203,0.046704132016336386,0.06992801293755936,0.6656517328827732,-0.2365807635242475,0.1974130581058405,0.007468047829701683,2954.8708803781856,50.862730061349694
search:0215,completed,,6523.0,25.00530469482604,0.07461646473305206,0.07341776434789432,0.9837236515657419,-0.1628933334096273,0.4580694812439886,0.01090180239706444,2290.786558324206,38.76667177678982,3915.0,15.00646830530401,0.08058295679597771,0.07494001035944009,1.0365548680533347,-0.1628933334096273,0.49469769639581274,0.013196984446278167,1948.7600930996714,34.51187739463602,2608.0,9.99883638952203,0.06572359299227415,0.07108257987849023,0.9008051277587117,-0.10874758956307895,0.6043682738747164,0.00745638915984368,2806.1314024390244,45.153757668711656
search:0216,completed,,6523.0,25.00530469482604,0.07856381465316331,0.07681328358525462,0.9897051402618076,-0.1398951379042097,0.5615907445400873,0.009390796755838452,2323.790398685652,44.98267668250805,3915.0,15.00646830530401,0.1012557648894854,0.07614134494757813,1.2618748165614728,-0.1398951379042097,0.7237975987329751,0.011316247272267562,1917.2230900876232,38.99054916985951,2608.0,9.99883638952203,0.04538170224366933,0.07778720422148962,0.5902244808772328,-0.12771275192071596,0.3553419808214788,0.006500406122471904,2936.053234447794,53.977760736196316
search:0217,completed,,6523.0,25.00530469482604,0.1099943334815614,0.07700709873063401,1.3478493407979315,-0.10981496668706991,1.0016333547229734,0.010902382632144129,4044.9106700438115,46.52567836884869,3915.0,15.00646830530401,0.13563660817219758,0.07692504621181963,1.635971717342583,-0.09719749772484965,1.3954742801729612,0.013250075720797906,2927.8073493975903,39.78671775223499,2608.0,9.99883638952203,0.07259231408512345,0.07709787113242149,0.916870325921106,-0.10981496668706958,0.6610420808302354,0.00737814243196026,5725.268774321732,56.64187116564417
search:0218,completed,,6523.0,25.00530469482604,0.07885537706471024,0.08094983925236983,0.9463821330750657,-0.16476950623039766,0.4785799197240207,0.011842286997136435,2897.697179079956,45.18457764832132,3915.0,15.00646830530401,0.10735307655836213,0.08300818350600062,1.2283418503839023,-0.14782564491100347,0.7262141600869908,0.01485246420173787,2503.2912855969334,39.085312899106,2608.0,9.99883638952203,0.03745579251707598,0.07771186145966076,0.4960748704935984,-0.1647695062303991,0.2273223569942676,0.0073235585630817435,3492.1747280076734,54.34049079754601
search:0219,completed,,6523.0,25.00530469482604,0.10063041531057748,0.078478760763319,1.2196962940660945,-0.13905006890184146,0.7236991402112481,0.012818339217912485,4368.268296276013,43.7358577341714,3915.0,15.00646830530401,0.12903477404652564,0.07891495197189544,1.5252774145597825,-0.13905006890184146,0.9279734635558804,0.015445071015632651,3435.3997467141294,37.47075351213282,2608.0,9.99883638952203,0.05933594204745307,0.07777628957272642,0.755005054560895,-0.13008937512784136,0.45611674273277497,0.008875219974018904,5772.312889147712,53.140720858895705
search:0220,completed,,6523.0,25.00530469482604,0.07973148327821611,0.0770775244162419,1.000124503662458,-0.21133166136792447,0.3772812969061228,0.013018040108169676,3279.741634173056,40.38540548827227,3915.0,15.00646830530401,0.10308722380650659,0.07884140055120753,1.2416724803570054,-0.18054439553533308,0.5709799160524599,0.015925735565727392,2963.011445783133,35.93333333333333,2608.0,9.99883638952203,0.045603421432225844,0.07432273139263361,0.6169185325937605,-0.1518592860908181,0.3003005124425063,0.008653152180125785,3757.923929843793,47.06863496932515
search:0221,completed,,6523.0,25.00530469482604,0.036855512495307385,0.07417850910962281,0.5084897176058629,-0.3115742309120533,0.11828806377030081,0.009555935137705755,1194.5389978094195,36.898053043078335,3915.0,15.00646830530401,0.042692496923094625,0.07699293036247933,0.5630541137057115,-0.3115742309120533,0.1370219122362056,0.011816004648322059,1212.2743948521359,35.58850574712644,2608.0,9.99883638952203,0.028156503670520472,0.06975190096338872,0.4195479189562405,-0.16332330464654554,0.17239734238451201,0.0061632310985712336,1168.8961126335982,38.86388036809816
search:0222,completed,,6523.0,25.00530469482604,0.07847476837716294,0.08005267540091668,0.9518093701250023,-0.1595845789099205,0.4917440576852917,0.011441822107446487,2503.211276286966,45.019929480300476,3915.0,15.00646830530401,0.0863250393146433,0.07940388399702183,1.047101170947757,-0.11788203294199784,0.7323002255748193,0.013976859991258875,2042.4376601861993,39.49757343550447,2608.0,9.99883638952203,0.06679924584598651,0.08102770649238517,0.8116158763300716,-0.15958457890992017,0.4185820854513287,0.007636349210542538,3196.9979309399837,53.309815950920246
search:0223,completed,,6523.0,25.00530469482604,0.037181955848894166,0.0718875022873753,0.526592493516556,-0.2698111595528089,0.13780733128503794,0.009746336051606028,1168.4159581051479,34.95002299555419,3915.0,15.00646830530401,0.038297620820669565,0.07560809437613736,0.5179956493903859,-0.2698111595528089,0.14194231581875602,0.012245065424356874,1203.9400917305586,34.57931034482758,2608.0,9.99883638952203,0.03550979121968689,0.06592326257111097,0.5444215646221064,-0.16098231142236497,0.22058194410267104,0.0059953676872196915,1116.04655385037,35.50651840490798
search:0224,completed,,6523.0,25.00530469482604,0.061364486986246636,0.08155942353383888,0.7462604488212022,-0.17742170058716578,0.3458679901227685,0.011410724938035532,2072.761188663746,43.98313659359191,3915.0,15.00646830530401,0.07685676608202763,0.08022490830837611,0.9317651541891971,-0.15576163471248583,0.4934255230685943,0.013902578723942675,1866.0171317086529,39.51264367816092,2608.0,9.99883638952203,0.038530603348568615,0.08352102973950698,0.4791523245479621,-0.17742170058716478,0.2171696202947794,0.007670077862948695,2384.836340093176,50.69401840490798
search:0225,completed,,6523.0,25.00530469482604,0.08228030842499412,0.07437202220977172,1.0643603116153584,-0.23220349732312817,0.35434568976579645,0.010364479533183169,2516.6528403614457,43.88609535489805,3915.0,15.00646830530401,0.10408277121471032,0.07583437497897406,1.2993112618338338,-0.21485669845435684,0.48442879353291923,0.012504830604731421,2005.0999822015335,37.993614303959134,2608.0,9.99883638952203,0.050363996587923676,0.07209679505750569,0.6945606914194531,-0.23220349732312928,0.21689594329338738,0.007151490865579102,3286.6820306933405,52.73159509202454
search:0226,completed,,6523.0,25.00530469482604,0.10240569751154394,0.07788839744059987,1.2483594358004235,-0.13344929353243062,0.767375343854162,0.010262379585607002,3514.9290008214675,33.786754560784914,3915.0,15.00646830530401,0.12868321039399944,0.07839280110304597,1.5310897282254339,-0.11975393133224865,1.0745635568069756,0.012498320725094407,2715.3826314348303,30.175989782886333,2608.0,9.99883638952203,0.06411146270173562,0.07708979542837938,0.817435703572349,-0.13344929353243096,0.4804181498806901,0.006905895858193968,4718.124341600438,39.20705521472393
search:0227,completed,,6523.0,25.00530469482604,0.060144007683156975,0.07681653880104852,0.7729813993158242,-0.15903251966839727,0.3781868501396115,0.010430876801494014,1850.5753348849944,43.54361490111912,3915.0,15.00646830530401,0.06929047842619385,0.07547576424768566,0.8952535436535898,-0.13498559985448944,0.5133175575830827,0.012646369580705526,1672.4612760131436,39.105491698595145,2608.0,9.99883638952203,0.046563400828229184,0.07879468491390519,0.5975028334565312,-0.15903251966839815,0.29279169395869126,0.0071050891363816406,2119.487513702384,50.20590490797546
search:0228,completed,,6523.0,25.00530469482604,0.11063488774156416,0.0804513563852147,1.3004400440484425,-0.09672830399107202,1.143769539800633,0.011558999584709583,4339.544953997809,46.25264448873218,3915.0,15.00646830530401,0.13975462983169318,0.0817198207442495,1.5874280707190302,-0.09476905296519345,1.4746863607787863,0.014185905635329432,3141.7655791347206,39.46666666666667,2608.0,9.99883638952203,0.0683215723748094,0.07846446879040624,0.8531254128421348,-0.09672830399107135,0.7063245147058086,0.007615618761022197,6141.258862016991,56.43941717791411
search:0229,completed,,6523.0,25.00530469482604,0.10071873801295483,0.07722230893697382,1.2392976144253203,-0.20147395337118523,0.4999094737938448,0.011783340442006605,3617.7009594742603,42.05426950789514,3915.0,15.00646830530401,0.12254936039181419,0.07910106801772099,1.4515096048867335,-0.20147395337118523,0.6082640378135409,0.014397210051027811,2844.0642716319826,35.57164750957855,2608.0,9.99883638952203,0.0687490034972782,0.07429126072849819,0.9019584524553278,-0.15900473528765324,0.43237079306415205,0.007859529276623927,4782.084318991505,51.78565950920245
search:0230,completed,,6523.0,25.00530469482604,0.06592035222184744,0.07483177465171044,0.861645281537069,-0.1734322177391916,0.3800928863227642,0.015164835309874062,3226.0953918400874,41.88670856967653,3915.0,15.00646830530401,0.09254486939599471,0.07726447136212698,1.1453402911410084,-0.1734322177391916,0.5336082914834442,0.01874087405694922,3016.3509857612266,36.95759897828864,2608.0,9.99883638952203,0.027174340235330163,0.0709777657293991,0.4005102158629695,-0.14074339864205443,0.1930771922343675,0.009796663647757786,3543.622972732255,49.28604294478528
search:0231,completed,,6523.0,25.00530469482604,0.059333447159231945,0.07784844265092822,0.7542687335124357,-0.15104515670564522,0.39281926314830584,0.011412057417334299,1922.3036812705366,42.387705043691554,3915.0,15.00646830530401,0.06829309297137387,0.07932896962187708,0.8441524888042371,-0.15104515670564522,0.4521369268692444,0.014313702579769137,1825.2790580503834,38.45721583652618,2608.0,9.99883638952203,0.046027438227240536,0.07557989423478886,0.6131062853824067,-0.14292707034983,0.3220344341669023,0.0070562518916700455,2069.54067689778,48.28796012269939
search:0232,completed,,6523.0,25.00530469482604,0.06430114144742993,0.07870047758309914,0.8043876625422746,-0.2090465457335503,0.3075924609124508,0.01294672144540977,2355.834127327492,41.26705503602637,3915.0,15.00646830530401,0.07494370894379232,0.079997604242311,0.9127274320576164,-0.19080834882835107,0.3927695481040549,0.01564807932562103,2031.4363800657175,36.76015325670498,2608.0,9.99883638952203,0.04852595785560254,0.0767181984329244,0.6351693904269126,-0.20904654573354975,0.23212991960868665,0.008891577234893252,2844.767632913127,48.03259202453988
search:0233,completed,,6523.0,25.00530469482604,0.09294814358716508,0.07767805963220288,1.1443438775900745,-0.16486528936142675,0.5637823701227919,0.010500469867962088,3030.312610350493,42.99632071132914,3915.0,15.00646830530401,0.11479595722766045,0.07955932500322577,1.3594308932836476,-0.16486528936142675,0.6963015542707625,0.01288029630091151,2496.4238198247535,37.330268199233714,2608.0,9.99883638952203,0.06095937086025849,0.07474328481425778,0.8023565330194773,-0.14015943859037827,0.4349287602272349,0.006927992688131955,3834.295546040011,51.50191717791411
search:0234,completed,,6523.0,25.00530469482604,0.048932284347895205,0.07672670272638007,0.6399251157044656,-0.23389248468949098,0.20920845068133043,0.010643652875671795,1461.9301117196057,39.331289284071744,3915.0,15.00646830530401,0.049817145082778236,0.07988309820541926,0.6278777285595344,-0.23389248468949098,0.21299164506680948,0.01337349219012737,1439.5675095837898,36.34942528735632,2608.0,9.99883638952203,0.04760566580915615,0.07174316023922338,0.6622501203483542,-0.1463182160930584,0.32535706817857146,0.006545753751402787,1496.7035084954782,43.80751533742331
search:0235,completed,,6523.0,25.00530469482604,0.051420650338335205,0.07651578485730233,0.6713716962837627,-0.1875622337049594,0.2741524736755978,0.012164899742023227,2006.1934427710842,38.3614901119117,3915.0,15.00646830530401,0.06773614561436148,0.07709900979369323,0.85977945079391,-0.1875622337049594,0.3611395763227704,0.015077261658650941,1943.426139101862,34.707024265644954,2608.0,9.99883638952203,0.027400671575734004,0.07562463857945806,0.3831681704413476,-0.18568523681869376,0.1475651594342338,0.00779300675751498,2102.0711818306386,43.84739263803681
search:0236,completed,,6523.0,25.00530469482604,0.10462117867639242,0.0777535378914457,1.2753437554120555,-0.10422114005471461,1.00383836351692,0.010122580623878198,3496.4068455640745,46.67652920435383,3915.0,15.00646830530401,0.12959962746442355,0.07707236306647866,1.566153935623484,-0.10077001164505106,1.2860932071827178,0.01222928093481373,2544.2960569550933,39.889910600255426,2608.0,9.99883638952203,0.0681656943616824,0.07873595121858,0.8486677479348148,-0.10422114005471295,0.6540486347193811,0.0069601068058902415,4928.621731981365,56.864263803680984
search:0237,completed,,6523.0,25.00530469482604,0.057659120112279805,0.07773220056821022,0.7356165835087622,-0.1863660795803248,0.30938634456507097,0.010950574500075628,1851.4954419496166,42.56507741836578,3915.0,15.00646830530401,0.06923877191725714,0.07747415238483629,0.8735134823108963,-0.14642978852612565,0.47284621943508254,0.013636183183669113,1774.5398206462214,38.56475095785441,2608.0,9.99883638952203,0.04051504527220473,0.07812234826205211,0.5303039988831981,-0.18636607958032436,0.21739495386413718,0.006919072200892922,1968.5459708139217,48.57016871165644
search:0238,completed,,6523.0,25.00530469482604,0.08165602702706853,0.07956284107505676,0.9929804400952684,-0.15184928528226382,0.5377439009691938,0.010541775270612574,2722.9168414567357,45.29587613061475,3915.0,15.00646830530401,0.10785771173569847,0.0800466494794288,1.2762844962379931,-0.15184928528226382,0.710294497173352,0.012967016997064517,2247.7948891018623,38.75351213282248,2608.0,9.99883638952203,0.043490307849416876,0.07879559749284158,0.5614625494773307,-0.12150399672547252,0.3579331464106433,0.006901122909010058,3438.424324472458,55.11694785276074
search:0239,completed,,6523.0,25.00530469482604,0.05846500925237286,0.0806648559219785,0.7208724673853938,-0.18085941373731262,0.32326218494376935,0.011155314740377354,1934.1850638006572,42.97317185344167,3915.0,15.00646830530401,0.07330478674677154,0.08032384696553342,0.8909805121718357,-0.17607283450620714,0.41633217839852127,0.013591785230157909,1759.604749452355,39.103192848020434,2608.0,9.99883638952203,0.03657730905269019,0.08117298185860426,0.4682195387545198,-0.1808594137373145,0.20224166548397718,0.007497806317259691,2197.8610071252397,48.78259202453988
search:0240,completed,,6523.0,25.00530469482604,0.08849033787720995,0.07528058950501369,1.1258999642926577,-0.20494244414800566,0.43178141182557506,0.01034675747806535,2676.871483570646,37.31626552199908,3915.0,15.00646830530401,0.10328909453311019,0.07594760701319245,1.2883776311888688,-0.20494244414800566,0.5039907421935337,0.01272785865511669,2261.729843921139,32.700893997445725,2608.0,9.99883638952203,0.06665172487067883,0.07426535894092012,0.8766829928792107,-0.1366367577751395,0.487802301196039,0.0067723667157355925,3302.2966730611124,44.24463190184049
search:0241,completed,,6523.0,25.00530469482604,0.07093816256991259,0.07570272313976287,0.9125430473723541,-0.15106483741915888,0.4695875213705808,0.011800730017834358,2385.677599945235,41.67606929326997,3915.0,15.00646830530401,0.08700527649802892,0.07551335950995504,1.105092877043108,-0.13772626575991032,0.6317260982716241,0.014499479102267784,2009.8338663745894,36.74099616858238,2608.0,9.99883638952203,0.04726887402091573,0.07598035660859588,0.625352998276398,-0.15106483741916055,0.31290454369443027,0.007749502001899976,2951.8680645382296,49.08435582822086
search:0242,completed,,6523.0,25.00530469482604,0.043821658907176264,0.07319335477049133,0.6027241008160849,-0.20206237960769524,0.2168719332725674,0.010085342867418315,1496.8541755202627,39.208799632071134,3915.0,15.00646830530401,0.051506419898222244,0.074275505929206,0.6903653425215178,-0.20206237960769524,0.2549035599710452,0.012415871390626913,1492.5070030120482,36.69578544061303,2608.0,9.99883638952203,0.032393473482008606,0.07154696352868715,0.4663287546772693,-0.13161937832242698,0.2461147734846047,0.0065868692599176755,1504.6109235406961,42.981211656441715
search:0243,completed,,6523.0,25.00530469482604,0.059847763246157815,0.07374774659293985,0.7983594782809198,-0.18381898238388927,0.32557988554833356,0.011923946526773605,2251.7420150602406,39.68266135213859,3915.0,15.00646830530401,0.07919698792439234,0.07434498781409378,1.0275777992325408,-0.18381898238388927,0.4308422715505878,0.01461298651116069,2101.3778518619933,34.58441890166028,2608.0,9.99883638952203,0.03145711913374116,0.07282480967106,0.44737489617831305,-0.15312931432541876,0.20542845941888624,0.007887293329352042,2479.324945190463,47.33588957055215
search:0244,completed,,6523.0,25.00530469482604,0.07516273871567769,0.07821986032797026,0.9342794020533154,-0.1645933140225211,0.45665730204200927,0.011542272617709513,2749.0398811610075,45.112371608155755,3915.0,15.00646830530401,0.10296255254104048,0.07849411752733639,1.2454372459364773,-0.12229154159653599,0.8419433690739979,0.014200935426850681,2318.0697330230014,39.272030651341,2608.0,9.99883638952203,0.034749567317710284,0.07776301813087645,0.46333559916746614,-0.16459331402252408,0.21112380854640858,0.007551220126226504,3398.2866860783774,53.87960122699386
search:0245,completed,,6523.0,25.00530469482604,0.09897307877321304,0.07828832258655943,1.203897976609767,-0.13493344178484645,0.7334955476124829,0.011089962464478374,3692.9897201533404,46.61505442281159,3915.0,15.00646830530401,0.12559950769355654,0.07712403906233338,1.520718587200727,-0.11550426038966977,1.0874015146266385,0.013444967116640793,2754.453844468784,40.070753512132825,2608.0,9.99883638952203,0.06018889782190251,0.07996977078826274,0.7462250788160129,-0.13493344178484545,0.446063607551604,0.007554746508490696,5104.987115648123,56.43903374233129
search:0246,completed,,6523.0,25.00530469482604,0.0792726074097434,0.07850058644824635,0.9781869016237696,-0.12391375343296829,0.639740183906432,0.009883677873726515,2512.052305038335,45.24727885942051,3915.0,15.00646830530401,0.10404535678189886,0.07828352053801249,1.2606859607054537,-0.12391375343296829,0.8396594720067346,0.011869566517022761,2063.906825027382,39.306002554278415,2608.0,9.99883638952203,0.043132356395413574,0.07879498681525307,0.5572564651776052,-0.11349179357973893,0.38004823992061537,0.006902560527674055,3186.8884509454647,54.16602760736196
search:0247,completed,,6523.0,25.00530469482604,0.07115603071595356,0.07781744765642126,0.8923321560851655,-0.1652788961718349,0.43052097009393764,0.011594273346533636,2389.3180235487403,44.8148091369002,3915.0,15.00646830530401,0.08134532194662558,0.07639320656268547,1.0271838642393676,-0.12189397073346009,0.667344918351209,0.014127583643128747,2030.7029613910188,39.43550446998723,2608.0,9.99883638952203,0.056043619387765586,0.0799149983766433,0.6992721807002349,-0.1652788961718349,0.33908515052943555,0.007791393817710832,2929.647227322554,52.88995398773006
search:0248,completed,,6523.0,25.00530469482604,0.06157987043977475,0.07689797879564206,0.7892379948882405,-0.16322865077730198,0.3772614069069904,0.012702857337714802,2584.9007817634174,43.284225049823704,3915.0,15.00646830530401,0.08770664443869225,0.0764407880241706,1.100705901432735,-0.11864881129242988,0.73921216304919,0.01548289769021421,2294.0002656078864,38.92490421455939,2608.0,9.99883638952203,0.023541228891790666,0.07754111315513977,0.328752107156292,-0.16322865077730053,0.14422240691010133,0.0085295989097872,3023.7354569745135,49.828220858895705
search:0249,completed,,6523.0,25.00530469482604,0.0734076149889542,0.07256278651918333,0.9794691386490542,-0.17903247123466715,0.41002402794705906,0.011753421733743302,2795.685308871851,41.33404875057489,3915.0,15.00646830530401,0.09441481939269791,0.07364516624509372,1.2203515101881892,-0.17903247123466715,0.527361426346752,0.014414868532953148,2597.6355969331876,36.581353767560664,2608.0,9.99883638952203,0.042633842821279355,0.07088383774713469,0.6045301139887161,-0.16475517615756885,0.25877088547740146,0.007758190054714719,3095.302567826802,48.46855828220859
search:0250,completed,,6523.0,25.00530469482604,0.09438727611286968,0.07468610301676436,1.2041332819934856,-0.19524058571999836,0.4834408571598628,0.010322430229279285,2835.4099312705366,43.938831825847004,3915.0,15.00646830530401,0.10899535624142387,0.07515723426752105,1.3674314448484524,-0.16041200017034873,0.6794713370924668,0.012373741504084866,2055.43917305586,37.8779054916986,2608.0,9.99883638952203,0.07282346944113649,0.07397099144504417,0.9551952188378843,-0.19524058571999958,0.3729935001607444,0.007243103679868298,4008.6590524801313,53.03719325153374
search:0251,completed,,6523.0,25.00530469482604,0.06303571519773965,0.07361550729630419,0.8390654882442802,-0.208939153000816,0.3016941262200554,0.011220889810778583,2206.5767595837897,38.278399509428176,3915.0,15.00646830530401,0.08043692572280192,0.07511363931962671,1.0326050761787846,-0.208939153000816,0.3849777534155496,0.013798689294889088,2107.8452710843376,34.10089399744572,2608.0,9.99883638952203,0.037444134002152074,0.07129572485698356,0.5338093218902153,-0.17116479597391432,0.21876071997806487,0.007351225324470061,2356.6098711975883,44.54946319018405
search:0252,completed,,6523.0,25.00530469482604,0.08984505117327513,0.07287320599378323,1.177116936097258,-0.1764833382882518,0.5090851750918854,0.010445943812305862,2621.625055038335,37.60769584546988,3915.0,15.00646830530401,0.09807781724535447,0.07456553513002606,1.2494831442124712,-0.1764833382882518,0.5557341457648716,0.012149227514320512,1954.8274657721797,31.97241379310345,2608.0,9.99883638952203,0.0776048290906779,0.0702646447341858,1.0629761979020707,-0.14640671001354533,0.5300633357822057,0.007889058960546914,3624.799094272403,46.06710122699386
search:0253,completed,,6523.0,25.00530469482604,0.057628731985087445,0.07896562015726678,0.7249946837049313,-0.17237778295327333,0.334316470474092,0.011305196524671908,2246.981461117196,44.090142572435994,3915.0,15.00646830530401,0.0861300248220973,0.08013054340067441,1.0361681303308277,-0.15795310476675772,0.5452885839077469,0.014020410717976356,2151.4503450164293,39.91315453384419,2608.0,9.99883638952203,0.016250764663831463,0.07713497750516364,0.24050580929204995,-0.17237778295327477,0.09427412503754294,0.007229251905505146,2392.2432858317347,50.36042944785276
search:0254,completed,,6523.0,25.00530469482604,0.09771221633197191,0.0748783716674778,1.2403948868832269,-0.14042482000060275,0.6958329469929354,0.010456438386274247,3135.204815717415,42.66227196075425,3915.0,15.00646830530401,0.11972376335095025,0.07501216119704086,1.4939580011100808,-0.1273715100311087,0.9399571640605455,0.012612199616510621,2388.211228094195,36.4066411238825,2608.0,9.99883638952203,0.06548617239433696,0.07465471791427053,0.8583151538219833,-0.1404248200006013,0.46634328884350035,0.007220316754228465,4259.193987393806,52.05291411042945
search:0255,completed,,6523.0,25.00530469482604,0.07739343504446117,0.08080081794656581,0.9317649305672712,-0.16149111428034302,0.4792426839665545,0.011552253412285322,2688.0327823110624,43.694005825540394,3915.0,15.00646830530401,0.09643305800878843,0.08222106757243137,1.122845439376028,-0.16149111428034302,0.5971415730117755,0.01438010564175866,2414.947672508215,38.463856960408684,2608.0,9.99883638952203,0.04943702114137816,0.07860879811565746,0.6324546596551609,-0.15656584379801075,0.31575866065115715,0.007307222170572088,3100.2071670320634,51.545245398773005
search:0256,completed,,6523.0,25.00530469482604,0.07680582204703934,0.07383274227754033,1.0052452533259129,-0.15975213600782623,0.4807811899508914,0.011448368031468993,2528.5742275465495,41.58929940211559,3915.0,15.00646830530401,0.09078576042471465,0.0742550504975017,1.1677086321289134,-0.15343483361652377,0.5916893725163704,0.014051714365477346,2150.9169496166483,35.70523627075351,2608.0,9.99883638952203,0.05615995247667871,0.07319254284598249,0.7579088202669789,-0.15975213600782678,0.3515442978109992,0.007540353883599858,3097.604726637435,50.422162576687114
search:0257,completed,,6523.0,25.00530469482604,0.06500717323720928,0.07923459066581996,0.8076070588409127,-0.16593480869841137,0.39176333011213244,0.01049661711496062,1993.351948521358,43.41039399049517,3915.0,15.00646830530401,0.08147971812180588,0.0797705091596837,0.9885317419023368,-0.16593480869841137,0.4910345138607795,0.0131998809504904,1925.490718784228,38.99540229885057,2608.0,9.99883638952203,0.04075447705433888,0.0784174715152951,0.5314557564331766,-0.1466427632679913,0.2779167286957053,0.006438611779033052,2096.866301041381,50.03796012269939
search:0258,completed,,6523.0,25.00530469482604,0.08668229430822971,0.0747617866610779,1.1116843799189513,-0.2379117566644975,0.3643464094566325,0.012270692151673594,3151.566719605695,43.21937758699985,3915.0,15.00646830530401,0.10642888956709062,0.07647273579474344,1.3159476417161162,-0.2379117566644975,0.4473460709097128,0.014826473507011809,2478.355050657174,37.34431673052363,2608.0,9.99883638952203,0.057705572557295914,0.0721000209853974,0.7878977631308494,-0.1641039081146961,0.3516404528097169,0.00843408018612562,4164.805476157851,52.03872699386503
search:0259,completed,,6523.0,25.00530469482604,0.055260022688626176,0.07584945275983729,0.723040711612488,-0.17232463133270903,0.3206739643732941,0.010769804913227597,1796.9290925520263,42.92978690786448,3915.0,15.00646830530401,0.0643228373909992,0.07583359278488172,0.8320542507823229,-0.13248355028597214,0.48551565271428226,0.013222033317491316,1702.731464950712,39.32464878671775,2608.0,9.99883638952203,0.04180297174153025,0.07588110602577357,0.5594227187893941,-0.1723246313327088,0.24258268489094198,0.007088641491949815,1939.8190326116744,48.34164110429448
search:0260,completed,,6523.0,25.00530469482604,0.0683584528879666,0.07911084305843495,0.8471075901747737,-0.2911532226676513,0.23478514941940773,0.011307768387256976,1940.905845837897,39.935459144565385,3915.0,15.00646830530401,0.06544368571191805,0.08175126964643833,0.7899955811203436,-0.2911532226676513,0.22477403860516912,0.014100880044460128,1770.3393318729463,35.54636015325671,2608.0,9.99883638952203,0.07274796925929183,0.07498767125606025,0.9423759005534195,-0.15128155406910204,0.4808779874515447,0.007114887966263741,2198.561664154563,46.52415644171779
search:0261,completed,,6523.0,25.00530469482604,0.0437801444781698,0.07724558571119994,0.5745512351983953,-0.2169048192533063,0.20184034927800462,0.011150359368764913,1759.7647680722891,41.59451172773264,3915.0,15.00646830530401,0.06541717782652556,0.0745166740330431,0.8587492435072891,-0.13154597444337213,0.49729517078218405,0.013447170908205663,1689.329905531216,37.968326947637294,2608.0,9.99883638952203,0.012128644289734813,0.08114932243508535,0.1841617777586229,-0.21690481925330563,0.05591689632110363,0.007702500021790009,1866.9507015620718,47.03796012269939
search:0262,completed,,6523.0,25.00530469482604,0.06834011879051527,0.0777391714309352,0.8604354543241963,-0.2282009030497082,0.2994734809424877,0.011858307882053734,2480.5286369112814,42.39567683581174,3915.0,15.00646830530401,0.09246423535272918,0.0784864792453113,1.1278078155960627,-0.13679451999251058,0.6759352301378122,0.014336009592574306,2192.455116374589,37.962452107279695,2608.0,9.99883638952203,0.033130148745584176,0.07657313516946732,0.44953719212849086,-0.22820090304970986,0.1451797442640589,0.008138905199274583,2915.033523568101,49.05061349693251
search:0263,completed,,6523.0,25.00530469482604,0.056739445764569796,0.07444219268925441,0.7534549634358919,-0.2190688162563521,0.2590028409071872,0.01124125328685223,2113.005871577218,40.97761766058562,3915.0,15.00646830530401,0.07823773647842991,0.07491507854652871,1.0088415328328808,-0.19182115175647152,0.4078681405153766,0.013821034059260624,2015.301169222344,36.37471264367816,2608.0,9.99883638952203,0.02527607091727324,0.07370255435326181,0.364078521849854,-0.21906881625635055,0.11537959326760418,0.0073686145890075804,2261.420609070978,47.887269938650306
search:0264,completed,,6523.0,25.00530469482604,0.0955397298626599,0.0785033316686426,1.1622758693221569,-0.15568284258788,0.6136818179481116,0.011018239149432991,3660.905986856517,46.73248505288977,3915.0,15.00646830530401,0.13353697177798396,0.08064213125691932,1.5420087313034845,-0.11258650582024798,1.186083277077493,0.013483178963716728,2936.1416525191676,40.197701149425285,2608.0,9.99883638952203,0.0408895086382024,0.07508509466997436,0.5532646634974332,-0.1556828425878808,0.2626462104526441,0.0073179939911044555,4751.956066730611,56.54217791411043
search:0265,completed,,6523.0,25.00530469482604,0.07189769764909437,0.08077999162964837,0.8708133478343429,-0.1637380873894002,0.4391018534258802,0.01268501881179077,2884.4156336254105,44.33849455771884,3915.0,15.00646830530401,0.10155776925865134,0.08281996989805185,1.169729725872141,-0.13429395651479603,0.7562348440263733,0.015859342873989834,2588.101154162103,39.13128991060026,2608.0,9.99883638952203,0.0288751802082563,0.07756518966142378,0.3934077354799342,-0.16373808738940043,0.17634980760209815,0.007919881272101605,3331.624174431351,52.155291411042946
search:0266,completed,,6523.0,25.00530469482604,0.041371988304617524,0.07347807719437237,0.5697555573215688,-0.22402245821942013,0.18467786057456562,0.015500462932741599,2389.5580514786416,39.16326843476928,3915.0,15.00646830530401,0.055329527901716746,0.07476978202032074,0.733157820665832,-0.17421247294490405,0.3175979708365377,0.019339670885618963,2638.306996166484,36.38697318007663,2608.0,9.99883638952203,0.020769873806270267,0.07149197195600075,0.3135929850563898,-0.1780833657918004,0.11663006094882887,0.009737234736608587,2018.0924321731982,43.33090490797546
search:0267,completed,,6523.0,25.00530469482604,0.05626805343238628,0.07322361986826288,0.7588991238845909,-0.19396362621803775,0.29009590369863686,0.010728187054669268,1830.5330027382256,41.676222596964585,3915.0,15.00646830530401,0.06796760139998126,0.07437780655174477,0.8912806191174522,-0.12752539149957143,0.5329730856008364,0.013329526287777081,1787.7413567907997,38.28607918263091,2608.0,9.99883638952203,0.03894920607724006,0.07145819410948324,0.5524037226113702,-0.19396362621803742,0.20080675349643481,0.0068231858669326505,1896.2782029323103,46.765337423312886
search:0268,completed,,6523.0,25.00530469482604,0.05433519251856378,0.07837055558509566,0.691455627851804,-0.18090533408042864,0.30035152249522346,0.011466247044894745,1986.1511106243154,43.339874290970414,3915.0,15.00646830530401,0.07089749752206154,0.07668549000292735,0.9012390548478747,-0.15669304870295653,0.4524610256097712,0.013908280605989552,1870.2842949069004,39.35606641123883,2608.0,9.99883638952203,0.029957587490356596,0.08082852963147429,0.39329308027787857,-0.18090533408042953,0.16559814359612865,0.0078003876155672315,2161.7271231844343,49.32016871165644
search:0269,completed,,6523.0,25.00530469482604,0.057195255031815107,0.08492683411048839,0.6752021156128527,-0.17091095966545666,0.33464942882404874,0.012686211990193843,2213.0975183461114,43.307373907711174,3915.0,15.00646830530401,0.07407968464321502,0.08306429538578047,0.8726764169634965,-0.17091095966545666,0.43344022401032417,0.015526241178359728,2055.572521905805,39.26794380587484,2608.0,9.99883638952203,0.03235153254840739,0.08764513584754083,0.39485529198863845,-0.15835130178513213,0.2043022834905733,0.008422901303204035,2451.398757878871,49.37116564417178
search:0270,completed,,6523.0,25.00530469482604,0.07633454711687482,0.07626023848492933,0.9700889571688934,-0.1494874107729478,0.5106419779577104,0.010403438504003677,2140.969125410734,35.97439828299862,3915.0,15.00646830530401,0.0881367059339846,0.07597519053362149,1.1120400844841234,-0.1420925136999157,0.6202769142371565,0.012873088498397741,1838.94731516977,32.13946360153257,2608.0,9.99883638952203,0.058861404881174195,0.07669001728524244,0.7589614199123346,-0.14948741077294825,0.39375492944069346,0.006696122657357681,2596.1344813647574,41.731211656441715
search:0271,completed,,6523.0,25.00530469482604,0.07362045044376342,0.07436125919217969,0.9601214107797491,-0.19829113753254768,0.3712745378329341,0.010108979805679277,2267.6238630887183,39.996933926107616,3915.0,15.00646830530401,0.09252668249122875,0.07635898545376281,1.1577828302632698,-0.19829113753254768,0.4666203625769273,0.012151532120082634,1929.6245331325301,35.028352490421454,2608.0,9.99883638952203,0.04585778156436904,0.07124151709566615,0.6437165144530873,-0.16554915688935834,0.27700401757417115,0.007042801772362886,2776.9039949301177,47.45552147239264
search:0272,completed,,6523.0,25.00530469482604,0.10771541164435727,0.07905105989193333,1.2898791190843302,-0.14371430874041846,0.7495106965230331,0.012610125509461223,4431.435646495071,44.135060554959374,3915.0,15.00646830530401,0.13478305343471608,0.08054263414174677,1.5569999895428686,-0.11905824190878356,1.1320766313514026,0.015464602616566127,3212.7738417305586,37.64750957854406,2608.0,9.99883638952203,0.06829850379980007,0.07671955736344528,0.870462483315144,-0.14371430874041646,0.4752380218671478,0.008325126324524224,6264.5744991778565,53.873849693251536
search:0273,completed,,6523.0,25.00530469482604,0.012225749419161103,0.07737392502594903,0.19042191188027488,-0.22928824937501813,0.05332043596863515,0.014425648344856098,1428.8462620481928,30.80009198221677,3915.0,15.00646830530401,0.023126199449964302,0.08136672607214099,0.31212428474592835,-0.22928824937501813,0.10086081390128139,0.017737693405014753,1612.4542935377876,30.68888888888889,2608.0,9.99883638952203,-0.003916325918956076,0.0709629858395184,-0.017936610974501895,-0.2185672264147247,-0.01791817548860215,0.00945377088683419,1154.3825027404769,30.9670245398773
search:0274,completed,,6523.0,25.00530469482604,0.08259902574391154,0.08109121841980169,0.9861591365489584,-0.1582760989150369,0.5218667019854396,0.010203816003740606,2711.5155147864184,45.695538862486586,3915.0,15.00646830530401,0.10719633163046005,0.0796922157220484,1.2743486783616653,-0.1124038667309396,0.9536712103245986,0.01247183999953741,2242.794307228916,39.530523627075354,2608.0,9.99883638952203,0.04670453889321191,0.08312081070342642,0.5722246727758901,-0.15827609891503758,0.2950827017684006,0.006799171086737353,3417.404613592765,54.95015337423313
search:0275,completed,,6523.0,25.00530469482604,0.08201369013375626,0.07803730149793818,1.0149235037577218,-0.1678632502119234,0.48857442013195806,0.00929431783167282,1940.1457573932091,33.850528897746436,3915.0,15.00646830530401,0.08985323416035196,0.07785026196793643,1.1066814371149563,-0.1412852571585579,0.6359703479855215,0.011521962292425,1584.7177327491786,30.265389527458492,2608.0,9.99883638952203,0.07035363368182379,0.07832758481745467,0.877897236397835,-0.16786325021192372,0.41911278134436125,0.005950288666088168,2475.3211907371883,39.232361963190186
search:0276,completed,,6523.0,25.00530469482604,0.09534448932604711,0.07974606967312527,1.1432405155024696,-0.12846163973203728,0.7422020264176106,0.011010686178056733,3416.557554216867,46.29924881189637,3915.0,15.00646830530401,0.12676938109056435,0.08074638812117951,1.4684585844170202,-0.11293477175928524,1.1225008836141883,0.013583250528664043,2745.452797097481,39.43984674329502,2608.0,9.99883638952203,0.04981838133164129,0.07816425647706354,0.6400845322624431,-0.12846163973203695,0.387807453147565,0.0071488804140124014,4426.851205124692,56.596242331288344
search:0277,completed,,6523.0,25.00530469482604,0.06802195267031319,0.07913431533724444,0.8430226375395107,-0.13603882504854337,0.500018672213911,0.012027276024618616,2424.6021292442497,42.29587613061475,3915.0,15.00646830530401,0.08633736868383113,0.0799677517878092,1.0404138358871255,-0.1231355692175784,0.7011570193115728,0.014936355254071934,2195.122093373494,37.635504469987225,2608.0,9.99883638952203,0.041111644826213434,0.07785569982522773,0.5389682371564349,-0.13603882504854325,0.3022052330394901,0.007660310846969179,2771.0985509728694,49.291794478527606
search:0278,completed,,6523.0,25.00530469482604,0.07982179531071254,0.0745022385439444,1.0331444531427203,-0.20922871636071338,0.38150497072829426,0.009994333818172827,2517.4929381161005,41.500689866625784,3915.0,15.00646830530401,0.10353667703907465,0.07644820562991819,1.2832361608928808,-0.20922871636071338,0.49484926753828523,0.012044135917012498,2063.1734063526837,36.05312899106003,2608.0,9.99883638952203,0.04518294543555501,0.07144961153207698,0.6333551294141525,-0.14799733737357923,0.3052956643503855,0.006917272768726,3201.60224856125,49.67829754601227
search:0279,completed,,6523.0,25.00530469482604,0.11844850906905946,0.07844807399926088,1.4179826907617923,-0.09998486669641937,1.1846643695460495,0.011472704528238235,4657.06190060241,44.67284991568297,3915.0,15.00646830530401,0.14084619134890053,0.07900036638382957,1.6510197536660174,-0.09998486669641937,1.4086750925672282,0.014006089654801606,3188.5043510405258,38.56653895274585,2608.0,9.99883638952203,0.08565607842232303,0.0775913473136498,1.0623117693565995,-0.0899037185424072,0.9527534545962015,0.0076697126683856285,6865.538042614415,53.83934049079755
search:0280,completed,,6523.0,25.00530469482604,0.07600108399762195,0.0759665924570228,0.9696058857871227,-0.22255787784717806,0.34148907570824777,0.010923969436288634,2497.730638554217,40.684041085390156,3915.0,15.00646830530401,0.0961463935900233,0.07860529988579228,1.1675788343239044,-0.22255787784717806,0.4320062471841295,0.013393369368418855,2122.913691128149,35.086079182630904,2608.0,9.99883638952203,0.04645923626037507,0.0718045283223861,0.6469852050937517,-0.14883875816632863,0.31214474531194664,0.007217028970686712,3062.471781309948,49.08742331288344
search:0281,completed,,6523.0,25.00530469482604,0.11397051656421353,0.08271979970582106,1.3020465542936714,-0.10481595426190493,1.0873393975828716,0.011603047029925154,4607.256105147864,46.937145485206194,3915.0,15.00646830530401,0.14435651432779073,0.08324835630039841,1.606565871566865,-0.10481595426190493,1.377237991528325,0.014282951599792919,3372.4590895399783,39.99948914431673,2608.0,9.99883638952203,0.06987396925813627,0.08187417724781793,0.8380746267407415,-0.09552966439246102,0.7314373990792599,0.007580107462811542,6464.7622218416,57.35161042944785
search:0282,completed,,6523.0,25.00530469482604,0.07572992793164168,0.07493159760858342,0.9787068881548638,-0.17051218735484475,0.4441320535877225,0.012690586445415064,2900.6575235487403,41.47125555725893,3915.0,15.00646830530401,0.09289996666866251,0.07474834565682331,1.1855262878970902,-0.17051218735484475,0.5448288952820296,0.015563823958117746,2524.1603806133626,36.146871008939975,2608.0,9.99883638952203,0.0504656602094784,0.07519706490321881,0.6702177402993251,-0.13383449575379758,0.3770751324256133,0.008377425071860234,3468.252295149356,49.46395705521472
search:0283,completed,,6523.0,25.00530469482604,0.08067379693514609,0.07631466941170714,1.0203948149021083,-0.15518089835648063,0.519869376898584,0.011691995882497195,2598.982420317634,39.58500689866626,3915.0,15.00646830530401,0.08841464796052212,0.07811000386396913,1.0869209861387932,-0.15518089835648063,0.5697521337801288,0.014238746005186551,2177.720068455641,34.69169859514687,2608.0,9.99883638952203,0.06915935409395879,0.07354718451047734,0.9153381535577357,-0.11154219403887755,0.6200286330198382,0.007868941154610377,3233.5321903261165,46.9305981595092
search:0284,completed,,6523.0,25.00530469482604,0.06402577727666281,0.07931753473609014,0.7956039536549285,-0.17593566007737482,0.3639158613353591,0.011901748487418828,2423.081952354874,44.07741836578261,3915.0,15.00646830530401,0.08622238231434487,0.07676263449960732,1.0792551052052433,-0.12171137740579563,0.7084167819978936,0.014433916100506504,2167.8522535596935,38.95964240102171,2608.0,9.99883638952203,0.031560933449187756,0.08298533102915792,0.4033357950940477,-0.1759356600773735,0.1793890643619821,0.00810058429829373,2808.2333735269935,51.75996932515337
search:0285,completed,,6523.0,25.00530469482604,0.06601428911066698,0.07908476189509649,0.8205145676764841,-0.1732608165037255,0.3810110701472282,0.011051581541126837,2078.6018682913473,42.42572435995707,3915.0,15.00646830530401,0.0800223030270768,0.07849081094597998,0.9867409281869609,-0.1732608165037255,0.46186035966970146,0.013647907749922781,1855.4158981380067,37.821711366538956,2608.0,9.99883638952203,0.04533098062710761,0.0799685017249407,0.5756754952672123,-0.1691758533825889,0.26795183662879013,0.007154105656373718,2415.364967799397,49.33703987730061
search:0286,completed,,6523.0,25.00530469482604,0.060465056549971585,0.07305469627997803,0.8129240255289739,-0.22479489474762893,0.2689787800468247,0.013903909759826107,2716.3560780394305,40.82646021769125,3915.0,15.00646830530401,0.07494433068096717,0.07382957717328764,0.982558974092421,-0.22479489474762893,0.3333898252676295,0.01705821124183178,2678.311651150055,36.944316730523624,2608.0,9.99883638952203,0.03909943363722035,0.07187195092533709,0.551561386760118,-0.18228960570784603,0.21449074666322265,0.009168829122536155,2775.7028685941355,46.65414110429448
search:0287,completed,,6523.0,25.00530469482604,0.07013033766973331,0.0792758610304036,0.8656802250686996,-0.1626558822612415,0.43115770972916323,0.01247400787358217,2579.8201905805035,45.29464970105779,3915.0,15.00646830530401,0.08474577443123121,0.07996514863732712,1.0227253276876367,-0.13038533301046507,0.6499640141612346,0.015605901734287279,2329.4710596933187,40.02273307790549,2608.0,9.99883638952203,0.04856389731239541,0.07822852352025932,0.6248380320201532,-0.16265588226124206,0.2985683434085513,0.007772564443881055,2957.77360235681,53.20858895705521
search:0288,completed,,6523.0,25.00530469482604,0.0627486254905889,0.0759569956763362,0.8120864895568167,-0.18997000058718316,0.330308076520701,0.012592929813906202,2483.328962760131,39.33726812816189,3915.0,15.00646830530401,0.0791449781510134,0.07815948184216646,0.9805627725402757,-0.18997000058718316,0.4166182971331376,0.015511306415942332,2367.5421563526834,35.52950191570881,2608.0,9.99883638952203,0.03860695528051128,0.07251709584438955,0.5409966084519293,-0.14379796424219526,0.2684805413203664,0.008212007882552124,2659.1936140038365,45.05329754601227
search:0289,completed,,6523.0,25.00530469482604,0.07228888878226591,0.07833110209034261,0.9000582231530042,-0.16936149855685345,0.42683189153524786,0.010246035099433205,2094.2836930449066,44.318411773723746,3915.0,15.00646830530401,0.08618167793695708,0.07920009020990022,1.0480033458895517,-0.16936149855685345,0.5088622778572457,0.012758163189629431,1864.41694550931,39.21507024265645,2608.0,9.99883638952203,0.05177105044251373,0.07700820453772557,0.6718643067829958,-0.1481333011087903,0.3494896154679808,0.006474953246243704,2441.089090161688,51.979294478527606
search:0290,completed,,6523.0,25.00530469482604,0.07382558922881266,0.07270237686876803,0.982893913875769,-0.1801720550015985,0.4097504978125363,0.011415446942033239,2381.5571204819275,41.809750114977774,3915.0,15.00646830530401,0.08454905169555049,0.07420020063187989,1.0938465369899169,-0.1801720550015985,0.46926839844725293,0.013880956314245166,2056.0392428806135,37.014303959131546,2608.0,9.99883638952203,0.057930234580876316,0.07039824283381911,0.8081195595476195,-0.137220340897797,0.42216944078300533,0.00771434679164608,2872.19335091806,49.00843558282209
search:0291,completed,,6523.0,25.00530469482604,0.10403728308702731,0.07756813203245723,1.2716015245246282,-0.13579689681205265,0.7661241569534414,0.012600326586959667,4268.4966867469875,43.93821861106853,3915.0,15.00646830530401,0.13127798274910774,0.07904675316241533,1.5471349251056066,-0.13579689681205265,0.9667229946410393,0.01547906848093077,3275.2477779299015,37.365772669220945,2608.0,9.99883638952203,0.06437986699894949,0.07525361888448624,0.8387394914888807,-0.1253576489690683,0.513569515130545,0.008278902309775288,5763.10425390518,53.80444785276074
search:0292,completed,,6523.0,25.00530469482604,0.12151927184940514,0.08024720942163925,1.4209999401613964,-0.1458946894767036,0.8329245724109053,0.011046786973908316,4731.430554216868,43.79242679748582,3915.0,15.00646830530401,0.14736628533711538,0.08086183650773675,1.6829782558941024,-0.12064577078435568,1.22147908193583,0.013559176725166848,3312.518781489595,37.53154533844189,2608.0,9.99883638952203,0.08381609676226542,0.07928535253737055,1.0206142143652963,-0.14589468947670337,0.5744972422430035,0.007275312328134866,6865.437948753083,53.1909509202454
search:0293,completed,,6523.0,25.00530469482604,0.06901723936409665,0.08469527712473959,0.8036535879447578,-0.1885017973776425,0.36613570970799947,0.01314453374640978,2821.3282927163195,45.34248045377893,3915.0,15.00646830530401,0.09154865355261554,0.08374575566701364,1.0523491343594817,-0.10541256198428783,0.8684795419948264,0.01618658972287825,2510.2254257940854,39.86411238825032,2608.0,9.99883638952203,0.036071395432713205,0.08608230681609381,0.44081553639427085,-0.1885017973776404,0.19135836333936146,0.008577950484188123,3290.6857851466157,53.56633435582822
search:0294,completed,,6523.0,25.00530469482604,0.07036596864055,0.07773746892371582,0.883982418144764,-0.1402105588128243,0.5018592696323667,0.011567644588774866,2422.6419011500548,44.81496244059482,3915.0,15.00646830530401,0.08870081007823316,0.07724346521374993,1.1014886826239803,-0.13210336567325076,0.6714500393398678,0.01406287525988145,2069.6408255750275,39.65823754789272,2608.0,9.99883638952203,0.04342647780910802,0.07846263606982566,0.5627310475098576,-0.14021055881282418,0.30972330598211745,0.007821928301435034,2954.57059879419,52.55598159509202
search:0295,completed,,6523.0,25.00530469482604,0.05092641356937211,0.07115272794834088,0.7100417604076925,-0.2273435992466093,0.22400636630253248,0.012521111007686625,2244.8612144030667,34.44412080331136,3915.0,15.00646830530401,0.06994797785886542,0.07201352320797169,0.9430016121539737,-0.2093564484593442,0.3341094978139587,0.01506807882691928,2236.5935857064624,31.76015325670498,2608.0,9.99883638952203,0.023011170610726328,0.06982210145488595,0.34974909635892193,-0.1825747875669369,0.12603695678566684,0.008697729484567056,2259.118450260345,38.47315950920245
search:0296,completed,,6523.0,25.00530469482604,0.10769564389253028,0.07938474263446983,1.2846001708878465,-0.14564345062451955,0.7394472146240084,0.010067950079400655,3560.534307502738,46.6956921661812,3915.0,15.00646830530401,0.12901372969991165,0.07812686483045031,1.5396558742426576,-0.12609986950692187,1.0231075591464418,0.012037322230275368,2510.3587746440307,39.969348659003835,2608.0,9.99883638952203,0.07645401961904286,0.0812208026531301,0.9171337861655614,-0.14564345062452067,0.5249396336821683,0.007111626471013199,5140.019967114278,56.79294478527607
search:0297,completed,,6523.0,25.00530469482604,0.10266414249198119,0.0774377475796112,1.258081961470088,-0.1557842388123788,0.6590149509003049,0.012562259575112998,4284.458544085433,44.07619193622566,3915.0,15.00646830530401,0.13354087967771378,0.07890637110752755,1.5742159247081464,-0.11908951613080365,1.1213487468622954,0.015395902985704415,3293.849942497262,37.98978288633461,2608.0,9.99883638952203,0.05789483517247529,0.07512310744881448,0.761460310627493,-0.1557842388123758,0.3716347405478096,0.008308534900087915,5775.115517265004,53.21280674846626
search:0298,completed,,6523.0,25.00530469482604,0.058316129059099,0.08014391522828714,0.7233593652585736,-0.2358262546545159,0.24728429472168734,0.01196253742485992,2049.238451533406,41.07036639583014,3915.0,15.00646830530401,0.0693636879584143,0.08200798709456929,0.8310278447736236,-0.2358262546545159,0.2941304735557612,0.015015673625934983,1965.428699342826,37.19897828863346,2608.0,9.99883638952203,0.0419495305711135,0.0772668549330401,0.5525530980061948,-0.14785934105044674,0.2837124139272414,0.007379321080071242,2176.741202384215,46.8819018404908
search:0299,completed,,6523.0,25.00530469482604,0.09137329578667619,0.07758688290896561,1.1276523826386027,-0.22535823518568876,0.40545798431278623,0.011332192252190986,3082.998740963855,42.27977924267975,3915.0,15.00646830530401,0.10840955804678454,0.079251837813895,1.2943582196274597,-0.22535823518568876,0.4810543442419939,0.014021248853271202,2560.697965498357,36.37420178799489,2608.0,9.99883638952203,0.06629503865258446,0.07501063364420067,0.8644084377620979,-0.1292970809529106,0.5127342254287149,0.007295514110615435,3869.6286790901618,51.14493865030675
candidate:ensemble_63_126_252,completed,,6523.0,25.00530469482604,0.11824541025754587,0.07860835181464894,1.413023504089671,-0.10933166101950831,1.0815294412882566,0.011213742809778876,4656.3818214676885,41.817108692319486,3915.0,15.00646830530401,0.14197036453252032,0.07922927558904895,1.6585063430629723,-0.08545148311819617,1.6614148678513567,0.013655390585625331,3150.0332078313254,36.20153256704981,2608.0,9.99883638952203,0.0835602644046094,0.07764242108562676,1.037601023491767,-0.10933166101950864,0.7642824011399524,0.007548462502095257,6921.590604960263,50.24693251533742
candidate:ensemble_126_252_504,completed,,6523.0,25.00530469482604,0.11810642201035448,0.07712285763199565,1.4371755319820476,-0.12370069803738637,0.9547757117317065,0.010638187665379868,4191.647744523549,41.27962593898513,3915.0,15.00646830530401,0.13488828935204156,0.07805368138050285,1.605271120584649,-0.09025410162115444,1.494539161424941,0.01288848269180664,2758.4543099671414,35.59182630906769,2608.0,9.99883638952203,0.0933843866291526,0.07569837532959524,1.1775034431673865,-0.12370069803738648,0.7549220668175108,0.007260156596184773,6346.651465469991,49.81786809815951
candidate:ensemble_84_168_252,completed,,6523.0,25.00530469482604,0.11166049159513203,0.07749231560897604,1.358587059281098,-0.11370249703339186,0.9820408039265828,0.010794691502180064,4106.997894578313,41.65506668710716,3915.0,15.00646830530401,0.1385215391535557,0.07806498181230372,1.6446200322060909,-0.08955401934015672,1.5467930995637797,0.013225767577800005,2964.744980832421,36.18492975734355,2608.0,9.99883638952203,0.07253144291101887,0.07658760242620495,0.9217250706414661,-0.11370249703339264,0.6379054532963997,0.00714528090553433,5825.16244793094,49.86656441717791
candidate:ensemble_21_63_126_252_504,completed,,6523.0,25.00530469482604,0.1129513770748165,0.07806214343444177,1.3636080879538914,-0.09139711401648087,1.2358308934617885,0.01151645680127483,4513.365179901423,42.145791813582704,3915.0,15.00646830530401,0.13693035729247316,0.07878461402480483,1.6131614878834768,-0.08617751591327727,1.5889336776691245,0.013958073133903957,3155.700533953998,36.25696040868455,2608.0,9.99883638952203,0.07790895235560757,0.07693864028174911,0.9806934192873381,-0.09139711401648065,0.8524224555007185,0.00785122369458655,6555.247072485612,50.985812883435585
candidate:trend_only,completed,,6523.0,25.00530469482604,0.10964183495079416,0.07939529966216065,1.3057878961940517,-0.11668875182221505,0.9396092874302276,0.010459955100593488,3764.318019989047,46.825847002912774,3915.0,15.00646830530401,0.13357312166298851,0.07945661696117538,1.564201553648526,-0.10888677128751478,1.2267157900227346,0.012695888714110603,2717.9162595837897,40.02196679438059,2608.0,9.99883638952203,0.07467001787264338,0.07927846522694328,0.9174067201164181,-0.1166887518222155,0.6399075892628369,0.007103482670793068,5338.305906412716,57.03949386503067
candidate:basis_only,completed,,6523.0,25.00530469482604,0.07863072056793552,0.07525621887292851,1.0093806076050627,-0.1834635171096093,0.4285905002080497,0.012049494829636827,2882.61542415115,42.87214471868772,3915.0,15.00646830530401,0.09996836539035536,0.07536292816139525,1.25912267273489,-0.1834635171096093,0.5448950666885439,0.014664884359200568,2435.083348849945,37.4066411238825,2608.0,9.99883638952203,0.047380977201558316,0.07507463009562974,0.6333283069305518,-0.1597365483921941,0.2966195130573743,0.008123402035065487,3556.8353624280626,51.076687116564415
candidate:ensemble_63_126_252_trend_only,completed,,6523.0,25.00530469482604,0.09140159249043278,0.08127241770348381,1.0804263610457565,-0.14913726871459254,0.612868891043929,0.011217331808661626,3211.3736788061333,45.227349379120035,3915.0,15.00646830530401,0.11587387318093745,0.08036649934290631,1.3581972536402511,-0.10839739974302376,1.0689728116692656,0.01367301712317044,2518.7597521905805,39.127458492975734,2608.0,9.99883638952203,0.055676570083448285,0.08258809222992644,0.6752458349597626,-0.14913726871459276,0.3733243243846563,0.007530979045509017,4253.788918881885,54.38420245398773
