Date,SPY,IWM,IYR,EFA,EEM,SHY,IEF,TLT,LQD,GLD,DBC
2006-02-06,0.0,0.0,0.0,0.0,0.0,1.0,0.0,0.0,0.0,0.0,0.0
2006-02-07,0.0,0.0,0.0,0.0,0.0,1.0,0.0,0.0,0.0,0.0,0.0
2006-02-08,0.0,0.0,0.0,0.0,0.0,1.0,0.0,0.0,0.0,0.0,0.0
2006-02-09,0.0,0.0,0.0,0.0,0.0,1.0,0.0,0.0,0.0,0.0,0.0
2006-02-10,0.0,0.0,0.0,0.0,0.0,1.0,0.0,0.0,0.0,0.0,0.0
2006-02-13,0.0,0.0,0.0,0.0,0.0,1.0,0.0,0.0,0.0,0.0,0.0
2006-02-14,0.0,0.0,0.0,0.0,0.0,1.0,0.0,0.0,0.0,0.0,0.0
2006-02-15,0.0,0.0,0.0,0.0,0.0,1.0,0.0,0.0,0.0,0.0,0.0
2006-02-16,0.0,0.0,0.0,0.0,0.0,1.0,0.0,0.0,0.0,0.0,0.0
2006-02-17,0.0,0.0,0.0,0.0,0.0,1.0,0.0,0.0,0.0,0.0,0.0
2006-02-21,0.0,0.0,0.0,0.0,0.0,1.0,0.0,0.0,0.0,0.0,0.0
2006-02-22,0.0,0.0,0.0,0.0,0.0,1.0,0.0,0.0,0.0,0.0,0.0
2006-02-23,0.0,0.0,0.0,0.0,0.0,1.0,0.0,0.0,0.0,0.0,0.0
2006-02-24,0.0,0.0,0.0,0.0,0.0,1.0,0.0,0.0,0.0,0.0,0.0
2006-02-27,0.0,0.0,0.0,0.0,0.0,1.0,0.0,0.0,0.0,0.0,0.0
2006-02-28,0.0,0.0,0.0,0.0,0.0,1.0,0.0,0.0,0.0,0.0,0.0
2006-03-01,0.0,0.0,0.0,0.0,0.0,1.0,0.0,0.0,0.0,0.0,0.0
2006-03-02,0.0,0.0,0.0,0.0,0.0,1.0,0.0,0.0,0.0,0.0,0.0
2006-03-03,0.0,0.0,0.0,0.0,0.0,1.0,0.0,0.0,0.0,0.0,0.0
2006-03-06,0.0,0.0,0.0,0.0,0.0,1.0,0.0,0.0,0.0,0.0,0.0
2006-03-07,0.0,0.0,0.0,0.0,0.0,1.0,0.0,0.0,0.0,0.0,0.0
2006-03-08,0.0,0.0,0.0,0.0,0.0,1.0,0.0,0.0,0.0,0.0,0.0
2006-03-09,0.0,0.0,0.0,0.0,0.0,1.0,0.0,0.0,0.0,0.0,0.0
2006-03-10,0.0,0.0,0.0,0.0,0.0,1.0,0.0,0.0,0.0,0.0,0.0
2006-03-13,0.0,0.0,0.0,0.0,0.0,1.0,0.0,0.0,0.0,0.0,0.0
2006-03-14,0.0,0.0,0.0,0.0,0.0,1.0,0.0,0.0,0.0,0.0,0.0
2006-03-15,0.0,0.0,0.0,0.0,0.0,1.0,0.0,0.0,0.0,0.0,0.0
2006-03-16,0.0,0.0,0.0,0.0,0.0,1.0,0.0,0.0,0.0,0.0,0.0
2006-03-17,0.0,0.0,0.0,0.0,0.0,1.0,0.0,0.0,0.0,0.0,0.0
2006-03-20,0.0,0.0,0.0,0.0,0.0,1.0,0.0,0.0,0.0,0.0,0.0
2006-03-21,0.0,0.0,0.0,0.0,0.0,1.0,0.0,0.0,0.0,0.0,0.0
2006-03-22,0.0,0.0,0.0,0.0,0.0,1.0,0.0,0.0,0.0,0.0,0.0
2006-03-23,0.0,0.0,0.0,0.0,0.0,1.0,0.0,0.0,0.0,0.0,0.0
2006-03-24,0.0,0.0,0.0,0.0,0.0,1.0,0.0,0.0,0.0,0.0,0.0
2006-03-27,0.0,0.0,0.0,0.0,0.0,1.0,0.0,0.0,0.0,0.0,0.0
2006-03-28,0.0,0.0,0.0,0.0,0.0,1.0,0.0,0.0,0.0,0.0,0.0
2006-03-29,0.0,0.0,0.0,0.0,0.0,1.0,0.0,0.0,0.0,0.0,0.0
2006-03-30,0.0,0.0,0.0,0.0,0.0,1.0,0.0,0.0,0.0,0.0,0.0
2006-03-31,0.0,0.0,0.0,0.0,0.0,1.0,0.0,0.0,0.0,0.0,0.0
2006-04-03,0.0,0.0,0.0,0.0,0.0,1.0,0.0,0.0,0.0,0.0,0.0
2006-04-04,0.0,0.0,0.0,0.0,0.0,1.0,0.0,0.0,0.0,0.0,0.0
2006-04-05,0.0,0.0,0.0,0.0,0.0,1.0,0.0,0.0,0.0,0.0,0.0
2006-04-06,0.0,0.0,0.0,0.0,0.0,1.0,0.0,0.0,0.0,0.0,0.0
2006-04-07,0.0,0.0,0.0,0.0,0.0,1.0,0.0,0.0,0.0,0.0,0.0
2006-04-10,0.0,0.0,0.0,0.0,0.0,1.0,0.0,0.0,0.0,0.0,0.0
2006-04-11,0.0,0.0,0.0,0.0,0.0,1.0,0.0,0.0,0.0,0.0,0.0
2006-04-12,0.0,0.0,0.0,0.0,0.0,1.0,0.0,0.0,0.0,0.0,0.0
2006-04-13,0.0,0.0,0.0,0.0,0.0,1.0,0.0,0.0,0.0,0.0,0.0
2006-04-17,0.0,0.0,0.0,0.0,0.0,1.0,0.0,0.0,0.0,0.0,0.0
2006-04-18,0.0,0.0,0.0,0.0,0.0,1.0,0.0,0.0,0.0,0.0,0.0
2006-04-19,0.0,0.0,0.0,0.0,0.0,1.0,0.0,0.0,0.0,0.0,0.0
2006-04-20,0.0,0.0,0.0,0.0,0.0,1.0,0.0,0.0,0.0,0.0,0.0
2006-04-21,0.0,0.0,0.0,0.0,0.0,1.0,0.0,0.0,0.0,0.0,0.0
2006-04-24,0.0,0.0,0.0,0.0,0.0,1.0,0.0,0.0,0.0,0.0,0.0
2006-04-25,0.0,0.0,0.0,0.0,0.0,1.0,0.0,0.0,0.0,0.0,0.0
2006-04-26,0.0,0.0,0.0,0.0,0.0,1.0,0.0,0.0,0.0,0.0,0.0
2006-04-27,0.0,0.0,0.0,0.0,0.0,1.0,0.0,0.0,0.0,0.0,0.0
2006-04-28,0.0,0.0,0.0,0.0,0.0,1.0,0.0,0.0,0.0,0.0,0.0
2006-05-01,0.0,0.0,0.0,0.0,0.0,1.0,0.0,0.0,0.0,0.0,0.0
2006-05-02,0.0,0.0,0.0,0.0,0.0,1.0,0.0,0.0,0.0,0.0,0.0
2006-05-03,0.0,0.0,0.0,0.0,0.0,1.0,0.0,0.0,0.0,0.0,0.0
2006-05-04,0.0,0.0,0.0,0.0,0.0,1.0,0.0,0.0,0.0,0.0,0.0
2006-05-05,0.0,0.0,0.0,0.0,0.0,1.0,0.0,0.0,0.0,0.0,0.0
2006-05-08,0.0,0.0,0.0,0.0,0.0,1.0,0.0,0.0,0.0,0.0,0.0
2006-05-09,0.0,0.0,0.0,0.0,0.0,1.0,0.0,0.0,0.0,0.0,0.0
2006-05-10,0.0,0.0,0.0,0.0,0.0,1.0,0.0,0.0,0.0,0.0,0.0
2006-05-11,0.0,0.0,0.0,0.0,0.0,1.0,0.0,0.0,0.0,0.0,0.0
2006-05-12,0.0,0.0,0.0,0.0,0.0,1.0,0.0,0.0,0.0,0.0,0.0
2006-05-15,0.0,0.0,0.0,0.0,0.0,1.0,0.0,0.0,0.0,0.0,0.0
2006-05-16,0.0,0.0,0.0,0.0,0.0,1.0,0.0,0.0,0.0,0.0,0.0
2006-05-17,0.0,0.0,0.0,0.0,0.0,1.0,0.0,0.0,0.0,0.0,0.0
2006-05-18,0.0,0.0,0.0,0.0,0.0,1.0,0.0,0.0,0.0,0.0,0.0
2006-05-19,0.0,0.0,0.0,0.0,0.0,1.0,0.0,0.0,0.0,0.0,0.0
2006-05-22,0.0,0.0,0.0,0.0,0.0,1.0,0.0,0.0,0.0,0.0,0.0
2006-05-23,0.0,0.0,0.0,0.0,0.0,1.0,0.0,0.0,0.0,0.0,0.0
2006-05-24,0.0,0.0,0.0,0.0,0.0,1.0,0.0,0.0,0.0,0.0,0.0
2006-05-25,0.0,0.0,0.0,0.0,0.0,1.0,0.0,0.0,0.0,0.0,0.0
2006-05-26,0.0,0.0,0.0,0.0,0.0,1.0,0.0,0.0,0.0,0.0,0.0
2006-05-30,0.0,0.0,0.0,0.0,0.0,1.0,0.0,0.0,0.0,0.0,0.0
2006-05-31,0.0,0.0,0.0,0.0,0.0,1.0,0.0,0.0,0.0,0.0,0.0
2006-06-01,0.0,0.0,0.0,0.0,0.0,1.0,0.0,0.0,0.0,0.0,0.0
2006-06-02,0.0,0.0,0.0,0.0,0.0,1.0,0.0,0.0,0.0,0.0,0.0
2006-06-05,0.0,0.0,0.0,0.0,0.0,1.0,0.0,0.0,0.0,0.0,0.0
2006-06-06,0.0,0.0,0.0,0.0,0.0,1.0,0.0,0.0,0.0,0.0,0.0
2006-06-07,0.0,0.0,0.0,0.0,0.0,1.0,0.0,0.0,0.0,0.0,0.0
2006-06-08,0.0,0.0,0.0,0.0,0.0,1.0,0.0,0.0,0.0,0.0,0.0
2006-06-09,0.0,0.0,0.0,0.0,0.0,1.0,0.0,0.0,0.0,0.0,0.0
2006-06-12,0.0,0.0,0.0,0.0,0.0,1.0,0.0,0.0,0.0,0.0,0.0
2006-06-13,0.0,0.0,0.0,0.0,0.0,1.0,0.0,0.0,0.0,0.0,0.0
2006-06-14,0.0,0.0,0.0,0.0,0.0,1.0,0.0,0.0,0.0,0.0,0.0
2006-06-15,0.0,0.0,0.0,0.0,0.0,1.0,0.0,0.0,0.0,0.0,0.0
2006-06-16,0.0,0.0,0.0,0.0,0.0,1.0,0.0,0.0,0.0,0.0,0.0
2006-06-19,0.0,0.0,0.0,0.0,0.0,1.0,0.0,0.0,0.0,0.0,0.0
2006-06-20,0.0,0.0,0.0,0.0,0.0,1.0,0.0,0.0,0.0,0.0,0.0
2006-06-21,0.0,0.0,0.0,0.0,0.0,1.0,0.0,0.0,0.0,0.0,0.0
2006-06-22,0.0,0.0,0.0,0.0,0.0,1.0,0.0,0.0,0.0,0.0,0.0
2006-06-23,0.0,0.0,0.0,0.0,0.0,1.0,0.0,0.0,0.0,0.0,0.0
2006-06-26,0.0,0.0,0.0,0.0,0.0,1.0,0.0,0.0,0.0,0.0,0.0
2006-06-27,0.0,0.0,0.0,0.0,0.0,1.0,0.0,0.0,0.0,0.0,0.0
2006-06-28,0.0,0.0,0.0,0.0,0.0,1.0,0.0,0.0,0.0,0.0,0.0
2006-06-29,0.0,0.0,0.0,0.0,0.0,1.0,0.0,0.0,0.0,0.0,0.0
2006-06-30,0.0,0.0,0.0,0.0,0.0,1.0,0.0,0.0,0.0,0.0,0.0
2006-07-03,0.0,0.0,0.0,0.0,0.0,1.0,0.0,0.0,0.0,0.0,0.0
2006-07-05,0.0,0.0,0.0,0.0,0.0,1.0,0.0,0.0,0.0,0.0,0.0
2006-07-06,0.0,0.0,0.0,0.0,0.0,1.0,0.0,0.0,0.0,0.0,0.0
2006-07-07,0.0,0.0,0.0,0.0,0.0,1.0,0.0,0.0,0.0,0.0,0.0
2006-07-10,0.0,0.0,0.0,0.0,0.0,1.0,0.0,0.0,0.0,0.0,0.0
2006-07-11,0.0,0.0,0.0,0.0,0.0,1.0,0.0,0.0,0.0,0.0,0.0
2006-07-12,0.0,0.0,0.0,0.0,0.0,1.0,0.0,0.0,0.0,0.0,0.0
2006-07-13,0.0,0.0,0.0,0.0,0.0,1.0,0.0,0.0,0.0,0.0,0.0
2006-07-14,0.0,0.0,0.0,0.0,0.0,1.0,0.0,0.0,0.0,0.0,0.0
2006-07-17,0.0,0.0,0.0,0.0,0.0,1.0,0.0,0.0,0.0,0.0,0.0
2006-07-18,0.0,0.0,0.0,0.0,0.0,1.0,0.0,0.0,0.0,0.0,0.0
2006-07-19,0.0,0.0,0.0,0.0,0.0,1.0,0.0,0.0,0.0,0.0,0.0
2006-07-20,0.0,0.0,0.0,0.0,0.0,1.0,0.0,0.0,0.0,0.0,0.0
2006-07-21,0.0,0.0,0.0,0.0,0.0,1.0,0.0,0.0,0.0,0.0,0.0
2006-07-24,0.0,0.0,0.0,0.0,0.0,1.0,0.0,0.0,0.0,0.0,0.0
2006-07-25,0.0,0.0,0.0,0.0,0.0,1.0,0.0,0.0,0.0,0.0,0.0
2006-07-26,0.0,0.0,0.0,0.0,0.0,1.0,0.0,0.0,0.0,0.0,0.0
2006-07-27,0.0,0.0,0.0,0.0,0.0,1.0,0.0,0.0,0.0,0.0,0.0
2006-07-28,0.0,0.0,0.0,0.0,0.0,1.0,0.0,0.0,0.0,0.0,0.0
2006-07-31,0.0,0.0,0.0,0.0,0.0,1.0,0.0,0.0,0.0,0.0,0.0
2006-08-01,0.0,0.0,0.0,0.0,0.0,1.0,0.0,0.0,0.0,0.0,0.0
2006-08-02,0.0,0.0,0.0,0.0,0.0,1.0,0.0,0.0,0.0,0.0,0.0
2006-08-03,0.0,0.0,0.0,0.0,0.0,1.0,0.0,0.0,0.0,0.0,0.0
2006-08-04,0.0,0.0,0.0,0.0,0.0,1.0,0.0,0.0,0.0,0.0,0.0
2006-08-07,0.0,0.0,0.0,0.0,0.0,1.0,0.0,0.0,0.0,0.0,0.0
2006-08-08,0.0,0.0,0.0,0.0,0.0,1.0,0.0,0.0,0.0,0.0,0.0
2006-08-09,0.0,0.0,0.0,0.0,0.0,1.0,0.0,0.0,0.0,0.0,0.0
2006-08-10,0.0,0.0,0.0,0.0,0.0,1.0,0.0,0.0,0.0,0.0,0.0
2006-08-11,0.0,0.0,0.0,0.0,0.0,1.0,0.0,0.0,0.0,0.0,0.0
2006-08-14,0.0,0.0,0.0,0.0,0.0,1.0,0.0,0.0,0.0,0.0,0.0
2006-08-15,0.0,0.0,0.0,0.0,0.0,1.0,0.0,0.0,0.0,0.0,0.0
2006-08-16,0.0,0.0,0.0,0.0,0.0,1.0,0.0,0.0,0.0,0.0,0.0
2006-08-17,0.0,0.0,0.0,0.0,0.0,1.0,0.0,0.0,0.0,0.0,0.0
2006-08-18,0.0,0.0,0.0,0.0,0.0,1.0,0.0,0.0,0.0,0.0,0.0
2006-08-21,0.0,0.0,0.0,0.0,0.0,1.0,0.0,0.0,0.0,0.0,0.0
2006-08-22,0.0,0.0,0.0,0.0,0.0,1.0,0.0,0.0,0.0,0.0,0.0
2006-08-23,0.0,0.0,0.0,0.0,0.0,1.0,0.0,0.0,0.0,0.0,0.0
2006-08-24,0.0,0.0,0.0,0.0,0.0,1.0,0.0,0.0,0.0,0.0,0.0
2006-08-25,0.0,0.0,0.0,0.0,0.0,1.0,0.0,0.0,0.0,0.0,0.0
2006-08-28,0.0,0.0,0.0,0.0,0.0,1.0,0.0,0.0,0.0,0.0,0.0
2006-08-29,0.0,0.0,0.0,0.0,0.0,1.0,0.0,0.0,0.0,0.0,0.0
2006-08-30,0.0,0.0,0.0,0.0,0.0,1.0,0.0,0.0,0.0,0.0,0.0
2006-08-31,0.0,0.0,0.0,0.0,0.0,1.0,0.0,0.0,0.0,0.0,0.0
2006-09-01,0.0019322169805163795,0.0019322169805163795,0.0019322169805163795,0.0019322169805163795,0.0019322169805163795,0.984542264155869,0.0019322169805163795,0.0019322169805163795,0.0,0.0019322169805163795,0.0
2006-09-05,0.0038276394123068175,0.003840933956016354,0.0038398315932771272,0.003833933266911572,0.003834275810887543,0.9693323269205791,0.003817997571996956,0.0038124454117516113,0.0,0.003860616056272939,0.0
2006-09-06,0.005653814051404988,0.005620557191608087,0.005679079070107506,0.005630376368139781,0.0055867860251330725,0.954799904220503,0.005674270714269224,0.00566657782071341,0.0,0.005688634538120978,0.0
2006-09-07,0.007488321771594426,0.007433452520130884,0.007502333867238035,0.007425762877954246,0.007387782255636889,0.9402824760606371,0.007536875301801346,0.007536121365669844,0.0,0.007406873979337404,0.0
2006-09-08,0.00939591757646638,0.009350370641131877,0.009462133565579832,0.009317863752253937,0.009337223807613464,0.9250533591542471,0.009428972525627796,0.009427001419233113,0.0,0.009227157557846696,0.0
2006-09-11,0.011298513877114572,0.011234645968225642,0.011365870211316608,0.011161448597456663,0.011041279046435554,0.9104653602549926,0.01130467429218521,0.011311003108193867,0.0,0.01081720464407955,0.0
2006-09-12,0.013249241935322353,0.01333477000208895,0.013348167805563763,0.01313531833373095,0.013078797807470902,0.8948103103865729,0.01317974676589588,0.01320986222596236,0.0,0.012653784737392117,0.0
2006-09-13,0.015147326607336862,0.015285090714334917,0.01530553781154121,0.014964118402428794,0.015120551747095654,0.8794770040245662,0.015042800332490862,0.01506495288881721,0.0,0.014592617471388302,0.0
2006-09-14,0.01701737260028703,0.017095249047387014,0.017166557984047644,0.01686143178655997,0.01687246496306629,0.8650410095196128,0.016889205187342465,0.01690542218875325,0.0,0.016151286722943498,0.0
2006-09-15,0.0188983437044239,0.018972047273022045,0.0190431528927249,0.01867978533517686,0.018818029681296467,0.8500189543706326,0.018729689970642352,0.018741963471328924,0.0,0.018098033300751933,0.0
2006-09-18,0.020769226431021817,0.020809460980869273,0.020778130017438643,0.02061289780827617,0.020868875868997824,0.8347944055315709,0.020560218013196692,0.02056933015566438,0.0,0.020237455192964195,0.0
2006-09-19,0.022555178540427642,0.0225555853088929,0.02273765217339671,0.022278020698597262,0.022395295920215687,0.8206448692695388,0.022523128810148525,0.022632925560418092,0.0,0.021677343718364307,0.0
2006-09-20,0.02452314971115006,0.024693929757189148,0.02451386668295483,0.024356495981084546,0.024691290012609758,0.8046059198018151,0.024386668361242595,0.02451502288572258,0.0,0.023713656806231498,0.0
2006-09-21,0.026297586891508372,0.026318959932419395,0.026165640935372853,0.02630680935019613,0.02600472429722751,0.789933655453905,0.02644276774238809,0.026608165936677804,0.0,0.025921689460304865,0.0
2006-09-22,0.028131906690910938,0.027903625567612698,0.02820887108921333,0.028094758829631087,0.027630193340775464,0.7749187555853196,0.02841300240978859,0.028613223869376248,0.0,0.028085662617372116,0.0
2006-09-25,0.03023501181943299,0.03013195825370875,0.030091357517326816,0.030111221057423778,0.029872434787143843,0.7585202904645018,0.030381583233026168,0.030660688120315072,0.0,0.029995454747120908,0.0
2006-09-26,0.03238366264330268,0.03214966602437708,0.032028008671122564,0.03210840150130854,0.032146160464661226,0.7424897688853245,0.03221940383413221,0.032425099953343285,0.0,0.03204982802242815,0.0
2006-09-27,0.03427065024431917,0.03423710214942089,0.03416732253158945,0.03417304200592605,0.0339574765627559,0.7264637907014257,0.03408161860828579,0.03418895157962254,0.0,0.03446004561665467,0.0
2006-09-28,0.03615070223429018,0.03601156029484444,0.03596489230519468,0.036160546794105866,0.03612707023400288,0.7112611242298005,0.0359653991001382,0.036038889896563314,0.0,0.0363198149110601,0.0
2006-09-29,0.038073064799250024,0.037704086886932754,0.03789580247999227,0.03803781224508,0.03782569326218574,0.6965210848804754,0.0379029486962849,0.03796253014625488,0.0,0.03807697660354412,0.0
2006-10-02,0.04246944181995126,0.042088910394638475,0.04244032069366533,0.042609179341841545,0.031598618520600655,0.6820704353841602,0.04249505207413505,0.04255826722698939,0.0,0.03166977454401801,0.0
2006-10-03,0.04696167866436367,0.046705480747330386,0.047104194327570285,0.04700431415687402,0.025420703220081987,0.6678079553958297,0.04692831936842727,0.046933718665503533,0.0,0.025133635454019084,0.0
2006-10-04,0.051049388111574556,0.051049388111574556,0.051049388111574556,0.051049388111574556,0.02,0.6537036713305525,0.051049388111574556,0.051049388111574556,0.0,0.02,0.0
2006-10-05,0.05112764829186918,0.051679854330410904,0.0513403511292509,0.0510887787122562,0.020257742594206405,0.6527952501630485,0.0508517473032708,0.05067143095064357,0.0,0.02018719652504329,0.0
2006-10-06,0.0512069178549536,0.05155859518453397,0.051107800032052876,0.05077771061143645,0.02026347523192503,0.6538141413812324,0.050718403354536014,0.05028410720609739,0.0,0.02026884914323213,0.0
2006-10-09,0.051181808994890846,0.05189519508523408,0.0513965156296986,0.0507599786008505,0.020165817699818008,0.653188059336405,0.050724847502826034,0.05036625771895565,0.0,0.0203215194313212,0.0
2006-10-10,0.05131752882449356,0.051991630871620995,0.05148372673917142,0.050886508156485724,0.020374777755809006,0.6531503346365458,0.0504845924795044,0.05003375584831151,0.0,0.020277144688057528,0.0
2006-10-11,0.05130199854894772,0.05183379263614191,0.05139248802845386,0.05089403540319603,0.020284022629515595,0.6536441896864313,0.05046761184651529,0.04992957335866239,0.0,0.02025228786213591,0.0
2006-10-12,0.05155955313287547,0.052689375074314586,0.05169320827628103,0.05125321371404539,0.020703388562119524,0.6516116397901865,0.05031615591681289,0.04977783810457853,0.0,0.020395627428786013,0.0
2006-10-13,0.05163691377798124,0.053052640967603974,0.0521367209996068,0.05128775284408003,0.020803831456972025,0.6506735288009924,0.050176903716997685,0.04947506263261942,0.0,0.020756644803146287,0.0
2006-10-16,0.05162802507841342,0.05327611062549824,0.0522675277367235,0.05139301904737581,0.02082539696118353,0.6498879982130447,0.05017679115973519,0.04961163531831079,0.0,0.020933495859714803,0.0
2006-10-17,0.05153206516143704,0.0530792150199877,0.05207594028374316,0.0511399404352836,0.020578753820304795,0.6508061642007522,0.05029643886850479,0.04971523640724789,0.0,0.02077624580273874,0.0
2006-10-18,0.05155518815121272,0.05304003698655517,0.05234751572933753,0.05122157909918101,0.020762716890956007,0.6503214961469868,0.05024048266032712,0.049774042017982335,0.0,0.020736942317461263,0.0
2006-10-19,0.0515987586360514,0.05325758383141904,0.052178270349812705,0.05156786660822572,0.020838528670465394,0.6497431934709025,0.05015934215554819,0.04964536102675418,0.0,0.021011095250820806,0.0
2006-10-20,0.05163865907833709,0.052763635980995004,0.052142522197507674,0.051759593892461556,0.020752224178101863,0.65034680376156,0.050174904128444636,0.04962185399557739,0.0,0.020799802787014675,0.0
2006-10-23,0.05189770522985373,0.05289003843142435,0.052409717173302936,0.05182536708727951,0.02074239160785888,0.6502888042363286,0.05005494020031188,0.049443775229876294,0.0,0.020447260803763623,0.0
2006-10-24,0.05202913802736558,0.052970997206290914,0.052237509861335345,0.05180953279961346,0.020851314639471725,0.6499970647552115,0.05009968548477054,0.04942159323745067,0.0,0.020583163988490027,0.0
2006-10-25,0.05205493557184674,0.05316515591008222,0.05235015566955476,0.05202146395642559,0.021032654938967717,0.6488390394414403,0.05013697545129637,0.04966804755884356,0.0,0.02073157150154261,0.0
2006-10-26,0.05205762309362676,0.05344717801470203,0.05269835663322905,0.05226106312957465,0.021019231324975005,0.6476696146719796,0.050154251045301884,0.04983785193891059,0.0,0.020854830147700405,0.0
2006-10-27,0.05177909853676856,0.05287161999113776,0.05240614098572324,0.05194779955921401,0.020687776618931945,0.6489148740726087,0.05036472721756523,0.05011512845536419,0.0,0.020912834562686222,0.0
2006-10-30,0.051718336179286443,0.0530769484166782,0.05288414542874074,0.051813857303875215,0.02060754094340856,0.6482197724188525,0.05036643554429669,0.05023355699570606,0.0,0.021079406769155568,0.0
2006-10-31,0.05161748377105474,0.05281485700656524,0.05272449935655043,0.0517497721947624,0.020964949433723352,0.6479366498251227,0.05049990053482616,0.05053110021246929,0.0,0.02116078766492568,0.0
2006-11-01,0.05209945040220437,0.052366825175216035,0.052767681095420876,0.052360016154313786,0.031832954985018834,0.6340281789037602,0.05170515686024398,0.05179515724480031,0.0,0.02104457917902164,0.0
2006-11-02,0.052882853193193476,0.05299374531670841,0.052722765884004416,0.053126682431611616,0.04275993580303732,0.6196145136805653,0.05262813583131155,0.05263809765133794,0.0,0.020633270208229946,0.0
2006-11-03,0.05361437542657561,0.05363267017361291,0.05359121757905183,0.053619664872891604,0.05322064265534404,0.605113627749673,0.05359204574974601,0.05358355352774079,0.0,0.020032202265364143,0.0
2006-11-06,0.05364301998124717,0.05364301998124717,0.05364301998124717,0.05364301998124717,0.05364301998124717,0.6044988601312699,0.05364301998124717,0.05364301998124717,0.0,0.02,0.0
2006-11-07,0.05378855742990651,0.05393680135050723,0.05307916209360289,0.053643095477798844,0.05335465770846221,0.6045766139455884,0.053764806373985646,0.05383030722296453,0.0,0.02002599839718367,0.0
2006-11-08,0.0538523395784581,0.05415991592275036,0.05314810818590581,0.05360575098637785,0.053439361909654884,0.6042881695478496,0.05382914478866953,0.05397066872035666,0.0,0.01970654035997705,0.0
2006-11-09,0.0535827675200325,0.05367838486197634,0.0532956769928213,0.05334847312929994,0.053635221199583555,0.6043642688379594,0.0538361557767083,0.05395406155037719,0.0,0.020304990131241214,0.0
2006-11-10,0.053518255076617643,0.0540353588648781,0.05343621154005263,0.05347132956641132,0.05362328297086579,0.6038267859147999,0.05386466841602363,0.05410050262450376,0.0,0.020123605025846952,0.0
2006-11-13,0.05364919274382768,0.054112341544817213,0.053529331349745725,0.05313278878657118,0.05380474408529945,0.6038190424502472,0.053838051339766615,0.054087768261266954,0.0,0.020026739438457588,0.0
2006-11-14,0.0538554936139032,0.05495711373934783,0.05388902051104235,0.053523296479398665,0.05444617810894601,0.6017009988351018,0.05375230343714697,0.05410127251472209,0.0,0.019774322760390733,0.0
2006-11-15,0.05400358351385013,0.05536586452406637,0.05400298336384996,0.05350218142906663,0.05454073695779007,0.6012565019599105,0.053597599585954434,0.05389112639273119,0.0,0.01983942227278027,0.0
2006-11-16,0.054200681443027775,0.055383182232416076,0.05432839027930786,0.0534474310758394,0.05404939076636672,0.6016779293470945,0.0535195126267864,0.053702930744217774,0.0,0.01969055148494304,0.0
2006-11-17,0.05415664270029907,0.055287244198533494,0.054202026946147945,0.0532317217490562,0.05392960162474197,0.6017686159217357,0.05365451676190777,0.05394989992641889,0.0,0.019819730171158585,0.0
2006-11-20,0.05410788790233316,0.05528328684510778,0.05583537982529317,0.05275021897018114,0.05363897506755077,0.6010344340298704,0.053607929001087976,0.053954480209284436,0.0,0.019787408149290885,0.0
2006-11-21,0.054014092794509555,0.055223591912341025,0.056633649529283264,0.05286704192043009,0.054346005371186834,0.5995448119719766,0.05353889421695746,0.05393873551470056,0.0,0.019893176768614407,0.0
2006-11-22,0.0540178693607114,0.05518064868802275,0.05668430632672632,0.05327862445190954,0.05462257129234043,0.5988431690436476,0.053519689285071066,0.05392474518885762,0.0,0.019928376362713152,0.0
2006-11-24,0.05379636883308164,0.054925864346695434,0.05695313025917466,0.0529931789539273,0.054609494780298896,0.5988843004930342,0.05357445779979344,0.054017106674591996,0.0,0.020246097859402314,0.0
2006-11-27,0.0532858169835622,0.05392732761042189,0.05564677524751464,0.052781646782713916,0.05380898944870719,0.6018463374025792,0.053857469290582966,0.054448027939000505,0.0,0.020397609294917393,0.0
2006-11-28,0.05341969356052579,0.05401171858738961,0.05569878158818287,0.05315536978502599,0.05402273313611071,0.6010536097409191,0.05385626176764207,0.054462782693487546,0.0,0.020319049140716066,0.0
2006-11-29,0.05380223069342355,0.054535599911435355,0.056347204846609315,0.053585045404712255,0.054718959392566685,0.5991089091718927,0.05361788302303464,0.054161485803830275,0.0,0.020122681752495035,0.0
2006-11-30,0.053672894903050515,0.054388245266391876,0.05681573227067015,0.053663027657537686,0.05480871350412496,0.5980827612847012,0.053747527800319515,0.05436459083147001,0.0,0.020456506481733923,0.0
2006-12-01,0.05480971856342719,0.05530756543354689,0.05727566918210246,0.054842713254477836,0.055621123554877874,0.5828679552756444,0.0550600393244642,0.05555721071000472,0.0,0.028658004701454316,0.0
2006-12-04,0.05625038516924516,0.057107034916401844,0.05827953755344489,0.05622922061354888,0.05738286585500101,0.5651927651107583,0.05612313889053754,0.05656140946307731,0.0,0.03687364242798506,0.0
2006-12-05,0.0576131526396214,0.05802893260903175,0.058476079470658596,0.05764639131279902,0.058810521707382865,0.5495202994476198,0.05733238478580741,0.05748822355276524,0.0,0.04508401447431395,0.0
2006-12-06,0.05875913364367043,0.05887690024623738,0.05913413647042269,0.05873974545601615,0.05913043646878409,0.5351584693323655,0.05861763022356567,0.058675486327771316,0.0,0.05290806183116688,0.0
2006-12-07,0.059611867909288366,0.059611867909288366,0.059611867909288366,0.059611867909288366,0.059611867909288366,0.5231050567256932,0.059611867909288366,0.059611867909288366,0.0,0.059611867909288366,0.0
2006-12-08,0.05986056927358189,0.059758106232717385,0.05977857329729138,0.05957940983806577,0.059484722407708523,0.5236685740654031,0.05945054502704627,0.059316684121158335,0.0,0.059102815737027324,0.0
2006-12-11,0.059915806783754924,0.05979175717029868,0.05998272801064494,0.05973035563700125,0.059394019891975916,0.5227017903718866,0.05954723069893149,0.05945564220894503,0.0,0.05948066922656128,0.0
2006-12-12,0.05988228488379668,0.05947907879645001,0.0597226671244759,0.05998728336449204,0.05869047589697972,0.5235320091446445,0.059667046598282494,0.05959316908570492,0.0,0.05944598510517395,0.0
2006-12-13,0.06001991292534738,0.059628568734956165,0.059467205414904245,0.06028961902361146,0.05908195907758021,0.5234623656740589,0.05943400163518497,0.05913482971696257,0.0,0.05948153779739426,0.0
2006-12-14,0.060474726388707864,0.059797987205743384,0.05950652751834537,0.06045993847646712,0.06001799752967456,0.5225616346088581,0.05926865991053474,0.05884600619935104,0.0,0.059066522162318086,0.0
2006-12-15,0.06055267740932401,0.05981667794557773,0.05922747790544388,0.06028818112050843,0.06035567246386233,0.5233845945668755,0.059354066021337554,0.058949473482800406,0.0,0.058071179084270376,0.0
2006-12-18,0.06047836885326206,0.059155728546868784,0.05914182505248388,0.06028991677343609,0.060026866892734794,0.5241785512370088,0.05947270006775587,0.05905863425707163,0.0,0.05819740831937827,0.0
2006-12-19,0.06058075492672538,0.05910541589682403,0.05867328539447055,0.06054642249948326,0.05963661462038844,0.5241344534721275,0.0594459826210654,0.05896736024118581,0.0,0.05890971032772983,0.0
2006-12-20,0.060456933666662015,0.05935977561907776,0.059073316363000665,0.06035082909146834,0.06020713419115731,0.5236839554795089,0.05934360095569572,0.05887338683239465,0.0,0.05865106780103498,0.0
2006-12-21,0.06026760633031948,0.059116978592469734,0.05853624272228822,0.06035234822214127,0.06013115931764709,0.524352683065374,0.059589196375538916,0.05920026150072098,0.0,0.0584535238735007,0.0
2006-12-22,0.059997697455074134,0.0588269130811364,0.05817887455966794,0.06031177316762071,0.060447852460439114,0.5251655096856264,0.0594172052659769,0.05884518822989245,0.0,0.058808986094566466,0.0
2006-12-26,0.06018008327627797,0.059496620561167265,0.05859546289113232,0.06011553869274263,0.06083611455880365,0.5236738260782884,0.05929122691539709,0.058855283879723316,0.0,0.058955843146467866,0.0
2006-12-27,0.060419613997233855,0.06004928472601743,0.05895435223662057,0.06070683997543702,0.06154430071141281,0.5220400598157918,0.0589812988322548,0.058272309596786094,0.0,0.05903194010844606,0.0
2006-12-28,0.060307395233197586,0.05979096593834231,0.059145966252370355,0.06076335870117441,0.061441402413510114,0.5218432930620875,0.058860354501919836,0.05815535220180823,0.0,0.05969191169559009,0.0
2006-12-29,0.06010466606173174,0.059268564264941204,0.05905103052006379,0.060745022929122004,0.06137708249264088,0.5223864964455363,0.05887832031267197,0.058155291265505,0.0,0.06003352570778764,0.0
2007-01-03,0.06212607156100782,0.061549749889514824,0.061597338397860316,0.06302721701175483,0.0638607019076062,0.5044060671556133,0.06125980037009916,0.06082146626303493,0.0,0.0613515874435089,0.0
2007-01-04,0.06458084945469578,0.06409140083126495,0.06397194588598135,0.06511220305873158,0.06523092921447035,0.48630932003485383,0.06388126633108487,0.06361811109304155,0.0,0.06320397409587589,0.0
2007-01-05,0.06679989423330922,0.06561225694900716,0.06581983828958876,0.06686248617322335,0.06612999177511217,0.47152549839491653,0.06644570653194179,0.06615220892856262,0.0,0.0646521187243385,0.0
2007-01-08,0.06924432729790891,0.06770006395273474,0.06809483714069157,0.06910890134688198,0.06880485033863581,0.45247104390589155,0.06870264878019958,0.06849963275843804,0.0,0.06737369447861792,0.0
2007-01-09,0.07136496482199231,0.07063128748734898,0.0711136951881996,0.07135659477661482,0.069705314024056,0.43397057029452657,0.0709326913108742,0.07077133754017817,0.0,0.07015354455620941,0.0
2007-01-10,0.07387294038374523,0.07351979646855017,0.07441142568586241,0.07321336556014722,0.07215133364354515,0.4142968356918717,0.0732120201651767,0.07291243858280393,0.0,0.07240984381829763,0.0
2007-01-11,0.07621713150638389,0.07603644588316333,0.07708124433150478,0.07580018188694271,0.07529891174886914,0.3946675716807886,0.075260804351505,0.07483046521787999,0.0,0.0748072433929627,0.0
2007-01-12,0.0785970222160435,0.07857368100947218,0.07901806216320621,0.07849374259752703,0.07862273043306152,0.3740102527277697,0.0773135275930285,0.07684138405353624,0.0,0.0785295972063551,0.0
2007-01-16,0.0805573000690086,0.08027946210368538,0.08159537637904679,0.08052491040569995,0.08087951502120928,0.3562986047997665,0.07987183838709501,0.0795521644411296,0.0,0.08044082839335884,0.0
2007-01-17,0.08276311035969969,0.082386184004696,0.08347624216045152,0.08275049699246417,0.08273448550845619,0.3384215628346871,0.0822634170963072,0.08203025720918158,0.0,0.08317424383405642,0.0
2007-01-18,0.08489285915609229,0.08469064920228621,0.08507431612534233,0.0848882092299137,0.08473210795922655,0.3210769891020093,0.08486403385604084,0.084840477957068,0.0,0.08494035741202059,0.0
2007-01-19,0.08565654645562705,0.08565654645562705,0.08565654645562705,0.08565654645562705,0.08565654645562705,0.3147476283549835,0.08565654645562705,0.08565654645562705,0.0,0.08565654645562705,0.0
2007-01-22,0.08552829850015756,0.08516372816502121,0.08552885419069323,0.08536184191204438,0.08569360167548541,0.31536582846311634,0.08594917170796963,0.08599736390302219,0.0,0.08541131148248994,0.0
2007-01-23,0.08534608349538361,0.08553366490177652,0.08533860813011379,0.08568237200496172,0.0871994800181371,0.313611545423148,0.08526458823094028,0.08499910608570478,0.0,0.08702455170983416,0.0
2007-01-24,0.08565705546466745,0.0860884860327707,0.08612656358209567,0.08586113910503283,0.08757252448475697,0.3123958618293548,0.08490195621542682,0.08461763511240251,0.0,0.0867787781734922,0.0
2007-01-25,0.08526545535460417,0.08562311937395521,0.08726790919757291,0.08507836476890498,0.08549471278226942,0.3144259586743504,0.08518456395408365,0.08461853531798177,0.0,0.08704138057627744,0.0
2007-01-26,0.08507679256035794,0.08583063266980277,0.08741728857781528,0.08513017507819463,0.08590724967926114,0.3140564531905064,0.08506341352680069,0.08444050842507343,0.0,0.08707748629218781,0.0
2007-01-29,0.08510067222735486,0.08665130713887412,0.08774438353197181,0.08529492283276567,0.08484035552522423,0.3143608345477763,0.08507276375451708,0.08432702558354198,0.0,0.08660773485797404,0.0
2007-01-30,0.08520458474786292,0.08677876975524187,0.0876970881100834,0.08553474904891963,0.08581263980032929,0.3131918668135745,0.08481816174720096,0.08408929958366092,0.0,0.0868728403931267,0.0
2007-01-31,0.08535545029653543,0.08653724947069186,0.0882602686758792,0.08543618387326525,0.0860530063799885,0.31200168777213344,0.0847103987478864,0.08437918178108823,0.0,0.08726657300253188,0.0
2007-02-01,0.0878924024976264,0.08929451098883663,0.08995052984828686,0.08814121097513729,0.08898110921465,0.29283466225637245,0.08682493581544655,0.08649896911597796,0.0,0.08958166928766602,0.0
2007-02-02,0.09042706247677541,0.09157790977550079,0.09264622378126373,0.0903845448263927,0.09102820895800608,0.2745873942740634,0.0894670314677832,0.08921634436530271,0.0,0.09066528007491206,0.0
2007-02-05,0.09274210933946406,0.09368150985268615,0.09454070623334239,0.09244047048164422,0.0933009438040313,0.256537950004826,0.09199478881267599,0.09180400144903864,0.0,0.09295752002229131,0.0
2007-02-06,0.0947750023505954,0.09569500675901926,0.09723568987583096,0.09508991834393792,0.09594129555527685,0.2370102616486609,0.09436236895500368,0.09440688650132495,0.0,0.09548357001035013,0.0
2007-02-07,0.09720247180465451,0.09840600174888103,0.09998674169493477,0.09748361660076652,0.0976462805020964,0.21800757048780617,0.09688842732418579,0.0969771366551328,0.0,0.09740175318154194,0.0
2007-02-08,0.09965652163185247,0.10045209848716394,0.1011147138183868,0.09966990941702993,0.09969026748053895,0.1994409530242469,0.09954576887599435,0.09964223603946948,0.0,0.10078753122531706,0.0
2007-02-09,0.10196338507060375,0.10230134547842287,0.10238130200301919,0.10214313453254559,0.10173746020239273,0.18179272370136362,0.10214263078909254,0.10205192016318491,0.0,0.10348609805937468,0.0
2007-02-12,0.10446926879302136,0.10454309192788754,0.10429599140380436,0.10449297525652593,0.10436459091065452,0.16410573735295936,0.10454029092227868,0.10450623933096433,0.0,0.10468181410190383,0.0
2007-02-13,0.105,0.105,0.105,0.105,0.105,0.15999999999999992,0.105,0.105,0.0,0.105,0.0
2007-02-14,0.10498718081065402,0.10445735699470472,0.10366011897268285,0.10571507637529265,0.10654820765399556,0.15929496070518112,0.10490069846909433,0.10529456210669574,0.0,0.10514183791169879,0.0
2007-02-15,0.10492710743590009,0.10433896017077068,0.10432033284010175,0.10564133933827645,0.10641174892344696,0.15907580183552947,0.10486928677348956,0.10540743752003236,0.0,0.1050079851624525,0.0
2007-02-16,0.10480991889204462,0.10467226450850046,0.10389430876807501,0.10553259144730981,0.10658786510687365,0.15901416946786692,0.10491679825218977,0.10570999518944402,0.0,0.10486208836769553,0.0
2007-02-20,0.10490449874838624,0.10554893268670029,0.10464271006199023,0.10555540590437061,0.10673729644810494,0.15879998198796175,0.1049154222812734,0.10581901321670824,0.0,0.10307673866450405,0.0
2007-02-21,0.10459935632937054,0.10547788340127094,0.10383266249906166,0.1047547716999928,0.10678556024268816,0.1585020433231115,0.10464059468179633,0.1053763562436871,0.0,0.10603077157902073,0.0
2007-02-22,0.10465492720734632,0.10598656428942876,0.10343933781308333,0.1053581083396613,0.10665252067349767,0.15860682635854098,0.1045090631123704,0.10494080805860063,0.0,0.10585184414747033,0.0
2007-02-23,0.1043121439857723,0.10548744577706015,0.10203564112392555,0.10575596280415608,0.10595372481137373,0.15888583512114396,0.10499377333632824,0.10575736897324464,0.0,0.10681810406699511,0.0
2007-02-26,0.10412218483378437,0.10531248010040944,0.10127986967893235,0.10571303173032866,0.10581043928907319,0.1588572999397674,0.10522577531599,0.10636101685213084,0.0,0.10731790225958354,0.0
2007-02-27,0.10280885674324514,0.10313636377319202,0.10069329141229016,0.10424725384224749,0.09988192139285561,0.1636154220190794,0.10903259035689085,0.11066889653660239,0.0,0.10591540392359679,0.0
2007-02-28,0.10315762404278113,0.10345989681828249,0.10078736431930425,0.1042707713561142,0.10168623766823479,0.162383441053197,0.10791750926610648,0.1094199513698164,0.0,0.10691720410616308,0.0
2007-03-01,0.1033476010620134,0.10341954261678071,0.10064276758899571,0.10370115375634237,0.10070909056922929,0.15787950890181368,0.10853716296624227,0.10987934423049331,0.00551613526775745,0.10636769304033167,0.0
2007-03-02,0.10306326700636417,0.10248110356340585,0.09965707127203349,0.10337780110553753,0.1007907624889599,0.15396537995626736,0.10988785225227873,0.111427813882194,0.011149924280400651,0.10419902419255817,0.0
2007-03-05,0.1033698711439038,0.10166195660898969,0.09762736597248917,0.10261848820000255,0.09955655108625407,0.15001472488692033,0.11109824279560393,0.11274923093022504,0.016892931520055093,0.10441063685555622,0.0
2007-03-06,0.10339564717222313,0.1027767324455154,0.09944845741275171,0.10402006355681456,0.10206545813232394,0.14166287121292764,0.10906238383179985,0.11048945293744268,0.02224057977293772,0.10483835352526323,0.0
2007-03-07,0.10342885555374179,0.10267717377120542,0.09843163039095598,0.10414365335219661,0.10149383554194584,0.1362513427847596,0.10932047426659172,0.11094929665166368,0.027951034202907805,0.10535270348403149,0.0
2007-03-08,0.10352448787329918,0.1027880439079164,0.09944574864815725,0.10449772401260188,0.10304443364520198,0.1295706306782185,0.10851883306072327,0.110028626147975,0.033520783292147846,0.10506068873375857,0.0
2007-03-09,0.10352743111161576,0.10359698191736644,0.10066270358662611,0.10453736656901719,0.10288714779868237,0.12367464019217443,0.10799614436551203,0.10901055247747904,0.03919056761298049,0.10491646436854604,0.0
2007-03-12,0.103346157899104,0.1035310297298373,0.10081347262392039,0.10468908437103225,0.10268706134925801,0.11776170871198,0.10803726537415347,0.1092080627311512,0.04490321605952564,0.10502294115003767,0.0
2007-03-13,0.10276232815118004,0.10239774602782287,0.09963706426322423,0.10352909435743206,0.10091761041289773,0.11339426847005307,0.10963750676969042,0.11099869469049439,0.05123658435192159,0.10548910250528357,0.0
2007-03-14,0.10325773596341407,0.10324116283858005,0.1000147201833272,0.10337532790980501,0.10127640240639993,0.10703166130775496,0.10902514626471692,0.11010542282614816,0.05692872077090984,0.10574369952894377,0.0
2007-03-15,0.10317667149251705,0.10364090720163278,0.10052610241408481,0.10359224709575318,0.1014625869835488,0.10073689342118504,0.10857482771161153,0.10980693014070074,0.06270904008193724,0.10577379345702884,0.0
2007-03-16,0.10318141887282953,0.10323961892729018,0.10035383890063966,0.10379890092847091,0.10073192621596556,0.09494134376783264,0.10864238702664186,0.109918691290204,0.06847848687250017,0.1067133871976255,0.0
2007-03-19,0.10342938700931222,0.10350693023662601,0.10064744003697706,0.10392416633998669,0.10105860087794218,0.08917133411042845,0.1083561465367536,0.10966076369908576,0.073922368514555,0.1063228626383331,0.0
2007-03-20,0.1033476010620134,0.10341954261678071,0.10064276758899571,0.10370115375634237,0.10070909056922929,0.08767014152950126,0.10853716296624227,0.10987934423049331,0.0757255026400701,0.10636769304033167,0.0
2007-03-21,0.10383576486825027,0.10406664658595462,0.10088242409652765,0.10469049714195097,0.10252904306277202,0.08679825430839987,0.10743829990955238,0.10865934016001288,0.07507397032128381,0.10602575954529558,0.0
2007-03-22,0.10402712058781219,0.10433852634271236,0.10106536653640122,0.10456667217424702,0.1023571502851379,0.08693853480530991,0.10735855093565302,0.10808138078456159,0.07506084310914143,0.10620585443902342,0.0
2007-03-23,0.104252182691591,0.1045727201350432,0.10111013095768757,0.10488621620463402,0.10290363258110215,0.0869449333888289,0.10726577500228039,0.1078529082937327,0.07491762328758084,0.10529387745751935,0.0
2007-03-26,0.10415394548835862,0.10439116396938335,0.09958022928370745,0.10496756547760377,0.10288144270440834,0.08706482768645997,0.10739709674081335,0.10802791313797919,0.07508599164499542,0.10644982386629072,0.0
2007-03-27,0.10421057279927397,0.10421269848673974,0.09904408929843544,0.10480688844398836,0.10272318656456413,0.08733034258956032,0.10768537659598004,0.1081610737968476,0.0752916056083316,0.10653416581627899,0.0
2007-03-28,0.10397809414213693,0.1040199085909443,0.098388249822741,0.10441358621413484,0.1013995792803829,0.0878181381771288,0.10822007290847252,0.10849069146960535,0.07562526435250454,0.10764641504194904,0.0
2007-03-29,0.10381754223226966,0.10388063958789633,0.0986582477947322,0.10505236579626744,0.10314548614614506,0.08754637853258992,0.10778334360797667,0.1080621149098979,0.07533745041803719,0.1067164309741878,0.0
2007-03-30,0.10372167533852414,0.10402465415140667,0.09946819519492815,0.10509848360270428,0.1030107887802277,0.08744706157951149,0.10753163993857863,0.10773207209003008,0.0752239304992254,0.10674149882486371,0.0
2007-04-02,0.10351998310413026,0.10396658026757301,0.10033801195877637,0.10505069009488104,0.10339997047166305,0.08741828460189016,0.10732090867312956,0.10735668319937938,0.07503679965367151,0.10659208797490576,0.0
2007-04-03,0.10407541441501085,0.10451501565250035,0.1006700943132168,0.10536392634412148,0.10453129774989962,0.08695150554299982,0.10665767996725016,0.10665011676172964,0.07459422220749723,0.1059907270457742,0.0
2007-04-04,0.1039304900874338,0.1042404289501169,0.09976017897287225,0.10553615647212748,0.10492557903756372,0.08678793400090226,0.10655773880963812,0.10649196456478446,0.07447020894632501,0.10729932015823608,0.0
2007-04-05,0.10421213494906555,0.10417556099226481,0.09984085056214365,0.10591751790142638,0.10502165430200684,0.08675537422425846,0.10628775265543287,0.10609284648285126,0.07431681426533827,0.10737949366521202,0.0
2007-04-09,0.10450489733542968,0.10446622465755728,0.09991335159897555,0.10598614080016662,0.10577519240496285,0.0866836419206001,0.10594974481228549,0.10554133989382482,0.07417816186258835,0.1070013047136094,0.0
2007-04-10,0.10423173284690648,0.10439367810817377,0.09978837612587166,0.10637319289163202,0.10587202684853504,0.08646335114789999,0.10576651715890656,0.10545532562673438,0.07405023492427074,0.10760556432106953,0.0
2007-04-11,0.10426195175552269,0.10420288930017976,0.09888461542103719,0.10632114384882466,0.1053550429160232,0.0868427239702042,0.10610182575824417,0.10584534655613727,0.07423549879684442,0.10794896167698255,0.0
2007-04-12,0.10439139723234628,0.10456918187295211,0.09805058812105255,0.10668982129163497,0.10677502044896112,0.08655505328357187,0.1058662505447489,0.10553204982386238,0.07411019658859895,0.10746044079227106,0.0
2007-04-13,0.10447190276214686,0.10484465182460638,0.0987486516518944,0.10663966078156119,0.10689421127828742,0.08618533946591173,0.10528768756503641,0.1048089572572858,0.07370569156548969,0.10841324584778028,0.0
2007-04-16,0.10478838592185231,0.10560706201884842,0.09809324158901153,0.10707454884223337,0.10747188270668241,0.08562253639616609,0.10472756177150978,0.10471130580105024,0.07329553665879694,0.10860793829384909,0.0
2007-04-17,0.10488550431860506,0.10510510902845768,0.09932501818289528,0.10690306847434942,0.10670793249839132,0.08561345637665348,0.10499059131443861,0.10511516005161624,0.07356783591574645,0.10778632383884663,0.0
2007-04-18,0.10503133703344825,0.10450896718263307,0.09898833570875247,0.10688050971718083,0.10593141207695994,0.08574516308468066,0.10524908641658921,0.10565777953621942,0.07360071365005053,0.10840669559348577,0.0
2007-04-19,0.10543835859909637,0.10444184452227297,0.09854086911959054,0.10691870881268056,0.10551257296021582,0.08610083829839639,0.10567292558121748,0.10591628949134516,0.07395436360909481,0.10750322900609005,0.0
2007-04-20,0.10567227397887807,0.10490534030311804,0.09890357020368921,0.10737387007950641,0.10600568259276172,0.08546349660198702,0.10480302803978614,0.10488480103980392,0.07340465186788618,0.10858328529258329,0.0
2007-04-23,0.1053756017265442,0.10489167126674999,0.09984030374669857,0.10643053089397154,0.10568571651605975,0.0856098185807243,0.10511925664703496,0.10536703395645398,0.07368820955959483,0.10799185710616784,0.0
2007-04-24,0.10549825325769947,0.1049201469014303,0.09923330884190479,0.10644409210696962,0.10574863145308293,0.08574940281802347,0.10540167477018475,0.1058402816252178,0.07392957824433623,0.10723462998115066,0.0
2007-04-25,0.10610733206575348,0.10485845964877502,0.09903425421652702,0.10707515949030416,0.10669759446367885,0.08542791314547148,0.10498257675575315,0.10511457849752527,0.07357719861637049,0.107124933099841,0.0
2007-04-26,0.10652957050968681,0.10574309903856842,0.09945185178027142,0.10688244343475176,0.106716115196546,0.08560647470512453,0.10497672383559152,0.10465057784626805,0.07362815397245498,0.1058149896807364,0.0
2007-04-27,0.10650218156790162,0.10535388316568402,0.09917609827006024,0.1067123745532302,0.10623973952499145,0.08568513930647155,0.10503395737387275,0.10468380529067979,0.07364769043652361,0.10696513051058462,0.0
2007-04-30,0.10628516764131277,0.10373152290220013,0.09788941529726103,0.10699349055451018,0.10484486036809348,0.08628997877194197,0.10615537489563014,0.10644753328249634,0.07447168292973831,0.10689097335681542,0.0
2007-05-01,0.10617829970048565,0.1041704116249606,0.09738809736067129,0.10617829970048565,0.1052764053160346,0.08783483012164783,0.1061762876394995,0.10617829970048565,0.07444076913524357,0.10617829970048565,0.0
2007-05-02,0.10621599229162212,0.10498129363841133,0.09765314460970548,0.10639924124883086,0.10678095060419723,0.08739844944554714,0.10546876185293316,0.10553838631481043,0.07401323861720249,0.10555054137673964,0.0
2007-05-03,0.10647290530529074,0.10485938626631842,0.09774806080895397,0.10622843540858837,0.10735741522520123,0.08707260760861367,0.10504006037748036,0.10498573723035125,0.07368925522833887,0.10654613654086298,0.0
2007-05-04,0.1064969534968016,0.105147132067527,0.09691432415204321,0.10684610034592296,0.10694181214251382,0.08680668699393376,0.1049325492810722,0.10503964429767751,0.07360592935947677,0.10726886786303107,0.0
2007-05-07,0.10638861650859739,0.10471495753448445,0.09688690620187435,0.10687520363177577,0.10750542228439844,0.086701145251006,0.10489337847204488,0.10519611730023637,0.07360553460567038,0.10723271820991175,0.0
2007-05-08,0.1066987677091639,0.1047902652646645,0.09666270883798447,0.10645074666550246,0.10656011052798454,0.08711274479162633,0.10533874245865282,0.10540494669141541,0.07387675547335329,0.10710421157965205,0.0
2007-05-09,0.10672001378370045,0.10494602404320699,0.09754048327927306,0.10676717003935157,0.10800788355804834,0.08682870753621222,0.10473233933877305,0.10472483387281828,0.07357433776555437,0.1061582067830614,0.0
2007-05-10,0.1066490818651895,0.10467561695668623,0.09752205652867367,0.10569195464770989,0.10640799671707908,0.08776419705313834,0.10603657741399464,0.10601223466961528,0.07433674563950303,0.1049035385084101,0.0
2007-05-11,0.1067661691098182,0.10484366945257423,0.09787885267386139,0.10667981548276284,0.10830385634181809,0.08708247312233643,0.10503672476450247,0.10485957355492627,0.0737112419686483,0.10483762352875163,0.0
2007-05-14,0.10701208737078219,0.10439463387765777,0.0972934256989495,0.10675899459123848,0.10771158928652075,0.08740890323950465,0.10535657565465148,0.1050567989423253,0.07396694653867819,0.10504004479969159,0.0
2007-05-15,0.10720968278289224,0.10372692312400235,0.09613418222752744,0.1071151110306199,0.108011572844787,0.08756889523698382,0.10551030973420102,0.10518692252985795,0.07391766817410708,0.10561873231502109,0.0
2007-05-16,0.10786045011343316,0.1042107652254122,0.09517073264693655,0.10719364017712701,0.1094935930185286,0.08758927900501592,0.10536580715713198,0.1050347021279354,0.07403405228794652,0.10404697824053243,0.0
2007-05-17,0.10824457441028204,0.1039783311649167,0.09397825348853951,0.10723725207875838,0.10970155118855707,0.08802058234768612,0.10566865805186205,0.1051850576863222,0.07422241244457677,0.10376332713849896,0.0
2007-05-18,0.10895247151173382,0.10497333613240165,0.09296198065914456,0.10782367472037173,0.11002777254584768,0.08774226000534534,0.10513278687916977,0.10426162571090371,0.07385342029396766,0.10427067154111387,0.0
2007-05-21,0.10867688877415377,0.10603433833685355,0.09337237539459287,0.10706264715996801,0.10995567367971265,0.08754792352983508,0.10501410822488996,0.10431578864668667,0.07376838632625965,0.10425186992704749,0.0
2007-05-22,0.10856241220789545,0.10670821897650826,0.0943610953413136,0.1071769254379292,0.10999407818015307,0.08758660532127156,0.1047406863504821,0.10379731634643577,0.07354705981884824,0.10352560201916249,0.0
2007-05-23,0.10865150301999932,0.10649966636796837,0.09368324760101292,0.10780017700485414,0.10989669603699337,0.08762507800064107,0.10460852123659078,0.10356948333837313,0.07352844044733095,0.10413718694623571,0.0
2007-05-24,0.10857768319795674,0.10598998815475352,0.09303416704069827,0.10767059426881358,0.1081616588114764,0.08839861316085686,0.10563414024161367,0.10454125137975791,0.0742406131507196,0.10375129059335324,0.0
2007-05-25,0.10859312608803821,0.10624744017673327,0.09324639414919814,0.10792505980887014,0.1093804201118771,0.08809896248623435,0.105094913937852,0.10388132238083088,0.07389405930387848,0.10363830155648732,0.0
2007-05-29,0.10858258206600935,0.10682857630038739,0.09573681047038896,0.10765879854276995,0.10860204305077023,0.08768453948482395,0.10448778891515365,0.1034839942132592,0.073474308223144,0.1034605587332932,0.0
2007-05-30,0.10886839993743595,0.10695908930131626,0.09764738350517646,0.10752349738360918,0.10911136385627458,0.08727042820728292,0.10401812378887954,0.10313263575790746,0.0731277126331763,0.10234136562894125,0.0
2007-05-31,0.1085370853411352,0.10733074014808151,0.09719072090999474,0.10784048136212383,0.10920246733185696,0.08704127271934485,0.10377172197032837,0.10273576905511567,0.07291929518621174,0.10343044597580703,0.0
2007-06-01,0.10807745162879304,0.107077248801362,0.09670219377540916,0.1076350966031803,0.11046284494997527,0.10188663028666102,0.10285362816926072,0.08862352099692923,0.07230888719359696,0.10437249759483211,0.0
2007-06-04,0.10746110921233765,0.10673505329872507,0.097083700441476,0.10732721780914775,0.10897619952425971,0.11721178038444308,0.10286900129059952,0.07563539845023029,0.07232063557505332,0.1043799040137274,0.0
2007-06-05,0.10705571984031255,0.10649910785304996,0.09607031143969541,0.10685734172808822,0.10824883531087921,0.13309148918590225,0.10299656389142466,0.06220956380590224,0.07240832330987357,0.10456274363487175,0.0
2007-06-06,0.10626167435722925,0.10585679232258775,0.09631341170906402,0.10586157356053007,0.1060006437477318,0.14945306977153203,0.10347140850072965,0.04898271503730443,0.07276055135290915,0.10503815964038174,0.0
2007-06-07,0.10570020213388742,0.10536444741023943,0.09576652262613455,0.10555649791637109,0.1057112928394304,0.1671822755190729,0.10341995358732209,0.03402092115641923,0.07269125009789452,0.1045866367132283,0.0
2007-06-08,0.10545891043542462,0.10545891043542462,0.09670219377540916,0.10545891043542462,0.10545891043542462,0.18192715152520256,0.10285362816926072,0.02,0.07230888719359696,0.10437249759483211,0.0
2007-06-11,0.10560902451806704,0.1054529985019787,0.09524970021358972,0.10578477826733647,0.1063304820915628,0.1818958495075909,0.10255435547857122,0.019936786664329423,0.0720646984337599,0.10512132632321368,0.0
2007-06-12,0.10562976297414974,0.10488659665356456,0.0942890661191167,0.10507219790167883,0.10571471340973018,0.18377605024054186,0.10296802753780292,0.01986862463571384,0.07247951336496934,0.10531544716273189,0.0
2007-06-13,0.10614286905530311,0.10521763684578707,0.0953593213961959,0.1053766701711006,0.10669560056088491,0.1819910058138863,0.10227531954999462,0.01990479313434161,0.07207100027388123,0.10496578319862457,0.0
2007-06-14,0.10648253247515446,0.10583698194113272,0.09407912919087974,0.105822130493943,0.10802656111157707,0.1814148456476636,0.10197706645861666,0.019791773499885177,0.07182200126273099,0.10474697791841653,0.0
2007-06-15,0.106224878222002,0.10623096006544426,0.09473016302701047,0.10582048235034205,0.10959732623432838,0.18020083291428393,0.10159830527128137,0.019766860764911343,0.07152547847124063,0.10430471267915546,0.0
2007-06-18,0.10620446719861623,0.10613383542514193,0.09341267684720508,0.10651471642707507,0.10980468850253149,0.18037832753207378,0.10164766845788005,0.019746136846585306,0.07158903341313792,0.10456844934975301,0.0
2007-06-19,0.10613161649438285,0.10607459759317113,0.093209382119497,0.10628231000948868,0.10958119910539718,0.18012310518045532,0.10181895790958902,0.01986749920208746,0.0718230972479537,0.10508823513797749,0.0
2007-06-20,0.1056504865812272,0.10522927527384082,0.09241878352111513,0.1060249331507335,0.10967968011285606,0.18165157476182114,0.10245410453955524,0.019894374154655867,0.0721581629577407,0.10483862494645414,0.0
2007-06-21,0.10594260997108014,0.10575950245084915,0.09179076287852894,0.10669093038739275,0.11073851409508866,0.18121509501713132,0.10204233544145357,0.019744217929027686,0.07177092523380019,0.10430510659564741,0.0
2007-06-22,0.10535506605697546,0.1053335568017042,0.0917992609683345,0.10562767906203842,0.10970146592289298,0.18217228288571102,0.10274680954441943,0.01994983515903489,0.07224533103548049,0.10506871256340848,0.0
2007-06-25,0.10525958838007082,0.10519545796519694,0.09006339279058874,0.10601255759827422,0.10929087538136792,0.18304180746903975,0.10348034243677902,0.020137525108682164,0.07261040287421615,0.10490804999578418,0.0
2007-06-26,0.10468969446218476,0.10493073516416598,0.09037675141731213,0.10600058955911432,0.10886815104552167,0.18382655379769827,0.10401469816899162,0.020241300662499257,0.07295324424358958,0.10409828147892226,0.0
2007-06-27,0.10533477562145882,0.1062700992843461,0.09160496451122833,0.10591095955100151,0.10953915242000943,0.18234163205068682,0.10317459691285646,0.0200993740271586,0.0723729848170105,0.10335146080424334,0.0
2007-06-28,0.10526964398590545,0.1062045001798395,0.09120306290653872,0.10593880633015056,0.1095110144526913,0.1822075585593826,0.10306062336847341,0.020084852570099086,0.07226140868453554,0.10425852896238384,0.0
2007-06-29,0.10509933247600388,0.1053367172204114,0.09090783138998228,0.10651029599112724,0.10968081225319967,0.1822160429488899,0.10339522219472973,0.020252570164027834,0.07252971620731577,0.10407145915431239,0.0
2007-07-02,0.10464329573857035,0.10523952032285791,0.08729335841026002,0.10649026954720402,0.11004145042507191,0.19728768359612026,0.096839110384789,0.020150557496027437,0.06807533439699044,0.10393941968210882,0.0
2007-07-03,0.10452746928104473,0.10519221603454035,0.08187592389856602,0.10635470645087322,0.10998304726675996,0.21364624174874997,0.09081980453885136,0.020008267600041048,0.06448124306484762,0.10311108011572591,0.0
2007-07-05,0.10408938785924687,0.10496353659115126,0.07821375008246308,0.10538564996467549,0.1096643131072539,0.23008484969977838,0.08477243815184453,0.01981236295793202,0.06059716749900746,0.10241654408664716,0.0
2007-07-06,0.10383579481308763,0.10446142715444096,0.07278256775866764,0.10520887181516825,0.11012447371397881,0.24579517720334887,0.07872214079154116,0.01968659072826534,0.05678681770401188,0.10259613831748964,0.0
2007-07-09,0.10323666504963766,0.10363945206826435,0.06790261921957985,0.10463462161808057,0.10981161501764337,0.26181913501113196,0.0732827040658726,0.019728282683269777,0.053302787214487016,0.10264211805203309,0.0
2007-07-10,0.10214101720908221,0.10229630915662329,0.06141090957345226,0.10357366554750441,0.10744047087092642,0.2806803594691249,0.06857412327598163,0.020175800621011725,0.050452326585788305,0.10325501769050505,0.0
2007-07-11,0.10224961115744176,0.10228868176758141,0.05597710735135286,0.103714687907153,0.10699993630661132,0.29823068371852496,0.06200025428449666,0.019934800904025402,0.046248273585292834,0.10235596301752001,0.0
2007-07-12,0.10257011390360307,0.10225800800185955,0.05102209338154551,0.10367139017043259,0.10722807982545916,0.31403770473934256,0.05538932551371081,0.019757089365953114,0.04200650696177433,0.10205968813631955,0.0
2007-07-13,0.10205250962634042,0.10162607915315054,0.04573046351003795,0.10264254443418877,0.10670126990022163,0.33293111354074106,0.04900798261746056,0.019801724541443997,0.0381087165000812,0.10139759617633416,0.0
2007-07-16,0.10161354965399284,0.1008985864247939,0.039910688423796525,0.10190222189642906,0.10443585561848072,0.35330572370933083,0.04281801814799371,0.020018055151916545,0.03423635036993155,0.1008609506033346,0.0
2007-07-17,0.10107579481067136,0.10065253664707585,0.03409743718950112,0.10107502690924838,0.10307714353634123,0.37306088245665375,0.036299823635675965,0.019999702884305547,0.03016426717851066,0.10049738475201639,0.0
2007-07-18,0.10033835397700032,0.10001141381944573,0.028096416379714176,0.10023904676220408,0.10087494195736241,0.39398350988074393,0.029562288412264826,0.020045121754740637,0.025966913584980593,0.10088199347154342,0.0
2007-07-19,0.09982660955219304,0.09969335158325794,0.022509793794285124,0.09985127761448266,0.10018195601130508,0.4131464764743511,0.022932220004423187,0.01999507095297403,0.021806903121557294,0.10005634089117053,0.0
2007-07-20,0.09954954637185405,0.09954954637185405,0.02,0.09954954637185405,0.09954954637185405,0.4222522681407297,0.02,0.02,0.02,0.09954954637185405,0.0
2007-07-23,0.09960255529564048,0.0989287675483515,0.019601157287589512,0.09990099111454498,0.10217149429086256,0.42087232910881994,0.019942212041280626,0.01991707575084232,0.019926528792017863,0.09913688877005017,0.0
2007-07-24,0.09876665879548645,0.0974946048882824,0.019271820070877067,0.09929085970208111,0.09957286011931832,0.42512905573485776,0.020178252199970333,0.02017339531170958,0.02008280578838552,0.10003968738903139,0.0
2007-07-25,0.09899596498254484,0.09715995242308707,0.019303116069100387,0.0990503190886083,0.10017278393481112,0.42556287063335757,0.02021097188063404,0.02021870973992359,0.02010377540780091,0.09922153584013209,0.0
2007-07-26,0.09805882406583775,0.0959359333412127,0.0191348216773475,0.09714825215247631,0.09645142144701217,0.43277995454796403,0.020668407805642736,0.020684163104780568,0.020353179575686418,0.09878504228203971,0.0
2007-07-27,0.09683171452336711,0.09428514010249392,0.018741852273061646,0.0965015398949779,0.0958958311678702,0.43642204096562215,0.02085952655729143,0.020894776270862087,0.020426274521696142,0.09914130372275741,0.0
2007-07-30,0.09754842369380289,0.09514318435431048,0.01884062248483868,0.09741979039340862,0.09823138788638001,0.4323431958641255,0.020637571427775957,0.020665856202158512,0.020291950042445925,0.0988780176507535,0.0
2007-07-31,0.09679614705448551,0.09443162008023706,0.018656541489584552,0.09764599678659201,0.09656652452241603,0.4345972934289085,0.02079730713736473,0.020890223474082956,0.02035498165509565,0.09926336437123309,0.0
2007-08-01,0.09718890840877477,0.07710766124761506,0.018932689400006808,0.09760584627159864,0.0961097665518048,0.4350299983692847,0.029379899308665983,0.029460158821021255,0.020308152461819943,0.0988769191594081,0.0
2007-08-02,0.09750608594696085,0.05965247082534702,0.01908166149840074,0.09747048749397667,0.09662610788362117,0.4354108551247152,0.03795636685331809,0.03804795959778157,0.020148336922279592,0.09809966785359908,0.0
2007-08-03,0.09644037958346502,0.04047846067795309,0.018718402063967073,0.09684159535214086,0.09456361889634321,0.4395989048188679,0.04714673031888448,0.04720063405187561,0.020225932693716944,0.09878534154278575,0.0
2007-08-06,0.09726333819598731,0.023109335441609098,0.018962787171536922,0.09726146042229636,0.09607608667526252,0.43868121952838623,0.05564629517000483,0.055631116560832666,0.020011870536818653,0.0973564902972654,0.0
2007-08-07,0.09718890840877477,0.02,0.018932689400006808,0.09721451153630312,0.0961097665518048,0.43891058949420114,0.05721451153630311,0.05721451153630311,0.02,0.09721451153630312,0.0
2007-08-08,0.09791014019858076,0.020468571036812086,0.01949294359020796,0.09815480551684846,0.09869913457612912,0.43576243852460506,0.0564529052323821,0.05615575470659292,0.019892543337048995,0.09701076328079256,0.0
2007-08-09,0.09602311558220428,0.020211040986882402,0.019666739850547222,0.09637232458241651,0.09562727616854907,0.44167797280373,0.057376782316201046,0.05683437812930676,0.02008745247963959,0.09612291710052316,0.0
2007-08-10,0.09587685735778269,0.020371642374581164,0.0190746877457382,0.0950161802388608,0.09426739257730193,0.4429123205310884,0.05747454996447388,0.05688230363974398,0.02006145594475385,0.09806260962567508,0.0
2007-08-13,0.09607458596382999,0.02023112245548581,0.018966229873501484,0.095056927397866,0.09505337602487111,0.4426215617520759,0.05747776679482801,0.056960475049570594,0.020100902466567885,0.09745705222140315,0.0
2007-08-14,0.09505899944370813,0.019979774821365703,0.018339421732201967,0.09459157816207772,0.09303946463158846,0.44534895430455823,0.05796378416147398,0.057385711299464265,0.02032424336764692,0.09796806807591454,0.0
2007-08-15,0.09445346190328965,0.01983698641408676,0.018276288219719477,0.09307093129977057,0.09005516424433867,0.4493053164744884,0.058505187978135066,0.05760953778307848,0.020421693424851686,0.09846543225824116,0.0
2007-08-16,0.09525449530863113,0.020296940044868296,0.01876554498292627,0.09275863767870565,0.08860853289016808,0.4506273573854657,0.058787960408098104,0.058259750771632694,0.020242107082640855,0.09639867344686306,0.0
2007-08-17,0.09632665556932371,0.02055898458122849,0.019124248125732605,0.09295798387097248,0.0907742312846993,0.4478678439005028,0.05841963962788559,0.057620536441383,0.02013599250965522,0.09621388408861666,0.0
2007-08-20,0.09610763155625025,0.020537870036878524,0.019408832854840838,0.09308995437395787,0.0907969719376424,0.4476181752679217,0.05844143656067322,0.05755047774994104,0.020244563298863608,0.09620408636303043,0.0
2007-08-21,0.096179817889587,0.020569680746790043,0.019676443298102104,0.09291137296895298,0.09035024025195235,0.44766497714687153,0.058620839490869506,0.05775646703470937,0.020260225460985916,0.09600993571117916,0.0
2007-08-22,0.09661884185377995,0.020665159758410098,0.01969249377102036,0.09442319474777884,0.0935565067781911,0.4438314153798632,0.05800971398708213,0.05724760821756899,0.020154691892867505,0.09580037361343766,0.0
2007-08-23,0.09651110647674678,0.020395785127470537,0.019548392475921855,0.09482070163920238,0.09401268097773648,0.4434560146070179,0.058017322301832326,0.057431591193178436,0.020159767496618367,0.09564663770427471,0.0
2007-08-24,0.09712793533231254,0.020538755685817877,0.0193102046006589,0.09590439776874951,0.09568684849291816,0.4400278557224477,0.05769640863159344,0.05737419457257018,0.020085341649463892,0.09624805754346746,0.0
2007-08-27,0.09634114090609656,0.02027963198084348,0.019071502119679253,0.09500248533010452,0.0962418389754044,0.4411617270291508,0.0579258522100825,0.05774465058869435,0.020055734172574127,0.09617543668736965,0.0
2007-08-28,0.0949752308612282,0.01992602491700409,0.018615893665162427,0.09383109978115554,0.09306585047976905,0.44583495137750395,0.05868832929920707,0.05830419287993459,0.02038873638072094,0.0963696903583137,0.0
2007-08-29,0.09603267047356986,0.020279003085129105,0.018945709556225383,0.09518402164957997,0.09594623829867603,0.4415788880773,0.057978130869049516,0.05766198617515809,0.020126488939043428,0.09626686287626815,0.0
2007-08-30,0.09584691066171508,0.02015687466169119,0.0190513012243557,0.09459064253681279,0.095526042840935,0.4422824506980628,0.05831153834329318,0.0580899311773664,0.02020095914989236,0.09594334870587506,0.0
2007-08-31,0.09613427374089448,0.020202215486082805,0.019299642456072397,0.0955942353712367,0.09732621430913514,0.43928029697034177,0.057929495157264345,0.05774109897194599,0.020157719475817654,0.0963348080612083,0.0
2007-09-04,0.09660293460487007,0.02031522783685488,0.01945900338838741,0.09597331165221668,0.09845681209954568,0.4308420758477964,0.058163341472441246,0.058116447805379313,0.024908459225759936,0.09716238606674805,0.0
2007-09-05,0.09605445509773052,0.020148450582620245,0.01908807061014363,0.094935372708159,0.09734102046087295,0.42649387216704837,0.05922870963948643,0.05927893977897369,0.029934484369776332,0.09749662458518853,0.0
2007-09-06,0.09612080593948905,0.02008902532408859,0.01920168129668919,0.09518755556840473,0.09794826045603501,0.41883180308781076,0.059566127779616,0.059586743923663914,0.03462385675325608,0.09884413987094637,0.0
2007-09-07,0.0952128572782404,0.019824499799088992,0.018971055257837894,0.09448099464889746,0.09632175333926449,0.41443471456398434,0.06078411530852765,0.060971531868030907,0.03968443107361939,0.0993140468625082,0.0
2007-09-10,0.09534891350039482,0.019640850844255906,0.018785404855901085,0.0944726793418163,0.0968140296737195,0.40802408839756665,0.06137914340355266,0.06179514326251129,0.04461349783406382,0.09912624888621768,0.0
2007-09-11,0.09609354273789637,0.01990468305174107,0.019128769070726075,0.09566953855160103,0.09827706162398582,0.3995111941114748,0.06147720098025304,0.061847537706658684,0.04892233333004782,0.099168138835615,0.0
2007-09-12,0.09640973641906758,0.019848896471368952,0.01925755122185297,0.09581750621675263,0.09855191216402456,0.39414929597567105,0.06192281307557252,0.062117477288951034,0.053495999714077674,0.0984288114526608,0.0
2007-09-13,0.09682728606732945,0.01994303773485806,0.019532029505726096,0.09607673743846235,0.09903864887143443,0.3882242255504931,0.06233010248602498,0.062332564852239036,0.05818093549118823,0.09751443200224416,0.0
2007-09-14,0.09660460158265173,0.020000349802683948,0.01946026475454503,0.09596984652403881,0.09846272785845218,0.3828924496333268,0.06315882000413439,0.06315890575414798,0.06312791283882796,0.09716412124719115,0.0
2007-09-17,0.09660293460487007,0.02,0.01945900338838741,0.09597331165221668,0.09845681209954568,0.38285195709684205,0.06316453169713002,0.06316453169713002,0.06316453169713002,0.09716238606674805,0.0
2007-09-18,0.09813998924229482,0.020577970454907633,0.019800541428630577,0.09779182049715159,0.10186779572095833,0.37833347077726476,0.06226793932104702,0.06186524986669146,0.06248342780033789,0.09687179489071601,0.0
2007-09-19,0.09861086596274614,0.02083106887099284,0.020180849811814557,0.09856685701695639,0.10221874353440237,0.3779178245868901,0.06197807350244252,0.06122521373193301,0.06206952217915992,0.0964009808026622,0.0
2007-09-20,0.09816938906455791,0.020677572569877328,0.01998592726330173,0.0987354899302949,0.102161563422085,0.37810048072015023,0.061435107238003765,0.06022247813172613,0.062116489239933056,0.09839550242007,0.0
2007-09-21,0.09811877738828845,0.02065469972076004,0.01992708294128847,0.0988478754018594,0.10318636747783329,0.37740107754608293,0.06154812896463463,0.060539256570649506,0.06220898538981718,0.09756774859878624,0.0
2007-09-24,0.09771967114756298,0.020450830473293078,0.020053370158877044,0.09884750948064858,0.1042344225363469,0.37697771593129864,0.06149189379831181,0.060576118629403396,0.06237896497335183,0.09726950287090586,0.0
2007-09-25,0.09759720258871872,0.0203826845194579,0.01973580558049324,0.09904157101051132,0.10391927168226481,0.3775766331906113,0.06154389737759766,0.06040688273900614,0.06238860546858471,0.09740744584275435,0.0
2007-09-26,0.09789401472148977,0.020515554058341948,0.019803817589922418,0.09930868520763497,0.10506988118538588,0.3765022706673274,0.061428619545974485,0.06032699214589951,0.06240349296632503,0.09674667191169865,0.0
2007-09-27,0.09786812555244302,0.020511101760080527,0.01986864906909989,0.1000086057004378,0.10597474103702628,0.37488114629385866,0.06124856172795827,0.060372508158978044,0.06217926515994663,0.09708729554017093,0.0
2007-09-28,0.09757737309385789,0.020275337150463552,0.019811066910174285,0.10020248703218751,0.10534343383066554,0.3746018568344824,0.06129263332515615,0.060530796491237375,0.0621605042262019,0.0982045111055734,0.0
2007-10-01,0.09795758708427776,0.03571255041632038,0.02013062353270526,0.10074828560491297,0.10786380061878378,0.34881381555105007,0.063611370682718,0.06327497099675422,0.0638815697721856,0.09800542574029202,0.0
2007-10-02,0.09792669299636647,0.05069260943569014,0.020186737992485722,0.1006512352252836,0.10832666770270086,0.32634265338141444,0.06636537222395382,0.06621097893404639,0.0664060255016249,0.09689102660643373,0.0
2007-10-03,0.0980137328724117,0.06506917065656478,0.020067360110077842,0.10072738335618711,0.10729684491869673,0.30431243173956485,0.06893159835826529,0.06885810827300712,0.06902654681661721,0.09769682289860739,0.0
2007-10-04,0.09795758708427776,0.06967416366277461,0.02,0.10074828560491297,0.10786380061878378,0.2967282463006351,0.06967416366277461,0.06967416366277461,0.06967416366277461,0.09800542574029202,0.0
2007-10-05,0.09849777141944449,0.07063792612464953,0.020267971760070235,0.10113529307341856,0.11076026803108542,0.2945337588573559,0.06862537129068444,0.06849094251335208,0.0689536316039389,0.09809706532600052,0.0
2007-10-08,0.0983498489793846,0.07037848593061242,0.02011926278980223,0.10058361660870149,0.11000390836657431,0.2959581781462124,0.06913758897422122,0.06869972995855127,0.06946239665265769,0.09730698359328248,0.0
2007-10-09,0.09888652403730853,0.07067318768574883,0.02015568624009491,0.10130583938738277,0.11127856381435101,0.29414205846098446,0.06865183593344214,0.06834479060797126,0.06888804108129336,0.0976734727514229,0.0
2007-10-10,0.09867424228974668,0.07058009855973604,0.02011831241797877,0.10106452779139671,0.11137247243838395,0.2940717883740475,0.06868441797817838,0.06835034661243544,0.06909715800855941,0.0979866355295372,0.0
2007-10-11,0.09828997254012584,0.06996408006077229,0.02000114143242295,0.10162519768416742,0.11049342926403867,0.29441247173096113,0.06875524626325627,0.06834276255843594,0.06930449240480159,0.09881120606101805,0.0
2007-10-12,0.09854463609454867,0.07019493428767794,0.019797536103456824,0.10177125331994631,0.11218183435497418,0.29322489105225863,0.06832381705115555,0.06781014952422619,0.06872227475642653,0.09942867345532928,0.0
2007-10-15,0.09802820029750119,0.06960673834782556,0.01945236337643776,0.10127071894124841,0.11116828990771481,0.2941721110681936,0.06861054926756689,0.06804473098454142,0.06916091476431714,0.10048538304465332,0.0
2007-10-16,0.09772470803519763,0.06914423035629602,0.019221879344469662,0.10019461907915599,0.10964011726804565,0.2959727837298868,0.06913597362064867,0.0684000354537468,0.06961700564454706,0.10094864746800578,0.0
2007-10-17,0.09748977914029097,0.06903651975710282,0.01906456426919122,0.10070621261813577,0.11156078105091081,0.2950527782358251,0.06918029389866279,0.06877251716156425,0.06956608046269247,0.09957047340562386,0.0
2007-10-18,0.0968078335768653,0.06863602048858351,0.019050184260706808,0.10060557511866693,0.11174630440653757,0.2944552275656101,0.06920973848450812,0.06891916798643363,0.0693377066103766,0.10123224150171138,0.0
2007-10-19,0.09524330533176308,0.06686344629325329,0.018624394695839038,0.09940078516891354,0.1080651207897655,0.2982466003335232,0.07051806472205502,0.07066551402516807,0.07050519235585222,0.10186757628386703,0.0
2007-10-22,0.09570183232200177,0.06820750335056924,0.018835515908950287,0.09918128203253403,0.10873809270774652,0.2976944197242137,0.07031530879964774,0.07060316899317357,0.07043519967474382,0.1002876764864194,0.0
2007-10-23,0.09587943020472513,0.0683051268211466,0.01888176103916451,0.09995937008933081,0.11106002513973319,0.29588559287468413,0.06986299769087315,0.07007249276705657,0.06958544063113462,0.10050776274215123,0.0
2007-10-24,0.09564142132187592,0.0678253375331429,0.018794525551433294,0.0996795477399335,0.11026350219696732,0.2962781010221782,0.07017270762772514,0.07054704305260741,0.06996703641186398,0.10083077754227232,0.0
2007-10-25,0.09568646218950089,0.06752896258370292,0.018708772567474125,0.09994515889856556,0.11145310243607837,0.2955334960714552,0.06998172543018323,0.07017311711438551,0.06967047974214227,0.10131872296651205,0.0
2007-10-26,0.09591667529015675,0.06802689971996478,0.018809077756456648,0.1008165786698042,0.11355470765956945,0.2928478561031763,0.06916613856113711,0.06936592869070629,0.06891869551086707,0.1025774420381614,0.0
2007-10-29,0.0958029680921088,0.06764709928784783,0.01858893014163094,0.10109627869386943,0.11564551463401201,0.29153282597429686,0.06891233647937191,0.06932150087350761,0.06877052868365055,0.102682017139704,0.0
2007-10-30,0.09562800738683505,0.06745608380118671,0.018769005274224686,0.10080967566247785,0.11404542347361106,0.2929987609492449,0.06934073931006551,0.06964027956397592,0.06911832839015933,0.10219369618821898,0.0
2007-10-31,0.09605565984804691,0.06792754418981321,0.018994377910068527,0.10163593473367259,0.11586560085786263,0.2908184787996354,0.06847268773956047,0.06860729692968863,0.06835900430082129,0.10326341469083043,0.0
2007-11-01,0.09478883069582822,0.06636695086794647,0.018508113856007993,0.10054051775306792,0.10636695086794648,0.30041940864745653,0.06975389791666674,0.07022596241594882,0.06960115465682506,0.10342821232230581,0.0
2007-11-02,0.09450764863364815,0.0664213992643822,0.018067781752042645,0.10068789092147769,0.10653302930529052,0.29955945190577493,0.06965706524165749,0.07016241786059366,0.06888649414853441,0.10551682096659847,0.0
2007-11-05,0.09447790289870424,0.0660260184563219,0.017920632341265074,0.09981217294658357,0.10358443669565616,0.30172321602521507,0.0700533794876401,0.07064684170743157,0.06956987314582677,0.10618552629535569,0.0
2007-11-06,0.09486292147845223,0.06664807080759079,0.017960145155970414,0.10038147755998927,0.1065193995051621,0.29874492174470596,0.06931465456088592,0.06965406165482664,0.06849617629438494,0.10741817123803185,0.0
2007-11-07,0.09299314052901997,0.06508858960174248,0.01750493090473013,0.09941405688254239,0.10393642483021685,0.30201850523244334,0.07012300689358576,0.07031785913760538,0.06926404604170146,0.10933943994641236,0.0
2007-11-08,0.0924486678549462,0.0652303377912472,0.01758588088542019,0.09951477607338018,0.10438537883864774,0.30218725939800034,0.07021582223176871,0.07014623760122256,0.06904567596823138,0.10923996335713558,0.0
2007-11-09,0.09164446917564513,0.06483729090231734,0.01761538021788077,0.09807803503243598,0.10244964288988406,0.30383920059203345,0.07099551503423489,0.07110329049303779,0.06970710658616547,0.10973006907636519,0.0
2007-11-12,0.09192363779672395,0.06505400411418247,0.017848639617583713,0.09773352839575628,0.09804783220100755,0.30853432192093316,0.07205106071726218,0.07229486323585282,0.07059342362321891,0.10591868837747907,0.0
2007-11-13,0.09340367266972475,0.06616501114889865,0.01818662353281038,0.09896579095373072,0.10351618031214936,0.3033211549247442,0.0706869297595836,0.07094863903410477,0.06926443059516005,0.10554156706909353,0.0
2007-11-14,0.09308668606938049,0.06574005808557588,0.017951326137493555,0.09874133205488675,0.10354419586994489,0.30325902135312066,0.07068739976890664,0.07105483005187584,0.06892054912249732,0.10701460148631808,0.0
2007-11-15,0.09240629193200334,0.0652729484791092,0.017980116781167975,0.09781307208199443,0.10189063232048955,0.30645738839218184,0.07159683263404873,0.0722410214083118,0.06968291068666034,0.10465878528403291,0.0
2007-11-16,0.09250220147818577,0.0646775925250443,0.01762542970209307,0.0980602203557277,0.10308151676092309,0.3062494242919148,0.07154824652894999,0.07229370605772492,0.06964224495798908,0.10431941734144734,0.0
2007-11-19,0.09199839049081102,0.06382277399375626,0.017436610283133328,0.09628839380856062,0.09917495461472353,0.3098995810227659,0.07268301502641232,0.07338865949547857,0.07078149988077523,0.10452612138358336,0.0
2007-11-20,0.09186453501733513,0.06370708081590179,0.016901979827236638,0.09769982426098558,0.10113187944462894,0.3074537818802599,0.07194437346399135,0.07275771693988513,0.06980476413870414,0.10673406421107141,0.0
2007-11-21,0.0907410178362543,0.06289908310311271,0.01691696853306041,0.09629364397069291,0.09684709185777075,0.31101869171607427,0.07311957629392303,0.07379577777037331,0.07088579399554798,0.10748235492319036,0.0
2007-11-23,0.09136178567554563,0.06357415249342611,0.0170626818675699,0.09770169812736569,0.09868447628943755,0.30748749498390776,0.07215250650634,0.07325645819275121,0.0698071993421497,0.10891154652150645,0.0
2007-11-26,0.08981744142737076,0.0622407560948012,0.01650777655510159,0.09667916317155789,0.09526737822424235,0.30997267763962205,0.07352635419077538,0.07509651334996928,0.07133836359437613,0.10955357575218343,0.0
2007-11-27,0.09064416002273028,0.06282199003441051,0.016591541782662783,0.097765352585051,0.09869186431190898,0.30833548145644596,0.07267715190476469,0.07421319549920923,0.0705669839313384,0.10769227847147815,0.0
2007-11-28,0.09242340634736264,0.06452076122025596,0.01716081299947317,0.09934073009645647,0.10285195004473002,0.30438507655664565,0.07155198478581547,0.07282898739420395,0.0692373906484831,0.10569889990657363,0.0
2007-11-29,0.0926702065914412,0.06411581948531132,0.017338239638715693,0.09875846042816569,0.10182787653162627,0.30565025634974413,0.07212275786942522,0.07362749356956726,0.06966132821815556,0.10422756131784774,0.0
2007-11-30,0.09343218149904009,0.06436894330229233,0.017466415349490973,0.09911671670425436,0.10250610351692488,0.305243466094719,0.07209062718783692,0.0731373842874911,0.06987567931292886,0.10276248274502162,0.0
2007-12-03,0.09280725440783916,0.04828685651671956,0.017337517768152108,0.097460183486755,0.09932174310287623,0.3279217512587161,0.07236883221463018,0.07371064675813936,0.06989259833448709,0.1008926161516852,0.0
2007-12-04,0.09247974002431184,0.032630987249591306,0.017140490283832237,0.09594602769669192,0.09695241810142724,0.35028197105005937,0.07243735847413958,0.07374633103769809,0.06994473982491885,0.09843993625732947,0.0
2007-12-05,0.09280725440783916,0.02,0.017337517768152108,0.09510295406110614,0.09510295406110614,0.36857428833343353,0.07236883221463018,0.07371064675813936,0.06989259833448709,0.09510295406110614,0.0
2007-12-06,0.09381490491735617,0.020403811505536294,0.017898896786347582,0.09567993539428923,0.09627096051942692,0.3665608711822105,0.07174256785748215,0.07281599867155657,0.06914117077263474,0.09567088239315984,0.0
2007-12-07,0.09424491094781925,0.020564286194471794,0.017897229761745143,0.09575940758239562,0.09558464201471654,0.36791124569807904,0.07162129924705232,0.07234425637653277,0.06887680682583894,0.09519591535134858,0.0
2007-12-10,0.09466970003332471,0.020659972547883543,0.01828700843145996,0.0964333843188253,0.09530656350577114,0.36645852063016,0.07122529979614604,0.07167898077760182,0.06870111115329543,0.09657945880553202,0.0
2007-12-11,0.09280950628429133,0.020098488391929962,0.01737828979588636,0.09467069402339512,0.09199917470378348,0.370736003291656,0.07277760769730207,0.07366976134996128,0.06992098013448042,0.09593949432731388,0.0
2007-12-12,0.09323573370770637,0.020140086153755222,0.01734229349384549,0.09606582034101019,0.0942644594400592,0.3678584780364941,0.07179212120818475,0.07252814713449414,0.06933743854566489,0.09743542193878549,0.0
2007-12-13,0.09396433631767766,0.020228609838284645,0.017212105824050604,0.09503980971442944,0.09258206293390808,0.3709618032554663,0.07196785087300984,0.07245103036247379,0.06962416328737016,0.0959682275933292,0.0
2007-12-14,0.09362412041795612,0.02001654880722207,0.016844205313651935,0.09332023237307972,0.09120464036882289,0.37345321407878707,0.07241696746443384,0.07277843749929308,0.06946820703589324,0.09687342664085978,0.0
2007-12-17,0.09279406402324884,0.019817667047266223,0.016630039648257388,0.09183634738142833,0.0877953606993902,0.37660097364243106,0.07324714139590383,0.0738315377358481,0.07052622253250942,0.09692064589371628,0.0
2007-12-18,0.0926961942022916,0.020038727157280396,0.016733391162954022,0.09237281212281419,0.08961025949559222,0.37388709160553923,0.07290706079959491,0.07381749559161896,0.07027593547841322,0.0976610323839009,0.0
2007-12-19,0.09240388327250211,0.02011637798593101,0.016819734214737102,0.09132598854256868,0.0899092765308541,0.3736617456542854,0.07325755581111065,0.07456040989308399,0.07060424720732718,0.09734078088759932,0.0
2007-12-20,0.09288974338294224,0.020398042809374035,0.016865374638978012,0.09188106371456269,0.09030578845986303,0.373544583856576,0.07306358132188173,0.07432293388390147,0.07018901012683101,0.0965398778050893,0.0
2007-12-21,0.09370378865675368,0.02074894683672999,0.017057795179264937,0.09267367816691773,0.09251055588541551,0.3708759233769177,0.07212987338810209,0.07282817367716905,0.06972448290846928,0.09774678192425959,0.0
2007-12-24,0.0942032662661765,0.02085594512819757,0.017486172109173984,0.09285927966913138,0.09387954676528161,0.3697893500056077,0.07177137868914801,0.07233578267115712,0.06922709861374099,0.09759218008238461,0.0
2007-12-26,0.0942997229860415,0.0209299875271495,0.017176095495311607,0.0930151362815473,0.09426064164652888,0.36901609265913565,0.07134962659774084,0.0716213688601062,0.06916962023569136,0.09916170771074663,0.0
2007-12-27,0.0933223760255099,0.02047855661237262,0.01687954727210158,0.09265515988103927,0.09229129748785372,0.37065232128267245,0.07198932075984298,0.07256396866443034,0.0697353600564594,0.09943209195771724,0.0
2007-12-28,0.09266455674701224,0.020166651827212077,0.016554972265505157,0.0930221637364966,0.0922164590449767,0.36941428279476296,0.0722369262761462,0.0733598837634752,0.06963734782966034,0.1007267557147521,0.0
2007-12-31,0.09213128174735435,0.020025935477907028,0.01663304031994634,0.09259831982506474,0.0912581525627802,0.37061271204393903,0.07269081058251342,0.07392641218852965,0.06988607111798481,0.10023726413397999,0.0
2008-01-02,0.07994295363016939,0.019770865721731267,0.016444042172599063,0.08073642443301814,0.08948160525858444,0.39317662152978866,0.07298792334919299,0.07476489731112455,0.07049933293256558,0.10219533366122555,0.0
2008-01-03,0.06874002514364042,0.019569963653411144,0.01599124398437193,0.06952657394765896,0.09003208819017158,0.41616981559310984,0.07302441482435428,0.0745934372387074,0.07022735415840882,0.1021250832661654,0.0
2008-01-04,0.056375071387918085,0.01925578048430805,0.01578238964376089,0.05706247219195635,0.08824878427328241,0.44228162202184546,0.0735124278107898,0.07500229645427027,0.07107216787056193,0.10140698786130661,0.0
2008-01-07,0.045226937291433705,0.019435545085936222,0.016080810997735145,0.04577910367867992,0.08904176010992323,0.4648313180180084,0.07341844541339779,0.07512912976601727,0.07081132778324169,0.10024562185562653,0.0
2008-01-08,0.03325494778053953,0.01926340743665816,0.01592994606900635,0.033810001107543064,0.08886373548167538,0.48926116762583616,0.07330141538495638,0.07490956827679827,0.07059128605025926,0.10081452478672744,0.0
2008-01-09,0.022757547333324156,0.019694102622311478,0.01639230251576392,0.022849100042045413,0.08988935508760498,0.5112389528985912,0.07297943086602318,0.07475254980204979,0.07043855603725764,0.09900810279502822,0.0
2008-01-10,0.02,0.019770865721731267,0.016444042172599063,0.02,0.08948160525858444,0.5173541959694251,0.07298792334919299,0.07476489731112455,0.07049933293256558,0.09869713728477705,0.0
2008-01-11,0.01984142999260659,0.01936550005017113,0.016419551664801947,0.019603759752893152,0.08697702408258164,0.5188676481480692,0.07346271048625594,0.07535944540718668,0.07102273778871394,0.09908019262671985,0.0
2008-01-14,0.01993864229532078,0.019464180798705495,0.01632258734570801,0.01985424933114395,0.08797939646446022,0.5174266466903557,0.07326524863457565,0.07540208430224707,0.07050738120128958,0.09983958293619373,0.0
2008-01-15,0.019606253170786413,0.01921115964646368,0.015984461807158575,0.01931436229156058,0.08445879027688517,0.5206925509123226,0.0741476493221935,0.07666392810344781,0.07127349914645605,0.0986473453227258,0.0
2008-01-16,0.019547932925553558,0.019339874433213892,0.016283469140583054,0.019032460372523555,0.08140470985246683,0.5240956664233306,0.07442719623476632,0.07654350277853775,0.07157129682846308,0.09775389101056142,0.0
2008-01-17,0.019065003504305282,0.018893534902077964,0.01610617952520912,0.018769194696162318,0.07913279687434865,0.5256324314672117,0.07512247596726397,0.07763179651551495,0.0719967981533872,0.09764978839451878,0.0
2008-01-18,0.018829400957344197,0.018670317001538147,0.015937148868865533,0.018837254900122894,0.08076711699385303,0.5249637879299922,0.07485521925912274,0.07693607386568253,0.07172385015123244,0.09847983007224632,0.0
2008-01-22,0.01859142693724324,0.018490336554521532,0.016433039209430816,0.01826578963268684,0.07854079542978054,0.5258444245864865,0.075500044546437,0.07756216314313212,0.07169738925925884,0.09907459070102265,0.0
2008-01-23,0.019003050188361334,0.019086899608631705,0.01774445364446674,0.01812501630844442,0.07889546451724672,0.5246276182920864,0.07501209201080554,0.07726732735115248,0.07165934628929307,0.09857873178951178,0.0
2008-01-24,0.019164841165369047,0.01907443895571687,0.01739887494387787,0.01876191371867059,0.08043351891941386,0.5230322877156836,0.07433541178267579,0.07570044434788616,0.07105596734718624,0.10104230110352012,0.0
2008-01-25,0.018846328990344583,0.018894387686800795,0.01711904332592717,0.01844910223004037,0.0790352485122654,0.5232572013919896,0.07486028141471525,0.07680622702289923,0.07166653253807095,0.10106564688694668,0.0
2008-01-28,0.01907596008307488,0.019211911641615162,0.01767885810474616,0.018575412594058236,0.08064423651541737,0.5207674242486253,0.07426708268697912,0.07619045690220083,0.07133977681578149,0.10224888040750145,0.0
2008-01-29,0.019212009659295905,0.01930311097596915,0.01761008259514931,0.018727652714968616,0.08042276697303284,0.5215832550401163,0.07412987936142548,0.0758363611613121,0.0713745285855251,0.10180035293320541,0.0
2008-01-30,0.019091472223737048,0.01908160138838506,0.017216584621980426,0.018662063201759338,0.07945083172772271,0.5225283496954377,0.07417765356834262,0.07542337697089307,0.07143912831651682,0.10292893828522527,0.0
2008-01-31,0.019363370435256707,0.019479070471782985,0.017557516027810475,0.018786255808599852,0.0807256400435122,0.5209784295628594,0.07426668791721418,0.07566130699663585,0.07139139271820354,0.10179033001812485,0.0
2008-02-01,0.019622633873779324,0.01988467431984693,0.018192472417283837,0.019049757679919406,0.05105302516288479,0.5512275929632235,0.07430987220915994,0.07591395252612101,0.0715031231947735,0.0992428956530077,0.0
2008-02-04,0.019622633873779324,0.01988467431984693,0.018192472417283837,0.019049757679919406,0.020000000000000004,0.5822806181261083,0.07430987220915994,0.07591395252612101,0.0715031231947735,0.0992428956530077,0.0
2008-02-05,0.019144490326059097,0.01942294205711528,0.017660007932820816,0.01822072470007088,0.018970043836005507,0.5850501551026522,0.07501838564989312,0.07668307381407781,0.07192738103658528,0.09790279554471998,0.0
2008-02-06,0.01899423616527433,0.019168642080920516,0.017324675356979524,0.018208720130030356,0.018663217045815618,0.5853800686108163,0.07490048598323469,0.07646459404168791,0.07155423178994497,0.09934112879529587,0.0
2008-02-07,0.019158285699318905,0.01951049315517095,0.017777922196847287,0.01815329700832205,0.019017804545925734,0.5857850849334852,0.07420791500819635,0.07496741199010669,0.07087375764255932,0.10054802782006753,0.0
2008-02-08,0.01897698786271023,0.01932868691903521,0.017173612505695025,0.017911628030620647,0.018923819192849908,0.5850402002895312,0.07460484872408996,0.07559304851172954,0.07092399937910202,0.1015231685846364,0.0
2008-02-11,0.01904799871609469,0.019310691778974983,0.01680669093386682,0.01798147364345708,0.0191323246798034,0.5844533258764932,0.07466951780536096,0.07580436619474828,0.07104096079988886,0.10175264957131186,0.0
2008-02-12,0.019247170499490106,0.019485927023902602,0.017357245353884398,0.01839042034872699,0.01946369242316172,0.5853492747295534,0.07459911683411184,0.07544168883332113,0.07102418772213304,0.09964127623171491,0.0
2008-02-13,0.019448104626888094,0.019931236378118885,0.017442235706823104,0.018520176507556472,0.019905575444933276,0.5856846715831752,0.07429888571317336,0.07465916783696734,0.0703245624938499,0.0997853837085146,0.0
2008-02-14,0.019320427302023078,0.019514583327919034,0.017351241220588783,0.018477863552285825,0.019693829794323037,0.5871452323515541,0.07405769268633691,0.07378439116632085,0.07034248686665509,0.10031225173199353,0.0
2008-02-15,0.01933329790678841,0.01944564093946159,0.017296002939647337,0.018562640539862934,0.01985194616108747,0.5864745271164924,0.07428209334642334,0.07435979611225808,0.07061943654983151,0.09977461838814718,0.0
2008-02-19,0.01937316768667375,0.01967027376202876,0.016981670328283974,0.01873004586758268,0.020096627795569814,0.5856156911123388,0.07369267061831579,0.0735521086099049,0.0698701498554935,0.10241759436380819,0.0
2008-02-20,0.01938599923009175,0.01963647259785795,0.01733844245177153,0.018590306639170086,0.020218133748334175,0.5835798273246768,0.07345788753622756,0.07389255396169032,0.06986434517693027,0.10403603133324957,0.0
2008-02-21,0.019178906602776,0.019215880061378532,0.0169051408915488,0.018511904381917965,0.019887263966600004,0.5837900295864142,0.07403798844004811,0.07449683571748346,0.07017739787510457,0.10379865247672831,0.0
2008-02-22,0.019303988659060786,0.019222833913693917,0.017308692653878594,0.018754043722275574,0.02016143140078955,0.5833733454745074,0.073857134269424,0.07409701904355916,0.06992940216424376,0.10399210869856718,0.0
2008-02-25,0.01957671982614242,0.019626060975842533,0.017870788359083956,0.019080853854332645,0.020567723147589593,0.5833403693246129,0.07347716750926886,0.07345015682775148,0.06958688864603049,0.10342327152934494,0.0
2008-02-26,0.019654720359725198,0.019739966808927426,0.01779763176951998,0.01929623224113287,0.02076666248763553,0.582140221041071,0.0734031233762867,0.07321794809303254,0.06984317090945354,0.10414032291321502,0.0
2008-02-27,0.019592901446374003,0.019689538500888813,0.017633077350822052,0.019317548051367688,0.020897191143550518,0.5815918535866442,0.07342007285955372,0.07312573476761111,0.06962760406738129,0.10510447822580635,0.0
2008-02-28,0.019321723429184253,0.01931194208119402,0.017195868877093026,0.01905387497167326,0.020587511197334405,0.5805834409518938,0.07397477510089971,0.07411866429760132,0.06984379785874353,0.1060084012343822,0.0
2008-02-29,0.01885050239921588,0.01887028140545284,0.016859188143782684,0.01853650782942008,0.01972656032029236,0.5813363145308561,0.07460467941897361,0.07509072410728443,0.07013561894423627,0.1059896229004853,0.0
2008-03-03,0.018789815783345234,0.018673901936753622,0.016936088864562247,0.018575442849051882,0.019817477210937476,0.580413193656077,0.07435326510441478,0.07483499413088682,0.07053703125150916,0.10706878921246167,0.0
2008-03-04,0.018809955682738067,0.01865554433627526,0.01688224557178173,0.01838332348232038,0.019452320544473576,0.5831246492238267,0.07443691480625726,0.07447167415741048,0.07046815229047437,0.10531521990444215,0.0
2008-03-05,0.018897307342350296,0.018803095848567757,0.016838098117477506,0.018573360590877327,0.019827881773014137,0.5818091832801071,0.07399086661786047,0.07345795807619561,0.06985623445604423,0.10794601389750566,0.0
2008-03-06,0.01853314430433237,0.0182032762345305,0.016089075751053727,0.018335341049933555,0.019175977955915583,0.5843920540602835,0.07469467449697069,0.07395845527474516,0.06986429423094508,0.10675370664128997,0.0
2008-03-07,0.01836233068483963,0.018165377816543666,0.01626803081779779,0.018139474533236125,0.018931458011367253,0.5847541792009141,0.07503335672601288,0.07413590974208427,0.06979332521804438,0.10641655724916013,0.0
2008-03-10,0.018108139783628747,0.017751418452528343,0.01599381461765024,0.01803634712312961,0.018586767749801645,0.5849880772877193,0.0755214426001786,0.07517879970597044,0.06973326248766176,0.10610193019173167,0.0
2008-03-11,0.018771390733241286,0.018534354366417313,0.01714187689161642,0.018618136421693476,0.01985006423909298,0.5824596086017493,0.07475136898821959,0.07458579948353143,0.06898193908071987,0.10630546119371863,0.0
2008-03-12,0.018503134258520525,0.018228204314645793,0.016689865378144115,0.018525310644727584,0.019385179023252656,0.5814219957874339,0.07523616729568128,0.07564558264305966,0.0694651330169484,0.10689942763758635,0.0
2008-03-13,0.0185455386549578,0.018594216859478676,0.016899973240229613,0.018557932482315534,0.019210188824956502,0.5811942200362966,0.07484667335813594,0.07506001455886248,0.06871714721187211,0.1083740947728951,0.0
2008-03-14,0.01822829698340816,0.018095944044292777,0.016597176919490194,0.018080410074150313,0.018498845109768684,0.5819690154612943,0.0754980680853378,0.0758635703209438,0.0685647706032829,0.10860390239803136,0.0
2008-03-17,0.018007762043484,0.017764648128484335,0.016451817698850894,0.017770606523930373,0.018005512599553384,0.5821070998484583,0.0757241206549164,0.07629274442333715,0.06898516621662566,0.10889052186235967,0.0
2008-03-18,0.018794432750149852,0.018619278603528435,0.01732716285580922,0.018352556818834676,0.018980638113466352,0.5812334154194624,0.07536118471808827,0.07615414793491843,0.06900047985370092,0.10617670293204164,0.0
2008-03-19,0.018400628041259096,0.018225185110412573,0.017204558366112465,0.017757471072672476,0.01791063246092203,0.5841317940706567,0.07630904248643347,0.07771890378223784,0.06957140772768508,0.10277037688160842,0.0
2008-03-20,0.018769341435675744,0.01856316254755884,0.017949986997149052,0.018051577824968648,0.01823938547795617,0.5843070854378011,0.07658814209034924,0.07802725956038595,0.0700432304401372,0.0994608281880183,0.0
2008-03-24,0.01919784214765917,0.019338932655204557,0.018307047969173384,0.018432846939840552,0.018991376147400423,0.5834994538188057,0.07544860332745337,0.07673097705299152,0.07010409272507394,0.09994882721639751,0.0
2008-03-25,0.01912029606548837,0.019305482908695843,0.018359093734264254,0.01860777809291618,0.019186534598442863,0.5809977726009132,0.07533567891558875,0.07666780662370637,0.07006763456835015,0.10235192189163417,0.0
2008-03-26,0.01886337843786175,0.019122744220842612,0.017852297250158102,0.018585152026151085,0.01900772729860118,0.5815361099047214,0.07530181765630378,0.0762545286040105,0.07006918709191796,0.10340705750943185,0.0
2008-03-27,0.018827112608671582,0.01897039387467374,0.01779846119585037,0.018592534801938867,0.01893920774757211,0.5828772112310339,0.07529567192341718,0.07581190001368103,0.069728075573542,0.10315943102961947,0.0
2008-03-28,0.018661676575866273,0.018762418527688687,0.017538523361688464,0.018591561769226817,0.018920085581244205,0.5836119985984174,0.07565233406432711,0.07660905183066476,0.07015727224230027,0.10149507744857622,0.0
2008-03-31,0.01873640440369605,0.01879941411787153,0.017664048912308546,0.018668452883591997,0.019041577992534097,0.5840451776422032,0.07582283048923343,0.07692044770238009,0.07038000049577589,0.09992164536040538,0.0
2008-04-01,0.01948338232228833,0.01957626908523784,0.018616617671407328,0.019345435040744274,0.01986267627633685,0.5819494707037363,0.07550169987654161,0.0760127313371442,0.07321703744575761,0.09643468024080575,0.0
2008-04-02,0.01944910828045594,0.01957586461735858,0.018650487547954914,0.019340322448406007,0.01982888274720246,0.5800581437917944,0.07506980080051111,0.07599051555575556,0.07316590583922783,0.09887096837133319,0.0
2008-04-03,0.019483002030169585,0.019621974797267003,0.019017033445829164,0.019383161930824715,0.020055379300351905,0.5792118524912223,0.07501405415800623,0.07610349324924642,0.0731464924579222,0.09896355613916055,0.0
2008-04-04,0.019388795818583326,0.0195430018931335,0.018637226808997733,0.019375331070880183,0.019899698926919823,0.5780777891200612,0.07530431894286145,0.07650965814470595,0.07375608295837269,0.09950809631548425,0.0
2008-04-07,0.019410114386922944,0.019521513144420584,0.01860484779635602,0.01950594414736869,0.02017589855778949,0.5773129685435425,0.07485161887605726,0.07615256126349204,0.07388297057868058,0.10058156270537003,0.0
2008-04-08,0.019422672125099544,0.019534863959559435,0.018402611428217183,0.019333441063796513,0.02009909944023093,0.5786234031548015,0.07498497738381324,0.07601399655928831,0.07374147020521032,0.09984346467998322,0.0
2008-04-09,0.01922511669527795,0.01915874541975696,0.017974898196768223,0.019118375013433775,0.019727470554505636,0.5780155751026977,0.07520993961318617,0.07657625841385851,0.07330789655156222,0.10168572443895318,0.0
2008-04-10,0.019268385858764316,0.019378305216201135,0.017952288833894454,0.019075051985447778,0.02002702053194106,0.578300240817523,0.07497587199443985,0.07638418969405115,0.07343984258870974,0.10119880247902792,0.0
2008-04-11,0.018897514545422447,0.018884246922469924,0.01789025439096203,0.01882167343020922,0.019703666792107596,0.5793616538463293,0.07531114172468366,0.07691126346476093,0.07352151207047954,0.1006970728125757,0.0
2008-04-14,0.01886907624199863,0.018861861770622945,0.01782614109521234,0.0188985059428932,0.01969386453703338,0.5801023616695409,0.07526156800395524,0.07660445536570651,0.07320620390032886,0.10067596147270837,0.0
2008-04-15,0.018931560964887264,0.01900151448645579,0.01793588893546513,0.019049491765287634,0.019944258153522604,0.5799078136265714,0.07499463367601834,0.07572796787014446,0.07312419753195057,0.10138267298969708,0.0
2008-04-16,0.019406469869431536,0.0195775289624146,0.01867321977162664,0.0196113182893165,0.02049403555657531,0.5775303767338895,0.07434242275946724,0.07483961745042318,0.07256329445848365,0.1029617161483722,0.0
2008-04-17,0.019478492111160928,0.019544348920413734,0.018823821731463915,0.019437040800972825,0.020391133537169197,0.5777891749175618,0.0743349975806209,0.07487871085483101,0.07291479130383649,0.10240748824196959,0.0
2008-04-18,0.019710038832521322,0.019779441968608816,0.01886993604750665,0.019602953529710112,0.02072872249539807,0.5782735186854266,0.07436704789095244,0.07492180100975905,0.07334124627850526,0.10040529326161203,0.0
2008-04-21,0.01973601900809721,0.019798267553155727,0.01869741339167171,0.01977257368481708,0.020850762785576803,0.578188030714669,0.07443576740813752,0.07528170243658762,0.07316291838558402,0.10007654463170378,0.0
2008-04-22,0.019659912497008523,0.019447112018948744,0.018620513843282026,0.019577513630559814,0.020668751309694183,0.5787136997294964,0.07453493630741773,0.07558181574525674,0.07304207197149871,0.10015367294683757,0.0
2008-04-23,0.01964101138976825,0.01950922669726429,0.018847651110245438,0.019691652106150467,0.020979352830604106,0.5790808857522339,0.07450721020269069,0.07537891587344266,0.07331257871673666,0.09905151532086391,0.0
2008-04-24,0.019822303734033323,0.019792846392992388,0.019374583751133618,0.01965878562334611,0.020810827199596538,0.5802851244625642,0.07428246553208705,0.07510229658491213,0.07356977394149372,0.09730099277784125,0.0
2008-04-25,0.019998296385094625,0.019971590170877417,0.019433089154960944,0.019813903539270997,0.020956074125992687,0.58013908267538,0.07415437255841632,0.0746354310568016,0.07357759386869911,0.09732056646450674,0.0
2008-04-28,0.019961342550560875,0.020063456339631226,0.01943672544146541,0.01988807748190767,0.02087290371141478,0.5795695201049105,0.07413512741121381,0.07470863570978928,0.07377694449475866,0.09758726675434821,0.0
2008-04-29,0.019935830574056096,0.019939176126507425,0.01920648497219806,0.01976557343433502,0.02055813329750211,0.5809781329506362,0.07446721739967982,0.07519288821597943,0.07420637148221058,0.09575019154689579,0.0
2008-04-30,0.019754616914447555,0.01978091953250129,0.018808902143042996,0.01980920080415106,0.02091418803372766,0.5802251677933907,0.0744617763158861,0.07548637698841931,0.07438200332225924,0.0963768481521746,0.0
2008-05-01,0.020168576982904588,0.020134169022609984,0.028053888180864097,0.01996975775515428,0.02961437952450808,0.5511112740275828,0.07460416745417649,0.07564443508592729,0.07497194458863281,0.09360743439816856,0.012119972979471422
2008-05-02,0.02019839731021584,0.020109663344373866,0.0369023485647453,0.02003435260042016,0.03832154618443573,0.5218056792342416,0.0742057707862292,0.07497098355776843,0.07470543284144086,0.09422607604057638,0.024519749535552818
2008-05-05,0.020031291915054903,0.01998087370113027,0.04561132628391542,0.01999915579009982,0.046688134592460004,0.4914978447976457,0.07423555919119805,0.07499386068744839,0.07469616845430452,0.09522886856233183,0.03703691602441127
2008-05-06,0.020112732944610617,0.02007441531800817,0.054681106267834664,0.020065744318689,0.05545954344121892,0.462015806115644,0.07416285051820494,0.07483258380576047,0.07443433788357867,0.09480295113899631,0.049357928247454316
2008-05-07,0.019924541246558194,0.019907589226943804,0.0624281902098788,0.01989003683092081,0.06275471134612057,0.43520989007039323,0.07466341926061551,0.07555280691584404,0.07494644809946394,0.09390002054725913,0.060822346246001996
2008-05-08,0.02,0.02,0.06965838451678,0.01996975775515428,0.06965838451678,0.4122271071676006,0.07460416745417649,0.07564443508592729,0.07497194458863281,0.09360743439816856,0.06965838451678
2008-05-09,0.019953355364729898,0.019932163540559985,0.06913077929034242,0.01980129529099627,0.06905757386364815,0.41218395648021056,0.07465335179120636,0.0758882225077514,0.0749371039775707,0.09375698159556632,0.07070521629741795
2008-05-12,0.020168218293374514,0.02036050946859176,0.07057405560065291,0.019990465714615425,0.06991343880475395,0.4112037624485921,0.07449345135262654,0.07573867506788075,0.07483197161447722,0.0932531011950081,0.0694723504394267
2008-05-13,0.020234607207398593,0.020542023115764575,0.0711712501408085,0.019985384369395235,0.07046803318978714,0.4118038600158043,0.07410585660038464,0.07514632815082406,0.07464129940822653,0.09182626427898745,0.07007509352261888
2008-05-14,0.020295128668897745,0.020535839039793932,0.0717137955506667,0.02000386500892886,0.07070293496326632,0.4118866285107844,0.07414914019266783,0.07524875207559882,0.07475298721614142,0.09170655916671507,0.0690043696065388
2008-05-15,0.020391900357576858,0.020420614152139336,0.07205179202655432,0.02018892614243066,0.07165535810436786,0.4090852978692648,0.07399193412737909,0.07535212580733738,0.0746759844372233,0.09292868546781624,0.06925738150791005
2008-05-16,0.020337286959920507,0.02045802215685993,0.07132194014224831,0.0203340390778813,0.07230742514275547,0.4077161346046673,0.07360170056269102,0.0747724469034294,0.07430967022659736,0.09483051107332276,0.07001082314962644
2008-05-19,0.02035896102463541,0.02042951519964276,0.07174399876244758,0.0202174811890288,0.0722010991139094,0.4074792006157875,0.0736454144914058,0.07474559776537375,0.07420009958475274,0.09498079169198133,0.06999784056103472
2008-05-20,0.02018092510855165,0.02034189697159068,0.07021701767986183,0.02001849807199272,0.07090364175859555,0.40780605127635317,0.07382236876950292,0.07508758941072378,0.0741806024010115,0.09652332597947523,0.07091808257234074
2008-05-21,0.019856030752445422,0.020068718926226668,0.068752978654478,0.01980754518888917,0.07024090023841713,0.40770289231191664,0.07370910423395828,0.07516612501609052,0.07391912133748162,0.0977298887470864,0.07304669459300991
2008-05-22,0.019964357053179744,0.020319720371096757,0.06865502477776264,0.02014411535729712,0.07081989470797327,0.4087344162493829,0.07361613165364102,0.07467454318861678,0.07349288174844386,0.09720196239065355,0.07237695250195214
2008-05-23,0.019701782978282106,0.0200582421014297,0.06822944321710157,0.01992043774204251,0.0696021868191668,0.4096278531620149,0.07396077671646031,0.07502059037002429,0.07385056481247988,0.09749394131377365,0.07253418076722411
2008-05-27,0.019920204357519282,0.020440885899961098,0.06945881328662298,0.01995397529381596,0.06974339528762083,0.41067697367364003,0.07387005009049726,0.07478563320857878,0.07367356313169286,0.0958439795347809,0.07163252623526986
2008-05-28,0.02002840950506743,0.0205523628380685,0.06979849325590454,0.019967576840550002,0.07074045175115876,0.41026761323061856,0.07337617014752865,0.07418128296137878,0.0732582350782117,0.09568570768966596,0.07214369670184696
2008-05-29,0.020230689831318666,0.020866456330360928,0.07088293346277366,0.02002377309556234,0.07125357765431738,0.41218978799374906,0.07340082718843621,0.07401941257772209,0.07327171804190918,0.09333146621051044,0.07052935761333988
2008-05-30,0.020214447587970915,0.020870375983459883,0.07036566506942357,0.02007030613461828,0.0712637473951893,0.4114272693508801,0.07340279983613882,0.07426085082762979,0.07332160156581027,0.09403474558869748,0.0707681906601814
2008-06-02,0.019988888125765207,0.028900439418902038,0.0708067397199617,0.019844401585855813,0.07169575929391003,0.41380409543667235,0.07464127573728556,0.06692119594510951,0.06608331301413284,0.09450411856257111,0.07280977315983372
2008-06-03,0.019934618427284116,0.03706913112547683,0.07247306474531603,0.019852789232131962,0.07208754952420536,0.4171113747487536,0.07599111907511191,0.0599865048065491,0.05909067333657953,0.09373417725718289,0.0726689977214086
2008-06-04,0.019978767302846232,0.04531374500913148,0.07435364573078396,0.019799235426956316,0.07319775408367506,0.41946260315691675,0.07667172278723118,0.05224743171515921,0.05180309890508133,0.09387364251565679,0.07329835336656161
2008-06-05,0.02017722980910895,0.05405079978558345,0.0766912695301372,0.019952901750467877,0.07616316695298246,0.41822032025824984,0.076728414980754,0.04419637766778587,0.04388622126259304,0.09334869051567024,0.07658460748666703
2008-06-06,0.019694962638557894,0.060737619036326344,0.07564317854651198,0.01954349341237691,0.07546949184847715,0.42137493053225467,0.07827491360476321,0.03742612943300928,0.03695950678777373,0.09579450207100715,0.07908127208894167
2008-06-09,0.019904863051856323,0.06876685196621708,0.07664242376415994,0.019712184739622263,0.07745888401918992,0.4231785179968817,0.0788967868441191,0.03033998634610447,0.03004572433861679,0.0948739098251563,0.08017986710807606
2008-06-10,0.01997670667367221,0.07655440063078053,0.07923385650746376,0.019744362122258812,0.07884142983766582,0.425539205975203,0.07969188846740466,0.02317524851812667,0.023092185927999394,0.09401674574605602,0.0801339695933691
2008-06-11,0.019988888125765207,0.08,0.08,0.019844401585855813,0.08,0.4256625917258079,0.08,0.02,0.02,0.09450411856257111,0.08
2008-06-12,0.02013674017363516,0.08045358638793744,0.08077896999330614,0.019846269556336945,0.08075422768574596,0.4251125377884831,0.07958387711947983,0.019870704357811277,0.01990097768926363,0.09329437027565175,0.08026773897234875
2008-06-13,0.02030355707758336,0.08155319053042233,0.08211219809600162,0.019942419918864595,0.08127559345736056,0.4237464934259633,0.07905726393043956,0.019742945118717672,0.0197118606158838,0.09314230154563213,0.07941217628313105
2008-06-16,0.020242030834001598,0.08176810525305413,0.0829889717122751,0.019971745990032177,0.08125696375653717,0.4224712019862529,0.07878055981007183,0.019675983843199487,0.01971058982620927,0.09408140996923638,0.0790524370191299
2008-06-17,0.0201430636406152,0.08169795942404764,0.08054019964918978,0.020031162341086206,0.08159738021354078,0.4232744995499897,0.07904283826145107,0.019714945656975794,0.01977387889059177,0.09433669640001888,0.07984737597249318
2008-06-18,0.019932955636526854,0.08098730450417195,0.07928651902834856,0.019852758193828132,0.0811448163056933,0.4233886579922858,0.07941791697552156,0.019867018016552225,0.01985911934631136,0.09538345904548422,0.08087947495527611
2008-06-19,0.01997435379714643,0.08172896236907438,0.08098907030383486,0.01983044589405742,0.0813366789994979,0.4229091732410688,0.07902389082126217,0.019765778715547962,0.019772126364260775,0.095612067507921,0.0790574519863283
2008-06-20,0.019735676284152223,0.08078220235130547,0.07932760295828754,0.019481670597863505,0.07902384000881107,0.4255236783529767,0.07973601217813261,0.019967399086222807,0.01986988450780646,0.09660372238528853,0.07994831128915308
2008-06-23,0.019797671315465632,0.0803560135423233,0.07800319190994585,0.01955942754152898,0.07958180565164875,0.4268159930741033,0.08002860477199271,0.02009234673643138,0.01994416706924979,0.09497461726090449,0.08084616112640584
2008-06-24,0.019758829792144474,0.07902714002720466,0.07804143932662712,0.019471261758252947,0.07923028099277059,0.427600267270914,0.0804551306742749,0.020226619390759065,0.019932717694816273,0.09539055086708083,0.08086576220515516
2008-06-25,0.01977074146174391,0.0795934055396101,0.07909336618398315,0.019598515670948318,0.08048499899736188,0.4261553114631235,0.08011576761592781,0.0201525119814849,0.019866548785412136,0.09494480248021439,0.08022402982018989
2008-06-26,0.019247322409259963,0.07759980184299363,0.07631882884491026,0.019115357394034898,0.07777831435184511,0.4276954251596689,0.08062370298826516,0.020302440583771068,0.019896191843290244,0.09847876772514692,0.08294384685681382
2008-06-27,0.019101099660608266,0.07751077988039262,0.0755601719755812,0.01912469249571485,0.07836154866655878,0.4269821016190741,0.0808456755774673,0.020496346357639552,0.01983391317351121,0.0991997196449865,0.08298395094846572
2008-06-30,0.019197633720515823,0.07687155672883825,0.07542689717956463,0.019268802603129628,0.07907493365109478,0.4278891248625041,0.08102379136748451,0.02053194435003959,0.019807409117145548,0.09927445628356668,0.08163345013611656
2008-07-01,0.019231580201120167,0.06488363805837902,0.0640426700940025,0.019035371838872803,0.06546557984918562,0.45043998329622303,0.08069460445094553,0.032966870354341996,0.019771639646394033,0.10050684537819396,0.08296121683234146
2008-07-02,0.019036059588898438,0.05127731797086165,0.05103769163451589,0.018858944222772015,0.051681123813071786,0.47567021779244456,0.08101817022450944,0.046179182508424316,0.019806525351486044,0.1011361657462189,0.08429860114679709
2008-07-03,0.01914085802561656,0.03876369460159759,0.0386349546662753,0.01901790686335738,0.03918500807226915,0.5009757606007982,0.08097614128643085,0.05944801233278517,0.019793988343327282,0.10024166237629983,0.08382201283124273
2008-07-07,0.019155790309559044,0.025947376927398035,0.025768774932896917,0.018993196912781937,0.02615690625836671,0.5264861935935169,0.08097652567174757,0.07353050801311535,0.01982555998196202,0.10021611269618924,0.08294305470246623
2008-07-08,0.019231580201120167,0.02,0.02,0.019035371838872803,0.02,0.5377987416521319,0.08069460445094553,0.08,0.019771639646394033,0.10050684537819396,0.08296121683234146
2008-07-09,0.018874820870498073,0.019479232898787596,0.018541912365649293,0.018801870103638423,0.019610232128081263,0.5390941632639842,0.08113647437737864,0.08041003917622991,0.01979944998380622,0.10128746846420203,0.08296433636774429
2008-07-10,0.018859863451971378,0.019574761898909762,0.018787006661728847,0.0188716524422477,0.01986816664013316,0.5358281233740199,0.08076948442209263,0.08001073121270418,0.01959098750799497,0.10303148603871247,0.08480773634948496
2008-07-11,0.018653220326842322,0.019696868363730056,0.018806612982871375,0.018587862015420266,0.019749015245554745,0.535105483617427,0.08007074571374492,0.07892798162300756,0.01945371059355201,0.1049008207397993,0.08604767877805036
2008-07-14,0.0184474111052499,0.01933296699731019,0.018115276478549235,0.018511013750409856,0.019684931350806123,0.5352576384632648,0.08033697724227508,0.0794618244480099,0.019424318372169253,0.10551532304959733,0.08591231874235832
2008-07-15,0.01823379144884446,0.019300296427259837,0.017988926619199562,0.018261051646164688,0.019406017440332848,0.5374008729686123,0.08083355203750066,0.0796390057180016,0.019470037393861488,0.1060714979655871,0.08339495033463554
2008-07-16,0.018732235499885074,0.020063730666901328,0.019303877608171708,0.018648529923243704,0.020020728572291938,0.5383444893430994,0.08031382352750747,0.07841229104933652,0.019369538175521152,0.10444690924327044,0.0823438463907713
2008-07-17,0.01897476491441475,0.02015167360437717,0.019671938321627006,0.01898755776031253,0.020173006769547024,0.5391326713095644,0.08016322263148958,0.07823583280443495,0.01935974256137293,0.1045073292824506,0.08064226004040909
2008-07-18,0.01914651369570145,0.02034998584837197,0.019733543675628167,0.019163548815248867,0.02005509567425137,0.5396654499933283,0.08011244113215031,0.0781613932975627,0.019378851432253062,0.10474474361352441,0.07948843282197951
2008-07-21,0.01909098006261413,0.020527007639459274,0.019723200840872455,0.01920830263010444,0.02023354834739512,0.5380614585527409,0.08001878265445993,0.07819281494210802,0.019333334717400997,0.10543596503078209,0.08017460458206276
2008-07-22,0.01937716629713787,0.02111810387728479,0.020422949884651265,0.019343217418404463,0.0203188450462399,0.5395443222815779,0.08003167455860803,0.07808578924533406,0.01952811215990331,0.10352442696097243,0.07870539226988611
2008-07-23,0.019567833554236524,0.021347613817716656,0.020950013537384297,0.019500084529756666,0.020437787412489326,0.5416579329779165,0.08025490483231612,0.07827337549829244,0.01954539714740586,0.10119808994096809,0.07726696675151767
2008-07-24,0.019148389046715245,0.020792982522533608,0.019647592417544248,0.019131167186069324,0.019668735186500207,0.5427875750214491,0.08089056170136451,0.0789822481643533,0.019704412066739983,0.10197622727828429,0.07727010940844628
2008-07-25,0.019182424806274044,0.021004309905715383,0.01998551276772376,0.019209952881373255,0.01984352337587564,0.5431602918036135,0.08058252166989936,0.07835056928216141,0.019639979474915165,0.10258468484037805,0.07645622919207065
2008-07-28,0.01887870675896798,0.020623194703821537,0.01953755542432276,0.018865933926326336,0.01948490707985456,0.543630313954593,0.08094828228901152,0.07904762004695276,0.019730538397853898,0.10250762795390647,0.07674531946438932
2008-07-29,0.019282885653117303,0.02112897162477141,0.02051670992610092,0.01905341882277499,0.020565705869271884,0.5432015930917853,0.08072209057522838,0.07873078814080173,0.019682554917363922,0.10123933721734564,0.07587594416143867
2008-07-30,0.01960490102871756,0.021233262361056375,0.020393886825387737,0.019210124520812687,0.020329270685235133,0.5427359592301821,0.08079012959722867,0.07872235687284257,0.019755072148265804,0.09993366109358849,0.07729137563668292
2008-07-31,0.019318289393704183,0.021117423661360872,0.020126041881158498,0.018994179897942484,0.019845633271205212,0.5430817243078524,0.08132046219405065,0.07939068046086209,0.01985056623068408,0.10041685796174749,0.0765381407394322
2008-08-01,0.019247330994951208,0.02,0.02,0.01874121735506126,0.019742900401758006,0.5409545747277664,0.08149310086942235,0.08,0.01981098429626972,0.10000989135477108,0.08
2008-08-04,0.019183349969575016,0.019934151281455155,0.019836593220955656,0.018675031899802606,0.019253369163017023,0.544137573621424,0.08192666520066906,0.08029581705117228,0.019931942631343142,0.09900424406678122,0.07782126189380485
2008-08-05,0.01973607053316777,0.020311603844751558,0.02072118959138984,0.019182315642652926,0.019536420580715436,0.5448545864571828,0.08165467397501801,0.07984156453515572,0.01988046692270257,0.09686453255711985,0.07741657536014356
2008-08-06,0.019821972291162053,0.020411431302303773,0.020622558602194918,0.01918641247141682,0.01992362537434931,0.5448726994210432,0.08167549468045085,0.0795087150322429,0.019908513722282004,0.0974861552806085,0.07658242182194558
2008-08-07,0.019506389393548082,0.020085608621817557,0.020101301592640605,0.018782693792406737,0.019219412345178332,0.5454875483928427,0.08235391024193081,0.0807189138556961,0.0200523735526186,0.09676610531876953,0.07692574289255076
2008-08-08,0.01992088194948189,0.02066965931633085,0.0208068933577082,0.018909981817466837,0.01931668248944522,0.5464546036079014,0.08253225504528572,0.08115085455524802,0.02012478448691909,0.09514880944029934,0.07496459393391322
2008-08-11,0.020224337568780445,0.02126647218362076,0.0214204704471581,0.018983787863289997,0.019207112568414248,0.5483623253762222,0.08252699761462465,0.08076244849635669,0.020129952114302033,0.09187101958395956,0.07524507618327116
2008-08-12,0.020014699905172902,0.021108238658625548,0.020947090812402917,0.018847936512390147,0.01904752931403196,0.5493781396633219,0.08310266824046744,0.08151904567661365,0.020252667075168745,0.09118385913666817,0.07459812500513646
2008-08-13,0.01984719417856125,0.021135083006692097,0.020560791804815636,0.018507831346761976,0.01899800372558659,0.5480191987781722,0.08272924757126998,0.08104425000410974,0.020099327965108826,0.09214425303367005,0.0769148185852516
2008-08-14,0.020022234395866177,0.021366126918285232,0.02092748829450983,0.018458670272715378,0.019271713523374024,0.5489113541410312,0.0830870133864237,0.08166918387632609,0.020182661039852598,0.08976089727929962,0.07634265687231609
2008-08-15,0.02015861391221991,0.021350685431720362,0.020935550383093436,0.018372282199989855,0.019006999708976777,0.5503734224096968,0.08355801399852571,0.08253720365268183,0.02026779470110806,0.08798546432408326,0.07545396927790399
2008-08-18,0.019856036247500264,0.02104638171677346,0.020468931062757573,0.018254448657527945,0.01866074691798093,0.5500919473148894,0.08365121507047558,0.08275323480593674,0.020248342154262952,0.08919060966521265,0.07577810638668256
2008-08-19,0.019608132244086737,0.020664093358906788,0.020014852695349514,0.018019357217664015,0.01847562506611311,0.5496095989909107,0.08339579054370368,0.08230256212580894,0.020184070819212654,0.09089344124878752,0.07683247568945653
2008-08-20,0.01965725556220763,0.020648345114456623,0.020020720079008972,0.018088038621270775,0.018905849710416842,0.5491644427931598,0.08346102482273829,0.08235665808261707,0.020143050340011313,0.090279143378027,0.07727547149608596
2008-08-21,0.019597431034709182,0.020313602355633904,0.019651815717486212,0.0180739551200838,0.018787825423059613,0.5460908481555536,0.08288709501745292,0.0818153437355132,0.01992833202729314,0.09236335116147511,0.08049040025173945
2008-08-22,0.01996914610180154,0.020833331126951533,0.020191481190959194,0.018237881906664977,0.018856929395474505,0.5475192096269882,0.0830112467041689,0.08212466929454756,0.020024529800212448,0.09139707652305143,0.07783449832917985
2008-08-25,0.019567482705823817,0.020378828936382272,0.019748746152358287,0.017954605163670007,0.01847053187933272,0.5485386177557616,0.08357694525279297,0.08295970433824723,0.020157370306068303,0.09124392816382021,0.07740323934574263
2008-08-26,0.019611422722083466,0.020396356032158027,0.019887490815048373,0.01803229878756498,0.018491083753388256,0.547975789612009,0.08354933661256325,0.08297504122399241,0.020167817984444055,0.09152121860248791,0.07739214385426019
2008-08-27,0.019750756646661902,0.020585662138375437,0.02001298255334219,0.01815550612094563,0.018836035287053632,0.5468777590199572,0.08345283837660523,0.08289972028939224,0.0200835685830932,0.09142899403875825,0.07791617694581494
2008-08-28,0.01997638824504421,0.02098824083889118,0.020662588471593923,0.018376332341338696,0.018953878308739913,0.5462346300946055,0.08327383553893987,0.08285086319382472,0.020065639252595777,0.09228625877430767,0.07633134494011827
2008-08-29,0.019800465576356622,0.020848916490408608,0.020470889548450975,0.01835763365157438,0.01876626957194029,0.5475730897909072,0.08333517090607731,0.08264403656587462,0.020065414586128604,0.09193905751100347,0.07619905580127764
2008-09-02,0.019747223776269886,0.08,0.02,0.01813870068529882,0.018263811077144185,0.5560556764249028,0.08408588109281995,0.0837087069435644,0.02,0.020000000000000004,0.08
2008-09-03,0.0197209301141213,0.08028703580115072,0.02026452136679762,0.018054819113048425,0.017954375753581286,0.555993844241512,0.08425259233184673,0.08402379041994953,0.02003014270702125,0.01991230427273124,0.07950564387823988
2008-09-04,0.01922659128663864,0.07816825646603813,0.01973453052175635,0.01737120641022392,0.0172161510914415,0.5592192723803948,0.0851148057996696,0.08513770750098233,0.020140191177135357,0.019888910984437583,0.07878237638128173
2008-09-05,0.019304820492757783,0.07804420455817437,0.01987801227106139,0.017323098752306643,0.01747791751054216,0.5595325292755698,0.08500442980811779,0.08517156549543965,0.020138833122157033,0.020057070813900752,0.0780675178999726
2008-09-08,0.019650472987542602,0.07874648402414793,0.020680392237671756,0.017662978858525087,0.017647753544169704,0.5577557713665153,0.08478474690041998,0.08529786071139503,0.020118323666141844,0.019972620796314657,0.07768259490715608
2008-09-09,0.019184681505306948,0.07740650116180757,0.019896394743495582,0.017195780862890038,0.016760085957347928,0.5620739497656737,0.08569598352493979,0.08667422386945485,0.02031233733085305,0.019491840094933544,0.07530822118329693
2008-09-10,0.019257775115411477,0.07810871416875526,0.019998326829567457,0.01735819091266814,0.017026359428885515,0.5620703409096356,0.08545700021564977,0.08611589610502146,0.020299332070574185,0.01890871181805481,0.07539935242577635
2008-09-11,0.01955151892476672,0.07866133654233881,0.02024337740633268,0.01733358729317831,0.01678790907160951,0.5623024443354392,0.08537147837059832,0.08613775960600625,0.020157066000411675,0.018632687731923378,0.07482083471739513
2008-09-12,0.019620751233939724,0.07893731229623069,0.020435233881742274,0.017654001308209596,0.01732948744803305,0.5617654978589736,0.08485363398733867,0.08493581524538084,0.01998158144500681,0.01924173603113906,0.07524494926400578
2008-09-15,0.018725865119682907,0.07555384918703982,0.019218435989515618,0.016937897296373485,0.016001486137895437,0.5669247766115058,0.08666156461872317,0.08787318828783372,0.019874911776331144,0.01979464295715985,0.07243338201793909
2008-09-16,0.019060534272410008,0.07781928449692742,0.019832362435988828,0.016830713480109866,0.016157316867549364,0.5665408685922779,0.08651131600895831,0.08795329542517315,0.018634606576505904,0.019619993926273744,0.07103970791782539
2008-09-17,0.018197160840512466,0.07428600926746057,0.018902376077444872,0.016182916552996852,0.015005460969171549,0.5690529457202056,0.08725972802605042,0.0883622095981928,0.017774726995422763,0.02182757622584052,0.07314888972670137
2008-09-18,0.018661162423031667,0.07834984201899069,0.020416546841853754,0.016850070851504695,0.01620464112029613,0.5649250663484826,0.08588477507053832,0.08671742084825604,0.01794410036039027,0.021062470499859702,0.07298390361679588
2008-09-19,0.019316536054261053,0.08148016721199824,0.020991704057796403,0.017964335133662707,0.018142014946511062,0.559272060758102,0.08398012103791562,0.08359437046221461,0.018422971588879695,0.02177476106593625,0.07506095768272213
2008-09-22,0.01894869208365218,0.07845427272633365,0.019212877297110076,0.01741493549025826,0.017020729614687823,0.5617345837474824,0.08410961821783933,0.08389304903981017,0.01860041438415575,0.02266828180266804,0.07794254559600201
2008-09-23,0.01857747301625355,0.07765786035420365,0.019397688625979848,0.017225436001199534,0.016543945071474532,0.563957262460912,0.08438166585005795,0.0838419259037983,0.018468569043736175,0.0225222942716996,0.07742587940068456
2008-09-24,0.0186393236567364,0.07668071447260032,0.0192567121713394,0.01727732032996322,0.0167359547634316,0.5652445468116267,0.08461015179222134,0.08421958794748241,0.018422842985399354,0.022114462870841064,0.07679838219835801
2008-09-25,0.01888901946144831,0.07690517284134539,0.01957023442835938,0.017636335590714414,0.017556684408788503,0.5629837038195161,0.08416784835357008,0.08386373547018758,0.018461988453117303,0.02199945482706372,0.07796582234588903
2008-09-26,0.018914041506395515,0.07733010875494568,0.019993682714703677,0.01746386927405949,0.01697364947739534,0.563449574139372,0.0841806920583526,0.08454147019702003,0.017977879366157478,0.022066049887204817,0.0771089826243932
2008-09-29,0.017635009510034296,0.07205060319016164,0.01901638432203676,0.015695108393911902,0.015165922423140868,0.5732946561505847,0.08634922864551828,0.0880153509932175,0.016530275748175692,0.023078073660842493,0.07316938696237561
2008-09-30,0.01829068804260004,0.07501362879785126,0.019859565577950225,0.016579932304867512,0.016327898827407213,0.5687313151303437,0.08486496786718292,0.08552330221580202,0.018071564378980668,0.02183003352104747,0.07490710333596683
2008-10-01,0.01828711250632578,0.06078966935286923,0.019539407440849137,0.016443108123138414,0.016510622811100474,0.5965281311816542,0.0853950020167809,0.08653009420556605,0.018223797835795776,0.021547112752898147,0.06020594177302188
2008-10-02,0.017964443024796137,0.04475177519245736,0.018811937909602058,0.016073514542485172,0.015664963043540675,0.6300647249301893,0.0862263427233088,0.08751048015534137,0.01816144382600513,0.02053653544078136,0.04423383921149256
2008-10-03,0.01805356168628487,0.030136545109266263,0.018816426676585958,0.016264784629881093,0.01598591820073658,0.659360964456025,0.08589870489174052,0.08728297725838419,0.018197929728596282,0.0202566136556781,0.029745573706821085
2008-10-06,0.01828711250632578,0.02,0.019539407440849137,0.016443108123138414,0.016510622811100474,0.6790708550604434,0.0853950020167809,0.08653009420556605,0.018223797835795776,0.02,0.02
2008-10-07,0.017550693121130286,0.018775560827111556,0.01797386323059864,0.015747773203751692,0.015298260249151766,0.6824437171415785,0.08573264685478664,0.08667621251486521,0.018651852185864803,0.02080745574266952,0.020341964928491323
2008-10-08,0.017214088302854664,0.018437719088397947,0.01778245841561166,0.015490750176781155,0.015392632177659262,0.6837157079924313,0.08515925391819293,0.08595834912562493,0.01863266770774246,0.021451591393543128,0.02076478170116033
2008-10-09,0.01615027079430874,0.017070662481641997,0.016652584617482664,0.014689834060904768,0.014381991207835022,0.6900368834982292,0.0850327229975538,0.08597176660446955,0.018292296807878073,0.021753151610943586,0.019967835318752448
2008-10-10,0.01580039204220016,0.017958282683401917,0.018025315113035602,0.014179869761821107,0.014586555709431855,0.6929427057738701,0.08425916531333984,0.08559352852885248,0.01733113949562738,0.02019027662663352,0.019132768951785884
2008-10-13,0.01795526990633005,0.01935910742818951,0.01922354450375755,0.01630620640669152,0.017770028863375344,0.6845778106482012,0.08303834061911175,0.0838457899742471,0.018144957403708317,0.019738723235101396,0.020040221011285993
2008-10-14,0.01777207693421006,0.018903306928506645,0.01806031644499271,0.016045243052982838,0.01696445196526223,0.687936990032405,0.0830330394575787,0.08369456689701814,0.017944131926033655,0.0198816266827484,0.019764249678261372
2008-10-15,0.016140370034295543,0.017333485674090182,0.015615853850944463,0.014438743574269941,0.014326608529318724,0.6953205025079313,0.08432931516675565,0.08511678450705068,0.0180761877995386,0.020298391420561696,0.019003756935243015
2008-10-16,0.016773132258649105,0.018424686123545152,0.016558432484944003,0.015253251626548418,0.014995299756957573,0.6932690955475436,0.08414992355471256,0.08447833314888728,0.018222762446204854,0.01927341388543384,0.0186016691665734
2008-10-17,0.016699509372590043,0.01793521022031319,0.0164143673351278,0.014951697842409073,0.014548148967834365,0.6948698902643163,0.08481430096753297,0.08403097905509126,0.018096381749980794,0.018797701715940963,0.018841812508862958
2008-10-20,0.017606092028186537,0.018688079832751173,0.01647912289075275,0.015818806804703843,0.015482662819892287,0.6905794238533629,0.08443725505917635,0.08423961248248765,0.01854584577809682,0.01900735473743382,0.019115743713155626
2008-10-21,0.01711634860661242,0.01821028469897761,0.01594379285309251,0.01495817393340246,0.01427920999051921,0.6934337991988209,0.085508507929471,0.08486271803733686,0.01876939288839752,0.018447246139884466,0.018470525723484846
2008-10-22,0.01625565460037693,0.017365395838383507,0.014838821182558208,0.013927923589057381,0.012832158878757983,0.697486445836141,0.08654200062039633,0.0869664024192138,0.01863480631395361,0.017476492743147734,0.01767389797801328
2008-10-23,0.016437705741514198,0.016843074957746628,0.014601996056382864,0.014228502436301641,0.013185244471940458,0.6968065510794123,0.08662483097201472,0.08757823199109682,0.018744867707886408,0.017211604171830396,0.017737390413873302
2008-10-24,0.015692732413898763,0.016309485209683894,0.013743566479047876,0.01338310640082694,0.011892140691514386,0.7013489291950787,0.0867482395239799,0.08713893866214684,0.0189263439115533,0.017691595956091738,0.01712492155617735
2008-10-27,0.015212903201326839,0.01558997541455911,0.013093552221186374,0.012744716686180725,0.011639261508968752,0.7031706119644058,0.08714237591146536,0.0876472261125809,0.018900246980285907,0.01777453628312874,0.017084593715911183
2008-10-28,0.016839817668128764,0.016688152322950837,0.015095938369179445,0.01437261809470798,0.013950742346703108,0.6977601004890412,0.08567291560392012,0.08560398590854625,0.01860872974249539,0.018009731958542233,0.017397267495784286
2008-10-29,0.016710040038456067,0.01676659188215031,0.014489420239679302,0.014399705034426946,0.013502253731536866,0.697855919755822,0.08575935228200215,0.08513427878858496,0.01891377821986516,0.018052726321209186,0.01841593370626697
2008-10-30,0.017245256146850775,0.017662598200715463,0.015153848287284187,0.014867661573123565,0.015286477496943902,0.6967057859010288,0.08489133504310245,0.08415376018638918,0.018726466823906728,0.017694058644854505,0.017612751695800358
2008-10-31,0.017328656837749118,0.018447100854767258,0.016097132195310993,0.014955099128509779,0.015145304956034361,0.6965741577076578,0.08466159428594426,0.08300699536025287,0.01863748753112552,0.017349143323935876,0.017797327818712152
2008-11-03,0.01736187150310923,0.018453169724460147,0.015495673307900963,0.015000900705560025,0.01499373634803453,0.6971996623763528,0.08471452152565026,0.0831505290907549,0.01877201461991247,0.017273970097092094,0.017583950701172565
2008-11-04,0.017802715135512414,0.018510668340625314,0.01622147998524209,0.015896830706476933,0.016226268811294613,0.6911602947079916,0.08501640374852733,0.08400730962743923,0.018743079770050557,0.018185408960559084,0.01822954020628075
2008-11-05,0.0171279240043672,0.01761712489131227,0.014717889103483296,0.015097223035458962,0.014222067694065879,0.6953750877721412,0.08583450607738317,0.08536939848679262,0.019189481180755415,0.017615547510143707,0.01783375024409616
2008-11-06,0.01626681782071819,0.017026237498327726,0.014128038658609095,0.014199136284834829,0.013578472949288765,0.6994054031324611,0.08604008059019706,0.08521388748258593,0.01942636960311018,0.01757022521996729,0.017145330759899696
2008-11-07,0.016779222882999927,0.017354341824791116,0.014942455845585947,0.014979363683790428,0.014659147636861923,0.6971333871520415,0.08560462223830036,0.08453267358786158,0.01926120825688406,0.01761243014714894,0.017141146743734008
2008-11-10,0.016541976160872572,0.016935450458738077,0.013647026363970189,0.014739320955112921,0.014780469879904577,0.6985572292804328,0.08560170138178123,0.08485613977249297,0.019249541524519253,0.017856053846084616,0.01723509037609056
2008-11-11,0.016063832266060986,0.01660269153206354,0.013500766585701679,0.014282797840366386,0.013887470308899374,0.7004759548758319,0.08609477292292032,0.08528003643738571,0.019350649831635636,0.01752031382889326,0.016940713570240924
2008-11-12,0.015407994915899701,0.015686861113308567,0.012547420866584431,0.013559346425847654,0.012899918077836213,0.7038851159150368,0.08691410023080066,0.08611261186895988,0.019410616208420835,0.01707833882231695,0.016497675554988003
2008-11-13,0.01632216731738132,0.016929946359058003,0.013897048980920338,0.01467230652389314,0.014644834832002022,0.7001467293063678,0.08603929157256159,0.08381204682873994,0.01922309908911737,0.01755303412411884,0.016759495065839382
2008-11-14,0.015556996690544056,0.01571983416799072,0.012566941783039413,0.01387383520452056,0.013280926630862503,0.7022111697567182,0.08716728316324594,0.08574592866113544,0.019280066088250378,0.017889638037232848,0.0167073798164597
2008-11-17,0.015339950227706229,0.015574837677459718,0.01245969442563894,0.013611954560099318,0.013050838239297277,0.7029799017275202,0.08747606645346402,0.08606538900171201,0.019406174317664057,0.01771886215624034,0.016316331213197678
2008-11-18,0.015600454983129735,0.015470896477105141,0.011937104858983555,0.013610684507546428,0.012836291360326109,0.7024482537388472,0.08799427424579183,0.08701411957830381,0.019394373838129583,0.017652519082849594,0.0160410273289869
2008-11-19,0.014626494761950042,0.014235013739496925,0.010516466793537873,0.012722750737769798,0.011747993900383983,0.7046842823149654,0.0890993092453124,0.08940004753989868,0.019458516460406274,0.017622623992899853,0.015886500513378542
2008-11-20,0.013507030655635955,0.013228006096484134,0.00957447999343633,0.01199293276664059,0.010878728965764231,0.7042600619876845,0.09066676404475216,0.09378466076923,0.01919846860770305,0.017868267597345944,0.015040598515322858
2008-11-21,0.014191534301119605,0.01390917601497418,0.010333300259000477,0.01280569633014515,0.012407038993709554,0.700918570575517,0.08955671481682007,0.0921422158530333,0.019360616117008872,0.01912250077895403,0.015252635959717696
2008-11-24,0.015138241144025538,0.014852077470941664,0.011798717343107223,0.013539197268681604,0.013129546413276901,0.69749128587356,0.0885037373907037,0.09048183382916675,0.019228837877202958,0.019574713953540802,0.01626181143579277
2008-11-25,0.015174932580965368,0.015023189514350608,0.012058646459474257,0.013717988293076347,0.01281695640257497,0.694615080389853,0.0895778654566769,0.09268238008217938,0.019224639509361076,0.0194682134059743,0.015640107905513782
2008-11-26,0.015663366381837938,0.01582454255690193,0.012530794735858186,0.01378128572353997,0.013709893828661366,0.6924229896242573,0.08956333885637262,0.0922300980590328,0.019004270542906668,0.019230009914557304,0.01603940977607386
2008-11-28,0.015845677186740084,0.015968245109664127,0.012411222259991816,0.013761770486028009,0.013433638111841686,0.6921820162789426,0.08965991272468521,0.09328185717625968,0.018931847253523523,0.01919525198220968,0.015328561430113458
2008-12-01,0.014493431709165614,0.014224137217744688,0.009888149901994703,0.012682134944400136,0.012183179176393662,0.6957863833109461,0.0911965463527027,0.09719840753652188,0.019295917433787942,0.018145714820545042,0.014905997595797445
2008-12-02,0.014970965974461108,0.01489241718564245,0.011190123465387825,0.013299235550800375,0.012883647881558801,0.6919951164174932,0.0911861568239924,0.09705136839785224,0.01933842976129677,0.018359133314218096,0.014833405227296695
2008-12-03,0.01529462937556923,0.015307312255186507,0.011670928883121573,0.013445122716834684,0.01295810111733256,0.6909293909695013,0.09111290669857802,0.09709513783824568,0.019427225634483795,0.01813243656082347,0.01462680795032322
2008-12-04,0.014945097006000087,0.014804335655030644,0.011481678439494826,0.01303506099432096,0.01240789263053286,0.6912905847199844,0.09170881929484836,0.09903668444254875,0.019451719451268445,0.01797573342967179,0.013862393936298926
2008-12-05,0.015420473712388675,0.01550444564424249,0.012601023950489648,0.013211809719513525,0.013155013372032658,0.6911284628278866,0.0908260800091655,0.09752388213082121,0.019337540926047572,0.017759203415689147,0.013532064291722969
2008-12-08,0.015902102687919938,0.01613295546838122,0.013738309864648244,0.013790620045272841,0.013945658978092213,0.6876938629025546,0.09016202803512566,0.0969658873621422,0.019467989209458008,0.018093792383930208,0.014106793062474867
2008-12-09,0.015599594367551772,0.015593250056281026,0.012719061742609351,0.01362755873765143,0.013718231516696367,0.688028104379744,0.09069443926062412,0.09862805909605069,0.019549500239629397,0.01807904675718048,0.013763153845981455
2008-12-10,0.015665920436988248,0.015920290264373478,0.01352828511497667,0.013951419009738602,0.014499089011554512,0.6853856013329788,0.0903786763932048,0.09814062508109363,0.01954561825074899,0.018840984819658752,0.014143490284683721
2008-12-11,0.015296017318630737,0.015120714183671334,0.011582343081971912,0.013896170992484143,0.01413560014411233,0.6873351554422735,0.09096898421633655,0.09838046901001853,0.019621821679168438,0.01906277963151676,0.014599944299815827
2008-12-12,0.015429651385193368,0.015591570337635856,0.012637937134345386,0.013988719840181447,0.014287040962925665,0.6854823831282058,0.09093476871206789,0.09806904437986123,0.0196658307335141,0.01904013473074474,0.014872918655324559
2008-12-15,0.015206099143643225,0.01508099232862517,0.012271834813739764,0.014016594691996204,0.01408869869295044,0.6855810570042251,0.09108088463787017,0.0991303664494549,0.019648535015843835,0.019450945309679682,0.014443991911971451
2008-12-16,0.015758062577521832,0.015896203970606197,0.013624879848204497,0.014669958057720154,0.015056823269043354,0.6788508778068914,0.09157593287094584,0.10053684962648889,0.019845799320803586,0.019684434067217073,0.014500178584557218
2008-12-17,0.015570607214778424,0.016005137106311903,0.013938143683213552,0.014563434333360619,0.014761266320151557,0.6759022227015309,0.09199308723589097,0.10303443112042077,0.02009519957646083,0.019866085500933155,0.014270385206947374
2008-12-18,0.015268318618852826,0.015891559091090426,0.012828869612828522,0.014106938010114988,0.014425905474438278,0.675717341667181,0.0925455663201093,0.10511805834950576,0.020566594929840462,0.01948879583671516,0.014042052089323296
2008-12-19,0.015218292454784458,0.015986645000676595,0.013478883954167804,0.013916006829947685,0.014491971382992184,0.675772912198237,0.09233432032463319,0.10533789441062412,0.020281607415881815,0.019220353424148767,0.013961112603906428
2008-12-22,0.015079196871469245,0.015736409290284786,0.013245745701256252,0.01387114738690203,0.0140027114377648,0.6770073868680944,0.09243576945536373,0.1049169465983667,0.020602439296437316,0.019485653930674755,0.013616593163386105
2008-12-23,0.014935274659698808,0.01552009214157833,0.013155708877334278,0.0137781496650879,0.013898121340746087,0.677710218379874,0.0924632566750277,0.10486255820299568,0.020687050196240356,0.01930733394851705,0.013682235912899948
2008-12-24,0.015015930076865875,0.015570338997655348,0.013251053471048558,0.013955395318740547,0.013991166036669965,0.67759886018082,0.09233306359129974,0.10459563023725094,0.020730332300012647,0.019493462125671792,0.013464767663964641
2008-12-26,0.015058982427653907,0.015747291177903498,0.013387446222455614,0.013980207030114761,0.01390451802773861,0.6764413080789362,0.09255894134884973,0.1046388347230829,0.020709587689356632,0.01993559620734261,0.013637287066565622
2008-12-29,0.015002278754712097,0.01549158365871696,0.012621805365033916,0.013970880212403185,0.013868890755417513,0.6773233849446327,0.09267967293145335,0.10441930936230036,0.02075512986504668,0.02009217143131861,0.013774892718964659
2008-12-30,0.015295613625589125,0.01585717412709093,0.013140013181789105,0.014331960014155532,0.014181003666793557,0.6752152298052552,0.09243383823563492,0.10498642294489928,0.020851842552845626,0.0199064345106972,0.013800467335249596
2008-12-31,0.01553227098081106,0.016245416331416532,0.013781103953790138,0.014543404543689043,0.014387901309745538,0.6756934932113549,0.09152124995425708,0.10291163830424117,0.02091556403492924,0.02007379308421284,0.014394164291552573
2009-01-02,0.016096686248037527,0.01666840242208153,0.013484160955962853,0.014820046290919835,0.015164256571537258,0.6434286242910626,0.10615982095926732,0.1042076527158404,0.030884722687972634,0.0240991840554774,0.014986442801840657
2009-01-05,0.016108075484867923,0.016752719707972825,0.01326697184674874,0.014629255477228875,0.01537122971627316,0.6128462379276107,0.12168073089672711,0.10524139428997555,0.04125394278613813,0.02769276777089248,0.015156674095564513
2009-01-06,0.016183701442646973,0.016978015939174806,0.013864146543200095,0.014771119044733301,0.015645236745436303,0.5791798659328018,0.13696640137661775,0.10767929311987216,0.05136562168968018,0.031888207350942936,0.015478390814893623
2009-01-07,0.015808035483011382,0.01656761651792769,0.0134611369558256,0.014610111818814662,0.014852141220153988,0.5480211175990373,0.1531476193914638,0.11216169060126653,0.06132939925336949,0.035258323446482775,0.014782807712646706
2009-01-08,0.01587193428523144,0.016621936459812303,0.013388388167893884,0.014801417057771438,0.01480710803065798,0.5152890215742655,0.16804375692025836,0.11528124038124057,0.07129826869305039,0.03976696684031406,0.014829961589503842
2009-01-09,0.015613248021111371,0.01610072443340377,0.012870803473351402,0.014365344060218457,0.014582100205532815,0.4848046687031733,0.18325157739784337,0.11883988525677314,0.08153550802064388,0.043327115909730485,0.014709024518217784
2009-01-12,0.015402687367540751,0.015815760562787662,0.012354003525651839,0.014171724123531222,0.014178792223550778,0.45461219738070746,0.19911342050597217,0.12351615293383358,0.09075700279117484,0.04586125867683555,0.014216999908413928
2009-01-13,0.015538807511083495,0.016129022383805668,0.012852176361481999,0.014063365264316815,0.01437845685696567,0.42230633761679526,0.21346468698589133,0.12668305126356266,0.10006247278960592,0.04998327192657943,0.01453835103991162
2009-01-14,0.01528853566379972,0.015703176384149094,0.012478190947661331,0.01378728728775477,0.014014636896197722,0.3903035619177086,0.2291664051816878,0.1315802838287765,0.10953498371575572,0.05365652671462,0.014486411461888638
2009-01-15,0.015504981609549379,0.016141745657448744,0.01300832690727925,0.0141530611068945,0.014438743959839597,0.35738972464802277,0.24299472414094309,0.13430994524992443,0.11930210701653429,0.05815299858393042,0.014603641119633373
2009-01-16,0.015813416103771936,0.016463279776810013,0.013497503799935407,0.014464697980687505,0.014818176850009503,0.3271348670544161,0.255445010170144,0.1356650725814404,0.12866169412309922,0.06323811004437849,0.014798171515307271
2009-01-20,0.015710617879282816,0.016206160638974773,0.012965306637582582,0.01431722463203271,0.014649155700172684,0.2952747863598517,0.2711790494973736,0.13944777481437415,0.13801636900247655,0.06745648376526833,0.014777071072609812
2009-01-21,0.016096686248037527,0.01666840242208153,0.013484160955962853,0.014820046290919835,0.015164256571537258,0.2742554787664131,0.27999999999999997,0.14121264259889407,0.1443881320398294,0.06892375130448349,0.014986442801840657
2009-01-22,0.015960743876484943,0.016300157869550896,0.012890991795480205,0.014577576465016952,0.01476758936776541,0.27634232788826346,0.2801332443034542,0.1394825434182785,0.144877694787473,0.06977001842082148,0.014897111807410577
2009-01-23,0.015989644507228132,0.016339920761561624,0.013266009018098022,0.01443879320501216,0.014918234252666567,0.2755782699189234,0.2794829870483234,0.13804028483824435,0.14355017148789875,0.07284370568658534,0.015551979275457883
2009-01-26,0.01614008859170907,0.016565825440753496,0.01318816407151851,0.014759197755803468,0.015131025634869961,0.2759164567247688,0.27949205494675183,0.1371819704766512,0.1426289759039323,0.073374679450244,0.015621561002997076
2009-01-27,0.01616999904241283,0.01660897781658529,0.013317184082772352,0.014923111929775384,0.015273654891503759,0.27394014141394024,0.2790138207831852,0.13925323207017692,0.1441207470661413,0.0723051359565817,0.015073994946924612
2009-01-28,0.01673631530496062,0.017313274747515473,0.014394012625447487,0.015379910124558529,0.01606647022631008,0.2741576289022387,0.2775419286357336,0.13592988977464832,0.1454316926724801,0.07159787492274675,0.015451002063359854
2009-01-29,0.0163781877453601,0.01682625151426374,0.013419123591654007,0.01484942263195175,0.015426083764701204,0.2767772309652998,0.2770703593383148,0.13432734887488437,0.14534059897454518,0.07414660896917953,0.015438783629845054
2009-01-30,0.016033788274091326,0.016473753133155758,0.012983049782149075,0.014698512745094155,0.01530046044714714,0.2767478672188573,0.2767597498977598,0.13380781849753562,0.146264674100803,0.07559322239575031,0.015337103507656082
2009-02-02,0.015956480296458592,0.016577044020793765,0.013042269499855562,0.01452786023316706,0.015117698335033798,0.24041150718078827,0.2785000156946358,0.136050831772621,0.18138643905902554,0.07341533953083894,0.01501451437678139
2009-02-03,0.015956480296458592,0.016577044020793765,0.013042269499855562,0.01452786023316706,0.015117698335033798,0.21339044549971098,0.2785000156946358,0.136050831772621,0.208407500740103,0.07341533953083894,0.01501451437678139
2009-02-04,0.015909512843688238,0.016488201447956152,0.012760089912631877,0.014482515881687117,0.015258884782908927,0.21345341367300452,0.27762736329714743,0.13584078087980164,0.20890122178450876,0.07414973631125461,0.015128279185410551
2009-02-05,0.01613210333308271,0.016664832426278493,0.012553597592083968,0.01467642722593706,0.015566676053621699,0.21331708111747383,0.2780339132846786,0.13584087720012422,0.20689692872198154,0.07486563236367204,0.01545193068106576
2009-02-06,0.01656367560706816,0.01722718700850866,0.013391019078741653,0.014990378806137053,0.016318917043401222,0.21282847818739675,0.27588126291024007,0.1351875133792915,0.2077721067513392,0.07429908349495869,0.015540377732916862
2009-02-09,0.016601757357635874,0.017165897238087483,0.013586013089486712,0.015000456711306119,0.01624875966936943,0.21294782757904432,0.27557374538449714,0.13574818520939375,0.2083437709729258,0.07331310121245764,0.015470485575795605
2009-02-10,0.015761491085201113,0.016290353765092958,0.012356722677204005,0.014184011742812015,0.015189514202083566,0.2123553608871787,0.2778575425600296,0.1379998269298637,0.20830551092658073,0.07450498853134976,0.01519467669260374
2009-02-11,0.01573944110206241,0.01623387194902856,0.012578813353736144,0.01423408678637464,0.015532194064062869,0.2107652439756729,0.2779708799164927,0.1387760585970437,0.20750550755843888,0.0756701055534178,0.014993797143669269
2009-02-12,0.01575717099403129,0.016378380283153453,0.012399314325937405,0.014196186521479963,0.015441460627274226,0.21110200535467652,0.2779969308669795,0.1375255932461231,0.2077575273430278,0.07642282857190787,0.01502260186540874
2009-02-13,0.015741556743628208,0.016367868971499507,0.011771756762598756,0.014181836967539357,0.015672343590055073,0.21278120343651782,0.27853244032514346,0.13518723227722157,0.20820391711874106,0.0766637845487885,0.014896059258266562
2009-02-17,0.014943534640241217,0.015589234594688684,0.010938792187742715,0.013316566949801248,0.014550986211150389,0.21157279043723948,0.28087229901785876,0.1382447169662768,0.2076118887320287,0.07841173349505492,0.013947456767916994
2009-02-18,0.014964732669323294,0.015426368338819569,0.011026020089946534,0.01335653042196288,0.01450255877319577,0.21202944818546968,0.2798942979016035,0.1375909176021008,0.20737619426579978,0.07991572004927663,0.013917211702501459
2009-02-19,0.014911526773836324,0.015321861901757125,0.010678308044996006,0.013435297702335479,0.014470486042755512,0.21349649921709427,0.28036599573794324,0.13623615073203216,0.20717039855519112,0.0795504403662137,0.014363034925844979
2009-02-20,0.014726388213926217,0.01507496723376847,0.011332957775645669,0.013203755512812566,0.014065104000242098,0.21309278557652522,0.28039842088567524,0.13718554064919844,0.20574088481150174,0.08101558772469476,0.014163607616009455
2009-02-23,0.014230850493580543,0.014528018005758038,0.010494195375508365,0.01272778287568297,0.013748998499914646,0.21353795708087933,0.28128329890008974,0.1387585695572062,0.20549681360182767,0.08113637145209003,0.014057144157462292
2009-02-24,0.014786617525976199,0.015080783387144098,0.011370495338284515,0.013273327024024888,0.014518253496157787,0.21362078338974516,0.280529207106502,0.1387657413203309,0.204981658516046,0.07873238060160735,0.014340752294181
2009-02-25,0.014815727803247731,0.014914781558400852,0.01119358154089658,0.013035948785403366,0.01441061673015365,0.2153294459207466,0.2807450984535095,0.13852375527479965,0.20419063904894572,0.07818718885675084,0.014653216027145324
2009-02-26,0.014638788599973484,0.014700566194864824,0.01076619237894832,0.012984596642172866,0.014347498849198611,0.21637777659963764,0.28125809732555423,0.1376674760012897,0.20377608676695688,0.0784545529456683,0.015028367695734969
2009-02-27,0.014364518824024371,0.014653831554204074,0.010640903693712393,0.013032579514967566,0.014173527470395278,0.2173066779135298,0.28205673597855885,0.13738059729467256,0.20310548863591396,0.07838061885221537,0.014904520267805659
2009-03-02,0.013722932912789233,0.013832100483731315,0.009899871717326786,0.012289609425307838,0.013317570259110524,0.2537230090390189,0.283198593771368,0.13833805515029513,0.17054428405286515,0.07697258713609662,0.014161386052090382
2009-03-03,0.013677433056248427,0.013662314145376407,0.009955075018398013,0.01228283181669846,0.01349811199847208,0.29047704923433454,0.2818200667296796,0.13658023509853195,0.1371959813814691,0.0765799221912991,0.014270979329492273
2009-03-04,0.013927403007887572,0.013917661434277423,0.010131612640505933,0.012681620096323499,0.01413252178002026,0.326547451809507,0.27892860167442335,0.13488709148698763,0.1041687890316351,0.07607347342971732,0.014603773608714858
2009-03-05,0.013445862791662388,0.013376812407807937,0.009604000392359782,0.012168169209077047,0.013407257216336179,0.36108944181213776,0.2782616760491027,0.13553279668420798,0.07113129418478853,0.0776830200219683,0.014299669230551404
2009-03-06,0.013637428715360863,0.013697673716795535,0.009744752074607564,0.012243745318348449,0.013441707634949755,0.3977350995922734,0.2758124150319743,0.13305466789049114,0.0389129517729022,0.07737249590863128,0.014347062343665526
2009-03-09,0.013722932912789233,0.013832100483731315,0.009899871717326786,0.012289609425307838,0.013317570259110524,0.4188896289233822,0.27489991149022186,0.13201440159994313,0.02,0.07697258713609662,0.014161386052090382
2009-03-10,0.014565247982673057,0.014757678737779962,0.011228109752754326,0.013137295097960673,0.014422999862276653,0.41933953919877864,0.27334917182393853,0.12969619616069808,0.02032327926499458,0.07503258320717358,0.014147898910971854
2009-03-11,0.014601231905379975,0.014718479307040847,0.010991411516464513,0.013158026394088702,0.014365081148866171,0.41785486298432195,0.27419551490981375,0.13057310364100547,0.020248277251922367,0.07564697318594188,0.013647037755154344
2009-03-12,0.015071000008067144,0.015525084755513306,0.011775875059887225,0.013362640860454553,0.01481401400188278,0.4151090295793606,0.27307429349634366,0.13028700178921648,0.020090523063815452,0.07670596691170246,0.014184570473756227
2009-03-13,0.01518999591522715,0.015689728414478,0.011525976853685133,0.013452065475123827,0.014898117057424592,0.4154887849102035,0.2728945600130461,0.12964127315793422,0.020278178700924382,0.0768805584716452,0.01406076103030778
2009-03-16,0.015223951215130163,0.015488035010965075,0.010734605407529635,0.013669750054343947,0.01498951005364528,0.417133010659251,0.27276954382565155,0.1282698406791257,0.02041372852152416,0.07686277468808518,0.01444524988474818
2009-03-17,0.01567445905364242,0.016189571556262213,0.011523505762301104,0.014015386132979372,0.015301763941151902,0.41663270747841114,0.2719864043328215,0.12744947664361606,0.020339155903553157,0.07614616981781885,0.014741399377442198
2009-03-18,0.015693214162123627,0.01640278039419754,0.011867431117190309,0.014117829307757561,0.01529827074394204,0.40955550708635285,0.2754756342438314,0.1295369673147984,0.02034170523226946,0.07709403777579915,0.014616622621737503
2009-03-19,0.015514688164364163,0.016246920949267663,0.011202557756647753,0.014124700451943159,0.015213451366542553,0.40948719050034804,0.2748210780677645,0.12983091130871868,0.020405596599202096,0.07821741844304578,0.014935486392155507
2009-03-20,0.015230054403644723,0.01573303168112925,0.010399179984267048,0.013969928628255872,0.015051369407981399,0.41120686857398253,0.2756473474560515,0.129498497143867,0.02025946870538674,0.0778206402429112,0.015183613772522614
2009-03-23,0.016273376768988632,0.017018056075512978,0.011920895679447414,0.01492864189786608,0.0163921435119272,0.4095903973306537,0.27385619986697696,0.12797874536684287,0.020259106055472494,0.0763275629460448,0.015454874500266697
2009-03-24,0.01601545705095559,0.01642154203086514,0.01111292235352925,0.01451660784106985,0.01594606211788667,0.4106628597076406,0.27453416113227985,0.12970411802427081,0.020137595797952722,0.07568727524423045,0.015261398699318876
2009-03-25,0.016212226821337352,0.01691291915056754,0.011286606484881148,0.014765969072623323,0.016213442991433215,0.41127218327244175,0.273352321127098,0.12817846891809626,0.020074773715983655,0.0766762508969223,0.015054837548615276
2009-03-26,0.01646089294297149,0.017479198524950824,0.011509640663438864,0.014889762163112578,0.01657309193152424,0.4097758590977062,0.27271116818449176,0.12902437194018906,0.02007905777985816,0.0762558614604702,0.015241095311286448
2009-03-27,0.016205594864190695,0.016936034110958988,0.011076428266759695,0.014450256135047404,0.016124647780454155,0.41103090799837394,0.27324559589497804,0.13031767617407497,0.020193662986131563,0.07542179812380255,0.014997397665227867
2009-03-30,0.015678984157184547,0.016485425852353585,0.01049164838067598,0.013929811296383533,0.015325834694885356,0.4122991873376388,0.27499764792796116,0.13109519056430657,0.020221564965552778,0.07499091964768334,0.014483785175374306
2009-03-31,0.01575902535691972,0.01657116575032801,0.011097885397337552,0.014232076626697976,0.015595825571580488,0.41118489885156234,0.2743469774880051,0.1314877267785149,0.020304325886135947,0.07493080714623097,0.01448928514668699
2009-04-01,0.01600477479815653,0.016796463591437074,0.010956935205019789,0.014549081298781992,0.01605167000280075,0.37067198515098987,0.25795926778755596,0.130308009619056,0.07702850845860372,0.07527372277301778,0.01439958131458053
2009-04-02,0.016214150480178567,0.017164324502267892,0.011272066092663484,0.014837410253107402,0.016431891778181343,0.33140966069223565,0.24123198799891507,0.12781466163432104,0.13443641202531265,0.07454229854111928,0.014645136001697642
2009-04-03,0.01600477479815653,0.016796463591437074,0.010956935205019789,0.014549081298781992,0.01605167000280075,0.3025731845631441,0.22987465226105583,0.12700146312988475,0.17651847106212087,0.07527372277301778,0.01439958131458053
2009-04-06,0.01594663641975838,0.016579236683933195,0.010826878092981173,0.014307937388929375,0.01591923466933025,0.3040715773815537,0.2303122369154607,0.12699388232487757,0.17717035520649052,0.07359017821701934,0.014281846699665682
2009-04-07,0.015582243174367804,0.015999246966234136,0.010017098734470615,0.014015610293653823,0.015561374521452216,0.3043281288140039,0.23100872345037862,0.1273779242771898,0.17718008783975048,0.07489519681249615,0.014034365116002393
2009-04-08,0.015670515945040975,0.016212695785943275,0.010175699619407716,0.014084630171352886,0.015711471102174596,0.30278877551253386,0.23097925605145256,0.12785614026227432,0.17805013516170468,0.07440468169675606,0.014065998691358923
2009-04-09,0.016266110338981902,0.01713340231505773,0.01137119125282933,0.01443717865298529,0.01637051784332413,0.3019230641139427,0.2292387853594072,0.1260417771711182,0.17894738083145806,0.07402317529539472,0.014247416825500472
2009-04-13,0.01616287657668817,0.017027995736881563,0.011440930423500988,0.01448452837867973,0.016361746719623184,0.3005095430183488,0.2290767878074972,0.12636264345231002,0.17948429894358872,0.07487388692152502,0.014214762021356284
2009-04-14,0.015888022640163896,0.016539337348194252,0.010505815908538607,0.014349242992676639,0.016103812066254736,0.3008329255289513,0.2303102911024685,0.12705405070366688,0.17999879035764432,0.07445740234398582,0.01396030900745472
2009-04-15,0.016005388106953247,0.01673666413934006,0.011328934874991845,0.014490639625125049,0.016283546475822173,0.29999843491653483,0.22977785838419382,0.12642178943612709,0.18080374424757678,0.07432597604219099,0.01382702375114378
2009-04-16,0.016266965837617983,0.017249091720328406,0.011810340280445019,0.01460702040234777,0.016449968477185165,0.30006644910269614,0.22924632837327638,0.12562935109586557,0.18187440817184664,0.07301113755092827,0.01378893898746234
2009-04-17,0.016444532862772615,0.017474943721210317,0.011978669808982793,0.014618163633805642,0.016402073958325658,0.30099851734127275,0.2283492125544006,0.12476848844176945,0.18240843584632815,0.07281241297443355,0.013744548856698085
2009-04-20,0.015763761645305234,0.016587277152187677,0.010702212567095538,0.014026307603251917,0.015611110743916646,0.3014483664143604,0.23006420570403474,0.12672621043196935,0.1815053159399615,0.07433065982500978,0.013234571972906856
2009-04-21,0.016056172428868167,0.017145528796230255,0.011668895453435255,0.014333701259472427,0.015928436043466696,0.30119214957656165,0.22894987863388583,0.12535260421259062,0.1818958737529249,0.07420740064559414,0.013269359196969612
2009-04-22,0.015991158078918995,0.017177470563406235,0.011298519890962184,0.014249105887516749,0.0158270908946034,0.30181767539683324,0.22887011524702755,0.12485105977311156,0.1818195759995945,0.07478086497982879,0.013317363288196356
2009-04-23,0.01611345725393599,0.01710032442943004,0.011742298778174117,0.014575107736021338,0.016038026366953312,0.30095393374899343,0.22833012571547504,0.124570509292536,0.1812778339466783,0.07583281732242904,0.013465565409372885
2009-04-24,0.01634135271292793,0.017401949691242643,0.012350876028710961,0.014785673226559569,0.016325714786557075,0.3006670638127873,0.22722199081029246,0.12320223143983002,0.18150114644324164,0.0765454397443093,0.013656561303540617
2009-04-27,0.016204696833525076,0.017234694308914195,0.011666108982559452,0.014627315836622579,0.015795545420488975,0.3013596221669231,0.22841394700081158,0.12386636671700312,0.18147606220584434,0.07602401030435134,0.013331630222955793
2009-04-28,0.016239248298787354,0.01735168265809724,0.011854861670317041,0.014564916791932768,0.015826396288449243,0.3026665400066885,0.22850898567707267,0.12248786752560495,0.18184839758801458,0.07534462444751143,0.013306479047523731
2009-04-29,0.01654852094030906,0.017970775156942426,0.012298625034916612,0.014905289303227702,0.016622772201397063,0.3021512779405824,0.22677866104885192,0.12113851098613787,0.1823235933551154,0.07567744130600808,0.013584532726511096
2009-04-30,0.016579120017436607,0.01783243789163311,0.012317137422789802,0.015020889343772716,0.016800149037754446,0.3028583295886326,0.22673274044117947,0.1208403469644505,0.18248421325163108,0.07488182348123111,0.013652812559488088
2009-05-01,0.01668489396311001,0.017960607271234257,0.01191097891318198,0.015211637247944571,0.01993621552032361,0.3410562625599723,0.22403724485503887,0.08020677760082245,0.18423681321738344,0.0746817235739195,0.014076845277068798
2009-05-04,0.016852268908044178,0.018156952125856857,0.012261405539542126,0.015406210065293488,0.023117550836239363,0.37630542265118117,0.22147413628914311,0.04225906280051707,0.1849955428932539,0.07502912673552532,0.014142321155403493
2009-05-05,0.01668489396311001,0.017960607271234257,0.01191097891318198,0.015211637247944571,0.024268957005919505,0.3985508715776789,0.2207302822968345,0.02,0.18592320287310815,0.0746817235739195,0.014076845277068798
2009-05-06,0.01690475129704188,0.017936944650334616,0.012259129167012935,0.015516690880792716,0.02458541642822088,0.3971590162264137,0.21992258730963302,0.019871185247692782,0.18598838529838083,0.07546372374863022,0.014392169745846659
2009-05-07,0.016786975239944317,0.017637179799338622,0.011631621707036138,0.015364006652316728,0.024142073776623484,0.3993754386002997,0.21961351078763428,0.01952221093859417,0.18549764681021147,0.0759087899813626,0.01452054570663876
2009-05-08,0.017078620999548842,0.018142661198150604,0.01234781649605811,0.01593698554048325,0.02480231650380116,0.39733430919767715,0.21859446091462745,0.01945565664792258,0.1855891071793453,0.07592236936477223,0.014795695957613602
2009-05-11,0.0167380717542545,0.017853570616415498,0.01197102286632566,0.015511778586136532,0.024191049370016354,0.3975010547958073,0.2203740157611858,0.019707644580575036,0.18591350039247312,0.07558309788020842,0.014655193396602133
2009-05-12,0.01666776185141676,0.017579445998486626,0.01176504632083266,0.015658530063866208,0.02433322707801923,0.39695879471330986,0.21995822808805238,0.019754653388397717,0.186199353043696,0.07633907261536911,0.01478588683855374
2009-05-13,0.016284315225934844,0.01681139332297079,0.01098976149322951,0.015159377222767093,0.023492535212547433,0.3980312694617938,0.22146293177128532,0.020013697358062126,0.18626776291836197,0.07683781620466575,0.014649139808381687
2009-05-14,0.016392357616522416,0.01701336121332541,0.011319076955236288,0.015279099723640253,0.023784323418333798,0.3974095121819897,0.22106156986216388,0.020052993782839593,0.18633200254159285,0.0766398624425096,0.014715840261846514
2009-05-15,0.01628291959686456,0.01697487082689276,0.010963836818995218,0.015163350656411103,0.023600267686502408,0.39795740623041986,0.22084974437824356,0.020076888264711656,0.18657273433465094,0.07719312181287655,0.014364859393431717
2009-05-18,0.016731059159642594,0.01752844541191467,0.011776068888069969,0.015728607802015206,0.024889081420250203,0.3972359958049788,0.21936234679134323,0.019748605470527498,0.18614365535321198,0.07612415959261974,0.014731974305426478
2009-05-19,0.016689146157843494,0.017512733440433973,0.011573284452804733,0.01584994237921891,0.025138543083748348,0.39695570317222467,0.21877072884935034,0.01961870324539677,0.18664846419951114,0.07652994203478239,0.014712808984685615
2009-05-20,0.016518328851699213,0.017287748116919705,0.01139810060219202,0.01589682540764406,0.025126943117653712,0.39605913457674413,0.21867159096894476,0.01975441486400058,0.18705190320374288,0.07733862370167571,0.014896386588783615
2009-05-21,0.016364951354496064,0.017153030549483538,0.01147807682641544,0.015857487370851533,0.024785921686811308,0.3975784455219931,0.21739158037616282,0.019356815614654643,0.18609722852814434,0.07908534163818583,0.014851120532801739
2009-05-22,0.016353497856683892,0.016999752265637828,0.011249733667786388,0.015970400623817237,0.024931372676229656,0.3982430652674895,0.2164272305050066,0.019169351592389732,0.18611414271952517,0.0794518356158771,0.015089617209557345
2009-05-26,0.01677561890188898,0.017814259936506056,0.011833860935636072,0.016292706094558032,0.02523468273126519,0.39779872368146935,0.21502787201883383,0.01888404679589461,0.18607357725583273,0.07913814576639414,0.015126505881721443
2009-05-27,0.0165753890406472,0.017574400979680698,0.011508919531693489,0.016073246872127522,0.02509437865898764,0.40010006428990386,0.21387468592421185,0.018661672973326406,0.18589956203010002,0.07935173305488076,0.015285946644441032
2009-05-28,0.016732905482141642,0.017518878159014695,0.011675357718557596,0.01616624173281199,0.02575550202668211,0.3983016844160688,0.21405127524211154,0.018848989047077203,0.18577892427475887,0.07967237274289071,0.015497869157885284
2009-05-29,0.016863056477496124,0.01770436130215073,0.011878193913054792,0.016328541268332945,0.025893703313865705,0.3949802574708465,0.21435360640866716,0.01914695459277888,0.18667250774425462,0.08053586866365718,0.015642948844895883
2009-06-01,0.017294118731561475,0.01842034635527352,0.012394323791842828,0.018472955095324685,0.027134282705965216,0.4063225757505003,0.19628789777010808,0.018605466272635915,0.18791817550082715,0.08105468290005126,0.016095175125909997
2009-06-02,0.017269070733162195,0.018589282196739915,0.012199405474863959,0.020297953633716177,0.026830612052473748,0.4164370839197657,0.18160099607450345,0.018655604039607747,0.18983027983201012,0.08216866321571648,0.016121048827440875
2009-06-03,0.017090253779093127,0.018480802416202133,0.012204034748083386,0.021461535322874332,0.026143997778135225,0.42867031731742633,0.16808687063344382,0.018829602284313744,0.19187700000787375,0.08150996601022659,0.015645619702327876
2009-06-04,0.017256001691832733,0.01871092698627293,0.01254630570476448,0.023450697812559512,0.02682875217901722,0.44010416672351155,0.150484379962052,0.018458770603454785,0.19206073790947878,0.08389251492192172,0.0162067455051346
2009-06-05,0.017389369541389206,0.01881799738252365,0.01247857569055676,0.025238707207861984,0.02727524220613949,0.4527030738820204,0.1344222747311857,0.018486180720060027,0.19358157113553523,0.08337363308409657,0.016233374418631256
2009-06-08,0.01736350098284352,0.01862279532386622,0.01246227228635397,0.02723689243729873,0.027166289445987212,0.46538052592910273,0.11769114126799354,0.01851536785599591,0.19479240648065535,0.08454421839546723,0.016224589594435804
2009-06-09,0.01736662572351555,0.018595474424589267,0.012420867152802623,0.02947321838871445,0.02735033143012058,0.4776182758087524,0.10052489307388932,0.01846842041491328,0.19636871761924607,0.08553639640200343,0.016276779561453306
2009-06-10,0.017337175864267078,0.01852199244644951,0.012243099871354475,0.0315673517967088,0.027899962552043144,0.49120482291450124,0.08294332873547322,0.018290990107833457,0.19703225490414467,0.08674959586243025,0.016209424944794368
2009-06-11,0.01734997290841582,0.01846578207757674,0.01209604251019362,0.03388861027514734,0.028444570536825132,0.5032175220687439,0.06614215228243574,0.01849066332438296,0.19811218865527178,0.08753542339574466,0.016257071965262503
2009-06-12,0.017351394683689927,0.018475982670062494,0.012415454409552421,0.035635170481208005,0.02816437201192377,0.5165903317681843,0.049089238950428306,0.01862942096689397,0.1998427928092245,0.08775928875577337,0.016046552493059245
2009-06-15,0.017183522099256356,0.018269950671461737,0.012193666326114254,0.03708179849691381,0.027987968581988168,0.5306279845358831,0.0321738729948841,0.018717603571628036,0.20061024975120545,0.08917818635229353,0.015975196618371625
2009-06-16,0.017294118731561475,0.01842034635527352,0.012394323791842828,0.038892669080013306,0.02849167513011627,0.5386696712683409,0.02,0.018605466272635915,0.2005074403067693,0.09062911393753663,0.016095175125909997
2009-06-17,0.017262893577338626,0.018503568546076193,0.01220968432149636,0.03897007435223406,0.028148324852353374,0.5388063893108977,0.01993020818264423,0.01848546399742808,0.20058504081532572,0.09096812800567346,0.016130224038532388
2009-06-18,0.017468889309728612,0.01867254022759342,0.012326562990171505,0.039080921835296656,0.02819693420548551,0.5403671485349404,0.019778292006054514,0.018289084517133243,0.19894213516797993,0.09065257648884638,0.01622491471677012
2009-06-19,0.017474063431067048,0.01872255835549228,0.012417778806224501,0.03956428488632556,0.028243981995500732,0.5388641055069846,0.019802631555774858,0.018477164818207263,0.19976930769586013,0.09063224060489576,0.016031882343667637
2009-06-22,0.017022794679671067,0.018135938181732255,0.011834353069840858,0.038455570693567497,0.027337766949902018,0.5418897501541381,0.01999479443573155,0.018736563322421428,0.20135900277140714,0.08967411260287034,0.015559353138718096
2009-06-23,0.016981574043107548,0.017931733478187436,0.011899057080633609,0.03883660549687755,0.027427064949550117,0.5401540533631176,0.019995309604465092,0.018896438412972557,0.20233681493040742,0.08976204278120055,0.01577930585948089
2009-06-24,0.017110237945362733,0.018106622675889448,0.0120821720394048,0.03883095451996053,0.027999641450211894,0.5395318827915024,0.01989905921313114,0.01868749892691976,0.201803728132882,0.09019209600056495,0.015756106304170705
2009-06-25,0.01736203163618583,0.01850021482970675,0.012190379194802387,0.039375989270425994,0.028635244031143814,0.5368447049152999,0.020009447430820528,0.018899104218168063,0.2019843523006404,0.09041361722546423,0.015784914947342518
2009-06-26,0.017308686790525062,0.01855677489527361,0.012291803058066082,0.039280678590433625,0.028773212545729603,0.5368503771116758,0.020026591514785547,0.018922283529648785,0.20199057902988973,0.09035180723847676,0.0156472056954957
2009-06-29,0.017462133412035674,0.01854760275747794,0.012316317463249111,0.03959441716287268,0.028972548675975828,0.5365850257420378,0.020058614797017635,0.018940924779379347,0.20166958202758012,0.09006251990981921,0.015790313272555017
2009-06-30,0.01735908150506445,0.0185341139262615,0.012423976292944719,0.03921949466029872,0.028742203490004198,0.5377050691191492,0.020049813507164095,0.01895066627892607,0.2020542369885974,0.08941791335721515,0.015543430874374925
2009-07-01,0.03404075360586782,0.025680441193217954,0.012509275612276438,0.04139989852564081,0.029755434498080994,0.5015853966657681,0.01997733072029433,0.018856797925828585,0.210424213261927,0.09033493646129767,0.015435521529800465
2009-07-02,0.04939150091327132,0.03191138516075746,0.01234750389412129,0.04262921497010045,0.03008050125799389,0.4697949231714774,0.02003174811788441,0.018902227640334453,0.2194322289385801,0.09012746129459463,0.0153513046408845
2009-07-06,0.05693545415273969,0.03518316838416542,0.012509275612276438,0.043664904667070695,0.03054438615487529,0.45342976554832615,0.01997733072029433,0.018856797925828585,0.22312845884332508,0.09033493646129767,0.015435521529800465
2009-07-07,0.05612091210828597,0.034600155582956316,0.012108833194114882,0.04282464537275146,0.02997933547782153,0.4557196972141927,0.02016030336360341,0.019081164371209842,0.22338451085934496,0.09075196696161687,0.015268475494101824
2009-07-08,0.05603837197638625,0.03433709815408189,0.011981111203439919,0.04261651734552176,0.029608898330789,0.4560661943137873,0.020376605301657923,0.019418235730808853,0.22524842246709745,0.08924075048997544,0.015067794686453891
2009-07-09,0.05610843101378594,0.034170971029063794,0.011780102271099406,0.043110074150341494,0.030118161258226382,0.45553868180257395,0.020243392428218578,0.019173774644643246,0.22518482195148595,0.0894197998150324,0.015151789635528526
2009-07-10,0.05593345194057676,0.034309791884433505,0.011751736137288724,0.04257540856219249,0.029740034464019894,0.4556364037001875,0.02035433077941978,0.01933644010435439,0.22591408476990943,0.08942362929512891,0.015024688362488325
2009-07-13,0.057082485916505256,0.03500734105027397,0.012170673908726736,0.0431598470398521,0.029840925707579426,0.4536818938722086,0.020206480650764184,0.019156858682551858,0.22494517448350887,0.089699772225999,0.015048546462029624
2009-07-14,0.05737253779589338,0.03519315509608353,0.01230464686341746,0.043366072189281624,0.0301493681821864,0.4530963929544454,0.020060695881903703,0.01882769531790248,0.22432516666805943,0.09026438903999978,0.015039880010826312
2009-07-15,0.05878715049913121,0.03638676234114428,0.012670841083808277,0.04464884936517077,0.03162627291460634,0.45000004765835805,0.019712897355745197,0.018261700902435316,0.2212607437850131,0.09127695478201636,0.015367779312570537
2009-07-16,0.058499743830432126,0.036718246699409166,0.012792412204506432,0.04489385004581287,0.031579374727013644,0.4492183877400744,0.019765961762024043,0.018398244153776423,0.22206011619397287,0.09072058988092996,0.01535307276204744
2009-07-17,0.05918335389562545,0.0366037451832337,0.012502231980104717,0.044763773202859285,0.03192555229554891,0.4493822486391132,0.019647043101454625,0.018127437164251102,0.22153439852556892,0.0907368339519797,0.01559338206025978
2009-07-20,0.05944900211470402,0.036830177954121995,0.012828308438706634,0.045356789098055975,0.03286603946293612,0.4466009453081513,0.019599403212763447,0.018112181690636157,0.2210917325165208,0.09151040423434727,0.015755015969055673
2009-07-21,0.05946176523861834,0.0366056689211917,0.012745051117036154,0.045441489924176286,0.03262763702959672,0.44517118557913093,0.019731610259984413,0.0183924523797483,0.2232318571589054,0.09096213905494235,0.015629143336668726
2009-07-22,0.0594715861264933,0.036905630349695434,0.012761373898237364,0.045572085270110065,0.03256454213330439,0.4451254668674551,0.019622264073131127,0.018234128541095077,0.22272373715387503,0.09129910118391882,0.01572008440268362
2009-07-23,0.060598982843722504,0.03795515372879603,0.013163694000714283,0.046197002112954993,0.0333847457113008,0.44296986555846374,0.019372602556229516,0.0178450331650628,0.2216711865514288,0.09084455096045696,0.015997182810868874
2009-07-24,0.06073508736610362,0.038079763666809964,0.013254365339607341,0.04639444016132039,0.033163981333525855,0.44241802581153045,0.01937778507591321,0.017898271813343598,0.22187342017181202,0.09082303427077697,0.0159818249892559
2009-07-27,0.06090244532092678,0.038266591127539586,0.013500646099043346,0.04643219043270705,0.03344766253048823,0.44201192090636204,0.01928355680599137,0.017689209318595484,0.22132729280396396,0.09109638669253757,0.016042097961843957
2009-07-28,0.06071569017773034,0.038349389703584674,0.013468788276108107,0.046309264808892206,0.03335168425658232,0.44246251682424204,0.019353535906340962,0.01787462962319981,0.22253717566003733,0.08968591504328106,0.015891409720000502
2009-07-29,0.060670899600048754,0.03822013630512561,0.013299790167445497,0.04601091612442502,0.032657169274103996,0.44295764048385644,0.01939973419041845,0.018003505729806003,0.22431959719920838,0.08895243067581363,0.015508180249747523
2009-07-30,0.06094047392725453,0.03865819403847007,0.01368300083549355,0.04662982243802326,0.0332665897424804,0.4403792038402689,0.019361724816360615,0.018150279202885172,0.22420492560011263,0.08883126834262992,0.015894517216020292
2009-07-31,0.06059978017714465,0.038229369919368976,0.013598603777218467,0.04701220456531327,0.03319143636049959,0.4380294270476911,0.019420036839794323,0.01837400851756769,0.22557237847037723,0.08987508462830479,0.016097669696719292
2009-08-03,0.06362607477042896,0.04200445068518094,0.016594928268792684,0.048068227986862416,0.0343651355867947,0.4058497926756442,0.01917497387716537,0.018059107713802237,0.22301989391412283,0.09413227539100061,0.03510513913020477
2009-08-04,0.06580490550334643,0.045238555615684226,0.01940573345635936,0.048127904364154046,0.03435436054417252,0.3748306639146473,0.019173009920020512,0.018054179897593493,0.2229808449100215,0.09813969721281726,0.05389014466118325
2009-08-05,0.06587544831829246,0.04533675109763567,0.019476272550092547,0.0481328349154677,0.0343651355867947,0.37376339210425336,0.01917497387716537,0.018059107713802237,0.22301989391412283,0.09825157140912343,0.054544618513249626
2009-08-06,0.06577546359792935,0.044867801710546724,0.019425313624313524,0.048008557821815595,0.03420787732216286,0.37513889278337775,0.0192455404177828,0.01818735500333664,0.22322917879395832,0.09842587103243587,0.05348814789234052
2009-08-07,0.066568262659559,0.045898106302994825,0.020306609070880326,0.047911217913456816,0.03451215349831222,0.37411655925871595,0.01909817523457882,0.018016981392826835,0.22295168290941583,0.09743931053533349,0.053180941223925735
2009-08-10,0.06645580952788617,0.04599627511986262,0.019912483433998148,0.04763794512421515,0.03413799549430648,0.3748458042902585,0.019228500396090985,0.018249024728225177,0.22373624093882846,0.09662126470078304,0.053178656245545096
2009-08-11,0.06576535226654064,0.04535197733890258,0.019365060214809746,0.047465062566513,0.033566085720127196,0.376043510439604,0.019403139558870956,0.01849916360139668,0.22536812925236346,0.09668268511809539,0.05248983392277614
2009-08-12,0.06642339908735309,0.046004124202816306,0.019478844591799768,0.04796838738419917,0.033844941463605734,0.3759096138242052,0.019335264222077868,0.018288466225629442,0.22324004943798884,0.09678012250073713,0.05272678705958727
2009-08-13,0.06646444453502494,0.04605947547878115,0.01943573952653755,0.04836425220250103,0.03419182720919212,0.37391650167164164,0.01935067937521275,0.01841852734677767,0.22383304197188622,0.09690192559939886,0.05306358508304589
2009-08-14,0.0662554446992469,0.04532191195733551,0.019348267622258886,0.04817154351356724,0.03372494917305641,0.3758948190442574,0.019499440725176342,0.01857433118381789,0.22481236541771082,0.09659692076083605,0.05180000590273642
2009-08-17,0.06513237762972539,0.0443901171541659,0.01852289032048571,0.04698593925796637,0.032657448675382804,0.3792524520381538,0.019787114693112246,0.018996848588039118,0.2269502736059671,0.09589994317222679,0.05142459486477472
2009-08-18,0.06541985258787367,0.044824121094233456,0.018684436389766256,0.047633984906634376,0.033254560143977874,0.37783757918995486,0.019648757826215668,0.01882058785239357,0.22558832049078167,0.09603442223016971,0.05225337728799892
2009-08-19,0.06576627179769874,0.045216094490824435,0.01848265977757395,0.047874121072564085,0.03322473838484529,0.37671227804473684,0.019654203904881446,0.018910910222505222,0.22552912461078903,0.09619129117791696,0.0524383065156641
2009-08-20,0.06622437252806836,0.04555557420354671,0.01916900072904348,0.0480535999466469,0.033689466988488195,0.3753778400093024,0.019640841228491163,0.01900324054341171,0.22584950891621364,0.09560403470997121,0.05183252019681629
2009-08-21,0.06725685653525368,0.04642196888708854,0.019516837869535588,0.04891078107930553,0.03406338471345559,0.3733192496050059,0.019364391605923847,0.018538922685893574,0.22394197833821997,0.09665177252700312,0.05201385615331473
2009-08-24,0.06719686174916992,0.04636911258078887,0.019389499133466815,0.04886257128077876,0.034186287187868945,0.3734685371156911,0.019468795423595236,0.018860020503571658,0.22491115599433995,0.09522402746911861,0.05206313156161023
2009-08-25,0.06724754381399044,0.046513304297607624,0.019580174712993097,0.04928949187254148,0.03407083830116905,0.37302559992149587,0.019496982800321555,0.0189442006372606,0.22503353855994834,0.09554369492987429,0.051254630152797666
2009-08-26,0.0671458587338185,0.046541878120967155,0.019635944049870374,0.04900538666234858,0.03391320020474418,0.37264784634371345,0.019491214822663656,0.019000402096495894,0.2261608187697134,0.09542083382588135,0.05103661636978351
2009-08-27,0.0672839694177289,0.046462292017007585,0.019787686036203525,0.04936927211589126,0.033841943989846725,0.37253926511908364,0.0194345414447306,0.018922286188650033,0.2250860394760994,0.09581568422776851,0.051457019966989904
2009-08-28,0.0671424426877236,0.04607982760887598,0.019880519344815637,0.0493028263151361,0.033600058698509905,0.3722270420619934,0.019442118168779034,0.018972637677749076,0.22577607884171155,0.09633046302587839,0.051245985568827465
2009-08-31,0.06674407208050431,0.045540981870834565,0.01969252412586837,0.049086975548507834,0.03303633152136183,0.373608119692239,0.019557949259032977,0.019047160221904745,0.22755356032098803,0.09613498378963142,0.04999734156912708
2009-09-01,0.07285289921728608,0.051561037169775385,0.025938600286934343,0.05363185019387093,0.03718534579648099,0.34855448523014326,0.019735872818743047,0.019124096200806868,0.22459316724702402,0.09727540387712201,0.049547241961813135
2009-09-02,0.07411458206650011,0.05275089415220678,0.02719520567832966,0.054593411781674483,0.03799011748853115,0.3436589281930833,0.019735872818743047,0.019124096200806868,0.2240142457811895,0.09727540387712201,0.049547241961813135
2009-09-03,0.07444972062527538,0.05313804826734816,0.02757375399557936,0.05481203098029653,0.03860393449898151,0.34203998957801585,0.01959116540452113,0.018934863214858315,0.2235555134467716,0.0981889697997943,0.04911201018855799
2009-09-04,0.07525826870056292,0.05371690373838936,0.02781725253562619,0.05547663107030079,0.039227674737890086,0.3408153276677013,0.01941325682878685,0.01855451749187653,0.2230102175209722,0.09795339249745869,0.048756557210435265
2009-09-08,0.0755944016722178,0.05408631454055657,0.028593279694299225,0.05634248063119109,0.03987097045228237,0.3394514925398308,0.019288749482233337,0.018348033232388684,0.22151951395241143,0.09745075881912445,0.049454004983464375
2009-09-09,0.07596038236584644,0.05485995805214674,0.029088402337322017,0.0568766695792315,0.039972914385618515,0.3385375208371346,0.01925142956402314,0.01827515918906463,0.220833356716129,0.09682768634999121,0.04951652062349236
2009-09-10,0.07628457561003425,0.05521536826664591,0.02932672392847115,0.05704236210236082,0.04025877000428023,0.3367438903800624,0.01928092655823433,0.01850226578570507,0.22098107169652295,0.09687204974146092,0.049491995926222214
2009-09-11,0.0760935974328621,0.055106194553246286,0.029167278270311903,0.056837563532242875,0.04018687668168393,0.3358449212957447,0.01929293363406085,0.01856120071280636,0.22245971948450663,0.09771634606021326,0.048733368342321275
2009-09-14,0.0765365070486746,0.05574326320279947,0.03003431642369653,0.05700605334647463,0.0400762372193782,0.3359629847269891,0.01919790548694927,0.018394357887799365,0.22153853382056568,0.09699706064845733,0.04851278018821608
2009-09-15,0.07656868072231705,0.0559877559853014,0.03044892877842709,0.0568030385754517,0.040402535336141375,0.3348650408311731,0.019086315531380706,0.01823171052754245,0.2205839251695865,0.0975612428183756,0.04946082572430338
2009-09-16,0.07714534090657738,0.0567157750544367,0.03139957883849118,0.05749011490756245,0.041108474872369766,0.3319211660627261,0.018928840941344824,0.018127456447431148,0.2196159267500411,0.0978194063446914,0.04972791887432822
2009-09-17,0.07700265625728951,0.05657610952658675,0.031234909807967982,0.05709875008571983,0.04087315967105456,0.33227721497067114,0.019015382544639935,0.018348830198272343,0.22061458539810516,0.09722638293696662,0.049732018602726316
2009-09-18,0.07724693876086458,0.05694923166241582,0.03130695231807872,0.05739807108565331,0.041092392633045524,0.33280023568730727,0.01896159617864562,0.018231525497653438,0.21978085222047328,0.09681498365031298,0.04941722030554964
2009-09-21,0.07724700759066123,0.056936956050609805,0.030888859351979867,0.05693308603759542,0.04083778443016023,0.3337641132899278,0.018997200413656042,0.018319775978083968,0.2208592087685845,0.09675569247740426,0.04846031561133705
2009-09-22,0.0772473147890824,0.056998065317915264,0.03165976862927235,0.05738564941783281,0.04122061734494898,0.3317535775710492,0.0189370155914856,0.018251718019068965,0.22009885624538675,0.09747697490528696,0.04897044216867095
2009-09-23,0.07695642550703599,0.05671467114620207,0.03073863283209647,0.057152573536740275,0.040787614479265204,0.33379145568676144,0.01906548197414237,0.018390682066325163,0.2212119405791223,0.09709859242030579,0.048091929772003196
2009-09-24,0.0765659699926304,0.05591319895639648,0.029900452772549584,0.05665382642724987,0.040226788203385336,0.33587803395321053,0.019232465153532646,0.01855493717784511,0.22289753048707991,0.0964171661483585,0.047759630727761904
2009-09-25,0.07621193273932211,0.055609155298697095,0.029900436898130645,0.05645485927058368,0.04042527136183543,0.3359973659576464,0.01932373443627318,0.018804220760347025,0.22391502179197903,0.09594188409879945,0.04741611738638622
2009-09-28,0.07708726152780981,0.05657927621512567,0.03087043958031267,0.05686413386145857,0.04068715415909639,0.3338391118230237,0.01923522865278054,0.018849670256586258,0.22306513777218687,0.09538611728122522,0.04753646887039452
2009-09-29,0.07700817402184783,0.05644199320347123,0.030415155678373704,0.05663535437890376,0.04086321389294851,0.33446348438490814,0.019265154392937626,0.01886997842985879,0.22263320212350443,0.09595014003652882,0.04745414945671749
2009-09-30,0.07655996015576885,0.05563865702511198,0.030143611946277033,0.05654503432406555,0.041036240335693835,0.33416603081710516,0.01924197873205367,0.018815830115057993,0.22200956470251357,0.09715777711411726,0.048685314732235425
2009-10-01,0.07543190921702293,0.05453399829332991,0.02916328808042277,0.05592447895276088,0.0403308801913735,0.3184012014647388,0.0388544424235846,0.01927065461912071,0.22200421954614494,0.09720860532841853,0.048876321883082705
2009-10-02,0.07533479769749474,0.054331208226949354,0.028998949719582213,0.05584050341071199,0.04044738917022484,0.2995705581167417,0.05842697303573378,0.019208933171452586,0.22137824331805692,0.0978717743189964,0.04859066981405566
2009-10-05,0.07572534870631535,0.054769294797058256,0.029454643803922043,0.056455059118741935,0.04089865057383128,0.27751571955346266,0.07743853816202154,0.01908458213172914,0.22087286061680877,0.09821989850895925,0.0495654040271499
2009-10-06,0.07623563845012704,0.05531569468478568,0.02929274108913066,0.057297239490791275,0.041152451505903895,0.25705631307279614,0.09643457221799492,0.018913629126741816,0.2199992779841945,0.09952517109828972,0.048777271279244534
2009-10-07,0.07598843596908295,0.054984344633132995,0.02912690780470959,0.05747084318966474,0.04079759516970697,0.23768034965867796,0.11625918535848895,0.019132782074733394,0.2210974920314103,0.09869950270736506,0.04876256140302725
2009-10-08,0.07598260501936048,0.05501118534582865,0.029419893886480978,0.05800288282528548,0.04084159175990819,0.21874704500288591,0.13469268698849432,0.01902893284498348,0.22028636775415958,0.09868289174460224,0.04930391682801078
2009-10-09,0.07591861425657406,0.05503552651342259,0.029409529786401288,0.05790225730831938,0.04059085453503676,0.20163874538072196,0.15281203708878752,0.019033102198731115,0.22087410435616656,0.09760634673480771,0.04917888184103105
2009-10-12,0.07543190921702293,0.05453399829332991,0.02916328808042277,0.05781259609099845,0.0403308801913735,0.19067791509007614,0.1646896116600093,0.01927065461912071,0.22200421954614494,0.09720860532841853,0.048876321883082705
2009-10-13,0.07517686859021683,0.05423037802824133,0.028686126782112947,0.05761025060963783,0.04034697241019189,0.19053563359640707,0.16484386315128988,0.019344999070390934,0.22213169226798585,0.09773446132589973,0.0493587541676257
2009-10-14,0.07619278424017277,0.055066506759913196,0.029631973546972137,0.05877910506749109,0.04149852131384554,0.18959367637443558,0.16312287322626878,0.018989118655527822,0.22026430502508476,0.09730404489070196,0.04955709089958634
2009-10-15,0.07658246384905659,0.05511095449913408,0.02944955271327444,0.05913420230639093,0.04132863970161495,0.18975543927443894,0.16282475508599026,0.01892868400981564,0.22054121946826677,0.09621044792761459,0.05013364116440282
2009-10-16,0.0761450019978054,0.054659357134319686,0.028701342238374783,0.05834492048983706,0.0408308747815574,0.19020560188824437,0.16386358636474962,0.01911649897877064,0.221102694882661,0.09668108599446276,0.05034903524921735
2009-10-19,0.07626424416600809,0.054745127774639336,0.029169885038281808,0.05888689262722961,0.041335935314657,0.18894181832259682,0.16302309747645605,0.01913869406534431,0.22075226519202504,0.09701603502624885,0.05072600499651319
2009-10-20,0.0759866381896476,0.054077242699923395,0.028673454286747963,0.05867375036139834,0.040855865981573807,0.18934406496773543,0.16366532576996767,0.019273923066326512,0.2225333018539006,0.09642107156541763,0.05049536125736119
2009-10-21,0.07547014959076644,0.053462547359576236,0.02851128215868264,0.05860559421532699,0.0407257729745283,0.18966946628541462,0.16365092791560457,0.01920041744277052,0.22208973335855017,0.09693648999959961,0.05167761869918014
2009-10-22,0.07590275590016186,0.05396705459949142,0.02902471116479918,0.05891630161716486,0.040885344510378355,0.18885995237891476,0.16245449489418815,0.01902273500784312,0.22242337807597234,0.09667405267680758,0.05186921917427851
2009-10-23,0.07553711619654899,0.05319455094066099,0.02889757265958459,0.058375269698392206,0.040818485048510995,0.18980676896848397,0.16273882661611191,0.019005926921752406,0.22268026108595507,0.0969183581325507,0.052026863731448256
2009-10-26,0.07529572948449562,0.05312288388757399,0.028941303685567903,0.057935338586700004,0.040618653304473555,0.19106530927704132,0.1630591176098084,0.018904417284382802,0.2234562411160841,0.0961276319865898,0.05147337377728266
2009-10-27,0.0748757690306674,0.05241894096058907,0.02847183187961071,0.05741713534799374,0.03987238297544092,0.19126220410681904,0.16429728562975604,0.019143471256882868,0.2251571409394218,0.09602220454512272,0.05106163332769588
2009-10-28,0.07424703471495299,0.051213140012043204,0.027572612085326,0.056635272928671335,0.038454447313096565,0.19358379781372467,0.16656231289107465,0.019439807438917503,0.22603049147749754,0.0959816985617601,0.05027938476293556
2009-10-29,0.07511381453000623,0.05168675584604513,0.02848697097778155,0.05774775321999082,0.03977159955436187,0.19157059843005525,0.16417648944392058,0.01904390407882981,0.22414462751344422,0.09691059150236243,0.0513468949032023
2009-10-30,0.0733496883822401,0.050560665204389316,0.028100493578385965,0.05613618348100114,0.03812897480910829,0.19288272880615773,0.16633381902511396,0.01942943302354879,0.22743426354115115,0.09730828395322001,0.05033546619568372
2009-11-02,0.07366846295531063,0.050312010185287026,0.02805846277808255,0.05651544430777769,0.03858233619832659,0.22030913171431893,0.1654031546193664,0.019286082362422987,0.19844390321179747,0.09836285476417626,0.05105815690313344
2009-11-03,0.07366846295531063,0.050312010185287026,0.02805846277808255,0.05651544430777769,0.03858233619832659,0.22802695297097264,0.1654031546193664,0.019286082362422987,0.1907260819551437,0.09836285476417626,0.05105815690313344
2009-11-04,0.0737930057599584,0.0495451236695795,0.027529937010773765,0.05703406700722585,0.03926477240821718,0.22779747908812212,0.16480128408232228,0.019092870043734916,0.1913041161891847,0.09886639774880562,0.050970946992075494
2009-11-05,0.07477292324359304,0.050864955499524064,0.027960471154738074,0.05748114340045152,0.039870975348645206,0.22686949803448783,0.1640096597215785,0.018996960064475092,0.19047005901769856,0.09825953999432467,0.05044381452048323
2009-11-06,0.07492323393088844,0.050869026881976746,0.027510323364692127,0.05761372731862319,0.039796521093219746,0.22689354762286487,0.1643986148296122,0.01900372207661267,0.19086152264235962,0.09861279196485333,0.04951696827429688
2009-11-09,0.07596200304951592,0.05141555931290798,0.028551969416423677,0.05871056673401581,0.040902391829585105,0.2249165836060936,0.16303797190823033,0.018860342722767647,0.18930629516511163,0.09844510634256531,0.04989120991278276
2009-11-10,0.07605973638534816,0.05115072364202691,0.028442450459512714,0.05846357322444454,0.04075829408088476,0.2251112422354295,0.16334370766080683,0.01884681073091821,0.18938938653455334,0.09873596839829195,0.049698106647782875
2009-11-11,0.07608956689403817,0.05126531724864843,0.028830340548710264,0.058365013777210074,0.04091396476947702,0.22429482992180944,0.1630419132872717,0.018836784207370286,0.18919850537968172,0.09936957483334925,0.04979418913243344
2009-11-12,0.07575728492761227,0.05061728709607206,0.028656394534988746,0.05785382593639674,0.040236335609539285,0.22558245712810987,0.1640513914585814,0.018912787339021683,0.19030731633220938,0.09868429849462908,0.0493406211428393
2009-11-13,0.07579139346072432,0.050852406578140275,0.02889635245225805,0.05837597078378548,0.04072245666632094,0.22452281878560654,0.16336717639370024,0.01890602220512794,0.18992367153350284,0.09958578210518197,0.04905594903565128
2009-11-16,0.07610566016151954,0.051661589317235294,0.02925029223846776,0.058702289819697044,0.04131826882882725,0.22236260372426483,0.16256718590131863,0.018932157714803555,0.18887116424553985,0.10026660655599075,0.049962181492335396
2009-11-17,0.07615824849965364,0.051636925373273614,0.028819331049855228,0.05828501508758543,0.041151293098511656,0.22230931394194275,0.16284371460268904,0.019024685103700954,0.18906456782101128,0.10052398176631584,0.05018292365546047
2009-11-18,0.07618879405726574,0.05158723307722384,0.0293260879878282,0.05816050668312483,0.0408694170452421,0.2225383931556643,0.1626038609193045,0.018932653861704916,0.1886384088187846,0.10087920328612184,0.05027544110773501
2009-11-19,0.07556214967558114,0.050545945974235604,0.028882990489034883,0.057341227476981935,0.04030810211679917,0.22370189568831655,0.16359163739086918,0.01905890679341904,0.18978885006887636,0.1014156316618302,0.049802662664055856
2009-11-20,0.0753978029499387,0.050555359983970635,0.028702860132488905,0.05710056200857883,0.04019567772965273,0.22406414463696972,0.16379974687517493,0.019081221746222427,0.1891582957927168,0.10213447426891521,0.049809853875371034
2009-11-23,0.07596122967667182,0.05116987875532158,0.02887965571633708,0.05782192414609578,0.04082427089806764,0.22288061174483384,0.16272325901920318,0.01895874077411805,0.18818150544076084,0.10282159890168578,0.04977732492690427
2009-11-24,0.07602536117997347,0.05090303025323293,0.028435555279366278,0.05754617597620128,0.040570059728970355,0.22291238920675155,0.16344456031400878,0.019065339564407115,0.1887796357601238,0.10314637064602762,0.0491715220909368
2009-11-25,0.07584268529396623,0.0505943780368658,0.028379915142163734,0.05797167861772858,0.04079993605988889,0.22170335545743133,0.16302730070706054,0.019040160956399793,0.18835471236661464,0.104227376660864,0.05005850070101646
2009-11-27,0.07519899845518417,0.04948954860553993,0.02779364683195288,0.05674361884265389,0.039526288932571006,0.22361209135533566,0.16506003304864703,0.019262358160305835,0.18978782213345735,0.10364468348550543,0.04988091014884681
2009-11-30,0.07510293834262663,0.0496962888091969,0.028702564071158083,0.0566645540933546,0.039725294472213415,0.2226012334910869,0.16455963144882338,0.019218749940472943,0.18984563440404348,0.10368395294124673,0.05019915798577693
2009-12-01,0.07567850879475894,0.05023162899398412,0.028937589600878364,0.05794886236351309,0.0406725692268722,0.19405992375859904,0.1654688634395311,0.05292165468680322,0.18613342610222694,0.09761648041351072,0.05033049261932222
2009-12-02,0.07567850879475894,0.05023162899398412,0.028937589600878364,0.05794886236351309,0.0406725692268722,0.18323489077845379,0.16648124963356117,0.06627839010521543,0.1853931376614332,0.09481268022200741,0.05033049261932222
2009-12-03,0.07538924152978527,0.04981723645060818,0.02880681202826245,0.05804966504106892,0.04045590567437452,0.1838633443124859,0.16637211746712607,0.06585438670241328,0.1860876387644221,0.09481132649800487,0.050492325531448404
2009-12-04,0.0761943807432601,0.05130322707709055,0.029727751075254456,0.05813149913007119,0.04102854603053464,0.18430847506916717,0.16595508176208784,0.06547845541387547,0.18623319634504104,0.09130912754991057,0.050330259803706895
2009-12-07,0.07618035703947193,0.05144897934067855,0.029250337822517382,0.057891527021725724,0.040730417912438144,0.18495532278796462,0.16663534215928139,0.0656511091070255,0.18639639814192469,0.09091551342560862,0.04994469524136344
2009-12-08,0.07561953553801291,0.051242184604338,0.029183274371621288,0.057099758570539234,0.040125321763645375,0.1858315460076808,0.1678510721522402,0.06599780149886765,0.18789653745734702,0.0895161953697235,0.049636772665984
2009-12-09,0.07607732135340795,0.05119774497592974,0.029210986575039705,0.057159010693774805,0.04046477193824823,0.18612629691668314,0.1679073675807916,0.06584600935375699,0.18724792810453966,0.0896335433920096,0.049129019115818566
2009-12-10,0.07658016011977345,0.05104184778270687,0.02915352050216863,0.057390247098413755,0.04074130766309099,0.18623981584689725,0.167500176024104,0.06515286994687323,0.18758909913947353,0.08970419753310033,0.04890675834339794
2009-12-11,0.07702352554684339,0.05160043906341584,0.029621148493078484,0.05745761886897724,0.04095240078462914,0.18632488719797363,0.1669288148828014,0.06524579066606309,0.1869882258656982,0.08862583843332603,0.04923131019719354
2009-12-14,0.07719196258481828,0.05213874742872528,0.030056439657250283,0.05774892752559882,0.04103915839518361,0.18526390490586359,0.16615732106265826,0.06502181937766353,0.18715028048713062,0.08895863486735191,0.04927280370775569
2009-12-15,0.07716534545450467,0.05221843346625931,0.0299089658005184,0.057356486904734015,0.040790865893335346,0.1860203139977892,0.1663419805036363,0.06501256157630542,0.18660888017497526,0.08931894447909411,0.049257221748847786
2009-12-16,0.07695390052707289,0.05232888539830171,0.029959126465233226,0.0577824565680285,0.04085368407168417,0.1853610471341451,0.1656333051864777,0.06465800489952032,0.18652166312039214,0.09005206115602157,0.049895865473122546
2009-12-17,0.07639157910708128,0.05199502101192694,0.02991025555376679,0.05669006300141114,0.039869629472436864,0.18660143432573936,0.167895760814878,0.06603616390095103,0.18821063439426308,0.08703517133258469,0.04936428708496071
2009-12-18,0.07672010837883202,0.05240445280192142,0.030100835517855123,0.05674799471784966,0.039924581494458725,0.1862156393422208,0.16684144744937737,0.06566388320195367,0.18765453038181643,0.08822127095461607,0.0495052557590986
2009-12-21,0.07782801117268953,0.053323162096304964,0.03059283935417818,0.05715461370685134,0.040044007289969416,0.18671343245603028,0.16583068156261693,0.0647694071432787,0.1875399679733154,0.08696858018130184,0.049235297063463315
2009-12-22,0.07814823874261365,0.05385004359531608,0.030933661156278863,0.05754732761385432,0.040468602788915245,0.18658659472884193,0.1651778324117579,0.06444044614290816,0.18685248983372293,0.08637918013936566,0.049615582846425144
2009-12-23,0.07800282346825305,0.05433546210664248,0.03116331549350043,0.057849954461823595,0.04071317317134366,0.18587342767631498,0.16447285812240514,0.06420831131354848,0.18672476920294867,0.08635700729086024,0.05029889769235917
2009-12-24,0.07829238130752697,0.054486576121872875,0.03152517534989027,0.05802080859154972,0.04108056623292856,0.18546150963049304,0.1637171645524395,0.06347785983492552,0.1856649037803463,0.08773463782573267,0.050538416772294516
2009-12-28,0.07843993359240993,0.0543870555916386,0.031630710350165854,0.058256906805573425,0.041209910445684256,0.1851481211724634,0.16323528180204022,0.06328522363114973,0.185121772075695,0.0878666221950288,0.05141846233815073
2009-12-29,0.07833561689689303,0.054366144182371144,0.03118002554782034,0.05835609636299101,0.04106602108824731,0.18528739193218327,0.163680928960094,0.06370839218056361,0.1856998852069739,0.0870002202594921,0.051319277382370285
2009-12-30,0.07828495155995963,0.054315907547933424,0.031224273656799587,0.0580990409675394,0.04123349559012023,0.1851664883383518,0.16392778612312536,0.06410858872240924,0.18585958312353462,0.08653783254248695,0.051242051827739686
2009-12-31,0.07782111426044287,0.053870297937681014,0.030731080809601928,0.05790599509811256,0.04152651629005079,0.18562949777778365,0.1637410926514598,0.06404002110344291,0.18628062933318115,0.0871674675750389,0.0512862871632043
2010-01-04,0.07834200449559946,0.054641699047476386,0.030347975321195184,0.058824973265174836,0.042305848715273243,0.20881672312558672,0.14456620753826163,0.05788558544747436,0.18537387009693954,0.08684807768667571,0.05204703526034277
2010-01-05,0.07834654580388835,0.054360463358018835,0.030343351790073206,0.05873954907991314,0.042475146933799286,0.23315416008841974,0.12703514095292415,0.052677582987125035,0.1857220773911225,0.0851608481362651,0.05198513347845057
2010-01-06,0.07833159319290528,0.05432312694453456,0.03030984696704652,0.05891539616495306,0.042488267199073275,0.25772353437179296,0.10864572036322434,0.04659601993894924,0.18506596684975551,0.08487443679657448,0.05272609121119066
2010-01-07,0.07862385315460664,0.054725319014039396,0.030544041715559675,0.0587345615534163,0.042268416679523704,0.282460820466006,0.09095897692722577,0.041356827218838405,0.1853713803205447,0.08287336672895078,0.05208243622128855
2010-01-08,0.07861407943980708,0.054833735853653816,0.030289470800405904,0.05900443531490319,0.042456056149527605,0.30684927497398645,0.0731725302555904,0.03594026924814046,0.18535697367977505,0.08152989163964387,0.0519532826445661
2010-01-11,0.07851663362162521,0.05456595427749526,0.03037443341247241,0.05920841687372425,0.042303506660053725,0.33118992269604114,0.05558721276251671,0.030512168254102273,0.18530085687243628,0.08061986377227559,0.05182103079725716
2010-01-12,0.07823357731489025,0.05441998101185276,0.0301656399021025,0.05879791119220346,0.04205075777547331,0.35628765170587356,0.038742053239611066,0.025778857157047527,0.1859475992512081,0.07810053620975194,0.0514754352399855
2010-01-13,0.07836864885979286,0.05466641364958896,0.030369125088684175,0.058848395253248136,0.042292871718699186,0.37961259483685544,0.02119393474243973,0.020350924749660722,0.185339682475833,0.07695049564001179,0.05200691298518606
2010-01-14,0.07834200449559946,0.054641699047476386,0.030347975321195184,0.058824973265174836,0.042305848715273243,0.38128709048167564,0.02,0.02,0.18537387009693954,0.07682950331632299,0.05204703526034277
2010-01-15,0.07779667472445731,0.05407901792085662,0.030201325880141756,0.05815104814625068,0.04199770649406389,0.3832526763887759,0.02017585604710333,0.0202104990109912,0.1861025618584919,0.07635493400704385,0.051677699521823627
2010-01-19,0.07838161019707493,0.054801911596485134,0.03065116619584209,0.05843321167126588,0.04263805069024824,0.3814602093498603,0.02004100763921286,0.02005374371020839,0.18534583363103627,0.07643195440092716,0.05176130091783885
2010-01-20,0.07813256982668533,0.054389023367260037,0.030549848967198104,0.05734439801808918,0.041905862584100825,0.3841545378831267,0.0202521652716744,0.020399964795961893,0.1865311682937353,0.0751910760425746,0.05114938494959372
2010-01-21,0.07713069033947109,0.05384487343478701,0.029876364589906813,0.056485210292075205,0.040907226077858246,0.38698810734859507,0.020459026443444397,0.02062721992181619,0.18824795550900023,0.07459151181979876,0.05084181422324706
2010-01-22,0.07586913894060567,0.05319795674991262,0.029367148457420736,0.055721369170505845,0.040241239389435995,0.3896639109335446,0.02060142652082956,0.020716421303371625,0.18910429779462462,0.07490458023721834,0.05061251050253048
2010-01-25,0.07613557218656332,0.05317265681205222,0.029534143954854392,0.05631336636084431,0.040470693485629004,0.38871162047230506,0.02052290610814875,0.020588693213070264,0.18878240981026825,0.07500047594242648,0.050767461653838074
2010-01-26,0.07605758281779948,0.05281520956703806,0.029372870900877875,0.056171271421979675,0.03975482250786651,0.38999424400830107,0.020629150329786645,0.020660921557140822,0.18888045841487477,0.07529494913926184,0.050368519335073414
2010-01-27,0.07651940754708197,0.05344610143988447,0.029680273734981884,0.05618253580596894,0.039704962958790974,0.39036438947141155,0.02060826318114553,0.020676667997910503,0.18844520136234144,0.07467151184656273,0.04970068465392016
2010-01-28,0.07591512777457583,0.05271996531863782,0.02950418464618707,0.05543833379057965,0.03957247888477953,0.3919639120190638,0.020675929355913687,0.020740118147704965,0.1888563811193659,0.07490640274436908,0.049707166198822865
2010-01-29,0.07523431648976768,0.05223898988893268,0.02936479070269095,0.054741669928532403,0.03921821289091775,0.39309305450128823,0.020795905126785787,0.020961628742462334,0.19042916322216918,0.07468381175323792,0.04923845675321529
2010-02-01,0.07595051814378968,0.05254212105970407,0.029721380669688914,0.055411994191526634,0.04003428840602729,0.3790306840702153,0.036844221912015404,0.020566966357318958,0.18845271692113658,0.07508042412806344,0.046364684140513875
2010-02-02,0.07637577797747812,0.052787609727585255,0.029999410212737845,0.0559372409007992,0.04012318480025463,0.3657355859621043,0.05294491754465433,0.0204389913630504,0.18807051704376507,0.07435352697324958,0.04323323749432142
2010-02-03,0.07622149821474497,0.05261445620008872,0.029754941246797912,0.05553074804748718,0.04003676135050913,0.3554722778887185,0.06901486751582324,0.020230722047198866,0.18854663455521767,0.07349210264338531,0.03908499029002868
2010-02-04,0.07501469236379406,0.05169715273971536,0.029142517341454174,0.054225208882431424,0.0389688823391654,0.34773525143871814,0.08668210068913915,0.02064042805533398,0.1903597430247476,0.07098734837368602,0.034546674751814894
2010-02-05,0.07534869730334169,0.05204920599516883,0.029687082945482165,0.05444594338294795,0.03891088256806187,0.33516650768038725,0.10341062706365087,0.02050118565922839,0.18937503243857323,0.07066856687532021,0.030436268087837746
2010-02-08,0.07539040824617951,0.052012636068454694,0.02933282833689461,0.05421730866160276,0.039149640931307655,0.3227866995495039,0.12018878542836745,0.02039196214466174,0.1896291382744015,0.07005715976261472,0.026843432596011664
2010-02-09,0.07597672490395872,0.05252276828576745,0.02943337115144889,0.05554080676365242,0.0401367277486452,0.30905794432051736,0.13551914696918982,0.02004784387672404,0.1884140814340295,0.06992207628926066,0.02342850825680608
2010-02-10,0.07595051814378968,0.05254212105970407,0.029721380669688914,0.055411994191526634,0.04003428840602729,0.29814459942018456,0.15050055213846034,0.02,0.18845271692113658,0.06924182904948198,0.02
2010-02-11,0.076342925381334,0.05309923754126143,0.029823010557878303,0.05563292990162735,0.040874258498692306,0.2966874957787176,0.14952826932416963,0.019787158099816352,0.18789913719324175,0.07019569832636968,0.020129879396891565
2010-02-12,0.07625465235248154,0.05346756030858225,0.030084690236576592,0.05513545160106466,0.04034669829631548,0.29683990238111413,0.1498289227991639,0.019862225819615435,0.18805555945460456,0.07011398646765024,0.020010350282831286
2010-02-16,0.0767925267007104,0.05390539187725216,0.030627750693016712,0.055878989989419,0.04103209631032291,0.2943381670530465,0.14887805967944445,0.019729589075993443,0.18718455148641433,0.07119026959460192,0.020442607539778234
2010-02-17,0.07723339296577354,0.05432440910768855,0.030948316932916626,0.05600875802876123,0.04121886650748185,0.2943850822757156,0.14823459154505064,0.019524155026084775,0.18674217958626,0.07102076741762701,0.020359480606640227
2010-02-18,0.07756974684102526,0.05468405346562925,0.031314597955261175,0.056239727409434864,0.04131176742952305,0.2937583181011056,0.1474804302470397,0.01941569819930538,0.18633061266836226,0.0713858524617921,0.020509195221521448
2010-02-19,0.07772620190653123,0.05475041999225809,0.031305933807022894,0.05588816475215496,0.040955826362999506,0.293636124114081,0.14755446070231878,0.01951934216762492,0.18698410369218235,0.07105080267001843,0.02062861983280789
2010-02-22,0.07773140258243356,0.05490917087656772,0.03143336399595261,0.05598740085388444,0.04100318648117878,0.29370847685341844,0.14742247216511986,0.019436404280576965,0.18707061635328562,0.0707831777351744,0.02051432782240761
2010-02-23,0.0769841403777481,0.054405809338085184,0.03126511862353794,0.055337165762780784,0.040159525826363035,0.29470805604661193,0.14892320780110663,0.019790272566863627,0.1879997339022976,0.07019681167660845,0.02023015807799673
2010-02-24,0.07745142319175566,0.054697045082308486,0.031471353601584824,0.055513800956285365,0.04041960696609857,0.2939353229618689,0.1485439426267401,0.019776910038769212,0.18822411480596593,0.06963547819194629,0.02033100157667671
2010-02-25,0.07731751046331588,0.054693829535315916,0.031617922404072185,0.05515545605558005,0.040071949212677385,0.29407095024104724,0.14903115791399818,0.019880647695339513,0.18795614093242913,0.07022525163151616,0.019979183914708445
2010-02-26,0.07711619464076358,0.05429216583843869,0.031440152420162064,0.05531345752130375,0.04034622849619678,0.29322502790939936,0.14877883022049013,0.019918475376401595,0.18858130352425723,0.07072196204742907,0.020266202005157708
2010-03-01,0.07763535879439232,0.055353547028022046,0.03164797359994397,0.05554292730247988,0.0408813921532822,0.28485865702073454,0.14839504530209993,0.019837784445715278,0.18813918238386185,0.06709890834515023,0.03060922362431789
2010-03-02,0.07759551318043932,0.05559297923419342,0.031557969773138066,0.05577862831039855,0.04121032171220797,0.2839258192859,0.1479907601330377,0.0197468459011281,0.18791516537207933,0.06785092043871195,0.030835076658765656
2010-03-03,0.07751954027048519,0.055806168733724626,0.031430945575406474,0.056341271590939185,0.04118463556383708,0.2833612909581187,0.147567456108759,0.01966024562779398,0.18795531835295312,0.06809623153421873,0.031076895683764098
2010-03-04,0.07777456357188628,0.055966484654612,0.0315684877902754,0.05621008167119196,0.04097977437268176,0.2833336294262739,0.1478669744969724,0.01976912785106966,0.18809343730188707,0.06762589413505797,0.03081154472809179
2010-03-05,0.07856734864825951,0.05687572365219929,0.0321594514376057,0.05707283951112032,0.04187768733724619,0.2819518959525999,0.14657083957004743,0.01943091163865404,0.1871027638135732,0.06734038154985629,0.031050156888838273
2010-03-08,0.07861113914896498,0.05699994690572222,0.0325718573115846,0.05709465584830744,0.04192438427391,0.281924496260438,0.14623690633358227,0.019337132654815167,0.18747564463872654,0.0668007360541375,0.03102310056981143
2010-03-09,0.07870153812785065,0.05717564049579555,0.03266363257263803,0.05693049479598539,0.042138105451262044,0.28198281375248346,0.1465355903731629,0.019331538225998514,0.18720249537521655,0.06666810545105961,0.03067004537854748
2010-03-10,0.07899709696789486,0.05762200503333543,0.03281696827197231,0.05712936127451661,0.04240504766799428,0.2817187265700948,0.14618997424758198,0.019268591109952764,0.18724902875309254,0.06586382604396211,0.03073937405960256
2010-03-11,0.07929320676006947,0.05776805333169913,0.032965515871138336,0.057322811747171604,0.04239724705069534,0.2812616953004436,0.1459980895961447,0.019331351487599843,0.1870986850076586,0.06591474927452265,0.030648594572856975
2010-03-12,0.0792477411167323,0.057704369777272314,0.03318733804430753,0.05766833068012456,0.04222637092671328,0.2811097658634828,0.14612870125447575,0.019438906256500972,0.18736434626215823,0.06547699356985563,0.03044713624837688
2010-03-15,0.07935197699909537,0.05756906890926342,0.03312753636526824,0.057324689022990705,0.04196439894908473,0.2815077020947783,0.14628290506991254,0.019433609991431573,0.1875266593346404,0.06579503646881218,0.030116416794722708
2010-03-16,0.0794633919553468,0.05768580422436538,0.03376645966092352,0.05767279181161281,0.04222921282345309,0.27974204266686337,0.14589485488574172,0.0194609341654477,0.1871677518949104,0.06659729645043168,0.03031945946090374
2010-03-17,0.079712636678797,0.057863807925276296,0.03408211903127812,0.05782106223819769,0.04256760082893767,0.27903284849761334,0.14566697576929294,0.01949004520742184,0.18733266389824502,0.06592527504496801,0.03050496487997218
2010-03-18,0.07980058833928706,0.057779591461301516,0.034002788012512004,0.057574885154056704,0.04231195169458224,0.27931648332684583,0.14551596047430618,0.01945752437086738,0.18726650499291544,0.06648374751715848,0.030489974656167217
2010-03-19,0.07976992761569589,0.05732817146532164,0.03387216367526427,0.05725595743463389,0.04196063159466225,0.28042681759385724,0.14600543589805853,0.01956823568600514,0.1880050784327755,0.06554903684031135,0.030258543763414386
2010-03-22,0.07999712959675798,0.057991638969390205,0.03413827765664329,0.05727873951350199,0.04200880023390302,0.2798307698264692,0.14612686188653232,0.01954100433407875,0.187837292226076,0.065066123793958,0.030183361962689285
2010-03-23,0.08043942992148771,0.05864195009660007,0.033993118303945635,0.0575948522370763,0.04224029867348232,0.2793121858537326,0.1456023633094825,0.019419977735270873,0.18743362563750987,0.0653126129744295,0.03000958525698275
2010-03-24,0.08067095425871018,0.058423295910411364,0.0343657246617569,0.05708749708705186,0.041934562539399894,0.2810435968805523,0.1452721701541547,0.0192136046644056,0.18749028989498664,0.06459270407277262,0.029905599875798106
2010-03-25,0.08067661984983532,0.05815395845463296,0.03447828081982729,0.0571533030153295,0.04189314508028892,0.28162260486349056,0.14498216779177694,0.019123361848903397,0.18713439889217762,0.0649946209329964,0.029787538450741228
2010-03-26,0.08039865769890565,0.05796275264245746,0.03425706613446922,0.05755043626487632,0.0419781474715932,0.28098954117215225,0.1449100549766497,0.019122663442412584,0.18716798335048132,0.06590815215903618,0.02975454468696632
2010-03-29,0.08069254399151984,0.058123111336142196,0.0343154168121458,0.057882446697728275,0.0426196324071888,0.28037239840221645,0.14431205663149718,0.018998606539509993,0.18650837578827834,0.0658286790732043,0.030346732320568958
2010-03-30,0.0807342068433293,0.0582924840178382,0.034241565365344444,0.05787286789677263,0.04277553324546629,0.28025868721737707,0.14443375005782833,0.019055486147675674,0.18658341080871232,0.06534571288200174,0.03040629551765401
2010-03-31,0.08042974320127258,0.057768495508797084,0.0339224089578928,0.057851731734077476,0.04288208094946999,0.28035813933622805,0.1447205802747407,0.01917924567329091,0.1866034609022979,0.06591474748569505,0.03036936597623748
2010-04-01,0.08059853226356588,0.05803084243547644,0.033918734056042024,0.058597719883470026,0.04379487650387516,0.29307602362894525,0.12888904735113108,0.01904230215992302,0.18684102541615652,0.06639331409117724,0.030817582210237386
2010-04-05,0.081181701492442,0.058979709392444055,0.03453457736452308,0.05866261517972743,0.044144811367415535,0.30659851270407407,0.11303614139460413,0.018772466859267842,0.18610999947171983,0.06673405754935985,0.031245407224422157
2010-04-06,0.08109368548320962,0.05900680380295671,0.03495520057941309,0.05840141744922144,0.04411484004444204,0.3205080915634422,0.09832444181546644,0.01880444967755231,0.1870728030648483,0.06662238680909008,0.031095879710357814
2010-04-07,0.08056779971404326,0.05863206125002474,0.03412604972930147,0.058063714752041626,0.043712709784364374,0.3349809225012274,0.08406652047470682,0.019030983075872733,0.18864692565126404,0.06724380876318858,0.03092850430396504
2010-04-08,0.08079842211053587,0.058453323406819795,0.034091850805520366,0.05814848179877946,0.04385301790237789,0.34942066086106405,0.06900085537783693,0.019042486319035976,0.18919778133512388,0.06712595715710512,0.030867162925800787
2010-04-09,0.08091135089955771,0.05842743496682328,0.03433177023701923,0.05867487202253663,0.043918797629695173,0.36316473803605565,0.05385425487904174,0.019028231950983684,0.18971712037660732,0.06714890040068995,0.03082252860098977
2010-04-12,0.08082164476044483,0.0583709693151676,0.03401368749227353,0.05872685850605578,0.04365413766579732,0.3778805331465509,0.039065223624537695,0.01908500299075779,0.19099703641956825,0.06658816436305841,0.030796741715788077
2010-04-13,0.08063449876975733,0.0581154536057247,0.03409787564379019,0.058595739093601065,0.04373001643320565,0.39245534480511873,0.02418454130256035,0.019059013191941084,0.19192635728267204,0.06637311739962143,0.030828042472007437
2010-04-14,0.08059853226356588,0.05803084243547644,0.033918734056042024,0.058597719883470026,0.04379487650387516,0.39673212908623734,0.02,0.01904230215992302,0.19207396730999549,0.06639331409117724,0.030817582210237386
2010-04-15,0.0806436765710301,0.058192222854316536,0.033066352885742945,0.058541820151327736,0.04354435642087114,0.39691296079159916,0.020028309290154228,0.01905862202645862,0.19234977307039988,0.06673981545621417,0.030922090481885406
2010-04-16,0.07983653182872558,0.0577573229768667,0.03257170635595593,0.05759331079555803,0.04252365578355337,0.399917193264759,0.02027017600573933,0.01931265319220612,0.1939601450171252,0.0657164523617135,0.030540852417797235
2010-04-19,0.08026581683074614,0.05756644967704344,0.0327471051580259,0.0575329557191134,0.04242120683017859,0.40017329946644187,0.020252959543041568,0.019296212440145188,0.19377688636100512,0.06576840495386481,0.03019870302039391
2010-04-20,0.08067273501364718,0.05812839135308854,0.033132303689850935,0.05766736983232112,0.04275849107071274,0.39868966772732184,0.02018444551339383,0.019290985596142157,0.1934542886175808,0.06569943455751148,0.030321887028429407
2010-04-21,0.08036841768621449,0.05841713335593552,0.03368667200927945,0.05718045856884874,0.04253524035749068,0.397957651686741,0.020210061652848405,0.019411630600138136,0.1937486704690246,0.06607098529943647,0.030413078314042483
2010-04-22,0.08060943860173785,0.05903778738631925,0.03417737331969165,0.056665651005082314,0.042715413407090605,0.39767737111873497,0.020163237165932213,0.01935414383725617,0.19331528641125345,0.06579550148028308,0.030488796266618438
2010-04-23,0.0808975008391289,0.059490460239202285,0.03452078192360577,0.05692276669515016,0.04281874650913142,0.3963673340083674,0.020048103857203913,0.01922904972241797,0.19271161660461536,0.0663942542642329,0.03059938533694399
2010-04-26,0.08063504884713997,0.05929740842837643,0.03475798771062361,0.05701368981813948,0.04284161556796251,0.3965790297869494,0.020072244974977504,0.019260670100632357,0.19290522842596236,0.06617148457925318,0.030465591759983195
2010-04-27,0.07921895929850276,0.05830177706249034,0.03386762971198646,0.05506513806091946,0.041567047348653414,0.3998189413878045,0.02038669074313737,0.01965363581887911,0.19423602563321107,0.06769438389188949,0.030189771042526
2010-04-28,0.07973708191111198,0.058337534717302415,0.03394855827999807,0.055017581159165004,0.04187351874500079,0.3993042086179582,0.02026178827357466,0.019465639779602896,0.1943606704655434,0.06743467130988313,0.030258746740859415
2010-04-29,0.08023670300930728,0.05921161148720265,0.03513792470862747,0.05553094332260288,0.04230579916858262,0.3969810596566627,0.020172634658320126,0.01942880978366636,0.19367285256089958,0.06700867044732195,0.03031299119680632
2010-04-30,0.07910499731755835,0.057645884120156435,0.03414403859659493,0.05499492437531785,0.04192032905984427,0.39861198175402585,0.02035466791137599,0.0197099096984449,0.19503544292936276,0.06783853229395384,0.030639291943364722
2010-05-03,0.07981465004549285,0.058708990942483295,0.03506268223409117,0.05517089245916519,0.04198355827263862,0.37990689574371694,0.03470572450584689,0.019606597412720982,0.19582748500859526,0.06778798762606349,0.03142453574918523
2010-05-04,0.07877269163981133,0.057527948958826805,0.03460720055914569,0.053655420767951094,0.04059381390241797,0.3664757057588198,0.049624421811934674,0.020080017571198084,0.1991096527704537,0.0678801266557969,0.03167299960364384
2010-05-05,0.07878421085819233,0.05715066767727342,0.03436584016121385,0.05314260997119392,0.04027561214421365,0.3510561125906622,0.06443308819518911,0.02019797930483869,0.20037635285804217,0.06823321638555539,0.03198430985362521
2010-05-06,0.07736399522977067,0.056031722067457095,0.033578510156311844,0.05186447867475668,0.03945900806401034,0.336835719010517,0.08035713356704723,0.020820031384371343,0.20056728485304945,0.07048653779846165,0.032635579194246665
2010-05-07,0.07706872116413284,0.05533119162067634,0.03346992235436021,0.05250211620599521,0.04019010440563483,0.3189794048754413,0.09512701744868049,0.020450785901444175,0.20321185642562753,0.07010529047412041,0.03356358912388665
2010-05-10,0.07938998518121139,0.057813627390422756,0.03513232652011481,0.05510075309743958,0.04235239343364752,0.29652165472868935,0.10777137795280538,0.019705996639499603,0.20309347703969263,0.06848125615745153,0.034637151859025446
2010-05-11,0.07928974271676001,0.058299345939771235,0.03512424485082624,0.05442764423893323,0.04166702500874246,0.27938157963357363,0.12236248450078141,0.01963188373651709,0.20473214012822627,0.06959381245723266,0.03549009678863569
2010-05-12,0.07995008538077618,0.059426170512213626,0.03536691011877172,0.054916175466937736,0.04198605545145487,0.2616844242383251,0.13607255473633695,0.019465572402593983,0.20560479413535396,0.06903460173563544,0.03649265582160035
2010-05-13,0.07951826860141874,0.058847483331223645,0.03503105715216815,0.05479252598500879,0.041856149801703275,0.2453118022143209,0.15140022336752337,0.019624746067343157,0.20809585204320397,0.06822439377089803,0.03729749766518797
2010-05-14,0.07981465004549285,0.058708990942483295,0.03506268223409117,0.05517089245916519,0.04198355827263862,0.23074387362247473,0.16373468575335415,0.019606597412720982,0.20922599571452782,0.06778798762606349,0.03816008591698783
2010-05-17,0.0800077049165999,0.058929940367915094,0.035074361865021254,0.05535261927340661,0.04180730919678426,0.2310974274132345,0.16368743718983367,0.019571211498530756,0.20997708033545545,0.06734630243650852,0.03714860550671007
2010-05-18,0.07913666780558133,0.05795594705062881,0.03427401893336211,0.05430753052711061,0.041046572895522895,0.23198269940617708,0.16533683541149058,0.019926123327736914,0.21122841199473438,0.06760525749090215,0.03719993515675323
2010-05-19,0.07895051517447775,0.05746159574538118,0.03410068256145016,0.05470142166129933,0.04078800304778756,0.2326512716031159,0.1660360988957749,0.020059747803899866,0.2120575265625673,0.06620888989602565,0.03698424704822059
2010-05-20,0.07680215275605062,0.05514992880028609,0.032807717120966445,0.053377831598537595,0.039187443254750945,0.23548227789212647,0.1694895525982634,0.02070713481442088,0.21390001769635425,0.06648128149636731,0.03661466197187608
2010-05-21,0.0775219970897211,0.05567871821006071,0.03369580750036657,0.05440078382253792,0.04024665232634793,0.23410167672583632,0.16870671337346485,0.020621413184183222,0.21243842842668073,0.06578482256022039,0.03680298678058039
2010-05-24,0.07673746000519108,0.0550851405098466,0.03310938949028775,0.05329357415833997,0.03993566721271101,0.23471656912370975,0.16917001980087315,0.020606618432820824,0.21358290976073582,0.06689296099556129,0.03686969050992291
2010-05-25,0.07686057347830086,0.05510864814383599,0.033475283491681204,0.0531225474810824,0.03952635620796203,0.23482526058472022,0.16984826760365487,0.020719520185030788,0.21268480269837386,0.06722981010420485,0.036598930021153026
2010-05-26,0.07645017542434268,0.05528430760904493,0.03336668704815837,0.05237299417295888,0.03953211031610305,0.2347917922943828,0.16962157993109084,0.02067498465661521,0.21297268623103874,0.0679127215411824,0.037019960775082225
2010-05-27,0.07823138857207335,0.057086496669563884,0.03483007666859241,0.054803779110022766,0.041510008069454124,0.23230814316388654,0.1663501908386289,0.02000650624833837,0.20977833562999953,0.06736738543988696,0.037727689589553304
2010-05-28,0.07749616357354372,0.05653480909974779,0.03441757032377328,0.05391862080947779,0.04095453661867502,0.23349517402132952,0.167637369567685,0.02016229115081075,0.21016886898245057,0.06769115146907687,0.03752344438342989
2010-06-01,0.07656780896295015,0.055089668412520595,0.03391548930242893,0.02080205291559656,0.02048629874297221,0.26137668676843145,0.16868109090065994,0.0630326410733234,0.2110294343623516,0.06861348053928498,0.02040534801948031
2010-06-02,0.07656780896295015,0.055089668412520595,0.03391548930242893,0.02,0.02,0.262029392518514,0.16868109090065994,0.06407363500128993,0.2110294343623516,0.06861348053928498,0.02
2010-06-03,0.0769569894110776,0.05588952036999765,0.0338826536132599,0.01997148632684355,0.019960208850436704,0.2623945949212505,0.16871890893863398,0.06370996330627357,0.21069151720575693,0.06768127462444427,0.020142882432025524
2010-06-04,0.0744686714777462,0.05323756361406677,0.03213672892894604,0.019174660798791664,0.019307151347705102,0.26375426506637206,0.1715556039996967,0.0656126819321916,0.2125920023390168,0.0685856717309845,0.019574998764482765
2010-06-07,0.07351609317424296,0.051846009053452186,0.03196235815336801,0.018926808895067676,0.018999567707970132,0.2635689704257345,0.17219279834828521,0.06609309623254658,0.21340417599581757,0.06988504334364844,0.019605078669866802
2010-06-08,0.07422616036309088,0.051766888975798585,0.03248634689528443,0.019209335329608203,0.01941513150966818,0.2632628864386342,0.17148245034819004,0.06569590573439928,0.21318178426211845,0.06953208128254175,0.019741028860666133
2010-06-09,0.07386474194155943,0.051825178386738016,0.032665112128409696,0.019149076262724735,0.019320731146094103,0.2634205290022379,0.17158298932807653,0.06565365929115505,0.21336443526270402,0.06931101895956177,0.019842528290738907
2010-06-10,0.0758555189530854,0.05349724657697445,0.033956441146313625,0.019913983890712795,0.019950543490794965,0.2624922258752445,0.16961295944541072,0.06433772371143306,0.21200878023855949,0.06824541227638949,0.020129164395081636
2010-06-11,0.07583234033836653,0.05394517181100424,0.034133014256413456,0.019840094446879616,0.019951015759047463,0.26142467015345966,0.1698144962274208,0.06481908686672064,0.21169852662096397,0.0684883997359128,0.020053183783810873
2010-06-14,0.0757326334708644,0.05429853248723681,0.0345461226976349,0.019970544856070103,0.019960862681301195,0.2615485926556571,0.16970898329513917,0.06450155875774531,0.21134895167809697,0.06827048590044976,0.02011273151980434
2010-06-15,0.07706751166236417,0.05538300680273425,0.035119113247268546,0.020500529153081627,0.020460470077246936,0.2601172736416288,0.16833606686848843,0.06391429398843305,0.21003434251442635,0.0687187638679608,0.020348628176367175
2010-06-16,0.07702843376691393,0.05511845161808965,0.034858621758136955,0.020400578026647798,0.020457401812826993,0.260140347266674,0.1687812170365994,0.0642688873122842,0.2102213749059787,0.0683336543737377,0.0203910321221109
2010-06-17,0.07684706976839566,0.054966281943921655,0.03477424157601376,0.020384204749774815,0.020274440347401886,0.25926579656545634,0.16890643522250695,0.06453568244128774,0.2107750345897893,0.0689513887556534,0.020319424039798795
2010-06-18,0.07692097713073626,0.0549923534788198,0.034669566998037464,0.02034548008636136,0.020363729562081,0.2592643720738086,0.16854302821903736,0.06442211621076246,0.21072894336283726,0.06946876178473554,0.02028067109278319
2010-06-21,0.07684629482954296,0.05452764462486052,0.03448742431022969,0.020380079608462106,0.02075504004534051,0.2597875692132359,0.168736648999407,0.06435943217193875,0.21166428209136487,0.06821804868484155,0.02023753542077643
2010-06-22,0.07561734095163097,0.05343432570192609,0.03353349229041061,0.0201330137165511,0.02036722602682937,0.26004968358625213,0.16983789187143594,0.06516049801010074,0.21280830275171364,0.0688553012753524,0.02020292381779722
2010-06-23,0.0752774649399924,0.053211396999861035,0.033506772505114184,0.020278856868069878,0.020391223251303655,0.2598723092054524,0.17023208751789512,0.0655118246784632,0.21340257323393855,0.06847610840349766,0.019839382396412024
2010-06-24,0.07437063012833174,0.05260347275304026,0.03296750451967933,0.020017704205757426,0.020123560108560132,0.2611299324314128,0.17087025326366312,0.06542193258024961,0.21352865431415982,0.06899018088968505,0.019976174805460826
2010-06-25,0.07434087025126108,0.05326132158040521,0.033654308894175464,0.02004108888242099,0.020268042043253325,0.26002932749690216,0.17035989280598907,0.06538699177735768,0.2129092789414866,0.06950146776325737,0.020247409563491175
2010-06-28,0.07404937512566544,0.05291555729522882,0.033243672769687475,0.019878050951507364,0.020113726054506734,0.25998329396169484,0.17143601209030068,0.06595000597627398,0.21391276891142946,0.06850309756291621,0.020014439300789146
2010-06-29,0.07218311370566736,0.05121253949423735,0.032365719286303725,0.019309906647549124,0.019409995690944665,0.26162926253933216,0.17318266120547327,0.0670592058158131,0.21506523053089827,0.06900645563438784,0.019575909449393265
2010-06-30,0.071500872688427,0.05062693653829287,0.03204824707271527,0.01917889663528408,0.019281781480771792,0.2615799030129586,0.1734449519052436,0.06751367943772152,0.2159318349578532,0.06924315070154562,0.019649745569186593
2010-07-01,0.047823755943466544,0.03646499981293746,0.03208595320093019,0.019519408802394316,0.019481269416706252,0.2994051985277491,0.1739041259766183,0.06782903480431951,0.21683945804701382,0.06723790369047537,0.019408891777389196
2010-07-02,0.02383537221027782,0.022237837244806068,0.032009293934152735,0.019518831679859048,0.019497952282771076,0.3371942859117455,0.17390712143592635,0.06777185992959155,0.21681052211235013,0.06780796922010923,0.019408954038410507
2010-07-06,0.02,0.02,0.03208595320093019,0.019519408802394316,0.019481269416706252,0.3431871634320247,0.1739041259766183,0.06782903480431951,0.21683945804701382,0.06774469454260376,0.019408891777389196
2010-07-07,0.020551758597926306,0.020619409969871515,0.03348784260120512,0.02005274514220702,0.019836490947128395,0.3418462163466445,0.17270065828748885,0.06678075441371255,0.2161575236696378,0.06819470136052248,0.019771898663655578
2010-07-08,0.02076156275105621,0.02092287258606906,0.03385804681240783,0.02025335724148526,0.01993857649329534,0.34199292273126597,0.17233659416922245,0.0663757631830266,0.21568576832141434,0.06791455137816996,0.01995998433258706
2010-07-09,0.020902465143825738,0.0212326269074368,0.03427941125368054,0.020259945903552484,0.02016733117610472,0.341640461503785,0.17176684051377455,0.0659521667676281,0.21528116884212653,0.06853468238716914,0.019982899600916475
2010-07-12,0.020928398451805143,0.021005538590295175,0.034426687550869806,0.020194998271879244,0.02001771432978405,0.34188343032681956,0.17215899848189473,0.06596460041737828,0.215668036148858,0.06798428714008964,0.019767310290326603
2010-07-13,0.021207983634931895,0.021633585323105376,0.03512159826227107,0.020532516319657496,0.02021545092511799,0.34105718072421326,0.1710137974491294,0.06528784458879607,0.21542013939479246,0.06845842447550038,0.020051478902484873
2010-07-14,0.021152979265482395,0.02150213719244657,0.03482998136874853,0.0205537158849537,0.020124640618663106,0.3405684428009737,0.17143559307673198,0.06578013444193209,0.21583482320398184,0.06825248614265586,0.019965066003430478
2010-07-15,0.02111894581326386,0.021263727567953358,0.03468730155388783,0.020615658543079198,0.01999142567696917,0.34000839985859355,0.17199721128104606,0.06631078813247773,0.21580545528361092,0.06808372432437361,0.020117361964745062
2010-07-16,0.020595400632188458,0.020546551916771988,0.03371639062757087,0.020011887475156455,0.019449024892572005,0.34129243048985103,0.1734779456929657,0.0668227547115597,0.21679237048779537,0.06737498685362962,0.019920256219939123
2010-07-19,0.02072957387415459,0.020646503042108837,0.03412374527091869,0.020153223261487593,0.0197175738947909,0.3413770201407111,0.17313012722185478,0.06645189154449006,0.2168836314259757,0.06687255488941414,0.01991415543409391
2010-07-20,0.020894779793218136,0.020928427361742007,0.03460055375050558,0.020227889208071916,0.0201184953925096,0.34044432008004744,0.17277607800082417,0.066345902101831,0.21645204863406728,0.0671960392971029,0.02001546638008028
2010-07-21,0.020601816888781474,0.020531245265221643,0.03389904001142242,0.019840913865967688,0.019892049506742518,0.3402531414110517,0.17369702320358757,0.06740013845989264,0.21727809427715483,0.06666602702384153,0.019940510086336433
2010-07-22,0.021008623004963967,0.021208540064717743,0.035029749818093765,0.020456910349178393,0.020442143926975444,0.3392749384074512,0.17230605187825682,0.06645279299264567,0.2164539012512798,0.06707953288464226,0.020286815421795286
2010-07-23,0.021194281778479,0.02173363545743732,0.03544766783666623,0.020700871724927787,0.02058542172520532,0.33916686240637045,0.17177535193178137,0.06575805621647629,0.2167646710385693,0.06664627865746842,0.0202269012266189
2010-07-26,0.021383354276086425,0.02219576134819652,0.03630960183347804,0.020814486659824556,0.020694833177413188,0.33854432507983057,0.1714673532334423,0.06554890945741226,0.21664145435788898,0.06622094180249499,0.020178978773932543
2010-07-27,0.0214584445952005,0.022195258837978182,0.03643336566228977,0.020949766056441502,0.020734274445343707,0.3395614874889285,0.17148995226248057,0.06515097734863695,0.2166885385602734,0.06530307059455127,0.020034864147876
2010-07-28,0.021287876693502718,0.02180378128451894,0.036322616000692656,0.020809853870613584,0.02058796318531464,0.33937367497962634,0.1719700906029088,0.06526401470035993,0.2171342640403254,0.06535995738575613,0.020085907256381163
2010-07-29,0.021164442624689854,0.021726653734683236,0.03596737255069629,0.020886761351665204,0.020603813334105513,0.33934008611805755,0.17216980157706216,0.06518352492767472,0.21701128857689925,0.06559068867706262,0.020355566527404008
2010-07-30,0.02106953492287674,0.021646461302962328,0.0359378223972534,0.020732965977189072,0.02061472727715476,0.33804021959256064,0.17243163370551146,0.06591320135501816,0.21708104265805506,0.06599526846535679,0.02053712234606199
2010-08-02,0.03001436285394011,0.022549938036630694,0.03697090730861671,0.023207533293927943,0.02218164526684924,0.2997665921858848,0.17924288833917468,0.06779308370490718,0.23188934143380277,0.06591809458143721,0.020465612994828873
2010-08-03,0.038553452343635546,0.023101416016898493,0.03695416062816295,0.025022924555440567,0.023246441511321537,0.2618780949057804,0.1869411108719005,0.07073689564413227,0.2476051983932904,0.06592757858334525,0.02003272654609216
2010-08-04,0.03916354212723748,0.023155196141275553,0.03697090730861671,0.025154890306739414,0.023330722896004876,0.25925161356448867,0.18744124138585025,0.07092323553069899,0.24869055615765087,0.06591809458143721,0.02
2010-08-05,0.039076996938207445,0.022856536519142087,0.036469520674787766,0.025107251976243267,0.023199318403410312,0.2592616560655309,0.18812500246202046,0.07117239802263073,0.24885833582594352,0.06598903372424134,0.019883949387842197
2010-08-06,0.038784543881816416,0.022642763683394223,0.03622693235113283,0.025096045909616636,0.023087019579702668,0.25843592588860465,0.18870844060019637,0.07170248505118595,0.24943029913585982,0.06624670949706694,0.019638834421423494
2010-08-09,0.038947102350782276,0.022866911689133684,0.03654551020907324,0.025095389894313227,0.023181236600920436,0.25798773354057614,0.18845417998159544,0.0713559270100588,0.24995816850945782,0.06592403568671,0.01968380452737898
2010-08-10,0.038758462838232706,0.022448905249081184,0.03628197294896063,0.024908749662960236,0.022876150260879587,0.2582544545938846,0.18951326984265865,0.07154609644116408,0.24978157689958816,0.0661462516452039,0.01948410961738635
2010-08-11,0.03781984623336245,0.021637244940905617,0.035525514333361784,0.023852811085653892,0.02221951130518779,0.2591629789347859,0.1912090440869151,0.07274319344932104,0.25057814934129957,0.06614335541902143,0.0191083508701855
2010-08-12,0.03765164479456796,0.021565644451374544,0.0351750246577968,0.023865054854780826,0.022295701458045006,0.25954009501388436,0.19104363216687054,0.07268647357345429,0.2501172383257616,0.06706277020737915,0.018996720496085015
2010-08-13,0.03745666377601948,0.021273507324027146,0.03501986761802768,0.023727390519494896,0.02236673395311198,0.25892813457289593,0.19143569356641638,0.07342818599442826,0.25053085186382656,0.06689569163904535,0.018937279172706413
2010-08-16,0.037167324434410676,0.02128837671677407,0.034799868821233045,0.023745424221714755,0.02241162446771293,0.2572908378757349,0.19142049348449816,0.07471895926771388,0.25145284537694157,0.06696329446352768,0.018740950869738315
2010-08-17,0.037605192837505234,0.021644152251541378,0.03554047244821985,0.02399822845412325,0.02263504798847827,0.2571016274376116,0.190356694102505,0.07425436738441578,0.25092317233762296,0.06694111656506894,0.018999928192907804
2010-08-18,0.037651446564589554,0.021696931165694867,0.03552625122906737,0.023974695864890934,0.02260524616809026,0.25700993494514823,0.19005007224703963,0.07440958569859296,0.25099867485722255,0.06716393667899512,0.018913224580668755
2010-08-19,0.03701011034916719,0.021110582322059538,0.03473339569364357,0.023598303802236306,0.022439068069499954,0.2571659987444988,0.19097241722839736,0.0755978500637315,0.25136107393196394,0.06728378625404943,0.01872741354075264
2010-08-20,0.03693486078529225,0.0211569941635222,0.03467214595677512,0.023380670195817382,0.02240080297500728,0.2573868431564521,0.1905840343848204,0.0756041478174481,0.2521163077197347,0.06713052680441957,0.018632666040711003
2010-08-23,0.03680278368658013,0.020874786329907736,0.034514815555251134,0.023339743581643813,0.022204025688906913,0.2574785853380003,0.19088143425348464,0.07563638527490699,0.25271612830860346,0.06704014288610732,0.018511169096607803
2010-08-24,0.03618174770328085,0.02059344881768353,0.03429218230813852,0.02297153786888213,0.02187478865897686,0.257130583447673,0.19199732979840184,0.07669026914683647,0.2527787036210357,0.06722585592488754,0.01826355270420373
2010-08-25,0.03630276733960867,0.020893012560559754,0.03472097873388448,0.022982352918158387,0.021721362527165104,0.2567483747356378,0.19102359154123874,0.07640003931000218,0.25311378814236263,0.06774790582128955,0.018345826370092848
2010-08-26,0.0360212000858437,0.020715679200798715,0.034491670939813195,0.022948696564007092,0.021562252643380717,0.2564758822101424,0.19169031190996666,0.07703658980220954,0.2530693048054229,0.06745294484401705,0.01853546699439808
2010-08-27,0.036723673919055115,0.021340995610539364,0.035179993828708934,0.023490383099184435,0.02212278599449891,0.25730583369362037,0.1902362630969935,0.07515096041589661,0.25177389554041313,0.06774741907970251,0.01892779572138711
2010-08-30,0.036092659387523485,0.020816956680568363,0.03476094775690703,0.023088047944040457,0.0216975956739402,0.25691139767120635,0.19117024211043468,0.07638381009469022,0.2527279707498137,0.06750750438711153,0.018842867543764026
2010-08-31,0.035965834109393094,0.020702527341407175,0.034961121114115444,0.023076230932829057,0.02175166827890445,0.25609974825201054,0.1913466906620428,0.07695900322738934,0.2526896361203919,0.0679212400850699,0.018526299876446363
2010-09-01,0.02,0.02,0.03607606121587906,0.02,0.03847832213842539,0.25808313075578826,0.19002586683667483,0.07539038702742162,0.25212045402711974,0.07092661550993108,0.01889916248875999
2010-09-02,0.020195256547526456,0.020229792628014314,0.03654511947524788,0.020121122392665208,0.038560479410076245,0.25813705098127193,0.18931775177435592,0.0746271094583661,0.2519169498967968,0.07130814552160353,0.019041221914075594
2010-09-03,0.020507113505216758,0.020641715093330164,0.037115825306469875,0.020356344266653018,0.03911048190471838,0.2586436568308623,0.18869381041917221,0.07388184470968091,0.250630380372677,0.07123070502464422,0.019188122566575146
2010-09-07,0.020200410291222767,0.020174809775034767,0.03646349789060446,0.019998458197808967,0.038399266039929256,0.257955664123505,0.1894780666020644,0.07511313085015404,0.25154545523830374,0.07145451421789432,0.019216726773478313
2010-09-08,0.02036056642679032,0.020311331955565178,0.036516856125836696,0.02017112307107849,0.038851343747060195,0.25800370281306967,0.1891264424961177,0.07458319314453966,0.2512751208929669,0.07152457815908758,0.01927574116788766
2010-09-09,0.020559049149956488,0.020427900711272987,0.036427498047712795,0.020464569522461135,0.0392735437566924,0.25904373985221596,0.18859588495620555,0.07348416039986448,0.25124254045661587,0.0712160350380619,0.01926507810894047
2010-09-10,0.020661056214288757,0.02049044726697316,0.03656912544199887,0.02052498326361393,0.039410024552995145,0.258990515037828,0.18803554143134255,0.07314182679274418,0.25140225343851635,0.07130945567755799,0.019464770882141196
2010-09-13,0.02079727040289627,0.02089483977992141,0.03697497044663623,0.02080446217819149,0.040171118930528785,0.25804476434049584,0.18808278328692873,0.07316992820968564,0.2506145044316682,0.07092580734660525,0.01951955064644222
2010-09-14,0.02069378523661996,0.020714540429892903,0.036704509997055025,0.02085248450768869,0.03997757933269283,0.25710345756307684,0.1882068220646644,0.07355253245783441,0.25069132680544537,0.07201025871201758,0.019492702893011995
2010-09-15,0.020806523843166818,0.020866321621561584,0.03705162951965347,0.02089408105859932,0.04009808425623417,0.25758232344005955,0.18785677898966843,0.07257912053240254,0.2506933533046578,0.07208072959795249,0.01949105383604387
2010-09-16,0.0208518872632021,0.020782950531497296,0.036943274596717535,0.020844625548795393,0.039991989966830496,0.2582737671545456,0.18765889754958978,0.07203813242536757,0.25051661636798045,0.07265932387172931,0.01943853472374459
2010-09-17,0.020825439677322304,0.020835081917922365,0.036992203274910165,0.02070998698944471,0.039861443631118404,0.2579107435656043,0.18777534620710365,0.07221101875284955,0.2509163795642876,0.07248905701066428,0.019473299408772776
2010-09-20,0.021051069885607246,0.021319410875187732,0.037655116131698495,0.02097665164668572,0.04031380603075314,0.2568093006683507,0.18752785372494438,0.0723113117771067,0.25012925307200573,0.07236070099823805,0.019545525189422035
2010-09-21,0.020916384370386145,0.02110223639759481,0.036898931501195914,0.02088066954591594,0.04001730479243512,0.25586311081683616,0.18844535975651358,0.07299335224250537,0.25092904117795994,0.0727005271546381,0.019253082244018994
2010-09-22,0.020808540560206833,0.020846951012871297,0.03650975977123013,0.020844963888874656,0.04003508795823358,0.2557703414936253,0.1886863293208667,0.07363012528934611,0.2507114766697716,0.07279238275293928,0.019364041282034512
2010-09-23,0.020659602448975384,0.020614405171185023,0.03572508583521796,0.02063900879996605,0.03981623849096756,0.2560467063313095,0.18913588236863804,0.07391230769027046,0.25113143444624725,0.07292012707236806,0.01939920134485478
2010-09-24,0.021056558832537646,0.021255450806758107,0.03664777710739402,0.02118432084758089,0.04049558512262061,0.25566310342912824,0.18793792409653776,0.07281830141612343,0.25022688848357605,0.07304437710363507,0.019669712754108302
2010-09-27,0.020887557533172403,0.021132575384514303,0.036167014427319816,0.021008679518635876,0.04029072352893629,0.25489226247314306,0.1887754492583655,0.07384382177828817,0.2507037401580161,0.0728241123928092,0.019474063546799307
2010-09-28,0.020896295122973876,0.021275760635604827,0.03615115558347425,0.021065789930392504,0.0404588332900935,0.25416962099819823,0.18882272012541798,0.07412038390790039,0.2503773485389406,0.07324784079464995,0.019414251072353974
2010-09-29,0.020878545232390043,0.021354785800103592,0.035918051799318326,0.02105043043022251,0.04063202764248704,0.2543371364838541,0.18853547452916766,0.07387892488942163,0.2503575415938384,0.0733708332313899,0.01968624836780691
2010-09-30,0.02080398902242888,0.021288307728884796,0.03597805556035986,0.02088185493532942,0.04084475364254756,0.25421404296237293,0.18819380733000782,0.07378547136403533,0.2509167098188715,0.07330370691437896,0.019789300720783
2010-10-01,0.02834627616185345,0.02308177465389493,0.03614141126504856,0.025274215427507414,0.042635269563440624,0.22280006794810203,0.18822429190122372,0.07340138705647556,0.2496048790009838,0.08011629806403256,0.030374128957437442
2010-10-04,0.03562896383067993,0.02453739735398992,0.03635545044041966,0.029187786743929165,0.04373561671546165,0.19152598978412294,0.18867577110882236,0.07352703358402493,0.24985803362212142,0.0861525539419831,0.0408154028744451
2010-10-05,0.04358594831354637,0.02666950961438926,0.03641475853506129,0.03394502996714121,0.045308612672848886,0.1589318144470091,0.18782104053423865,0.07294524434365067,0.24913836962759306,0.09330593369143092,0.05193373825309076
2010-10-06,0.05092794555865319,0.028182626029566678,0.03614326632811938,0.038070016170049556,0.046286864821260605,0.127469299641412,0.18821605435392247,0.07344443327163618,0.24961871398271857,0.09931280809542029,0.06232797174724117
2010-10-07,0.05447549398248902,0.028991861648741835,0.03614141126504856,0.03994884128964078,0.04685055614965933,0.11298379500824096,0.18822429190122372,0.07340138705647556,0.2496048790009838,0.102059856546258,0.06731762615123847
2010-10-08,0.05454605927113825,0.029234621576951524,0.03603282057527127,0.040037973687959055,0.047211266447143345,0.11249915960644602,0.1874919287872759,0.07276537054757645,0.24829277173454747,0.10262762032418876,0.06926040744150197
2010-10-11,0.05456806834230731,0.029244141759194507,0.035960326920598744,0.039967100248986386,0.047155158182728245,0.11245174414800928,0.18757811653833384,0.07274003955070643,0.24837812477447851,0.10306458394448367,0.06889259559017298
2010-10-12,0.054811336003368905,0.029360157052839262,0.036321540187699036,0.039937211449611265,0.047025457553538076,0.11252555585205297,0.18729039246782309,0.07211980006148275,0.248344321312856,0.10294653880854253,0.06931768925018597
2010-10-13,0.05500116708346278,0.029680235164670953,0.03652303383386133,0.04021528175887417,0.047689210693155994,0.11205717097474333,0.18648870718672134,0.07169977542105757,0.2471500585896548,0.10414492000542735,0.06935043928837022
2010-10-14,0.055001791805551946,0.02977569951022066,0.03655366406621301,0.04065497127500959,0.047794776511217406,0.11244398502386932,0.18615175599175118,0.07090427921829867,0.24612224855654755,0.10508425759787095,0.06951257044344954
2010-10-15,0.055391179728090816,0.0298235238737201,0.0367173772441069,0.04072480816070705,0.047973389973844836,0.11304931538734359,0.18627657295465114,0.0703915384399169,0.2457921868497266,0.10477378889110547,0.06908631849678644
2010-10-18,0.055398608890929235,0.029930397439864493,0.03635636303856189,0.040622130687943965,0.04776498720538336,0.11253669825747833,0.1862699877710705,0.07062169469570133,0.2463111286017087,0.10474201444573923,0.0694459889656188
2010-10-19,0.05509633213543371,0.02957509986439224,0.03681872569844727,0.04003526924278312,0.04661096347558868,0.11346254856470643,0.18835646229906333,0.07159846579093235,0.24824207701329506,0.10227580056236298,0.06792825535299465
2010-10-20,0.05529543204031755,0.029695194079759114,0.03732574634046273,0.04053932334490473,0.047063945114104735,0.1127845881710943,0.1870960605204437,0.07131618429338163,0.24716958798462066,0.10259799481620037,0.06911594329471032
2010-10-21,0.05570384951042829,0.029704142268052503,0.037445166764770096,0.04052898457844594,0.04730721453757847,0.11338097538694569,0.18702402540346438,0.07083367765957027,0.2477837324984567,0.10167547159126389,0.06861275980102365
2010-10-22,0.055692614107204184,0.029833861144779157,0.0373746957342036,0.04055166564878854,0.047261093389256326,0.11312061060976224,0.18669527350556148,0.07116508569308287,0.2475822441318219,0.10166976862607381,0.06905308740946574
2010-10-25,0.05566917002212952,0.029910957182075867,0.03732191689017355,0.04057026568450041,0.04761353896064816,0.11276626763424803,0.18601005354474753,0.07112825553016125,0.24762812867573736,0.1022020934876613,0.06917935238791685
2010-10-26,0.05589743683059604,0.030007320207019707,0.037248429549079164,0.04046771666548859,0.047759628593823475,0.11310238140066098,0.18549623818510336,0.0703051911974901,0.24727665919561986,0.10262739643893345,0.06981160173618504
2010-10-27,0.05604485509275744,0.030096042698605694,0.03707818029366769,0.04029931154165286,0.04720707045313475,0.11367246390029694,0.1854383943034933,0.0700715885326582,0.24799698412068236,0.10212129166238613,0.06997381740066445
2010-10-28,0.055811630416818254,0.02978299410322405,0.03669050254561231,0.040436807846583725,0.04730094866946286,0.11332789327904443,0.18571207304258017,0.06995806220584103,0.24791810397632047,0.10302942546687134,0.07003155844764122
2010-10-29,0.055676048690757984,0.029781275491788037,0.0366002100999208,0.040293802356680695,0.04728347286136568,0.11299345529919219,0.18594855861585244,0.07038695954971486,0.24761281454615797,0.10378098106484199,0.0696424214237272
2010-11-01,0.06886664187456516,0.037346871481407445,0.05244551505069113,0.04679901949467889,0.05026191404615707,0.09148882663461033,0.18569291732051418,0.07010494777619117,0.22362315861445575,0.10326419897877136,0.07010598872795737
2010-11-02,0.06895581352493588,0.03787150023447445,0.052391985054835596,0.04726031838495865,0.05055207272787876,0.09083271387984101,0.18508924510039657,0.07055877181782713,0.2231833892262279,0.10302760974840676,0.07027658030021713
2010-11-03,0.0692966075549272,0.0380552987967134,0.05238370857099708,0.04763153197060915,0.05090943958550883,0.0909486701611125,0.18586031365603162,0.06918300233228225,0.22265361112961138,0.10240640674277504,0.07067140949943147
2010-11-04,0.06957290404309184,0.038433400444951915,0.0529350144719733,0.047983116483704936,0.051286873264819566,0.08960725467673561,0.1845548027147589,0.06867694099309156,0.221392678403546,0.10429150872823184,0.0712655057750945
2010-11-05,0.06993723241614545,0.03870495770574563,0.053542417092408916,0.04784346418826585,0.05126703814059697,0.089664485447717,0.18404818593777073,0.0675980404459575,0.2210120921558374,0.10471340713997583,0.07166867932957867
2010-11-08,0.06975216946377635,0.03864357200810605,0.053241025505635184,0.04751575127549673,0.05101609990479879,0.08955266508351586,0.18396134901454725,0.06784909497599213,0.22095868918899406,0.10570652400850805,0.07180305957062957
2010-11-09,0.07002400640947236,0.038555382734338256,0.05189180437810794,0.0475643361087918,0.050933892227140905,0.0904341350920868,0.1844431638187911,0.06709373991534832,0.22176114575402728,0.10518742956750028,0.07211096399439498
2010-11-10,0.07000841820953879,0.038819684633800436,0.05228909129800347,0.04750113510233763,0.0510905000357632,0.09010461733997419,0.18435136138507507,0.06689984699981662,0.22034868939164792,0.1060165936864871,0.07257006191755562
2010-11-11,0.06998017018323278,0.03879716508951715,0.052043519651314644,0.04725360596999801,0.05076137887828571,0.09026943128599661,0.1847682407347136,0.06709092492229046,0.22012302531409486,0.10670011367585806,0.07221242429469817
2010-11-12,0.07007039054908303,0.03865780841448205,0.05224063433763491,0.04748454714274547,0.05019200791546569,0.09146863089221938,0.1856697368074804,0.06761522378322966,0.2214831608330934,0.10499956804440244,0.07011829128016368
2010-11-15,0.0705273134047702,0.03897041351829019,0.05208091574866361,0.047828557517708814,0.05056905342369871,0.09214070853037774,0.18473972766762187,0.06672987362459325,0.2207974715955051,0.10482856529399724,0.07078739967477342
2010-11-16,0.06977385866883569,0.03840313342018263,0.050693495063733475,0.04693595463765587,0.04948405081985875,0.09264302082129797,0.18703993453630566,0.06872740520314732,0.2230737803587381,0.10419477313909767,0.06903059333114697
2010-11-17,0.06986306871268111,0.03853609570508219,0.05117580305033236,0.04723191367394165,0.04977434407746256,0.0927694848447225,0.18664643149159782,0.06840118773104045,0.22324565261153806,0.10380689425919933,0.06854912384240203
2010-11-18,0.07034747643571916,0.038985502142057656,0.05113698204457322,0.048042131351009564,0.050567456833761244,0.09206871911855061,0.184776311097698,0.06815329672149822,0.22169435921659425,0.10436154618771223,0.06986621885082606
2010-11-19,0.07045727848012395,0.039068655185987324,0.05131505750247837,0.04798511532814373,0.050540042181229324,0.0919048500385114,0.18493761466975703,0.0684907727735645,0.22219689021335404,0.1043244962838391,0.06877922734301146
2010-11-22,0.07016029715388354,0.03912444782249905,0.05124597582706,0.04730936846644605,0.050217270663578596,0.09168067288016078,0.18529754797895942,0.06854857479915562,0.22266929582194353,0.10497787623694754,0.06876867234936604
2010-11-23,0.06937392334080375,0.03888216687033934,0.051053063668234415,0.04603773085635487,0.04878659530369685,0.09203937127076764,0.1862927467403256,0.06911627633983422,0.22352875808322897,0.10605992474185998,0.06882944278455459
2010-11-24,0.07035556447030353,0.03973122842349912,0.05200468039589156,0.04673985167236933,0.04988591150031338,0.09181906094033804,0.18418134396720082,0.06784081240035415,0.22155904216530645,0.10581330765373992,0.0700691964106839
2010-11-26,0.06966951296994657,0.03953208957697629,0.05195145140225567,0.04604777509772312,0.04874131873238529,0.09206079965544933,0.18533493233368048,0.06891518189960945,0.2222664733983038,0.10494174826741971,0.07053871666625049
2010-11-29,0.06973417195606021,0.039508502668202654,0.05181393535484716,0.04554461810306983,0.049019159634530844,0.09185694258070597,0.18534578608187818,0.06935876819779933,0.2220220785753518,0.10526583252236923,0.07053020432518489
2010-11-30,0.06938205833028671,0.03921861335813349,0.05164331287324311,0.045056043622574246,0.04864548053930531,0.09197541545134895,0.1857760670643407,0.06976029273444312,0.22180768445371507,0.10683333737725081,0.0699016941953586
2010-12-01,0.08180595883133114,0.04971328876121006,0.052300194761368365,0.050153164000621156,0.0498951670628357,0.06855346063858847,0.18281710125826664,0.06801765473874487,0.22069151708318044,0.1042899974537148,0.07176249541013834
2010-12-02,0.08256045066045295,0.050036780777170914,0.052822644561922656,0.05092495328077317,0.0507007953314445,0.06831074558954682,0.18171502583733715,0.06760012815401562,0.21942794505546512,0.10378258432313099,0.07211794642874012
2010-12-03,0.08250164410343497,0.05022529079703224,0.052719513731438676,0.051242947341165475,0.0507115115267325,0.06816786654298751,0.18111688574333082,0.06684226252285097,0.21806207304852385,0.105625765466404,0.07278423917609894
2010-12-06,0.08206254262606136,0.05032150477181447,0.052522918904008675,0.050793110623038436,0.05040932950517261,0.06791718362220894,0.18147200985769749,0.06749680508440338,0.21864649271423148,0.10596706459492901,0.07239103769643422
2010-12-07,0.08283764970129548,0.05106124410547643,0.053161122197647175,0.05127055013005727,0.05061871698592508,0.06839757606654208,0.18004614454936174,0.06663778622184147,0.2185341355164374,0.10490120114357222,0.07253387338184364
2010-12-08,0.0835715474691802,0.05129206250056392,0.05263762681940723,0.051689185094001694,0.05055488149005227,0.068645352263989,0.17943347863826267,0.06633547752660533,0.21825008770488724,0.10412330621445605,0.0734669942785944
2010-12-09,0.08378196343873709,0.05139579530782441,0.051998510366625006,0.05175335964806984,0.0503120331197342,0.06854310646487503,0.17956848114039028,0.06657131990615381,0.21847596912641892,0.1044280454360511,0.07317141604512023
2010-12-10,0.08435641094421041,0.05209206197739496,0.05259091228576804,0.05192393552220022,0.05059203387909051,0.06858937112662847,0.17822880742049765,0.0662347677100301,0.21769097471228996,0.10456523100815655,0.07313549341373307
2010-12-13,0.08409979707297013,0.051633238014172154,0.05253144505923551,0.05228929689689038,0.05073031055704873,0.06837752321245909,0.17814233863691153,0.06623882938520143,0.21769489172693995,0.10467413966913149,0.0735881897690395
2010-12-14,0.08456582054900585,0.051846720896871444,0.05223670788196059,0.05261381998725847,0.05104249947535625,0.06866303316423335,0.17708230082095539,0.06557914894022603,0.21737277775610955,0.10526178654526255,0.07373538398276046
2010-12-15,0.08476784136487497,0.052047204105599154,0.05202022775580351,0.05228246660940168,0.0505675898511713,0.06911846964999152,0.17759042743569411,0.06517769012256736,0.21752782279908514,0.10484589762912265,0.0740543626766885
2010-12-16,0.08498949260691885,0.05236024677562391,0.05199071412860555,0.05240649493349282,0.05054920637318271,0.06891589554516885,0.17808123646810783,0.06542126687469632,0.21789463853524457,0.10382313332736974,0.07356767443158868
2010-12-17,0.08456612539134467,0.05220435515193267,0.05207996608461608,0.05180179860164903,0.05031958277216728,0.06855649692037356,0.17852796594033368,0.06621174374884536,0.21855587886192188,0.1034963735496183,0.07367971297719732
2010-12-20,0.08459669577999764,0.05230449668924364,0.05256777659071235,0.05181249752805367,0.049989301949406165,0.06843245272624154,0.17814353170677966,0.0660053490733847,0.21796745493559275,0.10398487959662443,0.07419556342396331
2010-12-21,0.08472831281764998,0.0526339973657901,0.05289036454710943,0.051997371163929926,0.05047787172107811,0.06809088782056448,0.17767476966160456,0.06614997729937315,0.21739229460151097,0.10365135521847359,0.0743127977829155
2010-12-22,0.08499958580296474,0.05262343450768,0.053263650510819424,0.05210135231592979,0.050656174806911515,0.06808086776151454,0.17719924328012424,0.06568341269109561,0.21723165546666806,0.10345396959634853,0.0747066532599433
2010-12-23,0.08498017851005434,0.05261997178782279,0.05316362476587229,0.05213700519006349,0.050662839690188616,0.06807355729287762,0.17678786992257162,0.06562834819051788,0.21759369042451754,0.10327945778271763,0.07507345644279596
2010-12-27,0.0848260813071707,0.052663728519851426,0.05347009536946815,0.051913598364681575,0.05038816060354947,0.06796359098765106,0.17707720216346037,0.06606813746353019,0.21753334660000892,0.10332665678819684,0.0747694018324311
2010-12-28,0.08513665582866019,0.052633871821264284,0.053801549720184784,0.052074299444983894,0.050543785020046306,0.06802383154476946,0.17560700463038337,0.06491835412773295,0.2162781080757548,0.10524394921999668,0.07573859056622315
2010-12-29,0.08462329117687474,0.052391978526932184,0.053678722702811835,0.05217190430006042,0.05084583218624114,0.06772676714150527,0.1763844408187796,0.06557177490826759,0.21644184963718005,0.10490785622245902,0.07525558237888795
2010-12-30,0.08465106333520649,0.05239275947990124,0.05384903765264848,0.05202035060877096,0.05120318283623362,0.06783250531720224,0.17636406776603292,0.06564827726133152,0.21695760270031528,0.10459021031111337,0.0744909427312437
2010-12-31,0.08423237849115703,0.051777066231991194,0.05350299040258378,0.05206369975416459,0.0512930851952075,0.06756135891887732,0.17633324540052903,0.0660305979984358,0.21637175338793282,0.10533131289682215,0.07550251132229847
2011-01-03,0.08669321185936839,0.05444586831555834,0.05550208694179779,0.05250291265571134,0.05162892049589982,0.09747932230286141,0.15069944040321515,0.05816307822899572,0.21424972885601368,0.10303750285195411,0.07559792708862392
2011-01-04,0.08878101890577902,0.05586756389398732,0.05619937491467942,0.05273309956796262,0.052014587107809984,0.12719622346694504,0.12762855870361964,0.05145046779844154,0.21303912129793437,0.10004073208102272,0.07504925226181808
2011-01-05,0.09108307668493296,0.05849369558240518,0.05794477964132862,0.05282632518410237,0.051940100048537774,0.15675509949343497,0.10259037631548885,0.04359635371244313,0.20981044792000514,0.09900485538834407,0.07595489002897671
2011-01-06,0.0926978100407893,0.060215682229236955,0.059179272005058854,0.05264882867639732,0.05153810217893796,0.18677324803692805,0.07891681702377913,0.03688194381488277,0.20807307334225034,0.0978317148444362,0.07524350780730293
2011-01-07,0.09417929222584469,0.06188276079242807,0.060583156445182786,0.05283518297901797,0.05128802156523579,0.21655242195044694,0.05465919379464164,0.02995527557186897,0.20613640285351373,0.09671383336349798,0.07521445845832134
2011-01-10,0.09578401192713608,0.06397349237287385,0.06198386476162149,0.053195136615402844,0.0513506767147486,0.2458606406237469,0.03009480273276426,0.022924123571354295,0.20324059696146066,0.09588540377538518,0.07570724994350583
2011-01-11,0.09655405993330698,0.06472694446258309,0.06260777410580928,0.05341641076435702,0.05162892049589982,0.2579653904012744,0.02,0.02,0.20204968614306512,0.09545288660508038,0.07559792708862392
2011-01-12,0.09699296882294062,0.06499227941179661,0.0626100812098213,0.0543506165897441,0.052432967779219575,0.25682034163537576,0.01985390241821354,0.01975595264836764,0.2010237245823365,0.09541660754438124,0.07575055735780317
2011-01-13,0.09684860244456743,0.06497732266469054,0.06279853424012616,0.054506093014863866,0.05198372719390117,0.2569493819177674,0.01999055022740548,0.019935679511644006,0.20191994351253792,0.09443712289241003,0.07565304238008598
2011-01-14,0.09751587773665212,0.06544195376480247,0.06320223985604607,0.05481884580677436,0.05211764034538909,0.25685884908775963,0.019928322933694103,0.019801446895452948,0.20088985236180587,0.09344607793818697,0.0759788932734364
2011-01-18,0.09756291207486324,0.06541099861979686,0.06371850977011285,0.05511130865040909,0.051978186276439214,0.25648517284826156,0.019855309460085187,0.019684750263101604,0.2005348291261683,0.09385285223606493,0.07580517067469719
2011-01-19,0.09698319719591887,0.06397975168627659,0.06320307384736376,0.05494726275975117,0.05177759198174808,0.2576085042863648,0.019983857144025178,0.019904237618161853,0.20116932133007145,0.09442382008963539,0.07601938206068291
2011-01-20,0.09744766469271694,0.06369932453464519,0.06345439691878897,0.054809276410346254,0.05152419339486713,0.2589082414622771,0.019949904706993326,0.01974987123725205,0.20152661911318664,0.09321161588809383,0.07571889164083259
2011-01-21,0.0975677317260364,0.06320793329179307,0.0636375054560642,0.05505020992064587,0.050934181482144084,0.2587032520118326,0.01999567374776417,0.019885978802267987,0.20161647081691597,0.09299498326466643,0.0764060794798693
2011-01-24,0.09799916387669212,0.0635945933507163,0.06387328369288214,0.055565673098664746,0.05126412346614958,0.25834710110318587,0.01997265747758168,0.019869649843595627,0.20145569719813153,0.09240310195308299,0.07565495493931756
2011-01-25,0.09797912132790323,0.0636451948937182,0.06450184865802426,0.05541291653048506,0.05091964451828612,0.2583387858172716,0.020058087124512822,0.020043477828363097,0.2023069673521434,0.09214998363618383,0.07464397231310836
2011-01-26,0.09804757730642112,0.06445423992417645,0.06447778588180149,0.055589118584244986,0.05120571691605961,0.25746116231029764,0.019873408441615212,0.019677511342554313,0.20053980915182665,0.09260722253006222,0.07606644761094028
2011-01-27,0.09838498985908879,0.06470436849125966,0.06544007340745454,0.055772653547279,0.05108084289428158,0.257895221165057,0.019967257385112944,0.019785334256313514,0.20106769523235493,0.09041435171542703,0.07548721204637102
2011-01-28,0.09705393789081139,0.06337516975901814,0.06467460527211844,0.05475098088920205,0.049663865424666144,0.2590510073872088,0.020139164346898726,0.019968827426004636,0.2021328805936021,0.0924438616519596,0.07674569935850999
2011-01-31,0.09748796207389544,0.06362443218981857,0.0652446438852147,0.05505794582534552,0.05003810004797737,0.25823750451193217,0.019999422431551273,0.019756878810103386,0.20096632113679247,0.09187448002810789,0.0777123090592612
2011-02-01,0.09842434142465495,0.06468335806191816,0.0651354402100203,0.056008741855486946,0.050927520670186355,0.25635557348219495,0.019780974534303816,0.019535163442513218,0.19940879490174845,0.0919491813656253,0.07779091005134749
2011-02-02,0.09832637034794826,0.06449921641636369,0.06520646911037499,0.056014124673486626,0.05059405768890953,0.2564381484963575,0.019752372836421277,0.019557431584667204,0.19920350553319421,0.09178736872278198,0.07862093458949466
2011-02-03,0.09851787366688508,0.0647087956030574,0.06535648903912553,0.056007987284967586,0.05051502284955038,0.25612339542997925,0.019634311316283435,0.019389984128337954,0.19866814030777913,0.09299321535700074,0.07808478501703336
2011-02-04,0.09901296738708655,0.06496439066306399,0.06490510066825407,0.05611218481923921,0.050614774876697265,0.25646991382978596,0.019555899563398725,0.019235352820027186,0.19849172083605965,0.09281619581395004,0.07782149872243724
2011-02-07,0.099411413485858,0.06546167236444249,0.06548889391738753,0.05616292372687093,0.05056785439131744,0.255779705792807,0.019504094495137052,0.01929216821448276,0.19827405332534964,0.09262472838225833,0.07743249190408863
2011-02-08,0.09969931420954628,0.06581596044527599,0.06554891007689054,0.056438442991522626,0.05050645821962959,0.2550238122055172,0.019338373339296014,0.019083551319951653,0.19722832579741328,0.09349783065644132,0.07781902073851527
2011-02-09,0.09943629732345928,0.0654996282940278,0.06568065041572176,0.056251775200309474,0.04932770811966751,0.25511094929045536,0.019441396921226657,0.01924244588554784,0.19842744114464897,0.0934135398707396,0.07816816753419562
2011-02-10,0.09970565309490217,0.06591202912479405,0.06604640644709063,0.05601432020120835,0.04897548150083415,0.25558301953448703,0.019422914851092096,0.019064617963631274,0.1979094469510876,0.09347638558895434,0.07788972474191819
2011-02-11,0.09998475840605273,0.06641640877553548,0.06625117441981594,0.05586530712221731,0.04941674472110989,0.25477737855893073,0.019450697240637936,0.019278201424367113,0.19837345592501857,0.09281174073891073,0.07737413266740338
2011-02-14,0.10008532660446419,0.0666631864709591,0.06614761284534165,0.055897433432082255,0.04909907858386467,0.25442200404000165,0.019429915397555127,0.019264222090259853,0.1982256403982941,0.09312180099482031,0.0776437791423568
2011-02-15,0.09982766331208712,0.06632147558443977,0.06596262502313945,0.05576440480559963,0.049224704578184494,0.2546901438310532,0.019485558134140057,0.019361428907589923,0.19878179501195542,0.09389020129719541,0.07668999951461518
2011-02-16,0.10018434988236168,0.06667296155443292,0.06597192778976954,0.05628048358454689,0.04950063618592524,0.2539656810517649,0.019405005466301983,0.019246394437689846,0.19800122856786898,0.09372519341193736,0.0770461380674003
2011-02-17,0.1001938692591784,0.06694699811301354,0.06587032793031884,0.0563097458993121,0.04953000157432743,0.2535358823368945,0.019420619735331584,0.019220845674035984,0.19779642253499108,0.09410990818000473,0.0770653787625915
2011-02-18,0.10024980947520283,0.06691720396940595,0.06602459785261405,0.05641525794853566,0.04975534694984245,0.25324016390787063,0.019386813701024467,0.019131691528336076,0.19778763539905375,0.09422393379001634,0.07686754547809749
2011-02-22,0.09880407092721855,0.06557493827388908,0.06580382062332571,0.055118503900929317,0.048442867902649116,0.25497354980572967,0.019686762305007266,0.019530095702598626,0.1994796314892129,0.0953829274979678,0.0772028315714716
2011-02-23,0.09818163735755059,0.06443440757344844,0.0652702090452939,0.055183183943238706,0.04847850996458288,0.25487287299326544,0.01963505515665483,0.019597988336747914,0.19920933252960993,0.09622170333389346,0.07891509976571354
2011-02-24,0.09818791586629637,0.06489487292826279,0.06496268608401479,0.05527049041094616,0.048633874494271145,0.25518609148490284,0.01970058962209513,0.019737495535060167,0.19957989528059708,0.09557272783832357,0.07827336045522963
2011-02-25,0.09840203038852563,0.06583846443574687,0.0655646598046925,0.055459605749613124,0.04880322343650175,0.2530972366961084,0.0195976109103466,0.01968646740648162,0.19882994888194547,0.09539552077312159,0.07932523151691616
2011-02-28,0.09863651628912179,0.06566076184511654,0.06668104782083664,0.055747558394973064,0.048906634856860545,0.2522281365679863,0.019514974030255976,0.0196373568534878,0.1986036855966079,0.09522557477550549,0.07915775296924771
2011-03-01,0.0972802072286389,0.06453509526232219,0.06507971988802075,0.05513199052424911,0.048548495184017944,0.25970058661984474,0.019595242891186866,0.019752814580099504,0.1935369931932173,0.09624374554281998,0.0805951090855827
2011-03-02,0.0975275691042283,0.0648333938304798,0.06458688803032958,0.05544503686753274,0.04923250825635902,0.2596814730729166,0.01950014520197086,0.019456996650605667,0.19258281450116477,0.09620486368862177,0.08094831079579087
2011-03-03,0.0989289932082975,0.06612079441957625,0.06533074652874075,0.05599630379644755,0.05006682158617592,0.25842779530145066,0.019313367476166902,0.01921252991813996,0.19122597806918004,0.09468218182624244,0.08069448786958208
2011-03-04,0.09810617071467119,0.06577860359235264,0.06471523763325733,0.05544268650411845,0.05007860051875847,0.25879913788161124,0.01943554252679978,0.01935642410460094,0.19179407879379562,0.0954666938353283,0.08102682389470608
2011-03-07,0.09777190134060655,0.06499121848693701,0.06458504983830513,0.05515437883882427,0.04959500606498234,0.2597723228174577,0.019474205019190248,0.01931893687918612,0.19217213223992885,0.09614957217400816,0.08101527630057367
2011-03-08,0.09841993809572992,0.06591023002285695,0.06525439634347213,0.05521080837838242,0.05015426630428348,0.2591331312227536,0.019387053127608033,0.01916078620103507,0.19151906530572566,0.0956994160585343,0.08015090893961857
2011-03-09,0.09812411138685691,0.06554291706618019,0.0651846636741918,0.0551419786510678,0.050171452864498894,0.2589102671113325,0.019469706751803716,0.019316201885979215,0.19221125331452102,0.09558298585922463,0.0803444614343433
2011-03-10,0.09710932108026667,0.06438919798717362,0.06470526318240014,0.05422091324769475,0.04909105043596768,0.2613440322795883,0.01979861544483909,0.019803816696461852,0.19459739157921233,0.09524426169882257,0.07969613636757301
2011-03-11,0.09762288257290644,0.06445327274831186,0.06533172038489862,0.05413272140920659,0.049516803462545694,0.26095004738343364,0.019719991311339415,0.019659938059196306,0.19410222423576037,0.09539993583296402,0.07911046259943708
2011-03-14,0.09712992581683479,0.06417135418695082,0.06495278026358862,0.05321859675096497,0.04985677361570188,0.2613650410114574,0.0197839529117008,0.019670887141053053,0.19450979087840645,0.0959369580553821,0.0794039393679591
2011-03-15,0.09685141123896208,0.06415268716390243,0.06499106661290094,0.052557306214710595,0.049453640753469766,0.2635106042551159,0.020028295925349927,0.020138862217300414,0.19618190680531458,0.09496562630253783,0.07716859251043548
2011-03-16,0.09538698644044812,0.06373100737643991,0.06436203551416236,0.05110300481218558,0.04861093546573063,0.2648937485372039,0.0202685471427539,0.02043692786783483,0.19803653988927714,0.0952728892397561,0.07789737771420747
2011-03-17,0.09600635342270762,0.06344449094887235,0.0644693505731644,0.052452318083248385,0.048882963791506986,0.26300609233514943,0.020072100330227285,0.02014533111452793,0.19659296776362356,0.09514605728847762,0.07978197434849425
2011-03-18,0.09596757036574245,0.06402687294132244,0.06477635885301128,0.05296337572920232,0.048772277828615,0.2618218079147137,0.019978539583846593,0.02011797882130391,0.19592625642385453,0.09573129912425252,0.07991766241413506
2011-03-21,0.09690185418404408,0.06513777026377661,0.06511596788569579,0.053963044330936454,0.0494283301506276,0.260057286036252,0.019762123544929185,0.019886102047447948,0.19419124538488144,0.09571777586867516,0.07983850030273348
2011-03-22,0.09660180864240325,0.0648174495997252,0.06455443646659142,0.05382857417083402,0.04959696108788453,0.26009244531144937,0.019780022630083303,0.019959905522707884,0.19462004101108907,0.09569159279600525,0.08045676276122642
2011-03-23,0.09672235187894998,0.06491318834964206,0.06396494865376368,0.053805504899131044,0.05017036407380598,0.2597048008180376,0.019722983905133117,0.019902126562121418,0.19418232029808405,0.09642390829955999,0.0804875022617709
2011-03-24,0.09751199001283234,0.06527083964403702,0.06417384265623417,0.054447333594345323,0.050678292869043136,0.2591594037719875,0.019594962422769834,0.01972510754646227,0.19327382507912536,0.0955217915187077,0.0806426108844552
2011-03-25,0.09778943492463188,0.06582556572966834,0.06448602467556912,0.05383751242253651,0.05061419166474424,0.25891967169647395,0.019538421874480162,0.01967187752400966,0.19294914900348253,0.09552917697320673,0.08083897351119677
2011-03-28,0.09777321687917694,0.06583100877935145,0.06463285728674104,0.05393283361911646,0.05047225461374184,0.2593853663580012,0.019589217198269716,0.01974447952802203,0.19345968737206357,0.09525166570141498,0.07992741266410071
2011-03-29,0.09829177758651951,0.0663554741777203,0.06483124639378074,0.05413833794258608,0.050979170223297975,0.25892807458136147,0.019505014646180225,0.01956506004598247,0.19224590934027352,0.09489121833954221,0.0802687167227553
2011-03-30,0.09849404683539312,0.06688955496068691,0.0652721896744966,0.05451910516468197,0.05138355731588779,0.25783639939698,0.019478032117992556,0.019626136779654746,0.19197552432056744,0.09474906884610906,0.07977638458754961
2011-03-31,0.09816730355957433,0.06698897295482115,0.06563012759994201,0.05415063889531893,0.05172902710552089,0.25717640601817726,0.019389739283366358,0.019547273643512515,0.19098066544605957,0.09537445310278503,0.08086539239092166
2011-04-01,0.09823330609029424,0.06704552031877145,0.06555218184607323,0.05447108036648631,0.05237219463563434,0.2837619596770482,0.019362412552243455,0.019572841184035173,0.1644253126908794,0.09449748026872587,0.08070571036980811
2011-04-04,0.09810869890589728,0.06703813315756163,0.06538003369801158,0.0544238617664673,0.05263300039262057,0.3102196640603398,0.019360460408292417,0.019552137136394896,0.13796839312438228,0.09459022165049819,0.08072539569953396
2011-04-05,0.09802139930371671,0.06725168800517149,0.06543464099516429,0.054272503714438716,0.05243750414456363,0.33646672506051256,0.01926460228385934,0.019475217281425945,0.11166310992219236,0.0955296105463908,0.08018299874256407
2011-04-06,0.09824491292504407,0.06726028556040099,0.0653671579591308,0.054617030731332596,0.05259102537561878,0.3632839875667787,0.019221950325243237,0.01928308314445334,0.08513321864521711,0.09520658521919198,0.07979076254758836
2011-04-07,0.09816798699699371,0.06698636862407188,0.06508563599048543,0.05444074031756728,0.05251284832055318,0.3909663837502009,0.019294854544896448,0.019391955887076942,0.05890477438348169,0.09486466401291505,0.07938378717175747
2011-04-08,0.09805136079868378,0.06675479525966845,0.06519656854850213,0.05459010760454951,0.052415250134705486,0.41700746465543836,0.019311345148000193,0.01946686791020933,0.03331604104949905,0.09454487570843076,0.07934532318231292
2011-04-11,0.09823330609029424,0.06704552031877145,0.06555218184607323,0.05447108036648631,0.05237219463563434,0.4309530301292561,0.019362412552243455,0.019572841184035173,0.02,0.09404208638728363,0.07839534648992211
2011-04-12,0.09793084999412298,0.06646047216863891,0.06570714090399267,0.05420237488531121,0.051614787369580056,0.43358537892445415,0.01955788366485904,0.019871491673663567,0.020159225042825992,0.09377643184777189,0.07713396352477964
2011-04-13,0.09774481685687418,0.0664280954896737,0.06550851386991721,0.05426425055277303,0.05194538436645418,0.4330011061741772,0.019598045283892987,0.019959586667344754,0.02015772422654717,0.09379709469982765,0.07759538181251803
2011-04-14,0.09756641924389042,0.06656257415833068,0.06622616778657124,0.05436452066881571,0.051970039597375596,0.43147046357366453,0.019482279432540217,0.019892786368928016,0.020055657801970404,0.09481401043601811,0.07759508093189518
2011-04-15,0.09749945165267665,0.06698090296989236,0.06666671039520104,0.054049902218049534,0.05180884581962671,0.4304271321359396,0.019540383415770555,0.02007549426965345,0.020074105004122964,0.09521850174352232,0.07765857037554494
2011-04-18,0.09688490560050783,0.06620086485682805,0.06633466999438542,0.0532040646178205,0.05076237921669895,0.4326655864882876,0.019685675669463682,0.020220809845037713,0.020201483779131144,0.09627143936713012,0.0775681205647091
2011-04-19,0.09719887250719252,0.0660521370543682,0.06668498261239493,0.05346275782099986,0.051365415888631125,0.431691215142425,0.01966183485714878,0.020257338001387227,0.02019369117404659,0.09603176894530821,0.07739998599609765
2011-04-20,0.09780271786294138,0.06690955395240337,0.06696440607043243,0.05442159818414739,0.05219622524577397,0.42848035171390647,0.019440891172120597,0.019979712905452734,0.0200550506674535,0.0957011960895025,0.07804829613586559
2011-04-21,0.09801536388492235,0.06720761506554498,0.06724581194063887,0.05461466011166204,0.052504204718696525,0.42712761731570514,0.019398659927336713,0.019904181907539002,0.020014789051084274,0.09557810220328918,0.07838899387358086
2011-04-25,0.09793330956737194,0.06713413349069144,0.06759270567361517,0.05462610302135785,0.05208612661419079,0.4272679759232004,0.01947123343667189,0.01998360046493514,0.020039103236268892,0.0956828201659704,0.07818288840572607
2011-04-26,0.09843652849714378,0.06756972308473781,0.06799053231475577,0.05485932569891962,0.052355563476750244,0.42620497728800727,0.01948706520188345,0.02010774135817619,0.020063205550617094,0.09503581490036078,0.07788952262864791
2011-04-27,0.09867353865661596,0.06769598154512083,0.06802044322027076,0.05531601795873246,0.052047725973398955,0.42461147468485133,0.019351647580069842,0.01982057380029267,0.019955642730703622,0.0964700765982574,0.07803687725168619
2011-04-28,0.09884891619614358,0.06790472591286546,0.0686796509177712,0.05561022886277359,0.05154644663212003,0.42399107524100166,0.01939744060303935,0.019942891086919913,0.019989940053978892,0.09672941954454961,0.07735926494883683
2011-04-29,0.09878571550136042,0.0679459579056291,0.0681459177950594,0.055183455854110115,0.051702883905844176,0.42292724511606045,0.019378545778438065,0.019945001283216468,0.01996826305425592,0.09808231074825087,0.0779347030577751
2011-05-02,0.09889392175029837,0.06732877857640782,0.06831473767015252,0.05568652767281799,0.051849674786622175,0.39834335886003563,0.01942369764297079,0.020025413843425016,0.045701289096023674,0.09707610962540861,0.07735649047583745
2011-05-03,0.0989386239576073,0.06684917686845726,0.06816498585437603,0.05549992532292016,0.051066121815494185,0.37458224972306214,0.019534085933352388,0.020185364356156987,0.07110566294081844,0.09712595248027096,0.07694785074748409
2011-05-04,0.09883297190063882,0.06653854791444491,0.06818965142094745,0.055397632509615345,0.05076137844021955,0.35113644314484044,0.01963777732740573,0.0203097040352636,0.0964081332405696,0.09641640293976317,0.07637135712629134
2011-05-05,0.0989249514357955,0.06700927513863357,0.06866994115857274,0.05505562390058862,0.051042289708508035,0.3288458364545406,0.019812955894618203,0.020540622516524942,0.1216418471052408,0.09518577506223722,0.07327088162473967
2011-05-06,0.09907285613084087,0.06725966880718239,0.06820982440872499,0.05520007426623347,0.051680679991216324,0.30199892963287084,0.01966716909879788,0.020276925525410296,0.1458230062738148,0.09648317597308119,0.07432768989182671
2011-05-09,0.09886171579612596,0.06747506242331919,0.06817809174773677,0.055460629932504966,0.0516460565344369,0.27408382854369495,0.019499566293092914,0.020065488510226392,0.170609976100814,0.09716422863508804,0.07695535548295969
2011-05-10,0.09889473253534299,0.06733050021605066,0.06831576277772952,0.05568669405469371,0.051850062185255674,0.24678973067190174,0.01942352549597069,0.019999711849372763,0.19727655805602176,0.09707622298859409,0.07735649916906617
2011-05-11,0.09889392175029837,0.06732877857640782,0.06831473767015252,0.05568652767281799,0.051849674786622175,0.2467409594944896,0.01942369764297079,0.02,0.19732910230499445,0.09707610962540861,0.07735649047583745
2011-05-12,0.09929030926334134,0.06787141545923454,0.06825246801730654,0.055826173640374246,0.05196250471873315,0.2464390605231236,0.01936635317092417,0.019858577888095662,0.19671796733384003,0.09703652498388396,0.07737864500114262
2011-05-13,0.09890990922237049,0.0671866325697379,0.06789329349390551,0.055169951826790395,0.05102322774406242,0.24751730929952112,0.01951754916513327,0.0201158190513355,0.19807523030370155,0.09677682096023882,0.07781425636320285
2011-05-16,0.09847672645531386,0.06633580722171174,0.06818394985350922,0.055178548723327545,0.05104768936443628,0.2481237863070139,0.01960323675543754,0.020267884839490775,0.19903997320522265,0.09679476173422735,0.07694763554030898
2011-05-17,0.09843349873454824,0.06610711681299365,0.06806359770520884,0.05528114104957769,0.051196344048923356,0.24808155640778698,0.0196549592408891,0.020469714973410817,0.19925133651250387,0.09634743778354259,0.0771132967306148
2011-05-18,0.09882427447606373,0.06679216270677708,0.06848533494441435,0.05534474470797556,0.051768133655364215,0.24674328590801275,0.019446047849058023,0.02009903682152465,0.19777127110116471,0.09644286769133094,0.07828284013831391
2011-05-19,0.09903055234924565,0.06691685062813661,0.06859872547540054,0.055645953630905305,0.051417015228177106,0.24670013141642191,0.019460725553601354,0.020084703462959586,0.1980519486682033,0.09644765726307375,0.07764573632387488
2011-05-20,0.09836531825050523,0.06651000074695751,0.0679818219309062,0.054924703647335434,0.05106834255965619,0.24709330701966994,0.019531752995987223,0.020120102976630132,0.1981541457403542,0.09778690056915892,0.07846360356283896
2011-05-23,0.09784922367896742,0.06573390004887911,0.06770138486126011,0.053998227551004085,0.05032656928162947,0.2487113584593142,0.01968402715204093,0.02034717100506621,0.19930225351212222,0.09864242440039285,0.07770346004932335
2011-05-24,0.09752164058713743,0.0652541854521842,0.06773226571706426,0.054172285482369395,0.050700918221605176,0.24808537119556753,0.019654979238775138,0.02037224299643896,0.19905154034268982,0.09889999733708205,0.07855457342908594
2011-05-25,0.09756118136143598,0.06588320520652102,0.0678132723817883,0.05435956320157266,0.050661501408088803,0.24747852799703435,0.01959963882666244,0.020217689250909388,0.19807730258383757,0.09860462915586235,0.07974348862628693
2011-05-26,0.09755218653134826,0.0664386660464093,0.0683727441064135,0.05461192753408056,0.051073042633187446,0.24646686763453937,0.01961573520811541,0.020295549476108957,0.19800433372174692,0.09790553821490486,0.07966340889314516
2011-05-27,0.09757385467897225,0.06665376141142135,0.06824833148206647,0.054812069610129896,0.051427757736346294,0.24566731925856444,0.019543122293017627,0.020214134092127727,0.19750446207633574,0.09852730132127702,0.07982788603974082
2011-05-31,0.09804023242238515,0.06722518651833927,0.06905553064275534,0.055636150249234434,0.051976518989772784,0.24429809301354144,0.019464424129226752,0.02014731056448947,0.19638605732296227,0.09793888982804151,0.07983160631925128
2011-06-01,0.09659258344363839,0.0655741773881354,0.06763750575229527,0.05474590767348001,0.05144656245124572,0.2203730051231445,0.0368800457857249,0.026880220571108247,0.20330374749210517,0.09885835451152367,0.07770788980759849
2011-06-02,0.09667470945054978,0.06566936844328917,0.06742196136722525,0.05508462708887271,0.05195710636300977,0.1939572253071825,0.05430319708709852,0.03295010854029231,0.20657006020123853,0.09876910583097114,0.07664253032027007
2011-06-03,0.09586821945632255,0.06485649281740713,0.06767371864162888,0.05506394342538004,0.05166748302903849,0.16779504267392298,0.07174416733051303,0.039525532026044086,0.21159338097577668,0.0991668391689945,0.07504518045497137
2011-06-06,0.09564033113070669,0.06443271522501122,0.06720599187045435,0.05468955780781569,0.051198391862607585,0.14254625769561818,0.08915442405651484,0.04580819320774103,0.2168327045803056,0.09969554733536479,0.07279588522785983
2011-06-07,0.09554996175339521,0.06463669845392792,0.06773405660110488,0.054931411742487085,0.05142010078367238,0.11516629939188278,0.10656058006324991,0.05237577892380567,0.22125513919633014,0.09913876643437079,0.07123120665577314
2011-06-08,0.09569149285230488,0.06448933560124742,0.06755204705325928,0.05444214066367884,0.05122680454130574,0.08837622596146621,0.12437797278958522,0.05923260261565394,0.22605577575513813,0.0988123838073234,0.06974321835903684
2011-06-09,0.09645081372355623,0.06512821991481374,0.06720744370749883,0.054864910828023444,0.051523947901628515,0.06118312190131424,0.141537389661124,0.06546486218501435,0.22994480812636364,0.09896493627797598,0.06772954577268703
2011-06-10,0.09641395498875534,0.06534351745348257,0.06728912018614495,0.05457453688046964,0.05129477294131955,0.03467728001574168,0.1593684611342394,0.07210918306740635,0.23488123912274642,0.09867648806393677,0.06537144614575746
2011-06-13,0.09659258344363839,0.0655741773881354,0.06763750575229527,0.05474590767348001,0.05144656245124572,0.026830394459135376,0.16411938532764697,0.0737549652214104,0.2359099268680421,0.09863794349061288,0.06475064792435764
2011-06-14,0.09749110688850558,0.06675828253837698,0.068470006020289,0.05553039992671409,0.052048361710496774,0.026718551318800333,0.16227224398860854,0.0723980897521628,0.2344210393947214,0.09890709257912847,0.06498482588219621
2011-06-15,0.09614471546366474,0.06583046741272808,0.06761499393202737,0.053923455385637836,0.05113813994680943,0.0268648689381993,0.1646901772489213,0.07401218614623337,0.23667004301503583,0.09960796029528393,0.063502992215459
2011-06-16,0.09633218044809057,0.06596556662065357,0.06807133780061216,0.05372478948571615,0.050736824142536364,0.026861227735817162,0.16510546033920928,0.0743293000289439,0.23616239078425336,0.09948248728800729,0.06322843532616039
2011-06-17,0.09647802646595256,0.06588591682591806,0.06854837917268163,0.054172592059702145,0.05072908064096271,0.026828288457937544,0.16474559146149748,0.07386990160346049,0.2359020451263687,0.09998378520806397,0.06285639297745484
2011-06-20,0.09684757777767734,0.06640725475649321,0.06918631187134668,0.05403873824528509,0.05058674259250409,0.026793972431248737,0.16428162740165048,0.07386677153219028,0.23564280135519738,0.09991583359924286,0.06243236843716409
2011-06-21,0.09764763575495664,0.067481301705405,0.06942197847938343,0.05491364394432071,0.051239543557449196,0.02665326116496585,0.1631812099450939,0.07314453108737344,0.2343141297389913,0.09986289650719332,0.062139868114867436
2011-06-22,0.09721278749779172,0.06706850994637227,0.06938262775152777,0.05446753456272291,0.05080959375179029,0.02668909972069368,0.16337204090416058,0.07330573427905832,0.2350023387263219,0.1001734443082261,0.0625162885513347
2011-06-23,0.09721168490065442,0.06752167241254178,0.06830466967474838,0.05415431154096501,0.0508885656137729,0.026781611809066515,0.1647016111757445,0.0740791833542596,0.2362931069529159,0.09869801539958326,0.06136556716574791
2011-06-24,0.09644383225178056,0.0674296073916169,0.06848678045399963,0.053839245837707245,0.05099016716944929,0.02689817328203367,0.1660148240555804,0.07404456028664129,0.23730905030102184,0.09767982402830123,0.06086393494186814
2011-06-27,0.09730774305875799,0.06795572036625647,0.06885128685870477,0.0542849197717333,0.051586501950263326,0.026873963559825995,0.16537904398936815,0.07303247819263835,0.23655276120374497,0.09733036763902979,0.06084521340967715
2011-06-28,0.09839397001906972,0.0688813878756422,0.06929289401877464,0.05483304872975804,0.052194984467628845,0.026776181476386683,0.16354942478189635,0.0723093850049105,0.23447338220312097,0.09748875424820651,0.061806587174605875
2011-06-29,0.09892677572952939,0.06899365420666462,0.06984198604162475,0.0556188411086073,0.05251151936015889,0.026692574853386507,0.16206156894085155,0.07160497360061584,0.2332110658780695,0.09780903351354307,0.06272800676694894
2011-06-30,0.09975946962879194,0.06941842625536479,0.06985543813352002,0.056361720204191154,0.05302002039462696,0.026659135675597433,0.16132238079182643,0.07140992081588243,0.2332854413219508,0.09691480093500798,0.06199324584324034
2011-07-01,0.10083918114373357,0.07022532251304112,0.07082959609759257,0.05675829954290598,0.05343482680512137,0.05528741132252871,0.16029236632565055,0.04022580591627588,0.23444034846613807,0.09582978652145205,0.061837055345560325
2011-07-05,0.10083918114373357,0.07022532251304112,0.07082959609759257,0.05675829954290598,0.05343482680512137,0.07416607425936106,0.16029236632565055,0.02,0.2357874914455815,0.09582978652145205,0.061837055345560325
2011-07-06,0.100773989265344,0.07037969274766945,0.07113427149560227,0.056297670193280344,0.05298196374050572,0.07405594780992798,0.1602807861862155,0.02006531579935759,0.23584528516271694,0.09648280359228746,0.061702274007092724
2011-07-07,0.10131384648177579,0.07108415431565396,0.07166942217343396,0.05650305331017003,0.053446423417363914,0.07361823534764662,0.15887102505663092,0.019906384703525425,0.2347376997263083,0.09615832228879401,0.06269143317869696
2011-07-08,0.10044181005021735,0.07054477697429977,0.07130985936948411,0.05571837706009673,0.05275945700044366,0.07361058641327436,0.1603177468630074,0.020157115031796773,0.2358873954768066,0.09671969685164389,0.06253317890892933
2011-07-11,0.0991283770350324,0.06939672667113003,0.0703243697305292,0.054308110076852704,0.05154577260197851,0.07403830355692262,0.16236640231733301,0.020563613917823454,0.23787927578405135,0.0980795548373754,0.06236949347097125
2011-07-12,0.09866760247373665,0.0689824601380935,0.0705411073908867,0.05392523549107689,0.05100892120105269,0.07400507084976159,0.1625456866966146,0.02062689716119082,0.2379926936419116,0.09881035936521862,0.06289396559045635
2011-07-13,0.09853775641378462,0.06927503221283222,0.06962169654411679,0.054475503145409256,0.051597423481027124,0.07367846733408169,0.1620549901049317,0.020588075796983515,0.23748095784820814,0.09923297086320841,0.06345712625541657
2011-07-14,0.0984870821198142,0.06861132985850465,0.06929111780846296,0.054347869686541275,0.05137535443002021,0.07412606815552047,0.16216399754256614,0.0204248067382829,0.23753362615031146,0.1001304575311896,0.0635082899787862
2011-07-15,0.09861087072107795,0.0687577571055034,0.06972992488141072,0.054288753045029274,0.05146290624928061,0.07380838073894037,0.16209447077931868,0.020366336662758795,0.23699158418003669,0.10010340918864667,0.06378560644799688
2011-07-18,0.09825620866595434,0.06796754574651938,0.06942398207970832,0.05373458853070397,0.05110347902484248,0.07415104139137306,0.16274698461509976,0.020263024075802504,0.2371725767754394,0.10145589354761662,0.06372467554694021
2011-07-19,0.09912975490254883,0.06900033084131542,0.07011588992091358,0.05414680494752744,0.05147135735922153,0.07361539492442194,0.16218367886935986,0.020534864759430005,0.23660540752350204,0.09949428285052178,0.06370223310123756
2011-07-20,0.09900946882800396,0.06884229663091691,0.07059555921079322,0.05475549165198025,0.05159381287608662,0.0735442774741692,0.16129067964224064,0.02027956095276492,0.235909307599185,0.10030785040506618,0.06387169472879314
2011-07-21,0.10019033052648701,0.06933806890365084,0.07091365173290613,0.05581088618657724,0.05231781890181863,0.073368447036396,0.16008994590130413,0.020084763428451086,0.23509699257640854,0.09935187542033737,0.06343721938566314
2011-07-22,0.09989624987343063,0.06917884257928332,0.07101970004164687,0.05566535215624726,0.05209657016244134,0.0731128358195295,0.16012187693578744,0.020163564233552447,0.23519938916728658,0.09981879900178127,0.06372682002901352
2011-07-25,0.09974331022549189,0.06864188289091137,0.070503073864832,0.05553869440685844,0.05219854890920014,0.07337521243266357,0.16026075902281267,0.020024201115088017,0.23503286225648706,0.10100773296592362,0.06367372190973138
2011-07-26,0.09914386807925704,0.06796576745022131,0.07034216097772082,0.055745517306293124,0.05225465235075051,0.07325114903128287,0.16057054707757737,0.020115195385444696,0.23553186691441969,0.10105261522040677,0.06402666020662598
2011-07-27,0.09809784575388503,0.06660553793603215,0.06914593171734189,0.05494378136410072,0.051854782481727764,0.07394951562941855,0.16193122045508274,0.020321136008527276,0.23721397930679636,0.10170126480674192,0.06423500454034585
2011-07-28,0.09778895406441679,0.06648131247830638,0.069026489468073,0.05479959697758643,0.05188659121877052,0.07397561413950511,0.16220854684470953,0.020392718273116294,0.23766927552052514,0.1017609628279014,0.06400993818708976
2011-07-29,0.096702125757083,0.06611194558689752,0.06876319931296039,0.05470323230266667,0.0518832789397973,0.07373541156328002,0.16346468782027676,0.02070663164171235,0.23877004250170586,0.10194721530681981,0.06321222926680072
2011-08-01,0.09642289347217352,0.06577086738514619,0.06794590747565159,0.05408778833318726,0.05191029825473835,0.04213544469469054,0.16428419249512535,0.052619988597011315,0.23980434762001904,0.10171937565582782,0.06329889601642923
2011-08-02,0.09642289347217352,0.06577086738514619,0.06794590747565159,0.05408778833318726,0.05191029825473835,0.02384953389503619,0.16428419249512535,0.07090589939666557,0.23980434762001904,0.10171937565582782,0.06329889601642923
2011-08-03,0.09695551666427847,0.06621483573984319,0.06753036137290738,0.05440972883398493,0.051733646869293236,0.023849207254545132,0.1644332017263997,0.07105298743043456,0.2397446904985005,0.10171111536579937,0.062364708244013654
2011-08-04,0.0938201447924236,0.06316778183220165,0.06524442798923537,0.05138451327147465,0.04951699381976621,0.0242350194712689,0.16914385044604419,0.07470072816943539,0.24515604561978901,0.10271524772086088,0.060915246867500245
2011-08-05,0.09445399224829742,0.0625757384402859,0.06442570282862306,0.05272159118538823,0.04960009345032104,0.02442954848553428,0.16856801133737653,0.07314494779730976,0.24412504090515122,0.10427981681773676,0.06167551650397579
2011-08-08,0.0902242554021925,0.05837095996531536,0.06022835693078645,0.04984917191913087,0.04645409689264921,0.024969978536825706,0.17497671048072677,0.07709579941808227,0.24706653550504504,0.11008624284988719,0.06067789209935867
2011-08-09,0.09213391890856766,0.06075394555124446,0.0642100543814578,0.051919163028366314,0.04798915267664222,0.024391434546208457,0.1717332645145387,0.07545754883222448,0.24324739882874324,0.10837902718108733,0.05978509155091926
2011-08-10,0.08836301864394235,0.0579765220764329,0.06291351399472564,0.04898445100248552,0.045600176221774875,0.02449169662391169,0.1745955060566844,0.07796681902258111,0.2462651582946254,0.11259789916191584,0.06024523890092021
2011-08-11,0.0921507153112407,0.060755116086062814,0.06571978353280718,0.051230965120622134,0.048024374325039955,0.02443860971499689,0.17169781592705025,0.07389040861817935,0.24074499615933848,0.10991492815407815,0.061432287050583956
2011-08-12,0.09219132416589579,0.06074967605317285,0.06521361149963345,0.05149481657116658,0.04770108780281255,0.024288725774501342,0.17181314834478342,0.07488266934449106,0.24197260732816067,0.10872895948996694,0.06096337362541511
2011-08-15,0.09327877290682161,0.06189136619767097,0.06691916021119781,0.0522086819610483,0.048362835547766075,0.02405735363607478,0.16960645988963272,0.07344360537983383,0.24020010651128795,0.10889125289928199,0.06114040485938364
2011-08-16,0.09240316467058458,0.06070095120711396,0.06661404110654398,0.05140273516922949,0.047909554320444005,0.024036783574322117,0.1702403274723652,0.07459563312897716,0.24086797437409635,0.11014070776653309,0.061088127209789865
2011-08-17,0.09202225704457445,0.06042746125079619,0.06637733220982327,0.051453929014973886,0.0480217951013014,0.023927342204402808,0.17061263711871405,0.07553831230302344,0.2403718032039202,0.10992847805170476,0.0613186524967653
2011-08-18,0.08909684975977274,0.05766310876874187,0.06427454881598121,0.0495302827480789,0.04629734585946742,0.02420775416976091,0.17353363155623427,0.07800240559955332,0.24353924531068155,0.11333435781305193,0.06052046959867565
2011-08-19,0.08783158590231602,0.05677045641557304,0.0631270924256742,0.048791412506277124,0.0458201981562279,0.02426015985287219,0.1740932616781326,0.07880197391688434,0.24376555555712967,0.11500488611951522,0.0617334174693974
2011-08-22,0.08773472548132437,0.05646293597111542,0.06312603342016272,0.04900931055490181,0.045687019557892304,0.024211202309504676,0.17344527444013674,0.07845416978117262,0.24240126625291583,0.11774609411635302,0.0617219681145203
2011-08-23,0.090439126162852,0.059068912463310114,0.06455305244269682,0.0504990351847124,0.04719357117025352,0.024150898705454057,0.17239538190508244,0.07721575933524705,0.2391498816431997,0.11310311593151506,0.06223126505567676
2011-08-24,0.09253693369855018,0.06048239329607808,0.06586340166447148,0.0509723080368569,0.0471533764744011,0.024367890758713852,0.17207866127217653,0.07569453047333227,0.23844711133891572,0.11025261976791631,0.0621507732185875
2011-08-25,0.09135381706714185,0.05914385285231954,0.0646355003728533,0.04986494706521316,0.04635197357295641,0.024443154356166546,0.1735698267984969,0.07670461099079494,0.24036344979915447,0.11098505940697492,0.0625838077179279
2011-08-26,0.0917009441579134,0.05991385680003497,0.06490171343370552,0.050112950049712765,0.046644333590608225,0.024187395613883018,0.1722835461645133,0.07664187294644932,0.23792745723104772,0.11306639090154555,0.06261953911058613
2011-08-29,0.09370451575910152,0.062328641690582734,0.06651977632978673,0.050961940582224,0.04782996309570085,0.02401979586228451,0.17000409392828025,0.07507620371088457,0.23710081110735826,0.11004388204093336,0.062410375892863225
2011-08-30,0.09316714752159692,0.062166889682993186,0.06622172269787484,0.05024040327463996,0.04749863550286596,0.023824865609850594,0.16975057621426576,0.07564622394333281,0.23636638666450718,0.11239461853775425,0.06272253035031862
2011-08-31,0.0934805874147096,0.0619724897697132,0.06686375297962253,0.05110248748210796,0.048421974513811236,0.023799401592737707,0.1689621896397649,0.07439759654142458,0.23683059401896572,0.11140939458407928,0.06275953146306333
2011-09-01,0.08254315559269847,0.05507124369228361,0.059469011448538736,0.046302879188760825,0.04430979542088208,0.06047831326054026,0.17057453339522277,0.07609327531071272,0.23304069058622767,0.1094591612864836,0.06265794081764929
2011-09-02,0.0704955128671123,0.04759527032745502,0.05177207561860893,0.041106693633281136,0.03946788841357953,0.09751110559300885,0.17176858362824232,0.07810869586979433,0.229695533294902,0.10990099712421801,0.06257764362979766
2011-09-06,0.059749342753600984,0.04184494456753478,0.045181051195247755,0.03571667476311098,0.03516305494013753,0.13652069937723124,0.17177909123282176,0.0783738399545318,0.22603887635691425,0.1068761983397669,0.06275622651910202
2011-09-07,0.05065300773627274,0.0373173495599582,0.03974057670337548,0.03239588504735734,0.03197057801395508,0.1751768794252143,0.17052679054878492,0.07655857997480059,0.22090288143800924,0.10131913217406804,0.06343833937820413
2011-09-08,0.03965559705093957,0.0308468552503349,0.03268783460660415,0.02766247265305048,0.02734029058735398,0.21398431432754583,0.17099703591839563,0.07680434729883272,0.21556048040848247,0.10109248780966208,0.06336828408879819
2011-09-09,0.029168721008432697,0.024914570130463255,0.025812291618656613,0.023329415324718057,0.023188284887119763,0.252006255741613,0.17155910138668082,0.07700794734530707,0.21134650304292765,0.09826118195184469,0.06340572756223635
2011-09-12,0.02,0.02,0.02,0.02,0.02,0.2872732130078771,0.17057453339522277,0.07609327531071272,0.2062008241669368,0.09572622025231844,0.06413193386693206
2011-09-13,0.0201835269711359,0.020323253287261537,0.020018351843709092,0.020214359928236583,0.02003015479604946,0.28730864997580374,0.17007094680114535,0.07501071657874854,0.20616536008213432,0.09673994862280186,0.06393473111297358
2011-09-14,0.02045026838538285,0.020674711935304308,0.020119014428810745,0.020506547532407528,0.019962678441965642,0.28713059984455663,0.17006312288754222,0.07559890394200597,0.20594632948390368,0.0959597978319836,0.06358802528613684
2011-09-15,0.02085724049660939,0.021019846348981828,0.0205625797782838,0.021005709937540907,0.020305634559034072,0.28791071130531903,0.1692332056282911,0.07463657126154266,0.20576777713492603,0.09468356665520193,0.06401715689426926
2011-09-16,0.020940823044243013,0.02101223398876461,0.020691415716082687,0.020974051988346256,0.020302126774058172,0.2874316889045411,0.16923723970277754,0.07503631271767527,0.205376920657154,0.09538697788327517,0.06361020862308214
2011-09-19,0.020745558419144383,0.02064936249202339,0.020295585137994874,0.020410194430091556,0.019713618464135243,0.287751258223677,0.17072957332544902,0.07651583685680563,0.20664130934399744,0.09397307304136446,0.06257463026531698
2011-09-20,0.020695172437920347,0.02030317438299306,0.02021151716757831,0.020466704975484914,0.019543474448940546,0.2872510686690162,0.17074104759232026,0.07673962477970522,0.20647086212238855,0.09519165266972703,0.06238570075392562
2011-09-21,0.020132447716164403,0.01959720112140716,0.019289848867982292,0.019903619709580846,0.01886155941118307,0.2876160592534903,0.1718734883404745,0.07946365264346134,0.207428884014791,0.09422527444194673,0.061607964479518336
2011-09-22,0.01954565554834413,0.019112370961482706,0.018865332565865933,0.019322951301282785,0.01759447535263458,0.28859466015006197,0.17404076816146274,0.08272116674588918,0.20851392113253883,0.09206228629214226,0.05962641178829495
2011-09-23,0.01984545026459361,0.01948673699552071,0.019193024233358696,0.019723344114600642,0.018229864286318315,0.2913006841713244,0.1741992737284536,0.08193409657920907,0.20914731989832447,0.08783047242970698,0.05910973329858956
2011-09-26,0.020353831527801642,0.019890318606190047,0.0194711306989329,0.020164877966452534,0.018537427157134474,0.29171989038003815,0.17378421492671292,0.08076324675851042,0.20913283847535907,0.08676570042508998,0.059416523077777866
2011-09-27,0.020551284753312225,0.020289077984774823,0.0196484598839871,0.020632838337537998,0.019099809503212443,0.2911887862762777,0.17237350590897157,0.07941028218258431,0.20815898915702374,0.08831538087695837,0.06033158513535961
2011-09-28,0.020285732726399195,0.019660356836490697,0.01930471600380415,0.02043686489967985,0.01866727726752444,0.29331327793030504,0.17372606262749443,0.0799907064283957,0.20891178376977543,0.08654809842823048,0.05915512308190042
2011-09-29,0.0203776214433734,0.019934147120363444,0.019525804122556122,0.020767344779565437,0.018860002700552502,0.2924006178491476,0.17314454647289676,0.080274739744899,0.20798912303649747,0.08707559094575554,0.05965046178439263
2011-09-30,0.01988533053634051,0.01934053701144074,0.019026978059221336,0.020079037251361932,0.017930990704218056,0.29278828559870823,0.17438748731354237,0.08236126792227694,0.20920950099993368,0.0873487337223078,0.0576418508806483
2011-10-03,0.019275425611200228,0.018303145083959377,0.01809019779026726,0.01950500274656137,0.017512973164073214,0.32186358953601846,0.17560139696532953,0.08443505848643308,0.20912094144761212,0.08534493377921841,0.030947335389326945
2011-10-04,0.019275425611200228,0.018303145083959377,0.01809019779026726,0.01950500274656137,0.017512973164073214,0.3342292109189189,0.17560139696532953,0.08443505848643308,0.20912094144761212,0.08392664778564494,0.02
2011-10-05,0.019594091522963642,0.018518442630037515,0.017917784649546464,0.01976746720844585,0.01788466121658532,0.3335784379604337,0.17452708106981582,0.08366399635554778,0.2095777895128005,0.08472815658575307,0.020242091288070297
2011-10-06,0.019955194031419744,0.018936372535406705,0.018418505661205103,0.02030512591039591,0.018481940818150147,0.333610231645074,0.17336950728147402,0.08214702895937442,0.20880184260009158,0.08530375244620965,0.02067049811119866
2011-10-07,0.01990276150288933,0.01854948545712877,0.01797175964403279,0.020247738433858277,0.018336233177897687,0.3348576694329119,0.1731767586070667,0.08187413386381234,0.2094684035109906,0.0849539892957687,0.020661067073642878
2011-10-10,0.020492120429404098,0.019290436715990122,0.01876855114064594,0.020942791801062417,0.019085366829682426,0.3333388326520262,0.17071867180699715,0.0804183175128775,0.209086031011026,0.08681355662436488,0.021045323475923285
2011-10-11,0.020505861696681928,0.01941658425285841,0.01841559553924462,0.020898770798548662,0.01908904294665614,0.33338598599966496,0.17122806755309986,0.08012260929335259,0.2095801873158417,0.08616278437783363,0.021194510226217548
2011-10-12,0.020668711947728267,0.019676789715510675,0.018699955650389854,0.02118599148533,0.019609128129779503,0.3331115918715236,0.17050482139459863,0.07889213420322835,0.20972684665794308,0.08670794788569447,0.021216081058273557
2011-10-13,0.02060874625468127,0.019641881955123223,0.018553041394046184,0.02117481394460202,0.01941607557592389,0.33288547372614213,0.17103023371416165,0.0796047324354191,0.20972240079065432,0.0861191693557707,0.021243430853475617
2011-10-14,0.020942272738033108,0.02001251182123087,0.018965089106772227,0.02140224479530681,0.019788572269666623,0.3327450908751126,0.1700301750354587,0.07837793222389129,0.2094035351295912,0.08662525102543867,0.021707324979498042
2011-10-17,0.02056248258195078,0.019423793706327654,0.018547292095569965,0.02092986206123275,0.0191374233614232,0.3331088328562949,0.17130969339544722,0.07981066608689542,0.20945756305360425,0.08629576545051745,0.021416625350736577
2011-10-18,0.02092053364386344,0.019897376252429558,0.01912015925156341,0.021185501772928307,0.019606647590863,0.3324118975031614,0.17076880668686448,0.07914900375058864,0.20974938750641392,0.08570216812359217,0.021488517917731823
2011-10-19,0.020718502373773918,0.01955248392659984,0.01892418986543588,0.020849766451321795,0.019274461547785095,0.33326083191287015,0.17141013740635433,0.07929543438949727,0.2107544528539967,0.0848450369043883,0.021114702367976943
2011-10-20,0.02084267733274836,0.019637573978224788,0.01907025316697174,0.020936878138846565,0.0189346354454668,0.3338371591837811,0.17133657572150818,0.07885762427585954,0.21156372259055417,0.08386542106109876,0.02111747910494021
2011-10-21,0.02117704732978269,0.020005514889101548,0.019576954417857926,0.0213813476848068,0.01941962981299993,0.33275425559702637,0.1705259495398052,0.07779764753958408,0.21164556324304737,0.08455061804707825,0.021165471898909976
2011-10-24,0.0213350082676325,0.02055162742184884,0.020000219746372446,0.02159862884034281,0.020083497361595874,0.3311757385225507,0.16963439094499433,0.07755863529011611,0.21172312389075318,0.08494080312351805,0.02139832659027531
2011-10-25,0.02081450706290649,0.01987409986166549,0.019592505318909187,0.02111958369005491,0.019586175106063954,0.32969796351793806,0.1702244475010732,0.07912805415879144,0.21169268439598435,0.08691033687892213,0.021359642507690815
2011-10-26,0.021042006807180387,0.020232097589188872,0.019789481626922595,0.021424571862225544,0.019962646807030176,0.3297545598050328,0.16910389186786665,0.07780506098745082,0.21170578954049865,0.08792741197796547,0.021252481128638052
2011-10-27,0.021736159204052898,0.021261586693011605,0.020598494296818527,0.02256816298822145,0.021138175343684115,0.3289325667236979,0.166765479165582,0.07503361621439672,0.21129103523326623,0.08889782518553531,0.021776898951733303
2011-10-28,0.02168015693519423,0.021103503473548807,0.02061419035354812,0.02238561262709006,0.020911089022732556,0.3283170712521086,0.1673742092822797,0.0756450155440067,0.21160943076644648,0.08872608541894506,0.02163363532409966
2011-10-31,0.02113190843829416,0.02051793073304845,0.020319428414039886,0.02119706892014923,0.020102539916423683,0.3282299016296053,0.16941370482640183,0.07854948546209767,0.21183325779218795,0.087427406448042,0.0212773674197097
2011-11-01,0.02,0.019744826590040003,0.0195879205035046,0.02,0.019568538173249495,0.33180413475365134,0.17104064080886047,0.08098709993715851,0.21239042011535744,0.08487641911817817,0.02
2011-11-02,0.020277753759604562,0.020183353499968238,0.019936907928274548,0.020121388954798196,0.020119979089856122,0.33109113838346305,0.17022468696276385,0.07978615086646718,0.21265862103555364,0.0855238792741535,0.02007614024509711
2011-11-03,0.020613172759878312,0.020651268548231072,0.020129630112303246,0.020594491668728183,0.020292226773858044,0.33058199935177807,0.16914434642429962,0.07856010118508584,0.21241693856563254,0.08672566562383117,0.02029015898637389
2011-11-04,0.020489937855432523,0.020551840654173308,0.019980386029250122,0.020337856969515188,0.020162521533358173,0.3306220920142558,0.1696700658865181,0.07866418061195914,0.21286629556298164,0.0862967445425112,0.020358078340044782
2011-11-07,0.020564920752577598,0.020458402028384805,0.01997887866477607,0.02037234048604943,0.020282183813814608,0.3297039832404153,0.1694340344651947,0.07896278838027085,0.21148041436866719,0.08815825172378812,0.020603802076061408
2011-11-08,0.020880106647134522,0.020809079134245095,0.020267968705989743,0.020669874462586176,0.020571996272924893,0.330477362262431,0.16908563098866586,0.07814443486597702,0.21069400569203448,0.08764314912521885,0.02075639184279243
2011-11-09,0.02017978552051772,0.019886717987809457,0.019425647335374097,0.01967848889620988,0.01943568757768719,0.3317120286423004,0.1711816580993075,0.08004419820127029,0.21087675137256537,0.08720981176777917,0.020369224599178955
2011-11-10,0.020427448471757044,0.02008987313944882,0.019498322442624557,0.019967225093623607,0.019618708704757893,0.3326893443346026,0.170829334631765,0.07907448826419754,0.21041667231485103,0.08698372035150741,0.020404862250864533
2011-11-11,0.020765805634402935,0.020573643794557825,0.019958030822529445,0.02041965246981764,0.020047025799171798,0.33179471753177436,0.1696652171664027,0.07841776087777706,0.20958034644186313,0.0882210020185445,0.02055679744315857
2011-11-14,0.020562318202566345,0.02027102946264321,0.019551394079624057,0.020050410572656174,0.019765317397610088,0.331842933385736,0.17067279146768946,0.07965282697026246,0.2094931545317532,0.0878067739737819,0.020331049955677104
2011-11-15,0.020658906794695214,0.02052318883477314,0.019716545741878026,0.019990375107610356,0.019883305272593063,0.3317229072115838,0.1704023034288225,0.07952501390394791,0.209238883407822,0.08786650077839904,0.020472069517875006
2011-11-16,0.02037501180414334,0.02023497381239233,0.019571025285773223,0.01965047640194085,0.019389608198769153,0.33235921465777124,0.17139233647084734,0.08042307570820637,0.20902309637041525,0.08711618781279865,0.020464993476942358
2011-11-17,0.02015235097998155,0.020047155492276758,0.019316481400686706,0.019535011104002756,0.018992387255597324,0.3340699737351454,0.17260007716616518,0.0814759164039113,0.20841756361228694,0.08530299030671085,0.020090092543235277
2011-11-18,0.020130023071500264,0.020040717630809776,0.019454680185432102,0.019601620447281632,0.019065769238128534,0.33393694329289786,0.17195025800635236,0.08145189061462195,0.2087435464215826,0.08556473301327537,0.020059818078117735
2011-11-21,0.01983819996657365,0.01965201996026973,0.019028634528723613,0.01919370857336272,0.018537409053799903,0.3355161771893312,0.1732228385333091,0.0823142421194206,0.20884577608521923,0.08384638476269822,0.0200046092272922
2011-11-22,0.019726371180393498,0.019453553925990897,0.018942348710428814,0.019105059642500925,0.018570096204947262,0.33498008738610036,0.1734541397447821,0.08309019868859603,0.20794605298944455,0.08462911687114107,0.02010297465567478
2011-11-23,0.019347072546036702,0.01889672659538016,0.018437934913030644,0.018633692817231706,0.01802192398914872,0.3359918044985654,0.17455382507630093,0.0841482144946896,0.2074823812749618,0.08462823935471571,0.01985818443993882
2011-11-25,0.019396301483470855,0.018738737022526885,0.018584638022878377,0.018620226672001135,0.018041972995382148,0.33748373106543644,0.17421405549230404,0.08329450732323576,0.20757628312185472,0.08426655839407543,0.019782988406834377
2011-11-28,0.019847290817410018,0.019521347805173714,0.0189326963797415,0.019306103166558824,0.018801570674333894,0.3356488422089333,0.1732629201158355,0.08279069054726172,0.20651677154812415,0.08545496839084284,0.01991679834578464
2011-11-29,0.01992441304468969,0.019505299453990266,0.018898654166888573,0.019453928563757803,0.018736592395695823,0.33603855646327974,0.17311227195524045,0.08219746081511979,0.20626411604963976,0.08567240557295082,0.020196301518747392
2011-11-30,0.020629990152104722,0.020531173470910213,0.019660973190786957,0.020334909904463513,0.019796082272891105,0.334186973544879,0.17115357447617455,0.08046804010825091,0.20605837630741486,0.08685963085123069,0.020320275720893646
2011-12-01,0.02,0.02,0.019478216163280104,0.02,0.019753868326729013,0.30456246215442095,0.1712528006923955,0.08013389473282395,0.2411821832257466,0.08363657470460405,0.02
2011-12-02,0.01989955875471554,0.01999871901288999,0.01942945583314327,0.019913172004256352,0.019612800943589012,0.3032281194209023,0.17129959807992026,0.08092029968517701,0.2422244592529646,0.08338315631989296,0.02009066069254893
2011-12-05,0.020085590826845242,0.020310491945139827,0.01958076099168493,0.02010981645265704,0.019902912055334468,0.3028009187021369,0.17093946971899351,0.08063328392202812,0.24365491309980322,0.08203017777917952,0.019951664506197453
2011-12-06,0.02013904442307734,0.020377155019527683,0.01961242280121257,0.02006277454452284,0.01967810159144892,0.3035105700379592,0.17089558551118733,0.08005089371908335,0.24292142139149564,0.08264503670879506,0.02010699425169027
2011-12-07,0.020142399763458704,0.02026426151240883,0.019727243502614657,0.0201324564189574,0.019687076334038704,0.30254268500202497,0.17106120141035233,0.08005298098619656,0.24357738497243922,0.08294964406969767,0.01986266602781116
2011-12-08,0.01977483922438213,0.019708780003226196,0.01932847557600455,0.019545099040854292,0.019050445159314196,0.30371952793448304,0.17257906642743367,0.08135854308612192,0.24366955743379126,0.08158147911348973,0.019684187000899224
2011-12-09,0.020136652571033378,0.020329585142101588,0.019738948300002047,0.020058440970885643,0.019461383368391257,0.30412399101260895,0.1716216624396418,0.07979187818186888,0.24305773338421308,0.08189683186438082,0.01978289276487274
2011-12-12,0.019905922828968883,0.02010159610820332,0.019448036153462706,0.019534914293946513,0.01878945894844953,0.305092856017819,0.17276391209218608,0.08093768567177233,0.24385387223488728,0.07998035775700353,0.01959138789330105
2011-12-13,0.019729946774219794,0.019692890695051913,0.019286200069885434,0.0192804684516486,0.018625265424467977,0.3052464049059692,0.17364527464777904,0.08173323579942858,0.24480712750807623,0.07827190425603305,0.019681281467440432
2011-12-14,0.019552594049902696,0.019479093425504357,0.01942952727251908,0.019083599566622603,0.01838809352450136,0.3056853452188378,0.1746655409248601,0.08341666896076602,0.24563310132897725,0.07565184485948268,0.01901459086802632
2011-12-15,0.01961819457298412,0.01965498745473634,0.019689472428104423,0.019173472733145853,0.01850258891281771,0.30557025376249713,0.17447125256599524,0.08308589954759489,0.24596363322003836,0.07535528527207354,0.018914959530012734
2011-12-16,0.01954308248539232,0.019703427289325053,0.019748861664658127,0.0189931861640091,0.01854282124247552,0.3040932304239119,0.17438657850387948,0.08360894240421966,0.24603050403644325,0.07638254105762453,0.018966824728061472
2011-12-19,0.01931818927772247,0.01934661634222033,0.019540408630890377,0.018800861231489024,0.018048538952696133,0.30380649137718796,0.17483576126766065,0.08459859066454632,0.24669770381457126,0.07614255506547996,0.01886428337553588
2011-12-20,0.01988475652199933,0.02010489120638057,0.020112928585740028,0.019446354252819396,0.018787808281757933,0.30345985545054677,0.17309767726266004,0.082413608417939,0.24630067859133264,0.07711012287059439,0.019281318558230297
2011-12-21,0.019973713089894672,0.020237668067378284,0.020192374676113883,0.019392125920440473,0.018895303039266054,0.3041202686110236,0.1729750203675347,0.08147305037592055,0.24587849818642313,0.07739402029759132,0.01946795736841374
2011-12-22,0.020104756611797104,0.020320159428085672,0.020422002969103417,0.019522650290037254,0.01910136674805154,0.30339159473892574,0.17279501394963961,0.08162872157667188,0.24660097750626525,0.07666743384562794,0.019445322335794935
2011-12-23,0.020315205551079362,0.02042763809567507,0.020553679564598616,0.019687396494204562,0.019205121162649948,0.3039227108931295,0.17234761314715802,0.08084314184341466,0.24621219689924542,0.07691632499541017,0.019568971353435074
2011-12-27,0.020320020448530655,0.0204765742455145,0.020589059537411,0.019589063119856642,0.019009969888444177,0.3036429031824779,0.17234956646549596,0.08118218909155037,0.24701038459105956,0.07618520882630918,0.01964506060335051
2011-12-28,0.020064469510436743,0.020115271461536154,0.020377339434694438,0.019246021088001695,0.018701173534778247,0.30388321173543204,0.17353520166719583,0.08272899118041982,0.24760610207497438,0.07431819576741208,0.01942402254511902
2011-12-29,0.02024880154471651,0.020294973646581282,0.020523163516937414,0.01957767150843419,0.018894252625836144,0.3035741350151888,0.17355262931606652,0.08278576522038515,0.24719404971989228,0.07389467202594854,0.019459885860013616
2011-12-30,0.020095254140778805,0.020131390226805605,0.02036777007798056,0.019620270041665253,0.018858523664716343,0.3029397786542271,0.17369624322664684,0.08283030187152182,0.24757616780197553,0.0745054493250448,0.019378850968637763
2012-01-03,0.0200646418455103,0.020072918677506178,0.02007779884754553,0.02002057160275372,0.019402647659593996,0.35017205333027807,0.1723055519130626,0.08145069443312582,0.2469670146146316,0.029542984674350042,0.019923122401642138
2012-01-04,0.02,0.02,0.02,0.02,0.019402647659593996,0.35995096897794376,0.1723055519130626,0.08145069443312582,0.2469670146146316,0.02,0.019923122401642138
2012-01-05,0.02008013245418044,0.02013962771769958,0.02017209030137247,0.019729856560424728,0.019343709435995282,0.36047620082368226,0.17256955640493213,0.08141475973981806,0.24623288580544841,0.02016355412901336,0.019677626627433168
2012-01-06,0.019996536007182125,0.02005665005079374,0.02010463910572468,0.01942966916032488,0.019068483713494958,0.3598604225992736,0.1729705742978068,0.081927031815162,0.24679634367236028,0.02005748912371462,0.0197321604541622
2012-01-09,0.020046981278787197,0.020160472581312143,0.020049940102732883,0.019506633417146892,0.019269879672799667,0.359979860249937,0.17301994301584,0.08178989748002478,0.2464508242025218,0.019970073241851946,0.019755494757045598
2012-01-10,0.020178893686400814,0.020413096719976615,0.020230822229974244,0.019762106034004752,0.01964820517505652,0.3592763456189182,0.17231612382666386,0.08148266581191396,0.24663323735826076,0.020201194684499005,0.019857308854331266
2012-01-11,0.020140591289183163,0.020443408959067145,0.020361107814349803,0.019650938057309882,0.01961518800689841,0.35852736737964086,0.1728963296316836,0.08234189816429713,0.24598848725690436,0.020282766870765433,0.01975191656990025
2012-01-12,0.020189070399910147,0.02050497778711679,0.02022742494360962,0.019733739991574812,0.019694813157136025,0.35848771136909946,0.17253683420961954,0.08222573499037264,0.24655220691101623,0.020373113975002043,0.019474372265542793
2012-01-13,0.020047328216255843,0.02035763528669364,0.02028126667087382,0.019484958814848054,0.019479753169910997,0.3579066845024396,0.17298583546364618,0.08288904174200352,0.24697865942036815,0.02019327140365076,0.01939556530930944
2012-01-17,0.020076618911399516,0.020300592624553963,0.020337596883108967,0.019669213348909063,0.01980375033184994,0.35708626759518686,0.17273220447227486,0.08307233423496559,0.2471364495719763,0.02030144564317916,0.019483526382595828
2012-01-18,0.020306578163680367,0.020670284378400038,0.020475412151986578,0.02000627399686007,0.020311284816556047,0.35718452626279934,0.17226104019392607,0.08209905603760964,0.24673862968276758,0.02044862704902034,0.01949828726639404
2012-01-19,0.020442268141959853,0.020827021202217307,0.020634034991158304,0.020281583091947518,0.020518058583336742,0.35768393358706196,0.17147118858221827,0.08108312353678059,0.24701893919159948,0.02042906598309093,0.01961078310862917
2012-01-20,0.020559010100535544,0.020881522520839028,0.020773380060656908,0.020427875763632832,0.02054371275698442,0.3583059857916381,0.171219922925642,0.08032326547043624,0.2468807649230323,0.020577358701858606,0.019507200984744226
2012-01-23,0.020517993870019364,0.020866998274207706,0.020848896266973484,0.020518508383651036,0.020754393518124522,0.3585573407458841,0.17094253168455462,0.07986168533011574,0.24665737253706843,0.020727831825384426,0.019746447564016795
2012-01-24,0.02046911991659448,0.020961052378095632,0.020939059696148114,0.020378985236587065,0.020758347750719015,0.35811138027172124,0.17092648981549968,0.07990646005917394,0.24723551905403396,0.02055613711957836,0.019757448701848663
2012-01-25,0.020569092259614938,0.021066698833929753,0.021133168222970778,0.02052013481789034,0.020919019859930256,0.35708543585902497,0.1711522935106793,0.07943895184649251,0.24722025251552338,0.021042742223184092,0.019852210050759923
2012-01-26,0.020381511918633168,0.020958392276600037,0.021170630823879134,0.020445643024795058,0.020751409340206653,0.3556954300379384,0.17137645219620937,0.08016922798355408,0.24815683533708274,0.02106539890892531,0.01982906815217634
2012-01-27,0.020334930493117822,0.02106268285217864,0.021184140216781562,0.020443252505089615,0.020821544011966366,0.3551279534036761,0.17158194395258541,0.08027395012535804,0.24806586725172897,0.02124052058649516,0.019863214601022545
2012-01-30,0.020269548494658608,0.02090303393247583,0.021003595842467176,0.02020580405910439,0.02052579309431608,0.3550727725768072,0.17220052716012924,0.08123508643858149,0.2477944820185414,0.021126564442636428,0.019662791940282292
2012-01-31,0.020205505843607148,0.020823842303339727,0.02105297414525943,0.02025451729593969,0.020645229401987982,0.3540856435684449,0.17236931547403084,0.08194497868021336,0.247830742158076,0.021228319153877965,0.019558931975223088
2012-02-01,0.035728829743170584,0.02545186117359548,0.03203456530388482,0.020221730127232128,0.020433298462640793,0.3051122593348759,0.17460491373463694,0.0809271347176654,0.24857406190447,0.03730834146200858,0.019603004035819372
2012-02-02,0.046015675279185486,0.02826406319750756,0.039295254767894555,0.02,0.02,0.2726403686503066,0.17661452965912064,0.0809271347176654,0.24857406190447,0.04806590778803031,0.019603004035819372
2012-02-03,0.046742750381796525,0.028931062692372844,0.03993088672357533,0.02034848937797637,0.020369373618783854,0.2731194624660207,0.1755237776578636,0.07932723404161814,0.2486475268632093,0.04719046005940087,0.01986897611738239
2012-02-06,0.04665410246674491,0.02880147046095114,0.03968892244027797,0.020225456001051682,0.020172805197036982,0.27271943931311565,0.1757912780399162,0.08001821041584498,0.24898248395330105,0.04700316107756914,0.01994267063419025
2012-02-07,0.046853152974865996,0.028833942508011585,0.03972550655727527,0.020385159290981184,0.02024957014910427,0.27312747271144955,0.1749611682191686,0.07916285419625402,0.248943607917328,0.04779436558027719,0.019963199895284223
2012-02-08,0.046964108853470125,0.028879487461607158,0.03972751596421277,0.020444699451762978,0.020381360839128716,0.2729642407922702,0.17493999537684488,0.07917679119750495,0.24905129891222919,0.04742803532905566,0.02004246582191329
2012-02-09,0.04713025576141491,0.02880194846922157,0.03952762888814349,0.020544227942513947,0.020418471390100387,0.27345634141397607,0.17493720048814337,0.07876376824598581,0.24882594640055203,0.0474006329946912,0.02019357800525722
2012-02-10,0.04680607675230216,0.028421543435000234,0.03921867218737583,0.020164872425534372,0.01997745378492608,0.27366147376208905,0.17601374881992274,0.07982769717163934,0.24871789219478568,0.04717656866937811,0.020014000797046357
2012-02-13,0.04703441198271333,0.02871546791122517,0.03956315667452836,0.020343866247220867,0.020251594346646286,0.2728032955942465,0.17544893941288028,0.07972659615568979,0.24893984157302812,0.047160654316826284,0.02001217578499503
2012-02-14,0.04697392626789496,0.028585539607634013,0.03916917912904494,0.02019222633632015,0.02008385164986323,0.27285970994892,0.17581066972378867,0.08014616284887953,0.24912474172751675,0.04704943713776873,0.02000455562236906
2012-02-15,0.04678036596985636,0.028363711986473528,0.03899713045173171,0.020225840523077944,0.020150479685512,0.27303995154508226,0.17603949118410803,0.08004661009313926,0.2489175686864827,0.0473532445604672,0.020085605314069024
2012-02-16,0.04729994013462765,0.0288986528722616,0.03932056524719804,0.020506068746573528,0.020369475292361508,0.2729520073441192,0.17524413380843357,0.07940913727458261,0.24849808732983086,0.0473243922204705,0.02017753972954101
2012-02-17,0.04745157756795986,0.0289112931490392,0.03940698082992111,0.02060823608145021,0.020418028013559745,0.2730396738246406,0.17515825527599962,0.07943302706158878,0.24825164031929198,0.047167607406063274,0.020153680470485717
2012-02-21,0.04753799870626458,0.028755383105253482,0.03897078729224753,0.02064047560875613,0.020362446054455918,0.2733518806381844,0.17476461097719223,0.07866254779886304,0.24818726259250015,0.048268554482769364,0.020498052743513236
2012-02-22,0.04722609045196164,0.02843257085828435,0.038525067733796145,0.02051101430664003,0.02033138551677101,0.27256589664922676,0.17486291342359833,0.0793852176898165,0.24889408093279364,0.04864704240413921,0.020618720032972465
2012-02-23,0.0473462592355969,0.028804154439705795,0.03890300971882274,0.020642350768362575,0.020256567320543636,0.2720272319914025,0.174787537105988,0.07923771605262085,0.24877266845997725,0.04857911554192555,0.020643389365054318
2012-02-24,0.04739493900180157,0.028715004891593236,0.038966737629979604,0.02074242381914653,0.020436457822615845,0.2716459411970339,0.17471689113880762,0.07966066770863395,0.24867452408093593,0.04830125740364291,0.02074515530580899
2012-02-27,0.047397422308355454,0.02861978773619788,0.038858599705528005,0.02060358189191779,0.020200099974500417,0.2712689270131223,0.17501370875803185,0.0802351812009698,0.24918460567405673,0.048074110591585346,0.02054397514573441
2012-02-28,0.047468980117150165,0.028503433640231796,0.03850993814597972,0.020765923676532128,0.020453022574961364,0.27095264412942505,0.17485108244476646,0.079859050813532,0.24962056533244728,0.048507165575590414,0.02050819354938356
2012-02-29,0.04749859065183518,0.028205572431707748,0.03863442795574504,0.020589551616735795,0.020532540644983676,0.27219013616520177,0.17495067056182284,0.07973489897489784,0.2509952069074529,0.046143549230438966,0.020524854859178147
2012-03-01,0.055364816998143246,0.0321713740528925,0.04539420537564702,0.028218832233605436,0.024562615397708258,0.21860607075884878,0.17964557130297007,0.07898092283648059,0.2503919198536156,0.046794324142678395,0.039869347047410034
2012-03-02,0.06261473897415659,0.035704449378517335,0.05166311766346077,0.03523059476087669,0.028218067905810683,0.16738597542958827,0.1848655784156443,0.07916688082608576,0.2504049912884128,0.04677340611652564,0.05797219924092106
2012-03-05,0.0651490538215617,0.03707603957069815,0.053809702356427486,0.03771359331945964,0.029487283291749617,0.14989899204393287,0.1864092404811834,0.07898092283648059,0.2503919198536156,0.046794324142678395,0.06428892828221247
2012-03-06,0.06452778348358569,0.036525326012605504,0.05335969253577835,0.036697641549624106,0.028646408691002757,0.15067316179629064,0.1881585089511878,0.08035198315311386,0.2512973778078511,0.04619835173185193,0.06356376428710815
2012-03-07,0.06488846047095126,0.03681783313277248,0.0535167065138456,0.03709877529785736,0.028951060544456685,0.1504300594100432,0.187542417706813,0.07975021076443671,0.25084385126853476,0.046398452058930284,0.06376217283135856
2012-03-08,0.06540071255854962,0.0372190853113,0.05328397294848821,0.03782076741042539,0.02949814826700351,0.15007061211054548,0.18660859609893954,0.07879146258815885,0.2503764275974781,0.046770970600277156,0.064159244508834
2012-03-09,0.06557244799547798,0.03767632117009312,0.05346547034048427,0.03764932058923342,0.029448212125897655,0.14988499849392362,0.18623545573312983,0.0788503931792448,0.2499381246440976,0.047023987281447625,0.06425526844697003
2012-03-12,0.06565060914800495,0.037644534102674695,0.05389683171311886,0.03759438642421766,0.029158014739502268,0.15007055308475156,0.1863904588808375,0.07892502523994645,0.24972420101471646,0.04670598511709246,0.0642394005351371
2012-03-13,0.06681382482676501,0.038381757497801816,0.0548444369621619,0.038193007783927375,0.029943388977898392,0.14993627958302805,0.18499860285180839,0.07751301231013087,0.24896212545091656,0.045908349413025726,0.06450521434253595
2012-03-14,0.06740191314762042,0.03844376794530694,0.0552525323127517,0.03822748160630893,0.029763550979567645,0.15120261037845673,0.18468701929673298,0.07630684459523689,0.24843243876201357,0.045582238440001914,0.06469960253600236
2012-03-15,0.06769971941657572,0.038712922266441574,0.0551415405295408,0.038538879458086636,0.029960543025664366,0.15108620632825714,0.18438138733630619,0.07631947887285091,0.24755281166787663,0.04595085539166845,0.06465565570673172
2012-03-16,0.06765560846037913,0.03860167928871485,0.05535876391621206,0.03872564242351511,0.02986577761722137,0.15086859742611317,0.1839528524659169,0.07631503185966572,0.24741675949180864,0.04592008694925915,0.06531920010119419
2012-03-19,0.06802378463376561,0.03898624034274385,0.055772480966345246,0.03898696420217388,0.029795716500091038,0.15098972114216389,0.1831008797346479,0.07551844663086263,0.24744575568377464,0.04607237797037092,0.06530763219306066
2012-03-20,0.0680070775164757,0.038740179588693774,0.05578749912886588,0.03862881145341616,0.02935839515669203,0.15135736340288003,0.18368031560003586,0.07602291671199812,0.24795538439515014,0.04577814563938458,0.06468391140640792
2012-03-21,0.0677306354325258,0.03863667847063968,0.05552705101076473,0.038283308510482665,0.029341306913997455,0.15107905036766636,0.18416734234782395,0.07669568635087833,0.24847746683217387,0.04568966501053866,0.06437180875250868
2012-03-22,0.0674340989268513,0.03837285908715254,0.05502343395807505,0.03812593823298858,0.028975677185684535,0.1515270085750187,0.18492550321084206,0.07716164190887921,0.2487724096644359,0.04563665399264854,0.0640447752574238
2012-03-23,0.06737516768173575,0.038589633675924315,0.05502081562292672,0.03823510422279379,0.029073937222148172,0.15092463078079604,0.18484990696157488,0.07757210542596081,0.24794854858284354,0.046008932685771387,0.06440121713752471
2012-03-26,0.06802277721631336,0.03922059147992833,0.05534689238000371,0.03855477830609875,0.029453186207491718,0.15030198723189442,0.18382938721123257,0.07683804441820412,0.2474047863868724,0.046621309119073244,0.06440626004288744
2012-03-27,0.06767373716717842,0.038867341285817786,0.05520774261038686,0.03823376566716835,0.029238503573812476,0.15005019731118818,0.18447166593504832,0.07723351229126192,0.24881311148610566,0.04619835975309747,0.06401206291893477
2012-03-28,0.06757364679988385,0.03877522374251959,0.05527541664732121,0.03810300255463433,0.028847453225299222,0.1505391817160074,0.1847949105441569,0.07739427164229029,0.24920920653164694,0.04586859066310736,0.06361909593313318
2012-03-29,0.06742438510452964,0.03864415651765226,0.05530142452561008,0.0378404497749909,0.02879922905105552,0.15051729528484503,0.18547072095990288,0.07793592926854148,0.24957958349403678,0.04578031902031161,0.06270650699852408
2012-03-30,0.06775326535066628,0.038547016335429854,0.0558080828966005,0.038209493333704554,0.029030031600894367,0.1506106082084309,0.18469567742045484,0.07667457993087891,0.24916058470676014,0.046052748735609786,0.06345791148057017
2012-04-02,0.0931840317337949,0.049725910454313293,0.07582374505187185,0.04351530538927478,0.03353525079335949,0.12019508150236846,0.18425990307590748,0.07673364072405534,0.2390588553447225,0.02,0.06396827593033205
2012-04-03,0.09352523358121255,0.049778138830058154,0.07606041906054661,0.04308792282234923,0.033602189242122146,0.12104431209962592,0.1843283681736511,0.07599077276548961,0.23862546302165868,0.019778366552988907,0.06417881385029718
2012-04-04,0.09286935186940408,0.0491264410421655,0.07551299752098009,0.042247738968166415,0.0330933188279086,0.1214274036843087,0.18580493389015443,0.07726079331261089,0.23978401761488644,0.019503769509310608,0.0633692337601044
2012-04-05,0.0926800160249632,0.048835333885440285,0.0750672727075699,0.04192965602541439,0.03322117093872045,0.12128370752994977,0.18634663303211982,0.07769929668109826,0.2398117456835857,0.019610012240876266,0.0635151552502621
2012-04-09,0.09145754311532593,0.047938014738994845,0.07419991724493755,0.04166504803929289,0.03266662628655454,0.12112955166677154,0.18788080752599454,0.07935846973997092,0.2408996481264562,0.019702200097576616,0.06310217341812467
2012-04-10,0.09033470639299808,0.04702347173671633,0.07309628871578638,0.04096011430557101,0.03217736303436741,0.12174258573188627,0.1896260983694201,0.08062611447788544,0.24185755214850943,0.0200073805799571,0.06254832450690274
2012-04-11,0.09094153316555681,0.04762453345212023,0.07386401633840815,0.04147427633278307,0.03248362821601277,0.12156192687901687,0.18862856051119867,0.07955141624752095,0.241276375887664,0.01997571767190609,0.06261801529781257
2012-04-12,0.0916761626703748,0.04806996229242884,0.07454602228258907,0.042026462948746,0.03315231549558004,0.12097777311333777,0.18732343798395445,0.07883067549627078,0.24019251004761613,0.02007914935917498,0.06312552830992739
2012-04-13,0.09065179435420437,0.04747208895743263,0.07421057605959659,0.04125262326949566,0.032672564359985015,0.12107962517062866,0.18858904191383666,0.0801638304023375,0.24151134892934117,0.019865194940036874,0.06253131164310512
2012-04-16,0.09057577866484462,0.047541000548592595,0.07506078931215987,0.04154466008676373,0.03250389068558158,0.12105753761206542,0.18850084103758394,0.08003259076643125,0.24146729200353184,0.01981341434934449,0.061902204933100904
2012-04-17,0.09154804330773922,0.04803344139983571,0.07540134225934034,0.042037255225756284,0.03274370013542051,0.12057109018672697,0.18754690313817196,0.07966317775583615,0.24080797757858965,0.01970797143307955,0.06193909757950388
2012-04-18,0.09138125227273675,0.04774539863695895,0.07511870676799749,0.04188275419748322,0.03264028427271118,0.1207881114331596,0.18821568832426314,0.08002032579132515,0.24114277069984047,0.019622984862805313,0.061441722740719004
2012-04-19,0.09086612920538342,0.04750903250899261,0.07514153370616791,0.04166395886983816,0.0325190658318128,0.12089771415301097,0.18857904788590393,0.08015877764862148,0.2414992617854532,0.019653258032200558,0.06151222037261522
2012-04-20,0.09083022502577213,0.04768454936298002,0.07577441021589104,0.04197860468570398,0.032675884594900825,0.12064845639323007,0.18820812304703397,0.08000718604939243,0.24093913127152217,0.01962627039707604,0.06162715895649753
2012-04-23,0.09031334298131374,0.04715356422905587,0.07527724419296417,0.041251020456299095,0.03213848000132361,0.12100784423097918,0.1891003125105808,0.08080899645899953,0.24164120130733102,0.01962209504184595,0.06168589858930723
2012-04-24,0.09060613777189619,0.047484760650247086,0.07619485975492356,0.04155860392342886,0.032190192975237626,0.12089744868711533,0.18851141501654084,0.08019548525204045,0.2410700627618568,0.019639514701779312,0.06165151850493414
2012-04-25,0.09149256467706468,0.04803761439894087,0.07673595030187057,0.04196289413288917,0.032358917699756524,0.12045982827371032,0.18755267117968807,0.07947692734868009,0.2405546662729942,0.019603090861054728,0.06176487485335087
2012-04-26,0.09179010479502754,0.04833334528670574,0.07677820465385693,0.04205798131143898,0.03243910529989451,0.12002942053572219,0.18748245467323546,0.07965939417295603,0.24005867066955883,0.019703259275161037,0.06166805932644297
2012-04-27,0.09176215991918844,0.04861717857178423,0.07700205990172873,0.04214781842808842,0.032422082034824246,0.11976793125280252,0.1873134504652002,0.07957252123399217,0.23994241393204135,0.019707733444826302,0.06174465081552365
2012-04-30,0.0915074264406717,0.048124917150026335,0.07696540254256262,0.04194515927724942,0.03238324844598454,0.11990788073331145,0.18764770982918044,0.07966700855608307,0.24002165936064407,0.01978720680742393,0.062042380856862686
2012-05-01,0.09204024667626999,0.04815314591376187,0.07760913210689774,0.042100205676582104,0.036336072166947064,0.1068792303519841,0.18723230118506096,0.07922319506798177,0.23947012371198148,0.01971096710616885,0.07124538003636417
2012-05-02,0.09176252914992104,0.048281439612430324,0.07748617255632426,0.04177118927064453,0.03626646474588432,0.1068883462501573,0.18758157071256462,0.07977850261423489,0.24024749108881246,0.019621119079523793,0.07031517491950266
2012-05-03,0.09135194940582818,0.04775357518435225,0.07746655073238218,0.04153604386194426,0.03610717448904842,0.10721504630263161,0.1881593829065879,0.08001134440766441,0.24115546920272002,0.019484861081961475,0.06975860242487952
2012-05-04,0.09021232644223937,0.047022678269306326,0.07716260130601824,0.0410553166251732,0.03560530054693444,0.1076546271204592,0.1896154685409604,0.08094117687046418,0.24232873270671576,0.019619314079021757,0.06878245749270731
2012-05-07,0.09016714780678128,0.047089547309918496,0.07750351855664592,0.041302925468735,0.03569047978171501,0.10752222483257153,0.1893286395333763,0.08085531442574848,0.24244639249795882,0.01954726266999043,0.06854654711655898
2012-05-08,0.08987930559894891,0.04709857501713662,0.07749458506265958,0.04070095383489366,0.035151904889683186,0.10762343614058158,0.18991376971495982,0.08135328978259272,0.24324907495295922,0.01918457155106641,0.0683505334545186
2012-05-09,0.0896006803160887,0.046964549058228,0.07753309291421193,0.04034448188965505,0.034794674325940654,0.10791723796195846,0.1906162526726156,0.08163998757617993,0.24352481281769742,0.019050531310411824,0.06801369915701275
2012-05-10,0.08981552707157989,0.04715910651499154,0.07748608462693748,0.040546999045190976,0.03495306259573517,0.10794054145713768,0.19041077702780063,0.08142682073272445,0.24310541526158921,0.01909391210754555,0.06806175355876777
2012-05-11,0.08948875218467126,0.04701043361077451,0.07776556051683917,0.04026974621803431,0.034482577417559696,0.10788576103175546,0.1909194057068695,0.08204873603756388,0.2436831814730393,0.018932778646329657,0.06751306715656359
2012-05-14,0.08878662163704622,0.046535617413839304,0.07706783562693932,0.03962676508399662,0.03380706556763507,0.10822369469559233,0.19238587326896797,0.08346582963846967,0.24453818648561873,0.018718495214320355,0.06684401536757474
2012-05-15,0.0884331865771687,0.04653420185130533,0.0768258686782186,0.03919855583837275,0.03357213867536583,0.10840253461014315,0.1927806756821046,0.08395178109986161,0.2446568799560202,0.01855462507235238,0.06708955195908717
2012-05-16,0.08827949892165307,0.04629564076949811,0.07604481286615575,0.038892229492131045,0.033164589881687544,0.10861674536391056,0.19332902975911362,0.08436966822170601,0.24529541757375492,0.018558726230326644,0.06715364092006303
2012-05-17,0.08738897081981405,0.04546336111791368,0.07429662136549124,0.03860154532154747,0.03287028963865992,0.10908801022763984,0.1949859459095765,0.08627671634421324,0.24464039748194596,0.01906481368735489,0.06732332808584354
2012-05-18,0.0869372399745761,0.045189222680371476,0.07378587696924156,0.03845376560460351,0.03266729193688424,0.10947393391641054,0.19552505296143463,0.08659258727833204,0.244523844320096,0.019349085308665585,0.0675020990493847
2012-05-21,0.08788557894139988,0.045968503867160955,0.07483813737553664,0.03905837270473944,0.03324046956267829,0.10881095638006426,0.19381111748445326,0.08587784861788442,0.24328779350339283,0.01924207203583118,0.0679791495268593
2012-05-22,0.08837537048264431,0.045866622397102576,0.07528426073737939,0.0390641967974947,0.033017985898660916,0.10918818574334989,0.19413423713652206,0.08524635647447847,0.24356316146909518,0.018994656157845364,0.0672649667054276
2012-05-23,0.08832865559501761,0.04611355898667834,0.07552424290273765,0.0387042591200668,0.03275607885470036,0.1091244217212487,0.1944371783061543,0.08574678237012685,0.2438964365701449,0.01891717400205586,0.06645121157106897
2012-05-24,0.08856058197407983,0.046240472732116546,0.07580770386204674,0.038474692315240096,0.03261167379602431,0.10915750099886928,0.19414750243699994,0.08547650000351574,0.24409934680795617,0.018903417879637664,0.0665206071935141
2012-05-25,0.08817585680006683,0.04615931687977542,0.07550289977839097,0.03829688664126196,0.032418618368999286,0.10908874473039248,0.19449573616527158,0.08570165731423522,0.24444176290172245,0.019040944966108902,0.06667757545377528
2012-05-29,0.0889247734408504,0.04666086914096644,0.07626137377549476,0.03864391255091703,0.03321571186827931,0.10867298622915053,0.1936376652166888,0.08513229115043637,0.24392517792378549,0.018766589376156693,0.06615864932727453
2012-05-30,0.08783608347390731,0.04587138362870852,0.07465751664233129,0.03781837193397245,0.03271692695762673,0.10897461993150416,0.1959314065587751,0.08749222261866627,0.244697031199876,0.01892061597117353,0.06508382108345896
2012-05-31,0.0873412036205368,0.045653562239817896,0.07486532605865946,0.03784673175477384,0.03274331401902962,0.10863823720283576,0.19601565988065164,0.08820036460954796,0.2455766578467739,0.018819517134008173,0.06429942563336538
2012-06-01,0.08536440420140594,0.04439548411384761,0.07316025605803786,0.030613881679148643,0.02746743926135097,0.13701413965150325,0.19821537478367557,0.09052988386028396,0.24667992098289626,0.019600373702601443,0.04695884170524879
2012-06-04,0.08547778271538856,0.044421813194488353,0.07306482434374967,0.02438570196518173,0.023070256905253227,0.16532868502152223,0.19805809935676763,0.09038050910880405,0.24525285586356108,0.01962110773989744,0.030938363785386207
2012-06-05,0.08536440420140594,0.04439548411384761,0.07316025605803786,0.02,0.02,0.18380347775693828,0.19821537478367557,0.09052988386028396,0.24493074552320937,0.019600373702601443,0.02
2012-06-06,0.08709015436023844,0.04539029673227144,0.07455768517366673,0.02051309366519581,0.020539233422424148,0.18333350903761664,0.1964824124179799,0.08852528409607184,0.24367587113293762,0.019565914007466094,0.02032654595413146
2012-06-07,0.08712853448254007,0.04508593668397403,0.07418295623470227,0.02053924088303104,0.020660033301125875,0.18328145843255367,0.19692456565425911,0.08864512216982699,0.24414045220772457,0.019225454292848464,0.020186245657414018
2012-06-08,0.08754895676178166,0.04555572008174573,0.07488014213857803,0.020408224010103858,0.02041831147604603,0.1827129939775639,0.19645936311775408,0.08834901449493739,0.2442850399271556,0.01919435641042034,0.020187877603913454
2012-06-11,0.08673952528127936,0.044705300730257955,0.0736676131641192,0.020281155597536526,0.020192589967812185,0.18335179187956996,0.19767584575824393,0.08906149855473688,0.2450970120809857,0.019339888516136224,0.0198877784693222
2012-06-12,0.08768655274132761,0.04524390610501083,0.07431433974274582,0.02060721948667788,0.020602272048091067,0.1831611738448246,0.19650528550358223,0.0881972543152417,0.24424311490257683,0.019465719133532063,0.0199731621763894
2012-06-13,0.0870363255389229,0.044675606839545044,0.07388811840092077,0.020421668368085278,0.020505603497369587,0.18295135616910757,0.19734276117699479,0.08897620712068754,0.2448747381831877,0.01952782850017523,0.019799786205003677
2012-06-14,0.0877721159400824,0.04508959501139749,0.07473046381932248,0.020529708534837824,0.020607360092453023,0.18258439139429253,0.19639594145166223,0.08867434212478226,0.24406104773476553,0.019564483643630667,0.019990550252773617
2012-06-15,0.08822074772344354,0.045461676956463415,0.07481904257589281,0.020714449583888298,0.020877787283264466,0.18172397394830225,0.1963061300611707,0.08871642267456231,0.2438259680398944,0.01947647433703809,0.019857326816079723
2012-06-18,0.08829480285414765,0.045464744956375466,0.07532330637972114,0.0206332104293344,0.02089768038432905,0.18148167597176232,0.1960365915438426,0.08909587672099913,0.24345439766327678,0.01946620763733176,0.019851505458879603
2012-06-19,0.08908985949544614,0.04622217632290399,0.07562450992370695,0.020962101841100395,0.021220603570413513,0.18134011312691198,0.1952382411624191,0.08787386661206288,0.24306422938466035,0.019358481000641893,0.02000581755973278
2012-06-20,0.08900389169098163,0.04618198271394179,0.07557764151455158,0.0210971037777677,0.021165017171243816,0.18139478669115436,0.1949687554531491,0.08836630397159563,0.24332815614491018,0.01922452816812929,0.01969183270257495
2012-06-21,0.0874667281040944,0.045296960256473694,0.07478796003150256,0.02065348830146527,0.02049769974916552,0.18237537392844472,0.19641758199043732,0.08930567404994223,0.24499161531705438,0.018836098170264964,0.019370820101154974
2012-06-22,0.08818024212048313,0.0458320191321865,0.07488249595671592,0.020839219298323,0.020572302234915924,0.1824795098093412,0.1956516759298944,0.08815442502361487,0.244913833943712,0.01892209905863133,0.01957217749218181
2012-06-25,0.08677180522227561,0.04511921511809643,0.07447445670961862,0.020375890780575067,0.02019251608597989,0.18249110336781793,0.19673718877275365,0.08944342752320918,0.24555819516500124,0.019062151464235268,0.019774049790437176
2012-06-26,0.08715018450723891,0.045265790282245304,0.07475276024102417,0.020495688280425507,0.020353249961450406,0.18232708928446748,0.19617076317366386,0.08903187794992927,0.24564699682180763,0.01890829913250642,0.019897300365240997
2012-06-27,0.08765489755086342,0.04585535577910919,0.07498550539680877,0.020623034701315702,0.02041834952410219,0.18174429806006134,0.19581548559726433,0.08888779377384594,0.24519586454297632,0.018873794573963418,0.0199456204996894
2012-06-28,0.0873121675084151,0.04572987610147743,0.07553430513977374,0.020643997837627156,0.020299202873357847,0.18157327196647116,0.19624145817953573,0.08901113705763587,0.24531150368573068,0.01863420870555242,0.019708870944422828
2012-06-29,0.08894537874881517,0.04677512154301899,0.076780987118569,0.021259098015359044,0.021069826322882016,0.1804711339136908,0.19415086047132313,0.0873200647952792,0.24376026887452357,0.019028729224697498,0.020438530971841645
2012-07-02,0.08878140349797768,0.0470869443650185,0.07722187866224686,0.02,0.02,0.18221660021116115,0.19410727195908148,0.08779389741890165,0.24386760190465862,0.018924401980954016,0.02
2012-07-03,0.08918248568553482,0.04760291788397721,0.07749198986796002,0.020141324866902212,0.020356613410458968,0.1817978002546606,0.19322403905815844,0.0869395827316464,0.24357134775034667,0.01917398032824008,0.020517918162114433
2012-07-05,0.08876694901427105,0.0475433339133135,0.07712279784498449,0.019805020733379333,0.02013940670255186,0.18183553822199358,0.19371420146409035,0.08737089088140182,0.2441549054937892,0.018954423630494502,0.02059253209973012
2012-07-06,0.08795490206333978,0.04702896252867875,0.07725782552108723,0.01962555703794287,0.019779311180648896,0.18196548501626214,0.19446373244658488,0.08821455151854578,0.24486229299513027,0.018721287777416416,0.020126091914362834
2012-07-09,0.08770195714921963,0.046771888652142685,0.07728724559952571,0.01955011067939563,0.019675899013987662,0.18167012382601447,0.19468405077018713,0.08884768436257952,0.244629853331002,0.018731027409703855,0.020450159206241627
2012-07-10,0.08718445910936816,0.04638453466684656,0.07658749443772321,0.019474561957622972,0.019512223474769556,0.18218685406728574,0.19532737652496096,0.08928113325185123,0.24526362858974468,0.01855382989534843,0.020243904024478402
2012-07-11,0.08712501014448493,0.046188251903609985,0.07664318476045608,0.01951794687344051,0.019598082716973508,0.18205703083539362,0.19498606140146796,0.08931807556219062,0.2454731636668858,0.01864076094476906,0.020452431190327764
2012-07-12,0.08656492719961945,0.04595727007190875,0.07685481449243388,0.019292615228259827,0.019240782579551974,0.18181040370994625,0.19512264105215227,0.08980697406874795,0.24632069336815288,0.018562440660440462,0.020466437568786185
2012-07-13,0.08769551891296165,0.04635878874042461,0.07740474489587229,0.019494651190809908,0.019541056964728173,0.1811886347500506,0.19424901658325178,0.08924374385850783,0.24550242452105978,0.01868244506714704,0.020638974515186245
2012-07-16,0.08734007211233127,0.04609433241184696,0.0775694196845005,0.01945756982842114,0.01946222573395442,0.18094487518843957,0.19434549789900427,0.08950588632897681,0.24576241633112686,0.018659158274944628,0.020858546206453426
2012-07-17,0.08790129020894862,0.046236502077057345,0.07818687594822599,0.019504226970407566,0.01971206283718744,0.18084416806997353,0.19376274615254874,0.08876343569052733,0.2456546721996871,0.018561478419039153,0.02087254142639706
2012-07-18,0.08835716881542582,0.046418119628999,0.0774117796973333,0.01961462657043717,0.019618064059672126,0.18048824522940826,0.19353067848378783,0.08861593600664691,0.24646425450092216,0.01846987940063507,0.021011247606732134
2012-07-19,0.08858483752852908,0.04625985392544772,0.07675838489165272,0.01979468595955647,0.019799169845628302,0.18052305078207845,0.19323849929632278,0.08838504145477359,0.24688328884161773,0.018508891371026504,0.02126429610336651
2012-07-20,0.08780384082016918,0.045684975150154655,0.07652402490607083,0.019337070762389694,0.019512533872724464,0.1806048929363889,0.1940658824095397,0.08949497682722646,0.24715028289879531,0.018550099290589563,0.021271420125951176
2012-07-23,0.08721823230837115,0.045112027096026845,0.07632748804492578,0.01900557330253933,0.01906792607659617,0.1812544332485222,0.19506116461008793,0.09031027603812244,0.24720847102362545,0.018537086808672273,0.020897321442510386
2012-07-24,0.08651844550399854,0.04454490145559292,0.076062259567208,0.018810963753330794,0.018997531530318506,0.18131454649519899,0.1955459797692816,0.09107323360826979,0.24773960567101677,0.018607011178790753,0.020785521466993355
2012-07-25,0.08640410676105353,0.04457470685499949,0.07593286115252558,0.018880497476321388,0.01905941703651998,0.18105577903567427,0.195350489737069,0.09116703649814893,0.24782890476889236,0.018838440685937475,0.020907759992857943
2012-07-26,0.08760580952691413,0.04484314423215601,0.0763541424313984,0.019406777933241335,0.01944063361506204,0.18059456252776077,0.19424986837254465,0.09010223117294845,0.24758661024123804,0.018923229814528767,0.020892990132207367
2012-07-27,0.08918401566952931,0.045889236593594375,0.07718541602574445,0.01980778687049301,0.01997848697173998,0.18039232768522218,0.1927696707348034,0.08836643385185826,0.24631837806437482,0.019008369745197425,0.02109987778744276
2012-07-30,0.08900359132523361,0.04564051421734755,0.07724152931225178,0.01974416887671504,0.019822062222446295,0.18011263439023117,0.1929988820196648,0.08884660300892963,0.2464532809745165,0.01895666926493459,0.0211800643877289
2012-07-31,0.08836910952910867,0.04523024141461302,0.07714854160045108,0.019619854420152287,0.019728606102661153,0.18013087220218063,0.19330888257773146,0.08901301894263332,0.24768613221703226,0.018840931807968298,0.020923809185467754
2012-08-01,0.08852178756908585,0.04460127652665735,0.0771246367763261,0.019674829463404916,0.019815324067075927,0.17550466862616365,0.1991788307955389,0.08879845852398904,0.24805319909411366,0.018726988557644646,0.02
2012-08-02,0.08793910189258614,0.04445362914863808,0.07723242530400874,0.019405728783590877,0.019589088250869968,0.17558237715891337,0.1997198833867589,0.08933077579259666,0.24829801493016362,0.018611104728836963,0.019837870623036758
2012-08-03,0.08950387677424401,0.04542214226115829,0.07764448159526557,0.020026757912526047,0.020155646581011318,0.17516903911979526,0.19827801712032744,0.08771343655514852,0.2472068352314528,0.018745009977296542,0.02013475687177417
2012-08-06,0.08956193574974179,0.04571572631719456,0.0773206586319424,0.020142209531350652,0.0202557524685347,0.1749644525472713,0.19815084151672224,0.08763498727121048,0.24721650243463106,0.018811163864907342,0.020225769666493507
2012-08-07,0.09029119582736354,0.04627484224537278,0.076757381890725,0.02037411028927955,0.020374439697724185,0.17542603912044752,0.19772330686237227,0.08677681403888987,0.24669189728088525,0.018867312043563154,0.0204426607033769
2012-08-08,0.09056428272890257,0.04628903617505574,0.07643442842874369,0.020399177222451766,0.02045185961353013,0.1756812576538327,0.19780600084664327,0.08647105237962749,0.24643881903590859,0.01892566529329271,0.020538420622011437
2012-08-09,0.09063913524353343,0.046508127763048975,0.07620727585830868,0.02041044135849677,0.0205374202878323,0.17567642582185317,0.19765370296216625,0.08640649880766074,0.24626740422593307,0.01898682565142821,0.020706742019738506
2012-08-10,0.09061143950959703,0.046255927807925284,0.07622507804056097,0.02040629002017123,0.0205936817772471,0.17537748593869704,0.19783854794949593,0.086673422180008,0.2464884871982956,0.018972960780362525,0.02055667879763935
2012-08-13,0.0907019993868267,0.04624983216685186,0.07631552247233231,0.02033834077163306,0.020442219141415006,0.17566085101816392,0.19800631776198677,0.08665817788856536,0.2463432435362692,0.01885750851436258,0.020425987341593285
2012-08-14,0.09103087787157418,0.04630042554195102,0.07654572608154576,0.020456634901563027,0.02050834859981893,0.1762309998512353,0.1977202386132463,0.08578200347887903,0.24608663851080753,0.018818870730260125,0.02051923581911887
2012-08-15,0.0913670018730742,0.046826835279342456,0.07695553788792511,0.02044940300290358,0.02053013983840623,0.1766181385631079,0.19722827018695535,0.08479218012116665,0.24555593073453266,0.018927725659542077,0.020748836853043823
2012-08-16,0.09200320434774227,0.04729716603210401,0.07748338635239368,0.020694550590947713,0.020710085770095834,0.176524369684118,0.1966672163649802,0.08403498234715849,0.24473059034399214,0.019032980176918703,0.020821467989548988
2012-08-17,0.09199787206050176,0.04756302223257181,0.07733969802676616,0.020693396871129383,0.02057951203172055,0.17629918318921617,0.19663258054465402,0.08432697887662116,0.24471996208744565,0.019025870441457014,0.02082192363791642
2012-08-20,0.09191837104711582,0.04741389469289367,0.07720802939255807,0.020650340755258935,0.020550120660397766,0.17613443681015384,0.1965592714893533,0.08442138613451076,0.2451723687039545,0.0190735862823306,0.02089819403147292
2012-08-21,0.09153827986137945,0.04733202223599648,0.07712199628647018,0.020745788313485655,0.020496772997370186,0.17593816975338475,0.19650574055466574,0.08470102988167481,0.24531150893721607,0.019242540866662983,0.021066150311693788
2012-08-22,0.09116903520871895,0.046895600969156424,0.07670753020562526,0.020629773759506816,0.020415559813967747,0.17525809779844084,0.19714960030520176,0.08571539413296196,0.245614213932291,0.01936305701660218,0.021082136857527176
2012-08-23,0.09047844316903038,0.046594339828413954,0.07655334716729979,0.020524348007360634,0.02024096203951057,0.17538568156130505,0.19761779978762728,0.08612612427936005,0.24594876432292484,0.019537784877974976,0.02099240495919258
2012-08-24,0.09093878337543498,0.04667730023690935,0.07677587977300099,0.020473425902045796,0.020226796917450926,0.1752191939408573,0.1973386906810967,0.0859617191374876,0.24598200963281266,0.019528884007544475,0.02087731639535935
2012-08-27,0.09084345605802405,0.04675706392501645,0.0768442540681622,0.020459405872568465,0.019994506724670142,0.1749777076937132,0.1976017816529308,0.08635556088274741,0.2459794747755123,0.01943082229339338,0.020755966053261753
2012-08-28,0.09065684653306293,0.04692061491156391,0.07706862259345433,0.020417990671254178,0.01993288102022787,0.1748118456034325,0.19746415888380967,0.08646962917545885,0.2460651786806118,0.019443787468337387,0.020748444458786736
2012-08-29,0.09082068341371254,0.047113218481048914,0.0771714734092432,0.020376195959748423,0.019857549284546454,0.17499164108244683,0.1975393045787981,0.08618024767993071,0.24580599790737637,0.019337350437429266,0.02080633776571936
2012-08-30,0.09023917477595596,0.04668337319068595,0.07715143258108455,0.02009028541203401,0.019641447218698788,0.17515428805506222,0.1980652955685428,0.08669759592124504,0.24608735354370911,0.01934459456887442,0.02084515916410736
2012-08-31,0.09010472104058062,0.04658207173298931,0.07697578515279113,0.02014078488699003,0.019704704785024237,0.17416625724604148,0.1981038385848361,0.08737525885141541,0.24624592518394536,0.01966720964202836,0.020933442893358144
2012-09-04,0.09006108252925771,0.04717117029913537,0.07739664846028765,0.025415201122623157,0.019602907295455285,0.14615014979973343,0.19773702035325866,0.08732565609410128,0.24577062342980405,0.03506736270635856,0.02830217790998489
2012-09-05,0.09006064211434445,0.04719008244280734,0.07740328391780836,0.030752262730252573,0.019571776849574642,0.11817991841942191,0.19777143508514258,0.08720018484904632,0.24588488197926367,0.05039008402556374,0.03559544758677436
2012-09-06,0.09006108252925771,0.04717117029913537,0.07739664846028765,0.03392173075298813,0.019602907295455285,0.10164561867371846,0.19773702035325866,0.08732565609410128,0.24577062342980405,0.05941248506948442,0.03995505704250886
2012-09-07,0.09005901302422444,0.04733536303482931,0.07723381438665855,0.0342980751481529,0.01997867233970093,0.10127288436892068,0.19722105297108516,0.08657995788690535,0.24532278854015008,0.0604547337646585,0.040243644534714004
2012-09-10,0.0897134096003112,0.0472092752845431,0.07687716434530817,0.034090710630155154,0.01975961434502697,0.10143667040384763,0.1976783035152245,0.08695033042002812,0.24575723937241373,0.06015333399182901,0.0403739480913124
2012-09-11,0.0898828069001124,0.04726816458707721,0.077110226695678,0.034446897920926166,0.019978093467778436,0.10136972657439537,0.19713534567675003,0.08632736888596454,0.245741645047997,0.06031854709132902,0.04042117715199167
2012-09-12,0.09028975634124292,0.04756641261736086,0.07749255749313225,0.034713703641534435,0.0200905096019205,0.10147815177684417,0.19639919361851757,0.08535263015303786,0.24554165132257214,0.06039741053876796,0.04067802289506921
2012-09-13,0.09102002128491668,0.047851995943935126,0.07788219110020511,0.034994741797604076,0.02048715417832212,0.10079941313102256,0.19557988424910897,0.0844182103200472,0.24511545900517517,0.061182864761661744,0.040668064228001184
2012-09-14,0.09171241416458849,0.048451781236732855,0.07853362589666053,0.03545241567706274,0.020792327011027612,0.1010699544879361,0.19435571417818698,0.08243414021213004,0.24441953394336988,0.06155168780793912,0.04122640538436566
2012-09-17,0.09146768320893091,0.04826266628838351,0.07822000964617683,0.03529173365391337,0.02058160163685323,0.10114372034302026,0.1948990820625744,0.08348451640533566,0.24543575313794116,0.06109465984545048,0.04011857377142025
2012-09-18,0.09131812500492476,0.048066184818594565,0.07748426758977639,0.03511502568122298,0.020574580098984028,0.10107294812594057,0.19523201669485143,0.08383428111080356,0.2459904208905189,0.06151756802238456,0.039794581961998365
2012-09-19,0.09131370879149252,0.04795358684894057,0.07707943368475385,0.035241932555834556,0.02056236602901919,0.10101294631525848,0.1955717417412071,0.08433462921438648,0.2462525039154298,0.06148820882227547,0.03918894208140202
2012-09-20,0.09143347270097592,0.04779998819505298,0.07627126686939724,0.03506062433028872,0.020465179462509933,0.10111458044176105,0.19592437901343474,0.08464864296888311,0.2463543417772455,0.06146786443575514,0.039459659804695756
2012-09-21,0.09124959259093503,0.047897328809106764,0.07612635026215586,0.03502391020011434,0.020481521943711386,0.10096509141776716,0.19603057649211736,0.08461094188895948,0.24640974562531065,0.06154509067395086,0.0396598500958711
2012-09-24,0.09109194834154846,0.047730495078872656,0.07602863895727098,0.034894228377774734,0.02045741769353911,0.10095484963490539,0.1964246335191358,0.08525349747484491,0.24672269426296736,0.06120594527101226,0.03923565138812819
2012-09-25,0.09024363540987816,0.04710772878950061,0.07501328623072753,0.034696810081096194,0.020180621408844465,0.10106653864112343,0.1974180696825507,0.0862112488942195,0.24754425137119485,0.061187845763737946,0.03932996372712651
2012-09-26,0.0896889658118745,0.046784606982805406,0.07490364806838355,0.034331508281468304,0.0200767659632947,0.10103708916559273,0.19813414246746772,0.08709208211966035,0.24810747093910532,0.06081174037508611,0.03903197982526124
2012-09-27,0.09028735479998935,0.047162239479072644,0.0751069743906176,0.03464809983495241,0.02034004278793921,0.10077379474637141,0.1971762743926686,0.08623663787719545,0.2473094700199247,0.06154965204785482,0.03940945962341383
2012-09-28,0.08996064164429393,0.046873205794681884,0.07500868996498006,0.03399702859800187,0.020238334210845078,0.1009241829628824,0.19737706534572655,0.08637312340305457,0.24811145251537978,0.06145145300482975,0.03968482255532414
2012-10-01,0.09002821141929279,0.04994115523757482,0.08635314752363102,0.03596631358830937,0.031405937521581724,0.07764555255044041,0.1973708877121651,0.08653036205575594,0.23915524589561277,0.061629871382192405,0.043973315113443594
2012-10-02,0.09002821141929279,0.05015511170442927,0.08721066658769393,0.03609172493562428,0.03219102579187566,0.07599831176616934,0.1973708877121651,0.08653036205575594,0.2385025170582445,0.06164054624122972,0.04428063472751945
2012-10-03,0.0904090122362322,0.05001891548618381,0.08748051538714063,0.03594894934095261,0.03198006519303233,0.07600942086114351,0.19759998215278077,0.08657087383859333,0.2386941155452764,0.061760604592053195,0.043527545366611214
2012-10-04,0.0909888238476514,0.05032205191088758,0.08709044849537381,0.03635910042397307,0.032287048893320916,0.07595245574495435,0.19666977455249124,0.08542719272856081,0.23831945089795822,0.06214385932891543,0.044439793175913074
2012-10-05,0.09123411183152556,0.050394343608271074,0.08769884550043322,0.03650181596938029,0.03237187544268266,0.07611594140759227,0.19629293144088217,0.08454208192726266,0.2385726344898448,0.061951825115434296,0.044323593266690865
2012-10-08,0.090907303637178,0.05006872057170856,0.08731871150785986,0.03628021652120186,0.032081180057709734,0.07611267678366922,0.19689941545244416,0.08524011103020329,0.23916215233750318,0.06173729452723911,0.044192217573282865
2012-10-09,0.0902778732387588,0.04962975222778345,0.08719940643003418,0.03586143235765596,0.03193730622005382,0.07634049099722054,0.19708642915622962,0.08534128815112964,0.2401338882275254,0.061540579600875764,0.04465155339273267
2012-10-10,0.08965444333958764,0.04952542834456754,0.08726198519362853,0.035741095931115706,0.03172704614601947,0.07629106787265862,0.19745740577858115,0.08589765819055249,0.24043970168825998,0.06145406657616041,0.044550100938868284
2012-10-11,0.08943538607564903,0.04955646773728699,0.0870137493358452,0.03586294343274852,0.03192489576879434,0.07605318409919364,0.19704724016688413,0.08623270357057787,0.24050298776647122,0.06144185032821599,0.044928591718332814
2012-10-12,0.08929853396745435,0.04924154209565851,0.08678638149282569,0.03588535163760656,0.031880471240043826,0.07621366307096393,0.19741112468465044,0.08660051013639225,0.24119994603248093,0.06109694493412149,0.04438553070780176
2012-10-15,0.08986758789514328,0.04946929241761356,0.08720047511260089,0.036166029506959664,0.03200367040820148,0.0760478294792139,0.19708291360858254,0.08623733022365931,0.24147736251221638,0.06036529311541516,0.04408221572039361
2012-10-16,0.09071023698290277,0.049797113891164056,0.08754120098755563,0.03673800502587318,0.03231097541582898,0.07599086595524038,0.19600679470744456,0.08498140299948867,0.2411397386742958,0.06070345930019919,0.0440802060600066
2012-10-17,0.09120270130245291,0.05029046144236971,0.08775457857062137,0.03711428971769642,0.032594196421181186,0.0760134587454875,0.19494212324159385,0.0842690954466177,0.24088361056460625,0.06080052374885023,0.044134960798522686
2012-10-18,0.0911031488910671,0.05009066339671897,0.08871481349684908,0.037028700068861976,0.03255079232004126,0.07613737721530653,0.19489004944790803,0.08387968475177202,0.2407959084500685,0.06062273236978383,0.04418612959162249
2012-10-19,0.08988070276698659,0.04923934526911871,0.08817735458197382,0.03664999334957373,0.03215462421572974,0.07638871857606963,0.19635734585288736,0.08529866804484666,0.24202441901772265,0.06016734795867021,0.04366148036642065
2012-10-22,0.09003123070426954,0.049302882241843565,0.08799916597783823,0.03696388912561577,0.032514382357102994,0.07647877320203614,0.19599860154368712,0.08488224174862442,0.24182349728120806,0.060479856570948336,0.04352547924682561
2012-10-23,0.0890088948574557,0.049181261543432706,0.08733573739227252,0.03626311032702964,0.03192843768584233,0.07671065280576456,0.19743730726789602,0.08631635394312306,0.24285729223415708,0.059856548740998466,0.04310440320202772
2012-10-24,0.08898370510107262,0.04917357621273927,0.08761347707496411,0.036376122568107,0.03204113857255746,0.07689735130023385,0.1975173600287766,0.08568324620993725,0.24282248940354134,0.0598026823521621,0.04308885117590818
2012-10-25,0.08930522983410775,0.04940817370995936,0.0872912179891858,0.03661994981062938,0.032414925765948746,0.07692412004718327,0.19693702544973804,0.0853059444401445,0.2422985154136464,0.06026575478490312,0.043229142754553425
2012-10-26,0.08901587853705199,0.049040242692535076,0.08655163616666507,0.03646754565172439,0.03207908711698617,0.07673646971906657,0.19766093917748057,0.08633066947109715,0.24283817167105698,0.06007190107223908,0.043207458724096856
2012-10-31,0.08869640839710329,0.0491593312665711,0.0872084751702262,0.03630956216824331,0.03191742144118891,0.07650637851058766,0.19775804090148005,0.08652585431123092,0.24271638992790753,0.06018096737349425,0.043021170531966677
2012-11-01,0.08953022815718881,0.05385928859306439,0.08721145318674317,0.03976761303243569,0.037039094361686606,0.08762870951863974,0.19259580887171485,0.08591431830485588,0.23963141753396647,0.060970409951529504,0.025851658488174833
2012-11-02,0.08953022815718881,0.05529980046324341,0.08721145318674317,0.04081195078046232,0.038616255376466166,0.09143909099801839,0.19104504826928448,0.08591431830485588,0.23877806502027865,0.061353789443458706,0.02
2012-11-05,0.08958286959771156,0.055586459470111656,0.08643624930180085,0.04065378525293464,0.03874535330370368,0.09130579660682224,0.19122740700847896,0.08627324189295496,0.23854702370353295,0.06150172269405227,0.02014009116789616
2012-11-06,0.0902252852290767,0.05596498827855377,0.08656905925942089,0.04101426009215188,0.039025893605766145,0.0912140973235891,0.19023532310743588,0.08540381674684794,0.2372421515407599,0.0626177732822116,0.020487351534186196
2012-11-07,0.08833001698366356,0.054698250119311405,0.08628340511178217,0.04046836680963144,0.0384518452547121,0.09144463611489584,0.1921550092116857,0.08710104898362912,0.23813270961406763,0.0627956502295923,0.02013906156702868
2012-11-08,0.0873598390593433,0.05398570390586993,0.0854948335818295,0.04014588540848875,0.03800932775936479,0.09154094407485486,0.193209994198465,0.08848660834275762,0.23814895396994884,0.06342814196501244,0.020189767734064952
2012-11-09,0.08746857610409514,0.054121851153383124,0.08524266130770299,0.04017615928631142,0.038097923230846674,0.09157527434327312,0.19330024476338556,0.08861827992001559,0.23765168491958788,0.06338771805977328,0.0203596269116252
2012-11-12,0.08754154343591257,0.05396708818204076,0.08511055597076368,0.0401472517229967,0.03823876131439732,0.09157875648738234,0.19343198858310334,0.08876937609841383,0.23769980863977,0.06325036942077376,0.020264500144445707
2012-11-13,0.08732121694857763,0.053711671114174145,0.08492112603903104,0.03998767944551868,0.03793123906581168,0.09167734770047596,0.19384854066724658,0.08915015045006909,0.23802540075394338,0.06317863424743639,0.020246993567715404
2012-11-14,0.08649798023850085,0.05293279470592623,0.08361185526339027,0.03973205488469768,0.03749936833637729,0.09207748824735629,0.19470210877433372,0.08960290470656027,0.2394990286166583,0.06345454942214909,0.020389866804049975
2012-11-15,0.08650257213020113,0.05275071638040494,0.08339005498625798,0.03993175410711463,0.03769590378740734,0.09223843960096194,0.1949529738113999,0.08958246528019108,0.2394451744293165,0.06316613955318974,0.020343805933554802
2012-11-16,0.08675225110419116,0.053081529508095214,0.08417188211179484,0.039827319985861254,0.037731015795600065,0.09205019262816147,0.19468008023397076,0.08932188333536766,0.23903508852044603,0.06295752278730586,0.020391233989205663
2012-11-19,0.08796469638804415,0.05387232834016522,0.08443912761587505,0.04044149974156901,0.03815824652533653,0.09147427000976029,0.19309455675691006,0.08827477533792592,0.23830970123934483,0.06332167039935595,0.020649127645712965
2012-11-20,0.08818971603156503,0.05408238752439069,0.08514691595917194,0.040588400312290274,0.03816497499143389,0.09164703655646934,0.1927048048977052,0.0875754261555056,0.23807272937686716,0.06327484765806951,0.020552760536531295
2012-11-21,0.08832128117963385,0.05434855746796367,0.08506079136678188,0.040641670974591655,0.038076276973515316,0.09160177603787734,0.19234801744052007,0.08749328972664427,0.23815940808554908,0.06331533031107146,0.020633600435851225
2012-11-23,0.08910709187679744,0.05463139804211521,0.08535138280179935,0.041323429910675835,0.03851860523471609,0.09117451822954739,0.19134467996124838,0.08700114396746757,0.23714591637686247,0.06379102233848678,0.020610811260283315
2012-11-26,0.08882705619129226,0.05475187724494754,0.08538528474977304,0.04118278442771927,0.0384792222642377,0.09107051484890001,0.19146722391766055,0.08732502576659606,0.23729245376045854,0.0636581703064016,0.02056038652201334
2012-11-27,0.08845103279629679,0.05473194426821023,0.08500191236859847,0.041014307956601784,0.03818912763014995,0.09116107001647934,0.19207720676741927,0.08774467395192785,0.2376365363345625,0.06344316938875429,0.020549018520999447
2012-11-28,0.08909655066013808,0.05515222368696416,0.08479018199535482,0.04127884292100294,0.038373164094013576,0.09110363903358068,0.19218095247248843,0.08755303273531999,0.2374197905821056,0.06258403126053534,0.020467590558496205
2012-11-29,0.08924520614256247,0.05561663058210532,0.08508766878133885,0.0415104292109125,0.038535200303540566,0.09083186693096433,0.191801537106669,0.08730581069685377,0.2368860970757033,0.06263400031062479,0.020545552858724933
2012-11-30,0.08930064087800679,0.05553118526519916,0.08545831122312833,0.04158030018555497,0.038532558394806196,0.09087986726688083,0.19184490568175372,0.0871042871398131,0.23696380873896802,0.06223551779236518,0.020568617433523513
2012-12-03,0.08884895007274977,0.0554628378555467,0.08568854095455701,0.041627557459834624,0.03852531458287705,0.07464566344626124,0.1917432061209031,0.08717298752999475,0.23719560109380985,0.06225589364175449,0.0368334472417114
2012-12-04,0.08884895007274977,0.0554628378555467,0.08568854095455701,0.041627557459834624,0.03853481741116627,0.06522865891110374,0.1917432061209031,0.08717298752999475,0.23719560109380985,0.06225589364175449,0.04624094894857986
2012-12-05,0.08893590821491865,0.05535152277388044,0.0853924693192952,0.041654877022550794,0.03891801345014234,0.06519258143082977,0.19175023540770114,0.08706245263910838,0.23749394323472267,0.062093219472203205,0.04615477703464756
2012-12-06,0.0891036623593262,0.05535607974111406,0.08601553677643556,0.04167500363011869,0.03915329817405629,0.0650947358535091,0.1915679075308813,0.08711907692464584,0.2370987141638126,0.06214357919046978,0.045672405655630674
2012-12-07,0.08945556829959646,0.05544738384101208,0.08644359572710456,0.04172829652769557,0.03930866598193981,0.06515449224879973,0.1911982631106936,0.08639364342610317,0.2367532989841055,0.06245207579085385,0.04566471606209574
2012-12-10,0.0893629253945413,0.05560916710482526,0.08631770515474793,0.041712577886338344,0.03947157116041498,0.06505960567852445,0.19109552125335538,0.08664915042185477,0.23662177393806177,0.06260088092404997,0.0454991210832859
2012-12-11,0.08999793064172974,0.05621191594480986,0.08645050193455739,0.04196526562974231,0.039685098880372464,0.06507882763057779,0.1907828595056003,0.08601591752049012,0.2358189932999286,0.06256272441306374,0.045429964599127785
2012-12-12,0.09025343177407122,0.05602652015735867,0.0865998720390175,0.042199396202958324,0.039897919707171534,0.06522403116194134,0.1904207311984368,0.08521703710068146,0.2356539155494454,0.06275516517124913,0.0457519799376687
2012-12-13,0.09000719818237214,0.055859144544536735,0.08631642845380676,0.04221548400063861,0.039859203819937766,0.06544740063010078,0.19070158900671408,0.08557165465542392,0.23609034871629878,0.062438269832165175,0.04549327815800534
2012-12-14,0.08955644853366468,0.055752853865560004,0.08609670716911468,0.04231163749580655,0.03998263760101808,0.06537800156477422,0.19087803033116843,0.08610156119358167,0.23595949596476284,0.06226624806964505,0.04571637821090377
2012-12-17,0.09063924548435331,0.0565570132143521,0.08666455125052862,0.042499380044198655,0.04009743187255455,0.0653843905438121,0.18993515762339647,0.08484120357779637,0.23527842944655217,0.06240472170424697,0.045698475238208705
2012-12-18,0.0916127600984596,0.0573069740885655,0.08752035340432988,0.04292543265978525,0.040362050871060075,0.06532057535775382,0.189120713244351,0.08394486070101724,0.2346037202763974,0.06148548384046045,0.045797075457819796
2012-12-19,0.09084576609981108,0.05738010075322875,0.08731459639079346,0.04303705638482294,0.0403051863752244,0.06527400000720444,0.18920563510318686,0.08414349488901238,0.23529553765467157,0.06127927502135136,0.04591935132069284
2012-12-20,0.09120973872879615,0.057566490523946065,0.0881558455326935,0.043251404826865715,0.04047565948968146,0.06515297644971797,0.18900044702896435,0.08401133045758384,0.23512022930163035,0.06043137021866022,0.045624507441460495
2012-12-21,0.0903888874738913,0.057332714442548026,0.08789082413733085,0.04298858666134729,0.040016470221786095,0.06516587084210135,0.18952612376152042,0.08493508851419003,0.23554686331001656,0.060663187507308584,0.04554538312795959
2012-12-24,0.09021626483089165,0.057120559142237376,0.08811666953842491,0.042924863562271445,0.0399801651678235,0.06524245460945682,0.18955493579536842,0.08488187936509749,0.23566808957223453,0.060844334332583905,0.04544978408360995
2012-12-26,0.08979613334620096,0.056686311842474225,0.08764200277382422,0.042898199248034924,0.04008273507145083,0.06521426739386095,0.18986079213873103,0.08514939941529191,0.23589890250829534,0.060877911233672956,0.04589334502816278
2012-12-27,0.08949918824092178,0.0565338843606609,0.08757810220054081,0.043011276997716084,0.040229250192532776,0.06510899094632754,0.18987441067215602,0.08526686148695628,0.23619341966819907,0.06090163794698405,0.045802977287004824
2012-12-28,0.0886311732783243,0.05619555886927262,0.08714595301839204,0.04260313603547861,0.04042237681168881,0.06518202024568272,0.19052817151028603,0.085849847135401,0.2369844045196446,0.06073539007850043,0.04572196849732895
2012-12-31,0.08997124453481986,0.057308438508029455,0.08778602665334115,0.043169862491971696,0.04094791777617901,0.06506173604418654,0.1891734374468961,0.08421123234718449,0.23530240267920716,0.06118234196609934,0.045885359552085184
2013-01-02,0.09105120041879519,0.05864046607829669,0.0886767609456581,0.04359090693495661,0.043264232312777616,0.0872923008727679,0.18718264761103937,0.0573110710362381,0.23443366292494866,0.06124722510536615,0.047309525759155605
2013-01-03,0.09045867005954762,0.058694882676584875,0.08882421419889147,0.04354430273637354,0.045015576401024035,0.11025040361753774,0.18718705538493094,0.031684358006204685,0.2344165918753183,0.06111325065974853,0.048810694383838255
2013-01-04,0.09005768559730844,0.05864046607829669,0.0886767609456581,0.04361395541718835,0.045866977333487546,0.1207053271961257,0.18718264761103937,0.02,0.23443366292494866,0.06124722510536615,0.04957529179058098
2013-01-07,0.08987115315515963,0.05845740190362563,0.08886978540586365,0.04345303386081146,0.045550541307026814,0.12078538768655557,0.18741232558302162,0.020021716405500736,0.23497835514857243,0.060902030144528864,0.04969826939933355
2013-01-08,0.08959009603175844,0.05840239967013325,0.08867307285624393,0.04319918964034889,0.04513115285298495,0.12076939976729924,0.18782250099703182,0.020148508261058795,0.23513345613310008,0.06131831087437701,0.04981191291566368
2013-01-09,0.08970904503272013,0.058613738643764235,0.08890068594036594,0.04336676511262205,0.04527003362313507,0.12066597840176219,0.18770036640760912,0.020105535870500058,0.23477090928212777,0.06121733583564238,0.04967960584975105
2013-01-10,0.09021801468656639,0.05861541162480606,0.08891387545343556,0.04382114306368659,0.04556419913812563,0.12037925769826183,0.18673332927502656,0.020004562751365147,0.23435709234451446,0.06164616485558091,0.04974694910863084
2013-01-11,0.09019030897444298,0.058514296506460214,0.08887923340721911,0.04390143013242555,0.045187493098168094,0.1203362008843376,0.18728428750102144,0.02017824203725812,0.23472746916134898,0.061281369377107056,0.04951966892021077
2013-01-14,0.09010494303049853,0.058532184161700904,0.08898916637998759,0.043942658028006905,0.04536845635798735,0.12030411208217293,0.1871642861374096,0.020117316165064136,0.23419981429488054,0.06144761356787794,0.04982944979441339
2013-01-15,0.09007534191037501,0.05872742263980618,0.08931330538578944,0.043830361859930354,0.04512989186059433,0.1201970484885263,0.1874304313121422,0.020189513779584396,0.23377008743522096,0.061772497225250016,0.0495640981027806
2013-01-16,0.09007714534264727,0.058562597910584505,0.08923378086094622,0.043625646712535125,0.045096334596386185,0.12021581108450384,0.1877046713330078,0.020234707269809464,0.2338065786282855,0.061817105544163344,0.049625620717130586
2013-01-17,0.09057445637895573,0.059049484904843574,0.0893505923711192,0.04393970715629218,0.045307755227098755,0.12008937482216091,0.18667285783091045,0.020014201079845764,0.23318212924715073,0.06202520281092972,0.049794238170692784
2013-01-18,0.09058675877097142,0.059092912167377394,0.08969638864855937,0.043802707264186,0.04531428816659029,0.11983847200453843,0.18680621705593442,0.02012663764159977,0.23292657986837903,0.061797095851382836,0.050011942560480825
2013-01-22,0.09090200778190377,0.059406650565749085,0.08997744394486995,0.043741904584001554,0.04515735406648945,0.11963874800541562,0.1866074184794637,0.020126826214585034,0.2324833129400498,0.06189884588060703,0.05005948753686476
2013-01-23,0.0910521468780109,0.059269315545753,0.08999454159347062,0.04369863986055985,0.04491685262036145,0.11964380761733003,0.18670237887102573,0.020097552664297625,0.23278214685148008,0.061727487498540116,0.05011512999917041
2013-01-24,0.09117237625068898,0.05952501217211275,0.09019564236533495,0.043955375076976964,0.0448023399974486,0.11976971156068668,0.18658508604828763,0.020048340453336103,0.2326992322995078,0.06111473827065713,0.05013214550496221
2013-01-25,0.09181236704316652,0.0600416496575999,0.09069393259106977,0.04449128756058051,0.044712725344476394,0.11987935525632391,0.18560503132122308,0.019801069777295136,0.23196033719758655,0.06090773571456076,0.05009450853611732
2013-01-28,0.09182684414450572,0.06016325145761571,0.09091040424834827,0.044332804300076224,0.04445910278368698,0.11999938244613013,0.1854724135075793,0.0197557072672057,0.2320817706044763,0.06085372923330672,0.05014459000706877
2013-01-29,0.09209373387124835,0.060135223582981664,0.09099079671713721,0.04458912646692558,0.04491001379217118,0.11989108189696679,0.18500366352588227,0.019626455900232095,0.23132318007269204,0.061057081934363884,0.050379642239398816
2013-01-30,0.09189115730308246,0.05951637686636813,0.09030671737526365,0.04471127469578492,0.04477432936148356,0.12014035627086848,0.18542740225788712,0.019626653495153457,0.23094761723672655,0.0616181854435556,0.05103992969382597
2013-01-31,0.09169817900114172,0.059946392120857464,0.0898190712579496,0.04456143971212494,0.04488208582744602,0.12019861907030817,0.1856528114806142,0.01972970207973168,0.23120647744360667,0.061264513049905836,0.05104070895631364
2013-02-01,0.09181849586816461,0.06038359829505603,0.09028317582164394,0.04557865743801409,0.04535790900682423,0.14328098917701398,0.1650776787829077,0.019444065332865162,0.23025759445647254,0.056340897347523136,0.05217693847351453
2013-02-04,0.09034935295333368,0.05982353918516243,0.09022688232338656,0.045651602863929275,0.04514010081798876,0.1667504808252064,0.14643433594056393,0.01968234086410507,0.23119755217193924,0.0516477288847997,0.05309608316958488
2013-02-05,0.09051110273391237,0.06033190611728055,0.09008743493821995,0.04663919041168224,0.04548316441852232,0.18992152953144875,0.1260823174963993,0.019487312790511913,0.23053718976738777,0.04664536298044475,0.054273488814189946
2013-02-06,0.08973709961305879,0.06046683233657929,0.09013339591779236,0.04738884310557828,0.045705419740089744,0.21337632851795652,0.1061458293307431,0.019582209709237405,0.23066179976793286,0.04164045004598593,0.05516179191504564
2013-02-07,0.08906657083423677,0.06037745840788729,0.08996789541490022,0.04800938358892944,0.04581472621590749,0.23786399038741707,0.08582422938756931,0.01954313457971319,0.23094323824890242,0.03643896201416812,0.056150410920368515
2013-02-08,0.08851052715200602,0.060538694749008005,0.09047964270530473,0.049011798888178096,0.04636592129520921,0.26084056058513555,0.06562236900807943,0.019520634222922387,0.23055671233090624,0.03130619599785686,0.057246943065393456
2013-02-11,0.0877888340379582,0.06046449512650192,0.09049273625207237,0.049863777064743806,0.04674348697794215,0.28463841104278337,0.04564420186826894,0.019488738106737045,0.2304795322310891,0.026168522187361404,0.0582272651045417
2013-02-12,0.0870444575280172,0.060454203067810054,0.0904439889129874,0.05073879945580777,0.04710647357499548,0.30735098266183,0.026365255801000402,0.01943804638346173,0.2301946032955752,0.02153769637842146,0.05932549294009332
2013-02-13,0.0867803102424841,0.06038359829505603,0.09028317582164394,0.05096464585299078,0.04720088316178461,0.31500934000636793,0.02,0.019444065332865162,0.23025759445647254,0.02,0.05967638683033488
2013-02-14,0.08683045684451256,0.060514709449520185,0.08989602995924002,0.05067042045644169,0.047163384369036214,0.3149389613198341,0.020078285992193846,0.019613677254185096,0.230816877044852,0.019904916294393504,0.059572281015790804
2013-02-15,0.08681374886335654,0.0605944737030865,0.09009075230313074,0.05059073910344439,0.047039014512050725,0.315288315023015,0.020079239487865944,0.019575975766814576,0.2309487964168727,0.01959899167245392,0.05937995314790902
2013-02-19,0.08729062696288989,0.061008045374001424,0.09053132120696848,0.05108648205341964,0.04704161838018148,0.31462469640293245,0.020007226652940326,0.019439820392645885,0.23043205442258932,0.019506059025781293,0.05903204912564996
2013-02-20,0.0865986814374815,0.060149280415364346,0.09017913797211745,0.05081766403371803,0.046839588786712884,0.31606997028367656,0.020142797183896412,0.019588084860745245,0.23187864279863096,0.019104919799250785,0.058631232428405955
2013-02-21,0.0863404103353521,0.059752104083447256,0.08975607979454484,0.05020969378226798,0.04634026599952406,0.31716737944888557,0.020245544433130473,0.019764028922423373,0.23297091032081588,0.019313768341462107,0.05813981453814654
2013-02-22,0.08688036186404074,0.06025880471956973,0.0902110485272498,0.05075496139854238,0.046382398061396,0.31606211584631194,0.02019966557427541,0.01970862888180938,0.23231420469904238,0.019290601280438333,0.057937209147324024
2013-02-25,0.08560803475910114,0.05919150895840411,0.08908498365090592,0.04976141637612999,0.0459652522218657,0.3175492628340344,0.02044621351368274,0.02018573898383362,0.2347353482168172,0.01955031793793291,0.05792192254729236
2013-02-26,0.08602002773263483,0.05930423545840937,0.08968798014035316,0.050061069103249256,0.04613026406337465,0.31698310131596735,0.0203668789872322,0.020028493349683874,0.23396970745416315,0.019748499090913887,0.05769974330401823
2013-02-27,0.08685838510601784,0.05975919810214255,0.09012342280805705,0.05055328307677426,0.04650382365398831,0.3160902363180233,0.020300024857314553,0.01991315814349975,0.2332330978935785,0.01948487566155669,0.057180494379047264
2013-02-28,0.08674377286816314,0.05991099977045332,0.09019584158552547,0.05053439745668866,0.046319965561451126,0.3162603315979951,0.02034182907252683,0.019963294989191322,0.23346386730652627,0.019299627860487608,0.05696607193099121
2013-03-01,0.08694088228300315,0.06012095726078362,0.0902755987923901,0.050378683386827695,0.04942414140381067,0.3314138779083066,0.02018598777093794,0.020025763609578667,0.23375793234387737,0.01920933198995752,0.03826684325052669
2013-03-04,0.08694088228300315,0.06012095726078362,0.0902755987923901,0.050378683386827695,0.05247264740723802,0.34684396653592253,0.02,0.02,0.23375793234387737,0.01920933198995752,0.02
2013-03-05,0.087457493826701,0.060638419622064454,0.09069942765465008,0.05072732550370043,0.05294988080518159,0.3457659588997753,0.019919709115164712,0.019882876842455904,0.23267101938939153,0.019161956546580178,0.02012593179433489
2013-03-06,0.08763317535753791,0.06083560436438005,0.09041753992991544,0.050889337748723895,0.053240391195115803,0.34594865314330964,0.019869221155533454,0.019715220865396482,0.2321421093588239,0.019281308479659906,0.020027438401603547
2013-03-07,0.08784360941467789,0.06116114060405561,0.09014304024614665,0.05106577206329678,0.05341820689782326,0.3460700500944939,0.01980443827944116,0.019574883502727805,0.23152110014553037,0.01922465411405944,0.020173104637747102
2013-03-08,0.08816954643338716,0.06169347612499683,0.09014574080352766,0.05114959974754121,0.053852474636829246,0.34592018623029186,0.0196928636547941,0.019359948263494815,0.23057813461582194,0.019216571866515535,0.020221457622799578
2013-03-11,0.08844025862855823,0.0616291649645408,0.09043400657705115,0.05126758033230829,0.053520897072470895,0.34562932859550316,0.019687947007869702,0.019364503520212007,0.23056671545060714,0.019237895274265705,0.02022170257661293
2013-03-12,0.08829322852890818,0.06153999291620389,0.09015922302860255,0.05103903279466224,0.05294197909834075,0.34591241532362865,0.019753453183278324,0.019515787152086867,0.23116674015808208,0.019400075291377737,0.020278072524828772
2013-03-13,0.08847990499730761,0.06181358039458301,0.09024856669238847,0.05099720070680914,0.052478437797093554,0.3460726258969102,0.019750499570500034,0.019509194868569654,0.23111493131416905,0.019346927357806402,0.02018813040386301
2013-03-14,0.08873006217341786,0.06227759501002262,0.09050816082304664,0.0513691978589378,0.05256734274623921,0.34521316228211146,0.01970703026972378,0.01940180849040816,0.23063785387029076,0.019301391590813573,0.02028639488498815
2013-03-15,0.08859553743615474,0.062232639279751416,0.09052977629856424,0.05146235434873829,0.052082206344709794,0.34526867127611444,0.019772019873506682,0.019488948422594472,0.23090293792948602,0.019337946835908445,0.020326961954471423
2013-03-18,0.08822298920040823,0.061972869688866054,0.09040069778944555,0.05096228143938417,0.05156573603179602,0.3458067286694091,0.01986332706324436,0.019663044366809143,0.23177047818542176,0.019536884802801573,0.020234962762414006
2013-03-19,0.08811929651725839,0.06178077798387777,0.08986262731096531,0.050865796491188144,0.051258830827413907,0.34616349749440684,0.019947708685799752,0.019818992942028338,0.23242549534932583,0.019647474844454543,0.020109501553281152
2013-03-20,0.08861525754411298,0.062269584284461096,0.0902649547172322,0.051107048572174664,0.05148233232986428,0.34565608382880125,0.01984448180542552,0.019571491883222304,0.23143350901246199,0.01953174377976704,0.020223512242476656
2013-03-21,0.08803935517962745,0.061851062042039634,0.09014942016683213,0.05074675002919752,0.0510631641329003,0.3464096094844816,0.01993763300081381,0.019800993094967394,0.23214376464876818,0.019682354685866158,0.020175893534505763
2013-03-22,0.08856999238273297,0.06191868084114605,0.09051966464484688,0.05108466784614783,0.05115662135645615,0.34563841355786,0.019905407396258627,0.0197767619697277,0.23170122095655482,0.01955568692048769,0.020172882127781205
2013-03-25,0.08829787238475882,0.062023037938315956,0.09055934531599846,0.05050381288287299,0.05116456533353778,0.3460219626282548,0.01994241121381214,0.0197801468799721,0.23195833586167328,0.019538371203718943,0.020210138357084653
2013-03-26,0.08873911498841192,0.062035578824330105,0.0909611714861208,0.05067105351746405,0.05174214837035729,0.3450311331268773,0.019903398030289055,0.019744725539323858,0.23142159151124764,0.01941486561186909,0.020335218993708895
2013-03-27,0.08860951426419865,0.06198440522945301,0.09097302143736122,0.05034830765259897,0.05186100390495654,0.34460885723358214,0.019959707715301943,0.019883882191886585,0.23189544078210486,0.019466703195163314,0.020409156393392806
2013-03-28,0.08882984099204932,0.06202698308966349,0.09134049519008461,0.05055888635945214,0.051939967320847456,0.3444480666454115,0.01991093436696712,0.01977151637869556,0.23162458118546542,0.019343865585578903,0.020204862885784578
2013-04-01,0.08867393501219277,0.06132806795272327,0.09183229854565672,0.04999196514733883,0.051494946098050276,0.325482203699044,0.03980527927465553,0.01996446974810923,0.2318026902587841,0.019411734663845256,0.020212409599600103
2013-04-02,0.08901314387893072,0.060998398143308465,0.09200552939420777,0.05041897307339378,0.05150251501306017,0.3055822203080737,0.059589725844425574,0.019892891657499495,0.2317304103424421,0.019175249613632327,0.020090942731026053
2013-04-03,0.08839889246147009,0.060429547242417885,0.09176059738823017,0.05022920727599424,0.051118765608143435,0.28649197890370365,0.07962052627353405,0.020087703566376063,0.23292849306931354,0.019092848325561497,0.01984143988525558
2013-04-04,0.08845522876969923,0.06085852439852868,0.0924668107730033,0.05032983635497722,0.05095380744287774,0.26550581571077314,0.09959055244306168,0.02016462952890157,0.23278977367709172,0.019079087044662685,0.01980593385642326
2013-04-05,0.08822689150168211,0.06091719638372678,0.09232020813504584,0.050024269466289635,0.05104436161536373,0.2454492002538797,0.11973824547151915,0.020329940278884174,0.2327040648219159,0.019390182175539505,0.019855439896153678
2013-04-08,0.08866893816455604,0.0613206855598075,0.09230030551658175,0.050046013624034436,0.051313005116141244,0.22533393997125797,0.13960044051131257,0.02003312630767492,0.2320753559071211,0.01935640547373697,0.019951783847775722
2013-04-09,0.08867393501219277,0.06132806795272327,0.09183229854565672,0.04999196514733883,0.051494946098050276,0.21242555888706316,0.15307433368623655,0.01996446974810923,0.2318026902587841,0.019411734663845256,0.02
2013-04-10,0.08957438349823166,0.06230948002840199,0.09218130347570691,0.05063000319888258,0.05187678470316491,0.21198609099589305,0.15212222330240768,0.019649504610196666,0.2307117079252066,0.019044378542598293,0.01991413971930976
2013-04-11,0.08972526027413037,0.06229669034183381,0.09248341139633778,0.05094500067096328,0.05184317557636797,0.2116495341342326,0.1520498745226764,0.019655937452670733,0.2304980356242235,0.019051982082086423,0.019801097924477293
2013-04-12,0.08947711161368078,0.06202526907317465,0.09299210224402292,0.05080273505353072,0.051034689561050686,0.21160759339900836,0.15284738124058778,0.019942484951362607,0.23156929060241718,0.018150710318555984,0.019550631942608476
2013-04-15,0.08833456882059014,0.06032282432114311,0.09163951713631976,0.0503324481834947,0.05032208044665473,0.21388687287056002,0.15481729622584403,0.0203301170790096,0.23411293742755185,0.01673328388121422,0.019168053607618068
2013-04-16,0.08920101301472305,0.06106755175701048,0.09263492033361687,0.05079717369963296,0.05110587403346518,0.21284267094531106,0.1536220629601904,0.020064729563337744,0.23254804699501413,0.016840540336922567,0.019275416360775864
2013-04-17,0.0883287417703932,0.06030265332622582,0.09196301427863837,0.04998390564152191,0.050543686103677696,0.21388655653284372,0.15466038345051494,0.02029702662206262,0.2340162169125507,0.01693205499177701,0.01908576036979428
2013-04-18,0.08780348577241881,0.05998646908545783,0.09199142692133395,0.04984631641551003,0.05055930194342639,0.21395263834144715,0.15479365006637705,0.020352902360367298,0.23430059027522987,0.017119572111993154,0.0192936467064387
2013-04-19,0.08821600760134282,0.06043587482660237,0.09268470664119759,0.05004689109103255,0.05109528902895897,0.21310523561635053,0.15409541389608578,0.020229472293457573,0.2337182698373109,0.017200318829846118,0.019172520337815156
2013-04-22,0.08845526480601491,0.0605051603569323,0.0926542162617198,0.05017224425662527,0.05125249539826175,0.21276423766167774,0.1539156523187652,0.020209509590701637,0.2333933638960818,0.017478767494795714,0.019199087958424205
2013-04-23,0.08907944870169651,0.06126607828482274,0.09289494332168059,0.050718527206979384,0.051331684946309346,0.21205415092398736,0.15332126121710635,0.02007397465866321,0.23294766757908011,0.017293624361717934,0.019018638797956802
2013-04-24,0.08895341186135228,0.061458571791749586,0.09299935338580265,0.05105196283456431,0.051531226720831685,0.2116450198825679,0.15307782453764798,0.02008357628028989,0.23256609554518073,0.017446069102719265,0.01918688805729412
2013-04-25,0.08916867712464556,0.061761939256612094,0.09273293392161061,0.05123755198249673,0.05190965466784932,0.21127567089547097,0.15265990399962115,0.019964358889149245,0.23205441087894396,0.017828056070496326,0.019406842313104467
2013-04-26,0.08900880993997472,0.06142967403901323,0.0923085069757506,0.05127816761643421,0.051385180415718296,0.21132005561237438,0.1532045524739633,0.020146697554223686,0.23288588652522316,0.01773695193915441,0.019295516908170426
2013-04-29,0.08930870635837385,0.06166808034824709,0.09271691401146862,0.05176124230654278,0.05174873122961069,0.2106709881734424,0.15264178235936884,0.020006836580508208,0.23213464022196648,0.017852678510866176,0.019489399899605228
2013-04-30,0.08936575694638195,0.06190932324998813,0.0934586535054652,0.051737874675498556,0.0523968881957994,0.21027905377833703,0.15234782606922004,0.019983348104016706,0.2313323980540217,0.017880434567459975,0.01930844285381167
2013-05-01,0.08881102468426648,0.06056531144133003,0.09306227295345422,0.051561642904737734,0.05196187117131471,0.19313192265630602,0.1607506115713667,0.027829203335273386,0.23559599138665838,0.017718180311754407,0.019011967583538243
2013-05-02,0.08921584831060622,0.06113189373690397,0.09311862341488739,0.05156475023795331,0.05214795629348874,0.17475220752497445,0.1679998390463273,0.0354207694472668,0.23774781464247463,0.01775335909988514,0.01914693824523232
2013-05-03,0.08970772025974227,0.06158208018588717,0.09322118974238394,0.052020778331308644,0.052395102745102916,0.15724670683181846,0.17488978890061105,0.04256011972816624,0.23936222673178306,0.01776808035278963,0.019246206190406758
2013-05-06,0.08924511564341893,0.06112442889430262,0.0932522328117626,0.051707688672197674,0.0521537561572161,0.13945210465859736,0.18289768513481028,0.05047346750835115,0.24284556677659686,0.01773681269039633,0.01911114105235017
2013-05-07,0.08881102468426648,0.06056531144133003,0.09306227295345422,0.051561642904737734,0.05196187117131471,0.1272913080960918,0.18863663702102007,0.05600470141338647,0.2453750824191059,0.017718180311754407,0.019011967583538243
2013-05-08,0.08897884102392789,0.060580761979935255,0.09304142221559442,0.05196748320910272,0.05222567177300201,0.12696909260554598,0.18836370523278242,0.055944647276306485,0.24494738661572302,0.017933072003623034,0.01904791606445695
2013-05-09,0.08897277568259153,0.06053981593400905,0.09282002014036159,0.051607960026811506,0.05199069988251389,0.1273039202338946,0.18884778730270801,0.05595431076017373,0.24509530137003593,0.01777421403578728,0.01909319463111312
2013-05-10,0.08951027564594836,0.06116915033909144,0.09310309688651432,0.05180918645329082,0.05173145401911533,0.12764246340261415,0.1883022360049535,0.055506781849159935,0.244495482448778,0.01767043261941224,0.019059440331122113
2013-05-13,0.08975991948809925,0.061246700224743655,0.09342752969137748,0.05188754698199481,0.051358625829383706,0.127866450148753,0.1883433324226486,0.05519114876063814,0.2443510721002846,0.017557239395187735,0.019010434956889175
2013-05-14,0.09065200241548516,0.06200731623475722,0.0938835082645466,0.05196657667664529,0.051576373714187704,0.1278164256937176,0.18751403368955852,0.0545702937364747,0.24360390886138594,0.017471766013777305,0.018937794699464213
2013-05-15,0.09087090562676996,0.061950203221412814,0.09443705359699142,0.05203580492030098,0.05143578495169012,0.12745370732247058,0.18745032420044364,0.054773089928474156,0.24373650077140643,0.017018148561171183,0.018838476898869083
2013-05-16,0.0903447931866226,0.06172455417166829,0.094031374055984,0.051624107588541794,0.05120157664623776,0.1273437522270487,0.1881368162322067,0.055281732728747306,0.24458391688642792,0.016931255466467794,0.01879612081004742
2013-05-17,0.09125087323338282,0.06243950481272999,0.09465551830945823,0.051996723626508944,0.051444541676280056,0.12735798369931567,0.18718699643768916,0.05460134769060532,0.2436143051368236,0.016555696885778518,0.018896508491428005
2013-05-20,0.0911885034136379,0.06250136171128133,0.09454619493639742,0.05225276244224113,0.05154270956443371,0.12729362759846827,0.18693028573529996,0.05450203655754558,0.24317854894480992,0.017056616565462115,0.01900735253042286
2013-05-21,0.09113510411013376,0.06238765956018658,0.09479438170292817,0.052254114412622704,0.05133221777423378,0.1270364388109739,0.18704153623198166,0.05481991014568952,0.24359770652346108,0.016739963899536688,0.01886096682825245
2013-05-22,0.09132654416407308,0.06206552595212126,0.09333423699342588,0.05222374033467392,0.05125181183988119,0.1282090907221518,0.18733671480388053,0.054523676674498284,0.243993110027604,0.016780933674670033,0.01895461481302037
2013-05-23,0.09119618696426701,0.06223303253834808,0.09216457077846907,0.051552037848775566,0.050944813532266535,0.12842792489892077,0.18780624126560846,0.05486250454641581,0.24459718857290777,0.017145682679303317,0.01906981637471789
2013-05-24,0.09126189238095303,0.06231787159114929,0.09195326347369186,0.05118309000316404,0.050581937561223554,0.1285988430046015,0.18817143566091324,0.05502390713439075,0.24481681146446774,0.017064129660358855,0.019026818065086423
2013-05-28,0.09227563652970332,0.06344769289887017,0.09150158688400435,0.05157749953170692,0.05111597056929519,0.1291614078285335,0.1869075212010225,0.05390237330675787,0.24369447299602776,0.017116346647206748,0.019299491606871937
2013-05-29,0.09193777347483587,0.06303820861008207,0.0899308274219955,0.051229234875409216,0.05061039625336472,0.12952969519294932,0.1882068443790694,0.05466387154201072,0.2442860829320443,0.01733745905155304,0.019229606266686163
2013-05-30,0.09222445833598474,0.06342547143612434,0.08902170506390714,0.051401316287467434,0.050581459253342786,0.12948632090155068,0.18811704920364317,0.054499734186133145,0.2444560063693148,0.017567867415471814,0.019218611547060272
2013-05-31,0.09159191569756686,0.06320325224439645,0.08860209865570663,0.050786017937532194,0.05004288423808832,0.13045528084475536,0.18902671737137852,0.05472758106762701,0.24508747410666998,0.017341442529674688,0.01913533530660427
2013-06-03,0.0918397913415659,0.0636265855506306,0.08857403441962647,0.0510995596562389,0.049429945971714025,0.14799621320254944,0.18209480398469743,0.053484868531857306,0.23490842373279616,0.017627598816713275,0.019318174791610736
2013-06-04,0.09181601497645576,0.06325306534300727,0.08797025105567664,0.05176547134117842,0.047843310123696095,0.1666471742534423,0.17571009335645574,0.051852538867980566,0.22612297179611862,0.017545475982552974,0.01947363290343584
2013-06-05,0.09092156599192666,0.06272556226217015,0.08741520686120767,0.05109500322371177,0.04598305345055763,0.18536830038997926,0.17038964009374064,0.05134263847941571,0.21765579291800952,0.017649909378938948,0.019453326950342315
2013-06-06,0.09130568522943809,0.0630935662347771,0.08859897221307862,0.051408120148630825,0.0449408812018679,0.20253627872128646,0.16290109444049417,0.049634328440147965,0.20846881104579504,0.017688501588749145,0.019423760735734864
2013-06-07,0.09255325386191711,0.06366115989147796,0.08865964752726557,0.05241879389675761,0.04358960892741778,0.220815873339599,0.15509587955658297,0.04743925807297889,0.1989748585934506,0.017306247342204067,0.019485418990348665
2013-06-10,0.09271317607286064,0.06416429195379796,0.08810341925084599,0.052828311294459696,0.0419488534092777,0.23912460109584477,0.148347448327449,0.04596098785650064,0.1899208194407266,0.017440361314273702,0.019447729983963543
2013-06-11,0.09212543429151308,0.06372968139711122,0.0871957890143437,0.05266638506706663,0.040196602124396186,0.25819978552307415,0.1424834249832593,0.04528733190390149,0.1813256483831577,0.017434080514062304,0.01935583679811452
2013-06-12,0.09180548724361139,0.06341419205138082,0.08646043394982512,0.053118647486060905,0.038969184791682626,0.27774266353879196,0.1355578801737704,0.04344076303295236,0.1723795069135915,0.017648357622656995,0.0194628831956761
2013-06-13,0.092205310966181,0.06384711938620777,0.08819269075734838,0.053622932660851864,0.03816643016429345,0.2941931550835708,0.1279413936616433,0.04217826412214512,0.1628588378086417,0.017412355438917608,0.019381509950199022
2013-06-14,0.09178682482037248,0.06347361224966498,0.08856449718959977,0.05342879190516123,0.03639681433965963,0.3149301382719709,0.12076178943992912,0.04060265033199634,0.15303263262349417,0.017538648450692466,0.019483600377459
2013-06-17,0.09231087764739392,0.063776317400783,0.08854425335168617,0.05436565475158443,0.035399038204520256,0.33483508608459556,0.1126267852077366,0.0387728057929124,0.14244506708832902,0.017440510445064568,0.01948360402539406
2013-06-18,0.09280021809716409,0.06435609969000997,0.08854286409667358,0.054888938748554154,0.03421578137327481,0.35464943842549357,0.10476710902570428,0.03718637905576788,0.13188545990197487,0.017233512194407136,0.01947419939097558
2013-06-19,0.09247997532445254,0.06422026079128579,0.08700667234126028,0.054740140887872595,0.03229391233992197,0.37862925903846656,0.09676324501083688,0.03564078029201196,0.12127967164555388,0.017260616423895623,0.019685465904441847
2013-06-20,0.09160363745322843,0.06349833446039439,0.08527902897254888,0.05395194502376501,0.030130985518531057,0.4051407362153782,0.08962464662202207,0.03395526288999036,0.11078181402511554,0.01669734332828552,0.019336265490740495
2013-06-21,0.09193905202787457,0.06371067287780753,0.0866091462462067,0.05456235283306323,0.029288302702012284,0.4266342492605931,0.08032592804369834,0.03176094877063538,0.09893934784426847,0.01699193289030053,0.019238066503539847
2013-06-24,0.0913307682959778,0.06325986752991501,0.08679570047611256,0.054470982123672906,0.02759302644906645,0.4502383758530416,0.07199296787766105,0.030354865587434006,0.08767455983221188,0.0170258490787369,0.01926303689616988
2013-06-25,0.0918256804126286,0.06360478934230751,0.0881195891998277,0.055365363086597695,0.026681090508396482,0.47113242511932,0.06276595936045995,0.02825237632729985,0.07601681082137685,0.017017713527881256,0.019218202293904176
2013-06-26,0.09228522426800514,0.06366319336486197,0.08900391648076163,0.05580121335611408,0.02558076866888365,0.4923853840681947,0.05409823368273453,0.026639959835814103,0.06487673492193906,0.016524508425271565,0.01914086292741969
2013-06-27,0.09221419887866815,0.06414052631248099,0.08973330543045527,0.056404953475043366,0.02448160808730592,0.5127348566642392,0.045658889297173676,0.02509400133754333,0.05394710577588102,0.016487403171065992,0.019103151570143223
2013-06-28,0.0918814025545321,0.06375276885939077,0.08912185166417387,0.05671495242555395,0.023047140945390447,0.5365747923447781,0.03683641113483103,0.02346987100250481,0.042296347918180204,0.017182972140995182,0.019121489009669583
2013-07-01,0.09218628527949839,0.06462750629415091,0.08842830327548987,0.058207926464275146,0.021377625799151014,0.5594111665090554,0.027542849000714673,0.02155640437975715,0.0300370916105296,0.017430228250232077,0.01919461313714574
2013-07-02,0.09218628527949839,0.06462750629415091,0.08842830327548987,0.05911094149481996,0.02,0.5790221222686629,0.02,0.02,0.02,0.017430228250232077,0.01919461313714574
2013-07-03,0.09225649614635535,0.06478048863243892,0.08807350692031973,0.05915083372138452,0.019821935351336837,0.5791429601033399,0.01996748594380948,0.01994671241304735,0.01994860222152115,0.01753614813358634,0.01937483041286034
2013-07-05,0.09336209596552593,0.06577438194051552,0.08725031230016395,0.05949852290261636,0.019718634607018316,0.5792088074490583,0.01965478226833953,0.019289556625374158,0.019719045255162562,0.01717154679329545,0.019352313892929816
2013-07-08,0.09364005959740816,0.06585925560590729,0.08735720442105757,0.05970648300813119,0.01969148969209248,0.5780495106032681,0.019716531682567127,0.019423713362590637,0.01982686047990966,0.017330900524932427,0.019397991022135207
2013-07-09,0.09400700547798267,0.06625493168427334,0.08817900673998522,0.05983933389165754,0.0198846074179868,0.5760994122033765,0.01968538802533995,0.019380332701643847,0.01977979258848286,0.017434926677936256,0.019455262591334763
2013-07-10,0.09403820904001362,0.06643652337861256,0.08817624031623611,0.06001127880775404,0.0196950119014232,0.5760813383425485,0.019614802489833848,0.019228148727149078,0.019721508331386094,0.01748207779914848,0.019514860865894143
2013-07-11,0.09449469667972693,0.06663579546847795,0.08982874771154839,0.06103305210904574,0.02048217943841316,0.5715735706747977,0.019639769029212634,0.019285460100300734,0.019781344911247868,0.017802306933137453,0.019443076944091222
2013-07-12,0.09466697595208896,0.0668661357335338,0.0893666287666026,0.06071272987920342,0.020292076950173325,0.572036877714845,0.01965191514813339,0.019296423211757056,0.019753613294048507,0.017811524757981954,0.019545098591631775
2013-07-15,0.09480345294821915,0.06729237992686347,0.08948089347368293,0.0609435430318454,0.02045193922761401,0.570952081521385,0.019666940590204504,0.01935255939353758,0.019833135777136822,0.01777647163961945,0.01944660246989143
2013-07-16,0.09450078933423117,0.06699177391231573,0.08938709759680503,0.0609368982064968,0.02054653710559672,0.5713373526783672,0.019687506523763835,0.01942947890872679,0.019814726464076348,0.017888049440706984,0.01947978982891317
2013-07-17,0.0946012314463868,0.06715090787786966,0.08972208852255409,0.06102760198907915,0.02070269605194996,0.5706832083966961,0.01974451327465531,0.019436041943763933,0.019859351433929362,0.017636682635741453,0.019435676427374007
2013-07-18,0.09498523351284179,0.06750338210237826,0.09015498294786448,0.061345623565382125,0.02042971906266136,0.56981051012776,0.0196244792204317,0.01916614529086843,0.01977953427750429,0.01771033998036868,0.01949004991193861
2013-07-19,0.09505555619934981,0.06753715163375607,0.08997074694912092,0.061231707638621576,0.020351595692363864,0.5694910866860531,0.01971161121100133,0.019449101079767862,0.019867738954381917,0.017848955202921665,0.019484748752661582
2013-07-22,0.09507728322295045,0.06756326676211086,0.09007561686996401,0.061469022556437956,0.0205183339891943,0.5685122524517618,0.0196758149720363,0.019444118979606632,0.01987835656489361,0.018349506532156994,0.019436427098886662
2013-07-23,0.09487366660352417,0.06751683096385476,0.09003508989358532,0.06159890870985568,0.020740373306546375,0.5684348128221139,0.01965248539328564,0.019361990129252684,0.01984701325597063,0.018473084961315445,0.019465743960695038
2013-07-24,0.09492182995972123,0.06723495461943177,0.08865322610356556,0.061775986672958305,0.0206142986205269,0.5705451341031331,0.01960210833989362,0.019196700960326107,0.019833320185946208,0.018231537949187162,0.019390902485309686
2013-07-25,0.09501330996488508,0.06775210624072435,0.08841920878316985,0.06180667306649945,0.020703369413792187,0.5700467013754513,0.019602183129334948,0.01916143708442225,0.019780080665976942,0.01837475606061737,0.01934017421512587
2013-07-26,0.09513808258277452,0.06749660219128953,0.08867532634843323,0.061437973636317485,0.020661804703897647,0.5702553525603765,0.01962431938070864,0.019283868721258132,0.01980569712990721,0.01839501418102137,0.019225958564015384
2013-07-29,0.09509729159805501,0.06720127563597439,0.08820610052448825,0.061013411806993746,0.020456586980184342,0.571701209840608,0.01963596779101647,0.019193807099477427,0.019825370807481025,0.018399443158248232,0.019269534757472704
2013-07-30,0.095112509381238,0.06727054285409098,0.0881158097720226,0.06101304414286197,0.020413040707652548,0.5718605154746647,0.019633330684397574,0.01918972385353319,0.019833738332363557,0.01835225255892229,0.019205492238252263
2013-07-31,0.09525741763767577,0.06744221219120802,0.08697261732508986,0.06120451368518659,0.02030985047181801,0.5723243588199699,0.01966274997860154,0.01927508906337017,0.0198515588024567,0.01834420088559211,0.019355431139030967
2013-08-01,0.09619775051048939,0.07088445397466547,0.08634513899942814,0.06267512342421312,0.02,0.5684199295463864,0.019456657876704458,0.018872162158522544,0.0196605162243719,0.018120399338467506,0.019367867946751043
2013-08-02,0.09625359442959323,0.07086594028521422,0.0858709907416396,0.06311685848473964,0.019972633114787027,0.5681890080329217,0.019600480103061847,0.019058632517283347,0.019735641662017123,0.018064421746905507,0.019271798881836756
2013-08-05,0.09618500406549825,0.07116193336135962,0.08588334697917228,0.0630311081628097,0.01986179720178462,0.568548282983659,0.01955355235988111,0.018926119159371955,0.019675861773158495,0.01798356322021685,0.01918943073308816
2013-08-06,0.09585919452534257,0.07060969418189524,0.08578110648809287,0.0630842066909307,0.01965539207073877,0.569793107665337,0.019604480511327346,0.019025441354751434,0.01973345275648335,0.017776996090966286,0.019076927664134474
2013-08-07,0.09567888372799833,0.07020510338472555,0.08554487138978038,0.06289268355277021,0.019470019964626013,0.5707054883667009,0.019702759253106387,0.019193363550611776,0.019803898318498648,0.017827087334077868,0.018975841157103986
2013-08-08,0.09581216024638858,0.07033659331713395,0.08542954910377341,0.06331443819494216,0.019798941701611936,0.5694136782182116,0.019687098367941663,0.019201915974586266,0.019800767758013652,0.01817499171372502,0.01902986540367183
2013-08-09,0.09547313905374609,0.07021631523000081,0.0861823723685641,0.06338575229004817,0.019826282093964948,0.5689061135106275,0.019687709428043453,0.019219811184168555,0.019787808573866875,0.01816309656564982,0.019151599701319813
2013-08-12,0.09536584383101485,0.07059156620511423,0.08548290866801743,0.06321513874879121,0.02001380799432797,0.568938840926967,0.01965028088199034,0.019090101002128886,0.019778530611557016,0.01848916587732849,0.019383815252762785
2013-08-13,0.09579396246425592,0.07060480607771107,0.08443770221370955,0.06372238519034329,0.02016547483993474,0.569538169610961,0.019502661361859634,0.0188428839527513,0.01966789361112669,0.018318090748632224,0.01940596992871485
2013-08-14,0.09535070258677752,0.07036315406921882,0.08429732412437665,0.0637853649623396,0.02024127292399947,0.5698256430575804,0.0195298900328893,0.018881125167520236,0.019644765458595767,0.01850811369906232,0.019572643917640263
2013-08-15,0.09450213043481129,0.0694141233133461,0.08312925272877764,0.06357754161182687,0.020112298356176124,0.5725614660677452,0.019521893484852088,0.01872223126076814,0.019606198769263696,0.018991526066151912,0.01986133790628128
2013-08-16,0.09443685688885095,0.06930316032781371,0.0814240534384059,0.0638582078586566,0.019992105126003638,0.5741317746978682,0.01949717821313203,0.018706204233797152,0.019559445943089594,0.019170039247045724,0.019920974025336755
2013-08-19,0.09419481214730245,0.06886550314767423,0.08062701534941802,0.06364708714143279,0.019691258989106893,0.5762075500333622,0.019488270495131434,0.018614797803354382,0.019527452331065273,0.0191611806697825,0.019975071892370154
2013-08-20,0.09430338960772361,0.06959599540467566,0.08220903685191067,0.06332591271661316,0.01958190555785799,0.5741860163544722,0.019520438959861542,0.018688063267900873,0.019573569007935554,0.019153051587977404,0.019862620683071687
2013-08-21,0.09402718322912904,0.06939828099696506,0.08230450351938108,0.06278401090774428,0.0191862051796955,0.5757112637087045,0.019460835911277917,0.01854364968940822,0.019519333134719756,0.019160194953718665,0.0199045387692563
2013-08-22,0.09456251411185192,0.07013756845230668,0.08248645138971825,0.06318181851066665,0.019431439859464515,0.5735548298238293,0.019387058370673917,0.018668962045442033,0.01954256606072366,0.019202217290063953,0.0198445740852595
2013-08-23,0.09458453780416105,0.0700947634610489,0.0831869514374306,0.06353101506703798,0.019598830828460964,0.5717602703670411,0.019435083477151054,0.018812584343378055,0.019612509207071884,0.01944337202728599,0.019940081979932755
2013-08-26,0.09430513871432371,0.07015553149030058,0.08293561166204358,0.06311523242690291,0.01940077963364349,0.5724042649244612,0.019488892652089737,0.01892094101911263,0.019667840201518908,0.019537675391494928,0.020068091884108637
2013-08-27,0.09314646370016691,0.06877453694907322,0.08300507836083082,0.06228075786733294,0.019027362569527653,0.5748864064028129,0.019675257007562466,0.019233188693176324,0.01982803999249927,0.019801328312995796,0.020341580144022063
2013-08-28,0.09352485062770881,0.06894614642313075,0.08265139154317468,0.06223987963038032,0.019077830574578833,0.5748381616048104,0.019605296131062083,0.019087054037936604,0.019841655088226162,0.019805619710318308,0.02038211462867352
2013-08-29,0.09357832142478929,0.0695653508479527,0.08269953203460229,0.062073226533502245,0.019211259677146496,0.5743921902456742,0.01960492622317744,0.019219871623996285,0.01984086293020233,0.019663988658375393,0.020150469800581702
2013-08-30,0.09354991394905085,0.06867737871030653,0.08230241396182633,0.06148264547906226,0.019414541444806182,0.5761108626990622,0.019624119254405947,0.019253293724312982,0.01989786757387224,0.01953905724323122,0.020147905960063713
2013-09-03,0.0938610805413997,0.06906032125540365,0.0549413954087465,0.06333219271623133,0.01951383879896904,0.6011394955715702,0.019489497229501312,0.01895914837064518,0.019795874683114008,0.019776745050526814,0.020130410373892463
2013-09-04,0.09402391626232336,0.0691895872914918,0.02905966542534621,0.06417557743511343,0.019595267037616857,0.6260949719334532,0.019465374577942243,0.018941050632196428,0.01976963239373839,0.01970358964742097,0.01998136736335704
2013-09-05,0.0938610805413997,0.06906032125540365,0.02,0.06430455664058463,0.01951383879896904,0.6352389374298555,0.019489497229501312,0.01895914837064518,0.019795874683114008,0.019776745050526814,0.02
2013-09-06,0.09367322422735914,0.06907780886904548,0.020316152360685513,0.0644931014023369,0.019751948451974533,0.6342650760651011,0.019559425165052994,0.01900615094401864,0.01977522522281755,0.02001864651640822,0.02006324077519975
2013-09-09,0.0942088315048056,0.06985553415717356,0.020638378141101008,0.06512945374600725,0.020193228669036868,0.631991245412872,0.019523958099685785,0.018942700631562746,0.019751086152613586,0.01990646432112051,0.019859119164020902
2013-09-10,0.09479124223365683,0.07045596366651732,0.020587717531251257,0.06578569559523106,0.02032125808010848,0.6310040496140711,0.019410166386883,0.01878772788140983,0.019640460098661376,0.01956026069166435,0.019655458220545232
2013-09-11,0.0949558428959932,0.07039101476411266,0.02070046404920373,0.06592437149090627,0.020307581667507676,0.6304216142956997,0.019480992026487513,0.018928229508096982,0.01970499879732555,0.019526991965284783,0.01965789853938193
2013-09-12,0.09489827599537017,0.07001849782810968,0.020610875370954147,0.06568173727188308,0.020113222323251665,0.6317175440688436,0.019522999147735857,0.018941431689126376,0.019731323282547713,0.01896838144697037,0.019795711575207212
2013-09-13,0.09500122838861569,0.07031957958039317,0.020631997982288305,0.0659201948617672,0.02022251135744051,0.6309836431853005,0.019525809008858776,0.018992793778446315,0.01972079421662363,0.01896860497621651,0.01971284266404915
2013-09-16,0.09539973620003443,0.07036229738763783,0.020801817335118936,0.06632909144765466,0.020416134501850244,0.6304334293681763,0.019537960411302305,0.018836360362041542,0.01971254772660549,0.01873557982987147,0.019435045429706595
2013-09-17,0.09569321363342768,0.07096087905242059,0.02075706068623663,0.06627939445948589,0.020343869878894,0.6297875051117852,0.019550095357711423,0.01896580572173379,0.019738302793280448,0.018717120838779983,0.01920675246624415
2013-09-18,0.09603730475429037,0.07107150023842897,0.02131301562403782,0.0675105614731782,0.02102904877162422,0.6256356849625386,0.019636409776655712,0.01904845095452219,0.01986985632065232,0.019378333505362808,0.01946983361870837
2013-09-19,0.09600993236137616,0.07109741364552248,0.02125979871205358,0.06728244200194991,0.020946412230159552,0.6262846626175517,0.019595788916126816,0.018962346964114633,0.01977126273040132,0.019367112412040588,0.019422827408702895
2013-09-20,0.09560412714711683,0.07103547735692979,0.020951264073150885,0.066979973721289,0.020536231427136308,0.628102978642326,0.01966983107304762,0.01911535228497544,0.019843904386017627,0.01886236381295839,0.01929849607505182
2013-09-23,0.09518439937373506,0.0710590775617524,0.020821923011863103,0.06697509898975788,0.020614347605907402,0.6284016480078856,0.019748549543397987,0.01926023070385508,0.01996649767365551,0.018806408318598835,0.019161819209590827
2013-09-24,0.09495954007852386,0.07129440751185825,0.020684217741926896,0.06687028875922955,0.020438440887707812,0.6284708005963184,0.019820464308043278,0.019467808961092205,0.020017343416418545,0.018822467126245107,0.019154220612635834
2013-09-25,0.09467034428694544,0.0711496639873115,0.020752014876242144,0.06693284528195474,0.020279082160145238,0.6285963709453476,0.019871919631862005,0.01950486643399563,0.020075790824218447,0.018986123339599197,0.01918097823237796
2013-09-26,0.09496569781232997,0.07149222929046184,0.020862811225786596,0.0671656683641317,0.02034733781905297,0.6278444519214118,0.019814736428300218,0.0193542142903966,0.020012067510499894,0.018825087949706415,0.019315697387921913
2013-09-27,0.09460533369902717,0.0712290455459149,0.020802147192512836,0.06698005163798144,0.02012455868074111,0.6287225126994537,0.019857973320718262,0.0194171865547361,0.020012359426613984,0.019014224960356783,0.0192346062819436
2013-09-30,0.09424186353473203,0.07135555700786637,0.020623088298387465,0.06659994747066626,0.019924879242550753,0.6298111940414213,0.019920813115139775,0.019417002816760228,0.019998223284013454,0.018925992578765816,0.019181438609696344
2013-10-01,0.11078938166188733,0.07529983086226458,0.02,0.07140664184799018,0.02,0.6060047532684073,0.019842797496957342,0.019325188936677846,0.019944176154772203,0.018364708579166982,0.019022521191876283
2013-10-02,0.1106405255079174,0.07496270364720078,0.020004367015436154,0.07135589019470592,0.02006896459261144,0.6058346492490085,0.019868023526001425,0.019346688376893694,0.019996179842582267,0.018721314488083236,0.019200693559559185
2013-10-03,0.10991116289703158,0.0743918482460569,0.01974791289263052,0.07107657392552745,0.020045060414758564,0.6074420457615596,0.019948105864268654,0.019366897986530424,0.02005984406140297,0.018788713745796895,0.019221834204436506
2013-10-04,0.11059515520033489,0.07478807930289577,0.01965028870540848,0.0711482350608967,0.020278171814555764,0.6064105861255707,0.0198666453029573,0.01932625592393875,0.020013471113330752,0.0186675767426222,0.019255534707488624
2013-10-07,0.10988332250976075,0.07407920259261833,0.019780805877279373,0.07056964534868579,0.020149598073836907,0.6077614252600024,0.01992851033894866,0.019448096768073575,0.02009345088563288,0.018873289017469097,0.019432653327692236
2013-10-08,0.10903140159732458,0.0731686783763186,0.019631689333680324,0.0702982888189243,0.02003516721877466,0.6096496844567528,0.019997199355434002,0.019530231916481684,0.020169057379429357,0.01891201501920011,0.019576586527679626
2013-10-09,0.10912365188909745,0.07288215682399973,0.019627837807147178,0.07060953272291715,0.020187808976119895,0.6099402341123049,0.01996425009289241,0.019376213151567675,0.020128841550989297,0.018722779639736238,0.01943669323322821
2013-10-10,0.1107768452623569,0.07417199438401735,0.019971464539898596,0.0714257349930385,0.02053308346912421,0.6061140758735193,0.01979606279470724,0.019285743276349538,0.02003082859185419,0.018333871630051794,0.019560295185082573
2013-10-11,0.11125122573409923,0.07508660657545081,0.020119820473170978,0.07165042744351552,0.020580296242964494,0.6048127098779416,0.01978278222181624,0.019238863656482905,0.020014253180921576,0.018048657237576225,0.019414357356060643
2013-10-14,0.11161655242258503,0.07540978106104985,0.02009942552997565,0.07184419857083983,0.020685782615373734,0.6041699519964852,0.019702602633259826,0.019070302813025738,0.019938468497065032,0.018069727228229294,0.019393206632111026
2013-10-15,0.11101602606652751,0.07481209488453425,0.020072512662415304,0.07163469860633129,0.02052277151405473,0.6055256709761453,0.01974369111290734,0.019093510421400343,0.01997962813192283,0.018236483185298785,0.01936291243846255
2013-10-16,0.11207777994702257,0.07541179813041951,0.020348182778772417,0.07185573576173392,0.02059653461780246,0.6031112517142312,0.019753131375419473,0.01924884440177981,0.0200404417986926,0.01812943164266103,0.019426867831465276
2013-10-17,0.11238622054237607,0.07577507995248309,0.020581112688371855,0.07252460856567305,0.020644924385622664,0.6009695482328212,0.019788184933370846,0.01934757030005003,0.02010915263549929,0.01862579813602226,0.01924779962770996
2013-10-18,0.11290466308804151,0.07647755084500513,0.02049760758607478,0.07280001006692792,0.020620057357526624,0.5996912881029904,0.019748023043291974,0.01934799124970427,0.02009257016448196,0.018503037797392666,0.019317200698563138
2013-10-21,0.11294820342188418,0.07635060129113397,0.02039733742935082,0.07293411388546907,0.020593488409602637,0.5998881573040399,0.019740990265062503,0.01929286503269673,0.020046771015744504,0.018528080792359836,0.019279391152656273
2013-10-22,0.11322944427617185,0.0762997712948158,0.020546730656930794,0.07341968436471556,0.020725264715815893,0.5984148401060067,0.01981283425208315,0.019444003542051787,0.02010282935569056,0.018810490941979206,0.01919410649373925
2013-10-23,0.11296372828725988,0.0762314900142291,0.020639913900233647,0.07288411425350338,0.020290743176782877,0.5996703182127734,0.01989617900225544,0.019567595638995537,0.020146921062005423,0.01876188501883267,0.018947111433129084
2013-10-24,0.11320246030185901,0.07654656976272346,0.020599783910225735,0.07330218829176664,0.02022351465826792,0.5988767027921197,0.019831737071675227,0.019468226518252422,0.02010172587636556,0.018915469448994943,0.018931621367749788
2013-10-25,0.11359901450433028,0.07653435506963087,0.02077910399589534,0.07301577467578674,0.020297041221874857,0.5983838253487377,0.019845369855571626,0.019519698298831593,0.020078685486366397,0.01897688454493525,0.018970246998039585
2013-10-28,0.11376116492516278,0.07648738560132508,0.020632486456462363,0.07288299356873108,0.02041239839007803,0.5984275142185628,0.01982287716281225,0.01944982114454588,0.020094548418783425,0.018988323117445298,0.019040486996091163
2013-10-29,0.11427795249437749,0.07664746396529364,0.020442696525199353,0.07297930134457765,0.020462741240387182,0.5979565745909319,0.019834199441883645,0.019459726290353613,0.020106566982433523,0.018858574806057037,0.018974202318505086
2013-10-30,0.1139742322154913,0.07577663654929447,0.020340599218398633,0.0728846378739454,0.020396127216595544,0.5993443025075408,0.01982818825256929,0.01938756411059563,0.020113130009481686,0.018877579223793208,0.01907700282229415
2013-10-31,0.11386717278656987,0.0754783789363999,0.02023252372776522,0.0726154519866161,0.02022533503626812,0.6005555033327865,0.019842732272599573,0.01946603841022546,0.020123439302841474,0.01864204567497639,0.01895137853295146
2013-11-01,0.11427789376596709,0.07524477529185584,0.02,0.07235051807001375,0.035559521983844475,0.5862439951194095,0.01975673459968739,0.019278699518800055,0.02,0.018549260394616147,0.01873860125580562
2013-11-04,0.11445513245470723,0.07596067241380175,0.01998776737716279,0.0725611169824393,0.03570702531824714,0.5852331533857511,0.01975665540630752,0.019259019443293987,0.019966015910913435,0.018492476394679866,0.01862096491269559
2013-11-05,0.11440916638652947,0.07590818152908956,0.01973961883834052,0.0721328559348525,0.03508559913196321,0.5868566141419901,0.01972230715166896,0.019081691066578862,0.019935751761981178,0.01850721709420444,0.018620996962800954
2013-11-06,0.11484019942405242,0.07548200668891115,0.01971033883874515,0.07266552918584764,0.03514764690704387,0.5862139899660731,0.019756050734380713,0.019065359113162168,0.019931901479311172,0.01857604108443163,0.01861093657804067
2013-11-07,0.1139167883614507,0.07455512256047961,0.01956094216361146,0.07185177707083795,0.03467266679578667,0.5890858921044498,0.019900642590656742,0.01931647536383961,0.020065148637024723,0.01851004230775317,0.018564502044109192
2013-11-08,0.11528075632661816,0.07579661378151915,0.01926966182178669,0.07216464476402086,0.03454520543395002,0.5877861806067366,0.01964755156725607,0.018823379327071902,0.01983896988047128,0.018206903952895415,0.01864013253767346
2013-11-11,0.11528486413877628,0.07589055802043489,0.019252031762053628,0.07230988851871167,0.03436436162749419,0.5878468289759379,0.019635218830407076,0.01874988374599837,0.019803049021528202,0.018144414852250167,0.018718900506407253
2013-11-12,0.1151722848578847,0.07603320096950698,0.019206048262397534,0.07214258796161391,0.034215828894968554,0.5883281738637868,0.01963845962191239,0.018857132891314757,0.019837979479517147,0.017955351905301568,0.01861295129179533
2013-11-13,0.11581656347943739,0.07657740110295592,0.019295048278891856,0.07220065401874078,0.034191996117460245,0.5869096592371236,0.019672537177266892,0.018880733700067952,0.019835613046951514,0.01797057210238335,0.018649221738720134
2013-11-14,0.11610465068291313,0.07631075152756926,0.01939998475694054,0.07235155142094794,0.03465860587801137,0.585795206001029,0.01971832632196375,0.018949766111488214,0.0198943755431094,0.018133038434664517,0.018683743321362443
2013-11-15,0.11636680576826448,0.07644139103479781,0.01940744440682968,0.07278365068777864,0.03524540655337955,0.5845743653690794,0.01966179295618981,0.018948268626142427,0.019852914189787484,0.018102528456381606,0.01861543195136872
2013-11-18,0.11602292587096677,0.07594484593703002,0.019283273503416846,0.07282338055900381,0.03558181668326529,0.5851702763674547,0.019742039206217775,0.019072657368001136,0.019952569014367833,0.017905527531865344,0.018500687958410107
2013-11-19,0.11597832026416324,0.07561091677059986,0.019170845300775397,0.07276655803212496,0.0354282141725782,0.5860115280411259,0.01970393110596292,0.018961777879260344,0.01991855914294177,0.017944931368528365,0.01850441792193858
2013-11-20,0.11589324870833953,0.07576479936608815,0.01904848067354643,0.0724330325570755,0.03502717229056531,0.5874885245243262,0.019642670978350076,0.01868374672999927,0.01988070893391777,0.01757399364722563,0.018563621590565727
2013-11-21,0.1164328494529575,0.07686890393662325,0.01908590050179159,0.07263934755428417,0.03487518495919279,0.5857768552938033,0.01959356940690443,0.018651295606037847,0.01985175326287213,0.01748825709782721,0.018736082927705414
2013-11-22,0.11683044566107371,0.0771267151460162,0.018998893888616173,0.07273350630805289,0.03507029122061501,0.5847131657524035,0.019618569470324098,0.01879547905300161,0.01988999765112399,0.017457717936726073,0.01876521791204627
2013-11-25,0.11678535508751423,0.07727036920434467,0.018929638929475412,0.0725578402766523,0.03464104631181448,0.5850699054814309,0.019645984827917826,0.018861244096758097,0.01993695688053953,0.01754702917725708,0.01875462972629497
2013-11-26,0.11672549408506969,0.07778162618625545,0.018860848805500163,0.07250058783711544,0.034730456568018056,0.584677407134551,0.01967292324091776,0.018916892913634274,0.019961242926606493,0.017440030305684053,0.018732489996647127
2013-11-27,0.11687087630867894,0.07812313801703899,0.019032705725471468,0.07259022673198962,0.034914109831162124,0.5839834809298758,0.019605257794821352,0.018861925657093503,0.019941026669507783,0.017366995051905077,0.018710257282454876
2013-11-29,0.11673407164327272,0.0781247221129318,0.018846807856139826,0.07269598730011723,0.03525431278341232,0.5837555889354511,0.019583735270698774,0.01885775492960742,0.019915257977944634,0.017538344569055325,0.01869341662136824
2013-12-02,0.11685363903869349,0.07762087808387562,0.01881630521434082,0.07242019620835491,0.03622312991575585,0.5839374028205363,0.019570437786498165,0.01877900603882598,0.019892771160849476,0.017147016925923384,0.018739216806346097
2013-12-03,0.11647330483795533,0.07733055343646941,0.018815441508051995,0.07199050776437124,0.03613946030406895,0.5847008225546626,0.019626272283837187,0.018868242662963223,0.01996483510219152,0.017220847920858824,0.01886971162456987
2013-12-04,0.11654794837963113,0.07718110865196545,0.01887163772462834,0.07165845623494756,0.03612287964896127,0.5850021922020302,0.019551819744987507,0.018702186419635523,0.019915026854686966,0.017525998791106008,0.018920745347420175
2013-12-05,0.11619773574504376,0.07734434712998636,0.018919046408780102,0.07134968806659142,0.035962971879266725,0.5858885718435732,0.01953057206487976,0.018675433955745148,0.019898981638948626,0.017307614493600233,0.01892503677358481
2013-12-06,0.11705463527810106,0.07765413837174207,0.018994710774840627,0.0719620645856852,0.03662235668337988,0.583478240615487,0.019474545845035773,0.01869421107427967,0.01986610250449898,0.017278969504872694,0.018920024762077287
2013-12-09,0.11728467151687794,0.07758873685713166,0.01910654223517146,0.07184362401394191,0.036653639448904006,0.5831423900618774,0.01948653810694711,0.01872701795704873,0.019884364496040648,0.017439456088257206,0.018843019217802105
2013-12-10,0.11690649753220907,0.07691263898226908,0.01911342251858719,0.07174842724678829,0.03668430260809197,0.5835595054563966,0.019574804900762837,0.01886814541570211,0.01997190865059609,0.017751750466970855,0.018908596221626068
2013-12-11,0.11618564941365737,0.07603703312637357,0.018795852408764118,0.07144115583602034,0.03605614611256314,0.5863406047977899,0.019599246593981812,0.01881877289946676,0.020018008270156616,0.017702074968748652,0.019005455572477837
2013-12-12,0.11603379784317826,0.07635600798173899,0.018706758198209623,0.07106312503796393,0.03591727284042986,0.5873051777802681,0.01958196312165587,0.018785098415066502,0.020024625321808955,0.017360320302348645,0.01886585315733134
2013-12-13,0.11593306926788541,0.07654835911496363,0.018767978453438684,0.07096510269635053,0.03597798069922768,0.5870001858685349,0.01959636422947224,0.018862276708135776,0.020064002372312446,0.017507045512727082,0.01877763507695161
2013-12-16,0.11637144351368076,0.07726967052934271,0.018743317955299363,0.07130052050037579,0.036126990642038996,0.5855704745380201,0.019538923297151477,0.01874705707801032,0.020030925130542956,0.017509755636086848,0.018790921179450627
2013-12-17,0.1161061822119942,0.07722853705885607,0.018859582188750536,0.07105530997792577,0.035843839030012134,0.586238498579913,0.019618786224098097,0.018847940603954245,0.02010872999033512,0.01737330023300755,0.018719293901153303
2013-12-18,0.11751007389925251,0.07790627578472292,0.019096678416102207,0.07181958071212054,0.03637824550154663,0.5833674459555644,0.01944920187518333,0.018661211100986067,0.020010249214761838,0.01713668000432261,0.01866435753543688
2013-12-19,0.11766317024248127,0.07751686209023546,0.018909490613849524,0.07199635323394254,0.03579670992989272,0.5844572860287702,0.019415633223388167,0.018688940459755974,0.02002972571729699,0.01677133421076593,0.018754494249621126
2013-12-20,0.11798884344046771,0.07858545005978297,0.01899882043232323,0.07218849112082024,0.035635329800657346,0.5824777814605745,0.01941668005939155,0.018918998253710947,0.02006153650822292,0.01688357118045127,0.01884449768359733
2013-12-23,0.11835497632192582,0.07929955302193863,0.01898332737814731,0.07276932280266407,0.03581945662886626,0.581111435653901,0.019311704831847833,0.01877002132835976,0.019985482578002957,0.01679220027486194,0.018802519179484507
2013-12-24,0.11853733935300528,0.07955187251263414,0.01900414518167585,0.07286590081752542,0.036006879435047635,0.5805277882428477,0.01922399186796828,0.01860764320274284,0.01996728547123454,0.01685825839633565,0.018848895518982632
2013-12-26,0.11905930367987225,0.0795049062342937,0.019012351970040132,0.0732145270460444,0.035675472783535396,0.580071199654749,0.019194344421420435,0.018523323608381388,0.019939453166687746,0.01693971143919866,0.018865405995776813
2013-12-27,0.11891042349170186,0.07936155900789549,0.01901366309996083,0.0735023447156474,0.0361847681830093,0.5796521163617444,0.019159819667187102,0.018448614360610495,0.019898168439817825,0.01697452171153817,0.01889400096088699
2013-12-30,0.118839982351755,0.07927926871223166,0.01902053188067914,0.07377981793287051,0.036326876669742894,0.5795406425857854,0.019203607380100535,0.018567486496891876,0.019948874314718076,0.0167166090167887,0.018776302658436154
2013-12-31,0.11929164525758261,0.07939152766261641,0.01894282389691307,0.0739870219947183,0.03657315477897672,0.5788656940805117,0.019099181664396767,0.01843263406023669,0.019879877994183205,0.01680675603530426,0.018729682574560265
2014-01-02,0.11122728555363767,0.07887108308629058,0.049828066576012256,0.07298936009415838,0.02,0.5735660073481316,0.019257209005118636,0.018568734744101353,0.02,0.01715276230775604,0.018539491284793395
2014-01-03,0.111142065394522,0.0792242304146862,0.050090615037059444,0.07302287070750883,0.019953142123318262,0.5730169085065768,0.019234021943051873,0.01855755146631215,0.02001765472705436,0.01732983637022789,0.01841110330968212
2014-01-06,0.11090207791754496,0.07864002316028068,0.050333449002427345,0.07298835284161742,0.019778794822865122,0.5735093167798081,0.019302397612885384,0.018649456787602745,0.02007619061772672,0.017373203253559802,0.018446737203681583
2014-01-07,0.11136545394664528,0.07914199229425754,0.050408971386513714,0.0732549178069988,0.019824640143899355,0.5723901492049014,0.01929559928037501,0.018660231432271995,0.02002130828689229,0.01724063338413306,0.01839610283311156
2014-01-08,0.11151111257557046,0.07933183481931858,0.050384840631647984,0.07331260877361995,0.01978159695433286,0.5724707008587695,0.019221980850072103,0.018629715060699655,0.019957531020559985,0.01715773992288901,0.018240338532519947
2014-01-09,0.11156691387519108,0.07934038709803659,0.05035339807239236,0.0732460383120202,0.019674151688263294,0.5725186286583026,0.019269246656056956,0.018735808366580935,0.01999988210125153,0.017204488707719817,0.018091056464184716
2014-01-10,0.11144961792717355,0.07947518025735957,0.05076237787218672,0.07364274313226554,0.019946830490879114,0.5709047627887434,0.019358326782568342,0.018887796337894742,0.02003248219393148,0.017400171269452303,0.018139710947545348
2014-01-13,0.11033655759881218,0.07865178331302719,0.0506012178088783,0.07324892506472623,0.01977535119008501,0.5729604021207068,0.019479405962046933,0.01904569585820849,0.02013825535515168,0.017569016963639942,0.018193388764717332
2014-01-14,0.11123141642768694,0.07939864782046617,0.0507768755645784,0.07363149336001563,0.01993393972394072,0.5712450611716682,0.019352540941190852,0.018906294682104318,0.02002353231940899,0.017356976517738976,0.01814322147120076
2014-01-15,0.11166183416825409,0.07986968755257164,0.05093611143356408,0.07382848971370966,0.01989884149448832,0.5701784845614798,0.019305973592504768,0.018857819979429993,0.01999846501032864,0.017297478924243357,0.01816681356942565
2014-01-16,0.11148556716425821,0.07994358972097022,0.051039879344658444,0.07377484945302495,0.019784446167255488,0.5701544146388237,0.019354388371960147,0.01897903554996902,0.020039804466312997,0.01731143668822561,0.018132588434541217
2014-01-17,0.11111435251678096,0.07973383539027737,0.05092067130401668,0.07362111928994741,0.01970328655230334,0.5706695851949528,0.019418036193329893,0.019075756106224313,0.020080526488907586,0.017491974480621366,0.018170856482638217
2014-01-21,0.11130282639721896,0.08010888880447695,0.05121132617063875,0.07388196116032995,0.01964916739433883,0.5698940551089547,0.01937281492115611,0.019066538975642085,0.02002781490442306,0.017292580053170872,0.018192026109649678
2014-01-22,0.11132326860783875,0.08047652615092678,0.051320992125056385,0.07384741357299789,0.019901975270787776,0.569357558479373,0.019309994752684134,0.01901068542502598,0.019969828495441277,0.01721085074593994,0.0182709063739281
2014-01-23,0.11053116660320667,0.08002098526697793,0.05135316119117956,0.07343211267837571,0.01943368282937968,0.5705169592568458,0.01946168620556275,0.019300640356344146,0.02006802239806177,0.017605399902294323,0.018276183311771756
2014-01-24,0.1089582802755165,0.07854573713688409,0.05096521838338573,0.07193532398266804,0.019061361592203237,0.5748633570726891,0.01968236904336481,0.01956638528000968,0.02019971876466817,0.017806027484013852,0.01841622098459679
2014-01-27,0.10875110360189397,0.07763118083640556,0.05080977288720485,0.0718196985424617,0.0190441706764566,0.5765384562754622,0.019681858006131196,0.019488774303408243,0.020222337553669617,0.017665785484038812,0.018346861832867264
2014-01-28,0.10907270771148853,0.07821685187532383,0.051173515458226605,0.07222690754356687,0.019107063399991336,0.5748205179056586,0.019652253825325768,0.01947803721801437,0.020260141454209565,0.017611689810690286,0.018380313797504152
2014-01-29,0.10830551572120449,0.07728843085592058,0.05106800088592429,0.07160253049676064,0.018881788360574383,0.5767222926531864,0.019796456115676264,0.01968923276271925,0.020353123308404913,0.01787931903982343,0.018413309799805145
2014-01-30,0.10914138149024794,0.07821699578816117,0.051540341820304744,0.07176426035492048,0.019002353893739884,0.5750091814092932,0.019720628824882246,0.019576644821918798,0.020305569046100716,0.01743527141308514,0.018287371137345538
2014-01-31,0.10868522110668463,0.07776667355531167,0.051786110167201714,0.07066347936952563,0.019064395086684307,0.5762528529245303,0.019831489927956792,0.019740972960504227,0.020401235594076795,0.017511377120574725,0.018296192186949056
2014-02-03,0.10696679253335535,0.07584890398474531,0.05252060273087523,0.0696933669746633,0.01865212917713238,0.5602943400724184,0.0200672501540389,0.020104811292634826,0.03961842562313605,0.017811886550235682,0.01842149090676438
2014-02-04,0.10736180219130814,0.07616468115423453,0.05402776562005171,0.07022572018742823,0.018934582330238887,0.5386265551336115,0.019958152666887403,0.019858287063336307,0.058615368574270445,0.017727470070524626,0.01849961500810804
2014-02-05,0.10730366920049615,0.0757135325833545,0.055170461177601236,0.07034522037749814,0.01885316139338949,0.518908132492995,0.01992441701104362,0.01974441028462383,0.07770111275718064,0.017796589474271245,0.01853929324754601
2014-02-06,0.10804218978982864,0.07597946263384775,0.05647167236605979,0.07100936525949797,0.019075448290341,0.49605543798836554,0.019843586433070996,0.019658746544986408,0.09761109245487332,0.017735708105652538,0.018517290133475986
2014-02-07,0.10845055552920735,0.07634879078507494,0.05770581546258433,0.07117357274332692,0.018996023733251075,0.4732062407202103,0.019852324060735695,0.019683211006605018,0.11819149387976151,0.017796961768301024,0.018595010310941785
2014-02-10,0.10809816587224713,0.07630881102549497,0.059178401398923344,0.07052986445594185,0.018738105131773323,0.45181299648720796,0.019897592777562048,0.019811900515437453,0.13928795998678606,0.01787132968082544,0.0184648726678003
2014-02-11,0.10803022618042521,0.07633141471325369,0.060191879148834435,0.07062910185055085,0.01888553939912504,0.4291778718624209,0.0198611440258333,0.019800034899933237,0.16070368112744565,0.017925757742734826,0.018463349049442683
2014-02-12,0.10715223958142997,0.07597884126628207,0.06120453224748614,0.06986689419655089,0.01869149813585587,0.4081211177356091,0.019970866088864517,0.019952026203020706,0.1827943000527033,0.017832737685526283,0.018434946806670977
2014-02-13,0.10696679253335535,0.07584890398474531,0.061389609818465196,0.0696933669746633,0.01865212917713238,0.4040764645922299,0.02,0.02,0.18713935546240834,0.017811886550235682,0.01842149090676438
2014-02-14,0.10733296513282639,0.07579715311623536,0.061508545313181985,0.0698106114283234,0.01884129131777854,0.40323435118657064,0.019944610127994786,0.019969563258635522,0.18710351467834876,0.01800989297386784,0.01844750146623651
2014-02-18,0.1071792871971518,0.07638696759439774,0.06171191040584282,0.07022430189431428,0.018616532811020402,0.40231891707266787,0.01994110681272002,0.019962005568449938,0.1869978655270323,0.01799794812874156,0.01866315698766096
2014-02-19,0.10675711418434335,0.0758090689931352,0.061860296944062705,0.06994146208352081,0.01853853313310239,0.4032623675741939,0.019955788603275352,0.019931600378907784,0.18729362092833604,0.017886489886171326,0.018763657290950926
2014-02-20,0.1072149262496025,0.0765036567741429,0.06165156409888473,0.07007044267706242,0.01857521903156109,0.40266346840696127,0.019902283324461183,0.01985100403623389,0.18675222713666226,0.018045909471933727,0.01876929879249397
2014-02-21,0.1070070999803236,0.07668123598875504,0.06170267621372397,0.07015066667469552,0.018688355395623687,0.4023895057036238,0.019911791731890824,0.01993983158269233,0.1867958283738955,0.01802867227744169,0.01870433607733397
2014-02-24,0.10736775740205694,0.07707758944444133,0.06166925694851314,0.0706050634722761,0.01864790574816507,0.40151856156208793,0.01984919739604466,0.019846311947975946,0.18648767572155647,0.018188470088600143,0.018742210268282093
2014-02-25,0.10726804347812187,0.07711450906160064,0.06166260389874573,0.0703990563227911,0.018424937723960564,0.40125010952939916,0.019906479334199537,0.020012491455133515,0.18710584392243607,0.018209463913578396,0.018646461360033253
2014-02-26,0.10714665435385864,0.07749856493511424,0.061762141612156166,0.07007560825095906,0.018417255489368414,0.4009640220253299,0.01994126914571693,0.020094897029730902,0.18749197745632276,0.01803303571763244,0.018574573983810398
2014-02-27,0.10750763762490802,0.07777561608288146,0.06158324160947955,0.07018419047246001,0.018731553540233748,0.4001674050081984,0.019927318255393844,0.02016700154803337,0.18746097235244435,0.018011982504092937,0.018483081001874086
2014-02-28,0.10775472719147625,0.07744796811892346,0.061977099885155075,0.07029297908590289,0.01860003641787071,0.40007526081716804,0.019903307740827235,0.020173504337585236,0.18730606242019773,0.01792636428665997,0.01854268969823315
2014-03-03,0.09865428795485474,0.07713799373297714,0.06453826502704224,0.06889799644077313,0.018295199966793102,0.3964895297372413,0.02,0.02,0.19883649077667936,0.018326405351808184,0.01882383101183067
2014-03-04,0.09967728090067,0.07879070122186786,0.06509335226673434,0.07000844290793808,0.018538930608273763,0.3947213301918763,0.019774175896388795,0.019627557715443465,0.19704947588596,0.01803414955515756,0.018684602849689706
2014-03-05,0.09977885811894374,0.07875355018994884,0.06501607346569918,0.06995399689492131,0.018555124189168697,0.39490600184297797,0.01979772795899102,0.019671812747912902,0.19697031140582094,0.018065616488990643,0.018530926696624674
2014-03-06,0.09999327142071991,0.0787292862695696,0.06469667081596676,0.07067130525317063,0.018815729968123054,0.39461677657289934,0.019709654950145566,0.01947530791670878,0.19635131105864492,0.01824245212674979,0.018698233647301655
2014-03-07,0.10031414109943557,0.07892198061524303,0.06414138994408317,0.07048251839514101,0.01862769840476679,0.3954338422772682,0.019678979336827173,0.019406707112663957,0.19618623986897651,0.018141436549207506,0.018665066396387143
2014-03-10,0.1004091858961872,0.0787746253005349,0.06400025928346226,0.07014862576992147,0.018527805435317367,0.39606574013258,0.019729505356594172,0.019462949712367422,0.19617114040521166,0.018173906243999782,0.01853625646382381
2014-03-11,0.10005658972967636,0.0780679586287052,0.06444212416223803,0.06973758325456879,0.018346452468661407,0.39663533739253876,0.01977737208249201,0.019542405880284983,0.19652121164080152,0.018302931636379208,0.018570033123653712
2014-03-12,0.09993814142020233,0.07819242745744516,0.0644902611801792,0.06937561720535217,0.018357602986104185,0.3962007339024374,0.019826543436992562,0.019649880049702254,0.19693167612112517,0.018543788124055206,0.018493328116404553
2014-03-13,0.0990719212754257,0.07748680087938549,0.06444804932089945,0.0682572716684059,0.018073585246754034,0.3974558603312849,0.019994673253641904,0.01996544682940597,0.1981359694954483,0.018655023773188173,0.01845539792616037
2014-03-14,0.09880025528999849,0.07781631308319846,0.06447124538341262,0.06811534266255855,0.018174171427639673,0.3973880537319342,0.019997947131505475,0.019970447360599154,0.197927956960903,0.018781844992437496,0.01855642197581308
2014-03-17,0.0995559847216305,0.07805255101815957,0.06448611388324078,0.06887773336287514,0.018371188698142887,0.39669793782611046,0.019890401657665858,0.019793991176860617,0.19739962658736704,0.018550149377717647,0.018324321690229593
2014-03-18,0.09990798873205724,0.07890645649057007,0.06453804049075863,0.06905811664558913,0.018559790466059888,0.39537272079154673,0.019867810720208552,0.019794611554624066,0.19730287841260283,0.018340583412216813,0.018351002283766158
2014-03-19,0.09999575757716374,0.07888184299087089,0.0637940012364114,0.06864076068056886,0.018277554561806717,0.39718093809291083,0.019806163891198648,0.019763366057425805,0.19710364903283886,0.01809758100558586,0.018458384873218405
2014-03-20,0.10050286696152697,0.07892757417677922,0.0638305161137304,0.06832670670228248,0.018344095062718353,0.3969246214065178,0.019794941483794935,0.01971328881092029,0.19722540476249611,0.018051287534511174,0.018358696984722186
2014-03-21,0.10003053344090115,0.07849867658761972,0.0642984720897709,0.0681345944193107,0.018442561607814715,0.3966452510771532,0.01981573411543341,0.01991048056467653,0.19774334508456096,0.018122494318797727,0.01835785669396092
2014-03-24,0.09974881789111432,0.07770800551191422,0.06400463706085308,0.06840283723494403,0.01864701688405649,0.39698231755809354,0.019849796006217765,0.02007869205354745,0.19837981092879547,0.017823033163552743,0.0183750357069108
2014-03-25,0.10001598720270431,0.07752955924449134,0.06434064505506748,0.06900396165644974,0.018821402538739034,0.39621250366662014,0.019797256685990076,0.0199620086690482,0.19803960180184932,0.017818783060763812,0.0184582904182764
2014-03-26,0.09947156011429065,0.07617830309376024,0.06373537815658706,0.06911504387901628,0.018897180890171533,0.39719285342027705,0.019916106637574916,0.02015370344287069,0.1991543692434272,0.01770896324369175,0.018476537878332484
2014-03-27,0.09919546857669867,0.07593487635537266,0.06399916517668373,0.06941402680648089,0.019130661666262337,0.39688023136738587,0.019922306966940088,0.0202414453672639,0.19907225674754758,0.0175814095745311,0.018628151394832964
2014-03-28,0.09956730165235249,0.07577266269082478,0.06434472045418509,0.06985479825196027,0.019259444770398898,0.3964135562285027,0.01982870677026582,0.02010368048068836,0.1986852527679517,0.01755650787218282,0.018613368060686843
2014-03-31,0.10007767472110224,0.07689702030364078,0.06452072769475523,0.06999633373445496,0.0193280757900411,0.3954411369871485,0.019770298768825956,0.01999301386722722,0.1980636187355158,0.017369579609014904,0.01854251978827308
2014-04-01,0.10058354587888521,0.07778634094747641,0.07439356531341797,0.07033394911410336,0.019523690330148617,0.385029399742324,0.019698448474166193,0.01979115713254588,0.19726170178447563,0.017311522274007802,0.01828667900844897
2014-04-02,0.10088479365468098,0.07810871302938184,0.07437841042676126,0.07044445036346884,0.01955447753157285,0.38475762955708875,0.019606037136679574,0.01967053059670098,0.19692131392605772,0.01743588711243181,0.01823775666517536
2014-04-03,0.10083226401091219,0.0773792353734841,0.07417591697590169,0.07030339951265363,0.01949487521932077,0.38515827438309436,0.019635414749084895,0.019772599210322598,0.19745292594135638,0.017393760346928203,0.018401334276941055
2014-04-04,0.09976861760640239,0.07568741638959302,0.07456696713547055,0.07017522499197741,0.019468145522310645,0.3859745658879297,0.0197814557925495,0.019930386891627253,0.19848889713432005,0.017648072614377088,0.018510250033442286
2014-04-07,0.09884905009724784,0.07472175413337138,0.07478202637333058,0.06997140280824797,0.01958690324495252,0.386713428765609,0.01986497231381102,0.020087019491239103,0.19933366102765,0.01758787750889704,0.018501904235643563
2014-04-08,0.09900059860668474,0.07505091945373027,0.07500469761796523,0.06974930085871116,0.01976484156551848,0.3857845750339614,0.019840984055324102,0.020082957821363358,0.19934585000547914,0.01770823808004176,0.018667036901220395
2014-04-09,0.09971906621907249,0.07587114096595186,0.07469095220747468,0.07040039725409876,0.019846736502098075,0.3846331775201148,0.01976658548721596,0.019914724513669414,0.19882599400655712,0.017679218123314983,0.01865200720043201
2014-04-10,0.09816304031906473,0.07411332136327997,0.07443670046339682,0.06953896125587203,0.019744384474896293,0.38699493094655985,0.01996004351203671,0.020210997965901183,0.20020071486593946,0.017874357932908244,0.018762546900144905
2014-04-11,0.09753254030674466,0.07327663480427418,0.07417844316561525,0.06930014455075399,0.01979535952183246,0.3879481656992507,0.020052631372203297,0.0204273652356575,0.20085404733309073,0.017909217422171043,0.01872545058840642
2014-04-14,0.0981135146349522,0.07334223265836093,0.07431110630018119,0.06956464913297902,0.019715570539684556,0.38716247528630837,0.01998316778028025,0.020335011549289576,0.20060716395247016,0.018004622480139672,0.018860485685354346
2014-04-15,0.0986493765638662,0.0735228398610079,0.07499428347688922,0.06917430131563053,0.01939003967089188,0.38661439319959917,0.019978259869022217,0.020433092424054444,0.20074816254906433,0.017647255231997235,0.018847995837977218
2014-04-16,0.09934600458644348,0.07407394696134305,0.07519018978334405,0.06979420218462724,0.019569448672351223,0.38518095475324093,0.01988018529414285,0.020390215121969275,0.20015959503138597,0.017595075067139795,0.018820182544012482
2014-04-17,0.09956731864049251,0.07450289189885714,0.0750430396390168,0.0702141420341245,0.019763930862288875,0.3853989663117277,0.01978341630881808,0.02018284028413276,0.19916725655047432,0.017498388824637136,0.01887780864543058
2014-04-21,0.09980470139437436,0.074770287078287,0.07527693080877829,0.07023043319199553,0.019620022116955453,0.38497529955511556,0.019757785516547676,0.02014416625228231,0.19921932897987596,0.01740769509169671,0.01879335001409158
2014-04-22,0.10009586163339979,0.07541902910808765,0.07540550842343562,0.07040700811170285,0.019536630715026874,0.3841696653000484,0.019718029931540444,0.02017920817476831,0.19899806758774505,0.01731514959302689,0.01875584142121854
2014-04-23,0.09990872692224673,0.0749807534676233,0.07521236005197322,0.07027435193596,0.019405059157548508,0.3845336503670527,0.01977778079495294,0.02030404091804428,0.199532149521333,0.017320547433117513,0.018750579430148243
2014-04-24,0.10006412393794509,0.07475462503739404,0.07542746227210134,0.07023089587774377,0.01941468751054534,0.3842615315279898,0.019762653598708803,0.020332888558292305,0.1994720087215211,0.017424300701617667,0.01885482225614109
2014-04-25,0.09953141192826946,0.07365154004626316,0.07538396790822076,0.07009131698704073,0.019207468721656837,0.38542118257413255,0.019847162442761964,0.020421185697067686,0.20001637395866073,0.01759686914199071,0.018831520593935804
2014-04-28,0.09983571092896026,0.07321654344286674,0.07577094621656907,0.07030388524416784,0.019299982448479,0.3853892795823653,0.01981636348776256,0.020320450810602162,0.19976240104357607,0.017518258168238973,0.018766178626412375
2014-04-29,0.10016674658031947,0.07330146800364648,0.07571151959688606,0.07066517640712507,0.019456974612551352,0.3848195091697708,0.019806879911184495,0.020265337050761445,0.19952456383010977,0.01749162912206903,0.018790195715576368
2014-04-30,0.10025022390358909,0.0736309713313015,0.07588669639277319,0.07079351932906174,0.01937777433055179,0.38426768303041875,0.01981673254017347,0.02030598589190856,0.19965466932901096,0.01736468163683705,0.01865106228437429
2014-05-01,0.09952155008601246,0.07330152321000079,0.06584635422390633,0.07086944740984594,0.019368159904155573,0.3832279447828581,0.01983994181074874,0.020397824433083772,0.2001502782153039,0.01727648389843837,0.03020049202564635
2014-05-02,0.09879645178552082,0.07313124733080191,0.055298149391417785,0.07074497909022304,0.019441069296176373,0.38260453483466217,0.01985203857364556,0.02039301742028803,0.20037237615425124,0.017403020487713992,0.04196311563529933
2014-05-05,0.09844034785124395,0.07290789430833408,0.0450043382258911,0.07076509681518459,0.019349217671865315,0.3824237352695535,0.019845806484731266,0.0201957146012357,0.2000053064566413,0.017484101025669562,0.053578441289649816
2014-05-06,0.09746068762101796,0.07214749511799094,0.03416780279018844,0.07081714773841662,0.019429255147529172,0.38237918384879327,0.019878318765615296,0.020179642775791654,0.2004803286974577,0.01739477852711776,0.06566535897008124
2014-05-07,0.09725290611580524,0.07242618901768516,0.023409530932070058,0.07085600260229476,0.019400949785659007,0.38164662740506905,0.01984679159046611,0.02001946651262561,0.20017728155555278,0.017240589610535983,0.07772366487223614
2014-05-08,0.09705041440718659,0.07252529580857771,0.02,0.07086944740984594,0.019368159904155573,0.38152587966285334,0.01983994181074874,0.02,0.2001502782153039,0.01727648389843837,0.08139409888288973
2014-05-09,0.09718839486611723,0.07318340403571018,0.01999525139466121,0.07075887364415036,0.019333770345630212,0.38162445361478003,0.019822972273725804,0.019933555223973987,0.1999113821640402,0.01726507434712422,0.0809828680900864
2014-05-12,0.09783722264388565,0.07462133837306771,0.019977254499605877,0.07101162918839393,0.01959987738477902,0.38038781546025235,0.019711088978841666,0.019793271067096812,0.19880561537132901,0.017329714483566634,0.08092517254918113
2014-05-13,0.09784241895017476,0.07382775617334383,0.019842202420137275,0.07105329577970444,0.019656898420173288,0.380192501495289,0.019770861449567963,0.01994744852038143,0.19937326074289374,0.017267550901638392,0.08122580514669572
2014-05-14,0.09734337569764655,0.07260207740112602,0.019885401028576204,0.07089314056012462,0.01978850483890938,0.3801887933978602,0.019853963484017998,0.020156085156948854,0.20029280856681012,0.017428884369300252,0.08156696549867963
2014-05-15,0.09667059431295653,0.07224793054806032,0.01988921046774619,0.0707163698746055,0.019640442965721816,0.38095066983703485,0.019962622203063832,0.020354984789682378,0.20102429221677495,0.017317399566496097,0.08122548321785737
2014-05-16,0.09689749519930273,0.07262453700134533,0.020012773551194688,0.07079238441007119,0.019877725283706744,0.38056989798733043,0.019898011383199837,0.02027509509410016,0.20056399673240996,0.01726061347304806,0.08122746988429068
2014-05-19,0.09719480672041858,0.0733627003266211,0.01992794055858423,0.07060538044293017,0.01986582369608809,0.38043189213961853,0.01986111417399926,0.020113043443390953,0.20025891037637977,0.0172613633712751,0.08111702475069395
2014-05-20,0.09678359284621664,0.07239401388361617,0.01990776399942648,0.07030763982144186,0.019745029608499342,0.38127110729838104,0.019960344195842212,0.02019973547720608,0.20067692586322955,0.01731266733777546,0.08144117966836492
2014-05-21,0.09746266485798255,0.07266414383032446,0.01980145718670993,0.07075733830426519,0.019870236062772096,0.3807387467198879,0.019901703556177597,0.020048306017764986,0.2000264227954265,0.017246898493199866,0.0814820821754886
2014-05-22,0.09759221400411587,0.0733390383870414,0.019762865565911156,0.07077242661077761,0.01998711057370526,0.380229947640367,0.019858677741884215,0.01999770576777141,0.19973909992295222,0.01726670257904407,0.08145421120642952
2014-05-23,0.09779478447564373,0.07399749312020198,0.019872976507193055,0.07082167116978884,0.019911704816899283,0.3794082371302737,0.019860706032656824,0.020066033802952223,0.19957268290129448,0.01721134259811807,0.08148236744497743
2014-05-27,0.09820034358213336,0.0749123194882571,0.019953447376681144,0.07118490846234471,0.019701697136497963,0.37874371171356563,0.019826978942623717,0.020143433863138903,0.19987946047393437,0.01681016954030184,0.08064352942052094
2014-05-28,0.09806188849012658,0.0744725475487965,0.01985904132804468,0.07090014790461525,0.019803393248117793,0.37857588442870926,0.01992249904567465,0.020378351783248278,0.20069761590610077,0.016709137349972383,0.08061949296659357
2014-05-29,0.09851980279626284,0.07468559945619302,0.019874176324009226,0.07129612439944782,0.019848690002558626,0.3783415761135117,0.019887678404851634,0.020259883394251024,0.20001166526903888,0.01666494498100345,0.0806098588588715
2014-05-30,0.0987701248241293,0.07441860833855166,0.019990238655748824,0.07137256039693676,0.019595397216344356,0.3787821831217001,0.019890829016784902,0.020269800449402933,0.2002307396065072,0.016610067300754577,0.08006945107313909
2014-06-02,0.09906410874295585,0.07377084419151073,0.024663348960721684,0.07164942604572959,0.02125145232345186,0.36334980268519795,0.03128508027297976,0.023861170073561613,0.1994892527473921,0.01654006518769856,0.07507544876880004
2014-06-03,0.09917955800616196,0.07334581777367623,0.02926842919484601,0.07160565678972819,0.02295204427319503,0.3480003969099307,0.042625216375332856,0.02733215556640957,0.19898449005603291,0.016605735299921837,0.07010049975476443
2014-06-04,0.09933750206726356,0.07322507265289967,0.033806150764886106,0.07158322733739315,0.024351105056035653,0.3324296375821828,0.053841111839494096,0.030982803185484024,0.19892071202543343,0.016566170688977994,0.06495650679994937
2014-06-05,0.09950874821853849,0.07389910803198207,0.03878549891323872,0.07176157868788312,0.02606035611079863,0.31513710806350875,0.06528004644019131,0.0346437939125715,0.19861627800339832,0.016611460648731907,0.05969602296915707
2014-06-06,0.09966419577750028,0.0738099849921575,0.04330149970138611,0.07194330145475675,0.02781251093625773,0.2982786338747133,0.0768603951928846,0.038406746024642266,0.19869840535414748,0.01656315817485341,0.054661168516700456
2014-06-09,0.09968041379479223,0.07373244515828473,0.04771836827304657,0.07185142095618766,0.029496040060071314,0.28168853434796864,0.08885676357287074,0.042306275144058464,0.1985154873523916,0.016567450306287854,0.04958680103404013
2014-06-10,0.09967377790859978,0.0729450469048702,0.05239620275277336,0.07175740953244243,0.031214803664035493,0.2655823248096899,0.10081187850020877,0.046134266160519195,0.19857431315367582,0.016661926574501423,0.044248050038683574
2014-06-11,0.09935060022997991,0.07199948052853694,0.05712224040044971,0.07151054849690718,0.03268004367327517,0.249565441107946,0.11296524765410172,0.05015705614438568,0.19905143310090503,0.016651188684576327,0.03894671997893627
2014-06-12,0.09869631866906997,0.07097962586943475,0.061762944211888215,0.07151680683690008,0.03405791849626004,0.23336568983302802,0.12491883549017628,0.054274552728825594,0.19950740749301135,0.016733097688758525,0.03418680268264721
2014-06-13,0.09900754564217558,0.07051622416518061,0.06682964617055591,0.07158816400538082,0.03566441411456335,0.21678199594408432,0.1366502081343887,0.058055984161705966,0.19944909880246522,0.016683947871956834,0.028772770987542825
2014-06-16,0.09907223592817684,0.07006569008622092,0.07170369250945709,0.07163328112634158,0.037226580220561745,0.20012071687285637,0.14883745142421645,0.061992069635724435,0.19946542473606588,0.016566292542730347,0.0233165649176484
2014-06-17,0.09906410874295585,0.06959307844690588,0.07482358315481637,0.07164942604572959,0.03825995201619346,0.19018578256951413,0.15613293118355084,0.0642618199052433,0.1994892527473921,0.01654006518769856,0.02
2014-06-18,0.09924683211521901,0.06968267005403966,0.07487847982964135,0.07187390002816708,0.03847286759934418,0.1893099599968195,0.156104188190514,0.06440567052047094,0.19954873887749594,0.016502721497053837,0.019973971291234554
2014-06-19,0.0993863749387391,0.06975991607541568,0.07547451427371943,0.07228119149055863,0.03826369023861528,0.18933662122276715,0.15575022293827417,0.06359702248275662,0.1988944961186697,0.017081589131761207,0.020174361088723114
2014-06-20,0.09943670960988447,0.06988443463855518,0.07562156217436006,0.07204885053922051,0.03812679411562134,0.18904900665984628,0.15569540091398912,0.06398113536760497,0.19897838576478405,0.01699652275401215,0.020181197462121943
2014-06-23,0.09950260556269103,0.06981610190011059,0.07551672335282242,0.07192444623453506,0.03808489072168065,0.18923222358202618,0.1557401566813584,0.06384265003192156,0.19915442036259232,0.017060066468500407,0.02012571510176146
2014-06-24,0.09885754998315517,0.0690388716488327,0.07551673926607852,0.07144168565260868,0.03804980481700571,0.1892120920239088,0.15630484258623692,0.06446019605884191,0.19990211464346586,0.017069670721058867,0.020146432598806968
2014-06-25,0.09913977219161693,0.06950883693990643,0.07539156959868358,0.07129818861425524,0.03806692741258224,0.18892083721254116,0.15619709471263254,0.06451912972765537,0.19977193224238812,0.017042719642029032,0.02014299170570941
2014-06-26,0.09898601523845965,0.06933279769925776,0.07524427829943492,0.07129081124166058,0.03807913573361824,0.18880762857934394,0.15647474666287403,0.06477363254444754,0.19997348108479993,0.016993613595450326,0.02004385932065319
2014-06-27,0.09906865916127068,0.06972145651240721,0.0756134868246213,0.07125359569384522,0.038124916989363766,0.188643181232748,0.15630147764174238,0.06460491780658549,0.19971859312228366,0.016965419954397057,0.019984295060735267
2014-06-30,0.09898794811299712,0.06997706886784913,0.07552736271430932,0.07129449082879011,0.03800781344712783,0.18860807809387561,0.15637471461421065,0.06474495622911504,0.19947384432183032,0.01714504651085921,0.019858676259035715
2014-07-01,0.09959648810737758,0.07002327478716011,0.07567570184780446,0.07261758022935531,0.03973551298780733,0.17299774598886986,0.1568343775761173,0.06416797097721065,0.19859463566897462,0.020758689964762725,0.028998021864560124
2014-07-02,0.09984692679983695,0.0692993170362218,0.07573377690091469,0.07356140209950271,0.04136639394163923,0.15801302647275,0.15761396897595126,0.06371239687925395,0.19834997686405295,0.024413346718576468,0.03808946731129997
2014-07-03,0.10017328292208878,0.06902124945663053,0.07544240634434188,0.07436433061310627,0.042884605265371106,0.14254120405313403,0.15847490248650034,0.06363532004158123,0.19824780793151964,0.027987675418541965,0.047227215467184225
2014-07-07,0.09985242664669142,0.06754490894758149,0.0756319390203738,0.07467012322242848,0.04417326602827044,0.12723931937769276,0.16007917217606932,0.06417975454672292,0.19878385673429422,0.0316589496218655,0.05618628367800961
2014-07-08,0.09937040900216071,0.06667356617831617,0.075795524377517,0.07498477132013052,0.04530741095070876,0.11195570357612551,0.16153609881342643,0.06461534969708027,0.19917213762747132,0.03530088047099356,0.0652881479860697
2014-07-09,0.0996252594136793,0.06661222476406534,0.07574014731312413,0.07611682839404244,0.046695203487042404,0.09664534520232564,0.16217009233400917,0.06431147174940463,0.19881239656121952,0.03896792676901542,0.0743031040120719
2014-07-10,0.09959648810737758,0.0665823600182241,0.07567570184780446,0.07665142581045527,0.04733879433986969,0.0884770172021545,0.16261430130505639,0.06416797097721065,0.19859463566897462,0.04085363807781307,0.07944766664505955
2014-07-11,0.09965530901880502,0.06644360522649441,0.07566875553173244,0.07663681045164888,0.04724787918538475,0.08842862200608416,0.16275410093594606,0.06452674599185304,0.1990576918737217,0.040897849855497916,0.07868262992283137
2014-07-14,0.10011834846165776,0.06675834937443487,0.07598480889799826,0.0771748552468236,0.04759546464058443,0.0883839264075612,0.16232973607609402,0.06422349345449319,0.19856279863272933,0.03991060277828224,0.07895761602934082
2014-07-15,0.10020477625464698,0.06628169509688936,0.07617208782214999,0.07719283912652082,0.047693551275820256,0.08858425335743396,0.16263291113037576,0.06426855714193042,0.1988891762280193,0.03964118904004076,0.07843896352617206
2014-07-16,0.10033776625818108,0.06594596135501599,0.07627456439407457,0.07748730415034367,0.0476991500474861,0.08836424295114241,0.1624839501535787,0.06445740136104193,0.1988868669974171,0.0396871527410168,0.07837563959070136
2014-07-17,0.09930166827307789,0.06499828663531594,0.07590416770743438,0.07657946075001087,0.046854897344475004,0.08853048945822878,0.16359888488547877,0.06533844320505428,0.19984927017308293,0.04040282837089176,0.07864160319694907
2014-07-18,0.10008369291250484,0.06585642442933821,0.07639722972342622,0.07700316680598146,0.04747728445738543,0.08825198845535502,0.1628897404610668,0.06497694478994252,0.19911848230368234,0.040004652934165524,0.07794039272715132
2014-07-21,0.09989450766634524,0.0655899458389037,0.07617619002864018,0.07671807486409105,0.0476376305402302,0.08826073274876162,0.16293366252765606,0.06529908381024956,0.19911461867301677,0.04007048110580484,0.07830507219630045
2014-07-22,0.10012373008981468,0.06600752105951385,0.0763431406616972,0.076900089275685,0.04797965092020919,0.08807941486458716,0.16280258671297557,0.06530082977268471,0.19885556349497405,0.03979825519035699,0.07780921795750119
2014-07-23,0.10024501731249286,0.06601867479106892,0.07643307783796502,0.07698101459171289,0.04797423109282711,0.08802201359850392,0.162623088046288,0.06515026581655926,0.19888849009971046,0.03972025765435937,0.07794386915851179
2014-07-24,0.1004889347057881,0.0660463632616857,0.07641669312909695,0.07734583483478995,0.048303421453817906,0.08820044102260635,0.16235178792486804,0.06481789967543627,0.19857812086905202,0.03941238367045032,0.07803811945240807
2014-07-25,0.09992618001083663,0.06538679599355922,0.0759181963356347,0.07695732229327065,0.04806563314147052,0.08812945504195485,0.16282880248238402,0.06552279875477507,0.19916174612384047,0.03983230627135687,0.07827076355091672
2014-07-28,0.09999233273480755,0.06507545381631676,0.07639713499963222,0.07698846188103425,0.048410835819329257,0.08811040551294909,0.16268259660759038,0.06544900490192712,0.19897952185257742,0.039775725062910924,0.07813852681092474
2014-07-29,0.09963807824909099,0.0653033677488929,0.076099762014335,0.07688807598378077,0.04815741097957048,0.08819804505943028,0.1630254870612856,0.06573675451386198,0.19931385941365085,0.03968541256754562,0.07795374640855529
2014-07-30,0.10001520919940665,0.06580078073443517,0.07630275423984832,0.0770535596520827,0.048095083681680154,0.08847647924402738,0.16246825440199267,0.06505926740121734,0.1991165804515539,0.03971184796370751,0.07790018303004792
2014-07-31,0.09886205149105413,0.06483629777683875,0.07583211154505652,0.07640304077591882,0.04765013007626459,0.08926052161878134,0.16378274365223314,0.06540960711776501,0.20022861425548769,0.03958284415101867,0.07815203753958107
2014-08-01,0.09843200912146342,0.06445517435436893,0.0755858000360999,0.07577674556519716,0.0478489072426197,0.10232796817099243,0.16453211806806683,0.06583025520302298,0.20099884811327026,0.03649170817349254,0.06772046595140563
2014-08-04,0.09876941616504298,0.06475980454670434,0.07577205480493626,0.07588396111711156,0.048092203457538604,0.11512385537856722,0.1642276896687593,0.06554113466332362,0.20057471048698405,0.03296933738473118,0.058285832326300704
2014-08-05,0.09821203667490633,0.06472135015946999,0.07540868789432431,0.07531859465962973,0.04759942738406263,0.12849250616776534,0.1647715471582904,0.06593593368061938,0.2013313601901737,0.029727055850822432,0.04848150017993562
2014-08-06,0.09827802923806368,0.06474517056258089,0.07553703096905236,0.07533178953755974,0.04745235581849766,0.14147987557457553,0.16473447121955687,0.06590656484680736,0.20092364416042177,0.02667733767461307,0.038933730398270854
2014-08-07,0.0980719790531786,0.06442465834391346,0.07559581024298195,0.07524558899057292,0.047556731108550035,0.1544435560455469,0.1649403048387031,0.06614378700147228,0.20115554402691105,0.023264762659733956,0.02915727768843562
2014-08-08,0.09843200912146342,0.06445517435436893,0.0755858000360999,0.07577674556519716,0.0478489072426197,0.16654014229589065,0.16453211806806683,0.06583025520302298,0.20099884811327026,0.02,0.02
2014-08-11,0.09849661428462096,0.06492570648554365,0.07583698685114881,0.07589888151277006,0.04835486642254643,0.16617219699848407,0.1640897954107636,0.06567913043978717,0.2006389919012774,0.019919440589513025,0.019987389103544702
2014-08-12,0.09852843561620288,0.06458803945084647,0.07574544373815385,0.07596935464175864,0.04849142555915022,0.16645348038401664,0.16413070286626674,0.06536313609516874,0.20087736406942866,0.019957910931764883,0.0198947066472422
2014-08-13,0.09877345210845505,0.06481613108833775,0.07636176678871318,0.07607367409790362,0.04854664528958032,0.1658239026539399,0.1639671794427868,0.06551047925246636,0.2004262828072566,0.01990614773645876,0.019794338734101653
2014-08-14,0.09904970100905418,0.06478889011080467,0.07619463951700595,0.07633148117111757,0.04852974770520874,0.16554531570470968,0.16398254741029009,0.06591139750426865,0.20026029639643161,0.019885325761391175,0.01952065770971769
2014-08-15,0.09885679899248351,0.06455067981817579,0.0761345029022394,0.07611780962356113,0.04831486472109409,0.16525665609011347,0.16435453046998608,0.06651409698069913,0.200614309791679,0.019720682100006312,0.01956506850996209
2014-08-18,0.09952999801843548,0.06538806694931716,0.07672140025826338,0.07649351529633917,0.04870570193251191,0.16499945585616152,0.1635825968274453,0.06575047973657215,0.19985072866828707,0.019607923640402473,0.019370132816264356
2014-08-19,0.09997875837970113,0.06556907361765658,0.07672939711819964,0.07662323969192797,0.048898737192575766,0.16488290610858536,0.16329513603458626,0.06550107062702903,0.1995759261634899,0.019550168526758425,0.01939558653948987
2014-08-20,0.10036554821616815,0.06536871545748049,0.07719463783530599,0.07647327124887124,0.04885953496500327,0.1649237124599469,0.16300501647465915,0.06547203041293077,0.19936263804564472,0.019501296324151485,0.019473598559837744
2014-08-21,0.10048619319569868,0.0653989447727284,0.07699021270743883,0.07666399729368495,0.04857037657560781,0.1646419102905362,0.16307015744625983,0.06572643198605961,0.1997065454822771,0.019257967676766314,0.0194872625729422
2014-08-22,0.10038577307074342,0.06544094233981801,0.07651464439354719,0.07633906049964459,0.04846738294685868,0.16469436360061243,0.16317634692581012,0.06612940892464018,0.20006802881941071,0.0193172722500474,0.019466776228867156
2014-08-25,0.10067041347804666,0.06560146320017679,0.07631346586363277,0.07666204626755502,0.04871622360392942,0.1642697895864322,0.16293825224116698,0.06622988303971822,0.1999398286041663,0.01920390882802786,0.019454725287147735
2014-08-26,0.10063377572814594,0.06612952134022332,0.0762361890913218,0.07659586273181118,0.048958371557390544,0.16416172541537627,0.16274209094966133,0.06594925801213229,0.19987057063356464,0.019279806504359183,0.019442828036013483
2014-08-27,0.10041997133972341,0.06585147975310748,0.07622839143618343,0.07661221886428775,0.049121744580154066,0.16391716745736046,0.162912231797761,0.06639645504270664,0.19985808132237246,0.019241833789561007,0.019440424616782383
2014-08-28,0.10037846934667229,0.06552127485196192,0.07616655237955919,0.07627976298134653,0.04864340051766173,0.1639782561341178,0.16315215760409693,0.0667533659387177,0.2003175268645786,0.019350583822928823,0.019458649558358618
2014-08-29,0.10054067581539758,0.0658077561715417,0.07645421601881507,0.07615180890655508,0.048508283180348694,0.16385428215290385,0.16296726926115804,0.06671619470014245,0.20022087673913969,0.01930499117159808,0.019473645882399856
2014-09-02,0.10084180881571081,0.06640035169795827,0.07676279017612983,0.0765668747215101,0.04860220420870102,0.16428714910813222,0.16249202435712296,0.06579446734903086,0.1999648800936718,0.019026805324506294,0.019260644147526006
2014-09-03,0.10060692751972083,0.06586353671092697,0.07664665589853094,0.07696789038273215,0.049151833389683916,0.16403322034687842,0.16243631251075055,0.0660429472738785,0.1998754509207993,0.01907096660450489,0.01930425844159366
2014-09-04,0.10086905044977057,0.06587523293613723,0.07681254828570161,0.07691276435268317,0.049221323980810604,0.16467928681495722,0.1625162303112507,0.06550305326205393,0.19926286644981228,0.019043312296779424,0.01930433086004334
2014-09-05,0.1011306060955669,0.06596021180231959,0.07739117462171409,0.07677860684132021,0.04954960105230636,0.1644258268064894,0.1622554039343631,0.06525499603106402,0.19891902687299137,0.019098006843487877,0.019236539098377192
2014-09-08,0.10112883520565558,0.06623232485056425,0.07745562481653184,0.07616057532128975,0.04909211161141343,0.16475168677018262,0.16250087433512383,0.06545127499631821,0.19909603925646058,0.01893854668938124,0.0191921061470788
2014-09-09,0.1008778983515416,0.0657017483577243,0.07733930253685838,0.07623651092381242,0.04867321781339338,0.1652921406218807,0.16275312889523097,0.06565378905621337,0.19932904456918532,0.019033968929297318,0.01910924994486244
2014-09-10,0.10140207671877896,0.06618402376942933,0.07637594029947736,0.07678429343031988,0.0485357748752944,0.16554779003882036,0.16257615051143592,0.06533267919653307,0.19929359845736916,0.01896495474752094,0.019002717955020752
2014-09-11,0.10160874059104259,0.06667157008530289,0.07653762962054854,0.07642470664121251,0.04825179207024937,0.16571434149093803,0.16251556428410893,0.06517451451551208,0.1993186940384575,0.018857407886459763,0.018925038776167948
2014-09-12,0.10170072318233864,0.06641022737931809,0.0748403788105476,0.0768385732147061,0.04806336433188613,0.1667993788898968,0.1629995977407845,0.06492958068125558,0.19970358074253028,0.01881184512642155,0.018902749900314948
2014-09-15,0.10171785357205973,0.06574519583770004,0.07460410261053907,0.07674598045091606,0.04786576631055368,0.16703149355025546,0.16345088282702383,0.0650865933779232,0.19993776291790064,0.018870457949219505,0.01894391059590901
2014-09-16,0.10223683646132857,0.06577047971497518,0.07498004422603939,0.07688619697897653,0.04837495672919038,0.16672707697217395,0.1630089593045645,0.06466651022828004,0.19942141792814919,0.018855072485409255,0.019072448970913314
2014-09-17,0.10261254160174918,0.06609622428523823,0.07510178993541718,0.0765174744252092,0.04803704375393241,0.16693676170251343,0.1629750497035623,0.06465064326682513,0.19934132588869943,0.01869374442738452,0.019037401009469296
2014-09-18,0.10301620350404288,0.06640713687736327,0.07445151771482743,0.07700443730668993,0.04803614477213413,0.16672464952098837,0.16263770001654476,0.06476690053050477,0.19942078863911328,0.018705899074036324,0.018828622043755162
2014-09-19,0.1028701740223437,0.06553323854067217,0.0744549334521147,0.0766971643505399,0.047649457613595125,0.16661858461318219,0.16317161277021514,0.06555711106485501,0.2000976368455239,0.018586682348925035,0.01876340437803345
2014-09-22,0.10237251139805238,0.06480110973383175,0.07400838328115868,0.07658203931826968,0.04706227840775972,0.16722178550816885,0.16399575742678904,0.06582805065668913,0.20086653966883805,0.018602518327781505,0.018659026272661448
2014-09-23,0.10191679597169719,0.06427777529229224,0.07368160473966401,0.07603795637707021,0.04685828986264337,0.16747547347657663,0.16455586081933057,0.06632018026870004,0.20144726482104738,0.0187458854637834,0.018682912907195152
2014-09-24,0.10261317921174756,0.0647954072293831,0.07353448472352074,0.07634777459718521,0.04748296576562627,0.16725074449159422,0.16393227953477638,0.06588741426252337,0.2007719995150014,0.01863979176402165,0.018743958904620335
2014-09-25,0.10125714350747915,0.06389126978744808,0.07339049329368116,0.07545141029819973,0.04658693277562834,0.1678663432224794,0.1652162665294036,0.06686578605877756,0.20196519366608504,0.018749425629645485,0.018759735231172713
2014-09-26,0.10189276382818915,0.06435892752712198,0.07407746469068745,0.0756418535846041,0.04671908710558301,0.16750925136058212,0.16459257459406737,0.06665743983854369,0.2011880124230964,0.01866577585116308,0.018696849196361966
2014-09-29,0.10178738128292919,0.06435736363371128,0.07411442746173678,0.0750000703342524,0.04580792662373013,0.16768063793128593,0.16524779850021096,0.06724468557417135,0.20126097313313468,0.018675665880149222,0.018823069644688335
2014-09-30,0.10177158355280035,0.06354099420529123,0.07385027493178081,0.07512776636476075,0.045921699540876,0.1680573377100783,0.16551447263595495,0.06703119665830153,0.20205138955848648,0.018590869802436977,0.018542415039232932
2014-10-01,0.10038693963501069,0.06263692203875477,0.07388895146614838,0.07423326428319747,0.0449800446712199,0.16822781029792588,0.16689591560330314,0.06832751056343121,0.20326567258327233,0.018679442329721872,0.018477526528014546
2014-10-02,0.10052930268402308,0.06331530969592387,0.07386478718504329,0.07352936217019587,0.04528027085361683,0.16842047402897015,0.16661013706914293,0.06781784055170456,0.20350535429850103,0.018698241211565353,0.018428920251313288
2014-10-03,0.1013703227385744,0.0636255738872557,0.07417252979510996,0.07333710693989327,0.045548062640524294,0.1678211975873152,0.16612656161746106,0.0679290912481675,0.20355517244718388,0.018309081437868788,0.018205299660646115
2014-10-06,0.10109726084256437,0.06298392219895663,0.07415517923483174,0.07369255976099852,0.04607351845218005,0.1677239197279383,0.16614444418934715,0.06786582999718498,0.20334727041463266,0.018507658579611914,0.01840843660175388
2014-10-07,0.09973486750267896,0.062070174978525315,0.07386567886766854,0.07258677408174977,0.0457568116878827,0.16815722400744262,0.16745046622599064,0.06891902411468803,0.20448844150438647,0.01859725038679029,0.018373286642196843
2014-10-08,0.10066267293523472,0.06275127673526834,0.07466740537439387,0.07314066896187243,0.04606756380403197,0.16698167372910655,0.1666899328234087,0.06838168954581399,0.2038792733855724,0.018623611486646607,0.018154231218650587
2014-10-09,0.09947083939048737,0.06155617919619724,0.07518036731475324,0.0717587865950503,0.04571463592174914,0.16834341172295908,0.16776149835976625,0.06863908025448029,0.20468569348346233,0.018802642776861802,0.018086864984233092
2014-10-10,0.09858639758608351,0.06096245485609108,0.07526534336876857,0.07086221556494174,0.044835216231853936,0.1688527574478649,0.16884683632817027,0.06949736184038363,0.205379762223521,0.018842618317954175,0.018069036234367338
2014-10-13,0.09692686715930099,0.06069294635039037,0.07510606050726591,0.07073912210274923,0.04527030286067654,0.16884282197951941,0.16965837608753973,0.06989110981680557,0.2058270093401687,0.018983804159594875,0.0180615796359888
2014-10-14,0.09673543941040165,0.06118675447114002,0.07597052201175021,0.0706656510652561,0.045375649764307954,0.1683481796674225,0.16939689476560843,0.07010081101986429,0.20556473246020784,0.018928202981725307,0.01772716238231571
2014-10-15,0.09606572853788468,0.0617915231616921,0.07542622174875148,0.07023371526035455,0.04479530696518747,0.1685398714763359,0.17032792134109992,0.07064320902532248,0.20568614544847744,0.018989045672195084,0.01750131136269898
2014-10-16,0.09612829716525813,0.06258151611959478,0.07574275003424029,0.06968429669636242,0.04445454227201821,0.168695123093728,0.1701216203075546,0.07029955267985419,0.20553453766309882,0.01905449378304879,0.017703270185241905
2014-10-17,0.09706143712850264,0.062266025679481765,0.07596831665726976,0.07083605730725268,0.04485784824532791,0.1682452297143557,0.16927334932856475,0.06976157991098259,0.20502180361017747,0.018978195780729113,0.01773015663735563
2014-10-20,0.0975839368629129,0.06272603046164969,0.07672339287778318,0.07097451428443133,0.044797253810191257,0.16762304114418455,0.16878629660178274,0.06971509846706134,0.2045175818547526,0.0190255098621603,0.01752734377309002
2014-10-21,0.09914693511529861,0.0635213946388274,0.07716626311224815,0.07155640933989899,0.04481627054584614,0.1669600943915652,0.16769941262573662,0.06890128659479323,0.2036380908356704,0.018989540772286123,0.017604302027828953
2014-10-22,0.09874978005127164,0.06280919135236486,0.07737583208743437,0.07125710340469625,0.04466056082357791,0.16744278732261178,0.16817625937531486,0.06919130970926272,0.20393487631415272,0.018941003780957914,0.017461295778354785
2014-10-23,0.09971710300986518,0.06380624242920029,0.07781719320007614,0.07181284976482906,0.04456886206477292,0.16706122261082978,0.1671748564818477,0.06845377569261513,0.2031757176306119,0.01877684371069222,0.017635333404659444
2014-10-24,0.10030206448288455,0.06379958092967947,0.07770762085089324,0.07207631913072896,0.04480473026704165,0.16679735250684846,0.16701383836627653,0.06839810145913879,0.20289169523843936,0.0187158823295037,0.01749281443856508
2014-10-27,0.10016444019910546,0.0637652769411744,0.07817197985509071,0.0716711146412997,0.04445531773225997,0.16679776052588535,0.1671882456989199,0.06852396206336142,0.20314634086358427,0.0186700673673763,0.01744549411194226
2014-10-28,0.10093050007905256,0.06533259013643787,0.07812881311712372,0.07248489787554906,0.045179601645840596,0.16612827442323794,0.16614672903702746,0.0678381500143633,0.20170350471969134,0.018605816992788463,0.01752112195888742
2014-10-29,0.10102238725151187,0.0653362103591903,0.07773892225286039,0.07210555505604199,0.04535465444824064,0.1663152964799065,0.16599692113453324,0.06815677244463447,0.20182062755786642,0.01838406217783784,0.017768590837375985
2014-10-30,0.10137638162891913,0.06570234033003015,0.07817621545943808,0.072416314781174,0.045647848500439285,0.1658937279009956,0.16569080665984154,0.06801682546587448,0.2013727517958423,0.01813885826815842,0.017567929209286744
2014-10-31,0.10219752451168518,0.06644910300231112,0.07850473744749493,0.07351092381941883,0.04569243683640732,0.16530759828804562,0.16487748053280044,0.06761674480395029,0.2006750048344756,0.017681956501975186,0.017486489421435148
2014-11-03,0.09070472318794606,0.06641346679726652,0.07920546920357042,0.072964804636102,0.045366562444503024,0.15469220509526438,0.17546935277388614,0.06769663734996627,0.21251379109762703,0.017622709674429755,0.01735027773943835
2014-11-04,0.09044971086272383,0.06614889372496494,0.07935216495339371,0.07259838386228257,0.04543995358912973,0.15477603706444346,0.17556843277313375,0.06795202654424061,0.2129584815305156,0.01764534979049811,0.017110565304673753
2014-11-05,0.09105601147012193,0.06629431686483099,0.07938268146176826,0.07276455103988656,0.045055438031794286,0.15479897332654652,0.17568623169971564,0.06788131443403682,0.21264632504488873,0.017269898195816542,0.017164258430593812
2014-11-06,0.09162741470572297,0.06673066855418963,0.07922577930482105,0.07253663395681074,0.0446020529144531,0.15511262310085436,0.17554626064354126,0.06759529330568705,0.212481262807404,0.017323169910028073,0.01721884079648781
2014-11-07,0.091314271573642,0.06654310440932991,0.07881841653702272,0.07225568219145252,0.04468997920735629,0.15454760945567053,0.17590347573593562,0.06807446521687649,0.21289780821670212,0.0177328727777909,0.017222314678220923
2014-11-10,0.09175488823350383,0.06698564551033702,0.07930686876221894,0.0726989741309668,0.04488418417657153,0.1546963849264706,0.17547727183073056,0.0675619623356418,0.2121796402429189,0.01736787864267254,0.01708630120796757
2014-11-11,0.09177936006782632,0.06698516952567743,0.07905309543043926,0.07308620163295265,0.04480986395827857,0.15457158821541642,0.17537316979211512,0.06756095141188977,0.21201561755500087,0.01760417388183739,0.01716080852856616
2014-11-12,0.09178715648305347,0.0673643027905052,0.0787338983006371,0.07254733452998968,0.04477399230977899,0.15480254529326962,0.17550590772344815,0.06758095030939258,0.2122392347375805,0.01753928483161809,0.01712539269072661
2014-11-13,0.09188754656851802,0.06679067591432244,0.0790460349951233,0.07289048811723568,0.04465296358256502,0.15483388103047532,0.17578487725656058,0.06773816810940092,0.21199919373541573,0.017565430614547576,0.016810740075835398
2014-11-14,0.09176736234709687,0.06656718740104513,0.07844137706222423,0.07288085508690013,0.04495245486115353,0.154666541587713,0.17588014155931636,0.06796289107948737,0.21193832562876191,0.017977910334020387,0.016964953052281066
2014-11-17,0.09200917647233219,0.06614569045041521,0.07889199306474541,0.07273828327130535,0.044563997611400084,0.15495717840275514,0.17603024191461708,0.06792766763821775,0.2118599056003472,0.0179477247929931,0.01692814078087154
2014-11-18,0.09226845133321881,0.06633313356836558,0.07903694457380692,0.07331743355721136,0.04467144759837923,0.1544835231455498,0.17571349715942497,0.06791554359152632,0.21141590890360526,0.018051881174923408,0.016792235393988428
2014-11-19,0.0924839385199209,0.06588547677650507,0.07885503021696806,0.07338763160724121,0.044826013626128404,0.15507498991867438,0.17593711869278814,0.06775005987531242,0.2111203880403065,0.01790732867604983,0.01677202405010524
2014-11-20,0.09241972453720057,0.06646072965319666,0.07888241778663607,0.07277091578386483,0.04464047386720005,0.15473247882259278,0.17582521400363108,0.0679372916208397,0.21140955442624879,0.01804898180386113,0.016872217694728575
2014-11-21,0.09243541886834522,0.06619774227881625,0.07904950884967178,0.07302563581880028,0.045824914728678084,0.1539714713048165,0.17526894343761887,0.06799481826821656,0.21122796956098588,0.01803882620708993,0.016964750676960773
2014-11-24,0.09253337769306319,0.06687036120208198,0.07914085277715341,0.07332135238616648,0.045367848595095454,0.15372144700124735,0.1751632216376023,0.06793291499371444,0.211197712746982,0.017963713155897332,0.016787197810996076
2014-11-25,0.09228889522529955,0.06679289341038117,0.07920712152107848,0.07330607306560431,0.04499027638415054,0.15344444637335702,0.17525844363886697,0.06836657782894043,0.21169677198779857,0.01797127971683809,0.016677220847684863
2014-11-26,0.09224276841190072,0.06680907907111878,0.07955591301057133,0.07336673545211242,0.045420373356185754,0.15299432751627115,0.17502153479030924,0.06834356653021377,0.21177583600346708,0.017882286331859946,0.016587579525989857
2014-11-28,0.09221856503533331,0.06593885288690365,0.07993224658296731,0.07291075110856354,0.04459261866896277,0.15333328260915377,0.17602684395366774,0.06901159618330091,0.21273676248714987,0.0174410673790956,0.015857413104901616
2014-12-01,0.09188483466180886,0.06512813764512043,0.07990879681429014,0.07308671831112448,0.043976726841442194,0.1387119049343426,0.18875020182789987,0.07140668188732094,0.21271084138403545,0.0181973035730342,0.016237852119580894
2014-12-02,0.0926393515700547,0.066026597221205,0.08033113220786574,0.0734215367712167,0.044043345360229934,0.13887412457035178,0.18824213077886093,0.07083768527828786,0.21165692093553823,0.0180041724562556,0.01592300285013353
2014-12-03,0.09285648860748644,0.06656023682695811,0.0801347247288242,0.07321717849036898,0.04409425877643902,0.13859512050458664,0.18802415654564184,0.07100506505837928,0.21154548148597455,0.018162284538142587,0.015805004437198473
2014-12-04,0.09265203612637724,0.06617001498110957,0.08017168750495422,0.07289701936464972,0.04412130455961482,0.13852491923146465,0.18847777957503764,0.07152026114327167,0.21165183002131044,0.018072186396587787,0.01574096109562234
2014-12-05,0.09304197962765234,0.06683967098694564,0.07996029167514886,0.07324448266343361,0.044148177140489124,0.13861815661702048,0.1879067852453569,0.07128588804669124,0.21132035578913322,0.017891865096317943,0.015742347111810766
2014-12-08,0.09241770635344979,0.06600302381656749,0.08031274907220898,0.07260122682243168,0.043499029886769264,0.1385979955451633,0.18852744415111516,0.07215521315331433,0.21231439650941794,0.018102455532387568,0.015468759157174494
2014-12-09,0.09214331556010073,0.06695657437791101,0.08039916257418951,0.07204630618289393,0.04298986428885749,0.13832928512165868,0.18879080692821998,0.07235978469129939,0.21200570410639946,0.01843689220280614,0.015542303965663614
2014-12-10,0.09098329908548747,0.06576360356091368,0.08049240717680764,0.07138109257563928,0.04250231761162791,0.13892805265329503,0.19031033614883272,0.07314333108378164,0.2126757517736572,0.018465374805788547,0.015354433524168782
2014-12-11,0.09145790807433013,0.06603481386898867,0.08057729034207725,0.07129980665295915,0.04215168089391607,0.13888269326800473,0.19000699415640715,0.07345466714624008,0.21249233359182185,0.018425804345384763,0.015216007659869971
2014-12-12,0.0901795005263558,0.0653777422515252,0.08002338456554652,0.0700789836799064,0.04155161333592429,0.13932255172175792,0.19199858880401674,0.0746161051274009,0.21330431241823702,0.018422760557345926,0.015124457011983028
2014-12-15,0.09002332709170582,0.06505140222018338,0.07949042262610487,0.06927480607327052,0.04116741294815916,0.1399440270853083,0.19228846246349426,0.07484770689820533,0.21491205250197293,0.01804174565030441,0.014958634441290771
2014-12-16,0.08919852064248503,0.06488491662013872,0.07903102839519617,0.06969115965434775,0.04105470908018158,0.13986547059176926,0.19303073050487296,0.07568681963007844,0.21459255511466915,0.018109187660764938,0.014854902105495709
2014-12-17,0.09047774639783213,0.06654242594113507,0.0803795230768665,0.07016035957998078,0.041781647334164354,0.1390119446273876,0.19071704876591716,0.07461743846483743,0.21353846243453398,0.01790912942758199,0.014864273949762776
2014-12-18,0.09238322925580857,0.06729120090422379,0.08081059749970812,0.07115653746664859,0.0422010258759,0.13843239028430251,0.18896286694184097,0.07302741067687356,0.21298801038030046,0.01798244144641974,0.014764289267973484
2014-12-19,0.09252237146345611,0.06725977309361551,0.08075566686641449,0.07106546463597287,0.042380140310108824,0.13795553498346239,0.18914025712111937,0.07380679489935053,0.21229839536556835,0.017874047150825634,0.014941554110105733
2014-12-22,0.09263868696375413,0.06749263938658151,0.08181234465563843,0.07117337447217868,0.04282638014500339,0.13752903633768365,0.18851087938196479,0.07366055138037073,0.21226547201187979,0.017469982149058927,0.01462065311588576
2014-12-23,0.09327028743732368,0.06794624968678448,0.08184267675075083,0.07133120554203752,0.04266661141246252,0.1381327735112668,0.18796990478171835,0.07259377903711364,0.21180296008640828,0.01759503919724508,0.014848512556888585
2014-12-24,0.09315031743930291,0.06804835373908698,0.08139385462081461,0.07155533297098395,0.042705896916440965,0.13801221437307024,0.18784486334643546,0.07288816118380963,0.21219212210262403,0.01757538926192778,0.014633494045503338
2014-12-26,0.0932158779454875,0.0683194499704495,0.08150368863133986,0.07155948678286658,0.0429362383570234,0.1376164882615164,0.1876220957268569,0.07297483727402643,0.21181915744252755,0.017851474472671658,0.014581205135234213
2014-12-29,0.09321079260524143,0.06851272981193507,0.08174568641122257,0.07094292931473503,0.042615258124621226,0.13755465415993282,0.18800015426035854,0.07341770631346319,0.21193225657564152,0.017646471024269576,0.014421361398578943
2014-12-30,0.09277481964068786,0.06815803989041712,0.08171852384613953,0.07033716904906649,0.04273183767925096,0.13769882300952757,0.1883438340735104,0.07366784036048447,0.21225689567275902,0.01789637731754613,0.01441583946061035
2014-12-31,0.09212150772971772,0.06794741059757924,0.08069610127243455,0.07010398835806314,0.04288893816260079,0.13805047356395359,0.18910602248903105,0.07402329904246686,0.2130172933766858,0.017696055966369768,0.014348909441097447
2015-01-02,0.09186287056962901,0.06740186560609304,0.08150803360690373,0.050466821767732345,0.03363920418457442,0.16483112243841783,0.18963732017577342,0.07467612442097647,0.21409751802888655,0.01773354506143227,0.014145574139580846
2015-01-05,0.09127603422665805,0.06708834702440371,0.08163323950212056,0.030845496062349875,0.024834337393823878,0.1918511728018094,0.19012236544813765,0.0751327548816176,0.21530331676316036,0.017837836494620365,0.014075099401298566
2015-01-06,0.09186287056962901,0.06740186560609304,0.08150803360690373,0.02,0.02,0.20763925982935605,0.18963732017577342,0.07467612442097647,0.21539540659025516,0.01773354506143227,0.014145574139580846
2015-01-07,0.09266510208380253,0.0679806454524841,0.08226146704479574,0.020147832872619894,0.020357253026229802,0.2069724966498049,0.18890397129323408,0.0742542124024929,0.21488647338690467,0.01756415407712157,0.014006391710509823
2015-01-08,0.09417834268747977,0.06903763266332097,0.0826112744715315,0.020392034372124314,0.020675289272675552,0.20666034109114229,0.1878719732552842,0.07316899986467001,0.2138959248899655,0.017465919824431162,0.014042267607374651
2015-01-09,0.09332208018214387,0.0683003192628883,0.08255238095281228,0.020271296560160648,0.02058467040149852,0.20660647419310854,0.18859349782565646,0.07388998160284654,0.214230421431124,0.01764556969731745,0.014003307890443304
2015-01-12,0.0925184911976742,0.06802041880179399,0.08294069992805454,0.020207866749827264,0.02040093402122461,0.20656649300299557,0.18910896316840345,0.07425455936565831,0.214469804125982,0.017827217717266135,0.013684551921119838
2015-01-13,0.09223689767948672,0.06805689904437459,0.0827053438733419,0.020305052928317986,0.020574251676049163,0.20664053330146753,0.18923967803391464,0.07423736976130456,0.21461486117923304,0.017762958909392793,0.01362615361311699
2015-01-14,0.0915341728569522,0.06767629376768423,0.0831184184935771,0.020215114752425132,0.02042649731770328,0.20643342677914228,0.18980967741885002,0.07468152584294546,0.21464454881781606,0.01770617929120612,0.013754144661698029
2015-01-15,0.09044321691695077,0.0663496706707365,0.08299983293464623,0.020287320011590247,0.02041657198144618,0.2061743880316047,0.1908971378642973,0.07564557558434674,0.21515752145797443,0.018101431170830937,0.013527333375575793
2015-01-16,0.09161644379049119,0.06742065830083609,0.08369515545839663,0.020548113435137454,0.020585719281715847,0.2059512230047112,0.18946319761255234,0.0746706227000318,0.21392891340222736,0.018335328715464325,0.013784624298435497
2015-01-20,0.09170136089560334,0.06705846202096347,0.08294151212239141,0.020594800063069057,0.020530222192440804,0.20561158658903453,0.18967369037183684,0.07557377952466181,0.21416964970402036,0.018564841324125586,0.013580095191852453
2015-01-21,0.09226150173555371,0.0669138132322125,0.08290401312742414,0.0207782401250887,0.021004824661327044,0.20582339758237825,0.18896594575076636,0.07477717039663044,0.21430216708574235,0.018588454795702383,0.013680471507173783
2015-01-22,0.09325579318408442,0.0680016052645653,0.0841817744355584,0.020771837236428604,0.021319802591019624,0.20492058439635327,0.18773657673400082,0.07420753800621252,0.21333235829560293,0.01866249230758943,0.0136096375485844
2015-01-23,0.09252622302461799,0.06779565630574211,0.08381060472027482,0.02060541881821706,0.021109081651823427,0.20453474600854543,0.18852001954755837,0.07506329734282578,0.2140732803700685,0.01846989640408853,0.013491775806237694
2015-01-26,0.09265728488196188,0.06838677318272908,0.08455703994220294,0.020868218040144774,0.021099942470666627,0.20422551236289346,0.1879149684021383,0.07476585735026035,0.2138232005199192,0.018268659375477943,0.013432543471605175
2015-01-27,0.09150936015796426,0.06811520717303313,0.08451376381843154,0.020915390995695497,0.021003163265485483,0.20451193165215295,0.1883264386766771,0.07494354480403045,0.21415441472029625,0.01849310815446866,0.013513676581764422
2015-01-28,0.09029342910550896,0.06693600094659627,0.08387384295296012,0.020593452170203714,0.02076556684911677,0.20456051337036307,0.18968686256998513,0.07613300339820982,0.2155061477856768,0.018338813146619212,0.013312367704759962
2015-01-29,0.09113073104415796,0.06786145915049277,0.08401866345351136,0.020875961409682862,0.020766155595493326,0.2044940421020869,0.18901955675307383,0.07563415460523956,0.21500484602590267,0.017944076032204336,0.013250353828154288
2015-01-30,0.08991134444572513,0.06631590273874544,0.0825777869260704,0.02053030291713679,0.020180336300941192,0.20456809068454812,0.19051997391693157,0.07691299052290633,0.21659538212674265,0.018328841071869974,0.013559048348382216
2015-02-02,0.0908694982304937,0.06680927646527765,0.08217301771353425,0.02,0.02,0.19105094585482785,0.18995694708567584,0.07649188402755838,0.2164274085155506,0.03249840709380139,0.013722615013280322
2015-02-03,0.09228909945748776,0.06808300208057276,0.08302910166459591,0.020342822945538436,0.020400971143195175,0.19111198852978376,0.18856991557127917,0.07495852339081371,0.21492312562807633,0.03217150501490995,0.014119944573746985
2015-02-04,0.09198560215204392,0.06786631702810886,0.08282841853255536,0.020185297863544664,0.020310734763692478,0.19124091822613234,0.18897893208153443,0.07512577846546925,0.21533317470429642,0.03232920869082999,0.01381561749179221
2015-02-05,0.09281784082504237,0.068671930153226,0.08360567956740513,0.020442135081328472,0.020410590061688452,0.1909682966837883,0.18809318614565923,0.07422389519004145,0.21442687824128942,0.032351460390683554,0.013988107659847442
2015-02-06,0.09350034501796625,0.06929352966060828,0.08222801388377869,0.020391801167604338,0.020266509651619614,0.19245115153579406,0.1878766338828206,0.07364979043324574,0.2143383856271267,0.03183448346340043,0.014169355676035026
2015-02-09,0.09320188591920497,0.06883273149687964,0.08194475722858009,0.020320087519837812,0.02026206604329054,0.1926765456627203,0.18803168386399124,0.07362650385776948,0.21475646473121404,0.03201792938881973,0.014329344287691906
2015-02-10,0.09421372277007943,0.06928677427718045,0.08224784423665513,0.02051042159526461,0.02021516727271865,0.19266970845826523,0.1875984499230208,0.07305554300804097,0.2142150132138158,0.031836253076664406,0.01415110216829429
2015-02-11,0.09433762176602792,0.06923911217667153,0.08213348177499517,0.020414307382788925,0.020082089140045008,0.19283402629556637,0.18766640594355583,0.07324447268226368,0.21451417642807422,0.031483140050527145,0.014051166359484
2015-02-12,0.0948600869140446,0.0697445433867769,0.0826822564164329,0.020647742870487144,0.02042770474787726,0.19212311032301616,0.18697782441760988,0.07270719908055973,0.21419493859039754,0.0314282718052574,0.014206321447540285
2015-02-13,0.09536172006221534,0.0702420792048142,0.0823276858542281,0.020808778796225214,0.02068550541610972,0.19234729991564803,0.18656935938251598,0.07204456588463386,0.2135963859080516,0.03163656286657359,0.014380056708984084
2015-02-17,0.09588297684625856,0.07073559610846092,0.08241099788643245,0.020938759671480713,0.020719955491067896,0.19300367888398826,0.1859664598763116,0.07123569001588148,0.21343282485098936,0.031229219756210548,0.014443840612917936
2015-02-18,0.09559341944555513,0.07059046130061167,0.08285192183167749,0.020997534176555765,0.020650328715992063,0.1926299441395759,0.18627565996404732,0.0714356435749616,0.21352873623299515,0.03122050598642335,0.014225844631604187
2015-02-19,0.09580773290619408,0.07080506629733699,0.08151242731772204,0.02108582488719196,0.02062462379123015,0.193085674066714,0.18635491080930042,0.0711730931201615,0.2141248536754304,0.03120519295465353,0.014220600174064483
2015-02-20,0.09618799991530667,0.07085346550316474,0.08209780573792419,0.021239305899900085,0.02072062907775541,0.1926739025944223,0.1858748155082253,0.07123799566869575,0.21401218888963666,0.030965041724044778,0.014136849480923726
2015-02-23,0.09590079865393573,0.07072122382620524,0.082509390849568,0.021103993930252536,0.02045340234134344,0.19221669150551793,0.18619812380878098,0.07184935849262604,0.21412741441709107,0.0309171472870819,0.014002454887596678
2015-02-24,0.09589295187041122,0.07060689382445352,0.08071669744314408,0.021172281495463373,0.020687497983717457,0.19181404205461175,0.1868855121713911,0.07257997727411132,0.21489323510347494,0.030781501349645524,0.01396940942957514
2015-02-25,0.09570067958949836,0.07060574257676837,0.08079672731742607,0.02116401803334011,0.020623098869161617,0.19159224190124366,0.18684257284811123,0.07280913483811613,0.2148381908967776,0.03086327896067927,0.01416431416887698
2015-02-26,0.095976744032969,0.07115295572425495,0.0804395984504406,0.021191550613672883,0.02071213457956164,0.19219059829179425,0.18649041746277886,0.07210631593191717,0.21454742423937587,0.031088018331839003,0.014104242341395182
2015-02-27,0.09547011618359226,0.07063320076642998,0.08086079585498628,0.02116148672538074,0.020658006647496008,0.1918974640917261,0.1867994746910877,0.0725759662851607,0.21465539714427093,0.03105366889834857,0.014234422711520187
2015-03-02,0.09642541196262663,0.07140710733046245,0.08147549095198145,0.04935541459644131,0.020259729514354296,0.1717666665822008,0.1860894294992365,0.07148553921748149,0.2135761806862113,0.02407680561155201,0.014082224047451665
2015-03-03,0.09642541196262663,0.07140710733046245,0.08147549095198145,0.06580057752146108,0.02,0.1596580387830876,0.1860894294992365,0.07148553921748149,0.2135761806862113,0.02,0.014082224047451665
2015-03-04,0.09620319997644335,0.07132261502534011,0.08095171402765887,0.06566230322020528,0.019822426252491306,0.1600022080219545,0.18658659642636052,0.07164535486988756,0.2138437159386857,0.019975900078950084,0.013983966162022882
2015-03-05,0.09621338856514855,0.07146188151256061,0.08113950457850624,0.06574997840828059,0.01977311145585283,0.1599010294233543,0.1865075146790615,0.07148410728987682,0.21391694508286904,0.019937121777015843,0.013915417227473902
2015-03-06,0.09606778576805207,0.0714575235608388,0.0796703416699409,0.06568117593789054,0.01971845143617103,0.16176439246518717,0.18695006407955078,0.0707947818294211,0.21433757323628552,0.019639623962701375,0.01391828605396099
2015-03-09,0.09609226679457791,0.07149206047093318,0.08006789717076723,0.06552927948074877,0.019567023209664802,0.16121398551148913,0.1870908949118149,0.07117149915011649,0.21436739393287554,0.01958278395290651,0.013824915414105845
2015-03-10,0.09479932853293399,0.07086839679776265,0.07989734834701458,0.0642843490861815,0.019185563754358186,0.1617056273780553,0.18841371162722234,0.07231076325550916,0.21531171788241138,0.019541397316499218,0.013681796022052047
2015-03-11,0.09433663623262631,0.07112285518210806,0.07980826939847546,0.06428484099876478,0.019281860789950925,0.16129407865109566,0.1882697031126746,0.07265220148837147,0.21585708993240013,0.01937445461479051,0.013718009598742533
2015-03-12,0.09510807459074756,0.0719800422002318,0.08076409312996606,0.06479326539855852,0.01931505664467776,0.16060953535364317,0.18760215369171318,0.07227558334144611,0.21467605178252766,0.019282443376458056,0.013593700490030567
2015-03-13,0.09481669220109633,0.07194508239651515,0.08071373195362411,0.06461525712771071,0.019140077916127634,0.16112664807805405,0.18790179911231986,0.07227728133190607,0.21473324898709117,0.019370193151419877,0.013359987744135425
2015-03-16,0.09559883232354685,0.07200154930984835,0.08118276836585227,0.0650119342934191,0.01927198961557398,0.16033064403032546,0.18760057267877295,0.07260405725737708,0.21386086384239025,0.01926005634769262,0.013276731935201541
2015-03-17,0.09521902897649556,0.07212177286966603,0.08102913327529257,0.06478383288703382,0.019476173633721998,0.16013194021159027,0.18779793499713626,0.07313213558112396,0.21400209958993596,0.01913654936495693,0.013169398613047195
2015-03-18,0.09517443482502329,0.07180194064994015,0.0816074976206777,0.06535165746018112,0.019706768186312496,0.15852946079970173,0.18760937422108342,0.07362377911061242,0.21396148751088023,0.019270802396023967,0.013362797219564126
2015-03-19,0.09515010214748161,0.07225136447393221,0.08183776234709594,0.06486691730179668,0.01945697098085704,0.15900869265106596,0.1875342383086003,0.07356547090026815,0.21379286413678827,0.019340379533125125,0.013195237218989339
2015-03-20,0.09528009368605501,0.0723487667927273,0.08320201176795206,0.06581052077074191,0.01960164508577003,0.1579446983905037,0.18690681908066684,0.0734066313591697,0.21280753736328448,0.01941619908806813,0.013275076615061441
2015-03-23,0.09499991897407678,0.07221376246886141,0.08299762982732857,0.06607553861989308,0.019640793753637965,0.15784358655354838,0.1869624150295904,0.07324445955222902,0.21308601868240548,0.01951987339475653,0.013416003143673019
2015-03-24,0.09443726958986312,0.07217450857468609,0.08230315521232878,0.06591522332665016,0.019712944589739937,0.15785120430489782,0.18747403728749537,0.07393005821708575,0.213335822592523,0.019561719786394368,0.013304056518336245
2015-03-25,0.09372782847559684,0.07096119875581562,0.0815303492949738,0.06608040522907405,0.019540958464509175,0.15895777563563374,0.18801694313354556,0.07383701122050108,0.21417723701874306,0.0197310149353433,0.013439277836264448
2015-03-26,0.09395983943386532,0.07121932743813196,0.08146170296990235,0.06582460848219568,0.01945317299658257,0.15965629156175437,0.18786818398575797,0.07303979543572814,0.2138919488655889,0.01995668261379437,0.013668446216698974
2015-03-27,0.09385447347923115,0.07142954593588641,0.0814628512786006,0.0657722369608006,0.019441165400502856,0.15920679489824527,0.18795898558055704,0.07369654426684098,0.2140110174654879,0.01981642937691963,0.013349955356928202
2015-03-30,0.09469082428246692,0.07216333786956038,0.08211281652341211,0.06559879489216602,0.01975122111030001,0.158670801592984,0.18733094888727433,0.07309278258913725,0.21368502401588227,0.01952715960396538,0.01337628863285199
2015-03-31,0.09402555316275613,0.07205636523685308,0.08165769060232281,0.06469396029877357,0.019741096270322857,0.15907632274976566,0.1881408650876556,0.07337636227125922,0.2144421001961892,0.019545444489585655,0.013244239634516911
2015-04-01,0.09336493966734287,0.071832881817428,0.08136146593348466,0.06492953452936903,0.01991706485770747,0.15999617049481718,0.18837391850070567,0.07407985139648679,0.21289719759468775,0.019809438148104288,0.013437537059866207
2015-04-02,0.09369323671197624,0.07196159503872672,0.08190053273958707,0.06548842360638686,0.02021494473278836,0.15996827595422136,0.1878261775973924,0.0732907695151262,0.2125353639657441,0.01975348276682893,0.01336719737122164
2015-04-06,0.09401135219103779,0.0720377242521856,0.0824449213189714,0.06593051860640264,0.02040636054159599,0.15956552775623264,0.18744063808707806,0.07263811567149082,0.21210445614740955,0.01992831247626009,0.013492072951335405
2015-04-07,0.09384253834631642,0.07163847270656219,0.08117477960665405,0.06589656638954457,0.020321084286529827,0.15958880171250336,0.18775603236227478,0.07330963312770324,0.2130529310326719,0.01984617308740863,0.01357298734183105
2015-04-08,0.09403775134922901,0.07216300159376872,0.08129664050259669,0.06609320090452861,0.020720160068959024,0.15938636010404836,0.1873452844307387,0.07323898197519425,0.21271297817996168,0.019711744190465078,0.013293896700509877
2015-04-09,0.0948313463692616,0.07218992442399878,0.0801832791416671,0.06644627314049698,0.021008416122352207,0.15996318259786232,0.18732735356964075,0.07257675685128157,0.21247377563058759,0.019652966883675804,0.013346725269175293
2015-04-10,0.09519334715918724,0.0724180852914816,0.08000128570619462,0.06646831965066212,0.020988837199023162,0.1596646787760219,0.18696994961487653,0.07256476159898871,0.2124241444036942,0.019842670041087324,0.013463920558782538
2015-04-13,0.09484351012634586,0.072525919471761,0.07984387489582603,0.06610325156645594,0.020884241695728886,0.15989483951318828,0.1875101081806967,0.07272742473171737,0.21253513872263022,0.01971811560098768,0.013413575494661998
2015-04-14,0.09478899164413358,0.07232855141403838,0.07980923366114177,0.06642984280386373,0.02092523059832411,0.15957294408497583,0.18759714399575037,0.07306102489570547,0.21249554011443175,0.019549571067819203,0.013441925719815825
2015-04-15,0.09506895389372029,0.07272384741864914,0.07921768758505814,0.06662841870309005,0.021039665012268238,0.1593293411301247,0.18741422921425602,0.0728880981896069,0.21231041223842786,0.01968858849797367,0.013690758116825087
2015-04-16,0.09500272733402987,0.07265370550987482,0.07951170550920603,0.06678092116501966,0.02119683435671775,0.15933879562876627,0.18747499325965764,0.0724955199287353,0.212101230301203,0.019612286479107854,0.013831280527681913
2015-04-17,0.09410968255005367,0.0716282081534244,0.07926150878154432,0.06608159209475754,0.020870472391859955,0.15960264067903196,0.18825391881668638,0.07348269978280476,0.21312799448426123,0.01975140675873567,0.013829875506840204
2015-04-20,0.09497101560238065,0.07233161995967514,0.07936502132599126,0.06615273563259215,0.020851244282932727,0.15958632816222632,0.18791133400085253,0.07283536350245545,0.2126255687256471,0.0196013530042121,0.013768415801034606
2015-04-21,0.09487319634094239,0.0722684565396932,0.07943922655048662,0.06675451958110355,0.02097682568665964,0.15963088768039413,0.1875443272801893,0.07251725304802435,0.21260759488333528,0.019717306592729866,0.013670405816441673
2015-04-22,0.09560304637973695,0.0725779871891377,0.0798948370569768,0.06706971475194903,0.021260325464470722,0.15994034169774074,0.1869714403956627,0.07160766538218011,0.21181382760861378,0.019506215999400018,0.013754598074131371
2015-04-23,0.09556348446448323,0.07269398787039051,0.0798045279142847,0.06712411731371969,0.02135459586652102,0.1595480734934366,0.1869950143817231,0.0717058413046336,0.21173534222014145,0.019591020503126735,0.013883994667539375
2015-04-24,0.09560759017015855,0.07231787180980571,0.07978929055105848,0.06738959118144354,0.021390619911577237,0.15930850943130898,0.18730349512036337,0.07201927447448302,0.21174308431413547,0.01928011708884926,0.013850555946816456
2015-04-27,0.09531257002658038,0.07159615282091765,0.07966050754714832,0.06779241526065458,0.021499106016330306,0.15946117067755855,0.18721162790965593,0.07209677176651774,0.21181409312351474,0.019690124830543474,0.01386546002057846
2015-04-28,0.09582631782060358,0.07215174293246412,0.07981562206280254,0.06802209537032751,0.021580760731724616,0.15973739923623137,0.18675935372826075,0.07125922096110783,0.2110236692499251,0.019904633392042237,0.013919184514510505
2015-04-29,0.09609963289856237,0.07186699731104426,0.07879579486336194,0.06790197169701105,0.021460640626937918,0.16087379289134612,0.18736904536852453,0.07087829957322947,0.21074138797252143,0.01990259112000542,0.014109845677455646
2015-04-30,0.09556272893562986,0.07066109988584643,0.0782265311665085,0.0674856456018783,0.02122997917701748,0.16157522776279215,0.1881556669282155,0.07132029284437497,0.21186181657143463,0.019638652135590233,0.014282358990712092
2015-05-01,0.09664860958814923,0.07115845355624821,0.07868155834617079,0.06827171028185103,0.046506928717529414,0.1492628497551468,0.1872239417971323,0.07039657565752151,0.19799401697438593,0.01958125191926382,0.014274103406600921
2015-05-04,0.09697966731677767,0.0714563121414712,0.07893434846282239,0.06823995095614077,0.0468034011483578,0.14934887314138953,0.1869458804178169,0.06977254303907295,0.19747524693228824,0.019769264887229444,0.014274511556633016
2015-05-05,0.09643651152676257,0.07096322112193088,0.07765911052255182,0.0676220703814564,0.046570452496399864,0.15019743574929795,0.18773476300553607,0.07008838355993303,0.19830904357386092,0.01994205127942676,0.014476956782843614
2015-05-06,0.09640546574167592,0.07148119485581823,0.07774556413452581,0.06805411485483163,0.046170644382964296,0.15071642860526097,0.18752895653236798,0.06915093666702196,0.19820702806516738,0.020007544258425283,0.014532121901940491
2015-05-07,0.09645623425428158,0.07150484799342847,0.07850026763267942,0.0675944997057169,0.04594626505889938,0.15014338591547746,0.18767653408729845,0.06983841100113893,0.19831103726775107,0.01977464445399566,0.014253872629332537
2015-05-08,0.09698963155289754,0.07149643287455916,0.0790998863373119,0.06863715403668469,0.04618168572635595,0.1492228319839315,0.18698040204843763,0.06949926322363499,0.19794742377516944,0.019720774949873555,0.01422451349114363
2015-05-11,0.09734406501410611,0.0721446884722405,0.07861196024171654,0.06861637242123886,0.04612841147615823,0.150348045475587,0.18671281908914786,0.06838451324346315,0.19761536265465127,0.01981144972717435,0.014282312184516074
2015-05-12,0.09705627688447285,0.07201615231074436,0.07884267936451601,0.06857622081821409,0.04597683002700742,0.15036746690382316,0.1868562813950743,0.06856263385382018,0.19733244551846257,0.019980943682650597,0.014432069241214322
2015-05-13,0.09713118790600894,0.07205506593262566,0.0782299558641367,0.06912790381281224,0.04609051956068234,0.15052585815947422,0.1867173675448925,0.06805292404606535,0.1972625038691396,0.020350501213939127,0.014456212090223209
2015-05-14,0.09752789422504986,0.07236560257569799,0.07915152246356169,0.06951788887946114,0.04625485958616298,0.1497219694100857,0.18617765360178312,0.06780773407882583,0.19669124818753578,0.020332055831540543,0.014451571160295289
2015-05-15,0.09712548484490481,0.07190757552763442,0.07939059386598121,0.06923705867625589,0.04636875332777008,0.14894277864769911,0.1865370347317602,0.06880734148953953,0.19702814713698422,0.020286655613698166,0.01436857613777222
2015-05-18,0.09780656208885641,0.07300487547521163,0.07946110655747773,0.06927298303964548,0.04607462665966226,0.1494346122187802,0.18600003762694825,0.06791631680009827,0.1962795443890842,0.02036390838801024,0.014385426756225174
2015-05-19,0.09812526764628966,0.07316721947459337,0.07964211957821193,0.06925646860386729,0.04631573505202354,0.14988242841316293,0.18583983543125157,0.06755566485412332,0.19593070074532784,0.020153517467526534,0.014131042733621887
2015-05-20,0.09797711510164851,0.0732428789403943,0.07941146780080467,0.06933305824813807,0.04624593968293344,0.1498145819564926,0.18609466831920085,0.0676151373112558,0.19600657924462236,0.02017028316913849,0.014088290225370852
2015-05-21,0.09794991191787064,0.0729282106833379,0.07879595355036377,0.06947809309451326,0.04593708936519672,0.14939086538184462,0.18660766333909704,0.0683427215504737,0.19631550845636334,0.02003857442450376,0.014215408236435254
2015-05-22,0.09787522313802274,0.07273145045090591,0.07894517692161486,0.06914382105860059,0.046163185925511115,0.1495285728030936,0.1864902432265284,0.06848257181473937,0.19650210377174998,0.0200556247188489,0.014082026170384482
2015-05-26,0.09697342889084759,0.07214786748970015,0.07858940431099536,0.06800849652332353,0.04549934668972855,0.14977870861979525,0.18794137619917634,0.06976256740856511,0.19767613425577713,0.0197931474354455,0.013829522176645433
2015-05-27,0.09758643908552124,0.0728024728196162,0.07893363251217159,0.06845496369994322,0.04536722048961594,0.14932587555563967,0.18724584033718417,0.06970245995817119,0.19725506197990103,0.01972751503699629,0.013598518525239373
2015-05-28,0.09759237399006923,0.07282486970528576,0.07897568831539083,0.0684144567142175,0.04482742017212945,0.14957415151571482,0.18764435133127644,0.06961487134313718,0.19707314235969967,0.019773545264347527,0.013685129288731489
2015-05-29,0.09722180541663292,0.07256263673840119,0.0783142885794261,0.0679182985238754,0.04450348237316848,0.14997311045247178,0.18820613968351932,0.06993799136192946,0.1976357672524205,0.019835522479746626,0.013890957138408086
2015-06-01,0.09761535570237478,0.07296422247929499,0.07535756776881869,0.06787080469424224,0.044803533530328024,0.16844552779844993,0.18775198782981062,0.06609839546745248,0.1853472859693744,0.019857917260753855,0.013887401499099833
2015-06-02,0.09780061144550474,0.07332911500454375,0.0710062427290551,0.06835696083175985,0.04548862743059276,0.18771689185421322,0.1870650800294521,0.062102608054980565,0.1730651382837229,0.019988526378123806,0.014080197958051065
2015-06-03,0.0983708744517882,0.07426491495520061,0.06643999336270845,0.06891018694221672,0.04581341885667435,0.2073836437118205,0.18630472064047948,0.05807711616556427,0.1605715188069026,0.019916384604009216,0.01394722750263547
2015-06-04,0.09761910325205037,0.07356069419816018,0.062328502681758186,0.0681955374528533,0.045609971314200415,0.2271788843712912,0.1874001297002954,0.055445295366452006,0.14902672478615214,0.019798162423934222,0.013836994452852537
2015-06-05,0.09786203889065638,0.07431970533371282,0.05777380598567595,0.06770416976102192,0.046065664922356114,0.24758470555676043,0.18696385279052605,0.05160470983244509,0.13637756371604298,0.01978856483735457,0.013955218373447634
2015-06-08,0.09736989508719283,0.07396213504504033,0.05361152234761615,0.06768893530968201,0.04654818626833069,0.26765417978586015,0.18742580123269661,0.04815879366260037,0.12375294487647506,0.019862467406158612,0.013965138978347173
2015-06-09,0.09761781408202935,0.07386403002452153,0.0492800099634876,0.06754406130926725,0.04687138858701499,0.2879704618194778,0.18737245589564758,0.04449047198084682,0.11085725111125859,0.01994768783361863,0.01418436739282984
2015-06-10,0.09834308227789985,0.07436907868744273,0.045266680270863835,0.06861369203451032,0.047810087086679484,0.30726565863837507,0.18628424131514296,0.04054003593872409,0.0973340901252218,0.02002376757696248,0.01414958604817727
2015-06-11,0.09817179905288095,0.07412034023125717,0.041268574539582555,0.06842591807116487,0.04786760342195942,0.3264002525885559,0.18715259973394127,0.037745445630954604,0.08503541895845593,0.01985606676678385,0.013955981004463372
2015-06-12,0.09762128906841368,0.07391300069949518,0.037085099596949826,0.06799342684026795,0.04842511671303469,0.34716627895841823,0.18749659316803383,0.03431297970822116,0.07224887719368771,0.019885332905361205,0.013852005148116393
2015-06-15,0.0973847964997108,0.07366183361739927,0.03285436154369036,0.06770939071989236,0.04850467757505353,0.36739503912452204,0.1880578741223768,0.03093507553857915,0.05971021049313717,0.019962323756669946,0.013824417008968505
2015-06-16,0.09765184629123644,0.07379409749220577,0.028953818669217844,0.06762866616770573,0.04898999027878098,0.3862961896177327,0.18812738330977125,0.02761679918156389,0.04724823039488922,0.019845724781514574,0.013847253815381586
2015-06-17,0.09768577108895267,0.07350492331053615,0.024955313351508586,0.06763098111711001,0.04972716269772601,0.40596265740943044,0.18794652403875695,0.024015169622757196,0.03479493429458752,0.019894560738673666,0.013882002329960839
2015-06-18,0.09774992950932258,0.07350964373901869,0.02093832812733514,0.06789494170502972,0.05024242066488789,0.4249266424679212,0.1876453681421781,0.0206866506690103,0.0226299113010524,0.019898302981075932,0.013877860693168098
2015-06-19,0.09761535570237478,0.07335076989928008,0.02,0.06787080469424224,0.050292432639272105,0.42937333047516657,0.18775198782981062,0.02,0.02,0.019857917260753855,0.013887401499099833
2015-06-22,0.09809950245028193,0.07384360273265857,0.0197994485455658,0.0691438240189218,0.05101228564270808,0.42899986955915154,0.18614159875383193,0.01958868470353319,0.019838863205783472,0.01959943413868846,0.013932886248875271
2015-06-23,0.0981668229133249,0.07399686542269268,0.01970303783981545,0.06932723197934121,0.051513259471849204,0.428889387560851,0.18556952811518032,0.01947071480053898,0.019793813007687906,0.01946966067749171,0.014099678211226633
2015-06-24,0.0976081280224093,0.07348781925077251,0.019623165721854432,0.0688402527308921,0.051230224982971945,0.4297710696256521,0.18641443785196302,0.019669725535081554,0.019880151416969267,0.019448659720242727,0.014026365141191108
2015-06-25,0.09744817176830693,0.07355086213502486,0.019464581434303945,0.06890694275089995,0.05112627297128235,0.4302737429580801,0.1862136014891283,0.019628325430319577,0.019875397316929853,0.019450054793242817,0.01406204695248142
2015-06-26,0.09762583832939437,0.07349724763396416,0.019598410736764833,0.0690142364006822,0.05074631041184539,0.43088612853561836,0.1856966581689848,0.01944677796235841,0.019824017696926682,0.019510029691256106,0.014154344432204731
2015-06-29,0.09595149595079153,0.07192059359936624,0.019360034402314968,0.06715462088157821,0.04980880703547714,0.43328206372245015,0.18858824850720868,0.020039391805482008,0.020074506846046686,0.019674892671518934,0.014145344577765555
2015-06-30,0.09610306765286404,0.07221920617856124,0.019341973275069462,0.0668779328268148,0.050522877079379976,0.4330599916879512,0.18797247186021654,0.01989026429423866,0.020026148074872928,0.01954306662586711,0.014443000444164198
2015-07-01,0.09689801881006059,0.07245163772219775,0.019642657773467482,0.06732692714429259,0.047655666465983085,0.4512073962043498,0.17147352101366276,0.019626803098937134,0.019967076233827884,0.019480191562587828,0.014270103970633248
2015-07-02,0.09672267035263954,0.0719021935531078,0.01966192265038007,0.06733536014988321,0.04487029889439767,0.4704346766183218,0.155731371288219,0.01966490757364181,0.020015446291685068,0.01942670108403823,0.014234451543685968
2015-07-06,0.09663528670100806,0.07204729984203245,0.019765801295461363,0.06623069411019024,0.04085501924344788,0.4903042706420286,0.14069034699172203,0.020009083050495972,0.02010779312191884,0.019506073383601944,0.013848331618092834
2015-07-07,0.09713867240789102,0.07213052144233982,0.019999412436638088,0.06635980636347207,0.03745206870155288,0.5091043760016155,0.1244352339667873,0.020107251414340492,0.020148570295355592,0.019295838161104542,0.013828248808902965
2015-07-08,0.0960951196123162,0.0715306051721643,0.019926174556793724,0.0654736573087468,0.03360996755257356,0.5316135615590913,0.10794161850398118,0.020247523114755916,0.0202164932183905,0.019446390121301577,0.013898889279885189
2015-07-09,0.09634667558600878,0.07188515660156344,0.0197840912557348,0.06667443772690153,0.03140455732174365,0.5506957282179111,0.08978644006127602,0.01979467891317399,0.02004998742301679,0.01948136562706327,0.014096881265606844
2015-07-10,0.09711529399977498,0.07256680744841261,0.019795264015281266,0.06828073499636236,0.0290769126477567,0.5685116645527429,0.07172559570336709,0.019461116792407807,0.019875885798450434,0.01944216593772862,0.01414855810771542
2015-07-13,0.09765630456828109,0.07299812415056382,0.019742823941760003,0.06806535215351897,0.02624605265397829,0.587621772672016,0.05481608293945525,0.019451037726321393,0.01985288952074536,0.01937276808123351,0.014176791592126594
2015-07-14,0.09742735907972815,0.07288461554711735,0.019704173271403363,0.06795392143280037,0.023331029190953263,0.6070846646328241,0.038613376417557535,0.019546944687359583,0.019894846786966514,0.019379617811475736,0.014179451141814264
2015-07-15,0.09695021492510336,0.07245985117747089,0.019651287532266106,0.06736613713237706,0.02029135904998698,0.6281890059661162,0.02177725028762625,0.019639895717897583,0.019966216002484043,0.01946209461077474,0.014246687597896993
2015-07-16,0.09689801881006059,0.07245163772219775,0.019642657773467482,0.06732692714429259,0.02,0.6303365836839956,0.02,0.019626803098937134,0.019967076233827884,0.019480191562587828,0.014270103970633248
2015-07-17,0.09705325343227761,0.07219051229680352,0.01958112390250234,0.06726433161756133,0.01998928264900926,0.6306628047016258,0.02001697432337567,0.019743035066031332,0.01999597788930242,0.01929771951828475,0.014204984603225881
2015-07-20,0.09725452500561768,0.0719118446107575,0.019645851807997078,0.06754436709705383,0.01989124335188925,0.6312713572132155,0.020008035361605996,0.019690462672840872,0.019980246336919315,0.018802959365906417,0.013999107176196493
2015-07-21,0.09693879981447873,0.07162328427315806,0.01958852304051045,0.06739597289990652,0.019910488206822386,0.6317925684455243,0.02007757313912635,0.0198110693126163,0.020036042639359732,0.0187575196247093,0.014068158603787717
2015-07-22,0.09684803102779828,0.0719497443099926,0.019660813901330072,0.06693718610062942,0.01964307478081574,0.6322612046403255,0.020119681573950023,0.01995154799293366,0.02007932916973398,0.018672090895745824,0.013877295606744755
2015-07-23,0.09645563386833457,0.07126803762137246,0.019551853738114567,0.06686746514532099,0.01948253488490029,0.6333394192490458,0.02023392864406245,0.020232168773156124,0.020170360745648916,0.018617854981929884,0.013780742348113757
2015-07-24,0.09573047814725975,0.07032254761311599,0.019613544423992577,0.06632326448143212,0.01925811317977223,0.6353158272613325,0.02031148286782665,0.020340788716775107,0.020219804245981608,0.018854093336870707,0.013710055725640503
2015-07-27,0.09533315775609968,0.0698552851530025,0.019688938272117346,0.06594574924503853,0.018926040528376077,0.636831398035473,0.020412843835669055,0.020483993822609875,0.020255454043247304,0.018797865002778847,0.013469274305587597
2015-07-28,0.09625428969162335,0.0702696417283647,0.019675060836576566,0.06660472536546969,0.019069133566874872,0.6350328770273572,0.020302451076348996,0.020281963585701186,0.02018732306097886,0.018777805465310486,0.013544728595393806
2015-07-29,0.09680193882878961,0.07038287937512551,0.019752393496235615,0.06676429848746988,0.01923328760767736,0.6341331300821792,0.020249731216208197,0.020182756223318513,0.020146061352243422,0.018782411821478072,0.013571111509274439
2015-07-30,0.09686506170562727,0.07061416555390215,0.019686444858714184,0.06674017005121484,0.019049317679620634,0.6340968859925596,0.020281127196734482,0.020346699460655843,0.02016486690302664,0.018629401823470386,0.013525858774473654
2015-07-31,0.09653009971102297,0.07086308649355146,0.01977504382756829,0.06700353554695827,0.019219409758137445,0.6335367952978768,0.02036031934136485,0.020457429345376577,0.020230009558592554,0.018710894784857407,0.013313376334692994
2015-08-03,0.09629217375572113,0.07147922403383489,0.019890928811807568,0.06688859432046015,0.01891561586695701,0.6091524793147017,0.04491349880841287,0.020548230435142697,0.02023419899990566,0.018579805027890136,0.013105250625165833
2015-08-04,0.09627110829592389,0.07234515675536034,0.019839036930948125,0.06700891827776644,0.01898863924556567,0.5840349945495203,0.06927288805049082,0.020309428356341808,0.02012180901487005,0.018630311685087827,0.013177708838124512
2015-08-05,0.09646771245416942,0.07338347155204875,0.0198013899002999,0.06718017453465415,0.018962824529096457,0.5581064434311994,0.09429221538363639,0.02009713519777415,0.020025038131569226,0.018566317890728393,0.013117276994823656
2015-08-06,0.09608446921109377,0.07386483291281305,0.01986444351874523,0.06693737426752605,0.018875811853679234,0.5331895384980125,0.11927142839560567,0.02013404837395433,0.0200407437535921,0.018622014203544077,0.013115295011433907
2015-08-07,0.09629217375572113,0.0749319025139155,0.019890928811807568,0.06688859432046015,0.01891561586695701,0.5129554532805166,0.1384402757975661,0.02,0.02,0.018579805027890136,0.013105250625165833
2015-08-10,0.09723457919797238,0.07558398522047684,0.019838340629693862,0.06751841933812897,0.019180066582512024,0.5115308449896941,0.13748504853919677,0.019697434997056763,0.01986527714067424,0.01871764686352529,0.013348356501068652
2015-08-11,0.09644989625310148,0.07500780471401668,0.01999022948134865,0.0665499738479999,0.018777195629737987,0.5126876861002796,0.13852615492854845,0.020029466675164982,0.019967084136540716,0.018831348704230512,0.013183159529030906
2015-08-12,0.09663656116691799,0.07491942785033016,0.02003418923097893,0.06612327430382359,0.018499529380364133,0.5130652070290299,0.13857619119437556,0.01993495686594275,0.019950750461626712,0.019109466851104987,0.013150445665505198
2015-08-13,0.09666519809951915,0.07478487753973011,0.02010502939743081,0.06618386093141203,0.018496790159823317,0.5134327164338642,0.13842561031203304,0.01990134286708217,0.019912456436482713,0.018980864111877698,0.01311125371074468
2015-08-14,0.09695221345448243,0.07521591406572331,0.020205941796600208,0.06624297271491038,0.018510431807064322,0.5128462080191587,0.13818970347487533,0.01993463070539218,0.01991808211865674,0.018966357990156352,0.01301754385298
2015-08-17,0.09731266553464436,0.07586829147250543,0.020319750526791917,0.06599588163822905,0.018273224695738947,0.5121952036233217,0.13817950294434111,0.019987470171003295,0.01994479763875592,0.01898071640552972,0.01294249534913853
2015-08-18,0.09723985998051696,0.07542541608239553,0.02037950207514284,0.06564111585907996,0.018114567818838037,0.5132382304415932,0.13825610283013337,0.019872892323060325,0.019911818727271397,0.019018063340127955,0.012902430521840388
2015-08-19,0.09654176017388019,0.07469867564540894,0.020282569146268546,0.0651089468755128,0.017903578482602312,0.5140987871753047,0.1392034877841591,0.02008383588658344,0.020023133601805937,0.019287853272868714,0.01276737195560532
2015-08-20,0.09501404083381812,0.0731855123265498,0.020229386204191985,0.06386220581890915,0.0177129751417368,0.516571283934234,0.14030192281706746,0.02039144622847032,0.02013870394557806,0.01972503339106831,0.012867489358375958
2015-08-21,0.09261953104446163,0.0726958315400008,0.019933418548707407,0.06271948456461901,0.017254545579769777,0.5197324471835151,0.14157637227864606,0.02055628349553562,0.020245699516200467,0.0199485617687475,0.012717824479796589
2015-08-24,0.08966962569713206,0.07060631975583499,0.019206008876971596,0.061201175237218276,0.016677836615671952,0.5255453184157292,0.14333165484197682,0.02076982399434773,0.020406047942941683,0.020053315090135714,0.01253287353204007
2015-08-25,0.08887689623229873,0.07027092910601825,0.018777440687804584,0.06196604860808255,0.016940866770360313,0.5268537478303247,0.1429696196984501,0.02049668812585603,0.020362115070630918,0.019863420904192904,0.012622226965980915
2015-08-26,0.09176194332991532,0.07164660168960192,0.019136574968291405,0.06306791361797658,0.017401653579990007,0.5235351474740619,0.14127794134613839,0.01998618634455243,0.020233468413924406,0.01948035442370933,0.01247221481183823
2015-08-27,0.09347558826366673,0.07249562568835365,0.019406188239568075,0.06346052697180278,0.018064173252056896,0.5205002999873282,0.14036334987314877,0.019879396665613763,0.020133043576419863,0.01937594056166021,0.012845866920381008
2015-08-28,0.09340943454243486,0.0731556697070755,0.019369932555358432,0.06331811938558268,0.01781838952717043,0.5198606907549371,0.1402833204928707,0.01992294562962526,0.02015447699636961,0.019535584834223976,0.013171435574351293
2015-08-31,0.09285258792554629,0.07304554280231591,0.01902527641022301,0.0629807161534897,0.0178881498549811,0.5207863326861777,0.14034531154317337,0.019812102495657985,0.020146728441557526,0.019598906612840535,0.01351834507403678
2015-09-01,0.08280301827515119,0.06569725134544332,0.018801375207659326,0.05668000216010835,0.01732265013042792,0.5569372198500053,0.1283169379768531,0.020090687982130387,0.02037144541500693,0.019812576905429532,0.013166834751784588
2015-09-02,0.0756623400305789,0.060515939660716264,0.01891646279312689,0.05241674786438825,0.017484846994169658,0.5886242294610872,0.11339843534313598,0.019865988315779893,0.02023269228219471,0.019659200625122632,0.01322311662969964
2015-09-03,0.06716037199259703,0.054210305795246896,0.018921249079234568,0.047539964968162124,0.01750939787347163,0.6223007904798927,0.09929718740066666,0.019958305898353828,0.020268486359460925,0.01955304215431052,0.013280897998603033
2015-09-04,0.056950872039521,0.047079470576087565,0.018655175973234336,0.0412023026903172,0.0170953499827528,0.6620855551004708,0.08371043414155123,0.020160639099267734,0.020299358391363192,0.019602063830193948,0.013158778175240126
2015-09-08,0.048003954570862706,0.040528401180559524,0.018850840346820247,0.03632907426218568,0.017506901605790316,0.6997823649705899,0.06625007404035557,0.01984666461367748,0.0200964599341674,0.01960986182295291,0.013195402652038274
2015-09-09,0.036999176322424,0.03247020820328337,0.018712866966777028,0.030063542647054107,0.017402795046803185,0.7428707365588106,0.04873198721516729,0.01998880418276874,0.02011166731776541,0.019554165673615363,0.013094049865530841
2015-09-10,0.025940121670667546,0.024355994083839604,0.018772533631215275,0.02354148756816546,0.017407055179645154,0.7872225127400148,0.02988861977384427,0.019943349002834145,0.020018666156083508,0.019733099985214105,0.013176560208476231
2015-09-11,0.02,0.02,0.018801375207659326,0.02,0.01732265013042792,0.8108965630046987,0.02,0.02,0.02,0.019812576905429532,0.013166834751784588
2015-09-14,0.019938754939994797,0.01992092304101758,0.018802873212986432,0.019861501202957238,0.01730801787874425,0.8112328175153487,0.02003178896816646,0.020044337679403394,0.02001128022454323,0.019836672432551168,0.013011032904286741
2015-09-15,0.020206667554899402,0.02016371789987979,0.018978794765054124,0.020014691287696746,0.01748997220487034,0.8108346225667962,0.019892457426836454,0.019678403082409653,0.01987907627358486,0.019795222468786615,0.013066374469185883
2015-09-16,0.020347887373100906,0.020303800274895634,0.019191307417964334,0.020287561271883633,0.017885364038563185,0.8093903061578672,0.019853738273666585,0.019571534118938545,0.019882331514449583,0.020025417005362,0.013260752553308483
2015-09-17,0.02024780750136322,0.02031872004177322,0.019327193402124732,0.020243328259952054,0.017796191378064652,0.8090355114219162,0.019965277230682477,0.019757389363147058,0.019992992727315348,0.020176543225622172,0.01313904544803899
2015-09-18,0.01993137603242865,0.020052691783884472,0.019276924253474895,0.019750929758064584,0.017478403079173113,0.8100023493160134,0.020073351365880412,0.020075857216820047,0.020067872207554547,0.020340133304439914,0.012950111682265944
2015-09-21,0.02005053765589591,0.020032452553125118,0.019461263566424282,0.019756785579911226,0.017461481028657314,0.8101783875056988,0.01997522171667147,0.01976459357262314,0.01998213287349184,0.020229794510596578,0.01310734943690433
2015-09-22,0.019808010425057185,0.019746625761238114,0.01922126543268818,0.019303577757430225,0.017151071852101255,0.8113819233536592,0.020092531699614544,0.020057344975547925,0.020086488369710984,0.020109853606484845,0.01304130676646757
2015-09-23,0.019790470552216846,0.01970167112774086,0.019323549906151573,0.019226485343806946,0.016888836195419782,0.8116745438643826,0.020084356422649295,0.02007002339101273,0.02008872316198679,0.020204499170855796,0.012946840863776702
2015-09-24,0.019704289538496303,0.019654080465616938,0.019132241605254337,0.019158410691419422,0.016803858035187334,0.8115504981032923,0.020099475725649428,0.02019183804319998,0.020077283171069178,0.020613006227947164,0.013015018392867592
2015-09-25,0.019714057768198283,0.01941008756979723,0.01924311640506045,0.019341178202306394,0.01678029316414324,0.8117806315263948,0.020062089507078808,0.020032374397309368,0.02003187617755033,0.02050161321251007,0.013102682069650972
2015-09-28,0.01924812234487621,0.018894869658135492,0.01892474441634091,0.018989263992931806,0.01644757239583828,0.8135732804575411,0.02020687209942019,0.020405771716913608,0.020096589860148163,0.020272467799335017,0.012940445258519277
2015-09-29,0.019247804595099987,0.018749248914856916,0.019046214493289127,0.018950894788673785,0.01651544057375008,0.813467138318552,0.020264242293945176,0.02045124199978228,0.020110487813643725,0.020178057020409663,0.013019229187997203
2015-09-30,0.0195739717026825,0.01900842348203957,0.019203657014296223,0.01927891359252568,0.016963775187139388,0.8122904850408688,0.020233925059936774,0.020346039002391802,0.02007321817685777,0.019935190997962867,0.013092400743298555
2015-10-01,0.01962019579641907,0.018970663332707225,0.019288210951081367,0.01933467791746192,0.017052712799577187,0.7656795683948963,0.06678717183380073,0.020311570154489964,0.020046437924276152,0.019906020622811466,0.013002770272478596
2015-10-02,0.019756915561875456,0.019101956297129387,0.019348315578617683,0.019494541547958256,0.01729536111838476,0.7173182294891743,0.11427512549385346,0.020223239146502286,0.020038131659421952,0.020121381624651824,0.013026802482430624
2015-10-05,0.019801715909961465,0.019189944327567408,0.01943895735779035,0.019538435538894193,0.017283307519974908,0.6699113038605163,0.16182779355582785,0.01997612732008048,0.019989767635388404,0.01996814253866434,0.01307450443533429
2015-10-06,0.01962019579641907,0.018970663332707225,0.019288210951081367,0.01933467791746192,0.017052712799577187,0.6413205600229255,0.19150418828453775,0.02,0.02,0.019906020622811466,0.013002770272478596
2015-10-07,0.019767027238504153,0.019292728221313477,0.01946212816769342,0.01956380851579716,0.017495046440057803,0.6407201353881922,0.19089119266381455,0.01991957311967191,0.02005652003665944,0.01986309363719648,0.01296874657109953
2015-10-08,0.0199470638226893,0.019467875141534204,0.019624748034765712,0.019720715765720095,0.01768411205905905,0.6406209071273594,0.1904100514731095,0.019754343474457578,0.019978983704242358,0.019763286641738854,0.013027912755323948
2015-10-09,0.019945646153284285,0.019493625528105137,0.01959054940889359,0.019743133450345094,0.01773646823839686,0.6401935409265038,0.19038934998936016,0.01979296148296788,0.01997425274204163,0.020063165134085858,0.013077306946015738
2015-10-12,0.01995420304940782,0.019454986075975237,0.019685958842210218,0.019694194951136477,0.017594171438714078,0.6397137324505114,0.1909290761840862,0.01993324262028169,0.02004475894383171,0.020132430783971495,0.012863244659873695
2015-10-13,0.019841020157205385,0.01920117505700357,0.019553306363192316,0.01945763860020021,0.01731906141893732,0.6403454403201629,0.1912273432785989,0.019979875836563247,0.020041991448062905,0.020244735439158498,0.012788412080914748
2015-10-14,0.01969957703968258,0.018967911897168618,0.019381071289931412,0.019450710633430814,0.017411379591127676,0.6397452921168326,0.19182187772119563,0.02010742866083101,0.020073894172546933,0.020549329143865546,0.012791527733387268
2015-10-15,0.01999267924891088,0.019412545198989866,0.019593018196369612,0.019773789776642316,0.01782648587819859,0.6390696893085458,0.19107807587943926,0.019999530131867695,0.02005590752728514,0.02044584971810156,0.012752429135649439
2015-10-16,0.02009081455461406,0.019394334035379907,0.019758015596790385,0.01976478357838776,0.017847679005180042,0.6389992754591663,0.19098781308654292,0.02001319738357757,0.020069997785214084,0.020308786515505186,0.012765302999641877
2015-10-19,0.02010481588164374,0.01943528346211205,0.0199963875000873,0.01970106613973031,0.017669130661831095,0.6393558407634812,0.1909385452310946,0.019962380812039538,0.020072395151413208,0.02022807785315763,0.012536076543409502
2015-10-20,0.020102276025426923,0.019430782298956364,0.020043177714697033,0.019643022424843865,0.017684581539833936,0.6397169325094535,0.1905037849464142,0.01986251137568204,0.020057756996547358,0.02037976834124059,0.012575405826904376
2015-10-21,0.01997495150404948,0.019132131934835116,0.01996938873900181,0.01963075581591417,0.017425925274240625,0.6398588683649346,0.19113372681618246,0.02005716384951113,0.020154748316094744,0.02019633498733104,0.012466004397904937
2015-10-22,0.020275184883296913,0.019265009685371867,0.020151149869483156,0.01981404869857093,0.017753197600101585,0.6389118815553556,0.19097789206045532,0.020054305749373294,0.02016068340618205,0.020152114558125624,0.012484531933683794
2015-10-23,0.020526773798934247,0.019482617505614388,0.019995581336682458,0.02003938174735217,0.01788208612668921,0.6392997599186366,0.1901719326623234,0.019911692216688256,0.020115711781695283,0.0201466284928621,0.012427834412522027
2015-10-26,0.020472326700339685,0.019345982799514688,0.01998904047101886,0.01996121285631527,0.0177160142318135,0.6391748673973515,0.1906300988776088,0.020040305978883965,0.020147831079193157,0.020130047044887443,0.012392272563073252
2015-10-27,0.02043137933879015,0.019132829828029278,0.019937641421731326,0.01978553612314389,0.017512835431939926,0.6393570829557319,0.19109475666832698,0.020089034217840033,0.0201516137191564,0.020173840269168044,0.01233345002614208
2015-10-28,0.020687342946752587,0.019713466876786424,0.02003684550587924,0.01993737280685458,0.017330600302063896,0.6392578635362054,0.1903209847506369,0.020031064239115735,0.02009554592415974,0.020034085583517724,0.012554827528027777
2015-10-29,0.020735555386370164,0.019559753495871492,0.020073928141686275,0.01984946438666373,0.017217747990575974,0.640662774403306,0.1897019313576233,0.01976968542496829,0.020012630056346282,0.019900060806132845,0.012516468550455623
2015-10-30,0.02064029201207643,0.01946472226037322,0.01992278893672864,0.019801669648492566,0.01724249635726728,0.6404797528891262,0.19002060194106474,0.019913249146541145,0.020058600042704818,0.01981822165960234,0.012637605106022708
2015-11-02,0.03826789621443094,0.019863156591922993,0.04579537153118655,0.019982979235930162,0.017577857419481237,0.5921374170642302,0.19434462924993856,0.019815099962309516,0.01996571415410404,0.019682955216654884,0.012566923359810944
2015-11-03,0.039412894596582565,0.019863156591922993,0.047470226177637506,0.019982979235930162,0.017577857419481237,0.5889927858411902,0.1946694074443759,0.019815099962309516,0.01996571415410404,0.019682955216654884,0.012566923359810944
2015-11-04,0.039365633976010506,0.019889608884469768,0.04732696375974928,0.019909365364720863,0.017468451899128525,0.5894495049976677,0.19482565526940215,0.019874529495323957,0.019979948380136416,0.01953299437957034,0.012377343593820542
2015-11-05,0.03933530975518002,0.019909285167732826,0.04747490911417584,0.01987819413542615,0.01750177119126466,0.5895840685142575,0.19474163738138206,0.019826533139744754,0.019989701100541317,0.01947661213657976,0.012281978363715125
2015-11-06,0.039481748952294414,0.02013574184637234,0.04631190814717311,0.019871341834676867,0.017330650391693233,0.5915292230765781,0.19424173220319435,0.019618954519443278,0.019944271026873128,0.019274225050004666,0.0122602029516965
2015-11-09,0.039212719674374674,0.01994985744090072,0.04580200509539485,0.01971588870025192,0.01694155481473472,0.5928921982381042,0.19440269736661311,0.019558073610202127,0.01996184929030605,0.01937889293149477,0.012184262837622771
2015-11-10,0.039256999608521484,0.019985610273266043,0.0461681839237983,0.019679662007576464,0.01684790767030073,0.5924758393252156,0.1945434577292775,0.019592873723583357,0.0199888685265527,0.0193153351014577,0.012145262110449986
2015-11-11,0.039126137476339515,0.01982331064524251,0.04625236288183355,0.01979276714054467,0.016892461838742063,0.5926914692684966,0.19456795221064785,0.01956334586255,0.019999132625099555,0.019262006351216446,0.012029053699287223
2015-11-12,0.03863554383069924,0.019472262278731334,0.045986105210201855,0.019562807673585408,0.016754237654485634,0.5937561868374518,0.19495932982484956,0.019685830554283273,0.02002097800413373,0.019293480442082296,0.011873237689495764
2015-11-13,0.038209175688964814,0.01933536847219064,0.045511306833370006,0.019402992991919193,0.016525923701755724,0.5943633238336813,0.19573735367569817,0.01980217916539191,0.020084187016272032,0.019243352722902007,0.011784835897854113
2015-11-16,0.03870595204715789,0.019459119324501867,0.045945304560925486,0.019606012059434352,0.01680959742953344,0.5930721745360449,0.19557060050934452,0.01974100179259837,0.020044037304013874,0.01922936214961735,0.011816838286827792
2015-11-17,0.03870564694701743,0.01939869477389024,0.046003569606450634,0.0196721912605208,0.01677253420376851,0.5932900189012582,0.19565638843454072,0.019788297999233616,0.02007941147411616,0.01898904453252234,0.0116442018666812
2015-11-18,0.03925681443262064,0.01969548047225913,0.04641848604979018,0.01982014646030277,0.0169270466479398,0.5921304502907208,0.19525100604522294,0.019797863313598646,0.02005248841739072,0.01897532336355481,0.011674894506599452
2015-11-19,0.03918560201478849,0.019593995687327292,0.0465056812528698,0.01990231148045082,0.01706344869827055,0.5914266691265507,0.1954888300361537,0.019910844017049383,0.020092458986668456,0.01916638444577396,0.011663774254096575
2015-11-20,0.03931104361760279,0.019711835709047373,0.046960332676595065,0.019847836614347945,0.017227537771075198,0.5911633486525445,0.19514392922071547,0.019841031637364257,0.02008003925165511,0.019070904409338944,0.011642160439713164
2015-11-23,0.03926421249355657,0.019808902041219822,0.047039720549219684,0.019723228132483506,0.01706496555930804,0.5910692525942174,0.1953938065372057,0.019901165724611092,0.020086164895893724,0.01891658725243808,0.011731994219846331
2015-11-24,0.039294719349983305,0.01994281672690081,0.04678201434986012,0.01971540599668373,0.017143624661713947,0.5907372978460383,0.19546814047176397,0.01988834328481433,0.02008182612592294,0.019031682663650858,0.011914128522667565
2015-11-25,0.039274974956831556,0.02009075227067298,0.046921423505622784,0.019753891770585248,0.01700514826503556,0.5905949295113374,0.1955083319556151,0.019927275657016148,0.020093696081651933,0.018936133850034932,0.01189344217559633
2015-11-27,0.039317967379433855,0.020165575142556996,0.04729390245633851,0.01975612462696305,0.01663183945443377,0.5907039568598034,0.19570061438648334,0.01990650019300683,0.020099595345906707,0.018711539877680473,0.011712384277393142
2015-11-30,0.039175924248491735,0.020088775841057425,0.0470194065017834,0.01975053150279031,0.016665354658706895,0.5908140000396712,0.19588014341171317,0.019996300043282438,0.020119149743366885,0.018845550337495263,0.011644863671641388
2015-12-01,0.0487263111727103,0.02,0.05099096953463815,0.01989047537523266,0.01673522336724743,0.5768276289783265,0.19624638703259192,0.02,0.02,0.018847236804782234,0.011735767734470642
2015-12-02,0.04840778567725909,0.01985821625003096,0.05021223298899287,0.019752554051445527,0.01659624405984371,0.5784888305199819,0.1964212906385059,0.020080749737566836,0.020025944516468497,0.018623093924603467,0.011533057635301108
2015-12-03,0.04794531668329324,0.019611341673155876,0.049695829800856656,0.019746699162487967,0.0165774501862176,0.5810963779156721,0.19523169538099489,0.01962294454394459,0.01984954172897554,0.01890583143847852,0.01171697148592284
2015-12-04,0.048696275527305,0.019735192860615446,0.05033603276009876,0.019832046670587106,0.016627890974508293,0.579044602379197,0.19521613721356657,0.019720759511825756,0.01988173248222635,0.01925292074856806,0.01165640887150169
2015-12-07,0.04844637121674772,0.0194567344042945,0.05024829616287939,0.019723288972983043,0.016366821291728506,0.5795158407696943,0.1960262353336144,0.01993067474861808,0.01993480318050265,0.019020766901121904,0.011330167017815437
2015-12-08,0.0481699681410365,0.019369246321231777,0.050178524252707614,0.01945284038665742,0.016203138949172854,0.5800417394566627,0.19633828158340802,0.019960953100094284,0.019929326277964246,0.01907180637706506,0.01128417515399948
2015-12-09,0.047827766246703304,0.019165619755812803,0.049902206805921195,0.019377748170666623,0.01608123053482801,0.5806399311406084,0.19676713178869645,0.019953130247775622,0.019937608859474588,0.01904758510835253,0.011300041341160421
2015-12-10,0.048001555230416326,0.019249648236666785,0.04967103449187788,0.019401362394158298,0.01598934960172953,0.5809057482187334,0.19654762350583288,0.020000341521431708,0.019911793291994356,0.019050863245485952,0.01127068026167296
2015-12-11,0.04706208963608947,0.01881713835090056,0.049431882417912534,0.019027959655903585,0.015538459128877352,0.581480349526836,0.19808374415473232,0.02031156951019229,0.019942547474023537,0.01915117482581938,0.011153085318712909
2015-12-14,0.047411015450277205,0.018726449358860104,0.049703457772200296,0.019102106076961764,0.015826677120312695,0.5821553808528788,0.1970818237440716,0.02009600961725123,0.019841839207218263,0.018950355048257324,0.011104885751710767
2015-12-15,0.04786610264902402,0.01897921263296905,0.05020679637205567,0.019180110520860553,0.0160542720540207,0.5815686048990641,0.19640567807628675,0.019959790391430483,0.019825919792221924,0.018883272789476897,0.011070239822589934
2015-12-16,0.048478497772667044,0.01923401109090452,0.051101228608317464,0.019531292854162947,0.016340341323812988,0.5800363955326278,0.19553225553496206,0.019881054979224367,0.019786620587513095,0.019077512597495877,0.011000789118311994
2015-12-17,0.04779353499529489,0.01905037671086662,0.05090882320602813,0.019304493356491845,0.016146803754077146,0.5806896128971745,0.19656801125985318,0.020128464086540256,0.019831426624554487,0.01868077083404016,0.010897682275078835
2015-12-18,0.04694873503927765,0.018761884727181,0.05026732842922817,0.019104198874571685,0.01609483670742795,0.5815275227439266,0.1972999308516815,0.020242979755146103,0.019834198258254748,0.018969674266839452,0.010948710346465223
2015-12-21,0.04727961408980929,0.018880802341703935,0.050464061051338716,0.019170038693485512,0.0162011497420013,0.5807681437326815,0.1971581766786589,0.020214014738698573,0.019824486218786772,0.019153252475568212,0.010886260237267267
2015-12-22,0.04770521225037288,0.01905257359781086,0.05066961531968507,0.01931380202806252,0.016329983917051722,0.5805889528527762,0.19658856206555217,0.020066545085992503,0.019797102652766494,0.019051614118172622,0.010836036111756755
2015-12-23,0.04823280103232673,0.01926770792017836,0.051176175882418774,0.019611392991288373,0.016538326663495622,0.5796238560036882,0.1958812324349152,0.019889563934419013,0.019788495974775087,0.0189710714692825,0.011019375693211996
2015-12-24,0.04811538905479172,0.01928893978797287,0.05114971651875676,0.019563076266615215,0.016465467813754523,0.5793960736816731,0.19609210504667585,0.019987808846049195,0.019837416387926608,0.01909328352092712,0.011010723074856937
2015-12-28,0.04804301500590314,0.019214680423796093,0.05133990462165518,0.019532266469486314,0.0163635040955787,0.5795062197081656,0.19628259799928346,0.020062561682240482,0.019828678717946108,0.01896359333829758,0.010862977937647355
2015-12-29,0.048555089550950704,0.019421796522849897,0.05186477074200302,0.019726376900300085,0.01637827016371169,0.5793613013979433,0.19524298252091388,0.019728995843874164,0.019726166464886757,0.01895036590864519,0.011043883983921443
2015-12-30,0.04826910389542965,0.019249424899888117,0.051695004607815474,0.01963143565899779,0.016143059298111963,0.5801977375098974,0.19555268398246886,0.0197330693793237,0.019749963461623377,0.01882842155444901,0.010950095751994739
2015-12-31,0.047848045662122696,0.019034318662604282,0.05137184871168886,0.01939261877408153,0.016113876068344222,0.5806727434024674,0.1960283500551747,0.019847471937384255,0.019808515280262198,0.018860206000578278,0.01102200544529167
2016-01-04,0.05579839696339292,0.01860135518067753,0.053385626414212295,0.019103769653528148,0.01568024029498483,0.5705954598803263,0.19695019277618214,0.019999448274236754,0.019806781074436935,0.019134421457109297,0.010944308030912848
2016-01-05,0.055865100458707205,0.018632629833096118,0.05423454079734126,0.019064512537698565,0.015707452559427803,0.569973039486813,0.19679621036245998,0.019908817946223546,0.019807318862748575,0.01917877507026699,0.010831602085217077
2016-01-06,0.055149741085390204,0.01834515683297059,0.05404466956281549,0.01874716356840583,0.015403740738352066,0.5702003873914827,0.1979460187216935,0.02017319719933367,0.019881653425928417,0.01945196989672286,0.010656301576904595
2016-01-07,0.05398730447770785,0.01790844675492317,0.05299695667956618,0.018412365120385996,0.014973271905291215,0.5721057340551935,0.19896511391915972,0.020269733089018135,0.019956687395921102,0.01978590726304158,0.01063847933979162
2016-01-08,0.053450640667987034,0.01761816116942703,0.05242487404061483,0.01820925877849547,0.014827930703811163,0.5731026834944285,0.1996735617952567,0.020381518479548166,0.019992974901248323,0.0197186260192148,0.010599769949967978
2016-01-11,0.0535523742276004,0.01755809869130404,0.0526826453838826,0.018302472828721696,0.014836662698583863,0.5738380582038258,0.1992246928408274,0.02017718185647335,0.01994694100983587,0.019561371409902217,0.010319500849042845
2016-01-12,0.05391092391281812,0.017586680242931425,0.0522434304419004,0.018363623676280107,0.014846529621609438,0.5731219052888801,0.19984662853732596,0.02044027628664067,0.01996501719495965,0.019435800710125316,0.010239184086529024
2016-01-13,0.052656781093271994,0.017051348909697856,0.05154003715783349,0.018109834726527604,0.014716166037383037,0.5744495920471342,0.20097492761830194,0.020677351624706092,0.020060562993659783,0.019564598694124875,0.010198799097359375
2016-01-14,0.05348961425071763,0.01727724794538992,0.05143748628810196,0.018331342718508475,0.014898539288007438,0.5742457046965237,0.20044589361280643,0.020471690650690284,0.01994923149584415,0.019235617246595303,0.010217631806815083
2016-01-15,0.05242500969613105,0.0170242841515908,0.050931172710397224,0.017696107079887988,0.014330583199954009,0.5756385571582602,0.2016999858148954,0.020824329619573364,0.019951385485245693,0.019464581685447197,0.010014003398617435
2016-01-19,0.05250575334520518,0.01679823722572783,0.051097082289071435,0.017862643972004398,0.014547658707227686,0.5756907769162966,0.20148054667158766,0.020763749231789728,0.019866384788892126,0.019449939869436553,0.009937226982761234
2016-01-20,0.0518771016377847,0.016882355650973548,0.04978173590723439,0.017472093685963825,0.014242449402228312,0.5765898508995261,0.20264337010972033,0.021000282791085536,0.019913077254092058,0.019726758235126114,0.00987092442626556
2016-01-21,0.05215981854390554,0.01684065632390831,0.050106656048634346,0.01759914667375938,0.01429574297372825,0.5764345603446422,0.20210794786485534,0.02085455834756512,0.01985232778912033,0.019746234242857198,0.010002350847024256
2016-01-22,0.05305138934178064,0.017194670462875646,0.051321605103919865,0.018057185027165454,0.014735121829793373,0.5742982286759799,0.20098302751813785,0.020705331200121874,0.019797959512988544,0.01958860266281124,0.010266878664425822
2016-01-25,0.05232500541613182,0.016836485339018055,0.050890894244948845,0.017840997315134607,0.01450235956876373,0.5751288511347185,0.20194543619742425,0.020847771296000076,0.019805639012155072,0.01981870834812174,0.010057852127583552
2016-01-26,0.052849449048792546,0.017112338727861477,0.05179447282499863,0.018094787450678794,0.014663624402929901,0.5733452397966682,0.20137290179215162,0.020783204340815466,0.01979058155119887,0.019973179484211488,0.010220220579693113
2016-01-27,0.05234535745326003,0.016900010008263924,0.0510587835169715,0.018003473711167593,0.014633362403610102,0.5742602536235961,0.20179564963930155,0.020806511258577444,0.01976347864539282,0.020074902111288425,0.010358217628570681
2016-01-28,0.05259544459816964,0.01688937105997415,0.05069873204570501,0.01804871413724206,0.014857903291084617,0.5740137828043863,0.2019695842709881,0.02082728078238582,0.019777637062176334,0.01985200216169894,0.010469547786189257
2016-01-29,0.053559254185099756,0.017340236818726755,0.05149320873609297,0.018257927660920468,0.015248923681013646,0.5712928247759925,0.20184841142367063,0.020879640136125657,0.019762849397522705,0.019810425019026842,0.010506298165808356
2016-02-01,0.02648613300231566,0.017280831562744008,0.026092024168505243,0.0182590535691428,0.015121549203820615,0.6242829984683123,0.20226498600329904,0.02016206004249095,0.019722384156155105,0.02000718673479479,0.010320793088419648
2016-02-02,0.02,0.017280831562744008,0.02,0.0182590535691428,0.015121549203820615,0.6368747160354601,0.20242067238425776,0.02,0.019722384156155105,0.02,0.010320793088419648
2016-02-03,0.020099624813448652,0.017285800415154495,0.020077992636623018,0.018392293965706966,0.015534238316952713,0.6363828085617226,0.20199502729869565,0.019814147991442873,0.0196539725881237,0.020194266615977775,0.010569826796151519
2016-02-04,0.0201065090650546,0.017331700928374303,0.020075827214387467,0.01839334493687463,0.015633664796486903,0.6357536322576243,0.2022275260560271,0.01988579541443904,0.019638576798048462,0.02041324868519796,0.01054017384748517
2016-02-05,0.01975086837377418,0.01688055352710103,0.01965216106315102,0.0181357823405607,0.015474896133465074,0.636486706220612,0.20276702610242386,0.01993664397143238,0.019662382967799062,0.020765128991572724,0.010487850308107984
2016-02-08,0.019458629737224717,0.016580871564947596,0.01904858778937178,0.01777465896562631,0.015242818436478126,0.6363735562542473,0.20400553190087367,0.020338109338220195,0.01973792489308035,0.021015808176446736,0.010423502943483222
2016-02-09,0.019486617228163396,0.016491904533032346,0.018766437699279038,0.017593667710765565,0.01505249290648698,0.6370296695679607,0.2043248743628543,0.020387947289879606,0.01969762910847452,0.02099868099352434,0.010170078599579269
2016-02-10,0.019447930547803506,0.016481976647304827,0.01884340987904744,0.017553701550255686,0.01509739339260752,0.6363139973624434,0.20470435867184053,0.020544510703495524,0.01969974517068914,0.021137601687688603,0.010175374386823843
2016-02-11,0.019166072495942613,0.016278438915398326,0.018538118839481355,0.017271812051084016,0.014822662697636275,0.63595449210079,0.20533615583858164,0.020657270064442027,0.019735817629479048,0.021953866677179044,0.010285292689985678
2016-02-12,0.019585524980048532,0.01660830843000175,0.018802028981660505,0.017596192969838515,0.015098561853416525,0.6359966133033416,0.20402307606369005,0.020339565966163438,0.01964953446476056,0.02185206034034001,0.010448532646738616
2016-02-16,0.019921950412250415,0.01700706476785871,0.019168971591543328,0.0179585132570894,0.015437822190370772,0.6358093417806462,0.20347402109384505,0.020130486529675876,0.019561790154135433,0.021195491283286162,0.010334546939298767
2016-02-17,0.020222093153008183,0.01725209477983615,0.019318526028676397,0.01824517542046667,0.01572208287571791,0.6351650486676149,0.2027223160379913,0.019981732659512624,0.019532176926447167,0.021299986785105595,0.01053876666562318
2016-02-18,0.020095847183672504,0.017132623274844282,0.019461154906958097,0.018111892412317185,0.015595782582746581,0.6343177862070488,0.20322327415298883,0.020183818838152987,0.01964885976130783,0.021771244854642123,0.010457715825320813
2016-02-19,0.0201023211581282,0.01723195058217893,0.019518467438327216,0.01810607185826645,0.015536194297153949,0.6342224319216184,0.20338404286600006,0.02021599068477283,0.01965058608816417,0.021657689257311177,0.010374253848078614
2016-02-22,0.020373522714809546,0.01740711123280881,0.019725576921302543,0.018293071829498183,0.015906007504407925,0.6336792012235614,0.20298365211690012,0.0201862767657745,0.019671135346573946,0.02125199968928023,0.010522444655082862
2016-02-23,0.020122735338423032,0.017253322035881907,0.019684499559549408,0.018000340200359694,0.015572302551648497,0.6339593259580458,0.20345417830787185,0.020274556992761098,0.019717217931920623,0.02157734240721645,0.010384178716321628
2016-02-24,0.02020470319064934,0.017410903076389737,0.019683030055024517,0.017927612639598352,0.015528594370988896,0.6337914619023539,0.20335244236187522,0.020224344324957587,0.019726338004522195,0.021638306384745638,0.01051226368889469
2016-02-25,0.020408299866019195,0.017534931617818373,0.020000001645644205,0.018105795796438992,0.01554858584824255,0.6326658971912016,0.2035491001697536,0.02025597693568857,0.019796877818953864,0.02165171925587992,0.010482813854359422
2016-02-26,0.020409717066116165,0.017688089920885258,0.019986180491006728,0.0181019199706135,0.015431587406687073,0.633351384732745,0.2030403782543698,0.02010836819343921,0.01983709643169892,0.02155417628363854,0.010491101248800056
2016-02-29,0.020230024206774916,0.017592097574065494,0.019933249483013234,0.01797703277480821,0.015549908930880242,0.6331074149843904,0.20317349339800786,0.020176597104334667,0.01983157987862798,0.021814517009026303,0.010614084656070971
2016-03-01,0.020277767130084216,0.017982246927780242,0.020179781949037814,0.01845832350957466,0.016114277664667102,0.5814121126059599,0.2040275336025045,0.051969034515207804,0.019736332141926806,0.03921326801157482,0.010629321941682302
2016-03-02,0.02,0.017982246927780242,0.02,0.01845832350957466,0.016114277664667102,0.5491442427472969,0.2054817076105904,0.07219661768455052,0.019736332141926806,0.05025692977193108,0.010629321941682302
2016-03-03,0.020028831537616455,0.01812598131556557,0.020051050025853823,0.018592668790593767,0.016256769652764385,0.5479962539882262,0.20522330493818322,0.07228268176297194,0.019781140710073346,0.051000115692186154,0.010661201585965273
2016-03-04,0.020109433427560337,0.01823935412339505,0.020120001347729222,0.01874283384411743,0.016592409132886177,0.5480156581390351,0.20468179707395795,0.07187253088063945,0.01979239279523179,0.05095769800311485,0.01087589123233273
2016-03-07,0.02012840867525466,0.01844000098507975,0.02016076248613808,0.018722274273884353,0.01656953644983221,0.5477071481175078,0.2042988026634699,0.07186060835395387,0.01981768241482799,0.05121878024186092,0.011075995338190509
2016-03-08,0.01989385005947556,0.017981378086030123,0.01993780856625568,0.018525558955396815,0.016274274445343257,0.5476877420809595,0.20532792715081707,0.07260032167016536,0.019908055496958125,0.05094410613888223,0.01091897734971615
2016-03-09,0.020017725379750096,0.018095907316748372,0.020044478338095997,0.018619173115597496,0.016396301188704422,0.5481951579352365,0.20478380610196573,0.07225150217096926,0.01991112963142386,0.05058632929676596,0.011098489524742225
2016-03-10,0.02004184668988454,0.017955716474069464,0.02000113741638394,0.018596699763230962,0.016428201089436795,0.5483509192012049,0.20413383645681027,0.07198403746775817,0.020001982418447754,0.051419227434844124,0.011086395587928987
2016-03-11,0.020377519611217663,0.0183516648550257,0.020486904274568552,0.019094241135496983,0.016782446600382958,0.5481627917130258,0.20367421720864537,0.07129957636312209,0.020071009791662663,0.05056514016789209,0.011134488278959964
2016-03-14,0.02036280659427881,0.018314306613394893,0.02047131228644868,0.01906495681595252,0.01669052105404746,0.5484702929682786,0.2039388760616875,0.07156363074738123,0.020141018758342507,0.04994101414068952,0.011041263959498183
2016-03-15,0.020341375939643115,0.018039630558198384,0.020477727327924283,0.018895891013065762,0.016461889414965836,0.5489818676345348,0.20401915726066597,0.07167225601105269,0.020145747558483244,0.05000804407226651,0.010956413209199269
2016-03-16,0.020361534023907557,0.01808034939232056,0.02063900757917028,0.018971735733055998,0.01671135684329457,0.5474609476131559,0.2041133523769621,0.07154243722202767,0.0201460392735126,0.05087922099183366,0.01109401895075887
2016-03-17,0.020456817581996363,0.018327129201182468,0.02089299235005451,0.019086152520188224,0.0170514420884405,0.5464910519606069,0.20400002628429106,0.07171924355843529,0.02017456032066706,0.050601302146716036,0.0111992819874215
2016-03-18,0.02052166829846687,0.018478514285831436,0.020796507884965305,0.01903864103987914,0.01712842633455876,0.5462074454842067,0.2042009195603883,0.07181537213033343,0.02020568433842221,0.050424223617317555,0.011182597025630063
2016-03-21,0.020585410753881452,0.018465740390644893,0.020696783799753395,0.019040866703933068,0.0171933344616615,0.5470631546295891,0.20396504068499238,0.0713845590763544,0.02021565479584712,0.050155023043867396,0.011234431659475139
2016-03-22,0.020588311731814135,0.01845630595734154,0.020716223850332494,0.019020601243088367,0.01716464083910027,0.5471118935386077,0.20367291087799083,0.07141626611068197,0.020191520188932215,0.05033672810336459,0.011324597558745774
2016-03-23,0.020458863873852613,0.018120822992972508,0.02057673851828726,0.018834094573634986,0.01687737074054838,0.5476085942079982,0.20467400655821733,0.07224800744642076,0.02029949408239948,0.04921325199185932,0.011088755013808925
2016-03-24,0.02046490234611814,0.018188426256934533,0.020608242567399696,0.01872167547874958,0.016849360825609897,0.5477524923682909,0.20461818943624868,0.07232898205214822,0.020305790668384678,0.049131140211466126,0.011030797788649379
2016-03-28,0.020455635564883175,0.018191488587235835,0.02074504334913694,0.018814990292187934,0.016887285882929697,0.5473101614604903,0.20470426060329955,0.0723483642080438,0.02029665494303194,0.04919380697759785,0.011052308131162814
2016-03-29,0.020528023895401818,0.018590696106754623,0.021037349182692247,0.018909753672736392,0.017022434804336496,0.5452374211327344,0.20492250601950512,0.07269294440385259,0.02027239472066472,0.04982137880492762,0.010965097256393719
2016-03-30,0.020646200554228392,0.018617798829386113,0.021033500451189645,0.01907770383179584,0.017221537903832376,0.5460470256798259,0.20492306229169566,0.0720259065249077,0.020276124346669876,0.04919214494382955,0.010938994642638764
2016-03-31,0.020560559222409534,0.018637904441751292,0.021122002416181833,0.018856751017028706,0.017176781676372946,0.5453615181301809,0.2053138086626748,0.07241170253152449,0.020321525365517967,0.049333732441843116,0.01090371409451416
2016-04-01,0.02605249341349061,0.018732126554609704,0.02526730102620501,0.018667145000997438,0.01713730874790843,0.49184187346944047,0.20581145867985376,0.0734371245294469,0.06326492270006542,0.04906655432781182,0.010721691550170167
2016-04-04,0.03132547623310145,0.018618250393921752,0.029358658530350634,0.018642142366955963,0.016985845027474362,0.4387867567368637,0.2064793927241652,0.07428083382858314,0.10607866060710314,0.04883150484029197,0.010612478711188485
2016-04-05,0.036448169249143125,0.018494003525614856,0.033349283219642,0.01838380703040074,0.016792833927043428,0.38474975393988636,0.20720229692553757,0.07553955818506343,0.14912627557081704,0.049293189930940166,0.010620828495911144
2016-04-06,0.04213678218335747,0.01871907766601434,0.037589255905034064,0.018678021517255766,0.017064507268463588,0.3311818128111285,0.20717018373085472,0.07580553488623906,0.19189048064789413,0.04903332232144616,0.010731021062312069
2016-04-07,0.04728033338777079,0.01869398900781249,0.04165423781320956,0.018629614842617718,0.017080717011000005,0.2782471186117926,0.207618696602707,0.07669301379060796,0.23424600601182521,0.04914005802920219,0.010716214891454428
2016-04-08,0.048115318231006315,0.018732126554609704,0.042286876391104844,0.018667145000997438,0.01713730874790843,0.27058255020305055,0.20758298298060385,0.07670616184755849,0.24040128416517834,0.04906655432781182,0.010721691550170167
2016-04-11,0.04797569661669386,0.0186632912416761,0.0422087043118084,0.01866660022823253,0.01734834658771062,0.27039913148976336,0.20742926028566408,0.076564458577161,0.24024642763312878,0.0497015868829553,0.010796496145205923
2016-04-12,0.048453439511452506,0.018876115226543703,0.04252465554057877,0.018956290001667823,0.017626434840839093,0.270508501890868,0.20673808960118628,0.07608462733500541,0.23945226682242185,0.049741670420968255,0.011037908808468225
2016-04-13,0.04884266630395089,0.019243477083044407,0.042339493195584436,0.019217683402730803,0.017902834594737172,0.2698266060904452,0.20646350960706464,0.07619532802452748,0.23978627403970398,0.049110370643294814,0.011071757014916103
2016-04-14,0.04894789299352379,0.01926004554331819,0.04215622618748503,0.019321060577394848,0.0178533218316848,0.2703959628977674,0.20641229488007667,0.07598998706512394,0.24013089129849324,0.04852615361563709,0.011006163109494932
2016-04-15,0.048752888843105725,0.019252486993798255,0.04231201796515882,0.01922252583273495,0.017699480489664025,0.2698072109442506,0.2064337023808545,0.07642003931988028,0.24044451511784887,0.04872099845487567,0.01093413365782818
2016-04-18,0.04906670584886581,0.01938672970006327,0.04246670271382835,0.019376104907132687,0.017771054473278095,0.26961853710466377,0.2061083405639763,0.07604546967400844,0.24056590467456596,0.04861832537996572,0.010976124959651487
2016-04-19,0.049143608901494995,0.019371361892028358,0.04244275253449461,0.019680961151931565,0.018013638274814663,0.26909598453939204,0.20544611913128794,0.07568780889739504,0.24062590059248484,0.04929981104601001,0.011192053038665712
2016-04-20,0.04935570251706758,0.019465585035193182,0.041986629355007306,0.019763589068746625,0.017992144273733853,0.26980947372434516,0.2050895342218477,0.07510668575000426,0.24076991218719965,0.049213114564540986,0.011447629302313495
2016-04-21,0.049197702172781674,0.019410274664459316,0.04136395414009394,0.019687750407011626,0.01785172714867393,0.27033641213321086,0.20520122403826196,0.07482338965113448,0.24119603025716266,0.04950739245742785,0.011424142929781536
2016-04-22,0.04921250952515143,0.019608576585441743,0.041818375698982946,0.019703605856730446,0.017749186986279142,0.2704177770412461,0.20503810859534455,0.07465398119702274,0.2415310389450375,0.048887817149931956,0.01137902241883132
2016-04-25,0.049186948445998614,0.01949285451812556,0.042131012974619915,0.019627957884678332,0.01765698056841331,0.27067994751955077,0.20506009593685393,0.07443534992613295,0.24125630616194732,0.049087909840844754,0.011384636222834324
2016-04-26,0.049255711590020686,0.019682171953732296,0.04228042079057078,0.019695879491561718,0.017846253920011813,0.2705934267129708,0.20461134085254157,0.07409138783411465,0.24113498272332937,0.04927890584565274,0.011529518285493253
2016-04-27,0.04915479146442224,0.01966995422308494,0.04209608386227878,0.01962827502783748,0.01788063131668824,0.2696738116768523,0.20489299516620355,0.07452385292226957,0.2416751768531977,0.049217311505603954,0.011587115981561091
2016-04-28,0.04865108778290969,0.019422762852137284,0.041949014886344296,0.01933836623250081,0.01767548160633272,0.26951685264810693,0.2053623958930682,0.0747436125531649,0.2416134955916393,0.050088896732904564,0.011638033220891103
2016-04-29,0.048359357606062324,0.019236346541521707,0.041575598502099964,0.019244102540780336,0.017587867852340167,0.26944573020553547,0.20516116167378298,0.07488853700924873,0.2417256624135809,0.05103201403741624,0.011743621617630913
2016-05-02,0.0635037895754606,0.0194238591837315,0.05075469450425679,0.01944175471230168,0.017554188039633236,0.24626825398219998,0.20473948569479078,0.07419765359308557,0.24161792249114322,0.050906025398014615,0.011592372825382058
2016-05-03,0.06290401025036388,0.019091272836180628,0.05060578788031588,0.019107778213771333,0.01704754889453336,0.2463457270438476,0.20580133208014584,0.07507631471318531,0.24186113528754416,0.050752567278166745,0.011406525521945286
2016-05-04,0.06257043498963055,0.018939085519495143,0.051299671405724466,0.01889224604537387,0.016775929433996566,0.24638400264986338,0.20623123370775817,0.07550876650756086,0.24152416312891578,0.0504567703025157,0.011417696309165575
2016-05-05,0.062462704596017514,0.018835004620899383,0.0514172149438489,0.018823921469294125,0.016745203468756856,0.24609459755071705,0.206476019121769,0.07589747104339145,0.2416382257297515,0.050322010424375244,0.011287627031178983
2016-05-06,0.06268749622204275,0.018944901453264003,0.05191683933882701,0.018875424530299684,0.01676973987195306,0.24602194110230147,0.20597859177281924,0.07556851859557158,0.24110064625993805,0.05077654747382075,0.011359353379162359
2016-05-09,0.06277161627222883,0.019009421543971512,0.052361844639852224,0.018845722454177025,0.016563790441452224,0.24626539958962365,0.20647743334275642,0.0758453660473166,0.2409842252860888,0.04975945274504226,0.011115727637490446
2016-05-10,0.06339414524322251,0.019153032772995293,0.05232922879151808,0.019068020711088353,0.016838630933505603,0.24571014461333507,0.2059262000612838,0.07566233032872031,0.24078588093317527,0.04977134324404887,0.011361042367106888
2016-05-11,0.06282083165442469,0.018922011414293474,0.05141360021981793,0.01890980362854959,0.01680312467424472,0.24570064883935455,0.20630749798988934,0.07611407024123482,0.24112263647660875,0.05025612308323704,0.011629651778345103
2016-05-12,0.0629531462819312,0.01885569907733367,0.05176158157070613,0.018937548918499216,0.016787644593696974,0.2460019105738987,0.20612221255109375,0.07590458982963316,0.24105725627071437,0.04995155772219897,0.01166685261029381
2016-05-13,0.0623662141766527,0.018719338988181768,0.05131212685192818,0.018731917722619108,0.016476092611257993,0.24587966505949949,0.2067787384004087,0.07659330934336063,0.24135152001671908,0.05014747529570099,0.011643601533671291
2016-05-16,0.06301173822563318,0.018965770287207435,0.051741583624897995,0.018964613461903212,0.016683228984448094,0.2458821043970149,0.20613187389060122,0.07596972121626039,0.24066277086317422,0.050208676995130944,0.011777918053728376
2016-05-17,0.0625454997564695,0.01870150460855953,0.05105741332302396,0.01886313472966382,0.016638966311395435,0.24627425429338248,0.20625315879361364,0.07624545071465405,0.24105109540426617,0.05047998528581938,0.011889536779152061
2016-05-18,0.06300200443208293,0.01893079882842768,0.050697171679634376,0.019001960458538386,0.016590640314156482,0.24756211424616165,0.20602321978268828,0.075686751902159,0.24066978648785722,0.049951985704796094,0.011883566163497965
2016-05-19,0.06279471101938172,0.018781563739800267,0.05015920261176955,0.018869185018003692,0.01643890376660555,0.24766390996627818,0.20626644819674983,0.07602739088080851,0.24128044517305813,0.04986506457376644,0.011853175053778125
2016-05-20,0.06307419560732143,0.019062454510200375,0.05046732410698567,0.018989921178823862,0.016573060569547104,0.24729196485730978,0.20601538591177154,0.07594471635218009,0.24099503304305786,0.04970613457490228,0.01187980928790006
2016-05-23,0.06299395226312896,0.01904181010419604,0.05051793110079889,0.01892867689432991,0.016543687249982238,0.24728519330277848,0.20616557578890654,0.07612082994866723,0.2410168472049162,0.0495694458278865,0.011816050314409042
2016-05-24,0.06380141739979393,0.019431376872738156,0.05111574869426698,0.019200994472358558,0.016711120486417326,0.24707514389781596,0.20579802432376926,0.0757715794124744,0.24057729298435762,0.04870293180095578,0.011814369655051985
2016-05-25,0.06415564304400873,0.019521029441640976,0.05113205416645381,0.019379385175619514,0.016891096715020246,0.24691856638220158,0.20545254272991967,0.07539336550414673,0.2407081318125214,0.048510676200213175,0.01193750882825421
2016-05-26,0.06405341508703684,0.019462040095083795,0.051068724689169745,0.019395807941590282,0.01697218815805569,0.2465997488131587,0.20570325820336485,0.07564136972843395,0.24094252843986158,0.048253927498216845,0.01190699134602787
2016-05-27,0.06436179966958586,0.019665937642139735,0.051317931075773614,0.0193859293545989,0.016975763923949973,0.24658088368472247,0.20541520040487696,0.07556960793363199,0.24088422888927996,0.047881123718436794,0.011961593703003892
2016-05-31,0.0641780472344373,0.019715750463463345,0.05127552156719628,0.01927498667389761,0.016980072401623456,0.24646180471207862,0.20546265718417048,0.07567774659040447,0.24107842345529376,0.04801747959851803,0.011877510118916804
2016-06-01,0.07890068845790894,0.01983798912317644,0.053658627134852865,0.01924733452940251,0.01695999954798887,0.2291381634824633,0.20527522283799504,0.07594097599676632,0.24110923861727998,0.04794007599449008,0.011991684277675689
2016-06-02,0.07893632479710216,0.019938825015218722,0.053807040865515195,0.019197595552169218,0.017054158723494178,0.22873478935339586,0.20538033106047612,0.07629065981000016,0.24097059706365853,0.047704835312570755,0.01198484244639911
2016-06-03,0.07816069594939835,0.019683248165608166,0.053600876706629726,0.01919011917625057,0.017196033012923485,0.22754076866762749,0.20586515069057554,0.07684595002780774,0.2412421835925131,0.048692403547652294,0.011982570463013554
2016-06-06,0.07863833090356233,0.019915644605893193,0.053322433414364406,0.019317615088272864,0.017396431775705032,0.22771862636527743,0.20553563140126282,0.07635251610736138,0.24090564421920008,0.048758333672157816,0.012138792446942704
2016-06-07,0.07862109266893967,0.01993790335173844,0.053553235560992105,0.01942371827999567,0.017522728026721356,0.2273673174253636,0.2054670685868195,0.0764012176908796,0.24083796150111322,0.04863072914857867,0.01223702775885826
2016-06-08,0.07861888925098226,0.020019632636397736,0.05366169891677271,0.01939912984046777,0.017591681218686192,0.22667557479415046,0.20503410297100608,0.07655871505501789,0.240847315894057,0.049189336415414474,0.012403923007047556
2016-06-09,0.07844437764511672,0.01987414643492545,0.053696859957882696,0.01914509453011562,0.017374605677560075,0.2265350000519967,0.2051727970050107,0.07698684816037253,0.24098047103154535,0.04942034853515556,0.012369450970318777
2016-06-10,0.07775675652477422,0.019617999543610622,0.053471808317531316,0.01860224973931339,0.016947358897056085,0.22683113644077793,0.20604123101226215,0.07741551860335923,0.24143312223443253,0.049655726076684406,0.012227092610198338
2016-06-13,0.07719917943415443,0.019415688663149456,0.05346058465745759,0.018342151724531873,0.01671897814006799,0.22700903495022215,0.2065612989821094,0.07780284894990959,0.24120614308117239,0.050050285649876416,0.012233805767348928
2016-06-14,0.07716330622112672,0.019388949822009408,0.05324957092694752,0.018076139075772695,0.016688366204609686,0.2273765989906188,0.20681585046709205,0.07786209674322665,0.24102815271167913,0.05017856235770607,0.012172406479211511
2016-06-15,0.0768178937081198,0.019342604910804553,0.053571413602698244,0.018140650101945374,0.016813570213192474,0.2269411579918297,0.2068053556742087,0.07792011855868779,0.24118156240070943,0.050394456909818,0.012071215927986198
2016-06-16,0.07700370640786774,0.019330015509058808,0.05381118057350056,0.0181677951354408,0.01674353784703617,0.2266800464736729,0.20691025556792503,0.07825468452064142,0.24140435447053019,0.04983664904135853,0.01185777445296801
2016-06-17,0.07680823870075092,0.019270196145215454,0.05379402612947324,0.018369957044829955,0.016808901289283636,0.2269760469476834,0.20645387734868295,0.07785963278804182,0.2409727962189841,0.050535969595543705,0.012150357791511012
2016-06-20,0.07736349185629747,0.019494962327091164,0.05393763728826418,0.018840223598737604,0.01712039691198376,0.22702058907286798,0.20572801623539377,0.07708751159877945,0.24086215720059326,0.050273645147113494,0.01227136876287803
2016-06-21,0.07770524389119103,0.01948840132481084,0.054244965201039747,0.019023167707941362,0.01727902066088377,0.22721770225857202,0.20558884807569916,0.0768520676689397,0.24102136186537987,0.04938424069759579,0.012194980647946841
2016-06-22,0.07751579283809476,0.01939650285051223,0.0541738026520534,0.01899609227474985,0.01730890452395931,0.22711412706410425,0.20582985233543222,0.07691645943973599,0.24126624287114304,0.049368824619492394,0.01211339853072276
2016-06-23,0.07850341930581257,0.019761579028911302,0.05452057847406365,0.01951612045399185,0.01772216642962197,0.2269709507727984,0.20479199823241234,0.07601552863937594,0.24095941812158742,0.04903260242998403,0.012205638111440646
2016-06-24,0.07552384191600683,0.019009145789710087,0.05373228467940458,0.01781224573080399,0.01661498014419785,0.22706504376611067,0.20729460285654241,0.07793288834455178,0.2417154096651144,0.05135981198059167,0.011939745126965827
2016-06-27,0.07401590231477384,0.018308854769313158,0.05352955978229629,0.017424321206484083,0.01636305780701847,0.2266795642997965,0.20853578428807792,0.07966821001738385,0.24209337013585616,0.05149688257107098,0.011884492807928915
2016-06-28,0.07498340394272576,0.018501212838793704,0.05442542930949741,0.017794026162692465,0.016763245883354295,0.22565381498640885,0.20748248357576188,0.07944502251928591,0.2422396620377196,0.05069566676476272,0.012016031978997628
2016-06-29,0.07611434793701344,0.018885747402735208,0.055016745536851715,0.018085510812399973,0.017154737081797718,0.2251427537441359,0.20624357127001378,0.07868459799801318,0.24169700217589743,0.0508085965257056,0.012166389515436232
2016-06-30,0.07681894375155256,0.01915426592564348,0.0553916596156027,0.018276118356946248,0.01725158252063081,0.22427852573969095,0.20581529290088274,0.07863453329402963,0.24149258137247734,0.05084310252931621,0.012043393993227515
2016-07-01,0.07665496471431595,0.019140798402083353,0.06897837413421178,0.01819837561093765,0.017343180380101332,0.2082405605769866,0.2054761566288156,0.07938729638703933,0.24303627110551676,0.051403422300072804,0.012140599759918798
2016-07-05,0.0759437715990939,0.01881927782841128,0.06936052262051012,0.017808871276373258,0.016937645757238436,0.20790153895543365,0.20616965470300921,0.08021278645536963,0.24335468276761138,0.0517191221334445,0.011772125903504564
2016-07-06,0.07631407686648489,0.018934714482701374,0.06903264496390812,0.017756515667912885,0.016873909585549143,0.20757240751727551,0.2059760047275709,0.08025282130017067,0.2435164683850253,0.05196471227514564,0.01180572422825544
2016-07-07,0.07638756562101995,0.019005032546572105,0.06853268077947733,0.017713372920922833,0.016856038245680837,0.2078076636658579,0.2060340967189957,0.08037583834857642,0.24394627471707986,0.0518521825020371,0.011489253933779848
2016-07-08,0.07706341216035256,0.019331813558126937,0.06912942400425241,0.01787611508656794,0.017117550543552955,0.20656639321440118,0.20520012188777928,0.08048424192376709,0.24384166626221312,0.05185233512649569,0.0115369262324907
2016-07-11,0.0774706743986714,0.01958952844843478,0.06975027892130889,0.018169964003280376,0.017311556377041796,0.20670979398408532,0.20447576589007774,0.07991778533001614,0.24364045700376677,0.05145366119514945,0.011510534448167188
2016-07-12,0.07828448797770343,0.019915401243699216,0.07005829461500693,0.018475555835980276,0.01761159313784745,0.2073019540574824,0.2039196314670251,0.07885692951266385,0.24304556162718852,0.05076484168944839,0.011765748835954314
2016-07-13,0.07804550123771932,0.019779415901052155,0.07014578450048607,0.018402270411104336,0.017530447082779583,0.20674651906110447,0.20384948976777278,0.0795538381995698,0.24328018795233325,0.051082693304906515,0.01158385258117161
2016-07-14,0.07869474596591534,0.019853178135820722,0.06981861584423024,0.018611623902423335,0.01783238352280064,0.20718717363237563,0.20355244837791525,0.07861015178806229,0.24335110663323056,0.05082646710538476,0.01166210509184115
2016-07-15,0.0788122663484009,0.019964582071006057,0.07007548527798962,0.018569917887781756,0.017843014540433924,0.20767774107524956,0.2033490732359355,0.07815563088410085,0.2431137078399242,0.05077461664621599,0.011663964192961595
2016-07-18,0.07897294796865185,0.01998508142921683,0.07020624939736737,0.018603590376615294,0.017988923351505298,0.20766619624051622,0.20316384087844122,0.07803200136502808,0.2429573799934155,0.05082197677978806,0.01160181221945427
2016-07-19,0.0787944312922345,0.019860237613079534,0.07043633969444289,0.018433926869714568,0.017784320945115128,0.20743117379819165,0.20345416067538055,0.07837421442807994,0.24308762569318948,0.05082642586708033,0.011517143123491506
2016-07-20,0.079210288666382,0.020012737821903465,0.07049941263377976,0.01862095691932443,0.017894394494705323,0.20756865195752477,0.2032671228870578,0.07803414311777235,0.2432841425546115,0.05015602019382786,0.011452128753110895
2016-07-21,0.07880784521878313,0.019891683318342266,0.07050750660657969,0.018521766541110908,0.017813609957893686,0.20744327033936016,0.20345448078226203,0.0780898547484452,0.24324180299733691,0.05085340276329892,0.011374776726587146
2016-07-22,0.07911449730003581,0.020027503831347333,0.0710490838255522,0.018546151012764092,0.017934794539728845,0.20724278116137806,0.20316638766723846,0.0781770522152074,0.24295445085968584,0.050442885103481785,0.01134441248358023
2016-07-25,0.07901762430408509,0.020027470244875698,0.07108839431451897,0.01855109331532326,0.0177818503555171,0.2074063964127582,0.2033069005436159,0.07823755889309263,0.24317970811148457,0.05016647602431292,0.011236527480415688
2016-07-26,0.07903603786568761,0.020119492677807358,0.07074586309008025,0.018624987310406464,0.01791757155727643,0.20738338701781758,0.203387424988063,0.07834374792827654,0.24288746443340514,0.05036687160756854,0.011187151523611034
2016-07-27,0.07869248563746642,0.02010975928560251,0.07001283935716043,0.018631867912774377,0.01791834922260806,0.20684705306489976,0.20358649517742408,0.07905848505336248,0.24309116297357544,0.05101000626863499,0.01104149604649151
2016-07-28,0.07877817924897548,0.020056982170600268,0.07052522612277466,0.01861118006729089,0.017922151915699607,0.2068092222537341,0.20368163788597246,0.07890717574621638,0.2428393168080207,0.05085925587276207,0.011009671907953359
2016-07-29,0.0785622141433867,0.020009420272628125,0.0708992833728327,0.018748299359926925,0.017935857670741493,0.20617590669805871,0.2035699922799681,0.0792187536069245,0.24266392027378003,0.05116166527453809,0.011054687047214526
2016-08-01,0.07873758398571408,0.03815452203361599,0.07350331542688188,0.018684225042692234,0.02791224967334769,0.17657941572780161,0.20348535784260527,0.07860002300494613,0.24203497229187135,0.05141390594016206,0.010894429030361722
2016-08-02,0.07873758398571408,0.0428418406917184,0.07405773344256587,0.018684225042692234,0.030494625733391362,0.16875530299397157,0.20348535784260527,0.07860002300494613,0.24203497229187135,0.05141390594016206,0.010894429030361722
2016-08-03,0.07891087265740507,0.04315840130874691,0.0736884847110083,0.01860561650855065,0.030574474452851275,0.16865298579925286,0.2034468058753621,0.07858857458900344,0.24217633089308568,0.051132184489921295,0.011065268714812521
2016-08-04,0.0787909997297245,0.043086414004433,0.0733235392529187,0.018664755150084048,0.03066505007068512,0.1683366160596675,0.2034099855158963,0.07897488740819801,0.2425776510668405,0.05108686470709433,0.0110832370344582
2016-08-05,0.0796244747364768,0.04381222491214577,0.07359436543135252,0.018793746506213294,0.031094613063708886,0.16849931865567705,0.20262600983806814,0.0783395965623226,0.24216585373892544,0.0502935850853245,0.011156211469785255
2016-08-08,0.07954381932798285,0.04377245308878232,0.0736337598006618,0.018824933182791034,0.031302314854917045,0.16836959564545181,0.20243282935779475,0.07845443782644058,0.24222293567759742,0.050229240401674646,0.011213680835905957
2016-08-09,0.07928051283883417,0.04364793132658405,0.07361686951637479,0.018900465216296448,0.03139147039995396,0.1678108806462615,0.20236383387298634,0.07891685068226606,0.24269493207691295,0.050237293431161525,0.01113895999236844
2016-08-10,0.07899067889111942,0.04328246509473696,0.07343383242301096,0.018942810078984854,0.03136275486953924,0.16769102558897267,0.20266462890389594,0.07912829996708448,0.2430959672812684,0.05041310842758231,0.010994428473805093
2016-08-11,0.079548480646882,0.043594182773057856,0.07291164397562401,0.01912469142057875,0.03184464118466172,0.1679371747291815,0.2021780432157749,0.07861158238708267,0.24287350216519538,0.05018474799281524,0.011191309509146272
2016-08-12,0.07927377132391034,0.043524165854210525,0.07292352917933935,0.019026692965790157,0.031644069121488136,0.16762092141389984,0.20237540160337392,0.07906864650333645,0.24334638815752896,0.04994907924290313,0.011247334634219478
2016-08-15,0.07956273461329448,0.04398853730292181,0.07292655308406076,0.019113986585268625,0.03199761615038516,0.16770876826734696,0.20193433415077938,0.07838302932526953,0.24278338972661004,0.050159640682816975,0.011441410111246527
2016-08-16,0.07935047171696957,0.04374126013441316,0.07225205072841372,0.019134232193436945,0.031933698184339616,0.1680691907416776,0.20209640941713092,0.07836966782492223,0.2429569954694035,0.05053297903170098,0.011563044557592054
2016-08-17,0.07937709213437023,0.04354533635485185,0.07235014851589303,0.019098234734779368,0.03168145866568479,0.16780993412051895,0.20210937798620984,0.0787180777838134,0.24325189293394772,0.050466811071486574,0.011591635698444588
2016-08-18,0.07937550778268497,0.0437673796524699,0.07197763866031566,0.019152099024570428,0.03190523809054863,0.16754899905065102,0.20201278690607943,0.07866437517829704,0.24329199314090977,0.05059184006008188,0.011712142453391642
2016-08-19,0.0795317622387492,0.04391775290521523,0.07170041781456322,0.01907513878802383,0.031837039325851205,0.1679666188469483,0.2020205638661965,0.07852140331269476,0.24339824005497837,0.05031741582925188,0.011713647017527879
2016-08-22,0.07938219528517874,0.04393700569622543,0.07193533419314163,0.019059567683138448,0.03135603324843968,0.1676781498049187,0.2021005599878043,0.0790384250089234,0.24377832112110062,0.05015051574998249,0.011583892221146886
2016-08-23,0.07946429585876039,0.044200417793237565,0.07202195135573553,0.01912182765251335,0.031198737441584943,0.16753394482178596,0.20188502077126882,0.07904585226554753,0.24381536650387287,0.05009366260849125,0.011618922927202152
2016-08-24,0.07923427010560756,0.043938465597217626,0.071833201457435,0.019119103258642273,0.031352982085480076,0.16786833877980034,0.2022633495681974,0.07903555254661448,0.24420181271075747,0.04964743822292857,0.011505485667319572
2016-08-25,0.07923330331575584,0.044053949106959575,0.07214410141803101,0.019054165331388855,0.03139961222762551,0.16792272741795428,0.2020751458357917,0.0787889966470369,0.24413044921631458,0.049637788299739936,0.011559761183402148
2016-08-26,0.07936728312047128,0.044122070783742286,0.07172685433613835,0.01900841885106596,0.031240100435721813,0.16836544157023417,0.20201932777941212,0.07861093061345772,0.24423278913368376,0.049744505225464766,0.011562278150608113
2016-08-29,0.07936046313509688,0.044130254629510715,0.07204121399111475,0.018971907170829673,0.03132100573530425,0.16762406753219572,0.2018410860771303,0.07926457805377414,0.2443927681706679,0.049594485022044055,0.011458170482331878
2016-08-30,0.07934895817591041,0.04427906109159352,0.07202757628939588,0.018974589170854577,0.03128360410304612,0.16789687444636367,0.20212773508369203,0.07907850746036019,0.24444618908526086,0.049169914546674263,0.011366990546848844
2016-08-31,0.07922447827989297,0.04408526436507878,0.07225976079438458,0.018959862200206963,0.03097594900568229,0.16809183762645297,0.20215112145301098,0.07929301770019831,0.24466005903257446,0.04913435573651606,0.011164293806002002
2016-09-01,0.0791615034050946,0.04741135598860828,0.08418739113899228,0.026822629610990297,0.0333445218208155,0.142681636924682,0.20229863136366188,0.07931383488386883,0.2444539269523919,0.049293692325313096,0.011030875585581579
2016-09-02,0.0791615034050946,0.04776082914845882,0.08545800917596555,0.027635604646134012,0.0335708656273557,0.14002222688617427,0.20229863136366188,0.07931383488386883,0.2444539269523919,0.049293692325313096,0.011030875585581579
2016-09-06,0.07899198470791736,0.047560255291835336,0.0856216439675182,0.027678272559765595,0.03411211207056731,0.1393992035177026,0.20219498198951974,0.07948007664413319,0.24404228401271066,0.04986887862954752,0.01105030660878266
2016-09-07,0.07895815882857604,0.04784226701899528,0.08608425861392155,0.027682920949392845,0.03399364888307952,0.13935274206623388,0.20223586609823105,0.07939668423663034,0.24362588739274482,0.04968183561433451,0.011145730297860238
2016-09-08,0.07919702115950211,0.048000924018126924,0.08555472587088171,0.027751164144431885,0.034084787034716416,0.13999528421220953,0.2023141208961043,0.07881806982647231,0.24319822770963384,0.049681378043466735,0.011404297084454295
2016-09-09,0.07832938864691856,0.04711974159779759,0.0832422355139886,0.02757371391325622,0.033374344201332944,0.14180682912211148,0.20403025922466222,0.07855044201819814,0.2445851151658562,0.050010600543847664,0.011377330052030432
2016-09-12,0.07917794920523569,0.04761098627653769,0.08396142804056016,0.02770353221197216,0.03348521817579088,0.1413654610254082,0.2035065756605235,0.07831873996492449,0.24375776451288503,0.04977443091890035,0.011337914007261965
2016-09-13,0.07870619455760208,0.047095824424025344,0.08261467666006503,0.027376683192297503,0.03292142501975906,0.1425224032708295,0.20448713593577433,0.0780904722717929,0.24503233593274154,0.04986640803778812,0.011286440697324727
2016-09-14,0.0785823128475954,0.04704714793159066,0.08276671980938177,0.027306021005551212,0.03298233326998471,0.14243527402613035,0.20470320164994962,0.07811319564271403,0.24489972421205744,0.04997691876485655,0.01118715084018833
2016-09-15,0.07918892066002542,0.04750173202244745,0.08295624614038566,0.027480475428234216,0.033472639053922185,0.14223168977920678,0.204297618957568,0.07760063802230716,0.24450930832809678,0.049544315722507754,0.011216415885298571
2016-09-16,0.0788895876327531,0.047435733757820384,0.08287981838677774,0.027128911807577604,0.0332478454242022,0.14217697605814852,0.20453603868077863,0.07823431818332008,0.24481179547739831,0.04942604107369041,0.011232933517533033
2016-09-19,0.07883385334799507,0.047708352630715795,0.08358810651224689,0.027246102906041365,0.03348197959908294,0.14201648368253875,0.2040037246535842,0.07790915527609932,0.24451259284009583,0.0494845265330898,0.011215122018509993
2016-09-20,0.07877383264554996,0.04746772753835605,0.08338506426960626,0.027388963273661217,0.033473105338778564,0.14186833419171463,0.2041513409639195,0.07811861118556991,0.24463624760377636,0.04949188490658927,0.011244888082478316
2016-09-21,0.07910185954224234,0.04781833541788346,0.08375335391224076,0.027674312635738073,0.034168518687631474,0.1409080304535656,0.20305026865022788,0.07819891009157846,0.24415918959162533,0.049862272340383484,0.011304948676883187
2016-09-22,0.07914905179629844,0.04823021894509238,0.08489429785132178,0.027796502726125345,0.034217170688786554,0.1400762344188123,0.20249803206335307,0.07837365332188566,0.2437661727256676,0.0496964645277374,0.011302200934919425
2016-09-23,0.07882653924970011,0.04795636847879023,0.08523061906627431,0.027602864336646344,0.03382504266309197,0.14035659836164496,0.20287487265062432,0.0784098471440415,0.24393176113646323,0.04979785924799916,0.011187627664723823
2016-09-26,0.07820260604192553,0.04748918855855399,0.08534597139314358,0.02735183314361879,0.033336940446007365,0.14046560512188386,0.20349478325814163,0.07892330475516443,0.24435500401175653,0.049768226842986533,0.011266536426817813
2016-09-27,0.07855565516329287,0.047601622157122894,0.0845381416503876,0.027436027542503814,0.03375652991174633,0.1402456704962986,0.203497095516057,0.07936841956519099,0.24453839821248669,0.04932220375372013,0.011140236031193176
2016-09-28,0.07881100022891249,0.04788534738674462,0.08486026258282994,0.027584267417718016,0.03400363106343331,0.1399901701406545,0.20305963744912342,0.07906175598094749,0.2442798600081802,0.049082585033067075,0.01138148270838911
2016-09-29,0.0783306843595879,0.04732694840694623,0.08419871012238243,0.027321854217933882,0.03351182629900794,0.14045681868314852,0.20379191375793088,0.07949787717720845,0.24490854269271195,0.04917033612355493,0.011484488159587069
2016-09-30,0.07898788607936716,0.04788705432507425,0.0838636360916434,0.027559132444153308,0.03368380259888095,0.14045883614174742,0.20345340084952213,0.07885339809994928,0.2446766631745585,0.049043667484235165,0.011532522710868676
2016-10-03,0.08078714778586374,0.04830551865932492,0.08260717608842555,0.055648626276089505,0.03458205683662635,0.12491938626360899,0.20362537564844474,0.0788431771998871,0.21550086851068406,0.06351126432234358,0.011669402408701509
2016-10-04,0.0809768350915737,0.04842727533761851,0.08202715915645582,0.05605559159067516,0.034452825444903364,0.125750617469155,0.20421070414686743,0.0785042610935795,0.2161035227331971,0.06176553383409051,0.011725674101883988
2016-10-05,0.08144662654766524,0.048784881686338724,0.08055023289599421,0.056360890288454875,0.0349996297596023,0.12584876846228837,0.20402976682345034,0.07824554038149284,0.21616891816034312,0.061753020447839015,0.011811724546531002
2016-10-06,0.0816278471197728,0.04880820279255696,0.08081038265339388,0.05614190915035068,0.035080921979470055,0.126041113059222,0.20391710001294625,0.07792841018198424,0.21651708390024152,0.06127388788047592,0.011853141269585716
2016-10-07,0.08137331721749218,0.048433079098979474,0.08071962773778821,0.0558733058219034,0.0349343036412406,0.12612504831302743,0.20427616952824618,0.07800517041158567,0.21710029525048127,0.06133400164910836,0.011825681330147244
2016-10-10,0.08168990763143111,0.048948461450514055,0.0810876946055352,0.055961988320004506,0.03526802983416402,0.1259003413850274,0.20347364707627735,0.07744335742652152,0.21681568370018514,0.06146844782929424,0.011942440741045588
2016-10-11,0.08111594688581994,0.048327267842276825,0.0807324073647332,0.05548448325904164,0.03464897334967038,0.12659991926789435,0.20457277031240886,0.07770735439076623,0.21736760748254733,0.06150347277659209,0.011939797068249281
2016-10-12,0.08111356125279327,0.04822297940886727,0.081713629807761,0.055285791022275856,0.034537481544250424,0.12643032618083233,0.20429872489558126,0.07767921464058818,0.21736174151693408,0.06151869891269629,0.011837850817420207
2016-10-13,0.08078346799092104,0.04778542861290258,0.08210295936197679,0.05503145012182003,0.03420341591917136,0.12637429309821235,0.20456157746598141,0.07790921156471452,0.21772313465849286,0.061618564888418825,0.011906496317388385
2016-10-14,0.08109911924828776,0.04775308904726904,0.0821055207036801,0.055313869390979244,0.03437526360236465,0.1267727079449136,0.204623601940462,0.07707791116586754,0.21744194914403242,0.06148228455987268,0.011954683252271071
2016-10-17,0.0806959603263086,0.047625830437991554,0.08208789968940723,0.05506786147096149,0.03428633027496064,0.12668644541366844,0.20476073955417487,0.07745326145498116,0.2178289362968968,0.06155438970947437,0.011952345371175009
2016-10-18,0.0808669827356269,0.047701807284408794,0.08230876854865268,0.055384776764259326,0.03474762000230387,0.12620941495227486,0.20432385423729554,0.07738482589590308,0.21746545665261746,0.061679988035442945,0.011926504891214754
2016-10-19,0.0809206096965719,0.047807154198711524,0.08249152642283467,0.05542637794491117,0.03489091987339498,0.12595716489405356,0.2040076173220854,0.07729410125291714,0.21731468883111665,0.06190942711761221,0.011980412445791061
2016-10-20,0.0808630026895906,0.047720637513820205,0.08227090272482997,0.055576273454492967,0.034829419413530474,0.1260435299629929,0.20405917779487737,0.07746500347804693,0.21749505075256712,0.06179169685010162,0.011885305365150112
2016-10-21,0.08087167455564849,0.04767982754573559,0.08213596143000701,0.0554324159055977,0.034807617958265806,0.1260278173692158,0.20420698747572633,0.0775534587310339,0.21754103891257143,0.06181549070202673,0.011927709414171506
2016-10-24,0.08124838093314071,0.04800243241092963,0.08239036983376094,0.05544526286460666,0.03496984431517575,0.1260341498973758,0.2040126774425202,0.07724720651875681,0.21700711132848036,0.061702256666781384,0.01194030778847206
2016-10-25,0.0810062643368186,0.04766162958658062,0.0822629096168913,0.05542774134051344,0.035019905162563425,0.1260810114926884,0.20405163245021082,0.07747970324750972,0.21692785482837304,0.06219110710936488,0.011890240828485955
2016-10-26,0.08121371004207016,0.04740469923585344,0.0816759799788778,0.05543247850434976,0.03480794417328543,0.12661343559426028,0.2045407960958169,0.07730800123830679,0.2170104471409516,0.06212605952798264,0.011866448468245328
2016-10-27,0.08142977610399323,0.04711258747506005,0.08022816444351401,0.05566117297577295,0.03469445861547371,0.12731973513781225,0.20492511068640923,0.07687423772952783,0.21718248534052392,0.06257166169548176,0.01200060979643118
2016-10-28,0.08123301136668178,0.0470066338513455,0.08043128690823269,0.055671998420888824,0.03457278821941501,0.12738857227685305,0.20507319787295103,0.07674518555247103,0.21704852515799286,0.06290038597332226,0.01192841439984612
2016-10-31,0.08102905909643239,0.047073109785630673,0.0814153625240651,0.05555843124043624,0.034680455287149185,0.1271525435188933,0.20471608173133793,0.0770183438528049,0.21669039319882472,0.06292527861353944,0.011740941150886235
2016-11-01,0.08070626257211926,0.04664987920199832,0.07794068408242913,0.031335178965476496,0.034513345798238095,0.15431980940347395,0.207294238009323,0.07727720243252655,0.21458773639198842,0.06354102875429211,0.011834634388134653
2016-11-02,0.08070626257211926,0.04664987920199832,0.07703021818587504,0.02,0.034513345798238095,0.16686699208762867,0.20818483221261053,0.07727720243252655,0.21339560436657673,0.06354102875429211,0.011834634388134653
2016-11-03,0.08049702106775906,0.04651636788953993,0.07673523099087336,0.02001884393188671,0.03448714464329532,0.16721934744964573,0.20846743121830716,0.07683690990845224,0.2133958313866209,0.06400757028751608,0.011818301226103436
2016-11-04,0.08024236667719672,0.04671905508177077,0.0769828304858685,0.019785162724777476,0.034065164494907214,0.16693310675222742,0.20867915017276434,0.07736540200632994,0.21359184455438038,0.06392169919470056,0.011714217855076725
2016-11-07,0.08177942908634113,0.047725516615386154,0.07802031953483947,0.020001016855501298,0.03519747560606089,0.16640040583698437,0.20722053622789285,0.07648988161432489,0.21284439001016728,0.06259239093971104,0.011728637672790776
2016-11-08,0.08220701747816496,0.0478848144004066,0.07855445586658694,0.020071287202747843,0.03544993178043234,0.16634405858863124,0.20663514480365383,0.07623447911227806,0.21252159333124265,0.06237602332428475,0.01172119411157097
2016-11-09,0.08391246082537701,0.049854677546009286,0.07787460294956138,0.020290448012237935,0.03464961712721615,0.16779654416996,0.20553151571916034,0.07373267788540473,0.2115014428343102,0.06296090332652102,0.011895109604242136
2016-11-10,0.08454979307007485,0.05090956727517232,0.07684647273726988,0.020336902747622614,0.0338268909719514,0.16858980460309983,0.20533287740687298,0.07301284705394298,0.21239743044078077,0.06233871042389779,0.011858703269314739
2016-11-11,0.08458598854835933,0.05222171836678255,0.07746939135887963,0.020268265596980712,0.03327429049697821,0.1690516333480033,0.20547338108804092,0.07280124729687057,0.21206336951697277,0.061126179276304565,0.011664535105827559
2016-11-14,0.08480167874242821,0.05304904042566169,0.07891953503321107,0.020193671464942442,0.03309176251557334,0.16908984521125547,0.20464428320619477,0.07249335570895758,0.21133979683132195,0.06071625707044748,0.011660773790006136
2016-11-15,0.08519513438948417,0.05304633040372739,0.07838672099633019,0.02021898867384757,0.033651509090734194,0.16861891287590272,0.20400198887841806,0.07262326017433965,0.21132211944271093,0.06105218537877879,0.01188284969572651
2016-11-16,0.08503689508467795,0.053043345571709366,0.07821940270108303,0.020006538007479188,0.03337330260031202,0.16860255461062398,0.2041978253572596,0.07328008272337262,0.21163144359680747,0.06087101700424505,0.011737592742429932
2016-11-17,0.08575939251929057,0.053532670913786745,0.0778342068093465,0.0202263988017993,0.03353296521338397,0.16914541074327175,0.20397621183979764,0.072442859918356,0.21098836065668664,0.06076041298937212,0.011801109594909046
2016-11-18,0.08581522327805187,0.053971952706623014,0.07829332331205832,0.020063612071607666,0.033475201958813754,0.16953485132093615,0.2036608015357774,0.07244278394056473,0.2104080836962868,0.060401281790142834,0.011932884389137716
2016-11-21,0.08624597851546792,0.054087029979570815,0.07810717517677362,0.020184123081784185,0.033719294595306586,0.16908881818721683,0.20332204608718205,0.07244012110774334,0.21009536837108572,0.06047448280817371,0.01223556208969557
2016-11-22,0.08613966008004262,0.05440667151117465,0.07919008614661266,0.020169640259497933,0.03412207688444925,0.1685112847830014,0.20286719915195378,0.07218593286997257,0.20996564271106885,0.0602613251140712,0.01218048048815537
2016-11-23,0.08648996624799181,0.05493946812086162,0.07903418591511076,0.020169408534749064,0.033875267228450086,0.16900456423940158,0.20285060656142953,0.0721589667223822,0.2099305887425837,0.05927491308258375,0.012272064604456233
2016-11-25,0.08675595629533993,0.055085214212940825,0.07938643035330595,0.0202170654717387,0.034017719294711805,0.1688767887781213,0.20254824314751768,0.07222054451410165,0.2098146755453791,0.058902348633705776,0.012175013753137573
2016-11-28,0.08614594831696053,0.054242672135287794,0.07947493668826557,0.020063059609539597,0.03407265390027793,0.16858007677204015,0.20299321671756035,0.07258175829766805,0.21027371542016032,0.05938506652046201,0.012186895621778054
2016-11-29,0.08620416607726596,0.05414500902180854,0.08002842645484264,0.020165231762269968,0.034077388703434915,0.16838556886090844,0.20294566438728873,0.07279318247475587,0.21029312233412473,0.05903330435529223,0.011928935568008359
2016-11-30,0.08645171567129936,0.05416358306930369,0.07944295704074597,0.020250381084861536,0.03431543480742219,0.16921515494482378,0.20265100631599703,0.07199228878969276,0.2106110727314283,0.058548836379696205,0.012357569164729519
2016-12-01,0.08656634925497574,0.054170768727909456,0.07858305857433599,0.020199704642780265,0.034079672773172275,0.1745298098396471,0.2028920776304769,0.057711864968426015,0.2104817813890015,0.05915220886375259,0.021632703335522346
2016-12-02,0.086388215248738,0.05402523589634163,0.07890270194116314,0.020104390609227193,0.034022775351947046,0.17905379455183326,0.20296588784636752,0.043110548517392,0.2105692781511778,0.059651310061868065,0.03120586182394442
2016-12-05,0.08660405919848606,0.05439827693715852,0.07884471306155222,0.020088936095605317,0.03412666423737849,0.18390016905819798,0.20269324188071672,0.028235230018685713,0.21046993803629577,0.05989078634848982,0.04074798512743344
2016-12-06,0.08656634925497574,0.054170768727909456,0.07858305857433599,0.02,0.034079672773172275,0.18688510882353582,0.2028920776304769,0.02,0.2104817813890015,0.06029364515761901,0.04604753766897328
2016-12-07,0.08719983231988253,0.05438687904442695,0.07965696726456616,0.020182834845715866,0.034456923787168844,0.18588800599424318,0.2024092456923409,0.020056142778451472,0.2101636671821422,0.060165872377064764,0.04543362871399712
2016-12-08,0.08744225430474863,0.05526155882491612,0.08008693735889594,0.020172255194844977,0.03462065701129927,0.18592743885294863,0.20170867258168704,0.019826151033419066,0.2093715783685855,0.06004582751262631,0.04553666895602854
2016-12-09,0.08814919406918266,0.05548215752411109,0.08018744668680994,0.02029966938982118,0.03450972580068431,0.18628318028234497,0.20108035830019488,0.019619314959273777,0.208987676257122,0.05953687782473884,0.04586439890571639
2016-12-12,0.0880635329339755,0.05490616785494283,0.0806994700899323,0.020213348456543507,0.03428678513095977,0.18624985371724478,0.20115425467155026,0.019659513126476243,0.2088266334727963,0.05977390782570609,0.0461665327198724
2016-12-13,0.08849723644265241,0.054814770828328634,0.08055925728822064,0.02039568181425623,0.03460825778476546,0.1859042381253626,0.20091992398600034,0.019695375762051968,0.2089306914784999,0.05947082929320048,0.04620373719666144
2016-12-14,0.08857449571680837,0.05462805380884207,0.07979586209585518,0.02028033135220933,0.033888475828958285,0.18725968411539562,0.2010836459797113,0.01965454936823305,0.20951246178515856,0.05913784721879543,0.04618459273003291
2016-12-15,0.08903583433073069,0.055096116925121334,0.07928629134864261,0.02025703943502235,0.03398305333944529,0.18737424822557042,0.20073977964996584,0.019775284525464627,0.20988529926958793,0.05839157941993335,0.04617547353051569
2016-12-16,0.08874032057186838,0.054919860242080905,0.08023317998314337,0.020243306923719208,0.03378287228990238,0.1872072179768045,0.20071743622705238,0.01970286727990039,0.20943565841577455,0.05869754750467171,0.04631973258508241
2016-12-19,0.0886277279980977,0.05508940736828696,0.08084221866464689,0.020142461810902974,0.03343682659637325,0.18665201118100047,0.20095363183596254,0.01984631540905306,0.2097265314496666,0.058788043914711194,0.04589482377129856
2016-12-20,0.08894428230500175,0.05554071850326312,0.08096491001339838,0.020206114987659864,0.03354220725366698,0.1866209730506223,0.20047192716907755,0.01974179587892378,0.20954044947549172,0.05833832553942121,0.046088295823473444
2016-12-21,0.08876789716621482,0.0552226309433703,0.08003289067214449,0.020227988158785473,0.03342973220624839,0.18685917962924722,0.20096093090494224,0.019844833399229066,0.21037683759933978,0.05841760024333067,0.04585947907714765
2016-12-22,0.08874625039673145,0.054827802387619404,0.08000373455418842,0.020212376537739846,0.03308142739006716,0.18718244636454404,0.20117190849285846,0.019838719672181433,0.21070346611389784,0.05836337872409613,0.04586848936607589
2016-12-23,0.08872413738911189,0.05502521169259354,0.08007806615420154,0.0202304061287082,0.03321863217610519,0.18686218900026105,0.20102106715366988,0.019845124067778594,0.21066894443897521,0.05844764384231082,0.04587857795628419
2016-12-27,0.08886343209735352,0.05522171678693625,0.08010024559208777,0.020187491758549177,0.03333366919134737,0.18660385412128985,0.2005486147970825,0.01976326563333187,0.21009753356453384,0.05873538512788361,0.046544791329604415
2016-12-28,0.0881013169671873,0.05463878357640499,0.07960043803896107,0.02010407838322019,0.033574831038933085,0.18661156717545513,0.2012194523761958,0.01990144929879644,0.21080924980326493,0.058879182923108446,0.046559650418472785
2016-12-29,0.08773473441230743,0.05447184092448356,0.08007482365469143,0.020073736265801587,0.03399208096777317,0.1860748573833954,0.20104241244807894,0.019893296295786542,0.21078957743451035,0.059417652404364286,0.046434987808807365
2016-12-30,0.08734471285487184,0.05421955794780308,0.08076711506475194,0.020127543322047005,0.033724297735039085,0.18599332371421387,0.20147878581565898,0.019907595551341556,0.21094640621843747,0.059004465884742424,0.0464861958910928
2017-01-03,0.09159821295665459,0.054395744595268476,0.0809538275878901,0.04319143736052651,0.03407049876025298,0.14811692693316056,0.2010382150247591,0.03215185303522058,0.20821113672018815,0.05936569763137166,0.04690644939470731
2017-01-04,0.09544984452887031,0.054702720027715875,0.08129524995914754,0.06674644105951705,0.03411388631089862,0.10964237812292962,0.20066606100568496,0.04456576264538008,0.2054492233691779,0.059324122601828864,0.04804431036884929
2017-01-05,0.09899343230117737,0.054395744595268476,0.0809538275878901,0.08866717772119329,0.03407049876025298,0.07407393959705044,0.2010382150247591,0.0562886910701238,0.20315512566136595,0.05936569763137166,0.048997650049546926
2017-01-06,0.09969834447357186,0.0543873739972113,0.08106387558913869,0.08867985160829055,0.03404867383019028,0.07427384094044294,0.2008306548732092,0.05596875248659673,0.2028039791812019,0.05913606289140249,0.049108590128744176
2017-01-09,0.09936658066910854,0.05402919496444748,0.08052411055951357,0.08854231168709646,0.034019339939567156,0.074333455412169,0.2015896690173731,0.05641643735875321,0.20319484027301976,0.05962130864413214,0.048362751474819624
2017-01-10,0.09939306377700025,0.05456077325318662,0.07979068703440134,0.08858093045178159,0.03422740289786977,0.07432685253578299,0.20154781729696966,0.05639441377801855,0.2031283582168831,0.059891266994751835,0.04815843376335432
2017-01-11,0.09943665310579879,0.05452686455900535,0.07926027755885934,0.08883458884110568,0.034552412206914164,0.07418502395687934,0.20129679512558896,0.05644960777573444,0.20295426020396656,0.05993349238496785,0.048570024281179444
2017-01-12,0.099097393494536,0.054057986036991676,0.07954935431118895,0.08888902245994013,0.03467229239147079,0.07414426997031688,0.20122913374324014,0.05627391678420042,0.20275356140109743,0.060095609798455234,0.04923745960856226
2017-01-13,0.09934973419877366,0.054463219203357734,0.07948678689531942,0.0892407323758178,0.034652627896802464,0.07412772670333,0.20084117234546497,0.056020158679555655,0.20239190432535104,0.06026896058595943,0.04915697679026771
2017-01-17,0.09875690782205448,0.053592031109366466,0.07982665365601418,0.08869323630498474,0.03454880413521519,0.07399847085910889,0.20135620966562118,0.056467827026262706,0.20276981407313283,0.06098447712057717,0.04900556822766197
2017-01-18,0.09941447678726545,0.054006127326272274,0.0803152688290263,0.08883182631404365,0.034512834960286405,0.0742565808596561,0.2008178699765117,0.05599202210981371,0.2023268635057653,0.0607369979426406,0.04878913138871831
2017-01-19,0.09944851640137227,0.05378316905593649,0.07980138643208706,0.08896666590383895,0.034548476902331135,0.07453172387036337,0.2008666911784723,0.055833850412279645,0.20245719900468256,0.06093062241666056,0.04883169842197548
2017-01-20,0.09953219433826886,0.053908058063225746,0.08008295015734915,0.08922638609432133,0.03451731318619917,0.07436539874098755,0.2003953839397273,0.05556509096014872,0.2022478226233636,0.060906889715393105,0.04925251218101522
2017-01-23,0.09889104796434066,0.053476854760395806,0.08038253639834844,0.08910740428465334,0.034894261101746725,0.07414929754890559,0.20067142107950084,0.05590498257924933,0.20239660282242392,0.061062675058865964,0.04906291640156923
2017-01-24,0.09951121046827,0.0542881138113476,0.08055673373512576,0.08931940739047142,0.035106501351709715,0.07409508780431186,0.19988171329278037,0.0555141876647296,0.20176737961673094,0.06077995846353383,0.04917970640098887
2017-01-25,0.10047626956518416,0.05485597047362031,0.08020688918533068,0.09034044651850394,0.035530214094406924,0.07415411449053601,0.19909710284572482,0.054874093482658294,0.20120245241343981,0.06034134014203539,0.04892110678855959
2017-01-26,0.10042746475082702,0.05466669321459004,0.08016928651708527,0.09003136172235994,0.035398846692538205,0.07420444637164428,0.19947567113333733,0.05508970236645636,0.2015559468820017,0.059815339089357177,0.04916524125980267
2017-01-27,0.10034796371740223,0.05452114414614877,0.07947798744920384,0.08995154562960511,0.035454826177533025,0.07429743923962429,0.19987928452602063,0.05533152120742382,0.2019540041807951,0.05998352204076835,0.04880076168547484
2017-01-30,0.10006161258809493,0.05394162652679686,0.07919663286050285,0.08960743374709804,0.035384389252124865,0.07454774280149035,0.20049519585841355,0.05535086298284885,0.20228898154726993,0.060440154734020625,0.0486853671013392
2017-01-31,0.09967753415460219,0.05411546198447419,0.07951888400810986,0.0894062712796638,0.03531787498107515,0.07428570399523446,0.2004300417849488,0.0555269933793174,0.2018915193283982,0.061048208578346114,0.04878150652582993
2017-02-01,0.10090404991736156,0.054149107264306925,0.07867499433426754,0.08993598960180495,0.0357797427540997,0.1114809685204464,0.16834241426598184,0.049004362385650806,0.2014232900374751,0.06093718285124085,0.049367898067364385
2017-02-02,0.10190569916727944,0.05397958934913705,0.07927187293340662,0.08992792292187085,0.036258540214096996,0.14853260702252705,0.13623399300543348,0.04268180004428489,0.20076562807450493,0.06113170760658575,0.04931063966087303
2017-02-03,0.10327024205142847,0.054505290755213036,0.07932307397796057,0.09007142802128572,0.03671688975730973,0.1851554053091244,0.10425067557581372,0.03637762975128025,0.2000780730550453,0.061055496738173946,0.04919579500736499
2017-02-06,0.10409423443647152,0.054099471286856,0.07889036839411045,0.08969809767589565,0.036996854237170244,0.2222779202619364,0.07291346819075617,0.030358268982748935,0.20010991755973512,0.06150856620868771,0.04905283276563182
2017-02-07,0.1051665066257242,0.054040805485111545,0.07872630972123809,0.08998641537290797,0.03731175732031347,0.25929344461646203,0.041194182787667094,0.02422988032950653,0.1997658485328273,0.06112321315912654,0.0491616360491152
2017-02-08,0.10585408319945809,0.054149107264306925,0.07867499433426754,0.0902187907070058,0.03763734214722467,0.283893259057718,0.02,0.02,0.1992673423714137,0.06093718285124085,0.049367898067364385
2017-02-09,0.10641947931336694,0.05487892221257293,0.07887163461959533,0.09054301036561012,0.037784829716321945,0.2834916268922118,0.01986936440081283,0.019757684578926907,0.19835715471705087,0.06043760200091063,0.0495886911826195
2017-02-10,0.10656381089806455,0.05515317939311991,0.07927384664740693,0.09052015699915944,0.03803566859177046,0.282726856254024,0.01980493366474564,0.01969529735945369,0.19779497733803122,0.060441014962761046,0.049990257891462796
2017-02-13,0.10711678484963712,0.055283182288601136,0.07951626414273512,0.09085848481455741,0.0381454706536754,0.28258872967159776,0.01976983479356803,0.019628371672657186,0.19766099845759436,0.06001471980693505,0.04941715884844109
2017-02-14,0.10761835482623218,0.05550501971195627,0.07912632200370498,0.09078514312700936,0.03821140479774128,0.2825813228666133,0.01971181669926893,0.019499852619781714,0.1973248231819269,0.060122636310073696,0.049513303855691054
2017-02-15,0.10802584542503223,0.05575737638172884,0.07894286045464217,0.0910014850723611,0.038465091745768586,0.2820779997226921,0.01964609439818327,0.019382424277288857,0.19689205775822372,0.060303864242283706,0.04950490052179514
2017-02-16,0.10781717711607564,0.05554147538560398,0.07923023598545424,0.09111337447997421,0.03828447003194732,0.2819065425597694,0.019703736057177682,0.019467260794858724,0.19723338620255979,0.060561782719251465,0.049140558667327215
2017-02-17,0.10793967976662568,0.05548117993058971,0.07932632499131397,0.09083312351290905,0.038108817770092465,0.28198281969711203,0.019747642461224894,0.01957421183161971,0.19765033279910807,0.06033010700633873,0.049025760233065395
2017-02-21,0.10827508238143843,0.055757597617731,0.08009578303931798,0.09087539505518849,0.03841667545345579,0.28121779702965705,0.0196823750903759,0.019484729431228788,0.19717446753957532,0.06019509170127072,0.048825005660760146
2017-02-22,0.10821240575685413,0.055528205020843775,0.07991969771180531,0.09090351666163414,0.03854738047991213,0.28137137884874114,0.019720299718898774,0.019523211155994775,0.19738617105307357,0.06029553828155657,0.048592195310685336
2017-02-23,0.10810006706863381,0.055103391126099625,0.08012361199452041,0.09094204700596742,0.03849118947004692,0.2810219110627575,0.019738839566562798,0.019548064795763282,0.19754930665686365,0.06071798865114275,0.04866358260164156
2017-02-24,0.10811552515413894,0.05500175929699321,0.08043412658044419,0.09018271114341088,0.03799372352314019,0.2808386942803266,0.019808141553872987,0.019742915304205973,0.19832899425542627,0.06103725294632506,0.04851615596171541
2017-02-27,0.10831051065886789,0.05555064608280166,0.0808742085404606,0.09026412746131408,0.03788433927779939,0.28067383104921456,0.0197419259217087,0.019631125307628044,0.19790901448984968,0.06075609442633737,0.04840417678401775
2017-02-28,0.10819819585958018,0.05478473442551807,0.08068790559056077,0.0902799207094094,0.03758146246451769,0.28100860504696595,0.01976547765320283,0.01973679907876164,0.19837272268322348,0.060913555517727716,0.048670620970532034
2017-03-01,0.11173787590574123,0.05567169340687334,0.08027177201779316,0.09103509125163994,0.048410249434504976,0.26763636437146676,0.019587420617989782,0.019366189894441166,0.1967947116730129,0.06070172873512371,0.04878690269141313
2017-03-02,0.11163287270939434,0.055329830279442126,0.08037232517154448,0.09092545481674769,0.04781339497097526,0.2687924238674068,0.01963664153774519,0.019400526329663145,0.1975528106674041,0.060270377233307186,0.04827334241636978
2017-03-03,0.11155889136780145,0.05521854986867188,0.08007748887234246,0.091347752825617,0.04811702725549681,0.2685090004203622,0.019630052994217415,0.019425928715421984,0.1974994021288182,0.06015670928902979,0.04845919626222104
2017-03-06,0.11147131123017219,0.05496082066496709,0.07988075280313349,0.09126318689029526,0.04824810715074009,0.2691633586013573,0.01966946595313777,0.01937567528600859,0.19758002365054764,0.05988370516396557,0.04850359260567519
2017-03-07,0.11149060843974946,0.05477466087238803,0.07979022978864829,0.09123590308349802,0.04845170053397524,0.2699204166560821,0.0197034972022687,0.01937817461538558,0.197226121533623,0.0595897029025384,0.048438984371843366
2017-03-08,0.1118477376065105,0.05469013157971459,0.07896531266063221,0.09136511018131076,0.04823898103754101,0.27106349456238843,0.01973698665493284,0.01937114464413517,0.197614448195739,0.05951932518424949,0.047587327692846196
2017-03-09,0.11234226395039387,0.054644371163070346,0.07820496299980317,0.09200237550262869,0.04800775618255613,0.2718848645659964,0.019743959869454385,0.01927706366674491,0.19716340014654415,0.05940060484240917,0.04732837711039889
2017-03-10,0.11248754840536727,0.05476566147119487,0.07783943096196265,0.09257300916536614,0.04843719448753574,0.27144684810652525,0.019742231099676502,0.019302086010549883,0.1972220133902255,0.05939917330764078,0.046784803593955614
2017-03-13,0.11249338054712728,0.05486970826738831,0.07792617984013152,0.09301610607518672,0.04909035775975903,0.27119520953651755,0.019683949335139114,0.019171582290612506,0.19646999416216282,0.059382633708553886,0.046700898477421454
2017-03-14,0.11228908935735306,0.05471821698100121,0.07801214845553965,0.09249004264449857,0.04890864639671408,0.2717102958007425,0.019744596309584885,0.01930260834975203,0.19703680769583246,0.059180960698261724,0.046606587310720045
2017-03-15,0.11214011388864865,0.055015637064055586,0.07866222416833935,0.0928831048253951,0.049688408055373605,0.26953281085772485,0.019720566582664988,0.01934506449136874,0.19677307083956155,0.05968904929518714,0.04654994993168063
2017-03-16,0.11191639873780602,0.05508599027403381,0.07852891931356618,0.0933315934902712,0.049990292287680205,0.26933362754760476,0.01966541286302463,0.0192465746991526,0.1964809601646997,0.05993382348700466,0.04648640713515627
2017-03-17,0.11154661085694549,0.05521989343513481,0.07873937499149866,0.09342702811336283,0.04982442966740134,0.2690433732061324,0.01968754490061113,0.019337332664715164,0.19663063349009846,0.05997414256207861,0.04656963611202116
2017-03-20,0.11131015414098626,0.05488095393184891,0.0786285701646225,0.09314193288772556,0.05039731054768431,0.2689141093191103,0.019715778835003635,0.01940057294015067,0.19690748663630966,0.06020694036792547,0.04649619022863268
2017-03-21,0.11022665608224998,0.05354240252225681,0.0786236636732893,0.09300811642411698,0.04995527138185566,0.26990093537668447,0.019842283140313218,0.019623305908417495,0.19799178433950385,0.06089748167984734,0.04638809947146491
2017-03-22,0.11033477623116532,0.05348107878840618,0.07855633374477776,0.09289581397908407,0.050126791151638005,0.26959525828813313,0.019852742891621596,0.01967473672871128,0.19822607051982033,0.060962890763302816,0.04629350691333949
2017-03-23,0.11014627564415023,0.053757851199290545,0.07908995866448477,0.09304637878676088,0.05010722249326517,0.269422172210494,0.019819318418647258,0.019634393150477655,0.19796413657819403,0.06084171977313261,0.046170573081102805
2017-03-24,0.10997603551529068,0.053752459591457726,0.0789693660550266,0.0932251415915361,0.05019222283110662,0.2692012948177445,0.01981433948253652,0.019688332792675022,0.198003689415037,0.06088917309678328,0.046287944810805934
2017-03-27,0.10980983638733408,0.053826237070894505,0.07839291465626723,0.09341980677454297,0.050029243167954436,0.26916615419993045,0.01985353903893669,0.019768313561154,0.19832786167399832,0.06120267487275906,0.04620341859622825
2017-03-28,0.11045057961910015,0.05416803859306101,0.07862542243743391,0.0937352898486337,0.05009604715309211,0.2686536896926851,0.019757623248142675,0.019608341152917663,0.19762428523636685,0.06086453355428495,0.046416149464281825
2017-03-29,0.11030412020548871,0.05422081242921797,0.07879176275192298,0.09352356870953604,0.05007078044099075,0.268205504250692,0.019769116537749303,0.019680832484752993,0.1978143780708565,0.060874998608790414,0.04674412551000234
2017-03-30,0.11072726739764802,0.05466626379440278,0.07907578235547959,0.09325546401320975,0.04983948548474538,0.26831632769180247,0.019725807500096972,0.019534567573898324,0.1974233638822703,0.06047555451478147,0.046960115791664904
2017-03-31,0.11043999112304125,0.05473924416659628,0.0794290580851036,0.0930960145506661,0.049474471135728906,0.2682762863372811,0.01975983106412596,0.019586133204289233,0.1975716660414404,0.06058696647572807,0.0470403378159989
2017-04-03,0.11013660010834839,0.05410722674466007,0.07941962652857974,0.09286764361755175,0.04970056892911862,0.265523614445373,0.019836995165982335,0.019763645472176714,0.19338774406039796,0.060846981026880013,0.05440935390093157
2017-04-04,0.11022109359369563,0.05405059174166292,0.07935915226164751,0.09284982355191733,0.04973210937296072,0.2654638041932219,0.019811481172688012,0.019658989355902413,0.192905224352637,0.06099254088167939,0.05495518952198731
2017-04-05,0.11001583798790865,0.05349747870370782,0.07946778895264954,0.09245991243930692,0.04963674004021694,0.2657594550789427,0.019871038324717562,0.019741058235809232,0.19336595432645878,0.06106046915833779,0.05512426675194422
2017-04-06,0.11017079414159969,0.053919773550958686,0.07990245356886909,0.09234551451846074,0.049479492903815,0.2654505037439684,0.019830139575759888,0.019684212590920135,0.1932755462482107,0.060750776172390046,0.05519079298504795
2017-04-07,0.1101538754056382,0.053942625778066106,0.08006275253485277,0.09236578904283353,0.04943448554677489,0.26533487164214004,0.019787370564047165,0.019621621572081787,0.19296793815057942,0.06094628192346207,0.055382387839524365
2017-04-10,0.11005656380969943,0.053982148604373593,0.08050003192426948,0.09212485837808489,0.04916082899736296,0.2650682936229585,0.019793676086988447,0.019683520630293022,0.1930426842432282,0.06085621691216524,0.055731176790576514
2017-04-11,0.10954432412744503,0.054222654749019564,0.08066373279682916,0.09223646238818578,0.04887785244628769,0.26439907505090704,0.01981637260001005,0.019801255290197866,0.19326973854109025,0.06152337867835302,0.05564515333167482
2017-04-12,0.1090447044100037,0.05347633916388547,0.0804680608306296,0.09214555272126684,0.04910641818858711,0.2645391338277998,0.019874321996204945,0.019906047040380993,0.1938706735035914,0.06193359963601753,0.055635148681632704
2017-04-13,0.10846159016299184,0.05301477565071267,0.08039977752874634,0.09165670370842156,0.04895051957276748,0.26496988315282716,0.019956993378452918,0.019990560954410697,0.19442095933325593,0.06229985724097975,0.05587837931643383
2017-04-17,0.10913178934616848,0.05349468640332667,0.08119109797878356,0.09197715081090543,0.04933184803299808,0.26423456678216345,0.01987232072441735,0.019876080176649782,0.19353000970042836,0.06195186099215059,0.055408589052008364
2017-04-18,0.10873554516896064,0.053471857999209726,0.08132926793078141,0.09150218896655148,0.048676596836054714,0.26428160291965963,0.01997289504164225,0.020122997795109166,0.19454302165770193,0.06220544053246023,0.05515858515186886
2017-04-19,0.10888430079337456,0.05382994828183296,0.08145955567410651,0.09142413861008074,0.04853285037595495,0.2650054358979937,0.019984809566063497,0.020077559126616438,0.19458058046726073,0.06185144556705212,0.05436937563966379
2017-04-20,0.109505222821026,0.0543840012150767,0.08131292712837396,0.09193054868424615,0.049014350683305466,0.2643337209933256,0.019891834826419402,0.01995151498486258,0.1938336048828508,0.06181853953127614,0.0540237342492372
2017-04-21,0.10926089458141502,0.054313432042466386,0.08106894707257857,0.09207811530342334,0.0490613408709199,0.2647121744138911,0.0199202213405179,0.01997064255503868,0.19401943367242874,0.06205538164380872,0.05353941650351166
2017-04-24,0.11014038501898751,0.05482994417175314,0.08013032605157272,0.09413556202110131,0.04961548944487224,0.2636596701692765,0.019821255838306708,0.019814079771042055,0.19319366866237198,0.06145452442260642,0.05320509442810951
2017-04-25,0.1106948580327426,0.05531960269047797,0.08029838002991328,0.09472831649301876,0.05001223218633817,0.2632049022838743,0.019703694457463436,0.019560264164577314,0.19228003999223645,0.06078484863428453,0.053412861035073256
2017-04-26,0.11062884433916192,0.0556053613664492,0.07976972660101658,0.09446491914890884,0.049827232460304315,0.26330692797197763,0.019756317075537832,0.019668812974624847,0.1927570623049192,0.06108507212162324,0.05312972363547634
2017-04-27,0.11072607722710141,0.05559180257470145,0.07986312651225955,0.0945575195441335,0.04976701858362795,0.26341086617900905,0.019770100388694034,0.01966315636297458,0.1929433532935687,0.06086002647443013,0.052846952859499585
2017-04-28,0.11062770785257406,0.05491733097389201,0.07922369507393866,0.0945760841849098,0.049906155119285554,0.26387640486586006,0.019816126774616766,0.019732139724206232,0.19342054570220021,0.06113111247611734,0.05277269725239918
2017-05-01,0.11087213139722953,0.05521615087055632,0.07968077772440275,0.09493207752100992,0.05017712925354093,0.2886287348890415,0.019767232995317217,0.019562008222173407,0.19276041726396476,0.031496580716165054,0.05690675914659856
2017-05-02,0.11087213139722953,0.05521615087055632,0.07968077772440275,0.09493207752100992,0.05017712925354093,0.2985255954305194,0.019767232995317217,0.019562008222173407,0.19276041726396476,0.02,0.05850647932128575
2017-05-03,0.11104984083421406,0.055029688681540886,0.07894719825303555,0.09500766754492414,0.04998387279967958,0.2991551955924095,0.019782016338181677,0.019630086214297092,0.19320640502623865,0.019776481525742115,0.0584315471897367
2017-05-04,0.11141364308678356,0.05506946427868732,0.07876924716261412,0.09611091153498187,0.0495296488071884,0.29974779559013415,0.019778755181529894,0.01957438154626086,0.19323654560578957,0.019618109767914192,0.05715149743811597
2017-05-05,0.11139996551551984,0.05520023703272403,0.07920582212320071,0.09678467280785895,0.0497377558621929,0.2986416780275201,0.019702489166517984,0.019512920585575445,0.19252017245118166,0.019575582251842163,0.057718704175866095
2017-05-08,0.111644611747221,0.05509979857859224,0.07893887893433425,0.09628866069319378,0.04984289629378255,0.29920574577331077,0.019700609445402792,0.019452605404947382,0.19263290109933706,0.019578245448326342,0.05761504658155172
2017-05-09,0.11161856344121776,0.055113654249674376,0.07856882071834521,0.09611783274185999,0.050510135846785376,0.29926895515883684,0.01969173282661222,0.01946432393670178,0.19279752154203775,0.019474195182882226,0.057374264355046396
2017-05-10,0.11152109683880113,0.05530849796734265,0.0787825142126241,0.09600936428328224,0.05070983262667138,0.2985423567914535,0.0196318302993533,0.019389934056720275,0.19254411111420944,0.01942063749700399,0.058139824312538016
2017-05-11,0.11137086041240708,0.05496140158572067,0.07841411458008268,0.09583992718034579,0.050856681874789866,0.29878585674487834,0.01966040368189121,0.01940344984428594,0.19277598553312672,0.019511214675734165,0.058420103886737525
2017-05-12,0.11099748516498285,0.05457907739330704,0.07807072718567232,0.09620939156049943,0.05098128089239891,0.2986358294893814,0.01972760694693724,0.01951707590185572,0.19342629668554914,0.019533525464868792,0.058321703314547085
2017-05-15,0.11132347985223412,0.054862282350160385,0.07815092075517201,0.09644731111318693,0.05136826223011587,0.29783240155619684,0.019663891163637898,0.01941395110958045,0.19291253103037986,0.019534976026067425,0.058489992813268096
2017-05-16,0.11114579205243201,0.05484469121442966,0.07765639462616224,0.09699896786646124,0.05138257973601867,0.2976295074986526,0.019676416993708413,0.019472841390686276,0.19305647533329998,0.019606660853440698,0.058529672434708066
2017-05-17,0.10942789519051098,0.05348936629534881,0.0782494173878227,0.0961198905903628,0.05062493744220248,0.2986403552763557,0.019880010550716976,0.01980251209180616,0.1946912826311549,0.020009794152216844,0.05906453839150156
2017-05-18,0.10990298127147706,0.0537004159365241,0.07848499829814538,0.09631198548740684,0.04980021868071829,0.29859227723706216,0.019880640216867064,0.019831182569392102,0.1947195284928427,0.019852283646575593,0.058923488162988626
2017-05-19,0.11005670869683493,0.05368454439905022,0.07854710343485555,0.09693784224432332,0.050605212715387225,0.297147911225824,0.019774253898858334,0.01977694995144431,0.19384492392840366,0.019849667734048466,0.05977488177096993
2017-05-22,0.11045482493286128,0.05396911099625676,0.07866276813001732,0.09691416407896955,0.05058081603162751,0.296611031062004,0.01972339529271183,0.019693946208793348,0.1934019856745294,0.019903834874663344,0.06008412271756555
2017-05-23,0.11075962247104924,0.05417598187495836,0.07888560282643854,0.09698167062194504,0.0506575539932019,0.29666757038214253,0.019682480707853594,0.019572120674914272,0.19291017955575515,0.019788460805446415,0.05991875608629484
2017-05-24,0.11083280323358229,0.05412103648156129,0.07928289126720572,0.09687839069263011,0.050769305124045726,0.2963478137403754,0.01969017839991955,0.01964949358236833,0.19289459425468866,0.019833383628622504,0.059700109595000266
2017-05-25,0.11139026763828604,0.05416995102499034,0.07947231949194794,0.09690252194381081,0.05102733338116495,0.2964216304447931,0.019706141093620892,0.019660767161032062,0.1930232158180009,0.019816762295113442,0.05840908970723934
2017-05-26,0.11135100058040183,0.05414630354910315,0.07897171988027393,0.09661049152509936,0.051203903203462436,0.2963434050043041,0.01971616638884369,0.019691391735683312,0.19314015340886886,0.019989657756795388,0.05883580696716377
2017-05-30,0.11137021676267474,0.053777134322059744,0.07874433371233239,0.09660869430886204,0.05098711552771306,0.2967575251856234,0.019786519440727613,0.019809292714098214,0.19379323737242277,0.01994409094008096,0.05842183971340497
2017-05-31,0.1114063965096792,0.05375276824371871,0.07880946422828253,0.0967812878873032,0.05062316294762957,0.296962773646383,0.019807092715777925,0.019870168436736706,0.1941303820386497,0.020035256067455445,0.057821247278383836
2017-06-01,0.11196764852897777,0.054631387463265985,0.07890055643160325,0.09712960883311095,0.05090559591807589,0.2959111580407323,0.01973943718356298,0.019814786733826365,0.19361153163977035,0.0295378327653481,0.04785045646172584
2017-06-02,0.11190065512049213,0.05471046357615999,0.07918784265616678,0.09755430115927494,0.05093221204173901,0.29509124340041587,0.019741220679533295,0.019912514562308938,0.19366422119740592,0.03941601675149727,0.037889308855005716
2017-06-05,0.11202363777152162,0.05456916846086117,0.07900893295209649,0.09718645004120836,0.05094702694966132,0.29553020421323783,0.019746980868439273,0.01982495299620714,0.19359655390072258,0.049138519155069234,0.02842757269097488
2017-06-06,0.11196764852897777,0.054631387463265985,0.07890055643160325,0.09712960883311095,0.05090559591807589,0.29551005254387386,0.01973943718356298,0.019814786733826365,0.19361153163977035,0.05778939472393266,0.02
2017-06-07,0.11223142938319013,0.054710132847912686,0.07926891851157182,0.0972077794310467,0.050870268371689405,0.2955543389730091,0.01971273292061375,0.019730024005370887,0.19346816448611193,0.057513264898218876,0.019732946171264778
2017-06-08,0.1122937167397823,0.05546154460055626,0.07914443406421393,0.09703889886326757,0.05117858566815024,0.2955028889822055,0.0196827994146491,0.01967913169296727,0.1931427372213002,0.057141083919648415,0.019734178833259328
2017-06-09,0.11222282112956566,0.05579841701686637,0.07972293650124931,0.09676024100576577,0.05083309230540626,0.29566021551501104,0.019681921699807155,0.019666564679775983,0.19312116554968004,0.05666996101304576,0.01986266358382678
2017-06-12,0.11225373429368583,0.05573458954725786,0.08028970415319528,0.09644180536212496,0.050588648355012644,0.29576739204932145,0.01968771741243649,0.019669699110947108,0.19326234114542082,0.056612555740339895,0.019691812830257692
2017-06-13,0.112538098071644,0.055887056223453205,0.08027050182521388,0.09695844643924165,0.05071388447671895,0.2950737683949732,0.019648872305941614,0.01962672580393798,0.19301784410320075,0.056536100752440796,0.019728701603233978
2017-06-14,0.11229363600369355,0.055506354132520336,0.08045616532989074,0.09679785238422431,0.05065576642536092,0.29494611201324394,0.01973354648509188,0.01991164197475386,0.1941584414251299,0.05617545786428504,0.01936502596180547
2017-06-15,0.1123625251223466,0.055363865650110394,0.08093971180767504,0.0960373766339073,0.05025938233543152,0.29559111313891734,0.019748868917925353,0.019930660233741463,0.19418573949616888,0.05608328646823605,0.01949747019554003
2017-06-16,0.11225429841721392,0.055160718440905365,0.08079430698139256,0.09673987176200971,0.05028537756390483,0.295381536646937,0.01973652333554987,0.019946572725721333,0.1941168685435798,0.05602639334567087,0.019557532237114723
2017-06-19,0.11303897071165643,0.05549635381699154,0.08082646938581999,0.09700470845504675,0.05071830902901991,0.2948159511760507,0.0196554953765219,0.01989178513551461,0.19361924511867035,0.05552556637259495,0.019407145422112772
2017-06-20,0.1125636512297768,0.05507487619406432,0.08076408191307195,0.09646949951665297,0.050285611444228905,0.2956046561963553,0.01975527685853182,0.020121248289465498,0.19454848509706987,0.05555000390080988,0.019262609359972545
2017-06-21,0.11257753821283975,0.05495733175516609,0.08047503359686184,0.09638657209821695,0.050414709884777864,0.2957490978634308,0.01976075683184612,0.020169810212509746,0.1947170565593502,0.05573044974129121,0.019061643243709292
2017-06-22,0.11241025064578736,0.055109185538114426,0.08055115921296277,0.09627213328262954,0.05062011553317743,0.29547836933284377,0.019758665127495932,0.020193189297683756,0.19467653607558308,0.055860736645802336,0.019069659307919373
2017-06-23,0.11232929335908781,0.05536924004124561,0.0807151546238579,0.09632463742473468,0.05079258349389422,0.29508785763420387,0.01972637534344981,0.020145117034507283,0.19440052506003927,0.05599302780953232,0.0191161881754469
2017-06-26,0.11225788127786712,0.055364368741401875,0.08112688158438493,0.09636254695331473,0.051215844758271616,0.29470632332944036,0.01971731666227234,0.020194647078264377,0.1945016479136479,0.055419626130197505,0.01913291557093684
2017-06-27,0.11173572081714969,0.05506611285850266,0.08092399895089554,0.0966784824344222,0.05079063525253306,0.29554302621846446,0.01968780439928159,0.020047516329024392,0.19428504885875214,0.05582127813227982,0.019420375748694037
2017-06-28,0.11232897415019195,0.05570704567908776,0.0807421016209466,0.0971712311915957,0.05099842922378841,0.2946159205330025,0.01959848426063536,0.019909053956919495,0.19379218897556974,0.05566196912760968,0.019474601280652273
2017-06-29,0.1119013389153141,0.05565578766320133,0.08026247659927864,0.09669504281783453,0.05060377616465347,0.29592151048078397,0.019623531365263965,0.019841412280156772,0.19417051608563018,0.055668840094318446,0.019655767533564104
2017-06-30,0.1120625462000974,0.05554553239837202,0.08022852215015422,0.09671346040342535,0.050815632481475866,0.29579632306696163,0.019569340334004228,0.019787155664813916,0.19392744995773134,0.05550420133885558,0.020049836004108014
2017-07-03,0.1122289136620447,0.05599884732081569,0.08106632556573787,0.09657445475779766,0.05109952382208939,0.3155148504452811,0.0194934041040392,0.019719237601498633,0.19346742670080064,0.03472897156600628,0.020108044453888713
2017-07-05,0.1122289136620447,0.05599884732081569,0.08106632556573787,0.09657445475779766,0.05109952382208939,0.33035186646517634,0.0194934041040392,0.019719237601498633,0.19346742670080064,0.02,0.02
2017-07-06,0.11174253765716692,0.05553595862346459,0.08003938932307303,0.09661116885903216,0.05072971747519615,0.3320344278948099,0.019551137047458093,0.019651033162255097,0.1939050743043135,0.02008847792333704,0.02011107772989357
2017-07-07,0.1123532393718005,0.05601798015409777,0.08034623561729956,0.09652814571316636,0.05077707531137087,0.33165865706281145,0.01949998299425368,0.019513453440569286,0.19354691119871062,0.01986308167263271,0.01989523746328731
2017-07-10,0.11240010747463017,0.05573815641252689,0.07970179541853106,0.09670287158561894,0.051224921225736984,0.33159817974238026,0.019512986854918524,0.019529255567893276,0.19374305966366676,0.019882766676812217,0.01996589937728509
2017-07-11,0.11219214713018075,0.05583956802295635,0.07952172276099519,0.0968186046630009,0.051587151298038494,0.3313483118716754,0.019517123766925267,0.019540943081575796,0.1936090105692806,0.019886529628928666,0.020138887206442715
2017-07-12,0.11244827229090434,0.0559772456178659,0.08010234747103218,0.09708459500643707,0.05231230485032534,0.3297838138004487,0.019472530847499205,0.019573688527646658,0.19345452637537652,0.019853416662662784,0.019937258549801502
2017-07-13,0.1126238343668392,0.05601810813049433,0.08012322808605206,0.09735391198614964,0.05256352168677729,0.32958852065338723,0.019450079687876033,0.01944821235895176,0.19309442754494757,0.019815129361686414,0.019921026136838587
2017-07-14,0.11271918730578148,0.05589990936384102,0.08062665979910151,0.09766137848938583,0.053023220113518475,0.32849167924273504,0.01940352864640835,0.01939790756309068,0.19280848330104022,0.019901750726765453,0.020066295448332012
2017-07-17,0.11266987879855336,0.05601240088288092,0.08092429777842598,0.09743921913746972,0.05276235016444134,0.3284269313006051,0.019421111213797852,0.01944525205242512,0.1929235436352023,0.019984074812549123,0.019990940223649122
2017-07-18,0.11257965601373626,0.055792233724698256,0.08061505966220553,0.09739787342807706,0.05285068215979237,0.32806788407240006,0.019466294003786234,0.019588984294990244,0.19349721646637172,0.02009703114177216,0.020047085032169863
2017-07-19,0.11287386005407597,0.05619048553884953,0.08103394782699293,0.09755172331545468,0.053141144259054834,0.3271540339923397,0.01941206963377776,0.019542248420891604,0.19289454653274452,0.020035959383967784,0.020169981041850485
2017-07-20,0.11288581737112317,0.05621066556795462,0.08068484284286694,0.09791432060666225,0.05306234145449603,0.3270430199548213,0.019410927677201612,0.01959196942511911,0.1930041458978237,0.020056300313167057,0.020135648888764
2017-07-21,0.11278377588164054,0.05595476279496366,0.08085458619421929,0.09753194486835022,0.053025160155380065,0.3271932820719336,0.019445145203038368,0.019674666274392676,0.19344714828152715,0.02022904047110146,0.01986048780345275
2017-07-24,0.11282905670285064,0.05606939042668082,0.08069552300169186,0.09733085723718664,0.053217440311990875,0.3272881415115744,0.019444969712948984,0.01961059928105943,0.19334890063031923,0.02025056900323438,0.019914552180462463
2017-07-25,0.11317881356444326,0.056617767551139994,0.08085001054703612,0.09752788126379011,0.05311909846221069,0.32731288019779614,0.019348907348371962,0.01936820208407206,0.1923305552648331,0.020197844241929427,0.02014803947437693
2017-07-26,0.11290323656319931,0.05616397155524813,0.08108155967790033,0.09788666594802335,0.053424630115205145,0.32673453323922136,0.01936265209857037,0.01935153183343677,0.19249035650460045,0.020310498419486026,0.020290364045108575
2017-07-27,0.11296484796791204,0.05588958759668873,0.08127165190887674,0.09781130177393463,0.05321174571987587,0.3271396097264319,0.01936037955078964,0.019284594015081407,0.19229700055794893,0.020325218102436572,0.020444063080023375
2017-07-28,0.11274909111746839,0.05569926552361074,0.08104091386005623,0.09784168879591426,0.053148194819246604,0.32709160060587156,0.019378752622408176,0.019384586037363358,0.19266420062122783,0.02046281765770433,0.02053888833912846
2017-07-31,0.11266945932220665,0.055514962625743486,0.08101959139563852,0.09803311297375818,0.053201517301921734,0.32700736225799104,0.01938149328653661,0.019405353499239206,0.1926373558470295,0.02047013797792992,0.02065965351200498
2017-08-01,0.11267605482294367,0.05550044059144081,0.05967012579420665,0.09836159909601487,0.05324387602129377,0.3447713444203929,0.01938760647542758,0.019499226768670327,0.1929169672637708,0.020265025740579784,0.023707733005258698
2017-08-02,0.11276563654846414,0.05526269502352038,0.03749037862484357,0.09843807478062555,0.05329628319444474,0.36368804613220784,0.019390773718857557,0.01951539229230016,0.19289421972365123,0.02011079375001045,0.027147706211074343
2017-08-03,0.11267605482294367,0.05550044059144081,0.02,0.09836159909601487,0.05324387602129377,0.3785798580959556,0.01938760647542758,0.019499226768670327,0.1929169672637708,0.02,0.029834370864482446
2017-08-04,0.1129182687771771,0.05578915478200528,0.02007386639324054,0.09852519756752104,0.05345588274670579,0.37856921032514534,0.019341489466332688,0.019339957450343292,0.1922317292618487,0.01985058618135648,0.029904657048323596
2017-08-07,0.11301777941398523,0.05582611637691555,0.020069217430158055,0.09847278892163677,0.05376823335719144,0.37833392917311975,0.019333449545268395,0.019342730033675655,0.19209180576655194,0.019808004845484135,0.02993594513601288
2017-08-08,0.11296624708955146,0.055763074058257825,0.01999972500273864,0.09814439749562352,0.05388848364673431,0.3790943816653134,0.019356014769117462,0.019311875519128323,0.19155354095487148,0.01990594582628833,0.030016313972375034
2017-08-09,0.11301267696070805,0.05530607177840006,0.019973789767308184,0.09802780337254641,0.05342557243989658,0.37922062729779027,0.019388302766491144,0.019426016752657746,0.1918313381810476,0.020155851349081964,0.030231949334071754
2017-08-10,0.11202397702524262,0.05459748643551784,0.019929351884851596,0.09716433860566498,0.0524426872204824,0.38142032142755733,0.01956669774525308,0.01969855458274745,0.19281147172691027,0.020415921910045935,0.02992919143572623
2017-08-11,0.11205778379429598,0.05461346091570042,0.019810662825325214,0.09687405292886525,0.05250347871185323,0.3814684096502849,0.01956556942705455,0.019684783147095132,0.19293750788087435,0.020488745055051716,0.029995545663598955
2017-08-14,0.11288810555580267,0.05530441055552133,0.020064269744817603,0.0973372529465872,0.05291024801418221,0.38020815350007126,0.019469887181207506,0.019535036418368085,0.19233146835748263,0.02029314907406314,0.029658018651895976
2017-08-15,0.11303041132400882,0.054925156231565166,0.020034387397291156,0.09739844481006626,0.053044488830874516,0.38055378023016345,0.019438652505114735,0.019479613560016554,0.19237342720176231,0.020164527247023754,0.02955711066211292
2017-08-16,0.1129618608843924,0.05481221736147408,0.02007484973677071,0.09772614726636812,0.05346858922533222,0.3798851983224889,0.019429293309067133,0.019505272878721835,0.19246452154088203,0.02026520009679909,0.029406849377703086
2017-08-17,0.11164729200764054,0.054027319865693896,0.020017458503626514,0.09701634042109969,0.052997906316586546,0.38150109152837763,0.019576495243964633,0.019730048081700438,0.19342977112279777,0.020450100425002525,0.02960617648350949
2017-08-18,0.11139337659655255,0.05398484039436133,0.01985525135017653,0.09721160128645277,0.053412702458656626,0.3811842991207171,0.019566189631698514,0.019711324648602164,0.19316390810845296,0.02040383613871186,0.030112670265617217
2017-08-21,0.11142148071059726,0.05392023433605695,0.0200226745248978,0.09713071154123448,0.05357998579378395,0.3810723347604924,0.019568544575430866,0.019749110829613094,0.19333354461636462,0.020469724215814583,0.029731654095713683
2017-08-22,0.11231278281446776,0.05437153790531644,0.019956472593659284,0.09736305246104193,0.054047213779501724,0.3801005605652391,0.019482864952525943,0.019625022789076033,0.19267177362109122,0.020328450647797112,0.029740267870283128
2017-08-23,0.11173366680728151,0.054198199149944906,0.020089761730853955,0.09722418448963814,0.0542176855696694,0.3798600558188941,0.01951914405508895,0.019727354734248834,0.19310117439418142,0.020372798128310235,0.029955975121888353
2017-08-24,0.11159312173130605,0.0544239486716916,0.02009137597437675,0.09710919059414512,0.05444663371992368,0.3799094156270447,0.019509318627278577,0.019675655908715797,0.19294184413160143,0.020331528411986353,0.02996796660192971
2017-08-25,0.1116174460405673,0.054464116437706725,0.02014367692593286,0.0974881763090536,0.054647812312789416,0.37924097063899903,0.019500649876425136,0.019709930298998184,0.1929798976360958,0.02036322055454598,0.02984410296888574
2017-08-28,0.11160488035813367,0.0546865043963623,0.020038360241030593,0.0974732126803011,0.0544448511506834,0.3790483887803674,0.01951574427808594,0.019694522694964214,0.19295027681791813,0.020683560710740203,0.02985969789141294
2017-08-29,0.11173214478428783,0.05469818809595988,0.020008349298086682,0.09707849953844483,0.0543473076933505,0.37922583410291716,0.01956086670833834,0.01975789389450015,0.19309267564259358,0.02063867881976287,0.029859561421758076
2017-08-30,0.11215663524291193,0.05499686886579588,0.02009677320508949,0.09685653442407594,0.054381601957528,0.37896119373847414,0.019526336310787647,0.019733257103890612,0.19307138427572765,0.020609461368255293,0.029609953507463316
2017-08-31,0.11241927929874497,0.05533457703469606,0.020152426620990104,0.09724410620180449,0.05426772258170836,0.3775770925607898,0.01948562275940605,0.019719731200733868,0.19269897247109075,0.020775261895037606,0.030325207374997838
2017-09-01,0.11257445616055553,0.055645550911510154,0.02966912255429921,0.0973716352593915,0.05466534625197803,0.3582553719145952,0.019427716021393402,0.019568177195242998,0.191930163065401,0.030230199786055154,0.030662260879577713
2017-09-05,0.11208723639016095,0.055318587103748026,0.03906532844916427,0.09697909247131094,0.05422351085670671,0.3395096061067387,0.019518990716550663,0.019771242413635287,0.19273977958943725,0.0397824875330956,0.03100413836945162
2017-09-06,0.11249422980442164,0.055537555642302686,0.04861813560160862,0.09742844084191675,0.05461005426945161,0.3199821913945512,0.019440588331104496,0.01959691751385817,0.1919241366331453,0.04897113696702601,0.03139661300061354
2017-09-07,0.11257445616055553,0.055645550911510154,0.05571358289465583,0.0973716352593915,0.05466534625197803,0.3056216570221745,0.019427716021393402,0.019568177195242998,0.191930163065401,0.056003998945887895,0.03147771627180927
2017-09-08,0.11262104110444422,0.055778114588376684,0.05576804554507662,0.097540928786044,0.054388796444402886,0.3060354198292002,0.01944429304924589,0.019556848643558073,0.1916662612914642,0.05602301468006041,0.031177236038126922
2017-09-11,0.11361612941770885,0.05626099062860123,0.0561373117707,0.09812867776619956,0.05501595503164795,0.3051926489298802,0.01929831614791456,0.019288386746527515,0.19073533085002517,0.055143726359682066,0.03118252635111306
2017-09-12,0.11398195122838366,0.05659641404627895,0.05556328770546048,0.09841674454138095,0.05494722049169033,0.30500250214858715,0.019248971543523556,0.0191841116593149,0.19050154303192288,0.05529709694112477,0.03126015666233248
2017-09-13,0.11420258244340477,0.056846956079121214,0.05543940848507529,0.09802562915270151,0.05473653629867187,0.30537408363327073,0.019237626619751154,0.019136264383924025,0.19058912886493035,0.05496187632374863,0.031449907715400606
2017-09-14,0.11400360760390592,0.05671407786631689,0.05570124229634479,0.09805918973185256,0.05480376197777847,0.30497559915591455,0.019213822694809916,0.019187714936288548,0.19079126424926346,0.05512398331908547,0.031425736168439654
2017-09-15,0.1140369993597816,0.056886213444506194,0.0558741986436503,0.09804264644786066,0.0550723663215694,0.30461932558981675,0.019216844629017894,0.01917512274154448,0.19074852361563496,0.05479111510739809,0.03153664409921997
2017-09-18,0.11433133027784483,0.05729963508328719,0.05559985830467076,0.09821678215912218,0.05529068760195209,0.30457714160797833,0.019150571601193645,0.01907341965649389,0.19064574356569464,0.05430503181262174,0.031509798329141005
2017-09-19,0.11440032552622384,0.05727687386749776,0.05514889249745729,0.0986387609871427,0.05538952990086281,0.30449218787343196,0.01912154923734366,0.01901898466625592,0.1906803403364197,0.054396950816695204,0.03143560429066931
2017-09-20,0.11456326588958111,0.05752175496064859,0.05507126024453088,0.09852737348414342,0.055194498261965666,0.304563648024213,0.01910437780315931,0.01905283765053513,0.19064652229566223,0.054017855430682216,0.03173660595487868
2017-09-21,0.11441512821532698,0.05754164600676236,0.05497037840201446,0.09846214540424075,0.05527121610195793,0.3049147009805444,0.019105885654835064,0.01906871157644881,0.19091151228294578,0.05368161792722384,0.03165705744769973
2017-09-22,0.1143568250980543,0.05774490080779698,0.05460401627216441,0.09869530732242693,0.05491733895387185,0.30477047299899,0.019126288519726243,0.019109687965658304,0.19102862620802563,0.05388837800681138,0.03175815784647411
2017-09-25,0.11403039880074609,0.0577780096394947,0.05485270513799486,0.09805285079675093,0.053941699930285816,0.30470344032002183,0.01916792588353226,0.0192137083779879,0.19158357017366798,0.05440825846872242,0.03226743247079532
2017-09-26,0.11422973962338696,0.0580281426238392,0.054930885907827465,0.09794855717984463,0.053858181457223785,0.30498005904037423,0.019173774835241433,0.019200866108325585,0.19177130703415513,0.053862547152401,0.03201593903738072
2017-09-27,0.11476393037580265,0.05920984363395923,0.054533010699588776,0.09809711549350889,0.053706301078046234,0.3051815661949928,0.019090281982511864,0.01892628327229442,0.19117777177460765,0.05339672344490735,0.031917172049780305
2017-09-28,0.11475405186856631,0.059290223544971606,0.05486870322830305,0.09823084917981527,0.05360102577457332,0.30482569550893995,0.019062191754648117,0.018845961306070136,0.19121641572147083,0.05342870050181282,0.031876181610828766
2017-09-29,0.11498720189170925,0.05934274110756152,0.05484939594747815,0.09866194820998922,0.054137968433640646,0.3043030499680886,0.01901081254714309,0.01886043324241805,0.19110717044980888,0.05307470356797038,0.03166457463419239
2017-10-02,0.11539719332962493,0.06002537203042566,0.05478370320471208,0.09849961118201861,0.054108358922221836,0.3226080756566195,0.018974541327229685,0.01881145963078518,0.19113819734310988,0.029326101644900418,0.03632738572835232
2017-10-03,0.11539719332962493,0.06002537203042566,0.05481816880307251,0.09849961118201861,0.054108358922221836,0.32992132279448816,0.018974541327229685,0.01881145963078518,0.19113819734310988,0.02,0.038305774637023546
2017-10-04,0.11545155540231139,0.05979096713580463,0.05512917876337036,0.09824282660236516,0.05405782048523493,0.33031063957877943,0.018955637069389186,0.018799530051740905,0.19089139004425723,0.020041945992870236,0.0383285088738765
2017-10-05,0.11606335837434903,0.059917252250162464,0.055266431370556666,0.09812440001446765,0.054427708265210706,0.32940236584417987,0.018924252019915367,0.018716854943598975,0.19050507988061727,0.019922030734514533,0.03873026630242754
2017-10-06,0.11611892026625825,0.05993040346589838,0.05515660967699598,0.09821152875103112,0.054242435283229466,0.32981841761249187,0.018931703800823135,0.018694223107579393,0.1906559387988607,0.020048665437627455,0.038191153799204305
2017-10-09,0.11591667627461519,0.05967736143178005,0.05526156955442238,0.09823132630430133,0.0542018543459714,0.3297885167829143,0.018951394064723466,0.018751514125158093,0.1907962757200525,0.020210745613366655,0.03821276578269455
2017-10-10,0.11590181946827009,0.05968395230157424,0.05518447469118409,0.09889051191952737,0.054585711978947855,0.3289565832394861,0.018906218132025244,0.018729939822855604,0.19039556277958147,0.02020781041283562,0.03855741525371212
2017-10-11,0.11597636757032737,0.059584903168702914,0.0553661592286424,0.09904197610161224,0.05478383917261517,0.32861290323477593,0.018910032236406384,0.018748756118231947,0.19012499780976838,0.02025341989747369,0.03859664546144337
2017-10-12,0.11579091619125546,0.05953463379942105,0.055722976669979676,0.09894539348927225,0.054754186037290736,0.32853806177171047,0.018925740701158416,0.018826565633406202,0.19015134777968118,0.020267702487333013,0.0385424754394914
2017-10-13,0.11560299700169148,0.05925862478321608,0.05568778203415949,0.09917790312870632,0.05509477781147582,0.32780030854215225,0.01893584280934738,0.018908378665593775,0.190363479969461,0.020363151528515373,0.03880675372568082
2017-10-16,0.11586683390280648,0.059263151567464034,0.05546037618611108,0.09920051839660927,0.055111521390260675,0.32779981284807197,0.018921855854007442,0.01891275751948332,0.19027740083638953,0.020242521917994527,0.03894324958080147
2017-10-17,0.11603502387872286,0.059136472870100085,0.05554960945900811,0.09901747535612751,0.05486875642953777,0.32808325235878555,0.01892886931749053,0.018950945036347904,0.19038795482428958,0.020119243007236224,0.038922397462353694
2017-10-18,0.11613960441017071,0.05941403040829018,0.05548377723009426,0.09929540745435415,0.05499461826722733,0.32794117954671304,0.018879485677172334,0.018824576387226597,0.19009096251188537,0.02004191599372365,0.038894442113142205
2017-10-19,0.11620267390768517,0.05933861057080591,0.055457680685804,0.09916503902652007,0.05452440039225761,0.32822403832188257,0.018904100915355253,0.018862761383416006,0.19042451570266333,0.020165946237548187,0.03873023285606169
2017-10-20,0.11681994813163038,0.059621860581313406,0.05528818201046868,0.09905142446086695,0.05473375603865396,0.328078960861966,0.01882882203382812,0.01866537337942676,0.18993548127218418,0.02004044884467246,0.03893574238498889
2017-10-23,0.11654520178163921,0.05926795852938647,0.05511316401871922,0.09898971692335091,0.054379788478448786,0.3285853512053829,0.01887566729221865,0.018727355364767093,0.1904172163868253,0.020102740260439747,0.038995839758821475
2017-10-24,0.11677199577481163,0.059402584878173424,0.05484944289882225,0.09916578806086068,0.054390041826892825,0.3285692863036722,0.018822308558856242,0.018614760940825297,0.18998162169143404,0.02002894386993844,0.03940322519571273
2017-10-25,0.11645351643203312,0.059247922264913,0.05475905882062601,0.09900007343905798,0.05439275741119967,0.3292251524572667,0.01883404864282186,0.018567164973131055,0.18990195211876498,0.02007699417353404,0.03954135926665136
2017-10-26,0.11666715308340381,0.05940377070935665,0.05445197074016822,0.09903930248146786,0.05405375222249782,0.32940331842280585,0.01881927067035373,0.018515208585883212,0.18998898353607216,0.01991901191974022,0.03973825762825023
2017-10-27,0.11716333371310107,0.05958231821549137,0.05448650117278696,0.09888259921854982,0.05462477353591348,0.32835514010170785,0.01880644421925151,0.018565179490666158,0.18981480875589765,0.019935487664454493,0.039783413912179495
2017-10-30,0.11671479713408187,0.05894773374014572,0.05459720412639072,0.09910102133203703,0.05427581950958578,0.3284768789335053,0.01887200558639691,0.018740995356479835,0.19042302539901607,0.01997134332920693,0.03987917555315372
2017-10-31,0.11675865668762868,0.05929528017706422,0.054635308969859686,0.09939803305708683,0.05472017880566454,0.3278947156157473,0.01883730892622163,0.018724893761041896,0.18993173250221818,0.019872018026822626,0.039931873470644245
2017-11-01,0.11683901377172091,0.05886469977153954,0.06573974886720818,0.09943496762901338,0.05496912536807862,0.3165440992369134,0.018836802791809486,0.018796370027736188,0.1901118009537768,0.01993185086760635,0.0399315207145971
2017-11-02,0.11671917998873595,0.05895593329243398,0.06605721792711883,0.09959359520276771,0.05496222783642973,0.31617176580187145,0.01883500770483431,0.01885255435637259,0.18981170420053353,0.01991682559831706,0.0401239880905849
2017-11-03,0.11709276287916864,0.05890818245439087,0.06600710151733725,0.09942320906900701,0.054671516467929816,0.3159405982741121,0.01886256328634299,0.018901110412285156,0.1900051921879588,0.019820422830100857,0.04036734062136652
2017-11-06,0.1169189022950481,0.0587970013500724,0.06656815722571968,0.09926417817926654,0.05511761770458331,0.3151710875096505,0.018828433013067178,0.018914373987207724,0.18947681068953093,0.019929148065038982,0.0410142899808147
2017-11-07,0.11702155595031805,0.05818502298665883,0.06714826968419663,0.0990506666373165,0.05485097585789423,0.3155174030216236,0.018865160231694926,0.019023768403617133,0.18961849341300008,0.019888329912320694,0.040830353901359286
2017-11-08,0.11710859043358236,0.058208518704611675,0.06753438894523882,0.09928284510398595,0.05505748887761706,0.3151784731750098,0.01882413796434367,0.01896357225680574,0.1891869541399672,0.019938175241904586,0.04071685515693305
2017-11-09,0.11691848462072632,0.05811956212908102,0.06764563260416985,0.0989130355096895,0.0548262461860486,0.3157749609817038,0.0188549150072442,0.018947584002171516,0.18906577078582334,0.020060410563685085,0.04087339760965667
2017-11-10,0.1171587296866606,0.05821336603305704,0.06784677067677063,0.0988758417183364,0.05471951852972439,0.3164091381787627,0.01880357017195663,0.01870601015585737,0.1884285610198877,0.019943221006517624,0.04089527282246883
2017-11-13,0.11729482764970714,0.05824273302377961,0.06810921968835791,0.09848475740920967,0.05461395107419755,0.31644477395389187,0.01879903866572999,0.01874954160295853,0.18850364103889336,0.019977481765487318,0.04078003412778703
2017-11-14,0.11716394235607268,0.058154080620685576,0.06808454333799886,0.0985324232709766,0.05431302738230779,0.31690283730939667,0.018848467015381464,0.018899017169739334,0.18877882897637085,0.02004286405623435,0.04027996850483572
2017-11-15,0.11672569939954953,0.05799701959994104,0.0675856880490634,0.09818541894123606,0.05409759463547121,0.3171925727988239,0.018940126050865366,0.019128595159065228,0.18982253803515867,0.020043578641160718,0.04028116868966484
2017-11-16,0.11728552793322851,0.058633083478316375,0.06778921765433546,0.09860891567205433,0.0550207680945229,0.3160648674054869,0.01882262191716685,0.018892678676257203,0.18890538818905195,0.019968301395419757,0.04000862958415984
2017-11-17,0.11686740054424091,0.058865894231165665,0.06743466319551343,0.0981907448021113,0.05525765484426304,0.3156786055170411,0.018835632406048408,0.019020767677206677,0.1890220822214282,0.020195752704021765,0.0406308018569595
2017-11-20,0.11703681476643016,0.05927895654629684,0.06727785521508803,0.09837924892258232,0.055526670291680694,0.3154851239313117,0.018800656038748743,0.01900836913698995,0.18897363347544793,0.019935852256558972,0.040296819418864586
2017-11-21,0.11730105543665584,0.059642402131337015,0.06747362410977141,0.09869805298640769,0.05603046325976213,0.3140672916832643,0.018724148407793566,0.018987374484802085,0.18879398892843516,0.019883709799186855,0.040397888772583934
2017-11-22,0.11701436020074749,0.059470477701205386,0.06718062341542061,0.09881307293890206,0.05608377340546712,0.3138382292531509,0.018754870493858235,0.019019064260211733,0.18923232838125248,0.020035661185382025,0.040557538764401935
2017-11-24,0.1171781000353188,0.05944008452712361,0.06725820072792725,0.09952986466690487,0.055915629256981375,0.31355317401857813,0.018721980865263773,0.01894948412447399,0.18884230346652592,0.019966860315298252,0.040644317995604085
2017-11-27,0.11735973036512413,0.05938045139314081,0.06711834690480001,0.09913841984477313,0.05520819592430176,0.3141960446172414,0.018772722135167605,0.018961380845369056,0.1891201638844658,0.020091218240719043,0.04065332584489736
2017-11-28,0.11818253928852324,0.06012847920029218,0.06676353324899408,0.09939624830015305,0.05544668528833946,0.31325854434365835,0.018718002368467244,0.01892793239944344,0.188798081543921,0.020025626429165687,0.04035432758904225
2017-11-29,0.11843161850284649,0.060493062598820785,0.06686331954958147,0.09926955318627043,0.05471693857557196,0.3140165906161982,0.01870888198520658,0.0187922631957551,0.18856201123559105,0.019954155621072667,0.04019160493308526
2017-11-30,0.1194820220212882,0.06061037353681015,0.06694441173691226,0.09938003078454083,0.054124361996219034,0.31388414743672716,0.018652768479648373,0.018731517789048795,0.1883648612930479,0.019802705945027973,0.040022798980729246
2017-12-01,0.11919539934905861,0.06034229525191561,0.06721905566895588,0.09895104658284756,0.05380166549871794,0.2953012791930126,0.03137333581217308,0.02189837686259791,0.18888630059191172,0.02244195077554045,0.040589294413268605
2017-12-04,0.11923599694919541,0.060226823092500006,0.06703167522121387,0.09877454700977058,0.0539730123839499,0.2764645251553579,0.04443758477336879,0.024945701941588457,0.1894219250553997,0.02504768842499973,0.04044051999265556
2017-12-05,0.11899683988608496,0.059784500602251496,0.06699304179157826,0.09872710915935719,0.053986133339825104,0.2570929014204088,0.05792010803643312,0.02817236536834753,0.18990205085371584,0.027642313255614444,0.04078263628638323
2017-12-06,0.1191723472448304,0.05968276417115641,0.06730874402458617,0.09869266922858552,0.05338926767517786,0.23779416998949643,0.07145186140899393,0.031350007363668574,0.19027959509671233,0.030356297916187804,0.04052227588060456
2017-12-07,0.11944327776561457,0.06011411301469592,0.0677688625311746,0.09890912766361414,0.053562064180495056,0.2179385533565174,0.08468036567417406,0.03418172107652844,0.18966401716685963,0.032750531253403936,0.04098736631692226
2017-12-08,0.11972422423217897,0.060108394936625134,0.06807069049278777,0.09918100641248064,0.054024111547007765,0.19679961180835476,0.09857853290850314,0.03738183675547724,0.1890194825298225,0.035649743505126716,0.04146236487163535
2017-12-11,0.11979064860688071,0.06011251009045414,0.06829804634756993,0.09925549677167146,0.05413890255697367,0.17588257423955353,0.11261538270760915,0.04057054086851077,0.1889775302750102,0.038492343178343616,0.04186602435742279
2017-12-12,0.1197639105618261,0.0600893874367481,0.06871677028998772,0.09926722876601504,0.05380237012763853,0.15448334912079992,0.12731552191676043,0.04399542237849784,0.1889169441951877,0.04166328710859855,0.04198580809794008
2017-12-13,0.11926666492139572,0.06029751111695642,0.06878626099955204,0.09911974876486769,0.05401606510038326,0.13236712217415553,0.14241447111950634,0.04757400654238617,0.1889102606779835,0.04493740501222942,0.042310483570583944
2017-12-14,0.11919539934905861,0.06034229525191561,0.06892179444708858,0.09895104658284756,0.05380166549871794,0.11364744235583768,0.1553241832832134,0.05049520051530368,0.18888630059191172,0.047565172955367066,0.04286949916873822
2017-12-15,0.11986484613592932,0.061037976405521874,0.06902099257943319,0.09865669403000944,0.05377341456217233,0.11328777731014349,0.15487720361737564,0.050548420261517533,0.18864154035412956,0.0475369473303475,0.042754187413420214
2017-12-18,0.1202897380883359,0.06169198547645374,0.06921315512692201,0.0995495794826188,0.0542279380886374,0.11297296635383149,0.15409751194702484,0.04994844874796246,0.18756127066618958,0.04762361590615413,0.042823790115869675
2017-12-19,0.12042199305196047,0.06150771515162555,0.06821719306645001,0.09967561680420425,0.054208389893574356,0.11347910780518558,0.154159621251134,0.04954490515829909,0.187528953538281,0.047895753183380775,0.04336075109590496
2017-12-20,0.12058423662341859,0.06174364768482828,0.0676314806541039,0.09969055193940636,0.054381112970224875,0.11370511055316779,0.15399398472680004,0.04908802667821406,0.1873824260575226,0.04811358228722984,0.04368583982508373
2017-12-21,0.12059461926929192,0.061891958878767285,0.06725246859616732,0.09985118653031107,0.054629436393114954,0.1134731676212074,0.15379930782457762,0.04927671187527403,0.1875175263887645,0.0480867723741501,0.043626844248373896
2017-12-22,0.12036270484033358,0.06167635961606199,0.06756381242248943,0.09994182063748308,0.054999932040413035,0.11324402576276354,0.1536021888782569,0.04926193413731714,0.18734562948757713,0.048258237159496446,0.04374335501780778
2017-12-26,0.12003085246426981,0.06161615246816937,0.06778774850046085,0.09975716541371658,0.05486673997717777,0.11305355651849658,0.15342053556206434,0.04933080425207506,0.18730091455776834,0.04851349709831058,0.044322033187490714
2017-12-27,0.11969983005025124,0.0613562510659754,0.06781215917962934,0.09961811082477048,0.05483007817661992,0.1127407608821604,0.15357792267706694,0.0498113113900672,0.18772893042662558,0.04853885147959112,0.04428579384724245
2017-12-28,0.1197742875225621,0.06150841803025154,0.06811027480338729,0.09953207829156256,0.05512767269277946,0.11259269359432371,0.1531690088973906,0.04969679698049271,0.1873365652725108,0.04871517675104604,0.0444370271636933
2017-12-29,0.11927053421073573,0.06097363104551506,0.06809732672954924,0.09955937483356218,0.05536206326533606,0.11257034090737737,0.15334902082155727,0.04975351703199549,0.1875014870202764,0.04901098305723767,0.044551721076857564
2018-01-02,0.1199633593487811,0.06146711914642447,0.06766196500444568,0.10016142158973355,0.05633221558024932,0.08834910482023806,0.17166119720929135,0.049150315535428535,0.1860027401763465,0.05454419614668604,0.044706365442375585
2018-01-03,0.1199633593487811,0.06146711914642447,0.06766196500444568,0.10016142158973355,0.05633221558024932,0.08503967238361076,0.17428133480843916,0.049150315535428535,0.1860027401763465,0.055233490984165565,0.044706365442375585
2018-01-04,0.12034578791953024,0.061567674643775196,0.06653439922036165,0.10115559664200845,0.05655325122420893,0.08491215604732748,0.1740204520724306,0.0490922626399616,0.1857510620284499,0.05545991661620875,0.04460744094573752
2018-01-05,0.12097681999587605,0.061608150552275295,0.06650761328771854,0.1015744235313873,0.05696038318360807,0.08479233273248442,0.17356030757321697,0.04888300084265554,0.18542758021028302,0.055324268923249785,0.044385119167245426
2018-01-08,0.12113726593203825,0.06167273263801965,0.0668515229583275,0.10149542833941037,0.05693181681919643,0.08474980828758485,0.17339077254593593,0.04882738663344462,0.18531925072715705,0.055287698943228505,0.04433631617565732
2018-01-09,0.12174108570968477,0.06175640963663901,0.06625963773894361,0.1018835563958111,0.05699343244016961,0.08494948213528304,0.17303440797700992,0.04830523626633354,0.18514602464033847,0.0551812122063578,0.044749514853429595
2018-01-10,0.12170145408061257,0.06183888216498437,0.06553155911662362,0.1018092108644856,0.05670154198959091,0.08508240803375658,0.17319344473954773,0.048304973146914565,0.1854924608822276,0.05538065205086602,0.04496341293039089
2018-01-11,0.12214209233819395,0.06267170431688167,0.06506602295599595,0.1021395265456637,0.05684237906293357,0.08474160980044869,0.17267700747805034,0.0483269864941908,0.1852603535841636,0.05535952229454495,0.04477279512893315
2018-01-12,0.1225645706063141,0.06274299309561808,0.06434150487893436,0.10285050367378792,0.05721268144702161,0.0844738818724914,0.1720368597425469,0.04826145002045782,0.18472767970182716,0.0558599835874745,0.04492789137352647
2018-01-16,0.1222727435649939,0.06200611199732134,0.06458422712561257,0.10285950744932845,0.05705244568557315,0.08455170982301005,0.17229826857142613,0.04851343567008114,0.1850882957483896,0.05601061860725188,0.04476263575701211
2018-01-17,0.12317744253149998,0.0624616193763736,0.06490711781208618,0.1031733841723811,0.05768224656519697,0.08434286212255804,0.17155629632479316,0.048345132487512536,0.18419332986481265,0.055439601305818834,0.044720967436967345
2018-01-18,0.12336253927680302,0.062231449052853875,0.06447736602399687,0.10337618215185052,0.05793566109877518,0.08459159996075614,0.17155930531727948,0.04804875647913389,0.18406063079945031,0.05549293444930483,0.04486357538979626
2018-01-19,0.12370334784855691,0.06293824156631535,0.06478082563738526,0.10376620426464545,0.05830654279030234,0.08447139845657686,0.17080979283806919,0.04771127184008693,0.18316736549504858,0.0556406920858083,0.044704317177205265
2018-01-22,0.12437133010745903,0.06310412413886818,0.0651307784521784,0.10401557404046188,0.05848291251877356,0.08420230377021419,0.1702813864382994,0.047628419049683395,0.18250339738947174,0.055590911480953055,0.0446888626136376
2018-01-23,0.12412484279389735,0.06304668922421083,0.06576110997633733,0.10392322782233823,0.05851893280831004,0.08390755349808401,0.17007434266970353,0.04763744088263609,0.18254575801009645,0.05563862649707144,0.044821475817315076
2018-01-24,0.12402355559536986,0.06262968339706726,0.0655005031746708,0.10405942156211086,0.05898737002686925,0.08385162052798739,0.16967481691644995,0.04735917001488023,0.18234620252607464,0.05629209401659777,0.04527556224192241
2018-01-25,0.12400837560176009,0.06261912035478769,0.06534027684778888,0.10359983110015945,0.058920758826411276,0.08378582052639576,0.1699577806916996,0.047721863855538664,0.18317231109822246,0.05588579343544726,0.04498806766178924
2018-01-26,0.12509069942502052,0.06266650796218631,0.065181006481882,0.1042220572815942,0.05956681932869675,0.08349983495837862,0.16897413493020275,0.04741094745682369,0.18241413443739665,0.05577188834177823,0.04520196939604057
2018-01-29,0.1249598414777031,0.06266339113894932,0.0647069470668014,0.10384687077961517,0.05899300854405353,0.08393908075620533,0.1694982290888947,0.04734568899279766,0.18295255962342946,0.05577008131608498,0.045324301215465684
2018-01-30,0.12439236232816746,0.06242162428703037,0.06472910059114385,0.10357806642181401,0.05852390850024693,0.0844339217103642,0.1700817748296006,0.04733974634884238,0.18338159558277561,0.05584989853479966,0.045268000865215256
2018-01-31,0.12417291425452161,0.06195564527284996,0.06560159083281342,0.10320422366229134,0.058899507100669865,0.08424311606903542,0.16974674002135948,0.04751149635665824,0.1833489454617565,0.056097229770978106,0.04521859119706639
2018-02-01,0.1238502481314411,0.0623566982480083,0.0647224065243005,0.1038422691549547,0.058296517905756635,0.05846485965910325,0.1874766004575366,0.050825983090970826,0.18314718446227218,0.05870230679803538,0.0483149255676205
2018-02-02,0.12359675682030542,0.0623566982480083,0.0647224065243005,0.1038422691549547,0.058296517905756635,0.04736996202209842,0.19516912512469123,0.05246621465077225,0.18314718446227218,0.0596543554178046,0.04937850966903562
2018-02-05,0.12011692705611914,0.060816320994786635,0.06353357359123277,0.10091023562650656,0.05705468945469754,0.04813197566238013,0.19957979577630527,0.05371747928783008,0.18586930452754086,0.06065847910588171,0.04961121891671926
2018-02-06,0.12192074421448716,0.06126127989364113,0.06346387083705646,0.10242633417466308,0.058640431153816744,0.047876465537685396,0.19779537588960386,0.053138446208036115,0.1846411841576667,0.059746012747395334,0.049089855185947925
2018-02-07,0.1220220131186714,0.06170836520643049,0.06361363552323404,0.10197993448944186,0.05714975326370218,0.04814301115788228,0.1984575039154781,0.052964506216847757,0.1852847985365633,0.05983887564543218,0.04883760292631632
2018-02-08,0.1191119105370415,0.06074637914438028,0.06261505961087681,0.10072839546112934,0.05595247015771038,0.0488321094951606,0.2014511136137197,0.05365742020597411,0.18710298522819796,0.060780522771253356,0.04902163377455586
2018-02-09,0.12055295800946948,0.061125340733670486,0.06373056097242023,0.1008647497555282,0.056682715964249716,0.04873227633733525,0.20051784189230953,0.05316480244488928,0.1859612991217642,0.060503643033133284,0.0481638117352303
2018-02-12,0.12162778132372772,0.0613534307407596,0.06355847898837602,0.10182660881541764,0.05724678537010296,0.048432035066177305,0.19931934597097675,0.053095620234381004,0.18490406143326393,0.060448963000284676,0.04818688905653227
2018-02-13,0.12168855010402968,0.06136402193301716,0.06391574984495045,0.1013182507524462,0.05756949931190703,0.04833600385046701,0.19925504598092175,0.0532274238596156,0.18447445000380552,0.0606707625823468,0.04818024177649259
2018-02-14,0.12272906281088475,0.062162661467379594,0.06329468297118868,0.10261001782576439,0.058723505011048484,0.04803106953027501,0.19708172346789024,0.05238009898083756,0.18290062858444667,0.06140425407900712,0.048682295271277425
2018-02-15,0.12355903659520966,0.062469111322522856,0.06354308511904143,0.10263752963896536,0.05957443145051,0.047729472419813,0.19597239543064718,0.05224691353945294,0.18267405064989184,0.061112029107901596,0.04848194472604402
2018-02-16,0.12331717686864907,0.0625488399839994,0.06393676505413073,0.10286752312324365,0.05924904875876225,0.04763351198579961,0.1959926302427838,0.05241193936027052,0.18280689739070138,0.06077506188754597,0.04846060534411337
2018-02-20,0.12325387914527107,0.06239368799828212,0.06350981514483557,0.10249192379270408,0.05877376793913013,0.04790328016471253,0.19691367832458417,0.052484176496356165,0.18308286786127492,0.060304941972676676,0.0488879811601723
2018-02-21,0.12321939560114063,0.06275401709732278,0.0627507010393207,0.10248062095193088,0.0590027216039783,0.04813506073259579,0.19726026192753363,0.052084864044257176,0.1829417411061953,0.0603110868589517,0.04905952903677289
2018-02-22,0.12305223730593197,0.06248909243944121,0.06316823381953418,0.1027462137290746,0.058882569884334664,0.04801328766194887,0.19700876066921713,0.052102616273876926,0.18270763760234954,0.060457663052054314,0.04937168756223642
2018-02-23,0.12401739654081502,0.0627986459380826,0.06372942574789116,0.10273387649376467,0.0594536651574399,0.047642093353878534,0.19618799925194655,0.05214651151309792,0.1820905749744447,0.059899906262885466,0.04929990476575325
2018-02-26,0.12489727182611282,0.06292828422940733,0.06366527307777162,0.1032356442296598,0.05973576130276218,0.04743502461510934,0.1955413950659592,0.051931223334308003,0.18150941524194303,0.059778968046980324,0.049341739029986106
2018-02-27,0.12454645590336236,0.06263070075775479,0.06293646871307143,0.10269835097937666,0.05856612195673153,0.04786546552074306,0.19683975246301003,0.052364712112196184,0.18249173740950653,0.05973466469604321,0.04932556948820397
2018-02-28,0.12373706861707995,0.061868753466815196,0.06301267456739149,0.10210158545942068,0.05793641885401194,0.048052580290172925,0.19802702386013454,0.05289086270048954,0.18350605234827197,0.05989151533781099,0.048975464498400546
2018-03-01,0.11669958921743914,0.06188594242890942,0.057460268455032146,0.09850974039805656,0.057998195266809806,0.07773609391548914,0.17634467121545858,0.055626389579398035,0.18439994713340754,0.06216197745564508,0.05117718493435437
2018-03-02,0.11143189525239854,0.06268421792210897,0.05169456644863894,0.09662936514455224,0.05816384396626309,0.10765656689929798,0.15213120934142357,0.057461948891523666,0.18432868747529496,0.06467148634365433,0.053146212314843684
2018-03-05,0.10647159388563993,0.06285733903970006,0.046449140949095996,0.09456333289086825,0.058069342990158944,0.13734444073986177,0.1282631962111028,0.05952761378422083,0.18451030145587893,0.06665307307275711,0.05529062498071533
2018-03-06,0.1006456390391799,0.06302034130365897,0.04105063365144967,0.09250785779182763,0.05832488140388757,0.1660342350221285,0.10536790542300557,0.06171947439549573,0.18487521278669222,0.06924171988706002,0.05721209929561409
2018-03-07,0.0949709088170488,0.06315569588991989,0.035734099910866665,0.09025263793955104,0.058302468186838256,0.1950106064626713,0.08315802154252463,0.06400820125564659,0.18571746386633278,0.07101740435600715,0.05867249177259284
2018-03-08,0.08952680306843808,0.06257856361879532,0.030290579838986482,0.08804600780322558,0.05815981223580821,0.2237522689210507,0.060990211640669166,0.06652581176763192,0.18664288961685865,0.07304076661951384,0.06044628486902204
2018-03-09,0.08440680575416704,0.06256277801691452,0.024846110787372203,0.08589732686093422,0.05854722740403355,0.2516678964742595,0.03899779347573187,0.06838248559094158,0.18675686031989902,0.07517238874431188,0.06276232657143468
2018-03-12,0.07884936352625617,0.06188594242890942,0.02,0.08381544484359159,0.057998195266809806,0.27704365344806414,0.02,0.07062173073327527,0.1880648281789741,0.0772315362550149,0.06448930531910466
2018-03-13,0.07845101323674127,0.06168574390205972,0.020060073317352118,0.08337773165128387,0.05755645968573727,0.27750352593438954,0.020061725206550533,0.07107982153856889,0.18834803502152186,0.07748904846834498,0.06438682203744998
2018-03-14,0.07800008076533875,0.06135574753241165,0.02006347639962622,0.08352731276333256,0.05761391429954907,0.2772983580009192,0.020088480139488902,0.07166156797841948,0.1886523471625915,0.07739178442878829,0.06434693052953433
2018-03-15,0.07799043523332597,0.06110743549325561,0.02007759576316738,0.08356069025284511,0.057459920307116746,0.27759979056080114,0.02010006303956473,0.07173086861495241,0.18902927102071307,0.07697360102954245,0.06437032868471533
2018-03-16,0.07805899581460517,0.06143757507307731,0.020192303432358432,0.08348439198362691,0.05732005500581312,0.2774100716022644,0.020072428732557795,0.07145974398046315,0.1892013266601882,0.07677303152210693,0.0645900761929386
2018-03-19,0.07733279788280506,0.061106511669305294,0.020090572693499127,0.08316397580153267,0.05694568914032442,0.27859881797033614,0.020138748500589485,0.07153834565728254,0.18937739500988676,0.07726909119258221,0.06443805448185626
2018-03-20,0.07748696664018039,0.06110874124478998,0.0200805342554501,0.08317638587886537,0.05759421751089917,0.2785800300521872,0.020105244300191904,0.07127165635117047,0.18876534624260582,0.07694505638099187,0.06488582114266776
2018-03-21,0.07709042206085699,0.0612676889595054,0.01986284513014399,0.08304034383230091,0.05774790298584432,0.27788713149326466,0.020054560380367337,0.07112091467109763,0.18804686396929365,0.07803736154226669,0.06584396497505844
2018-03-22,0.07564912295546586,0.060311633362568444,0.019875363048672982,0.08202483928720228,0.05618412089418347,0.279817069265862,0.02026715903713019,0.07228984847430962,0.18958874002242068,0.07823118682281986,0.06576091682936464
2018-03-23,0.07435176482764484,0.05926491228259515,0.01964201055901702,0.08146265635350561,0.05527967335460234,0.281075185891338,0.02038119264775409,0.07254315480033423,0.18978875145158752,0.07958062292868451,0.06663007490293667
2018-03-26,0.07581778048801384,0.06010993996053929,0.019741946666588885,0.08230865909528443,0.056647117809817,0.27885084973218166,0.020174440598587317,0.07172794269645368,0.18904446290341892,0.07940340182471184,0.06617345822440321
2018-03-27,0.07475479148797394,0.05912499478683787,0.019855672413163293,0.0819503279907191,0.05578663708287767,0.27990050367860675,0.020350427758982388,0.07271550381238402,0.19030554560367993,0.07915455210380096,0.06610104328097416
2018-03-28,0.07455624339632327,0.059123044417198484,0.020245332549717134,0.08245253076022481,0.05552157966543254,0.2800179135382039,0.020352575127422053,0.07292967637895632,0.19086890697211276,0.07808521719902473,0.06584697999538414
2018-03-29,0.07509907317906843,0.05939678869526342,0.020140791130115892,0.08275321520502177,0.056376256024654584,0.2785981650696832,0.02028339127074425,0.07288662839886356,0.19069393297150142,0.07769847401465249,0.06607328404043117
2018-04-02,0.07071548860237437,0.05826076740439753,0.03868394282653756,0.08009220141429113,0.055657886095864646,0.24908124528769782,0.02,0.08111867887731045,0.19857776919908882,0.07902892569468127,0.06878309459775657
2018-04-03,0.0715147407557031,0.05900620512993254,0.03888038018473241,0.08048447434532131,0.05612559468814049,0.2485896062034005,0.019906182144201527,0.08037268208173591,0.19775540191859972,0.07831547045640716,0.06904926209182541
2018-04-04,0.07215482608390487,0.05965291011152704,0.03924828296267759,0.08062403211711386,0.05605189197298124,0.24801082238275576,0.019860141557916475,0.08006776470336353,0.19741324259799248,0.07827281818951022,0.06864326732025697
2018-04-05,0.07263860519947653,0.06007602511005571,0.03923826875653907,0.0810628208501419,0.05612611838598058,0.2477780474621105,0.019786540834689267,0.0793770761690481,0.197248284556408,0.07777873540798419,0.06888947726756618
2018-04-06,0.07124584216506309,0.05906520482149432,0.039010177590559116,0.08078537596531273,0.055202589994985056,0.2487752907518273,0.019936690333540525,0.08050053562571456,0.19846947358831019,0.0783922423649025,0.06861657679829065
2018-04-09,0.07142460394186667,0.05899354328227026,0.038848938091332726,0.08125280396699072,0.0551281752176143,0.2481466790445276,0.019892560080294455,0.08043936921998972,0.1980931387566324,0.07846957786067205,0.06931061053780914
2018-04-10,0.0721871552936179,0.05979740112101879,0.03849976805499844,0.08170143906919336,0.0559152830548547,0.2467523469960651,0.019755661200257655,0.07988058483335017,0.1971249813883541,0.07825073816375036,0.07013464082453953
2018-04-11,0.07172802027250827,0.05985869600206284,0.03854397623786001,0.08129802750594796,0.05587568446247353,0.24647500175265893,0.019752661151169533,0.08007417535394762,0.19703785864732984,0.07877151100986422,0.07058438760417729
2018-04-12,0.0724356148407459,0.06036549916344172,0.0382406293423885,0.08174218311901557,0.055943167693173985,0.2467274659318751,0.019713580749376333,0.07961679439650647,0.19681926397256697,0.07798182492497469,0.07041397586593483
2018-04-13,0.07223110942771596,0.060056167887245784,0.03837886714640656,0.08183210952261284,0.055390420831007085,0.2466954701909301,0.01973306477914017,0.07981040262596999,0.1969082899388464,0.07850164479866914,0.07046245285145605
2018-04-16,0.07272309698362968,0.06052531960236329,0.038510496801431905,0.08184460770133589,0.05538269815743524,0.24632079865100517,0.019695853142184673,0.07972511917062719,0.19664962960781543,0.07850253762537583,0.0701198425567957
2018-04-17,0.07329722793821163,0.06101394036396952,0.03890161843409958,0.08198594353864873,0.05534501346781846,0.24563749613419975,0.019652708437447878,0.0797208913532025,0.19612089861339035,0.07835837357284767,0.069965888146164
2018-04-18,0.07331594416305946,0.06114745687546826,0.038816065232201484,0.08237193390366804,0.055793383095977214,0.2453122809950701,0.019566599060651644,0.07904491515402903,0.19502042958149718,0.07838171243889118,0.07122927949948635
2018-04-19,0.07319402954005307,0.06096143804677476,0.03841138233278386,0.08238183468239073,0.05568555021820713,0.24627057009357295,0.01958921234534106,0.0787072537224285,0.19504205800601865,0.0785340355206172,0.07122263549181207
2018-04-20,0.07290282468362842,0.06090924267124879,0.038254579242141165,0.08244250363384671,0.05523704946021874,0.24729938503657548,0.019612479910391088,0.07849467364578132,0.19513316736203054,0.0782908092708524,0.07142328508328528
2018-04-23,0.07299427894277243,0.06090460969472622,0.038334222450680765,0.08245372137238231,0.0548698762975001,0.2476170016028382,0.019620694465761142,0.07862483752266174,0.19532264068944935,0.07777545460836092,0.07148266235286674
2018-04-24,0.07220774631815711,0.06072086259320997,0.03853235918873569,0.08234083824665087,0.054761408717520485,0.24835234563456812,0.019650969233233364,0.0784800936644053,0.19527871272736783,0.07836639720544253,0.07130826647070873
2018-04-25,0.07254235088942268,0.06076121071326672,0.03853215526525889,0.08237833066621703,0.054456110248750265,0.2488581734781454,0.01965060706156558,0.0781226051136345,0.19508771059575827,0.07802525848704416,0.07158548748093653
2018-04-26,0.07298746835818445,0.06079747459724016,0.038845207682032916,0.08245675180486332,0.055023753464980014,0.24791006156648868,0.0196283418225477,0.0783555499296758,0.19488533938575583,0.07744133795683941,0.07166871343139158
2018-04-27,0.07288500123794431,0.06056903984982996,0.03925618396634917,0.082344986545878,0.05523390349766711,0.24740411426484005,0.01961522614641917,0.07877511357623934,0.19486857617142814,0.07758775143053272,0.07146010331287188
2018-04-30,0.0724849229389009,0.06016579405890845,0.039223997546545916,0.08226019664305304,0.05495818364575688,0.24786361267747217,0.01968002652184213,0.07908932064341455,0.1951315110172638,0.07719603492016398,0.07194639938667802
2018-05-01,0.07199433722059492,0.06056731935774622,0.03678768745987275,0.0819389218630568,0.054785765254583604,0.2851399829371251,0.01968408093474004,0.07056691922722058,0.17008474009835922,0.07678671235822179,0.07166353328847885
2018-05-02,0.07089951291274951,0.06080773246795858,0.03392229565228426,0.08180109149266535,0.05446877627755814,0.32253966016332697,0.01970361349499872,0.06215364947852248,0.14516163577019423,0.0768191852731524,0.0717228470165893
2018-05-03,0.07003004043845354,0.06044242354301317,0.0311260591098021,0.08174936412276892,0.0543902804429945,0.3594706882980804,0.0197228742454382,0.053913023479389824,0.12008728489050463,0.07705841562446282,0.07200954580509186
2018-05-04,0.0699075934177376,0.060889938907372515,0.028549769464331062,0.08154865865109745,0.054538637583863785,0.3951710692868251,0.01966589402384411,0.045472744401795676,0.09521922953593139,0.07692147929728282,0.07211498542991841
2018-05-07,0.06928571067935757,0.061125443195678614,0.025956147289982825,0.08132316572263673,0.054384708453227404,0.4306532994232686,0.01965973427542112,0.03738753846198452,0.07142753427076098,0.07687113574636228,0.07192558248131933
2018-05-08,0.06840513903368994,0.06099958938837887,0.02305530989666681,0.08109013195343198,0.05471749792714958,0.46728044324681495,0.019647359294933733,0.02911006684407849,0.046998964627824366,0.07681162365458584,0.07188387413244539
2018-05-09,0.06765313801591986,0.060646069314728546,0.02037209060935105,0.08091068632426185,0.05478057755555624,0.5032413745899837,0.01967106950909957,0.021046526378032757,0.023168111403139773,0.07675730382994425,0.07175305246998248
2018-05-10,0.0674784087700459,0.06056731935774622,0.02,0.08087703248857159,0.054785765254583604,0.5081571475476121,0.01968408093474004,0.02,0.02,0.07678671235822179,0.07166353328847885
2018-05-11,0.06769092779369001,0.060690951172877025,0.01991985525649883,0.08109963548326836,0.05469880507398692,0.5082068576615002,0.01968794940863478,0.02005241133268448,0.020036726316921674,0.0766837992931176,0.0712320812068202
2018-05-14,0.06773058328613799,0.06046594812873894,0.019775774297099973,0.08125542234611777,0.054774033820565664,0.5082624195939268,0.019647384676545736,0.019948637271722504,0.020002405861394543,0.07637927897712486,0.07175811174062527
2018-05-15,0.06756224178351612,0.06074537809929559,0.019569606279179648,0.08102527314149822,0.053880749956111654,0.5102080559829083,0.019625247082518393,0.01980897137136585,0.019939128347498534,0.07547911511326497,0.07215623284284274
2018-05-16,0.06771594266577026,0.0612605682737312,0.019475398642629548,0.08098284585988438,0.054587090022901776,0.5092274373500572,0.019546651528972756,0.01969501965705516,0.019874662026957812,0.07521718071890483,0.07241720325313522
2018-05-17,0.06769178989329937,0.06157234191734236,0.019384542293838482,0.08114708322763986,0.05378030697271183,0.5095987628822035,0.019544517266118847,0.019605103894143473,0.019846006722971488,0.07529699988943399,0.07253254504029691
2018-05-18,0.06753263007423002,0.061661514726114725,0.019431190878366266,0.08086443572070486,0.0533368146338322,0.5099199815361157,0.019623393200829207,0.019776755386770754,0.019930936005432907,0.07533900054278023,0.07258334729482327
2018-05-21,0.06786412760605803,0.061908335621409266,0.01958881185514672,0.08116379676685731,0.05352197724825232,0.5085991094105181,0.019586158932595917,0.019735625331164634,0.019891484822231315,0.07518681694059516,0.07295375546517124
2018-05-22,0.0677127276175988,0.06149384307493215,0.019625288421858053,0.08110667900282255,0.0537363163345073,0.5088792391824284,0.019589172303894103,0.019716186521219994,0.019881556316855415,0.07518523428221295,0.07307375694167031
2018-05-23,0.06784872326751384,0.06152807304514347,0.019777598206215722,0.08015349103109853,0.05367342309130375,0.5089302834576607,0.01966400668160782,0.01984460288512784,0.019952049331704746,0.07520932849903235,0.0734184205035912
2018-05-24,0.06770745507466848,0.061548790808602254,0.01972816297397931,0.07990208913359458,0.05338300023121835,0.5092188946719278,0.0197138459982158,0.02000209384202493,0.02000703064543537,0.0758512206099673,0.07293741601036575
2018-05-25,0.0676222758026575,0.06150789711721182,0.019817214865109126,0.07947155691328624,0.053662775402486526,0.510221402512929,0.01981384620272978,0.02014929280560108,0.020088781140778098,0.07570324523127082,0.07194171200593996
2018-05-29,0.06698720456931967,0.06155532159595133,0.019918732979150283,0.07801930313932952,0.05252639073103216,0.5127823324641775,0.020070476691131846,0.020634557509323376,0.020238087496305544,0.07585249166109855,0.07141510116318016
2018-05-30,0.06762114220709578,0.0622914408998872,0.02009384500781466,0.07890680053994771,0.05274058297329157,0.5102073569376784,0.019908198012127305,0.020417638937056694,0.020082359455157406,0.07567238428737441,0.07205825074256884
2018-05-31,0.06735028946701489,0.06192595356659675,0.020100722618782537,0.07857696800034547,0.052829986598988805,0.5110509946404105,0.01994094573962876,0.020427497106451288,0.020116495209377323,0.07566786502077602,0.0720122820316277
2018-06-01,0.06793730365206661,0.06226501719418652,0.052865445446059034,0.07916983351656959,0.05351154825241264,0.4777275189251678,0.01984564974870267,0.02001007888155778,0.020001895746626273,0.07521075581875775,0.07145495281789345
2018-06-04,0.06793730365206661,0.06226501719418652,0.054013356942951896,0.07916983351656959,0.05351154825241264,0.476591582056459,0.01984564974870267,0.02,0.02,0.07521075581875775,0.07145495281789345
2018-06-05,0.06794288822214636,0.06261020426775672,0.05391033047866404,0.07899481648153782,0.05306567785271415,0.4765704810330283,0.01988361937139816,0.02003395962572755,0.020001048181275266,0.07545707834688316,0.07152989613886875
2018-06-06,0.06834756015574832,0.06291316151194153,0.05384300041259616,0.07951469976070065,0.05373710219093405,0.47526272487189525,0.019756337490447192,0.019824242070428353,0.019880309622765793,0.0753200390381627,0.0716008228743802
2018-06-07,0.06837730310261775,0.06260420283997056,0.05390629924002533,0.07910798076879508,0.0529450937037145,0.47597809762799764,0.01985088179236351,0.02002711605980665,0.019957236527725426,0.07532418087493702,0.07192160746204673
2018-06-08,0.06855535507987502,0.06277068513981947,0.05404386494194399,0.07917014031992563,0.052823877328953175,0.4756965797351925,0.019816630772316407,0.019959963986302957,0.01991717199569033,0.07538964568395255,0.0718560850160282
2018-06-11,0.06860859750610258,0.06283018282001197,0.054027610476782284,0.07963209078219936,0.05279468621985092,0.4752624853129517,0.01978620707894053,0.01991221639538778,0.019887042850951518,0.07548274225698481,0.07177613829983673
2018-06-12,0.06873301838732049,0.0631493486103901,0.054327900540932776,0.07916756271009903,0.05268533812286731,0.4752813216001232,0.019784812051725522,0.019927587388281966,0.019899130048626368,0.07527074886706851,0.07177323167256486
2018-06-13,0.06862192070031069,0.06299992549244528,0.05331644937911902,0.07940523077079624,0.0524145671374117,0.4758032303624818,0.01979264852485929,0.01994903160505854,0.01991139941397345,0.07561676222783754,0.07216883438570659
2018-06-14,0.06877282425024524,0.06331579878345864,0.05383093311503693,0.07921112165934033,0.05204402222747259,0.4758235536436722,0.019848782139527607,0.020108210871387085,0.019995633379861794,0.07570931693023941,0.07133980299975844
2018-06-15,0.06893180809046237,0.0635622806998447,0.054079076868480264,0.07908903266465743,0.05181860635433766,0.4777630546057703,0.019935772505960757,0.020198929174957185,0.02003952649537688,0.07472508944495962,0.06985682309519307
2018-06-18,0.0688268615629689,0.06389570608275605,0.05406014171694769,0.07856615362814494,0.051215898897428926,0.47813376650328165,0.019956241097307408,0.020191277680009126,0.020029270083102707,0.07462338351668425,0.0705012992313685
2018-06-19,0.0687088565441992,0.06403536828470213,0.054168247946913266,0.07800944312113067,0.05075810181973044,0.47932310795826877,0.020050693183559433,0.020351980826403143,0.02008237516170943,0.07459064746484571,0.0699211776885379
2018-06-20,0.06879580015740104,0.06452348206086532,0.05467208612432894,0.07803287563028159,0.05095536233874143,0.47888219128610876,0.019978108451398493,0.020164773908077933,0.019961428299597225,0.0742245498746118,0.06980934186858763
2018-06-21,0.06851873956546654,0.06406407859905264,0.055077015688885365,0.0776533161005099,0.05035214331299671,0.48025065843046283,0.020076266847692693,0.020316442597368232,0.019990653460960225,0.074262073477523,0.06943861191908195
2018-06-22,0.06842125996930605,0.06364413824160658,0.05524770993761194,0.0782208527206056,0.05070855758990657,0.47875213147953233,0.020015142118677772,0.020248935918080996,0.019950384574534102,0.07420027619792273,0.07059061125221537
2018-06-25,0.067814644863008,0.06290629800305853,0.05532097722460624,0.07750758646751973,0.050268120303752314,0.4812293219804341,0.020139037766236947,0.020391961908160592,0.02002705324646128,0.0742785622291011,0.07011643600766118
2018-06-26,0.06789124795994964,0.06320365964401292,0.05547941714429295,0.07756268435171429,0.050016718681348334,0.48070859307339814,0.020127085217883676,0.02039856302329476,0.020072129769523495,0.07380828895160865,0.07073161218297315
2018-06-27,0.06753099707330894,0.06237787065602978,0.05534677101243116,0.07706385597200893,0.04920216079825339,0.48244134054175086,0.020264481883384283,0.020652625588914474,0.020201116080863522,0.07360781660486618,0.07131096378818853
2018-06-28,0.06781050271074686,0.0624705647292172,0.05585050137802702,0.07723281147857759,0.04954272349540702,0.48168412014624507,0.02021297280908643,0.0206252762391712,0.020143022481974655,0.07326916768311877,0.07115833684842825
2018-06-29,0.06775530262441151,0.06228814484687737,0.05586347574196836,0.0774871096555399,0.05017229435218912,0.4804848765684072,0.020151759560447628,0.020508097500305564,0.020108221537716464,0.07337018039107998,0.07181053722105689
2018-07-02,0.0681240298876242,0.06292470308397072,0.055713785739638345,0.07703446238574958,0.049838168611114154,0.46990029036408276,0.02,0.02,0.02,0.08592504714085528,0.0705395127869648
2018-07-03,0.06775577639869429,0.06305677754001211,0.05602552718613093,0.0771212865932271,0.04977920729791083,0.46918543418903536,0.020013137792408424,0.02006930587255896,0.020035770223052883,0.0866322944277666,0.07032548247920231
2018-07-05,0.06807689927068163,0.06355916040174628,0.05656204188019385,0.07762191600474161,0.04948329411050394,0.4675383272361204,0.01994722140201437,0.020058634486515833,0.02003052475615627,0.08662960713906753,0.07049237331225798
2018-07-06,0.06845726553553681,0.06391383826329741,0.05663558491142801,0.07781545772988831,0.05002229229349975,0.4663192861122344,0.019907896482371828,0.02006692187663344,0.020001284248045075,0.08624511744006001,0.07061505510700451
2018-07-09,0.06891577360896987,0.064169477391949,0.056003628137282914,0.07838430910961554,0.050804692798596,0.4649739553997704,0.01981205800473468,0.019892194226108842,0.0199694230629766,0.0862579040607503,0.07081658419924544
2018-07-10,0.06919402456010454,0.06390558808794022,0.05620029199293775,0.07838412072596079,0.050711906895045074,0.4651214405328245,0.01980523468606737,0.019899268477473694,0.01995562567756417,0.08613630958883854,0.0706861887752429
2018-07-11,0.06914359149610583,0.06378373395968509,0.05639982925234952,0.07758520073128108,0.050052611130603525,0.4683758995176313,0.019977563163699582,0.020108481548088558,0.020128144831655474,0.08576725217837922,0.06867769219052042
2018-07-12,0.06955566629935038,0.06389559777307706,0.05639207326578373,0.07794613627558061,0.0505795386578644,0.46687803120032934,0.019908291719225542,0.020044945096586397,0.02010967038649849,0.08585937286317864,0.06883067646252501
2018-07-13,0.06961719506629037,0.0637115225861643,0.05620402106246092,0.07819593229581519,0.05061907546329081,0.46703550733879795,0.01994326262159595,0.020097656094226448,0.020127275261263265,0.08548971640596338,0.06895883580413106
2018-07-16,0.06973906371587373,0.06363216894612167,0.05609639883107807,0.07836822928722857,0.0504752933779277,0.4681593170993399,0.01996292743080026,0.02006711495935082,0.020147415786829756,0.08567228959419165,0.06767978097125757
2018-07-17,0.07003634649970858,0.06392836267483779,0.05581050614080355,0.07852402221014901,0.05085668408703674,0.46817628751886753,0.019955556742958035,0.02003368809096064,0.020137823966084663,0.08476505491822581,0.0677756671503674
2018-07-18,0.0701471765134891,0.06407439601695535,0.05551823214290653,0.07849474918491495,0.05077238254599368,0.4679047152403557,0.019929594676296982,0.019942833351508,0.020123865115709804,0.08474282938489033,0.06834922582697926
2018-07-19,0.06988572239470062,0.06453117419347644,0.05608186055729773,0.07833635515442934,0.050149784816142115,0.46815044953143703,0.01998502967698466,0.020070121406017025,0.02015614377013828,0.0843822755384159,0.06827108296096059
2018-07-20,0.06974091294711289,0.06420818051813551,0.05555902436282415,0.07863314059402364,0.05081988306759489,0.4677149580237272,0.01989636566110458,0.019805442208874854,0.020078160893014247,0.0848497416988431,0.06869419002474471
2018-07-23,0.06994970865397505,0.06436100952258626,0.055483353552306276,0.0787221840887568,0.05054179516497799,0.4679633180040455,0.01982146605628393,0.019583222212279445,0.020020669037787903,0.08453771172830554,0.06901556197869514
2018-07-24,0.07021793947366525,0.06359839078754982,0.05514732654873277,0.07909044107592798,0.051221410216685005,0.46746196853041955,0.01981147410347739,0.019627129991524706,0.020059528621321168,0.08446610857565554,0.06929828207504081
2018-07-25,0.07054030748842517,0.06358201547865158,0.0553804679677817,0.07936894236385128,0.05185079488101445,0.4654718457305087,0.019720673837249528,0.01951958027213836,0.020007360734230487,0.08460088313277234,0.0699571281133763
2018-07-26,0.07046587034944675,0.06400718689020042,0.05560471382739912,0.07911550453111645,0.05134206555662638,0.4660801525743971,0.019725092027679386,0.019507469249716986,0.020052621725639652,0.08405077093572849,0.07004855233204921
2018-07-27,0.0701264416518315,0.06293762222619216,0.055174896351118566,0.0794216566240495,0.05162819313329013,0.4670557379208816,0.019795124125346397,0.01957873078409689,0.020118292624680435,0.08426022845712056,0.06990307610139222
2018-07-30,0.06980427662234602,0.06257350471651967,0.05528594480530851,0.07946035424662248,0.05157994108951094,0.4673512751911705,0.01978234782224794,0.019523881686224567,0.02010315049871056,0.0841825221344611,0.0703528011868777
2018-07-31,0.06998399810099618,0.06306179893304754,0.0561023776015358,0.0793778805167407,0.051735869891399486,0.4662562076656896,0.019763180279737367,0.01958448094758031,0.020118613918023838,0.08423217975791986,0.0697834123873292
2018-08-01,0.07005606396720632,0.06319042769044379,0.056441052343076385,0.07918814850533253,0.05141324896319948,0.5055874286355455,0.019769795277368305,0.01947743938613226,0.020041274115736932,0.04587705145156248,0.06895806966439598
2018-08-02,0.07005606396720632,0.06319042769044379,0.056441052343076385,0.07918814850533253,0.05141324896319948,0.531505754202845,0.019769795277368305,0.01947743938613226,0.02,0.02,0.06895806966439598
2018-08-03,0.07023133998199645,0.06285913649092864,0.057006541962973556,0.07909401077852368,0.051719734662392464,0.5306260844529869,0.019785270795123804,0.019539561111984783,0.02002691212303241,0.020034227891563023,0.0690771797484942
2018-08-06,0.07048708335944176,0.06320886267311424,0.056970418665915325,0.0787552776673076,0.051320666552372496,0.5307401496452643,0.01979449079496354,0.019550534455633033,0.020045471420303416,0.019930862774427217,0.06919618199125689
2018-08-07,0.07061415804538737,0.06326527087966267,0.056684476293340516,0.07925201971724372,0.05176960639507624,0.5297556990575819,0.01972412166603574,0.019419853817322842,0.01995318874200765,0.019946331960397655,0.06961527342594347
2018-08-08,0.07067522000194212,0.06328993901432481,0.056417640579641076,0.07928424669597033,0.05176597405751363,0.5305005295118926,0.0197669776046297,0.01946448006157585,0.019947637553976483,0.02002774455361457,0.06885961036491861
2018-08-09,0.07057919336026504,0.06345281489428418,0.05648738977614444,0.07905266358327476,0.05161431402356588,0.5308235198415471,0.019821573175525593,0.019628481068964386,0.01996338514126142,0.019998263194533003,0.0685784019406341
2018-08-10,0.0703223102709715,0.06347026554027525,0.05615379269960914,0.07771263953332802,0.05067053226519305,0.5329712527176708,0.019968474598036037,0.019831955868889174,0.02005793232958412,0.020051139956837338,0.06878970421960551
2018-08-13,0.07024314945330615,0.06326477540683845,0.056273451268690634,0.07763664585640238,0.04996851675757018,0.5342433613760741,0.020015074635848652,0.019842867439280855,0.02010540547354261,0.019800577406220012,0.06860617492622585
2018-08-14,0.07056583105726136,0.06377809455238782,0.05647977622781291,0.07748714396457664,0.05018508762628879,0.5332947831987184,0.019960014955469754,0.019763219039211508,0.02009581204410885,0.019784667890904217,0.06860556944325955
2018-08-15,0.07037863474446804,0.06328352054994697,0.05718036619016587,0.07673881318295024,0.04897725788055829,0.5361392094808651,0.020105880819921013,0.019974796864586183,0.02023525971199336,0.01955008692458209,0.0674361736499627
2018-08-16,0.07074539933486838,0.06368781806954979,0.05747726101003197,0.07705672127798142,0.04914322807381754,0.5344790633561962,0.02004257115369341,0.01991608166833975,0.020203602980313633,0.019478454152351006,0.06776979892285682
2018-08-17,0.07080198767773198,0.06378797644380672,0.057836107279970565,0.07730199330907163,0.0495262683752853,0.5332222124597733,0.019996041499274968,0.019886748125330995,0.02016622311736355,0.01960574349378975,0.06786869821860121
2018-08-20,0.07082254695660704,0.06384799717500624,0.05781960110447667,0.07757777566094369,0.0496573834567986,0.5325576072673841,0.02002144591754832,0.01998294628071925,0.020181071111630807,0.019667291626948975,0.06786433344193618
2018-08-21,0.07088049423461568,0.06448330838884277,0.05734335040970573,0.07793543340777609,0.050213187802557804,0.5316186227192758,0.019963721226135156,0.01988532938276282,0.020100065593182195,0.01969483201518343,0.06788165481996233
2018-08-22,0.07071481839115387,0.06452912833027125,0.05692501593597715,0.07810070122785992,0.0505224793158389,0.5308184746652049,0.01996576820378649,0.019929136704663925,0.020063268689600296,0.019703959953339525,0.06872724858230361
2018-08-23,0.0707710941852671,0.06446991319893806,0.05692125131098027,0.07770946943063281,0.04981104041327939,0.5318834588564563,0.020006280858079848,0.020002655281414348,0.020112867300463046,0.019559332388205754,0.06875263677628299
2018-08-24,0.07095158472760528,0.064597779216785,0.05701525527424135,0.07789282946638011,0.05056029694610621,0.5301134535825912,0.019943126539161277,0.019972896108295928,0.020083269294666636,0.019832404526410777,0.06903710431775617
2018-08-27,0.07135127399375907,0.06454670579587556,0.05678387449523253,0.07875702430405275,0.0511679948435576,0.5287333280667661,0.019853887082026875,0.019813999925154428,0.02000716487173021,0.01986242838742335,0.06912231823442135
2018-08-28,0.07141586974361233,0.06463406068985998,0.057414809277651566,0.07872095748600497,0.051003394220117015,0.5287658692217585,0.01981776343126028,0.019703350419358213,0.01993972599600379,0.019713006826097574,0.06887119268827557
2018-08-29,0.0716535659978533,0.06468962592230298,0.057242540745913915,0.07898671062143554,0.0512128190186389,0.5276231122055327,0.019771516541888554,0.01968915890795667,0.019878367973840627,0.019762753122783635,0.06948982894185303
2018-08-30,0.07153269834222571,0.06479038454511488,0.05717817800966462,0.07842303904897927,0.04999560458858133,0.5292552879242175,0.01985516815185231,0.01977824530858979,0.019944478544541084,0.019712473238826203,0.06953444229740721
2018-08-31,0.07152019458365978,0.06502487361567526,0.0573800561330795,0.07778288314983985,0.050241177934423786,0.5292715355634718,0.019854883235557442,0.019727638430391416,0.019910984296784975,0.019685802332181954,0.0695999707249341
2018-09-04,0.07434428599588878,0.06496099712707487,0.05697078619901133,0.07739316020512257,0.02,0.559773665474337,0.019878470035271545,0.019682775940355217,0.019943486034366017,0.019653441054674713,0.06739893193389797
2018-09-05,0.07424647113957074,0.06487688477958779,0.05731277423098157,0.0767919006004996,0.01973897995697222,0.5605458295993351,0.01990394350698901,0.019657380799955108,0.019958826963374508,0.019748517574217427,0.06721849084851705
2018-09-06,0.0740699572091814,0.06447970344844335,0.05757111389131187,0.07660833877420009,0.019770441231272067,0.5611038745328121,0.019957515324309248,0.01974215340635371,0.020027157656545263,0.019799414460260924,0.06687033006531004
2018-09-07,0.07410675399275703,0.06460324660440157,0.05700958213413695,0.07617857061889238,0.019719114767280353,0.5618673400887227,0.01991640900322577,0.019622410124731683,0.019992419856542563,0.019793629387803727,0.06719052342150526
2018-09-10,0.07414066986186582,0.06460009886699684,0.0572978015616963,0.0765462841506936,0.01949956970088744,0.5612164434020902,0.01990265408368941,0.019669704560828248,0.020033037576854627,0.019754355101456997,0.06733938113294045
2018-09-11,0.07435410495568587,0.06467903485004055,0.05715588762100148,0.07658408142003661,0.019534073820229887,0.5606448654948316,0.019822162161606306,0.019511861366374166,0.019979415640337318,0.019758328581392606,0.06797618408846351
2018-09-12,0.07429179945570048,0.06445430242364111,0.057142703787416545,0.07682646788787263,0.01961236491730629,0.5600393914163571,0.019824142416290297,0.01953678106114254,0.019997835419459386,0.019902598402460274,0.06837161281235328
2018-09-13,0.07466017218302425,0.06440814307779032,0.057427838584645126,0.07732183361374295,0.019858506590018508,0.5595745693739637,0.01980335661421797,0.019547753508970655,0.02002052568169955,0.019812279514893626,0.0675650212570334
2018-09-14,0.07474758106866856,0.06474446864765127,0.057020589546445816,0.07751515583087702,0.019859404721064167,0.5599311212546098,0.01978609928638485,0.019473640976263418,0.020016172006034172,0.019703057324498955,0.06720270933750203
2018-09-17,0.07443452426982729,0.06412812785424384,0.05728530624809941,0.07767109595217964,0.019701438940168948,0.5604188183846529,0.019812004508942077,0.019495295821259702,0.020026243671298388,0.019827937824666506,0.0671992065246613
2018-09-18,0.07471623716646024,0.06429152390445676,0.056990799704574636,0.07835662880612013,0.019858491979686314,0.5594364767733373,0.019697845440113253,0.019259885240919764,0.019911856164349942,0.019765945047818194,0.06771430977216342
2018-09-19,0.07480813209600608,0.06406792703643562,0.05624458284251158,0.07864805791400621,0.020136164859949335,0.5593935502696941,0.01966698211780782,0.01914810209026261,0.019885571557697705,0.019845868237861344,0.0681550609777676
2018-09-20,0.07516093371197696,0.06444354630856772,0.05661516242470071,0.07935546070033142,0.02029011683155269,0.5577151818938606,0.019603803639280278,0.019172129831602484,0.019870724751643434,0.019846913307905945,0.06792602659857758
2018-09-21,0.07512124568337068,0.06415974388177283,0.05660944790491319,0.07942090328183006,0.02039231863560634,0.5577967667117983,0.019619166333123463,0.019171366815515307,0.01988188330213927,0.019719072679173655,0.06810808477075668
2018-09-24,0.07496001578086876,0.06399795906997481,0.0556798478246821,0.07915544174118853,0.020184963555801176,0.5584548536651888,0.01962091997796087,0.019144812334765123,0.019860223760987752,0.019738858049546667,0.0692021042390353
2018-09-25,0.07484346926905153,0.06405573065293849,0.055554994905982494,0.07949943108214028,0.020252526585829277,0.5581715060979635,0.019589167377779992,0.019113135994256746,0.019847756194668463,0.01975775920793347,0.06931452263145554
2018-09-26,0.07471811541502323,0.0635542533887488,0.055119379591062445,0.07963926662422499,0.020321822251729047,0.5589763989735455,0.01967927567978558,0.01927289339000499,0.019945179612841896,0.019679421002189213,0.06909399407084414
2018-09-27,0.07489143424996132,0.06352794936461086,0.05524004990994251,0.07943933410334056,0.020411403550728298,0.5587118303177159,0.019669961298133937,0.0192768864794501,0.019961774013389538,0.019496111801186766,0.06937326491154015
2018-09-28,0.0748139514423848,0.06364826481832797,0.0558613336284759,0.07870072926041763,0.02025134712041614,0.5583449125603145,0.0196572958436076,0.019204189993119805,0.019925193998467525,0.019597326776330498,0.0699954545581375
2018-10-01,0.08102074944200517,0.06281145512971058,0.055401928127613555,0.07879522487260833,0.02,0.5539294319067339,0.01960797024481476,0.019063642889421875,0.019898187091625073,0.019564775359591165,0.0699066349358756
2018-10-02,0.0810238142744222,0.06217029457713242,0.055359488889625726,0.07843875903938248,0.0197606896017467,0.5544738624112594,0.019670798490178852,0.019192082752540585,0.01992794380131345,0.019803005430518036,0.07017926073188013
2018-10-03,0.08109990250250457,0.06273889244782851,0.05499673500521852,0.07833030915918913,0.0196051777943648,0.5544227454757661,0.019532304548381504,0.018866052752037437,0.019819085757247674,0.019732442734908234,0.07085635182255336
2018-10-04,0.08083993221514747,0.06214554190578195,0.05469765076612788,0.07777461158376844,0.01920433479558014,0.5568645098696917,0.019572151093602243,0.0188200123807103,0.019828974424314378,0.019834614426940032,0.07041766653833532
2018-10-05,0.08055431508114567,0.061711298340982226,0.054740814020866446,0.07746942229564652,0.0191737692442691,0.5579529666985412,0.0195656816825202,0.018696980725336102,0.019793017061765672,0.01993182753658653,0.07040990731234022
2018-10-08,0.08058442465402928,0.061604924105598466,0.05548617008113181,0.07712494021313976,0.01920911583136047,0.5580268171429716,0.019580846644458045,0.018641093075399642,0.01977937726205557,0.019718508846869726,0.07024378214298556
2018-10-09,0.08042755078553865,0.06133513048971522,0.0555786785169367,0.07688901738391887,0.019129325766592712,0.5579563918211131,0.01960856502668158,0.018820532321867207,0.019825798082987137,0.019719393013146225,0.07070961679150252
2018-10-10,0.07855999645216213,0.060092761592306324,0.05521887470638746,0.07591220647646729,0.01872315044770903,0.5629569164771009,0.01978942601012699,0.018932910765963134,0.019943862192727282,0.019940788583339905,0.0699291062957096
2018-10-11,0.07725977912639313,0.05927515731687,0.054015340723538814,0.07527241729200808,0.018637512749681607,0.566313849502193,0.01998182246828088,0.01927042723465634,0.020139075684377117,0.020567608561463207,0.06926700934053787
2018-10-12,0.07816407764373552,0.059159039269113096,0.0537922070270208,0.07538183136872645,0.01914379394158801,0.5650940984346359,0.019914955639277164,0.019161962755586674,0.020099245758659037,0.020425815468376823,0.06966297269328049
2018-10-15,0.07771305894837449,0.05936943306287115,0.05407579587423995,0.07519316625543836,0.01893656276128778,0.5652115014218153,0.019923800893059247,0.019150642906251073,0.020058911015615657,0.020559140361814544,0.06980798649923237
2018-10-16,0.07889778427390919,0.06069496571038504,0.054892443267560584,0.07598429258105208,0.019285866392751365,0.5613462365546535,0.01979273573816379,0.01906979613243738,0.019980037959680296,0.020390714557908272,0.0696651268314985
2018-10-17,0.07907857636724687,0.06056247568628824,0.05473907799854188,0.07570997313965647,0.01909011283376914,0.5624982911894142,0.019777226130400845,0.018996769244008244,0.019923371500783254,0.020432027901738217,0.0691920980081526
2018-10-18,0.0782821856907794,0.059691117260759055,0.0549177304897961,0.074818010245999,0.01867116434333564,0.5653672057582642,0.0199006648601317,0.019074311906222444,0.020011717996232345,0.020545671151258153,0.06872022029722198
2018-10-19,0.07821459934668812,0.059040596691248365,0.05532001992977399,0.07521883920192812,0.018840901471385087,0.5648453255782931,0.01987046047805014,0.019026361194676763,0.019980478666924713,0.020555026275897628,0.06908739116513392
2018-10-22,0.07797953031002848,0.05900132861141655,0.05467542442020187,0.07499998740665874,0.01907350002211845,0.5655505281818272,0.01990403971837799,0.01902957172737015,0.019985388662874283,0.02053241645827495,0.06926828448085133
2018-10-23,0.07777017043411111,0.05861453144794587,0.05515774010594199,0.07447053878908694,0.018909835501056425,0.5672600372662931,0.020003982290323737,0.019136062278027697,0.020062197580565655,0.020703026070691865,0.06791187823595547
2018-10-24,0.07587927715426984,0.05675581823752153,0.055900735927821334,0.07280835955545444,0.0184124724226533,0.571655105093918,0.020235705468089032,0.019399515902739452,0.020214666321281313,0.020879121073558722,0.06785922284269283
2018-10-25,0.07690060310073225,0.05772942446043285,0.05634176665466037,0.07340168471811699,0.0186848727040996,0.5689334178194473,0.020098729110281842,0.019233357569397203,0.020100727148496773,0.020740889356147197,0.06783452735818737
2018-10-26,0.07576511566599073,0.05726235303891116,0.055175703208574026,0.07311264735032137,0.018522988553613045,0.5709109160773831,0.020246539641167596,0.019405040492790283,0.0201924359471636,0.020866581088964116,0.06853967893512072
2018-10-29,0.07544120817095487,0.057020304138241884,0.055885540408959086,0.07300306700250374,0.018225214525786276,0.5718435168633845,0.020270292856337125,0.01938579535617353,0.020194850984750587,0.020810821578938106,0.06791938811396994
2018-10-30,0.07629363320307601,0.05800805924006967,0.0565296820252914,0.07362869594072217,0.018515694600127953,0.5695863284443439,0.020156054045487114,0.019222589072893922,0.02008021480637099,0.020647715792329407,0.06733133282928712
2018-10-31,0.07713973627780739,0.058147817695650146,0.05596505464491446,0.07420500413935631,0.01872400999383433,0.5695427459562653,0.020114260301752715,0.019132670755487784,0.02003122922716913,0.02054013139944526,0.06645733960831682
2018-11-01,0.0776352216500274,0.059240507899890715,0.0559383602486257,0.03697585230049097,0.019312453833914806,0.6058762720958725,0.02001469547293579,0.01907041192411933,0.020002515291269538,0.0202220312434859,0.06571167803936737
2018-11-02,0.0776352216500274,0.059240507899890715,0.0559383602486257,0.02,0.019312453833914806,0.6230913664040547,0.02,0.01907041192411933,0.02,0.02,0.06571167803936737
2018-11-05,0.0779453834344407,0.0591047598483619,0.05667285206449807,0.01996972986931984,0.019335188269214106,0.6223735764184645,0.01998171430299765,0.01911635460343487,0.0200054694767647,0.019921795669890694,0.06557317604261304
2018-11-06,0.07839170741142261,0.05936115422982381,0.056883125891005464,0.020039699787179406,0.01929057789441752,0.6218513039229239,0.019947805509489963,0.01909302968846865,0.020027437604338873,0.01985342261725451,0.06526073544367535
2018-11-07,0.07976802639598389,0.06019659268482892,0.0573840317785433,0.02023090057155522,0.01957998674328289,0.6192820165524627,0.01987257924893628,0.019046416821031805,0.020003509543355634,0.019776847829322368,0.06485909183069703
2018-11-08,0.07974957787682464,0.06013122511662936,0.0574965682748874,0.020064956931721823,0.019102284286777006,0.6201897107671817,0.01987621981748412,0.019074939630871823,0.019976439903242722,0.01976554548666444,0.06457253190771516
2018-11-09,0.07918352163790551,0.05917576337459728,0.0577306485596593,0.019986681812048473,0.01879953258361427,0.6221623020698145,0.020007716001604343,0.019269175935370742,0.020044602736260412,0.01959631589191167,0.06404373939721367
2018-11-12,0.07793545207549603,0.05817718305800539,0.05783777605487732,0.019717440596002663,0.01859023628443846,0.6244674326360675,0.020127421378288494,0.01945275164126296,0.02010252480198131,0.01951391226777675,0.0640778692058032
2018-11-13,0.07792090707998255,0.05809015844622282,0.05798591910055351,0.019836219065754435,0.01883516022326386,0.6255968211678764,0.020177444182042915,0.01947362623436478,0.020109523529061653,0.019553724278944903,0.06242049669193231
2018-11-14,0.07736999536782772,0.05765217254091351,0.05787126098851998,0.01984738630786073,0.018944600810484387,0.6259020795599791,0.02021483150976689,0.019481001455326066,0.02005095482677219,0.01971074822528859,0.0629549684072609
2018-11-15,0.07802704560457292,0.058361318682114686,0.057399752777523544,0.0198723923118971,0.019329589081208548,0.6249986968049088,0.02018994766096391,0.019434994604142504,0.019974754464827497,0.01969512752724946,0.06271638048059118
2018-11-16,0.07805077630940371,0.05836593665207774,0.057958166267283874,0.01984894222365446,0.01932310990673753,0.624017554998624,0.020205633360269624,0.019502697937844416,0.019968318724441565,0.019795545307149415,0.06296331831251384
2018-11-19,0.07691038617936877,0.057316779218228635,0.05809397839589078,0.01972165162744427,0.019107932483905837,0.6260065406454955,0.020283018635414905,0.01960293568165037,0.019995405775978334,0.019850512450006286,0.06311085890661651
2018-11-20,0.07594391160707391,0.05655191587631648,0.05782233983202922,0.019497659662169726,0.01880908663117838,0.6296437086040798,0.020401739041194578,0.019728430209375588,0.02006775644675074,0.019970646124822664,0.06156280596500914
2018-11-21,0.07602576761498242,0.0572090102421997,0.05776762268147552,0.019725161441935212,0.019112397622926696,0.6281818557714929,0.020350352837738235,0.019675783187691143,0.02006431577043096,0.019957007690370912,0.06193072513875643
2018-11-23,0.07574852896851418,0.05732936073151666,0.057748143639326774,0.019654932108041475,0.01894665920448519,0.6299477980771088,0.020424567219344585,0.019756433132916473,0.020134577662635555,0.02000237490184988,0.06030662435426051
2018-11-26,0.0767429546152431,0.05790126419109679,0.057779179439713425,0.019891584987411365,0.01912333576132432,0.6281534045031846,0.020347859940704014,0.019653308822792495,0.020083802845158726,0.01992060562356433,0.06040269926980681
2018-11-27,0.0770200466502647,0.0574360954452848,0.05797416266141638,0.019820318598176883,0.019261158794467034,0.6283830657519186,0.020372957506486124,0.019680376495208856,0.020063550479249466,0.019806601354778564,0.06018166626274857
2018-11-28,0.0784397288284982,0.05859067584882801,0.05822508383332504,0.020012447062706218,0.019633821971027223,0.625787648713221,0.020279495022433962,0.019496627356399843,0.02002719515124686,0.019791442785603797,0.059715833426709775
2018-11-29,0.07825632752655748,0.05842391808445083,0.058295336127949855,0.019908319993096498,0.019460437019482062,0.625842048828462,0.020328415891332583,0.01957028333079449,0.019966832246011014,0.01985014840941537,0.06009793254244781
2018-11-30,0.07863338440545346,0.05865335957843784,0.058796508648881626,0.019797892061274944,0.01941683114112533,0.6252730605941491,0.020342585500800568,0.019618590102552368,0.019928973657796424,0.01979069555479183,0.05974811875473651
2018-12-03,0.0775284200662649,0.05899060160084035,0.05884640907895893,0.019983841842385042,0.019734249505364496,0.6349562033576299,0.02022943989532618,0.019683169697982457,0.019927359893349254,0.019864336168999117,0.050255968892899364
2018-12-04,0.07433310038099462,0.0575805496893458,0.05847792405732972,0.019722389768751288,0.019536496455248294,0.6502879134165399,0.02028590824029758,0.019972220860244364,0.020005292518720613,0.020018521045430383,0.039779683567097414
2018-12-06,0.07307671053361804,0.05829140241334975,0.05928843422314022,0.0197789880457912,0.019558725685971487,0.6617354708448271,0.020134611533988166,0.019824154421950606,0.019975985321515826,0.019921095768470613,0.028414421207376972
2018-12-07,0.07227649590345121,0.05899060160084035,0.05884640907895893,0.019983841842385042,0.019734249505364496,0.6706935363086691,0.02,0.019683169697982457,0.019927359893349254,0.019864336168999117,0.02
2018-12-10,0.07248335281655077,0.05887522139754081,0.05857164402902535,0.019848333220695732,0.01954522415933274,0.6713395353089746,0.02003094517086126,0.01978365720117468,0.020007164836256773,0.019814435135224805,0.019700486724362514
2018-12-11,0.07252612137690925,0.05883505688354843,0.058636142644840676,0.019918118717196436,0.01970096058174737,0.6709379584369008,0.019987571044806838,0.019787505048483808,0.020050089495123782,0.019798041927352374,0.01982243384309025
2018-12-12,0.07286561113547634,0.05937601078152171,0.05764995247240534,0.020204146534688914,0.020015975131229023,0.6706207016104831,0.019926006245196057,0.019692340584529892,0.020064412450581028,0.019833154893703697,0.019751688160184903
2018-12-13,0.07281801666160521,0.05851711507642196,0.057977572100584275,0.02016159009709505,0.02000473400609929,0.6710548179381621,0.019931422533924867,0.019639577905764746,0.020111570228101155,0.019783158031201627,0.02000042542103971
2018-12-14,0.07167642621332963,0.0577954613035206,0.058026649584961995,0.019958063079639116,0.019778499138053973,0.6733242334285314,0.02001925671487673,0.01976374450348131,0.020147239855623052,0.019760002983486968,0.019750423194495197
2018-12-17,0.07058000112142788,0.056757557252349475,0.05613103878566782,0.019886889612015214,0.019681139815501562,0.676982197882995,0.02016631755493495,0.019966468392432716,0.02025758748401883,0.01998443667932584,0.019606365419330703
2018-12-18,0.0704476694123534,0.05664296281971468,0.0565904736786989,0.019887462010943505,0.019799239579873774,0.6768507295440138,0.020200191657509626,0.020070373800242517,0.020314064657564395,0.020016299355394004,0.01918053348369135
2018-12-19,0.06959707205850246,0.055626708705337986,0.05613548196984383,0.01975461160780886,0.01952778906545523,0.6790075165372436,0.02033057470420914,0.02039542095173666,0.020357661403749512,0.019952924024108226,0.01931423897200446
2018-12-20,0.0686645616542166,0.05486940730248734,0.05547820845594049,0.01973159173432109,0.01973759388542576,0.6809132427534849,0.020364407673817135,0.020380842236888373,0.02035028124436742,0.020319766900693866,0.019190096158356998
2018-12-21,0.06751248677877283,0.05364793194597572,0.054996166991049984,0.019461448039187864,0.019674437470924715,0.6839840159330568,0.02045937127006711,0.020454639128890433,0.020407364879029787,0.020307770875456654,0.01909436668758805
2018-12-24,0.06602738586339789,0.05284645209901181,0.053256436103311204,0.0193223486164471,0.0195791601124095,0.6876698723411663,0.020604139808254762,0.020649742942621212,0.020452678126160924,0.02062346525224225,0.018968318734977025
2018-12-26,0.06882483344205062,0.05495628648290445,0.05457499449777294,0.019617169490606344,0.01981404880976546,0.6816763585552136,0.02034735021716639,0.02026985294556014,0.020277576841520997,0.02040195381749171,0.01923957489994735
2018-12-27,0.06923967021397438,0.05509503732637853,0.054573568035137084,0.01964224671459332,0.01975619313952499,0.6812948444349554,0.020365317601390546,0.02024003582627134,0.020244374981280528,0.020523448682062358,0.01902526304443156
2018-12-28,0.06902525646075112,0.05515311461829311,0.05464306536333797,0.019710825258478695,0.019908171854599074,0.6810400176241534,0.020438730852658328,0.020373410944990396,0.02030339481490619,0.020569578439220786,0.01883443376861099
2018-12-31,0.06951288593029654,0.05549147976890546,0.05471922804684163,0.01970789424958345,0.01978356558842128,0.6801401579642596,0.02048105807996143,0.020416481942975774,0.020325140066360443,0.020567258973042228,0.018854849389352397
