Date,Robust Adaptive TSMOM,12-month TSMOM CTA
2005-01-03,0.9929023092072751,0.9935062144352141
2005-01-04,0.9731382970627505,0.973382020680711
2005-01-05,0.9701243662467223,0.9697719439017921
2005-01-06,0.9637911299364997,0.9631582911081958
2005-01-07,0.959125619431075,0.9586026346958861
2005-01-10,0.9641469330321787,0.9636477815945987
2005-01-11,0.9676712008006039,0.9668699888296273
2005-01-12,0.9792238744668794,0.9785027409688882
2005-01-13,0.974615124768155,0.9739749420327326
2005-01-14,0.9752011825705214,0.9754368573425173
2005-01-17,0.9752011825705214,0.9754368573425173
2005-01-18,0.9799084835972984,0.9805896656025321
2005-01-19,0.9712558136863927,0.9713036570911203
2005-01-20,0.9655674609408837,0.9656799637501599
2005-01-21,0.972411341896333,0.97220051382879
2005-01-24,0.9711895616514317,0.9705187147739464
2005-01-25,0.9620978346071984,0.9615587606102727
2005-01-26,0.9722273977673991,0.9715048665221595
2005-01-27,0.9737246475439044,0.9732882810830528
2005-01-28,0.9738779599763747,0.9738297703565459
2005-01-31,0.9762149519934415,0.9764670613090836
2005-02-01,0.9784905442970432,0.9784934643661244
2005-02-02,0.9798206043040802,0.9799256672903005
2005-02-03,0.9726056754517153,0.9732872436522211
2005-02-04,0.9775606784457483,0.9788813289077866
2005-02-07,0.9745210934340856,0.9765684271956473
2005-02-08,0.9748208104756456,0.9769284805929003
2005-02-09,0.9716097786099727,0.974535880796798
2005-02-10,0.9740546776874548,0.975566075489618
2005-02-11,0.9778673600386264,0.9789287270770559
2005-02-14,0.9821751313084264,0.9824789160447097
2005-02-15,0.9857312104560589,0.9853540867696423
2005-02-16,0.9835864736956963,0.9833729946030045
2005-02-17,0.9794084692208809,0.9788614847342788
2005-02-18,0.9772518418681162,0.9764392051167649
2005-02-21,0.9772518418681162,0.9764392051167649
2005-02-22,0.9745947799737706,0.9721175077612222
2005-02-23,0.9736959418968061,0.971410777407916
2005-02-24,0.9755791025188769,0.9734246537748618
2005-02-25,0.9781081793236455,0.9748843017976713
2005-02-28,0.9732923456519315,0.96906955421015
2005-03-01,0.9737667491496356,0.9691943430899136
2005-03-02,0.9696825537825516,0.965403925527374
2005-03-03,0.9678082764160965,0.9636286664111392
2005-03-04,0.9784781181288857,0.9744683058619574
2005-03-07,0.9812897268753042,0.9775237889294521
2005-03-08,0.9864692403861478,0.9828686346945709
2005-03-09,0.9880057676710514,0.9843693077237169
2005-03-10,0.9840647719105432,0.9803783220266274
2005-03-11,0.9835305628975811,0.9803147252032376
2005-03-14,0.979680295204289,0.9763208607312374
2005-03-15,0.972294054227374,0.9692588717552333
2005-03-16,0.9746642131749724,0.971905951026835
2005-03-17,0.9705286796225644,0.9677148579117936
2005-03-18,0.9726616695658975,0.9699028023832054
2005-03-21,0.9675803609994776,0.9644694235662674
2005-03-22,0.9648159658004966,0.9618231519317118
2005-03-23,0.9581774159151749,0.954798289029872
2005-03-24,0.958638907201901,0.9555992484767416
2005-03-25,0.958638907201901,0.9555992484767416
2005-03-28,0.9574645286498055,0.9543384720626693
2005-03-29,0.9542076486482562,0.9511796856131123
2005-03-30,0.9586445676637583,0.9557688977060756
2005-03-31,0.9584763474941356,0.9555357126850194
2005-04-01,0.9571065800065205,0.953501336470911
2005-04-04,0.9565428024765806,0.9527736634755316
2005-04-05,0.9570210522300966,0.9536571890188612
2005-04-06,0.9557811763985001,0.9525333565966647
2005-04-07,0.954243142269682,0.9507621128663601
2005-04-08,0.9575412640198728,0.9540402470538522
2005-04-11,0.9587770149415117,0.955461335160814
2005-04-12,0.9578269576561674,0.9546868790254845
2005-04-13,0.9540741564091557,0.9507294715778769
2005-04-14,0.9482875510034565,0.94372951339372
2005-04-15,0.9519164606077115,0.947709785130707
2005-04-18,0.9592470591357269,0.9557079657612013
2005-04-19,0.9593548722686059,0.9568561104263436
2005-04-20,0.9616829693466572,0.9591250199516594
2005-04-21,0.9608352091751293,0.9582543996908088
2005-04-22,0.9640491053273734,0.9616387145501376
2005-04-25,0.9599878405488177,0.9573467675468383
2005-04-26,0.958677157617244,0.9557508310931508
2005-04-27,0.958379638679023,0.9551831720540347
2005-04-28,0.9589572141872341,0.9553802796497765
2005-04-29,0.9605085280759291,0.9570867336797888
2005-05-02,0.9594872416490681,0.9563484177791771
2005-05-03,0.9558892672010548,0.9525230129083011
2005-05-04,0.968887368534096,0.965644647856226
2005-05-05,0.9751592522339517,0.9719213233716935
2005-05-06,0.9482087941456805,0.9449892923077907
2005-05-09,0.9476925347003469,0.9448319329811006
2005-05-10,0.9571749319207375,0.9542394648730782
2005-05-11,0.9527557796226034,0.9494697441936453
2005-05-12,0.9421956864006167,0.9381834118162636
2005-05-13,0.9372330373492267,0.9328606474367792
2005-05-16,0.9341019328896508,0.9302084118019087
2005-05-17,0.9362686496667453,0.9326264431072876
2005-05-18,0.9468945905758276,0.9431813361970443
2005-05-19,0.9359967026028112,0.9320257835101904
2005-05-20,0.9223105445785411,0.9182698975497443
2005-05-23,0.9254303183100947,0.9214745118158538
2005-05-24,0.933582909920993,0.9295559209573796
2005-05-25,0.9319065728400495,0.9281243405848502
2005-05-26,0.9229691116734561,0.9193123574142946
2005-05-27,0.9324938811294601,0.9289156324808552
2005-05-30,0.9324938811294601,0.9289156324808552
2005-05-31,0.9285611985341192,0.9249436261540293
2005-06-01,0.9402551912667017,0.9352780512258375
2005-06-02,0.9522269484084807,0.9459896519305383
2005-06-03,0.9417297176898852,0.9365027714030656
2005-06-06,0.9434491142790667,0.9371932501604929
2005-06-07,0.94790338767994,0.940843844498001
2005-06-08,0.9429469311111567,0.9365733519212969
2005-06-09,0.9402592154147641,0.9352276161236769
2005-06-10,0.9347495218010926,0.9305991938644722
2005-06-13,0.9284973486957282,0.925830797361669
2005-06-14,0.9235410322083659,0.9214295700566316
2005-06-15,0.9275480292008249,0.9242366603412961
2005-06-16,0.9369642160150808,0.9326360804577865
2005-06-17,0.9382104347907771,0.9334831346617016
2005-06-20,0.9297576866536613,0.9263654038047664
2005-06-21,0.9386594948727727,0.9338431784644651
2005-06-22,0.948562659981508,0.9424832566761684
2005-06-23,0.9435912982353393,0.937681822869889
2005-06-24,0.9437042128346312,0.93713504696768
2005-06-27,0.9576863811555693,0.9499581747879866
2005-06-28,0.951083587839635,0.9449641591321006
2005-06-29,0.9474302449169836,0.9417324725726014
2005-06-30,0.9490541961477041,0.9431353865824859
2005-07-01,0.9391124124150066,0.933965434805873
2005-07-04,0.9391124124150066,0.933965434805873
2005-07-05,0.9326719511933669,0.928429994216124
2005-07-06,0.9365462923906943,0.9319698531792836
2005-07-07,0.9419757832223175,0.9369277049884767
2005-07-08,0.9498450168128401,0.9449582308170936
2005-07-11,0.9507017153129407,0.9459269300492819
2005-07-12,0.9447168217643844,0.9399953575248866
2005-07-13,0.9454437498863093,0.9407985230010778
2005-07-14,0.9404520374178037,0.9357821705592162
2005-07-15,0.9395822505956635,0.9354183495285371
2005-07-18,0.9380878764808009,0.9335476871527779
2005-07-19,0.9498275555530138,0.9455267712168791
2005-07-20,0.9547799411062667,0.9507927612840443
2005-07-21,0.9496564916122173,0.9452311185779025
2005-07-22,0.9608069693088868,0.956867150570417
2005-07-25,0.960484870796159,0.9561049740920691
2005-07-26,0.9568323010187905,0.9531015501727171
2005-07-27,0.9526684754748429,0.9492113157233508
2005-07-28,0.9588112724715319,0.955391027525939
2005-07-29,0.9562414029966481,0.9523548116455803
2005-08-01,0.9579544538767184,0.9543972435798976
2005-08-02,0.9589369026899416,0.9555134080509768
2005-08-03,0.9573237373324777,0.9536701735862091
2005-08-04,0.9508187841564789,0.9471989999282875
2005-08-05,0.9463756541963995,0.9430476801477012
2005-08-08,0.9431314092228803,0.9403866833947597
2005-08-09,0.9443738567595285,0.9416708531852149
2005-08-10,0.9440207810572527,0.9412297924360626
2005-08-11,0.9497923685142009,0.9463210310868662
2005-08-12,0.9479249280829543,0.9437529887537122
2005-08-15,0.9513999148464712,0.9475881177864451
2005-08-16,0.9477658365671457,0.9430866271054817
2005-08-17,0.9417833236625108,0.9380788475118378
2005-08-18,0.9438940606193149,0.9396036320807749
2005-08-19,0.9450862580850506,0.940957492880198
2005-08-22,0.94767683834579,0.9435221544358975
2005-08-23,0.9473999789279445,0.9429313708915903
2005-08-24,0.9427901096048564,0.9382699028832235
2005-08-25,0.9432111350273517,0.9387339404911291
2005-08-26,0.9409577209117223,0.9366481897965083
2005-08-29,0.9415016349223051,0.9369378495967715
2005-08-30,0.9397181927099376,0.9345318837452506
2005-08-31,0.9415626400763979,0.9364352177579989
2005-09-01,0.9473866171041658,0.9415457241167711
2005-09-02,0.9498380517789303,0.9435011894722624
2005-09-05,0.9498380517789303,0.9435011894722624
2005-09-06,0.9544044858626559,0.949567082642891
2005-09-07,0.9534138003353057,0.9483249230388837
2005-09-08,0.9527287076489094,0.9477432368554491
2005-09-09,0.9603441079064471,0.956580029054184
2005-09-12,0.9591537146384707,0.9556581242314042
2005-09-13,0.9537553906220184,0.9498064484237765
2005-09-14,0.9534502025183635,0.9485046582897094
2005-09-15,0.9543313693952702,0.9491023936557721
2005-09-16,0.9639653537542267,0.9597259032333986
2005-09-19,0.973210821212527,0.9695274234708999
2005-09-20,0.97192997715443,0.9682876177954158
2005-09-21,0.9708070447729196,0.9663859564763317
2005-09-22,0.9672909663790481,0.9632054290283733
2005-09-23,0.963971304156849,0.9605271774786356
2005-09-26,0.9712245536277486,0.9683640283831058
2005-09-27,0.9706451968223381,0.9677345527703699
2005-09-28,0.9800739461592725,0.978036108961814
2005-09-29,0.9901303687885934,0.9897842361607563
2005-09-30,0.9884438666370904,0.9891462004011445
2005-10-03,0.9912594518809877,0.992384608384942
2005-10-04,0.983660416998928,0.9846190855140299
2005-10-05,0.9672642874373477,0.9673786862609921
2005-10-06,0.9527443708005561,0.9507539769322965
2005-10-07,0.9636247658291862,0.962845893206491
2005-10-10,0.957839943594136,0.9567092060873421
2005-10-11,0.9641546962140398,0.9642188081536273
2005-10-12,0.9572177965955904,0.9562416010299433
2005-10-13,0.9534867611191048,0.9527147970403731
2005-10-14,0.9627261550690706,0.9621902347016844
2005-10-17,0.9727589187517944,0.97301169293164
2005-10-18,0.966371708850534,0.9667804405507295
2005-10-19,0.9718959109203037,0.9725318765174021
2005-10-20,0.9577231409995804,0.9571689629299186
2005-10-21,0.9603753238968801,0.960436842967195
2005-10-24,0.9726529875040211,0.9730638812522517
2005-10-25,0.9861060235954162,0.9858352195087263
2005-10-26,0.9890192157536234,0.9894345440452438
2005-10-27,0.9751927060476012,0.9744885720438674
2005-10-28,0.9807199339438677,0.9813638139893267
2005-10-31,0.9854527482970321,0.9874419874044951
2005-11-01,0.9891638523423687,0.9910955002887755
2005-11-02,0.9928674208123106,0.9948813723809083
2005-11-03,1.0029288125241966,1.0048577397184593
2005-11-04,1.006212578574006,1.0085405180548512
2005-11-07,1.0056823195953353,1.00814643353887
2005-11-08,1.0024020462787102,1.0047590400045852
2005-11-09,1.008026999885887,1.0103375234995142
2005-11-10,1.0104381787198222,1.0130509056545522
2005-11-11,1.0146008062090965,1.0170336512328328
2005-11-14,1.0155764579424784,1.0181440608054442
2005-11-15,1.0138047953063878,1.0161532200013228
2005-11-16,1.0158049327759573,1.0184241405024617
2005-11-17,1.01997690256996,1.0225833592697018
2005-11-18,1.0249202522831649,1.02760772351618
2005-11-21,1.0292416210579098,1.0317767145541414
2005-11-22,1.0246348756244195,1.0272950845599862
2005-11-23,1.0317287910350408,1.034473627870667
2005-11-24,1.0317287910350408,1.034473627870667
2005-11-25,1.033319058704443,1.0362733159951147
2005-11-28,1.025396490892101,1.0278615720642899
2005-11-29,1.0334854446366248,1.0362972578403753
2005-11-30,1.0351756180279752,1.0378120711181926
2005-12-01,1.0550302313676356,1.0592116865917882
2005-12-02,1.0577203556398067,1.0626927490612836
2005-12-05,1.057387291321019,1.061827394443875
2005-12-06,1.0567315546321667,1.0618639870164075
2005-12-07,1.06476377831711,1.0695787230276468
2005-12-08,1.0548955520671028,1.059565109141834
2005-12-09,1.0656908092857553,1.0707234315598406
2005-12-12,1.0572687803089988,1.0624927512228985
2005-12-13,1.0549757541900968,1.0608764077470951
2005-12-14,1.0309051215215546,1.0355229078078683
2005-12-15,1.0319881217695253,1.0356141812842794
2005-12-16,1.0259567703518513,1.0290243033419955
2005-12-19,1.0214317402176585,1.02348270234217
2005-12-20,1.028377057920723,1.0307142428385005
2005-12-21,1.0383469641258032,1.0416350441566333
2005-12-22,1.0370372855164625,1.0405015466707521
2005-12-23,1.0349875596686324,1.0381826887014964
2005-12-26,1.0349875596686324,1.0381826887014964
2005-12-27,1.0309136879923657,1.0324806169091216
2005-12-28,1.0422440783464257,1.0446072655794978
2005-12-29,1.0428617870907821,1.0450026670080517
2005-12-30,1.0394582921259532,1.0410788950140073
2006-01-02,1.039324350162,1.040934795508002
2006-01-03,1.0361080671907883,1.0395334209735934
2006-01-04,1.0352291687939827,1.039668005790094
2006-01-05,1.0296655766326632,1.0339127161686597
2006-01-06,1.0368071780298933,1.0414795873508664
2006-01-09,1.0425151793966083,1.047159056527099
2006-01-10,1.0435015094449427,1.0478532266017089
2006-01-11,1.0461391592933278,1.0507056525540879
2006-01-12,1.042324709823011,1.0467484323982852
2006-01-13,1.0370888711031914,1.0422345447583585
2006-01-16,1.0370888711031914,1.0422345447583585
2006-01-17,1.03936308300658,1.0438752569688572
2006-01-18,1.0319983179401793,1.0360081305520712
2006-01-19,1.0465749017297674,1.0506216428584474
2006-01-20,1.032423975928309,1.0361540160729161
2006-01-23,1.0266332409675165,1.0311335155462351
2006-01-24,1.029806700875779,1.0344919790930036
2006-01-25,1.0358330020432258,1.0404984678265192
2006-01-26,1.0461777873811515,1.0509534305299502
2006-01-27,1.0621095758047647,1.06682200164529
2006-01-30,1.0702700467223916,1.0745686048434397
2006-01-31,1.066793041239925,1.0716777167806575
2006-02-01,1.0754685199742977,1.0795950622102854
2006-02-02,1.0644838412763657,1.0693835680109436
2006-02-03,1.0629529896714003,1.0678414532432063
2006-02-06,1.0711054106073143,1.0751250695236299
2006-02-07,1.0581961381502432,1.0626264519308841
2006-02-08,1.064516122388325,1.068733884085682
2006-02-09,1.0648375108130839,1.0688452806586295
2006-02-10,1.062555909644671,1.0664097631280485
2006-02-13,1.0563008303096282,1.0605976911592019
2006-02-14,1.0666795268262939,1.070939089817917
2006-02-15,1.0620869280425331,1.0663252662667386
2006-02-16,1.0674318538227838,1.0716681694183372
2006-02-17,1.0603258097503154,1.06454328689645
2006-02-20,1.0603258097503154,1.06454328689645
2006-02-21,1.0634270980212974,1.0683432019974377
2006-02-22,1.0654484125379062,1.069442053315733
2006-02-23,1.060558717678254,1.065303248794285
2006-02-24,1.0690247000846127,1.0729433829647663
2006-02-27,1.0688340325968386,1.0724464262276012
2006-02-28,1.057031054252011,1.0609872762576407
2006-03-01,1.0654057567238076,1.0695704883566997
2006-03-02,1.0571122104836368,1.0618120600815852
2006-03-03,1.0532883676769211,1.0577757292401155
2006-03-06,1.0538483327162258,1.0577760543760315
2006-03-07,1.0580698491084561,1.0611954801247416
2006-03-08,1.055055193845678,1.0581982207379308
2006-03-09,1.0533884521166192,1.0567218770431703
2006-03-10,1.0601524351380345,1.0638288049889055
2006-03-13,1.0641973502214568,1.067855466927414
2006-03-14,1.0608294046935756,1.0649120010696265
2006-03-15,1.0618850858504352,1.0661650267139617
2006-03-16,1.0588487618443425,1.062609873299645
2006-03-17,1.0632389946805156,1.0666069359861876
2006-03-20,1.0711985452405572,1.074101781296372
2006-03-21,1.071273550065699,1.0741496592574733
2006-03-22,1.0751330258121374,1.0783032234719494
2006-03-23,1.0843100029883643,1.0870172846053867
2006-03-24,1.0853770446411952,1.0878833167188695
2006-03-27,1.0859624511357024,1.0886490818729442
2006-03-28,1.0838773619552693,1.0866938153721042
2006-03-29,1.090834575853284,1.0942598916445043
2006-03-30,1.087052504996447,1.0912464704151859
2006-03-31,1.084500712335003,1.0891742254162573
2006-04-03,1.0918593139122852,1.097182433071794
2006-04-04,1.0872875958658266,1.093354018199816
2006-04-05,1.0828649203983445,1.0900714422059568
2006-04-06,1.0936971004676306,1.1013052977292126
2006-04-07,1.102678849542562,1.1090023908992082
2006-04-10,1.106830635529371,1.1136878403099837
2006-04-11,1.094514372966386,1.100312983836236
2006-04-12,1.1039860254663643,1.1099100250677367
2006-04-13,1.1114796940064922,1.1171598860019232
2006-04-14,1.1114796940064922,1.1171598860019232
2006-04-17,1.1022608400046658,1.1085442230324325
2006-04-18,1.1048287402823334,1.1136818991596618
2006-04-19,1.1114763279917923,1.1208848313505833
2006-04-20,1.1086073808322978,1.1173399164762978
2006-04-21,1.1099975925578605,1.1194955553911772
2006-04-24,1.0924445480153888,1.1006334442519208
2006-04-25,1.1092539581079552,1.1178958017001377
2006-04-26,1.1162532642611318,1.1257454699651064
2006-04-27,1.103451551559508,1.1130811872490556
2006-04-28,1.0994924550034024,1.109256731694211
2006-05-01,1.1034173911002532,1.1126935324319445
2006-05-02,1.1075388445089596,1.1175910015309218
2006-05-03,1.1075150805867027,1.117140200175659
2006-05-04,1.109842786854514,1.1202033081313607
2006-05-05,1.1060860816414444,1.117091072171384
2006-05-08,1.1076249933844913,1.1183250050354792
2006-05-09,1.1084464592929146,1.1195543863361272
2006-05-10,1.1029541243973047,1.1135721199087174
2006-05-11,1.0963685305446207,1.106510480260516
2006-05-12,1.081086523605044,1.090115608436064
2006-05-15,1.0789534802963054,1.087594412896933
2006-05-16,1.071017376700013,1.0797136282108815
2006-05-17,1.0662668908562143,1.0725830356766541
2006-05-18,1.0531536174253244,1.0598220701098189
2006-05-19,1.0599604425327065,1.0665418838192329
2006-05-22,1.0487254786490112,1.0548397888393206
2006-05-23,1.0539465757015947,1.0601558407356986
2006-05-24,1.0564677092317714,1.0629276040715452
2006-05-25,1.0672630747631582,1.0742589247022682
2006-05-26,1.0752420309789898,1.0823773810385207
2006-05-29,1.0752420309789898,1.0823773810385207
2006-05-30,1.0608704048937714,1.066972056258971
2006-05-31,1.0760429884059657,1.0819120266234938
2006-06-01,1.070080572905364,1.0758531156727447
2006-06-02,1.0599122842230628,1.0665789747906063
2006-06-05,1.06342639402676,1.069639331509584
2006-06-06,1.0571043267655722,1.0630847554690996
2006-06-07,1.056025487834987,1.062177689157868
2006-06-08,1.0451756046170415,1.051137958743006
2006-06-09,1.0479537947719517,1.0529358360520562
2006-06-12,1.044707791663324,1.0493164280409144
2006-06-13,1.0288577790225872,1.0334007799312708
2006-06-14,1.041979244395865,1.0458269579009094
2006-06-15,1.0516809394065196,1.0552567189382445
2006-06-16,1.05225333676662,1.0561250468581094
2006-06-19,1.0527310996224393,1.056156815417747
2006-06-20,1.056375564622415,1.0600380586495697
2006-06-21,1.0618598370416241,1.0652414972891222
2006-06-22,1.063839069977985,1.0669965391232619
2006-06-23,1.066671753187362,1.06990013186818
2006-06-26,1.0745916457400684,1.077755724637943
2006-06-27,1.0689960721732912,1.0720558212066067
2006-06-28,1.0719757344597691,1.074946729112635
2006-06-29,1.076100109042151,1.0793782861455044
2006-06-30,1.0736946545751875,1.078017340039264
2006-07-03,1.0748258834962363,1.0787148696639433
2006-07-04,1.0748258834962363,1.0787148696639433
2006-07-05,1.0838482147622575,1.0867920523786037
2006-07-06,1.081179932797573,1.0846708000039806
2006-07-07,1.0766478286698233,1.081226315462976
2006-07-10,1.071406010146703,1.0761149348763497
2006-07-11,1.0703630614113595,1.0752021128853282
2006-07-12,1.067611089079787,1.0725008647285377
2006-07-13,1.0668382973865143,1.072354074346097
2006-07-14,1.0639696011562991,1.0695672253786497
2006-07-17,1.0616825627731894,1.0673968301554508
2006-07-18,1.0660329846024226,1.0709596239471846
2006-07-19,1.065745625070102,1.0713451690498108
2006-07-20,1.0590531833803147,1.06519066314459
2006-07-21,1.0595150015071517,1.0656990365836807
2006-07-24,1.060650574698375,1.0663838658685412
2006-07-25,1.062925802107512,1.0684276807846138
2006-07-26,1.0640242888918479,1.0698223665146995
2006-07-27,1.0652838693726494,1.0710403379526632
2006-07-28,1.0621803544319899,1.0685978442217277
2006-07-31,1.0591134187024842,1.06549707118846
2006-08-01,1.0622044868558487,1.0687855090953764
2006-08-02,1.0606676490248423,1.0669684886503963
2006-08-03,1.0638769911531583,1.070201817481588
2006-08-04,1.0603148989704658,1.0667279863412062
2006-08-07,1.0647617867629575,1.0714593459688224
2006-08-08,1.0645444515111606,1.0714700401902706
2006-08-09,1.0649204705867192,1.0718860634772405
2006-08-10,1.0657400804293304,1.0727581224862852
2006-08-11,1.072863030996403,1.0800687264317008
2006-08-14,1.079088647308995,1.0862259901340456
2006-08-15,1.0747897682694552,1.0818036094042471
2006-08-16,1.0729275853040878,1.0798760017771816
2006-08-17,1.0720983077047967,1.0785765295930163
2006-08-18,1.0684943535502138,1.0747809246597073
2006-08-21,1.0701255903042606,1.0768517572727598
2006-08-22,1.0706252025903111,1.0772919446609432
2006-08-23,1.0709231636006527,1.0774553938918763
2006-08-24,1.0669184880285256,1.0731245929611253
2006-08-25,1.0667970809314287,1.072850348255841
2006-08-28,1.070872357439652,1.0771256110267415
2006-08-29,1.0720132387706178,1.0787130300278736
2006-08-30,1.0697564556544754,1.075893198257125
2006-08-31,1.0692311129537322,1.0751571263806001
2006-09-01,1.0712540842544438,1.077520942045171
2006-09-04,1.0712540842544438,1.077520942045171
2006-09-05,1.0807441256923824,1.0870340577205202
2006-09-06,1.0833738196090046,1.089925348226754
2006-09-07,1.0712450214690175,1.0780083429668978
2006-09-08,1.0619908845444406,1.0690306627285597
2006-09-11,1.0592214146401566,1.0664082983565921
2006-09-12,1.0631571567461862,1.0707908202056153
2006-09-13,1.0605296176750003,1.0681845232093115
2006-09-14,1.0664472309714046,1.0745454916408366
2006-09-15,1.0637388957226797,1.0717684212041714
2006-09-18,1.0708067066811024,1.0787485087749464
2006-09-19,1.0553147658058781,1.0637091908302705
2006-09-20,1.0577315574883739,1.0664745960513196
2006-09-21,1.0441399809874574,1.052774969819647
2006-09-22,1.0347357910031167,1.04367292724744
2006-09-25,1.0328185014636508,1.0416391007421555
2006-09-26,1.0406698466885802,1.0495605120645826
2006-09-27,1.046663242692229,1.055205305617262
2006-09-28,1.050030742545918,1.0587559310333434
2006-09-29,1.0477787956148048,1.0563555060902639
2006-10-02,1.0417453978042779,1.0499632959895921
2006-10-03,1.0410019191011226,1.0484252416103326
2006-10-04,1.0349499870603789,1.0412127959263044
2006-10-05,1.0455704519236837,1.053396113249483
2006-10-06,1.062696044291484,1.072648376986089
2006-10-09,1.0626145848726112,1.0724369327076198
2006-10-10,1.0777699959094191,1.0895892726486653
2006-10-11,1.0874677851920143,1.099825670482035
2006-10-12,1.0856820591172225,1.0979051341755637
2006-10-13,1.0904651099441538,1.1036038212685355
2006-10-16,1.089136650305886,1.1026284248173934
2006-10-17,1.0772537568482268,1.0892789508308356
2006-10-18,1.0748372228560303,1.086813273899739
2006-10-19,1.0773427298929712,1.0901662372057739
2006-10-20,1.0780153743673806,1.0909276349848627
2006-10-23,1.0878923473312712,1.1014642750213495
2006-10-24,1.0862762216481756,1.099947049722358
2006-10-25,1.0758262859629206,1.088706502804083
2006-10-26,1.071184696336801,1.0835774223194667
2006-10-27,1.0516222269179027,1.0611367774019713
2006-10-30,1.0540278337503173,1.0635108669864732
2006-10-31,1.0419896639481465,1.0501528778979765
2006-11-01,1.0315855945212271,1.0409397977312456
2006-11-02,1.0337592644448657,1.0428624157379611
2006-11-03,1.0321535314135837,1.0404934717485212
2006-11-06,1.0427031220009082,1.0513223774264304
2006-11-07,1.0482574415110268,1.0567267616570315
2006-11-08,1.0442820946200853,1.0534410566336239
2006-11-09,1.0428957430115835,1.0521390679188687
2006-11-10,1.0435110304795672,1.0524762546249358
2006-11-13,1.0416012233873975,1.0495220774869538
2006-11-14,1.0525242909327546,1.061363692201212
2006-11-15,1.0548544589700977,1.0627693707631856
2006-11-16,1.0566813707823473,1.0630913806047873
2006-11-17,1.0529544308968473,1.0598742273428141
2006-11-20,1.0532228942370883,1.060100607422894
2006-11-21,1.0576719142115745,1.065088835701491
2006-11-22,1.0685407541285084,1.0753868177344252
2006-11-23,1.0685407541285084,1.0753868177344252
2006-11-24,1.0758893852613483,1.0824733243712512
2006-11-27,1.0691119960700866,1.0768224543361276
2006-11-28,1.0750604189449722,1.083436216433312
2006-11-29,1.0777279611233235,1.086616760192238
2006-11-30,1.0880339548846318,1.097944322577911
2006-12-01,1.0893486521530407,1.1001401207680797
2006-12-04,1.094675598150761,1.1049502087086993
2006-12-05,1.0950504700338617,1.1044778042288579
2006-12-06,1.0831579557654507,1.092469438602182
2006-12-07,1.0813226999493801,1.0918426430563692
2006-12-08,1.07392843032484,1.083930922930559
2006-12-11,1.08705460855246,1.0967027561945473
2006-12-12,1.0877997093616538,1.097911876884876
2006-12-13,1.080230039436084,1.0902950928370279
2006-12-14,1.0830192893712263,1.0924240250869535
2006-12-15,1.0733826239854227,1.0824646193827046
2006-12-18,1.0670399373732558,1.0762477299319906
2006-12-19,1.0732695569064352,1.0825187366109454
2006-12-20,1.0718989232145926,1.0818130929902756
2006-12-21,1.0734808704781544,1.0842146269965527
2006-12-22,1.0662729240716349,1.0783606557747547
2006-12-25,1.0662729240716349,1.0783606557747547
2006-12-26,1.0793406127613812,1.091277329986375
2006-12-27,1.0817450680078757,1.0931942145106797
2006-12-28,1.0816864472926921,1.0933479860810715
2006-12-29,1.080190360887159,1.0919186565606307
2007-01-01,1.0798188847356858,1.0915462304589973
2007-01-02,1.0850415510255287,1.0971863548834657
2007-01-03,1.0644132482357285,1.0763990538786037
2007-01-04,1.0511632604343994,1.0631264951452561
2007-01-05,1.0363231067395327,1.0458961175287205
2007-01-08,1.0402150237172358,1.0499888804815765
2007-01-09,1.0394154170944487,1.0499310538027364
2007-01-10,1.0375177152117085,1.0474924571714996
2007-01-11,1.0548421039896738,1.0665248709578028
2007-01-12,1.0732850579474635,1.0856108601125163
2007-01-15,1.0732850579474635,1.0856108601125163
2007-01-16,1.0725306386618754,1.0851111212440054
2007-01-17,1.0848105161176556,1.097931375939952
2007-01-18,1.0835844470094549,1.097236687620929
2007-01-19,1.0868351917950205,1.100262073898961
2007-01-22,1.0854063570251467,1.0990253371580447
2007-01-23,1.1015080337399163,1.1157775686493288
2007-01-24,1.0913531165113455,1.104577255284645
2007-01-25,1.0945157851628344,1.1076869746837095
2007-01-26,1.092089589648305,1.1052233449158104
2007-01-29,1.0940230269297129,1.1077252579328094
2007-01-30,1.0935466713448998,1.1064180592125938
2007-01-31,1.091445181192851,1.103501691431628
2007-02-01,1.0972497280357798,1.1097069637293044
2007-02-02,1.0935282129058523,1.1064057004409453
2007-02-05,1.0869986968994072,1.0998435033931049
2007-02-06,1.0875662711782927,1.0996610389139165
2007-02-07,1.0885453550926412,1.1010888953323554
2007-02-08,1.0871742899320187,1.0995738370027288
2007-02-09,1.088643919610444,1.101219004240641
2007-02-12,1.0870464578096553,1.100211507656413
2007-02-13,1.098652067605059,1.110684256728688
2007-02-14,1.1000306996926286,1.1106999553572166
2007-02-15,1.0969239636523016,1.1069392533358684
2007-02-16,1.0974325116543102,1.1072676849882304
2007-02-19,1.0974325116543102,1.1072676849882304
2007-02-20,1.0988495209642848,1.109379448458789
2007-02-21,1.1103846157025619,1.1199679330223091
2007-02-22,1.120784247610359,1.1304220216046412
2007-02-23,1.1164963837438249,1.125275123114746
2007-02-26,1.1116655149922066,1.1199589860208015
2007-02-27,1.0622142864789765,1.0692743791071633
2007-02-28,1.0695164426119854,1.0768313478228118
2007-03-01,1.0595142355577725,1.067431270478374
2007-03-02,1.0488362149121437,1.0566526566219592
2007-03-05,1.0393939075888876,1.0466165129654448
2007-03-06,1.0453019129203822,1.0532752946751398
2007-03-07,1.0503132737141196,1.058045469000221
2007-03-08,1.0525687356359212,1.0606645732442348
2007-03-09,1.0497497558286166,1.057797205541522
2007-03-12,1.05559190062975,1.063594891971539
2007-03-13,1.0499077434026705,1.0573257205333852
2007-03-14,1.0506222819303574,1.0584598972007833
2007-03-15,1.0545619067315641,1.062501553220863
2007-03-16,1.0585928322311882,1.0661691217851272
2007-03-19,1.0629394347168584,1.0709351973925545
2007-03-20,1.0675208165325993,1.0754083862212478
2007-03-21,1.0747781964653271,1.0832341693753067
2007-03-22,1.071182288281084,1.0796718038421058
2007-03-23,1.0664100974087656,1.0751765069669392
2007-03-26,1.0686832959206707,1.0776159007101573
2007-03-27,1.0634256622888385,1.072349324658026
2007-03-28,1.0589356493176614,1.0672710940263344
2007-03-29,1.0606098339262167,1.0691620156165358
2007-03-30,1.056310782043623,1.065357059951268
2007-04-02,1.0597779162071759,1.0685463264077997
2007-04-03,1.0598032724488762,1.068941284513908
2007-04-04,1.0644495696008187,1.0732828430962875
2007-04-05,1.0626919871090674,1.0714964473686162
2007-04-06,1.0539324459731496,1.0628049739537373
2007-04-09,1.0563588822372927,1.065173099069743
2007-04-10,1.0609665153069427,1.0695399222544628
2007-04-11,1.058692139546482,1.0673109369493068
2007-04-12,1.0565298925865172,1.0655329546691084
2007-04-13,1.0593092971720461,1.0680875011762339
2007-04-16,1.0637906253939513,1.0728797663652083
2007-04-17,1.0685548737867214,1.0780077409462412
2007-04-18,1.0703308704071897,1.0799390880174504
2007-04-19,1.067156554474037,1.0768047459634096
2007-04-20,1.0688025947924977,1.0785369314981434
2007-04-23,1.0659473870805447,1.0759261835419605
2007-04-24,1.0676455316245848,1.077854123079398
2007-04-25,1.065682038196278,1.0757940911383337
2007-04-26,1.0583371109367685,1.0688402558317402
2007-04-27,1.0582322018757233,1.0685937555270313
2007-04-30,1.062986534117605,1.0732438978859227
2007-05-01,1.0667429402984505,1.076544557576812
2007-05-02,1.0675849934847006,1.0776379772587692
2007-05-03,1.0632833330240774,1.0727931534813453
2007-05-04,1.0665622994835429,1.076781007407072
2007-05-07,1.0662406277183794,1.076494535960222
2007-05-08,1.064262671347964,1.074258706064144
2007-05-09,1.0653247182675467,1.0748410905053227
2007-05-10,1.0645078602358482,1.0737234106488793
2007-05-11,1.0687433059854745,1.077947069861439
2007-05-14,1.066476729103917,1.0751834137792426
2007-05-15,1.0630361912740574,1.071328986216015
2007-05-16,1.0699866003963092,1.0782468629155226
2007-05-17,1.0631723940547666,1.0706574785261018
2007-05-18,1.0596926902338093,1.066847380561835
2007-05-21,1.0609019544974383,1.0683338602616004
2007-05-22,1.0597495842823765,1.0670039288417685
2007-05-23,1.0589837626075151,1.065969120256379
2007-05-24,1.0589401231126123,1.065294139686491
2007-05-25,1.058715875880719,1.0652173723650955
2007-05-28,1.058715875880719,1.0652173723650955
2007-05-29,1.0550951933367958,1.061577168420816
2007-05-30,1.060195844388833,1.06642030368093
2007-05-31,1.060168714124791,1.0665017422970742
2007-06-01,1.0722087296274474,1.0784017587209214
2007-06-04,1.0730871173513352,1.0792691108258083
2007-06-05,1.0713140803095644,1.077518375455917
2007-06-06,1.0576706170573722,1.0640461163051684
2007-06-07,1.0405185440974594,1.0471052912589407
2007-06-08,1.0446786220334057,1.051215367963654
2007-06-11,1.0532654950494278,1.059698416754091
2007-06-12,1.0391207266355698,1.0457267505814125
2007-06-13,1.0552719647888569,1.0616842913184807
2007-06-14,1.061603462324723,1.0679381111284207
2007-06-15,1.076260511254491,1.082413766237537
2007-06-18,1.0781722557825755,1.0843013824003935
2007-06-19,1.0788001281929291,1.0849213103111535
2007-06-20,1.0725369285614492,1.0787374248705637
2007-06-21,1.0680499277073485,1.0743067735414942
2007-06-22,1.0581202469687865,1.0645010425493524
2007-06-25,1.0543349470966916,1.0607623540063233
2007-06-26,1.0459472447368319,1.0524773935855867
2007-06-27,1.0458323840706967,1.0523639232714317
2007-06-28,1.0625525933293534,1.0688817727718836
2007-06-29,1.0648667903335725,1.0711673057560034
2007-07-02,1.075961841149865,1.0802182531464837
2007-07-03,1.0716389121807925,1.0759757239167946
2007-07-04,1.0716389121807925,1.0759757239167946
2007-07-05,1.071392757479737,1.0753806008848452
2007-07-06,1.0765919286752472,1.0795008574872529
2007-07-09,1.079447525137177,1.0820711636571205
2007-07-10,1.0781180381011621,1.081261644691866
2007-07-11,1.082893916903671,1.0851562025353851
2007-07-12,1.0961917762028837,1.0967276960839936
2007-07-13,1.0975974242135853,1.0980885012899817
2007-07-16,1.0969784877042366,1.0973033206577754
2007-07-17,1.0963720904445649,1.0960640320027422
2007-07-18,1.0997959722624897,1.099525474698241
2007-07-19,1.099065609862041,1.0987409964552435
2007-07-20,1.0930779202750203,1.093198693340634
2007-07-23,1.0976280612867113,1.097086355582099
2007-07-24,1.093697656259807,1.0939981926419486
2007-07-25,1.0882342403353886,1.0903311288004363
2007-07-26,1.070167283047633,1.0748751288164544
2007-07-27,1.0408448333241915,1.0494414665340641
2007-07-30,1.0454601440034759,1.0529678550801962
2007-07-31,1.0436840698923242,1.0513262611364615
2007-08-01,1.0410246390949314,1.0486138649269305
2007-08-02,1.051903409878763,1.0588615885340718
2007-08-03,1.0497348600869094,1.0565681443972847
2007-08-06,1.054467064134711,1.0607749727684426
2007-08-07,1.0557770130402018,1.0620190091924284
2007-08-08,1.063752048918392,1.0699505685220023
2007-08-09,1.042463756547487,1.0494814809174609
2007-08-10,1.0391606560432443,1.04599204265448
2007-08-13,1.037727415470704,1.044330730165389
2007-08-14,1.0238701057074064,1.0311894145324754
2007-08-15,1.006445773320771,1.0148664751644627
2007-08-16,0.991969768713632,1.0008010703230912
2007-08-17,1.0012061327057244,1.0099279485165191
2007-08-20,1.0146865117674373,1.0229990747290678
2007-08-21,1.0177947980644955,1.025838344685521
2007-08-22,1.0312770434105616,1.0386121362256695
2007-08-23,1.0390903279870525,1.045648300614747
2007-08-24,1.0505877230445897,1.0569613472557016
2007-08-27,1.0472088982320633,1.053900041833218
2007-08-28,1.0346473513793684,1.0416584525669785
2007-08-29,1.0470701318005675,1.0536157999402096
2007-08-30,1.0527041313715486,1.058568675105653
2007-08-31,1.0566666841316636,1.0621358547237965
2007-09-03,1.0565146592642651,1.0620084748824536
2007-09-04,1.0640266252833726,1.0694114697872443
2007-09-05,1.0671751579449409,1.072470913295493
2007-09-06,1.067165026642199,1.0725221417383144
2007-09-07,1.0778466128013324,1.0825484719505898
2007-09-10,1.0802287926732959,1.084926519060644
2007-09-11,1.083545325439335,1.0884410940052136
2007-09-12,1.0830350395159676,1.0874732823043456
2007-09-13,1.0782609182681597,1.0829968685232436
2007-09-14,1.0795514393609524,1.084311246290379
2007-09-17,1.0763609449354157,1.0809913795953348
2007-09-18,1.0914866865777049,1.0959532302921449
2007-09-19,1.0905266060555627,1.0949725862350348
2007-09-20,1.0896721851933255,1.09344133125533
2007-09-21,1.0967576716937288,1.1004090143714709
2007-09-24,1.095852764634972,1.0995799890850269
2007-09-25,1.1003940633639115,1.1038985696027355
2007-09-26,1.1037835744106121,1.1073666812192164
2007-09-27,1.1135794743321221,1.116998751612765
2007-09-28,1.117855569505151,1.1212193761677713
2007-10-01,1.1219229197941152,1.1261311267057241
2007-10-02,1.1100377488177524,1.1144682856886607
2007-10-03,1.10726527930344,1.1118557169528083
2007-10-04,1.110298036612018,1.1151453139392637
2007-10-05,1.1107900344930024,1.1168870244437992
2007-10-08,1.1045720186991326,1.1106619317451574
2007-10-09,1.1050186267543012,1.1120175559750387
2007-10-10,1.1090838208316702,1.1159870229553013
2007-10-11,1.11388843883293,1.1209227315967631
2007-10-12,1.112165245087039,1.119572183200838
2007-10-15,1.112921785935539,1.119614485667204
2007-10-16,1.1075578970353925,1.1138096762742329
2007-10-17,1.1167031118067052,1.1232954343517512
2007-10-18,1.1284193114010699,1.1345349781941128
2007-10-19,1.1290986767066413,1.1334763300722281
2007-10-22,1.1196410687134746,1.1242515337699464
2007-10-23,1.1289749927882335,1.1347745541986796
2007-10-24,1.1298544735817888,1.1356652709850332
2007-10-25,1.1362672414114963,1.142114719265312
2007-10-26,1.1456241628842991,1.1524251238725203
2007-10-29,1.1532465674606702,1.1601584443587738
2007-10-30,1.1477568001321787,1.1542701599007326
2007-10-31,1.1543983828112923,1.1618019360919516
2007-11-01,1.1460270074413965,1.1519130970172504
2007-11-02,1.1579585626307018,1.1640227059854569
2007-11-05,1.1542320993959891,1.1598809159445322
2007-11-06,1.1676572756192947,1.1740559876223902
2007-11-07,1.167836120163389,1.1717956316650806
2007-11-08,1.1635729135538144,1.1670083228417638
2007-11-09,1.1560411314095556,1.1579771758473258
2007-11-12,1.14576954416788,1.1463544708118032
2007-11-13,1.139908615513001,1.1418987581874545
2007-11-14,1.1471398577640737,1.1500724721744213
2007-11-15,1.137061181442148,1.1387914697180008
2007-11-16,1.1426003579182904,1.144234549909819
2007-11-19,1.1371950631151713,1.1375551435758304
2007-11-20,1.1522214838302378,1.1527163580914852
2007-11-21,1.1465195568000515,1.1454876073375915
2007-11-22,1.1465195568000515,1.1454876073375915
2007-11-23,1.1566906688405212,1.156640579161688
2007-11-26,1.1609348751076514,1.1600111746572914
2007-11-27,1.1547092268740646,1.154465725923896
2007-11-28,1.1620737135650991,1.1633835331154196
2007-11-29,1.1597724092284663,1.1618918396121969
2007-11-30,1.1543471045788944,1.1578406620782857
2007-12-03,1.1624750998056792,1.1654299160401165
2007-12-04,1.1637938460513837,1.1668625677342956
2007-12-05,1.15536589276656,1.1587877820281103
2007-12-06,1.1502899817801215,1.153630353712356
2007-12-07,1.1453664389207594,1.1493742657153878
2007-12-10,1.1466061172651825,1.1505319835728745
2007-12-11,1.1554016794441255,1.159000519776957
2007-12-12,1.1507279430718598,1.1541159270931114
2007-12-13,1.1411775730453193,1.1453511327821142
2007-12-14,1.1289163119954508,1.1343257574946017
2007-12-17,1.1323990269592263,1.1378461474500106
2007-12-18,1.1343753029822075,1.139601188640722
2007-12-19,1.1370713206543301,1.1423414352075816
2007-12-20,1.1385462320293804,1.143528236390877
2007-12-21,1.13253655684662,1.1376435406148668
2007-12-24,1.1309742811815076,1.1362135891891734
2007-12-25,1.1309742811815076,1.1362135891891734
2007-12-26,1.1327957152027368,1.1380425424024863
2007-12-27,1.1425871925257678,1.1472035546407102
2007-12-28,1.150875367300587,1.1549201743443194
2007-12-31,1.1491895577396773,1.1533167472912855
2008-01-01,1.1491025936322212,1.1532151994270756
2008-01-02,1.1736318894059796,1.177599414205828
2008-01-03,1.1807635896615423,1.1852851912652975
2008-01-04,1.1855121922928136,1.189280295992265
2008-01-07,1.17709359978988,1.1805825941892596
2008-01-08,1.1871550307428842,1.1918396780187783
2008-01-09,1.1850421294878333,1.1890597736537778
2008-01-10,1.1842884234850772,1.1891860665263492
2008-01-11,1.1969144080566074,1.2016273193197902
2008-01-14,1.2049789847222214,1.209820872703976
2008-01-15,1.2117767308311878,1.2159163471387204
2008-01-16,1.2007751368168156,1.2042333002719519
2008-01-17,1.2099616554471901,1.2128316279566362
2008-01-18,1.2113369758118788,1.214503956577089
2008-01-21,1.2113369758118788,1.214503956577089
2008-01-22,1.2195801907417958,1.2211583463790963
2008-01-23,1.2112154753325968,1.2114675274722755
2008-01-24,1.212510151214921,1.215347647934793
2008-01-25,1.2158821455502373,1.2187867464648634
2008-01-28,1.222444718658279,1.225724052082058
2008-01-29,1.2185412988226665,1.2224567062634857
2008-01-30,1.2206994536574425,1.2253097955665482
2008-01-31,1.2245815810220257,1.2280710758153592
2008-02-01,1.22117676079622,1.2249520091170079
2008-02-04,1.2283716518422798,1.2316337977065994
2008-02-05,1.2281054253913788,1.2309538243566305
2008-02-06,1.2332122833208505,1.2364084164940454
2008-02-07,1.2225307504378529,1.226411831041967
2008-02-08,1.2370485640089937,1.2408027853199652
2008-02-11,1.2380696327987533,1.2419952062509505
2008-02-12,1.2307633631912123,1.2345637343511513
2008-02-13,1.2264093308484,1.2299128641800807
2008-02-14,1.2312479494773105,1.2341543408682492
2008-02-15,1.2328679309901982,1.2356301492530402
2008-02-18,1.2328679309901982,1.2356301492530402
2008-02-19,1.2331407006269521,1.2369197290122511
2008-02-20,1.2289380629906972,1.233439094134103
2008-02-21,1.248286095825463,1.2515944815984392
2008-02-22,1.2499101417479361,1.2527617570248935
2008-02-25,1.243263749687445,1.246528317876762
2008-02-26,1.2611703025038303,1.2636797375446593
2008-02-27,1.27396280498037,1.2762188596330784
2008-02-28,1.2936789009533967,1.2947733715161838
2008-02-29,1.3116582649284736,1.3109348240423047
2008-03-03,1.318700328274434,1.3181146223416575
2008-03-04,1.3091611895150042,1.3089986445111474
2008-03-05,1.3116828354604169,1.3118817903750526
2008-03-06,1.3201763609646062,1.3207891164533416
2008-03-07,1.3213045031666477,1.3217535724407155
2008-03-10,1.3297905600549025,1.3303658938429268
2008-03-11,1.307105998629789,1.3084614775000625
2008-03-12,1.3291295642288348,1.3297772019145484
2008-03-13,1.3331130290735542,1.3334521338584926
2008-03-14,1.3507418932482573,1.3505544016102102
2008-03-17,1.3523400315172445,1.351866039311713
2008-03-18,1.3333176304923353,1.3330206304810053
2008-03-19,1.3177129577772677,1.3182545846547646
2008-03-20,1.2937360015140045,1.2942827403061359
2008-03-21,1.2937360015140045,1.2942827403061359
2008-03-24,1.2747440826384826,1.2757408011413278
2008-03-25,1.292469154813306,1.292469214303829
2008-03-26,1.3117464642865815,1.310709767730412
2008-03-27,1.3115655836645799,1.311257654496201
2008-03-28,1.3060479816541277,1.3063998821049814
2008-03-31,1.294698696419661,1.2955288967672778
2008-04-01,1.275701326448078,1.277516838544035
2008-04-02,1.2798064049740727,1.281350649605541
2008-04-03,1.2833282605368235,1.2846900883195858
2008-04-04,1.2910824930219498,1.2923495650351742
2008-04-07,1.2851510296269002,1.2863476484933134
2008-04-08,1.2845041909925778,1.285712892831935
2008-04-09,1.2976132345778675,1.2985093685797395
2008-04-10,1.2914713233849668,1.2927865053648762
2008-04-11,1.299260066984851,1.299897328213402
2008-04-14,1.2994951423517247,1.3002365458709364
2008-04-15,1.2951552568873603,1.296080841620258
2008-04-16,1.2904465198904287,1.2914589951745659
2008-04-17,1.2857970284926072,1.2871383989827874
2008-04-18,1.2763354041871038,1.278082844795974
2008-04-21,1.2767096189866436,1.2783569670109853
2008-04-22,1.284593735392986,1.2858172293313865
2008-04-23,1.2768423989757791,1.278317464842173
2008-04-24,1.262830810402026,1.2646380560504782
2008-04-25,1.258911470866986,1.2609292752607508
2008-04-28,1.2628014187820484,1.2646340077103528
2008-04-29,1.2593264294785582,1.2613025255060033
2008-04-30,1.2668528848673328,1.2683038728267477
2008-05-01,1.250448421658245,1.253459102782613
2008-05-02,1.249248838412126,1.252203233741932
2008-05-05,1.2560782883047137,1.2585913781648317
2008-05-06,1.2563389808497807,1.258726390856992
2008-05-07,1.2587588505070715,1.2614121342119216
2008-05-08,1.263109888876429,1.2659901762424266
2008-05-09,1.2696200253235448,1.2724576709772393
2008-05-12,1.2640174313531003,1.2671046346573105
2008-05-13,1.2541598836608083,1.2575412978629479
2008-05-14,1.248839109092153,1.2522937844634872
2008-05-15,1.2507571520626488,1.254279970886333
2008-05-16,1.256862791822407,1.2598316064235895
2008-05-19,1.2563593850062824,1.2594194121114988
2008-05-20,1.2686688163502298,1.2712885514981789
2008-05-21,1.277195556188965,1.2791531274305445
2008-05-22,1.266854595107556,1.2689537107476643
2008-05-23,1.2788346114560714,1.28065901488165
2008-05-26,1.2788346114560714,1.28065901488165
2008-05-27,1.2660546987411028,1.2683881505039638
2008-05-28,1.261983594915995,1.264452126804966
2008-05-29,1.2474681547347066,1.2504026464111022
2008-05-30,1.2520102998101252,1.2548875235052273
2008-06-02,1.2583655434238314,1.261575905132588
2008-06-03,1.2576183207940803,1.261299221894269
2008-06-04,1.2559122631212345,1.2595380971590113
2008-06-05,1.2568228177586989,1.259498368854945
2008-06-06,1.2739400437779231,1.2768816639850717
2008-06-09,1.2627379098013303,1.265694032701738
2008-06-10,1.251563855610278,1.2547946378700672
2008-06-11,1.264257143538099,1.2673532900596296
2008-06-12,1.2525336762791004,1.2556172003252144
2008-06-13,1.2505539881942025,1.2532671978669248
2008-06-16,1.2561674736030264,1.2584959511093414
2008-06-17,1.2599593116290744,1.2622382596234722
2008-06-18,1.2673725523084425,1.2696748271599896
2008-06-19,1.2628347255651287,1.2652573892692667
2008-06-20,1.2711774299194907,1.273900781660465
2008-06-23,1.2657793740965806,1.268479054251312
2008-06-24,1.2703625047859395,1.2732192319493294
2008-06-25,1.2720888724145016,1.274527643950999
2008-06-26,1.2890134904821777,1.2918992823196112
2008-06-27,1.2930734342325658,1.2959818535298018
2008-06-30,1.2902553828282617,1.2934233517431075
2008-07-01,1.2914521575281346,1.294468270688317
2008-07-02,1.305551985333929,1.3093292796386928
2008-07-03,1.3018628775186076,1.3053231405020933
2008-07-04,1.3018628775186076,1.3053231405020933
2008-07-07,1.2971994545634582,1.3006621652303323
2008-07-08,1.2874793646066656,1.2909484192608895
2008-07-09,1.2956360291517697,1.2999366187951635
2008-07-10,1.2981870399230309,1.3022531663895835
2008-07-11,1.2976312659995008,1.3013348108297116
2008-07-14,1.3039377065562991,1.3080670873695195
2008-07-15,1.3042313592381403,1.3093184979787051
2008-07-16,1.2935318534714522,1.2979589842446553
2008-07-17,1.280183212255867,1.28362757814211
2008-07-18,1.2753756622079004,1.2784133852485022
2008-07-21,1.2752998299479523,1.2781327758552794
2008-07-22,1.2654452717525397,1.2679151425348902
2008-07-23,1.253429113674687,1.2554668347415892
2008-07-24,1.2612642625103505,1.2638750679883604
2008-07-25,1.2562362180155522,1.25835638165558
2008-07-28,1.2646319127321457,1.2673308484332109
2008-07-29,1.2564061014169299,1.2588176217815836
2008-07-30,1.2547959992705924,1.2566072735330847
2008-07-31,1.2591803075953107,1.2616252350949173
2008-08-01,1.2559880994584696,1.2586092307524308
2008-08-04,1.2515295962330735,1.2537576618926214
2008-08-05,1.2394712230050888,1.2409058700703064
2008-08-06,1.230797628053859,1.2316182509260942
2008-08-07,1.238749175838672,1.240280788930788
2008-08-08,1.2186406029485208,1.218893370435958
2008-08-11,1.209671592585718,1.2097028892943877
2008-08-12,1.2128399380130261,1.213227812162342
2008-08-13,1.2170008995423176,1.217954761081559
2008-08-14,1.214387605029532,1.2153389460290585
2008-08-15,1.2077869242004875,1.2084038222537905
2008-08-18,1.2153471192255525,1.2162394358173563
2008-08-19,1.221111329083079,1.2220157572230013
2008-08-20,1.2226348256302129,1.2237189130559494
2008-08-21,1.233901437557453,1.2356092441038298
2008-08-22,1.2209068829720982,1.2221055067655264
2008-08-25,1.2274813279699446,1.228905803250093
2008-08-26,1.2226345968986554,1.2239042006360712
2008-08-27,1.2224247170767986,1.2235436778481266
2008-08-28,1.2188899352484195,1.21993849423648
2008-08-29,1.2179301780177132,1.2186275431804845
2008-09-01,1.217899224348042,1.218586857143703
2008-09-02,1.2194896128339194,1.2212487878744864
2008-09-03,1.2198606571020179,1.2220648831391745
2008-09-04,1.2263895383820427,1.2291173858841316
2008-09-05,1.2193570650897398,1.2224843334008695
2008-09-08,1.2129393033907987,1.2161322978541032
2008-09-09,1.2208419673778568,1.2245458064521053
2008-09-10,1.2137272453896701,1.2174611848065144
2008-09-11,1.2122508250256478,1.2161205882411117
2008-09-12,1.211311817413976,1.2140242435498507
2008-09-15,1.232209147570006,1.2368231498700604
2008-09-16,1.2228969370703053,1.227866625420692
2008-09-17,1.2430293776250352,1.2483863771429038
2008-09-18,1.2387276775019591,1.2440633758375834
2008-09-19,1.2153093737545906,1.2180694162130017
2008-09-22,1.2328642753848629,1.2346541467604417
2008-09-23,1.2298055313622487,1.231670341716206
2008-09-24,1.2307412364909032,1.232809466586078
2008-09-25,1.2232226223008666,1.2246336880030066
2008-09-26,1.2260277644524866,1.2280927338936631
2008-09-29,1.247219413992113,1.2516675355711375
2008-09-30,1.222208179855129,1.2254908632948822
2008-10-01,1.224094739387706,1.2276647291285834
2008-10-02,1.2304742746783333,1.2346637959796407
2008-10-03,1.23164069946402,1.2360926962914875
2008-10-06,1.245902521836324,1.251424332265684
2008-10-07,1.2467720579701655,1.2524966810010063
2008-10-08,1.2517259074415121,1.2573886538671402
2008-10-09,1.2523374091993318,1.258106111171718
2008-10-10,1.2582801244963302,1.2643235576040168
2008-10-13,1.2414998944579774,1.2460203779406347
2008-10-14,1.2411471546760584,1.2459781427860666
2008-10-15,1.2510212709463526,1.2568831292913427
2008-10-16,1.2480297093547503,1.2534955914844057
2008-10-17,1.2469939067610587,1.2523949793318836
2008-10-20,1.2448504979132728,1.2496107852590097
2008-10-21,1.2516020506266388,1.2571510125146625
2008-10-22,1.2597464057409267,1.266013827813559
2008-10-23,1.2650179569338977,1.2713307681973056
2008-10-24,1.2706936264972448,1.2774660819042067
2008-10-27,1.275678779643964,1.282717146303287
2008-10-28,1.2643750372895486,1.270241160383994
2008-10-29,1.2587619389690021,1.2645794045272671
2008-10-30,1.2544605499197667,1.2595430327518051
2008-10-31,1.2514958159676657,1.256553018778537
2008-11-03,1.253613852451055,1.2590007528491514
2008-11-04,1.2484237466913686,1.2542108795876434
2008-11-05,1.2553195614675703,1.2608187615481525
2008-11-06,1.2641456128863005,1.2693549214308235
2008-11-07,1.2618492188162203,1.267070868741239
2008-11-10,1.2624639765904537,1.2678596160979867
2008-11-11,1.269733577834316,1.2747912851973935
2008-11-12,1.2776284235004096,1.2825532526434238
2008-11-13,1.2732063741683046,1.2783542165803679
2008-11-14,1.2735684023753906,1.2783625803538614
2008-11-17,1.2759501201750039,1.2808359162464822
2008-11-18,1.279099095077822,1.2841819820006115
2008-11-19,1.2846502846997938,1.2894436539489245
2008-11-20,1.2969482761487472,1.3014533825015486
2008-11-21,1.2938899215171313,1.2986491920561918
2008-11-24,1.278966895531658,1.2840949929931547
2008-11-25,1.282538872624943,1.2877071193162073
2008-11-26,1.2821563409621415,1.2878783470443718
2008-11-27,1.2821563409621415,1.2878783470443718
2008-11-28,1.2850852991292574,1.2908662208987984
2008-12-01,1.2978712491162332,1.3041474377192324
2008-12-02,1.2973940329466165,1.3039361578980648
2008-12-03,1.298928735001929,1.3056952440923606
2008-12-04,1.30412525046927,1.311225466239052
2008-12-05,1.3047194276988676,1.3119752302480974
2008-12-08,1.296293104891371,1.3030509935726073
2008-12-09,1.3003084579648152,1.3073645085724424
2008-12-10,1.295550890533812,1.3023544939458385
2008-12-11,1.2947768481294952,1.3013705154717248
2008-12-12,1.294443202311025,1.3012457119524654
2008-12-15,1.2937745799352343,1.3006428855092154
2008-12-16,1.2906280978306919,1.297596296619763
2008-12-17,1.288231731710764,1.2952320303836733
2008-12-18,1.291393734024523,1.29846339850479
2008-12-19,1.295886694789216,1.3030364281170403
2008-12-22,1.2942701500922589,1.3011525051402635
2008-12-23,1.2949299425383418,1.3017245176586285
2008-12-24,1.2930114175154988,1.2997203712802776
2008-12-25,1.2930114175154988,1.2997203712802776
2008-12-26,1.2901903376378243,1.2966290372448794
2008-12-29,1.2912080132778547,1.2978632159051593
2008-12-30,1.290925946008318,1.2976009049623247
2008-12-31,1.2851680429947665,1.2914314635216881
2009-01-01,1.285122921179576,1.2913909402886667
2009-01-02,1.2749538546026478,1.2813456811004595
2009-01-05,1.271945228761345,1.2782971959089782
2009-01-06,1.2659342489165024,1.272526127009054
2009-01-07,1.27562558468899,1.2817905386779116
2009-01-08,1.2780772992804377,1.284120036961152
2009-01-09,1.2809541784106684,1.2870852847734615
2009-01-12,1.2969463596774184,1.302696657568956
2009-01-13,1.3008709210822043,1.3066046022672706
2009-01-14,1.3082989902500122,1.3140161907612866
2009-01-15,1.3077129983516496,1.3134863721384764
2009-01-16,1.299975695186034,1.3058815817685208
2009-01-19,1.299975695186034,1.3058815817685208
2009-01-20,1.3094828457318053,1.315068820487451
2009-01-21,1.2989522985906055,1.3044871847619204
2009-01-22,1.2993522278011371,1.3046017181071654
2009-01-23,1.2954358286266894,1.3008230681816155
2009-01-26,1.2910608616417076,1.2964713900581566
2009-01-27,1.2957373108179182,1.3011908375822685
2009-01-28,1.286303715452212,1.291858858355605
2009-01-29,1.287349920865431,1.2927450059578947
2009-01-30,1.2883601180471156,1.293765920565703
2009-02-02,1.2950826926512857,1.3018692466960067
2009-02-03,1.2879144670376577,1.2939617138269621
2009-02-04,1.2870123967503737,1.2926289282282672
2009-02-05,1.2818634169934988,1.2869274057197058
2009-02-06,1.2713045688688125,1.2754158547594026
2009-02-09,1.2708874333042872,1.2750732797009865
2009-02-10,1.2877413834696816,1.293327755148615
2009-02-11,1.2880724089142135,1.2937362712724083
2009-02-12,1.2926738977765648,1.2988237786260854
2009-02-13,1.285573058133971,1.2904141723398581
2009-02-16,1.285573058133971,1.2904141723398581
2009-02-17,1.3022667834576969,1.3086560496221853
2009-02-18,1.2989316992090199,1.304514074817638
2009-02-19,1.293141740716502,1.297885287803183
2009-02-20,1.2953925456263136,1.3005518375132055
2009-02-23,1.2982924429673421,1.30321512608214
2009-02-24,1.29068508299666,1.2952716928188517
2009-02-25,1.2897688532445752,1.2935756974514085
2009-02-26,1.2905498574165566,1.2946438217017409
2009-02-27,1.2948567729885765,1.2992175950554812
2009-03-02,1.3130590761576189,1.3196050290745236
2009-03-03,1.3117638968035663,1.318081141019744
2009-03-04,1.2977862273882612,1.3028546729416648
2009-03-05,1.312711002133775,1.3190624645030826
2009-03-06,1.3088226788302697,1.3145812439745521
2009-03-09,1.3128227843212381,1.3190766340442488
2009-03-10,1.3024505894329215,1.3081527478542003
2009-03-11,1.3053928496365512,1.3108588787555449
2009-03-12,1.2961390576999796,1.3011444024702907
2009-03-13,1.2948995383091308,1.299949615985077
2009-03-16,1.2886671297305374,1.293246107132003
2009-03-17,1.2821311836289924,1.285976028656056
2009-03-18,1.2945441377257294,1.2994404236603612
2009-03-19,1.2787807862485299,1.2817851907946045
2009-03-20,1.280786943365363,1.2840038927135182
2009-03-23,1.2657221855138412,1.2675237350661333
2009-03-24,1.2699925118461917,1.2720171739091286
2009-03-25,1.2696666689219764,1.2715123347715487
2009-03-26,1.2666565445883877,1.2683613409224366
2009-03-27,1.2767420414547592,1.2795437139706654
2009-03-30,1.2910331725086612,1.2954071260349465
2009-03-31,1.2815138333210598,1.2849250452179322
2009-04-01,1.281475662731184,1.2848523663444782
2009-04-02,1.2630667656673384,1.2674963117820852
2009-04-03,1.253130100879176,1.2581065695489286
2009-04-06,1.2583971026336747,1.263183825103287
2009-04-07,1.2660470975615983,1.270143918509633
2009-04-08,1.2664164696975724,1.270553795126101
2009-04-09,1.257389037100208,1.2624867875737702
2009-04-10,1.257389037100208,1.2624867875737702
2009-04-13,1.2561269232809718,1.2609163550628184
2009-04-14,1.259612809151476,1.2641394447293437
2009-04-15,1.2596213747418712,1.2643141724985274
2009-04-16,1.255969839428325,1.2610521619414778
2009-04-17,1.254891300801788,1.2604765241094005
2009-04-20,1.272122189755018,1.2766092628565293
2009-04-21,1.26518337570003,1.2701135532147283
2009-04-22,1.2633008469995433,1.2683517005276437
2009-04-23,1.2598776626775776,1.264840814226375
2009-04-24,1.2522858324797743,1.25755557016667
2009-04-27,1.2645581482842958,1.269128510533541
2009-04-28,1.2644603306525564,1.2689135767200883
2009-04-29,1.250098748958406,1.255483890479156
2009-04-30,1.2476539672703597,1.2533367555579464
2009-05-01,1.238028560990779,1.243731757217572
2009-05-04,1.2321297888904956,1.237483228774142
2009-05-05,1.2325358972600984,1.237775046890376
2009-05-06,1.2263373581724668,1.2316189682236265
2009-05-07,1.224987519533755,1.2298447966331532
2009-05-08,1.214096572592651,1.2186676721688805
2009-05-11,1.2220575353257581,1.2271669884161678
2009-05-12,1.221693999401207,1.226799696975586
2009-05-13,1.2321246939207422,1.237810540133452
2009-05-14,1.2292622643148938,1.2348731251982314
2009-05-15,1.2367165874991508,1.2427998902483126
2009-05-18,1.2230149657321336,1.2283154972689803
2009-05-19,1.2198230058192303,1.224837357387754
2009-05-20,1.2180405786952089,1.2232304708105588
2009-05-21,1.2197691565350974,1.224823594506251
2009-05-22,1.2134815877843188,1.2181257766158007
2009-05-25,1.2134815877843188,1.2181257766158007
2009-05-26,1.2055007002904838,1.2099682497955493
2009-05-27,1.2030681376734365,1.2072896145719085
2009-05-28,1.1982726207914751,1.2019167161964155
2009-05-29,1.1952479406010024,1.1990573421389321
2009-06-01,1.1732088405846643,1.1754762593287365
2009-06-02,1.171619558254998,1.1738913729552811
2009-06-03,1.1901506055961095,1.193443869348661
2009-06-04,1.1757558485037871,1.1779991694264662
2009-06-05,1.1679541829628854,1.1701456155172674
2009-06-08,1.1693949341413734,1.171789958565687
2009-06-09,1.1641048073931943,1.166075950142318
2009-06-10,1.1631826881315954,1.1650686949675044
2009-06-11,1.1576533415027481,1.1592601385502925
2009-06-12,1.16709074810979,1.16915973200563
2009-06-15,1.183388596006864,1.1868922653797214
2009-06-16,1.1873472036221742,1.1912441310634925
2009-06-17,1.1862665513647181,1.1902248164046247
2009-06-18,1.1805758678593736,1.1842310730990984
2009-06-19,1.1824660570941317,1.1862425533995724
2009-06-22,1.200775683785867,1.2058379765793725
2009-06-23,1.1976460622635925,1.2025659910186464
2009-06-24,1.198066294446378,1.202707717782502
2009-06-25,1.1976410064180643,1.202069209755946
2009-06-26,1.1961503076209672,1.2005825217368034
2009-06-29,1.1954023602661275,1.1996458907334542
2009-06-30,1.2010500235118837,1.206116089370989
2009-07-01,1.1957506722774327,1.2010849313099192
2009-07-02,1.2116114718167341,1.2168246540785297
2009-07-03,1.2116114718167341,1.2168246540785297
2009-07-06,1.2194753763015158,1.2240566589348798
2009-07-07,1.2290517404740298,1.2335953969425493
2009-07-08,1.2454936660744649,1.2497003736672287
2009-07-09,1.2320314637707652,1.237210859807801
2009-07-10,1.2407329349498546,1.245468909540783
2009-07-13,1.2337524386231276,1.2382381301390453
2009-07-14,1.2268366441418657,1.2315415769965314
2009-07-15,1.2078893051686483,1.2128114246902608
2009-07-16,1.2099580171584672,1.2145622829274758
2009-07-17,1.203770909531353,1.2086659562629583
2009-07-20,1.1989186904643574,1.2039125701039715
2009-07-21,1.2041655046410984,1.2085862139978796
2009-07-22,1.1989848540173975,1.2038309407750234
2009-07-23,1.1868268396106276,1.1912359895679052
2009-07-24,1.1875356680968132,1.1916009924304138
2009-07-27,1.1834450071944178,1.187585465184386
2009-07-28,1.1863113515131187,1.1905419145766951
2009-07-29,1.1932551183192792,1.1964698037698582
2009-07-30,1.181660081573523,1.1855337313500214
2009-07-31,1.1784805460869463,1.1831642647245193
2009-08-03,1.1614198414594157,1.1675539517981472
2009-08-04,1.1602752475911369,1.16634695997362
2009-08-05,1.1595269257322187,1.1661008039116205
2009-08-06,1.1674358287558204,1.1730632818145892
2009-08-07,1.1615261473835707,1.1665468981614076
2009-08-10,1.1672673500609199,1.171827881978501
2009-08-11,1.1743785534122442,1.1787062484065132
2009-08-12,1.1697341160246608,1.174331679644839
2009-08-13,1.1720070610446143,1.176282258591055
2009-08-14,1.1811833850582347,1.1846790085288406
2009-08-17,1.1951049308764305,1.1984271900257306
2009-08-18,1.189144036609605,1.1925323293924448
2009-08-19,1.1890885904050115,1.1926800482367266
2009-08-20,1.1880445688549661,1.191237419829309
2009-08-21,1.178372516986764,1.1820770541815178
2009-08-24,1.1764491836946869,1.1802567830628925
2009-08-25,1.1801975464622,1.183385356350296
2009-08-26,1.1826639130046852,1.1854495055638736
2009-08-27,1.1803856925246317,1.183734358133999
2009-08-28,1.1815085886192593,1.1847065692738912
2009-08-31,1.1885344409852234,1.191489437420569
2009-09-01,1.196128558616988,1.1996458383406743
2009-09-02,1.2025066436530873,1.2066663161408182
2009-09-03,1.2029908583000493,1.206965919556988
2009-09-04,1.1964797458828265,1.1999558893507123
2009-09-07,1.1964797458828265,1.1999558893507123
2009-09-08,1.1953081468906872,1.1991818473779823
2009-09-09,1.1938452334782796,1.1974153819892202
2009-09-10,1.1942056832516628,1.1978450789268045
2009-09-11,1.1976237369291078,1.2013834923245745
2009-09-14,1.196283781705825,1.1997077399236749
2009-09-15,1.191990237611915,1.1954583184067684
2009-09-16,1.1872005002904065,1.1906848307329865
2009-09-17,1.1911006926971481,1.19451786062326
2009-09-18,1.18952607552969,1.1925343295641135
2009-09-21,1.1892124102776878,1.1917771765891878
2009-09-22,1.1895280688488943,1.1926492126128914
2009-09-23,1.1927711986007217,1.1960883523830956
2009-09-24,1.1964527815844133,1.199744342100045
2009-09-25,1.200284801074875,1.20399780266641
2009-09-28,1.1977849283711994,1.2010488597958526
2009-09-29,1.1982323421247343,1.2014926791451015
2009-09-30,1.1986635466059217,1.202865466094774
2009-10-01,1.1919545929125752,1.1961275129985929
2009-10-02,1.189033464197504,1.1934319352899463
2009-10-05,1.195450515248501,1.2002574753273405
2009-10-06,1.2035706021600352,1.2083303949698732
2009-10-07,1.2078855022233694,1.2128521670514647
2009-10-08,1.2124523679676031,1.217376521660023
2009-10-09,1.2088212883167748,1.213512171444437
2009-10-12,1.2122904035810904,1.216894133072891
2009-10-13,1.213821485726714,1.2180204412856013
2009-10-14,1.2182171067539487,1.2221625174180366
2009-10-15,1.2126117237024527,1.2162400437009897
2009-10-16,1.2077530197209587,1.2116180026459948
2009-10-19,1.2139972368351724,1.2178541346870468
2009-10-20,1.2131238345741713,1.2173283414038014
2009-10-21,1.2081682472196944,1.2115176659494928
2009-10-22,1.208845904907266,1.2118317967292127
2009-10-23,1.203277030039563,1.2063518377429423
2009-10-26,1.195483020919207,1.19826034347199
2009-10-27,1.196420911058007,1.1998095734223961
2009-10-28,1.1885858784347012,1.1916091534160247
2009-10-29,1.195179152052625,1.1981067619466057
2009-10-30,1.1906845567879023,1.1938847882791108
2009-11-02,1.1917689611518945,1.1947955533485817
2009-11-03,1.1957643975290653,1.1992741562484228
2009-11-04,1.2036778621697048,1.207558422972232
2009-11-05,1.2077977857999482,1.2124888686908057
2009-11-06,1.2111874871279276,1.216937685087609
2009-11-09,1.225288167750713,1.2324046005535116
2009-11-10,1.2246954862059416,1.2318125527942967
2009-11-11,1.2289617739047813,1.2372156919586765
2009-11-12,1.2192072818661766,1.2261007630854923
2009-11-13,1.2250944399234804,1.2331848507970318
2009-11-16,1.244142588340521,1.2549707883726382
2009-11-17,1.2395620961938922,1.2499984228241907
2009-11-18,1.240626169677777,1.2507810310267071
2009-11-19,1.2339634625220597,1.2433270480082987
2009-11-20,1.2297146074766552,1.2389356335975084
2009-11-23,1.2421098541722564,1.2529575350911841
2009-11-24,1.2447641716918771,1.2561826803007012
2009-11-25,1.256416354882714,1.2695067727319274
2009-11-26,1.256416354882714,1.2695067727319274
2009-11-27,1.240905331593877,1.252488231768606
2009-11-30,1.2487441809823616,1.261790443621343
2009-12-01,1.2661127639252299,1.2818606871129972
2009-12-02,1.2608577243265628,1.2765132773100318
2009-12-03,1.2596831931678814,1.2752379307517443
2009-12-04,1.2374126548646232,1.252411525885266
2009-12-07,1.2401146660457618,1.2548583968523779
2009-12-08,1.2309825046798237,1.2440938454296389
2009-12-09,1.2307292309893738,1.2435708924227407
2009-12-10,1.2296013679412725,1.242236104361744
2009-12-11,1.2244245318702625,1.2371782454586429
2009-12-14,1.2275544865726116,1.240705758585789
2009-12-15,1.218290551547035,1.2308505921882007
2009-12-16,1.2253706899129855,1.2390766470689074
2009-12-17,1.2132831264866244,1.2253602563788424
2009-12-18,1.212635320653888,1.2248118837460582
2009-12-21,1.2071143387154122,1.2192325098484835
2009-12-22,1.2047797750587743,1.217308419676088
2009-12-23,1.2120796442651958,1.2253092544905104
2009-12-24,1.2170702068378825,1.2309665107782155
2009-12-25,1.2170702068378825,1.2309665107782155
2009-12-28,1.2177383448369643,1.2320236897531711
2009-12-29,1.2166540456311115,1.2310210044637124
2009-12-30,1.2148926106529319,1.2290331093363918
2009-12-31,1.2120109395670315,1.2255813637714554
2010-01-01,1.2118758753866772,1.2254305170641406
2010-01-04,1.2259174068756573,1.2401799887489466
2010-01-05,1.222699687997431,1.2370355097079493
2010-01-06,1.2303924737483927,1.244674003726974
2010-01-07,1.2281804246858536,1.242087727603084
2010-01-08,1.2339816475843965,1.248110355810978
2010-01-11,1.2397141225081998,1.2533931650797423
2010-01-12,1.2207000229901153,1.233590207951686
2010-01-13,1.2286907136733207,1.2419988688546062
2010-01-14,1.2310775403334708,1.2448184790911276
2010-01-15,1.2153778408687204,1.228418866230094
2010-01-18,1.2153778408687204,1.228418866230094
2010-01-19,1.2244685435090445,1.2381735687376305
2010-01-20,1.2024086237496778,1.2152986414565476
2010-01-21,1.1886637348099391,1.200859765645703
2010-01-22,1.1748194192726313,1.185713483160496
2010-01-25,1.1818950426604438,1.193010195691314
2010-01-26,1.1745516500263213,1.1853549536692527
2010-01-27,1.1714308671120046,1.1822147005696781
2010-01-28,1.1629664717945303,1.1731635654861408
2010-01-29,1.1511421227288987,1.1605475545993722
2010-02-01,1.1581170500135132,1.1665042123980953
2010-02-02,1.1643263462690405,1.1723312395866918
2010-02-03,1.1621132506395948,1.1698025319631684
2010-02-04,1.1358785394984154,1.146586720585716
2010-02-05,1.1321833479698555,1.1434267118703882
2010-02-08,1.1323104884952362,1.1434311555603034
2010-02-09,1.142119025945428,1.1522012057992368
2010-02-10,1.1389501176063008,1.1494034617688333
2010-02-11,1.1494342279939231,1.1592021194363284
2010-02-12,1.1501737678702157,1.1599479980538898
2010-02-15,1.1501737678702157,1.1599479980538898
2010-02-16,1.1669580720838002,1.175543107722026
2010-02-17,1.166078823416999,1.17448589445009
2010-02-18,1.1699415326415605,1.1778386331370867
2010-02-19,1.167087229234127,1.1750432667685387
2010-02-22,1.1683748019108544,1.1762209450903514
2010-02-23,1.15912652741601,1.1679255430844395
2010-02-24,1.1607039299533906,1.1693359531808143
2010-02-25,1.1592249598796582,1.1673585831878104
2010-02-26,1.1661250168676294,1.1742884307906079
2010-03-01,1.1716550748355292,1.1793030947997234
2010-03-02,1.1788199056865942,1.18610342749548
2010-03-03,1.1834969779352331,1.1906426582064593
2010-03-04,1.1773924418724653,1.1847863603166346
2010-03-05,1.1872513181834772,1.1936347876830935
2010-03-08,1.188412633475089,1.194609563985235
2010-03-09,1.1908646568167294,1.196977907179338
2010-03-10,1.192164836103933,1.1978825090672784
2010-03-11,1.1927551759763975,1.1982302201378328
2010-03-12,1.195443981509213,1.2010506949701558
2010-03-15,1.191987314291291,1.197782127313193
2010-03-16,1.204071002162025,1.2097555435320926
2010-03-17,1.2083540523424035,1.2140743299845183
2010-03-18,1.2032739587086603,1.209137816021434
2010-03-19,1.1920026058520454,1.1981814013312873
2010-03-22,1.198282630122272,1.204174979480197
2010-03-23,1.203015987290583,1.2085331928832066
2010-03-24,1.1856473914100543,1.191178146777869
2010-03-25,1.1842208078619738,1.1896405986333554
2010-03-26,1.191026428532215,1.1961705649304042
2010-03-29,1.2015722474958177,1.2063977899283347
2010-03-30,1.2017646605166326,1.2069281847405027
2010-03-31,1.2076175287675202,1.2126413798326332
2010-04-01,1.213408781635785,1.2181646441737874
2010-04-02,1.2093144574185668,1.2145208274220143
2010-04-05,1.2158665258585422,1.2207376006126411
2010-04-06,1.2169700751631243,1.222421176834109
2010-04-07,1.2144769363261736,1.2203104919737444
2010-04-08,1.2160573967281414,1.2221404916094887
2010-04-09,1.2216928679371541,1.22731369038438
2010-04-12,1.224467336552078,1.2295556092913882
2010-04-13,1.2229995728982768,1.2277520669266624
2010-04-14,1.2342396007651433,1.2383941788840513
2010-04-15,1.2348296587899246,1.239461545856859
2010-04-16,1.2186833818921485,1.2234196489120719
2010-04-19,1.2189188164757467,1.2241381545415035
2010-04-20,1.2217806444113175,1.227253823154398
2010-04-21,1.2213147258923351,1.2271313853123973
2010-04-22,1.2172671346180386,1.2233096304567141
2010-04-23,1.2237099506742286,1.2294870035683083
2010-04-26,1.2249139715779838,1.2308905522260185
2010-04-27,1.2057520404595286,1.2127264499624466
2010-04-28,1.2078409917317883,1.2146193339186875
2010-04-29,1.2197274793978359,1.2266409347562937
2010-04-30,1.2110423980359823,1.2178271078523182
2010-05-03,1.2130565054676352,1.21911748162493
2010-05-04,1.1963386221945698,1.2025805947256683
2010-05-05,1.1939366421604598,1.20038077786123
2010-05-06,1.1869818595563382,1.1952040112041287
2010-05-07,1.1784195965319846,1.187653055968423
2010-05-10,1.1964758635697803,1.2035283111291875
2010-05-11,1.1987765957270864,1.206052257614303
2010-05-12,1.2044757148616845,1.2103092936732502
2010-05-13,1.2012515029463884,1.2076339884894078
2010-05-14,1.195542050641392,1.2025021647218623
2010-05-17,1.186723400947109,1.19293189732686
2010-05-18,1.183895215734804,1.190725322564917
2010-05-19,1.1724306051283797,1.1792912522452013
2010-05-20,1.1580450767084551,1.1664367425027713
2010-05-21,1.1647265416013755,1.1724873882175806
2010-05-24,1.1631133328293877,1.1719125039909326
2010-05-25,1.1606344939069444,1.169001229907948
2010-05-26,1.1591992604184294,1.1684521047350989
2010-05-27,1.1739637218463603,1.1819838360190316
2010-05-28,1.173506777840487,1.1818599214735037
2010-05-31,1.173506777840487,1.1818599214735037
2010-06-01,1.171115083215323,1.1797869378586643
2010-06-02,1.1705276560022957,1.1799849683135004
2010-06-03,1.1641165986133348,1.1739129186399022
2010-06-04,1.1731345741318402,1.1820671119015083
2010-06-07,1.1723001686026286,1.1814618010697027
2010-06-08,1.1762060296271357,1.1849471291025717
2010-06-09,1.1731427687487619,1.1818437677129472
2010-06-10,1.1683031739571144,1.1775912155254697
2010-06-11,1.1766605451874927,1.1845917235643872
2010-06-14,1.1694810734270507,1.1772633038420617
2010-06-15,1.168040255685984,1.17606315123012
2010-06-16,1.168945279985246,1.176543422966508
2010-06-17,1.173126898514927,1.1798404197306827
2010-06-18,1.17290660198,1.1797623606030005
2010-06-21,1.17150476936706,1.1784689733350362
2010-06-22,1.1754852798784923,1.1818192120328095
2010-06-23,1.176217197870273,1.1822407041110186
2010-06-24,1.1760783324029325,1.1821444013817248
2010-06-25,1.1789177314044952,1.1845684117983997
2010-06-28,1.183030536895522,1.188428062832153
2010-06-29,1.1813971317255345,1.1871949633295094
2010-06-30,1.1758889467014226,1.1807614635593406
2010-07-01,1.166213300428289,1.170154256985863
2010-07-02,1.1635505952272986,1.1671949379342328
2010-07-05,1.1635505952272986,1.1671949379342328
2010-07-06,1.1682423907975192,1.1715943435724485
2010-07-07,1.1745858292894704,1.1782041823698446
2010-07-08,1.1746010213175775,1.1781607780041479
2010-07-09,1.178096937858609,1.1821973646636008
2010-07-12,1.1778737042394407,1.1820982569417955
2010-07-13,1.177763848022441,1.1822419855938477
2010-07-14,1.1810113989245092,1.185086776647498
2010-07-15,1.1811916723357827,1.1846652286078745
2010-07-16,1.1769874673932517,1.1798810336772037
2010-07-19,1.1759071323924368,1.1789522341030176
2010-07-20,1.1845459198149215,1.1879950023112986
2010-07-21,1.187148421336525,1.190610560172889
2010-07-22,1.1915314995852517,1.1952360050413244
2010-07-23,1.1871420027228645,1.191004535038763
2010-07-26,1.1892266650845071,1.1931055743036685
2010-07-27,1.176512206933694,1.1800797902657383
2010-07-28,1.176628382772869,1.1799112462497054
2010-07-29,1.1820356089342456,1.184988121469569
2010-07-30,1.1896711826997026,1.1926009828551685
2010-08-02,1.1914871273894094,1.1945821192546098
2010-08-03,1.1953871497168298,1.1992539774243278
2010-08-04,1.1987709653797538,1.2020989296192583
2010-08-05,1.2082088748042152,1.21213958048808
2010-08-06,1.210361234508818,1.2153000714703162
2010-08-09,1.2074407811227903,1.2122009122448356
2010-08-10,1.2054488147333946,1.2103000752317608
2010-08-11,1.2056999315536079,1.2105770082022602
2010-08-12,1.2094775759172343,1.2144539283911508
2010-08-13,1.2110940264739725,1.2162385047355975
2010-08-16,1.2203504963085319,1.226664037799791
2010-08-17,1.2217052213746744,1.2277386307235931
2010-08-18,1.2223154244503422,1.2282906819684558
2010-08-19,1.2231572964909554,1.229611872819529
2010-08-20,1.2198751508136463,1.2258788292656126
2010-08-23,1.2214947186386482,1.2277068379693277
2010-08-24,1.2258149957998612,1.2327581274084956
2010-08-25,1.2227671511890699,1.2296875585415652
2010-08-26,1.2280060444057677,1.235444054592239
2010-08-27,1.2223966194379317,1.229290259009441
2010-08-30,1.23162778738259,1.2391554728507725
2010-08-31,1.2388996700075094,1.2470201372413618
2010-09-01,1.243333175120345,1.2499609297907466
2010-09-02,1.2485463890796027,1.2547368157948589
2010-09-03,1.2561074570353326,1.261207772230488
2010-09-06,1.2561074570353326,1.261207772230488
2010-09-07,1.2709826212414506,1.277293448942641
2010-09-08,1.2650639527853136,1.2711941287427313
2010-09-09,1.2572315326906822,1.2617863199894022
2010-09-10,1.2495312292490757,1.2537675995117152
2010-09-13,1.2691399466071822,1.2738497532266821
2010-09-14,1.285053053658244,1.2906242741098388
2010-09-15,1.2712651527980492,1.2764146737299917
2010-09-16,1.2666822671290228,1.2714597603450253
2010-09-17,1.2821836860727918,1.2869475554915355
2010-09-20,1.2957473306610447,1.3010513200589866
2010-09-21,1.3052094568684658,1.311935039516986
2010-09-22,1.3127047553362206,1.319816511062099
2010-09-23,1.3103717989991863,1.3178499437001867
2010-09-24,1.3238963563769766,1.3304804398655834
2010-09-27,1.3292499476233084,1.3371767269483184
2010-09-28,1.335500089867643,1.3444762180375078
2010-09-29,1.3321549946740385,1.340721541346511
2010-09-30,1.3301383272413205,1.3387971651258401
2010-10-01,1.3206222061226076,1.3323061008624095
2010-10-04,1.3226436671375206,1.3341215951178462
2010-10-05,1.342665754984073,1.3548129587864441
2010-10-06,1.3483922703642999,1.362121763860216
2010-10-07,1.3522687185601971,1.3650685608921322
2010-10-08,1.384798588706651,1.3954166207141425
2010-10-11,1.3986100389216591,1.4086467048008198
2010-10-12,1.4080739408370653,1.4159692255110037
2010-10-13,1.4168970858172583,1.4269973858530842
2010-10-14,1.4137222474081113,1.423086701126902
2010-10-15,1.4124042772257126,1.4214537070851345
2010-10-18,1.4207055589372162,1.431297414826388
2010-10-19,1.3992435791775637,1.4083173800090445
2010-10-20,1.4173472255893906,1.4255149538347376
2010-10-21,1.4061320139863258,1.413701070304844
2010-10-22,1.4037218657146737,1.411915531659521
2010-10-25,1.421216722666194,1.4298079215457766
2010-10-26,1.4057866394310565,1.413054575138414
2010-10-27,1.394644181640857,1.399685311559235
2010-10-28,1.4108350100164877,1.4169332338296625
2010-10-29,1.4242479068628284,1.431415815308882
2010-11-01,1.4255628288389013,1.4324347244150537
2010-11-02,1.438039666971153,1.4449537148219402
2010-11-03,1.4322901837307689,1.4396674542881127
2010-11-04,1.4663657052704522,1.474153000613938
2010-11-05,1.464015122081514,1.4712906365308742
2010-11-08,1.4613058866116908,1.468410643497776
2010-11-09,1.453699013785573,1.4604037092802338
2010-11-10,1.4432861672967412,1.4509591565825009
2010-11-11,1.4337290000690541,1.4417810425693454
2010-11-12,1.4018417402330505,1.410129673777546
2010-11-15,1.3928881756854834,1.4004093842469056
2010-11-16,1.3694907812922432,1.3778533356877496
2010-11-17,1.3680502301105972,1.3761554105386837
2010-11-18,1.3781996751310588,1.3867216327470087
2010-11-19,1.3744849957770044,1.3831828019526096
2010-11-22,1.38613354654878,1.3952571849851756
2010-11-23,1.392663863610121,1.4015925352046636
2010-11-24,1.3858158854034357,1.3944035293543793
2010-11-25,1.3858158854034357,1.3944035293543793
2010-11-26,1.3801374378988482,1.3890724292284378
2010-11-29,1.3873508114266182,1.3965008614629797
2010-11-30,1.4008415551503186,1.4096002971132182
2010-12-01,1.4011498022915283,1.4102855205447289
2010-12-02,1.4079159906457075,1.416212430291464
2010-12-03,1.4235349822988268,1.4313504539463962
2010-12-06,1.4334143484463946,1.4405738563491741
2010-12-07,1.4097083707480051,1.4181012268077726
2010-12-08,1.396836160587567,1.4053804035365696
2010-12-09,1.4018749097054384,1.409873927922664
2010-12-10,1.4014752406103295,1.40919726412574
2010-12-13,1.4126045288116684,1.420100597993011
2010-12-14,1.4037239088501403,1.4118092914873608
2010-12-15,1.3947491518671602,1.4034238645260448
2010-12-16,1.3989412050161725,1.4068664151551507
2010-12-17,1.4133114245633327,1.4204986970548477
2010-12-20,1.416681732641724,1.4236179933768789
2010-12-21,1.4252264427952743,1.4312303287259371
2010-12-22,1.4290828630442407,1.4347889810805734
2010-12-23,1.427835612179653,1.4336061453834619
2010-12-24,1.427835612179653,1.4336061453834619
2010-12-27,1.4306672580058448,1.4361798935446854
2010-12-28,1.4321281132889652,1.4376525361661825
2010-12-29,1.4484717181805828,1.4529851806945417
2010-12-30,1.4457804173969937,1.4502250550635252
2010-12-31,1.4568446495101082,1.461136811321613
2011-01-03,1.457882551154188,1.4620470605617983
2011-01-04,1.4375330444047847,1.4412224940656504
2011-01-05,1.4327443332770275,1.4370505979196253
2011-01-06,1.4338463222602702,1.4372161622099948
2011-01-07,1.4369544041493063,1.4400354399544968
2011-01-10,1.441699717415028,1.445438582612964
2011-01-11,1.439609513291782,1.4437137119039767
2011-01-12,1.4483358587385913,1.4536020634348474
2011-01-13,1.450323760407097,1.4559857895029453
2011-01-14,1.446837820358663,1.4526711850823153
2011-01-17,1.446837820358663,1.4526711850823153
2011-01-18,1.4512134517883384,1.4573223183580097
2011-01-19,1.4432754715711515,1.4488084830104941
2011-01-20,1.4224895294806248,1.427941746348074
2011-01-21,1.4266781159215436,1.432312757068111
2011-01-24,1.434045180251675,1.4392986869730493
2011-01-25,1.4365402157568532,1.4405244402485964
2011-01-26,1.4391361733544894,1.4439026045264949
2011-01-27,1.4407975544776435,1.4455418215597615
2011-01-28,1.4439854703655135,1.4486686501939638
2011-01-31,1.4466164553910563,1.452356406694667
2011-02-01,1.4628561023947115,1.4687015347937682
2011-02-02,1.4594234984441905,1.4652384915423853
2011-02-03,1.4568752597830052,1.4622297070142598
2011-02-04,1.4511263969061452,1.4559910561638423
2011-02-07,1.4552339397168956,1.4596339831542327
2011-02-08,1.453916703887391,1.4574383333873828
2011-02-09,1.4612637844136123,1.4656783843190633
2011-02-10,1.450280630225785,1.4537916618299558
2011-02-11,1.4555057903435993,1.4593384052182177
2011-02-14,1.458574992907752,1.4623287358412491
2011-02-15,1.4536185466087619,1.4571129481508456
2011-02-16,1.4605714108617176,1.464019324169225
2011-02-17,1.4780419640928537,1.4824694744382538
2011-02-18,1.479974919902732,1.4839281456311662
2011-02-21,1.479974919902732,1.4839281456311662
2011-02-22,1.46424549450251,1.4680390598610655
2011-02-23,1.4650460548081448,1.4694687156811526
2011-02-24,1.4710162554528667,1.4760161330018824
2011-02-25,1.4870435539929194,1.4927089241085614
2011-02-28,1.4979640827195275,1.5043864015210746
2011-03-01,1.4938798205821116,1.5019272846801897
2011-03-02,1.5004183386416674,1.5083279612313387
2011-03-03,1.4978474272656805,1.5023534939099625
2011-03-04,1.5082162542219035,1.5148368327785706
2011-03-07,1.4972949821021786,1.504535027301378
2011-03-08,1.4917719038213753,1.4975367439473748
2011-03-09,1.4903793147837812,1.4976356362347842
2011-03-10,1.4788479379902675,1.4868678103206299
2011-03-11,1.4905413706377726,1.5000832387300866
2011-03-14,1.5016115458531205,1.5125903997660914
2011-03-15,1.4827319369135123,1.49325421773898
2011-03-16,1.4870679844303436,1.4994081759998346
2011-03-17,1.5002244573175443,1.5119438669456822
2011-03-18,1.5029057855870935,1.5147466742711764
2011-03-21,1.5101422561056068,1.5212765152313028
2011-03-22,1.5101571429454665,1.5214022111367966
2011-03-23,1.5117179119894852,1.5228500426008236
2011-03-24,1.5177954880300288,1.527833233257772
2011-03-25,1.5073400379504316,1.5152541088956102
2011-03-28,1.5010692017081049,1.5090527294711145
2011-03-29,1.5028780452232977,1.509613796190113
2011-03-30,1.5064473845266793,1.5137137792897712
2011-03-31,1.5184519568553743,1.525921346920911
2011-04-01,1.5193611231450583,1.5257431315875298
2011-04-04,1.5273591010959717,1.5335241569312439
2011-04-05,1.5253179948981341,1.531944700080932
2011-04-06,1.5293407503833982,1.536636174504273
2011-04-07,1.5342041670635915,1.542048776983045
2011-04-08,1.541739854977667,1.5508273380226427
2011-04-11,1.5366741578991472,1.5460702981913017
2011-04-12,1.530717203241167,1.542604731294234
2011-04-13,1.5331065948699014,1.5452880561540943
2011-04-14,1.5374647933075392,1.5501944746225778
2011-04-15,1.5502199460047335,1.5637831944686245
2011-04-18,1.5463025038803884,1.5607163707912264
2011-04-19,1.5553988090985946,1.569971068363953
2011-04-20,1.5716687310395618,1.5858145968143977
2011-04-21,1.5863821877566568,1.6012223301888864
2011-04-22,1.5863821877566568,1.6012223301888864
2011-04-25,1.5937519599958583,1.6088878265377908
2011-04-26,1.5992485175696285,1.6140360925524921
2011-04-27,1.601789939278099,1.6174671295211989
2011-04-28,1.6081575099783987,1.6262522165800015
2011-04-29,1.6241610627728142,1.6428124236787385
2011-05-02,1.6144791937749563,1.6332465557080498
2011-05-03,1.5987857687643698,1.616981850866145
2011-05-04,1.5868390368605092,1.6047022425690889
2011-05-05,1.5594628759212128,1.5750284704529907
2011-05-06,1.5550094374468126,1.5701674800414678
2011-05-09,1.579831384319248,1.595537742706618
2011-05-10,1.5826062360182231,1.598848124502971
2011-05-11,1.5583214474609777,1.5738322718483646
2011-05-12,1.5582986378153103,1.5741078837701268
2011-05-13,1.547739644127128,1.5624486912749609
2011-05-16,1.5466346994724214,1.5609562058690942
2011-05-17,1.5523091780760172,1.5667193673950657
2011-05-18,1.5641988105570037,1.5784494816440249
2011-05-19,1.5705604184621251,1.5855851786026138
2011-05-20,1.5718560017034768,1.5862383317444357
2011-05-23,1.5505782691050367,1.5635151441123447
2011-05-24,1.5536740681070276,1.5671087251067102
2011-05-25,1.565206852637463,1.5786946881583457
2011-05-26,1.5869215672012824,1.601412939634761
2011-05-27,1.6024966034026042,1.6178859374896335
2011-05-30,1.6024966034026042,1.6178859374896335
2011-05-31,1.6067719529712197,1.6240422734856763
2011-06-01,1.602631806504236,1.622327701727927
2011-06-02,1.5958468730315312,1.6161088768646594
2011-06-03,1.6029689956911797,1.623980324041641
2011-06-06,1.5912332773910636,1.6135299529253708
2011-06-07,1.5970633335067794,1.6191260643024172
2011-06-08,1.5961954848720248,1.6192849219488399
2011-06-09,1.5946487168368786,1.6159694720041724
2011-06-10,1.5815602718636415,1.604957499685053
2011-06-13,1.5817435159402493,1.604626461614817
2011-06-14,1.5803345951338612,1.6011368947631874
2011-06-15,1.5661233059582587,1.5901417247086407
2011-06-16,1.5682060151205457,1.5921798058801024
2011-06-17,1.5744483593024814,1.5974351843331276
2011-06-20,1.5760028333331597,1.5983980591211382
2011-06-21,1.5898480589280481,1.6111629964697847
2011-06-22,1.5800611589681788,1.6023239974366417
2011-06-23,1.5773946837396526,1.6004602844781557
2011-06-24,1.5709953917465902,1.5954157758339405
2011-06-27,1.5651020326028577,1.5888693393501088
2011-06-28,1.5645348214865342,1.5862214372555379
2011-06-29,1.5760693048624053,1.5964888836123445
2011-06-30,1.573068400407919,1.5930864453676685
2011-07-01,1.5724570640216133,1.5915018509554437
2011-07-04,1.5724570640216133,1.5915018509554437
2011-07-05,1.587325123098626,1.6053187322865536
2011-07-06,1.5933238686070992,1.6108723114220265
2011-07-07,1.6020547393366353,1.618464865215753
2011-07-08,1.617326008717839,1.632191192499387
2011-07-11,1.6075831172734085,1.6238620860675572
2011-07-12,1.6107530748638503,1.6273628418176382
2011-07-13,1.6319519934020448,1.6477605275494476
2011-07-14,1.6231334019902355,1.6403513569805237
2011-07-15,1.6342128639611693,1.6502469723420623
2011-07-18,1.6230000432954452,1.6407639572667423
2011-07-19,1.6418204244332526,1.6564790722342881
2011-07-20,1.6413393412356787,1.656889382145136
2011-07-21,1.6504839595559873,1.6651177193079425
2011-07-22,1.657754733546385,1.6719523867621084
2011-07-25,1.6532854628072258,1.669085134708318
2011-07-26,1.6689567684902082,1.6843628253806415
2011-07-27,1.640556198215904,1.6595801265354833
2011-07-28,1.644434172165938,1.6631126769675024
2011-07-29,1.6659686674147134,1.6835766707228752
2011-08-01,1.6620341965878382,1.679841924284305
2011-08-02,1.6613315222119651,1.6787246076909463
2011-08-03,1.668511673795347,1.6849768363713384
2011-08-04,1.6309690546436335,1.6474948804769682
2011-08-05,1.6213258255729783,1.6374388514473162
2011-08-08,1.5962759341389456,1.6133269558579373
2011-08-09,1.6424050230052079,1.6566282724314743
2011-08-10,1.6304554221436496,1.6458735671558051
2011-08-11,1.6334107635726867,1.6491522371369298
2011-08-12,1.6397199235424669,1.6557277387160776
2011-08-15,1.6561593438146796,1.6709021364648509
2011-08-16,1.6572401651063482,1.671179845259106
2011-08-17,1.6667547088652088,1.6809519681289338
2011-08-18,1.641389872128788,1.6566783407047878
2011-08-19,1.640487363190713,1.6559738931535037
2011-08-22,1.6460482381808619,1.6609003567994252
2011-08-23,1.657184089131599,1.671498432706546
2011-08-24,1.635158550280115,1.650645120999754
2011-08-25,1.6325495789060298,1.6489392261463713
2011-08-26,1.6555072103372062,1.6707513613530474
2011-08-29,1.6689594514946007,1.683050671889023
2011-08-30,1.6799857629199129,1.6945358841161513
2011-08-31,1.680758574384905,1.6959014831460018
2011-09-01,1.6788955601338094,1.6944339964204533
2011-09-02,1.6818206279893189,1.697155170562974
2011-09-05,1.6818206279893189,1.697155170562974
2011-09-06,1.663010337729329,1.6793010616051098
2011-09-07,1.6698570078548995,1.685602580451454
2011-09-08,1.6672364475814794,1.6835339806079077
2011-09-09,1.6603327475690637,1.6771039961830432
2011-09-12,1.6509593654125003,1.668271046682815
2011-09-13,1.6556895659272932,1.6729628595720247
2011-09-14,1.653945623968701,1.6715822867580985
2011-09-15,1.655748587192598,1.672652308038528
2011-09-16,1.658109850327844,1.6751351741772884
2011-09-19,1.6520361580637373,1.6695920672146778
2011-09-20,1.6533690414228346,1.6709364855416702
2011-09-21,1.6432318779367028,1.6607909652457065
2011-09-22,1.6181809596080987,1.6368173294114776
2011-09-23,1.6005190195947832,1.619958878229984
2011-09-26,1.5983412822637855,1.6179974619207647
2011-09-27,1.6085692784710628,1.6278105467711772
2011-09-28,1.5934611682163466,1.6132608219209934
2011-09-29,1.5921920638036668,1.6117497519581814
2011-09-30,1.581363448991337,1.6016277262958782
2011-10-03,1.59604383348162,1.6158242403473646
2011-10-04,1.5927180551164017,1.6127602651624842
2011-10-05,1.58597252299994,1.6059842223382175
2011-10-06,1.5803675258361405,1.600543609774909
2011-10-07,1.575510584008432,1.595681350050685
2011-10-10,1.5623691456038942,1.582709757742161
2011-10-11,1.564098861251063,1.5843607380714724
2011-10-12,1.5617073273405333,1.581265088599609
2011-10-13,1.5664945031178261,1.5861594467921256
2011-10-14,1.5594086416950717,1.5795147530195917
2011-10-17,1.5667179631692165,1.5867142195383928
2011-10-18,1.5666715904518058,1.5863358960100868
2011-10-19,1.5690087223035232,1.5889560933113291
2011-10-20,1.5676836852524634,1.5879173768978612
2011-10-21,1.5652619594991501,1.5853798714732996
2011-10-24,1.5588713621760593,1.578808155519818
2011-10-25,1.5687760404391131,1.5882727793740545
2011-10-26,1.5638033549203258,1.58321715808585
2011-10-27,1.5471061441138547,1.5665471700974443
2011-10-28,1.5525668217180653,1.5722072608819213
2011-10-31,1.5583456340036854,1.5774819430977725
2011-11-01,1.5576909722915644,1.5756029050353448
2011-11-02,1.5614587198163303,1.5797714714406705
2011-11-03,1.5634700190848025,1.5820378474321442
2011-11-04,1.5629550641824619,1.581361807726983
2011-11-07,1.5665910688094644,1.5846855942471612
2011-11-08,1.5668395503436023,1.5855726201159386
2011-11-09,1.5612557474723625,1.579245238576007
2011-11-10,1.5604278308772288,1.578950721683631
2011-11-11,1.5645811955167435,1.5835794702645534
2011-11-14,1.5645788823779507,1.5831125447306853
2011-11-15,1.5623211041091862,1.5810236441095267
2011-11-16,1.5604716529610003,1.5789095486282776
2011-11-17,1.5568087342945154,1.5745581365595747
2011-11-18,1.5552276904660363,1.5733836745550251
2011-11-21,1.5510897419376843,1.5690948496206456
2011-11-22,1.553073794433632,1.5711497190912098
2011-11-23,1.5486140530341457,1.5660871443460993
2011-11-24,1.5486140530341457,1.5660871443460993
2011-11-25,1.5409426207073846,1.5587363163916232
2011-11-28,1.5502045362983607,1.567872401891091
2011-11-29,1.5487417815745574,1.5665100142431614
2011-11-30,1.5563043111536088,1.5746418988921054
2011-12-01,1.5509349433834736,1.568982548883429
2011-12-02,1.5541262202784236,1.5725485831732666
2011-12-05,1.5549030254508673,1.5732640135323033
2011-12-06,1.5545940964386973,1.572760677123519
2011-12-07,1.5610774218324974,1.579559818956854
2011-12-08,1.564054742526526,1.582727802354836
2011-12-09,1.5638536097630027,1.582182933185444
2011-12-12,1.5610830471354178,1.579624911436196
2011-12-13,1.5615012709279708,1.5802762152100684
2011-12-14,1.557911583738347,1.5769889627431457
2011-12-15,1.557536604614856,1.5765371762997333
2011-12-16,1.562735645196328,1.582039580478944
2011-12-19,1.563886129687866,1.5833768639328696
2011-12-20,1.5581746578029552,1.577162179782771
2011-12-21,1.550763369833175,1.5694987566694778
2011-12-22,1.549009289797259,1.5677842452172344
2011-12-23,1.544114496534444,1.5625016136278989
2011-12-26,1.544114496534444,1.5625016136278989
2011-12-27,1.5450303686699844,1.5635338621051766
2011-12-28,1.5507516288850272,1.56978661269518
2011-12-29,1.5549796340633741,1.5740372069518667
2011-12-30,1.5607853035731762,1.5799579437354112
2012-01-02,1.5604777858784202,1.5796508093630124
2012-01-03,1.5323131108229426,1.5512035300332827
2012-01-04,1.533362100295896,1.5522630884001714
2012-01-05,1.5435536286484142,1.5625572838869637
2012-01-06,1.5540131664610197,1.573122033471619
2012-01-09,1.5520509950450203,1.5711401543926826
2012-01-10,1.5430280242630057,1.5620265330312
2012-01-11,1.5613116336928385,1.5804940716919762
2012-01-12,1.5657509920488497,1.5849779722012372
2012-01-13,1.5795944735387455,1.598960263578666
2012-01-16,1.5795944735387455,1.598960263578666
2012-01-17,1.5770257791126396,1.5963658632105826
2012-01-18,1.5627703546604512,1.5819677268951804
2012-01-19,1.546236612361954,1.5652681253870568
2012-01-20,1.54112684561111,1.5601069769041689
2012-01-23,1.5269517322456896,1.5457892187369786
2012-01-24,1.519402575376105,1.5381639368428974
2012-01-25,1.5222152503022044,1.541005005943713
2012-01-26,1.5314479836890769,1.5503309061543131
2012-01-27,1.537710805721859,1.5566568409884014
2012-01-30,1.5529678619623877,1.5720675086223144
2012-01-31,1.5561261231034262,1.5752574980880967
2012-02-01,1.5491022432027315,1.5656174146733766
2012-02-02,1.550810719388651,1.5691971188937697
2012-02-03,1.5324629213824754,1.5453378640756739
2012-02-06,1.536202719848807,1.5506841166854066
2012-02-07,1.5317267258389227,1.5434436748831528
2012-02-08,1.529637531055757,1.5402440968620512
2012-02-09,1.5239698384906888,1.5323651164204128
2012-02-10,1.5372951847086735,1.5488835128532503
2012-02-13,1.529126688841233,1.5379902751700836
2012-02-14,1.528922157477219,1.5388351774049618
2012-02-15,1.5320820110188407,1.541318195181342
2012-02-16,1.5143032488764845,1.5200910183400682
2012-02-17,1.5043588683398197,1.509871745898244
2012-02-20,1.5043588683398197,1.509871745898244
2012-02-21,1.5085707949634544,1.5130570023683882
2012-02-22,1.510390502180478,1.5163922537461518
2012-02-23,1.5165161953859239,1.5227502064433385
2012-02-24,1.5074936227501876,1.5106898388535117
2012-02-27,1.5223295630533165,1.528527773335107
2012-02-28,1.5177962485579608,1.5222158395185295
2012-02-29,1.4962695696285955,1.4976144961099234
2012-03-01,1.5009358459324273,1.5011379223515258
2012-03-02,1.5020366601766857,1.5045217024950859
2012-03-05,1.497309396009097,1.497384324280532
2012-03-06,1.5010162194870194,1.5033276457340292
2012-03-07,1.505196502925677,1.5068050421447425
2012-03-08,1.5085672565744122,1.5090883947969411
2012-03-09,1.5052787627385709,1.5058091667581923
2012-03-12,1.5026843683094449,1.5026258517457936
2012-03-13,1.4997258939099358,1.4985479853053363
2012-03-14,1.4692338989807383,1.4630453336549785
2012-03-15,1.4738065180343178,1.4677671324504806
2012-03-16,1.4713975694179207,1.4648687122596178
2012-03-19,1.4675087920288745,1.4594080124858215
2012-03-20,1.4672222086741014,1.4597749893380483
2012-03-21,1.4774062646123016,1.4721885028727353
2012-03-22,1.4829331795976244,1.477757276321093
2012-03-23,1.4893370791751186,1.4848387012226727
2012-03-26,1.500522330515731,1.496591162277791
2012-03-27,1.5124435638378488,1.5107606500934039
2012-03-28,1.513518506250212,1.5121581372744386
2012-03-29,1.521665509208905,1.521033041640966
2012-03-30,1.4983849076110904,1.49400978479214
2012-04-02,1.5033766221534373,1.4976303030622988
2012-04-03,1.4868658922480622,1.4842906136152654
2012-04-04,1.4908650322611325,1.4873481282714796
2012-04-05,1.5015988756096432,1.4977972021615586
2012-04-06,1.5213523591727565,1.515342800133324
2012-04-09,1.5120263868637216,1.5069627768463483
2012-04-10,1.5236993842480724,1.5167698245402546
2012-04-11,1.5250494430888826,1.5177072583845659
2012-04-12,1.5296215682517167,1.52168952666979
2012-04-13,1.534863936295568,1.5268703751660535
2012-04-16,1.5316470806441762,1.5227341086944957
2012-04-17,1.5369002542089516,1.5279433200090395
2012-04-18,1.5339564433286978,1.5251889002743746
2012-04-19,1.530355253608113,1.5220681855320384
2012-04-20,1.5281564845647237,1.5193200249678618
2012-04-23,1.5254713303172869,1.5167912152170517
2012-04-24,1.5230336443242003,1.514294786238505
2012-04-25,1.53309108446626,1.5241588293921204
2012-04-26,1.5410280133407022,1.5312196129900972
2012-04-27,1.5389186526380105,1.5291151056484942
2012-04-30,1.538346458567404,1.5284737657348904
2012-05-01,1.5327642938985897,1.5233479391088975
2012-05-02,1.5453306045529658,1.5360281726233598
2012-05-03,1.538286895075325,1.5294958579286966
2012-05-04,1.5422346734579582,1.5343552606133186
2012-05-07,1.5390440347739813,1.5311812749389104
2012-05-08,1.5402984480573738,1.5322382751494463
2012-05-09,1.5453224208466299,1.5375627313225833
2012-05-10,1.5458669997237857,1.5386846766077376
2012-05-11,1.5441247984061148,1.5368950766927891
2012-05-14,1.5508729123425564,1.5444365259371937
2012-05-15,1.5456662901604743,1.5411302189398837
2012-05-16,1.5372155014303501,1.5332983378243374
2012-05-17,1.542426154091797,1.5390595564380845
2012-05-18,1.5277219582028605,1.5245569834596955
2012-05-21,1.5317559271718317,1.5274560220400455
2012-05-22,1.5229940119327998,1.519914742245699
2012-05-23,1.5386981480966087,1.535459938306724
2012-05-24,1.53939883061673,1.5370116110850263
2012-05-25,1.5426227856276873,1.5406812549218765
2012-05-28,1.5426227856276873,1.5406812549218765
2012-05-29,1.553089857609369,1.5505663677297543
2012-05-30,1.5677032621912055,1.566099894473496
2012-05-31,1.573822150697156,1.5713239006713444
2012-06-01,1.6034932774049846,1.604180645134545
2012-06-04,1.5818622775101283,1.5814351968088332
2012-06-05,1.5799330931899374,1.5790046936521478
2012-06-06,1.5400259752403076,1.5351410486202268
2012-06-07,1.5265486603307836,1.5221988151639365
2012-06-08,1.546297918755707,1.5416536762378181
2012-06-11,1.5500107996363195,1.5467540169410805
2012-06-12,1.5376335141793351,1.531383408089538
2012-06-13,1.5436465918426512,1.5385468726898284
2012-06-14,1.534431279500895,1.529300696636169
2012-06-15,1.5404207428079273,1.5350277754049586
2012-06-18,1.5327309868607513,1.5274847316849798
2012-06-19,1.5116080425909064,1.5050151637719613
2012-06-20,1.5059683009915745,1.4983140030363227
2012-06-21,1.5212272517434724,1.5163733460702513
2012-06-22,1.5083269031748425,1.5023314771289962
2012-06-25,1.5124472948775662,1.5094797401906093
2012-06-26,1.5031284107981229,1.498851331764368
2012-06-27,1.5051184000847226,1.5008810567668711
2012-06-28,1.5214191961891381,1.5182604025332922
2012-06-29,1.4653037343168307,1.4582270052586308
2012-07-02,1.4749697115089861,1.4673115530862253
2012-07-03,1.4614582423519495,1.453980696827829
2012-07-04,1.4614582423519495,1.453980696827829
2012-07-05,1.475020813263118,1.467250082972894
2012-07-06,1.4939543101082648,1.4859278035353047
2012-07-09,1.4919605083500151,1.4837210164362435
2012-07-10,1.498793350151846,1.4906014547711306
2012-07-11,1.4960995897633202,1.4878721913289819
2012-07-12,1.4971764992544938,1.4888522068922228
2012-07-13,1.49179147192581,1.4834067064580265
2012-07-16,1.4936349758978995,1.4848167774651102
2012-07-17,1.4881268852423641,1.4795220166614875
2012-07-18,1.490376265930873,1.4814708293331773
2012-07-19,1.48340820675555,1.4744835647161914
2012-07-20,1.4970218175053749,1.4878168349981706
2012-07-23,1.5065123575295862,1.4973169089447542
2012-07-24,1.5130214025462563,1.5037154740014147
2012-07-25,1.5072187670474544,1.4979220961527988
2012-07-26,1.496433799178331,1.4872979137275768
2012-07-27,1.4806448752153467,1.472161887112368
2012-07-30,1.486376029316956,1.477467296384219
2012-07-31,1.4898175613045763,1.480845223199197
2012-08-01,1.4842853310178323,1.476023866197565
2012-08-02,1.497307794992827,1.487992684226046
2012-08-03,1.4830425247766406,1.4753664605283987
2012-08-06,1.4830018277859724,1.4747379753838965
2012-08-07,1.4704895663852076,1.4637306008203028
2012-08-08,1.4705426542234965,1.4641784781387892
2012-08-09,1.474218381302818,1.4677580811166333
2012-08-10,1.4787227566896914,1.471335948768283
2012-08-13,1.47552771610636,1.4683227430948347
2012-08-14,1.466740516048374,1.46058620116981
2012-08-15,1.4640934135395203,1.4587508231543886
2012-08-16,1.4579103660202506,1.4531601774220386
2012-08-17,1.462124639858363,1.4571922538245479
2012-08-20,1.4639226396577885,1.4587813941269405
2012-08-21,1.4587681430038344,1.453997644887557
2012-08-22,1.4646164985635886,1.4583820773853873
2012-08-23,1.4604952840801366,1.4535698775920258
2012-08-24,1.4618046776905553,1.4550244377340118
2012-08-27,1.4652515584053738,1.4578186265863173
2012-08-28,1.4637120094913858,1.4563687487269446
2012-08-29,1.466714507239166,1.4597570352383302
2012-08-30,1.47339753371605,1.465668025343625
2012-08-31,1.4747434572139229,1.4653659659797054
2012-09-03,1.4746003642886392,1.4652036263744708
2012-09-04,1.4668099550339562,1.4579006936696202
2012-09-05,1.4591918215271948,1.449611297296003
2012-09-06,1.4628084081513701,1.4564131019103337
2012-09-07,1.4642626519858442,1.456100241396264
2012-09-10,1.4548145712653755,1.4455750485970384
2012-09-11,1.4513992366075519,1.4420316833317377
2012-09-12,1.452201033705288,1.443699022854889
2012-09-13,1.4616205517775307,1.4522228273384008
2012-09-14,1.4565168351731481,1.4491415288813236
2012-09-17,1.4495532125903257,1.441284298251252
2012-09-18,1.4495996683340602,1.4409224401606442
2012-09-19,1.4491760590381286,1.440911344292915
2012-09-20,1.4476341324527633,1.4388997460151711
2012-09-21,1.449564501180621,1.4405873309295958
2012-09-24,1.4512664814164904,1.442258271142448
2012-09-25,1.446132945515605,1.4359818707549266
2012-09-26,1.4432845085460113,1.431710931242854
2012-09-27,1.4473569571646305,1.435800098932971
2012-09-28,1.449925280713298,1.438237986734723
2012-10-01,1.4476784066477417,1.4359989402033078
2012-10-02,1.4410887559567374,1.4295859758584801
2012-10-03,1.4409096615440085,1.429748614256176
2012-10-04,1.447450811599497,1.4355368427812978
2012-10-05,1.4297723885638445,1.417182438725842
2012-10-08,1.425501128549677,1.4135586506322215
2012-10-09,1.4152345034417295,1.4028402059946057
2012-10-10,1.4082134203485377,1.3958268536616742
2012-10-11,1.416328802097812,1.403725564034786
2012-10-12,1.4052874123666637,1.3930561656682194
2012-10-15,1.4102136503761988,1.3980585664319023
2012-10-16,1.408137067427594,1.395225310191397
2012-10-17,1.4074327174814383,1.3928128515120055
2012-10-18,1.4007852667883223,1.3861600787982908
2012-10-19,1.3782539008105001,1.3641173551514183
2012-10-22,1.3847778248686895,1.3700556905859576
2012-10-23,1.3736696892576408,1.3597361788614604
2012-10-24,1.3780509643462222,1.364323971361779
2012-10-25,1.3781402438456025,1.3631721164624384
2012-10-26,1.38101343996651,1.3670718057716118
2012-10-29,1.3752673804038142,1.36176687254974
2012-10-30,1.3766668583650497,1.362652573407795
2012-10-31,1.3887596852623996,1.3754760229030132
2012-11-01,1.4021565034842554,1.3903380832771888
2012-11-02,1.404225718923953,1.3920601695296346
2012-11-05,1.412724114429341,1.4016018864444275
2012-11-06,1.4033343285828552,1.3923228895401778
2012-11-07,1.407534029498506,1.3952576931918297
2012-11-08,1.3960667516734881,1.382674217931227
2012-11-09,1.3926898302943613,1.3799442173510272
2012-11-12,1.3845377323615402,1.3715384597826064
2012-11-13,1.381329579378367,1.3674706450127883
2012-11-14,1.3687903673705761,1.3545264072357297
2012-11-15,1.374752665984945,1.361951775067447
2012-11-16,1.3860952099097397,1.3746594796080396
2012-11-19,1.3902727715928345,1.3799088690330448
2012-11-20,1.3901154836910667,1.3793720740347135
2012-11-21,1.3877141087970695,1.3776656087787937
2012-11-22,1.3877141087970695,1.3776656087787937
2012-11-23,1.390353789223695,1.3808833436589727
2012-11-26,1.397237762666611,1.3883935982485485
2012-11-27,1.4053135520534576,1.3964859036780266
2012-11-28,1.4222753049088075,1.4144040529617905
2012-11-29,1.421984455251662,1.4154228918950202
2012-11-30,1.42496246692506,1.4189519681038036
2012-12-03,1.420284059771654,1.4140486430857204
2012-12-04,1.4188415633547378,1.413011551516891
2012-12-05,1.4268833272999015,1.4219097748007876
2012-12-06,1.432988543127965,1.4276870943813462
2012-12-07,1.4280841171180412,1.4218824966709431
2012-12-10,1.4376755246995743,1.431839863128645
2012-12-11,1.4390536192888017,1.4330759254099186
2012-12-12,1.4401852831384705,1.4349900242278446
2012-12-13,1.4238767152293192,1.4176530284740514
2012-12-14,1.4325472784119395,1.4271572376540178
2012-12-17,1.4335772902768473,1.4276423039225035
2012-12-18,1.4244876218886517,1.417311994486453
2012-12-19,1.4193100953748576,1.4121989747268162
2012-12-20,1.4088025024022361,1.4012075248056592
2012-12-21,1.407008539927697,1.3982774674808591
2012-12-24,1.4052175312052027,1.3969023821991846
2012-12-25,1.4052175312052027,1.3969023821991846
2012-12-26,1.4025861987111883,1.3947020344841687
2012-12-27,1.4126597816784776,1.4058323913757642
2012-12-28,1.4035445320349833,1.3972252239585694
2012-12-31,1.4323923689875875,1.42699190046946
2013-01-01,1.4323181056735466,1.4268875216944972
2013-01-02,1.4460109051581318,1.4366453169953481
2013-01-03,1.4204248370261663,1.4090053414232722
2013-01-04,1.4160631076806394,1.4036515071991238
2013-01-07,1.4206416341249035,1.4089029076837973
2013-01-08,1.4192135396841903,1.4077634980141454
2013-01-09,1.4327538497717818,1.4219460832312751
2013-01-10,1.4503610365381068,1.4399172201151071
2013-01-11,1.462342612900578,1.4527582051369923
2013-01-14,1.4672175040417423,1.4591437718653724
2013-01-15,1.4608691257864916,1.4527137525466156
2013-01-16,1.4556489718099739,1.4473937154084853
2013-01-17,1.4570019573892514,1.4469776149187856
2013-01-18,1.453408991755095,1.4430989036504378
2013-01-21,1.453408991755095,1.4430989036504378
2013-01-22,1.4542222063170391,1.4430041646093226
2013-01-23,1.445659840625392,1.4339530624569305
2013-01-24,1.4510948157105552,1.439353766763734
2013-01-25,1.4391423138112331,1.425111252453865
2013-01-28,1.432385058514876,1.417322623465498
2013-01-29,1.4467017755633698,1.4323128664454965
2013-01-30,1.4518779393780474,1.4398882670819162
2013-01-31,1.4642896470445255,1.452612310269549
2013-02-01,1.4688898981533507,1.454594643537088
2013-02-04,1.463357551537186,1.4513018863144318
2013-02-05,1.4654198942372791,1.4515350264144669
2013-02-06,1.4702755240978012,1.4564863320933248
2013-02-07,1.464838211795864,1.4529693040755358
2013-02-08,1.461841624877033,1.450431879647641
2013-02-11,1.4590859032648216,1.4463183566236766
2013-02-12,1.4533827362503815,1.439328016939962
2013-02-13,1.447617142970338,1.433471236000138
2013-02-14,1.4520500452289988,1.4391894122921056
2013-02-15,1.4566356497978312,1.4442694590577674
2013-02-18,1.4566356497978312,1.4442694590577674
2013-02-19,1.4620592364675944,1.4495974460330245
2013-02-20,1.4470297007123152,1.4368852616275096
2013-02-21,1.4409547426970142,1.432908354727348
2013-02-22,1.4544254166673487,1.4455213909056106
2013-02-25,1.4343023290541304,1.4267257700767746
2013-02-26,1.4333354228283324,1.4267691672240808
2013-02-27,1.4517780397363726,1.444198355893492
2013-02-28,1.4545393553147477,1.4481651282220172
2013-03-01,1.4747198284401843,1.4682813603728013
2013-03-04,1.475931041562738,1.4694278783912422
2013-03-05,1.4809689647699684,1.4740792952333304
2013-03-06,1.4840894483326488,1.4756005668415415
2013-03-07,1.475499662298508,1.4653173906592796
2013-03-08,1.4850088551633005,1.473073749294499
2013-03-11,1.4864448610985868,1.4742835715539782
2013-03-12,1.4838399737757642,1.4722625857735172
2013-03-13,1.487951354515012,1.4758542581010656
2013-03-14,1.4850225716489684,1.472588002423018
2013-03-15,1.4880264152826082,1.4766434785812064
2013-03-18,1.498073900642565,1.4873858473506516
2013-03-19,1.5110250101445803,1.501776935833473
2013-03-20,1.507921906008044,1.497517624740071
2013-03-21,1.5028612500558183,1.4937364327436702
2013-03-22,1.4997403460512835,1.4905502215223472
2013-03-25,1.504536792369378,1.4956334269826668
2013-03-26,1.5132870338859332,1.5037923676561187
2013-03-27,1.5260179312591364,1.5176106764973654
2013-03-28,1.5186963611091384,1.509063210313595
2013-03-29,1.5186963611091384,1.509063210313595
2013-04-01,1.5008664387857682,1.491082189976238
2013-04-02,1.5099451914255944,1.5009303819857578
2013-04-03,1.5111951924750473,1.5044282067939247
2013-04-04,1.5344008936836457,1.5291982316907904
2013-04-05,1.5366648792985769,1.531589117384693
2013-04-08,1.5495025551559236,1.5455252473449952
2013-04-09,1.5380153859217054,1.5319883914190129
2013-04-10,1.5585300542259348,1.5541363842386513
2013-04-11,1.5582298214953028,1.554323258928239
2013-04-12,1.581184041546421,1.5814029627212285
2013-04-15,1.5834072651037678,1.5834782390185953
2013-04-16,1.589020110327636,1.5910332228453405
2013-04-17,1.5995561905348115,1.601501225197224
2013-04-18,1.5901818500054947,1.5916124760099766
2013-04-19,1.6083132848120942,1.610695992549712
2013-04-22,1.6075840832942712,1.6095361440075273
2013-04-23,1.6293340303081683,1.6337378817026305
2013-04-24,1.6253443153897669,1.6278752895744417
2013-04-25,1.6102946619987435,1.6116542956031217
2013-04-26,1.6137709308603418,1.6160349023961627
2013-04-29,1.6208062234302039,1.6234623159179145
2013-04-30,1.6116468472355976,1.6159573586841771
2013-05-01,1.6106380450147417,1.6167936481125118
2013-05-02,1.6134447713321398,1.6182278975992064
2013-05-03,1.5978591208767543,1.6017154025524636
2013-05-06,1.5893259060996898,1.5920572962462414
2013-05-07,1.5908206521178936,1.5929663445237876
2013-05-08,1.5921947826133211,1.5953080176534746
2013-05-09,1.6009860192160927,1.6030369080238491
2013-05-10,1.5905755162505968,1.5900905740345483
2013-05-13,1.5942211467461924,1.5937135735128263
2013-05-14,1.606329447841123,1.6025718781469582
2013-05-15,1.6136125089008997,1.6094681216484217
2013-05-16,1.6157041957839426,1.6145608123994997
2013-05-17,1.61687801244478,1.6128856098868793
2013-05-20,1.6125701035816036,1.609428664046715
2013-05-21,1.6263320161104524,1.6222806118810733
2013-05-22,1.6108755037685598,1.6065461573554993
2013-05-23,1.6043066618929955,1.6002451417975312
2013-05-24,1.590394617933159,1.587230407790261
2013-05-27,1.590394617933159,1.587230407790261
2013-05-28,1.5722037850205834,1.5660233948153124
2013-05-29,1.5616268100140562,1.5567488563558005
2013-05-30,1.5532083837075497,1.5493070152001542
2013-05-31,1.5368560282923207,1.5333925848107535
2013-06-03,1.523837411297066,1.520186598060713
2013-06-04,1.5320642178625303,1.5289796361153154
2013-06-05,1.5127150571409196,1.5108957528819253
2013-06-06,1.5009617393051613,1.4993332677477231
2013-06-07,1.5281800891419162,1.5268712612765531
2013-06-10,1.533469685666845,1.531533986832841
2013-06-11,1.516819036665353,1.5165834423696936
2013-06-12,1.5065570766385166,1.5064767542155775
2013-06-13,1.5100856332821933,1.508505420484068
2013-06-14,1.499922395156522,1.499078772895531
2013-06-17,1.523916749875265,1.5220830790006052
2013-06-18,1.5395233819814402,1.5369593266164985
2013-06-19,1.5573023840479154,1.555206867822601
2013-06-20,1.5515723301272943,1.5527854923733102
2013-06-21,1.5533982935264539,1.5545073221727028
2013-06-24,1.5441901582436928,1.5466115201236412
2013-06-25,1.5544108148115787,1.556577594271312
2013-06-26,1.5666651887088032,1.5688054554084343
2013-06-27,1.579757955758793,1.5816518217785347
2013-06-28,1.5761029682895094,1.577383953244911
2013-07-01,1.580087254961064,1.5807305419421611
2013-07-02,1.58407479390417,1.5840658441536533
2013-07-03,1.5874651013021024,1.587389504502652
2013-07-04,1.5874651013021024,1.587389504502652
2013-07-05,1.6269088821506534,1.625067770072037
2013-07-08,1.6130108213754983,1.6112506288409838
2013-07-09,1.6107011401090419,1.6091294117584494
2013-07-10,1.618511895737805,1.615898085088169
2013-07-11,1.6052037773502732,1.6025722956493929
2013-07-12,1.6136292438858413,1.6106451888713282
2013-07-15,1.6166467335439731,1.6130643982336557
2013-07-16,1.6078696756221298,1.6046993963075171
2013-07-17,1.6106976014396759,1.6067142732663755
2013-07-18,1.6133094487543544,1.6092476473746569
2013-07-19,1.6084976725453493,1.6048531935871242
2013-07-22,1.6048767472734833,1.601927390165993
2013-07-23,1.6008655034822967,1.5982542871649499
2013-07-24,1.6092417513960366,1.6059406361161188
2013-07-25,1.606360912636774,1.603184234667585
2013-07-26,1.5997362246881184,1.596492168516959
2013-07-29,1.5996145711333944,1.5966916967686557
2013-07-30,1.609704524835287,1.606126752894099
2013-07-31,1.6083649293131226,1.6047071168153328
2013-08-01,1.6357610861302099,1.631882572381114
2013-08-02,1.6307283492493743,1.628074815715017
2013-08-05,1.6330861766043896,1.6313787140042426
2013-08-06,1.6280250262749412,1.6258265517606187
2013-08-07,1.620067188134065,1.618171428684646
2013-08-08,1.6072649165935797,1.606433499541508
2013-08-09,1.6036153073080455,1.60296999065677
2013-08-12,1.6029171510895124,1.6017797377930116
2013-08-13,1.6194023613593953,1.6177584736068786
2013-08-14,1.6089150631143605,1.6068587557217793
2013-08-15,1.5918612975381954,1.5873665423956669
2013-08-16,1.5958231196496735,1.5908193714414203
2013-08-19,1.594747296087025,1.5881558602679202
2013-08-20,1.5970241765333468,1.5915352612644145
2013-08-21,1.5940176911783153,1.5872483634704133
2013-08-22,1.6109133263797184,1.6045477480065666
2013-08-23,1.6048899878164515,1.598809724002874
2013-08-26,1.593723564357499,1.5866444359479523
2013-08-27,1.577542644163575,1.5691122754819213
2013-08-28,1.5844818913643401,1.5758642764717767
2013-08-29,1.586829210868656,1.5794271575385845
2013-08-30,1.5857615379220718,1.5781514545057653
2013-09-02,1.5854863191217525,1.5778597822733604
2013-09-03,1.5934663872575274,1.585288776575687
2013-09-04,1.6124476902281257,1.6031924244208007
2013-09-05,1.6277810747390262,1.6184074400928092
2013-09-06,1.6111798263449224,1.6028641187951296
2013-09-09,1.6142959469313611,1.6061786666535351
2013-09-10,1.6260432240155724,1.617477987727148
2013-09-11,1.616764367668887,1.609167701101837
2013-09-12,1.6170127483101142,1.6095817418449208
2013-09-13,1.6210393182302225,1.6140381144249905
2013-09-16,1.6111925677474568,1.6048258553389905
2013-09-17,1.609766006786549,1.6033211005389583
2013-09-18,1.5949200853144796,1.5905326229130368
2013-09-19,1.5969417887255821,1.590581648285402
2013-09-20,1.6016632293794164,1.5953138546579118
2013-09-23,1.5950481965683576,1.5892188931892697
2013-09-24,1.5956648175193395,1.5903313214920916
2013-09-25,1.5845216461593972,1.5793057900044318
2013-09-26,1.5906573310334606,1.585069901937692
2013-09-27,1.5821698226430354,1.5767599918839432
2013-09-30,1.5814703366485277,1.576113244339874
2013-10-01,1.590676360691774,1.585139058033911
2013-10-02,1.5847571113431809,1.578859602701428
2013-10-03,1.5790644692800353,1.5729623543658608
2013-10-04,1.5818558674593008,1.5756311992763676
2013-10-07,1.566730790667934,1.559465854227148
2013-10-08,1.5577686023772563,1.5503039690018507
2013-10-09,1.5584666927844408,1.5511909858730137
2013-10-10,1.5781212784006464,1.5718264240400306
2013-10-11,1.582762670555971,1.5769502909759374
2013-10-14,1.5863644756717536,1.580379032871827
2013-10-15,1.580631700400402,1.5740240310856672
2013-10-16,1.5843402277991836,1.5787201675997502
2013-10-17,1.5864132724737456,1.5812806564379327
2013-10-18,1.59100048987223,1.5853230647331849
2013-10-21,1.5947639917971224,1.5891235857747017
2013-10-22,1.5936232803006722,1.588585836279858
2013-10-23,1.5896775668488405,1.5840199812790787
2013-10-24,1.5983770266087005,1.5929474820897829
2013-10-25,1.5970696794287906,1.591569897763053
2013-10-28,1.6028740811963305,1.5979718880336384
2013-10-29,1.6041290081059865,1.5995947487191746
2013-10-30,1.6026022986044637,1.5977474392920146
2013-10-31,1.5981097189526914,1.593076704111095
2013-11-01,1.596609784657362,1.5924393521296516
2013-11-04,1.6034785994576282,1.5995265453975902
2013-11-05,1.6062941615829662,1.6029995533109693
2013-11-06,1.6088119648517103,1.6045374955890794
2013-11-07,1.5914934861841974,1.5860806453858654
2013-11-08,1.614823796052131,1.6123809308885326
2013-11-11,1.6182556622942017,1.6161049389342734
2013-11-12,1.6240329264029105,1.6224558860659737
2013-11-13,1.6353065290105473,1.6333745635054426
2013-11-14,1.6371871077253213,1.6344930986845296
2013-11-15,1.6386247826994675,1.6362226814120249
2013-11-18,1.6351600957622903,1.6323780791075628
2013-11-19,1.6360519709817476,1.6340162658124953
2013-11-20,1.6370929672255592,1.6350995430103856
2013-11-21,1.6577993087492886,1.6575520565473343
2013-11-22,1.6640621198989667,1.6638741875641447
2013-11-25,1.660647798689476,1.6604793368262745
2013-11-26,1.6639100259351076,1.6631702241548656
2013-11-27,1.6755738051450602,1.6762484937556499
2013-11-28,1.6755738051450602,1.6762484937556499
2013-11-29,1.6793705039218902,1.6802646706591384
2013-12-02,1.6898713731361905,1.6912857594505242
2013-12-03,1.6837428617163626,1.684895519402971
2013-12-04,1.686434490904706,1.6880082506881962
2013-12-05,1.6940816970894728,1.6958447646068449
2013-12-06,1.7103992320890395,1.7136011681026853
2013-12-09,1.7163444203389582,1.7199480413004447
2013-12-10,1.7027284937525549,1.706201518034285
2013-12-11,1.6952263897830366,1.6969680925701964
2013-12-12,1.7085067790834723,1.7106309501972776
2013-12-13,1.702449245722054,1.7041049065924088
2013-12-16,1.707753928822243,1.7104677718425143
2013-12-17,1.706282709168643,1.7089807063960374
2013-12-18,1.7326182508710015,1.7393108740216239
2013-12-19,1.739476606234243,1.7450662621389594
2013-12-20,1.743258368579476,1.7487138863496945
2013-12-23,1.7534362953461116,1.7591117720756841
2013-12-24,1.756900329862375,1.7625201671127488
2013-12-25,1.756900329862375,1.7625201671127488
2013-12-26,1.7631241979244348,1.769794276236139
2013-12-27,1.7697434868269803,1.778147048626793
2013-12-30,1.77126555889458,1.7798387161693001
2013-12-31,1.7705733790214935,1.7790136216929013
2014-01-01,1.770413487640596,1.7788961525508045
2014-01-02,1.7391266488275514,1.7430358375191626
2014-01-03,1.7241305988762086,1.726950455184113
2014-01-06,1.7157029959470085,1.716905899662187
2014-01-07,1.727657285265999,1.7299125765327934
2014-01-08,1.741078489835913,1.745416095406958
2014-01-09,1.738259704179455,1.7429929741761796
2014-01-10,1.7291216453408784,1.7314028738488876
2014-01-13,1.7094810285074502,1.7067324856455275
2014-01-14,1.73933466308824,1.7402116493239586
2014-01-15,1.7509813222956574,1.7535736641059023
2014-01-16,1.7450821938554215,1.7470424774457038
2014-01-17,1.7445651442732533,1.7459755299652449
2014-01-20,1.7445651442732533,1.7459755299652449
2014-01-21,1.7537199799013874,1.7554252940924677
2014-01-22,1.7743281765932482,1.7754099639343215
2014-01-23,1.767836150481709,1.7664251140412544
2014-01-24,1.748125838311538,1.7394400213199785
2014-01-27,1.7392630132705544,1.731634348959478
2014-01-28,1.7523980064291347,1.7443742473539698
2014-01-29,1.7526011452975503,1.739099874298852
2014-01-30,1.7468047928056811,1.7366178958655722
2014-01-31,1.7320616660214256,1.7206923040045619
2014-02-03,1.691335503372295,1.6862885938692713
2014-02-04,1.6942401945372279,1.6888759532321431
2014-02-05,1.6913140256553107,1.6860168070171686
2014-02-06,1.706196340140058,1.6982786803037602
2014-02-07,1.71845445463124,1.7071829255716942
2014-02-10,1.7180630726831487,1.7058560580590973
2014-02-11,1.7304023438628637,1.7157333021656864
2014-02-12,1.7333678212390202,1.7174008138840489
2014-02-13,1.7408577708910018,1.72383855976805
2014-02-14,1.7368052098346571,1.7193077581572889
2014-02-17,1.7368052098346571,1.7193077581572889
2014-02-18,1.735881119786388,1.7180662259850965
2014-02-19,1.7353362566042374,1.7197042958389888
2014-02-20,1.7434701820748828,1.7266829915480797
2014-02-21,1.7494770772613901,1.7321545813182084
2014-02-24,1.7486554666260403,1.7285518906790276
2014-02-25,1.7456729036906502,1.7253529386457553
2014-02-26,1.7495333217547808,1.7293417341432946
2014-02-27,1.7578814056637397,1.7359659579152116
2014-02-28,1.7640939589729623,1.7417771011284022
2014-03-03,1.735778322737396,1.7160425526516982
2014-03-04,1.7541368773794956,1.7343348726565406
2014-03-05,1.7497980385031116,1.729892608590352
2014-03-06,1.7562034140266227,1.736159502130465
2014-03-07,1.779333475595602,1.7589476901970706
2014-03-10,1.7779392053272656,1.7575837081626948
2014-03-11,1.765778452015952,1.74717743846308
2014-03-12,1.7467080833425264,1.7297593750657554
2014-03-13,1.7270659383848435,1.7105228617435422
2014-03-14,1.7198443723262067,1.7039727628549453
2014-03-17,1.7352801062391798,1.7179025505101677
2014-03-18,1.742228622647973,1.7259371368479974
2014-03-19,1.7453461499492053,1.7290095957347371
2014-03-20,1.7546191459669267,1.737070792021411
2014-03-21,1.7420008126377784,1.724489877616742
2014-03-24,1.7340469441114967,1.71806568621072
2014-03-25,1.735362497611429,1.7186690412558963
2014-03-26,1.7271916073076958,1.7106146184298983
2014-03-27,1.717962377343948,1.702046985064433
2014-03-28,1.7297388457491534,1.7126083416256792
2014-03-31,1.742925824447645,1.7261609412513277
2014-04-01,1.7544198491319332,1.7363141606057204
2014-04-02,1.7593660600097156,1.7408701360853702
2014-04-03,1.7550488578325407,1.7372071250504857
2014-04-04,1.7283867436599696,1.7133347652917017
2014-04-07,1.7184864151847985,1.7052305095141633
2014-04-08,1.7175464535210985,1.7038656411169875
2014-04-09,1.7360902728119285,1.720215543711866
2014-04-10,1.709532590832912,1.6971461627277789
2014-04-11,1.7014940676563604,1.6903904643321324
2014-04-14,1.7029149024748222,1.6908435999503637
2014-04-15,1.7134141883555716,1.7005868077538366
2014-04-16,1.7261996289243309,1.7117442995786305
2014-04-17,1.7394663797206902,1.7242440152058018
2014-04-18,1.7394663797206902,1.7242440152058018
2014-04-21,1.746771689366097,1.7306488140725467
2014-04-22,1.7462691792299854,1.7298137302989214
2014-04-23,1.7382220400083193,1.7223002157628382
2014-04-24,1.7364467012249598,1.72039580389293
2014-04-25,1.7229814474664156,1.708797979050697
2014-04-28,1.729101585854966,1.7146161481113626
2014-04-29,1.7299085261307374,1.7153846403277033
2014-04-30,1.7299663188025531,1.7153956174541596
2014-05-01,1.7281910964504132,1.7138182687563654
2014-05-02,1.7227319941377077,1.7075248283020632
2014-05-05,1.7203167380830542,1.7050571046909424
2014-05-06,1.7114911634553243,1.6968802902870495
2014-05-07,1.717017221953237,1.7021952389951873
2014-05-08,1.7060516666890546,1.6905513872226323
2014-05-09,1.7087808603606878,1.6922377429708284
2014-05-12,1.7166019905018293,1.6984662402596933
2014-05-13,1.7110921343331085,1.6922086882029312
2014-05-14,1.700119419082327,1.6805606709914302
2014-05-15,1.6975469675305372,1.6792972773909054
2014-05-16,1.7010731577012075,1.6824618777051092
2014-05-19,1.7122918398750333,1.6932129101689064
2014-05-20,1.7090209501670697,1.6906682243099036
2014-05-21,1.7235135029115998,1.704925971140065
2014-05-22,1.7230301675572837,1.7038820861894288
2014-05-23,1.7217092605101465,1.701281670470185
2014-05-26,1.7217092605101465,1.701281670470185
2014-05-27,1.7279739040660942,1.707358312558289
2014-05-28,1.717545382523803,1.6960830573931154
2014-05-29,1.7217572848242175,1.7002032503676194
2014-05-30,1.7268616214955324,1.7067527712252806
2014-06-02,1.7120364040861753,1.6924250416552915
2014-06-03,1.7088356969387886,1.689614955354763
2014-06-04,1.7142080092196728,1.6953747287510779
2014-06-05,1.733002618116688,1.7147280075812343
2014-06-06,1.7305592796278582,1.7123395885732127
2014-06-09,1.7237734433265945,1.7058534228371263
2014-06-10,1.7129177479953408,1.6952474568599234
2014-06-11,1.7113235124225499,1.6935170514724842
2014-06-12,1.7206194408105147,1.7023762022521103
2014-06-13,1.7166621087098999,1.6990234473289967
2014-06-16,1.7164595202418784,1.69904483321426
2014-06-17,1.7023382259555595,1.68504879753183
2014-06-18,1.7161984406680684,1.6990978422911225
2014-06-19,1.7154136373327016,1.697977884086649
2014-06-20,1.7090346154941527,1.691013333616029
2014-06-23,1.7082493372473637,1.6903093331055454
2014-06-24,1.7093506842884425,1.691351859549958
2014-06-25,1.721298761290282,1.703461246592192
2014-06-26,1.7263262109724804,1.7081963837115315
2014-06-27,1.727166664094468,1.7089449826447412
2014-06-30,1.7404138253074806,1.7230610364210535
2014-07-01,1.74786279278043,1.7319034483050872
2014-07-02,1.7356512782853737,1.7177941798920608
2014-07-03,1.7226186078505648,1.7038044129011805
2014-07-04,1.7226186078505648,1.7038044129011805
2014-07-07,1.7182226169599981,1.698599032589775
2014-07-08,1.7159711512969797,1.6962941460772016
2014-07-09,1.7282747863408265,1.7100322788401263
2014-07-10,1.730187801657165,1.7102216311429985
2014-07-11,1.738444442360675,1.719168108692851
2014-07-14,1.7274722099012891,1.7081526875669018
2014-07-15,1.7183475780503048,1.698474019616989
2014-07-16,1.7137388594908494,1.6932423007076243
2014-07-17,1.7144752269760248,1.6925228865699202
2014-07-18,1.7235866023641258,1.7029530772579438
2014-07-21,1.7227886367825656,1.7014583700735804
2014-07-22,1.7292933856716615,1.7083587174778314
2014-07-23,1.7370015992467942,1.7163575206557566
2014-07-24,1.7238451095334013,1.7024785512776799
2014-07-25,1.7259251176500654,1.7040229342200905
2014-07-28,1.7234995567528724,1.7016828399610084
2014-07-29,1.7265542338804003,1.7056585415034637
2014-07-30,1.713126476962208,1.6910951700519126
2014-07-31,1.6847654364376472,1.6610937718857757
2014-08-01,1.6978858461975097,1.6758157898454196
2014-08-04,1.705813287911158,1.6840560944981005
2014-08-05,1.6999672861911292,1.678054321862166
2014-08-06,1.694079959043918,1.673134747619206
2014-08-07,1.693639833472906,1.6734995269616686
2014-08-08,1.7120426683175243,1.6921989026812176
2014-08-11,1.7127446915801403,1.6924726958729763
2014-08-12,1.7119104915400443,1.6913957647849733
2014-08-13,1.7277245525518259,1.7079544786353016
2014-08-14,1.741314597365414,1.7217509959187425
2014-08-15,1.7488949001841314,1.7297077625070822
2014-08-18,1.7551797786122696,1.735596915192886
2014-08-19,1.759061080436032,1.7385407762326057
2014-08-20,1.7431159044487259,1.7211648888958666
2014-08-21,1.7548155696794352,1.733154977805095
2014-08-22,1.7455426187441092,1.7242340477783424
2014-08-25,1.7477535999618459,1.7253929176183735
2014-08-26,1.745082263402338,1.7222969828096855
2014-08-27,1.750650588905613,1.7287853101092567
2014-08-28,1.7508373453217903,1.7290619397286027
2014-08-29,1.752581842343274,1.7308035917194666
2014-09-01,1.7524837738681802,1.730647818279757
2014-09-02,1.751409829229434,1.7283326656452145
2014-09-03,1.750516774180906,1.7280203819999844
2014-09-04,1.7447533284870187,1.721420801570229
2014-09-05,1.7493948746112977,1.7263345047732532
2014-09-08,1.7498700945756178,1.7275905204621924
2014-09-09,1.7385002511218237,1.7144519404941834
2014-09-10,1.745216342454755,1.721341721630114
2014-09-11,1.7550989433273425,1.7317185952435954
2014-09-12,1.742051149033643,1.7166951224872222
2014-09-15,1.7351992538890253,1.7105306349209088
2014-09-16,1.7432018485978877,1.7201917332680008
2014-09-17,1.7421237974047339,1.718231835691553
2014-09-18,1.7617308032607153,1.7373927626429295
2014-09-19,1.7715210393893464,1.750447829052542
2014-09-22,1.7740907156109635,1.7533624610028697
2014-09-23,1.7754203712287229,1.7558208815301553
2014-09-24,1.7806995646574046,1.7606721399949954
2014-09-25,1.7745657135965451,1.7568239019994507
2014-09-26,1.7824652223760926,1.7641388512538698
2014-09-29,1.7786365910117756,1.761655115476037
2014-09-30,1.789220291501395,1.7720773136044699
2014-10-01,1.7906194358306722,1.773798541258828
2014-10-02,1.7647142701801264,1.747654055306321
2014-10-03,1.8111336406759901,1.794464038371467
2014-10-06,1.7768005707280428,1.7595685800081968
2014-10-07,1.762362904111274,1.7447415014232104
2014-10-08,1.7970475985039143,1.7797958087260835
2014-10-09,1.7744886472910508,1.755124126828337
2014-10-10,1.7693950511445515,1.7507070085601175
2014-10-13,1.7543495716992927,1.7359039690293019
2014-10-14,1.7650285322707564,1.7465770662726074
2014-10-15,1.7727596099041576,1.7571044436070222
2014-10-16,1.7595164375044867,1.7416242241314703
2014-10-17,1.7722401867290407,1.7536423954719234
2014-10-20,1.7946060326662043,1.7762578921323615
2014-10-21,1.805096515720176,1.7853869272996032
2014-10-22,1.8033367060027137,1.7830773293931261
2014-10-23,1.8083101636744812,1.7883214013223898
2014-10-24,1.8211109441523574,1.8012339727536004
2014-10-27,1.8099723634956582,1.7892018872308857
2014-10-28,1.8157393628776952,1.7958154772359707
2014-10-29,1.7957997344908623,1.7754686798368677
2014-10-30,1.8345804919998323,1.8153581099995675
2014-10-31,1.9008189452935567,1.8836034536784072
2014-11-03,1.9143179895679134,1.897083694964189
2014-11-04,1.9184922992216547,1.9005901457056225
2014-11-05,1.9344516906537352,1.91657395180384
2014-11-06,1.9399134450361206,1.9213585737766707
2014-11-07,1.9363501126197187,1.9175471192657898
2014-11-10,1.9351859405859924,1.9170189635105066
2014-11-11,1.925295533540852,1.907696140617333
2014-11-12,1.9249394434937972,1.907497005946051
2014-11-13,1.9210397040908287,1.9043490255158835
2014-11-14,1.9133679075733436,1.8968144304460235
2014-11-17,1.9231208113074112,1.9054047061082076
2014-11-18,1.925865786305691,1.9086930198862415
2014-11-19,1.9320677142046805,1.9147023612771927
2014-11-20,1.9349112114913907,1.9170324275157649
2014-11-21,1.9347000127793246,1.917521740960048
2014-11-24,1.9461647723843114,1.929359753630176
2014-11-25,1.9528552104355041,1.9355871661337596
2014-11-26,1.9534922025162131,1.9362316289900914
2014-11-27,1.9534922025162131,1.9362316289900914
2014-11-28,1.9825703109465131,1.9660596689631324
2014-12-01,1.9481793237192522,1.9308500584671042
2014-12-02,1.9659157274963872,1.9474048026538127
2014-12-03,1.9731328263317605,1.9540315906091241
2014-12-04,1.9718799475824953,1.9538241275197885
2014-12-05,1.9696891093364803,1.949641517687446
2014-12-08,1.9681621530962188,1.9476104068812377
2014-12-09,1.9615021531929475,1.9423711619808428
2014-12-10,1.9603524493015847,1.940178760054155
2014-12-11,1.960915309133038,1.940958010158825
2014-12-12,1.958555247481425,1.9392633862006967
2014-12-15,1.956023339093706,1.9346249715548367
2014-12-16,1.959993939143977,1.9380503613177429
2014-12-17,1.9737658769596764,1.9525592968381211
2014-12-18,1.9782140312146888,1.9591796408708244
2014-12-19,1.9909369295878063,1.9720553940474093
2014-12-22,2.004796964027344,1.9861876072261708
2014-12-23,1.9947886339327134,1.9744416453647171
2014-12-24,2.0028700772697965,1.9820641852272298
2014-12-25,2.0028700772697965,1.9820641852272298
2014-12-26,2.0032163520614783,1.9832022672080394
2014-12-29,2.0141917991530573,1.9955680012301689
2014-12-30,2.006346731910047,1.9873352395198447
2014-12-31,2.0219185867329768,2.0012385374559587
