feature_date,label_end,symbol,asset_class,target,future_risk_return,trend_252,probability_up,selected_model,walk_forward_year
2003-01-31,2003-02-28,6A,G10 FX,1.0,1.5932843913823143,1.921898770615075,0.6307938123419375,Shallow GBDT depth=1,2003
2003-01-31,2003-02-28,6B,G10 FX,0.0,-2.3316809861947054,2.418886478918836,0.6307938123419375,Shallow GBDT depth=1,2003
2003-01-31,2003-02-28,6C,G10 FX,1.0,1.5058333122417975,0.9038509281967402,0.6170463385404543,Shallow GBDT depth=1,2003
2003-01-31,2003-02-28,6E,G10 FX,1.0,0.2580617795346128,2.748776834481473,0.6307938123419375,Shallow GBDT depth=1,2003
2003-01-31,2003-02-28,6J,G10 FX,1.0,0.5599857266034285,0.9169224332697226,0.6170463385404543,Shallow GBDT depth=1,2003
2003-01-31,2003-02-28,6S,G10 FX,1.0,0.3671436323403327,2.360274415658868,0.6307938123419375,Shallow GBDT depth=1,2003
2003-01-31,2003-02-28,CL,Commodities,1.0,1.6836924041779122,1.6053090178447948,0.5693317923710223,Shallow GBDT depth=1,2003
2003-01-31,2003-02-28,ES,Equity indices,0.0,-0.21187377016247932,-1.1865561689040247,0.4240750467772741,Shallow GBDT depth=1,2003
2003-01-31,2003-02-28,GC,Commodities,0.0,-1.4681072355876141,1.4066754127218737,0.5549105736617527,Shallow GBDT depth=1,2003
2003-01-31,2003-02-28,HG,Commodities,0.0,-0.5511997025412988,0.028559577903541026,0.5380098962126306,Shallow GBDT depth=1,2003
2003-01-31,2003-02-28,NG,Commodities,1.0,7.937737206773458,1.11419559384493,0.5549105736617527,Shallow GBDT depth=1,2003
2003-01-31,2003-02-28,NKD,Equity indices,1.0,0.0366300345527861,-0.6704030218104001,0.4240750467772741,Shallow GBDT depth=1,2003
2003-01-31,2003-02-28,NQ,Equity indices,1.0,0.23992776443046546,-1.3865555395632125,0.4240750467772741,Shallow GBDT depth=1,2003
2003-01-31,2003-02-28,RTY,Equity indices,0.0,-0.4398096585701975,-1.1568875240493999,0.4240750467772741,Shallow GBDT depth=1,2003
2003-01-31,2003-02-28,SI,Commodities,0.0,-1.2029425636597302,0.30543636919820016,0.5380098962126306,Shallow GBDT depth=1,2003
2003-01-31,2003-02-28,ZB,Government bonds,1.0,1.0385212957931156,1.178505563174583,0.6170463385404543,Shallow GBDT depth=1,2003
2003-01-31,2003-02-28,ZC,Commodities,0.0,-0.5104687367767402,-0.14735963129546956,0.5380098962126306,Shallow GBDT depth=1,2003
2003-01-31,2003-02-28,ZF,Government bonds,1.0,1.1525076014548061,1.9216309678526935,0.6307938123419375,Shallow GBDT depth=1,2003
2003-01-31,2003-02-28,ZN,Government bonds,1.0,1.1490069865567483,1.7343777105864815,0.6307938123419375,Shallow GBDT depth=1,2003
2003-01-31,2003-02-28,ZS,Commodities,1.0,0.3388331583079742,1.4392441258161743,0.5549105736617527,Shallow GBDT depth=1,2003
2003-01-31,2003-02-28,ZT,Government bonds,1.0,0.8906761725396823,2.5144426511039653,0.6307938123419375,Shallow GBDT depth=1,2003
2003-01-31,2003-02-28,ZW,Commodities,0.0,-0.3809317572884062,0.017105748536592996,0.5380098962126306,Shallow GBDT depth=1,2003
2003-02-28,2003-03-31,6A,G10 FX,0.0,-0.26544135190210105,2.0610514761217655,0.6744837668062363,Shallow GBDT depth=1,2003
2003-02-28,2003-03-31,6B,G10 FX,1.0,0.2853787243296696,1.7085256856558666,0.6706403405744982,Shallow GBDT depth=1,2003
2003-02-28,2003-03-31,6C,G10 FX,1.0,0.7037878446183464,1.365584467843168,0.6614900875506259,Shallow GBDT depth=1,2003
2003-02-28,2003-03-31,6E,G10 FX,1.0,0.45397886062874143,2.613834279847387,0.6744837668062363,Shallow GBDT depth=1,2003
2003-02-28,2003-03-31,6J,G10 FX,0.0,-0.08590691436059197,0.8293951344184732,0.6614900875506259,Shallow GBDT depth=1,2003
2003-02-28,2003-03-31,6S,G10 FX,0.0,-0.05463050681574903,2.1731706155252852,0.6744837668062363,Shallow GBDT depth=1,2003
2003-02-28,2003-03-31,CL,Commodities,0.0,-1.755418601955797,1.7102667415156712,0.6158657493856389,Shallow GBDT depth=1,2003
2003-02-28,2003-03-31,ES,Equity indices,1.0,0.11347892813749187,-1.534798490370868,0.4717412876508701,Shallow GBDT depth=1,2003
2003-02-28,2003-03-31,GC,Commodities,0.0,-0.8493522598422502,0.8538675888694304,0.6019132162872107,Shallow GBDT depth=1,2003
2003-02-28,2003-03-31,HG,Commodities,0.0,-1.622159918369849,0.014083525797586958,0.5854640252040774,Shallow GBDT depth=1,2003
2003-02-28,2003-03-31,NG,Commodities,0.0,-1.8451796840134203,1.3051918009658177,0.6019132162872107,Shallow GBDT depth=1,2003
2003-02-28,2003-03-31,NKD,Equity indices,0.0,-0.7119281242541844,-1.3890043320626977,0.4717412876508701,Shallow GBDT depth=1,2003
2003-02-28,2003-03-31,NQ,Equity indices,1.0,0.07080447292946004,-1.4541237707010968,0.4717412876508701,Shallow GBDT depth=1,2003
2003-02-28,2003-03-31,RTY,Equity indices,1.0,0.19181691602821846,-1.6347005904918963,0.4717412876508701,Shallow GBDT depth=1,2003
2003-02-28,2003-03-31,SI,Commodities,0.0,-0.5617799106510155,-0.04204456441625582,0.5854640252040774,Shallow GBDT depth=1,2003
2003-02-28,2003-03-31,ZB,Government bonds,0.0,-0.5206659256763803,1.7708462254630568,0.6744837668062363,Shallow GBDT depth=1,2003
2003-02-28,2003-03-31,ZC,Commodities,1.0,0.26553799890217655,-0.12382604377196807,0.5976265830946246,Shallow GBDT depth=1,2003
2003-02-28,2003-03-31,ZF,Government bonds,0.0,-0.14015760175414294,2.6579771522403006,0.6744837668062363,Shallow GBDT depth=1,2003
2003-02-28,2003-03-31,ZN,Government bonds,0.0,-0.23919665497408,2.4297013286562428,0.6744837668062363,Shallow GBDT depth=1,2003
2003-02-28,2003-03-31,ZS,Commodities,0.0,-0.017212136921841304,1.4558337711750275,0.6019132162872107,Shallow GBDT depth=1,2003
2003-02-28,2003-03-31,ZT,Government bonds,1.0,0.19022352959990993,3.4215769605547552,0.6744837668062363,Shallow GBDT depth=1,2003
2003-02-28,2003-03-31,ZW,Commodities,0.0,-0.8579247119623623,0.047424548623011896,0.5854640252040774,Shallow GBDT depth=1,2003
2003-03-31,2003-04-30,6A,G10 FX,1.0,1.5641223791735233,1.4868519137217162,0.6494293588572013,Shallow GBDT depth=1,2003
2003-03-31,2003-04-30,6B,G10 FX,1.0,0.636747042905826,1.4604781407833052,0.6359753419052695,Shallow GBDT depth=1,2003
2003-03-31,2003-04-30,6C,G10 FX,1.0,1.5392744689891085,1.3540989639657075,0.6359753419052695,Shallow GBDT depth=1,2003
2003-03-31,2003-04-30,6E,G10 FX,1.0,1.0450352159602094,2.2910764824337835,0.6494293588572013,Shallow GBDT depth=1,2003
2003-03-31,2003-04-30,6J,G10 FX,0.0,-0.2647319309898595,0.9513162350836273,0.6359753419052695,Shallow GBDT depth=1,2003
2003-03-31,2003-04-30,6S,G10 FX,0.0,-0.06652597644682554,1.803841406740121,0.6494293588572013,Shallow GBDT depth=1,2003
2003-03-31,2003-04-30,CL,Commodities,0.0,-0.800507964365709,0.8333565718392032,0.5747944516372415,Shallow GBDT depth=1,2003
2003-03-31,2003-04-30,ES,Equity indices,1.0,1.1311550394959768,-1.2126802232099803,0.4439468902983046,Shallow GBDT depth=1,2003
2003-03-31,2003-04-30,GC,Commodities,1.0,0.1445510305280818,0.4573420386009012,0.5580474664753352,Shallow GBDT depth=1,2003
2003-03-31,2003-04-30,HG,Commodities,1.0,0.2407380637753667,-0.29693357902137224,0.5652264443442652,Shallow GBDT depth=1,2003
2003-03-31,2003-04-30,NG,Commodities,1.0,0.16140281976413395,0.7595905477433742,0.584817300318355,Shallow GBDT depth=1,2003
2003-03-31,2003-04-30,NKD,Equity indices,0.0,-0.24877680711977113,-1.4434951334152917,0.4439468902983046,Shallow GBDT depth=1,2003
2003-03-31,2003-04-30,NQ,Equity indices,1.0,0.8794611201168128,-0.9483969091575103,0.4439468902983046,Shallow GBDT depth=1,2003
2003-03-31,2003-04-30,RTY,Equity indices,1.0,1.481832176932084,-1.736088091036366,0.45949816369417745,Shallow GBDT depth=1,2003
2003-03-31,2003-04-30,SI,Commodities,1.0,0.7498333505433384,-0.28648885154794107,0.5550904528669712,Shallow GBDT depth=1,2003
2003-03-31,2003-04-30,ZB,Government bonds,1.0,0.3823548458538091,1.4698897506840412,0.6494293588572013,Shallow GBDT depth=1,2003
2003-03-31,2003-04-30,ZC,Commodities,0.0,-0.38522137266787265,0.15217366429979548,0.5580474664753352,Shallow GBDT depth=1,2003
2003-03-31,2003-04-30,ZF,Government bonds,1.0,0.16727552773731208,2.429505329178799,0.6494293588572013,Shallow GBDT depth=1,2003
2003-03-31,2003-04-30,ZN,Government bonds,1.0,0.11716359254093986,2.189988476052304,0.6494293588572013,Shallow GBDT depth=1,2003
2003-03-31,2003-04-30,ZS,Commodities,1.0,1.7592356363085304,1.5624086388239786,0.5890485336092208,Shallow GBDT depth=1,2003
2003-03-31,2003-04-30,ZT,Government bonds,1.0,0.3369852890818037,3.1453631823898918,0.6494293588572013,Shallow GBDT depth=1,2003
2003-03-31,2003-04-30,ZW,Commodities,0.0,-0.2441488682745629,-0.15787454459914071,0.5580474664753352,Shallow GBDT depth=1,2003
2003-04-30,2003-05-30,6A,G10 FX,1.0,1.8638913128939143,1.8040804300191737,0.6153595838116851,Shallow GBDT depth=1,2003
2003-04-30,2003-05-30,6B,G10 FX,1.0,1.2525468877306445,1.4731002057116842,0.6153595838116851,Shallow GBDT depth=1,2003
2003-04-30,2003-05-30,6C,G10 FX,1.0,2.625889881069434,1.3922983742122226,0.6014005648322244,Shallow GBDT depth=1,2003
2003-04-30,2003-05-30,6E,G10 FX,1.0,2.25443242626135,2.2976110268289265,0.6153595838116851,Shallow GBDT depth=1,2003
2003-04-30,2003-05-30,6J,G10 FX,0.0,-0.18023929339261777,0.6313983898228351,0.6014005648322244,Shallow GBDT depth=1,2003
2003-04-30,2003-05-30,6S,G10 FX,1.0,1.463857102979199,1.3971523022232442,0.6014005648322244,Shallow GBDT depth=1,2003
2003-04-30,2003-05-30,CL,Commodities,1.0,1.1153512804633827,0.37513735973288714,0.5216383692405935,Shallow GBDT depth=1,2003
2003-04-30,2003-05-30,ES,Equity indices,1.0,0.8312383873466594,-0.806207602517311,0.4081078799519741,Shallow GBDT depth=1,2003
2003-04-30,2003-05-30,GC,Commodities,1.0,1.5510232125375116,0.39244304231301935,0.5216383692405935,Shallow GBDT depth=1,2003
2003-04-30,2003-05-30,HG,Commodities,1.0,1.2418594617510812,-0.3062860908704612,0.5186478756318501,Shallow GBDT depth=1,2003
2003-04-30,2003-05-30,NG,Commodities,1.0,0.545954868197527,0.8030477221117048,0.5386243553820335,Shallow GBDT depth=1,2003
2003-04-30,2003-05-30,NKD,Equity indices,1.0,1.2190855163779348,-1.9448192594691402,0.4081078799519741,Shallow GBDT depth=1,2003
2003-04-30,2003-05-30,NQ,Equity indices,1.0,0.9955784780574747,-0.46268040707588765,0.4081078799519741,Shallow GBDT depth=1,2003
2003-04-30,2003-05-30,RTY,Equity indices,1.0,2.0094869660285073,-1.383183722898666,0.4081078799519741,Shallow GBDT depth=1,2003
2003-04-30,2003-05-30,SI,Commodities,0.0,-0.5600677747410936,-0.0747249597820006,0.5216383692405935,Shallow GBDT depth=1,2003
2003-04-30,2003-05-30,ZB,Government bonds,1.0,2.0941055190580995,1.6762912779472787,0.6153595838116851,Shallow GBDT depth=1,2003
2003-04-30,2003-05-30,ZC,Commodities,1.0,1.1516604356040216,-0.17262124507497725,0.5216383692405935,Shallow GBDT depth=1,2003
2003-04-30,2003-05-30,ZF,Government bonds,1.0,1.9168888430871582,2.445070872290263,0.6153595838116851,Shallow GBDT depth=1,2003
2003-04-30,2003-05-30,ZN,Government bonds,1.0,1.9709828774876559,2.2873201654227446,0.6153595838116851,Shallow GBDT depth=1,2003
2003-04-30,2003-05-30,ZS,Commodities,0.0,-0.09667471510155856,1.8672712350799272,0.5531483313475467,Shallow GBDT depth=1,2003
2003-04-30,2003-05-30,ZT,Government bonds,1.0,0.7953689186714494,2.9848259550633247,0.6153595838116851,Shallow GBDT depth=1,2003
2003-04-30,2003-05-30,ZW,Commodities,1.0,1.7414373579547544,-0.2271278601036253,0.5312010808928153,Shallow GBDT depth=1,2003
2003-05-30,2003-06-30,6A,G10 FX,1.0,1.2215435723034571,1.7666725682921245,0.682036611759914,Shallow GBDT depth=1,2003
2003-05-30,2003-06-30,6B,G10 FX,1.0,0.5751206719027329,1.68679405967697,0.682036611759914,Shallow GBDT depth=1,2003
2003-05-30,2003-06-30,6C,G10 FX,1.0,0.6590635533222128,1.549969457303693,0.669196554436877,Shallow GBDT depth=1,2003
2003-05-30,2003-06-30,6E,G10 FX,0.0,-0.9200157133000708,2.3599182919543096,0.682036611759914,Shallow GBDT depth=1,2003
2003-05-30,2003-06-30,6J,G10 FX,0.0,-0.18614744824275659,0.39764743360209215,0.6539290784367301,Shallow GBDT depth=1,2003
2003-05-30,2003-06-30,6S,G10 FX,0.0,-1.4644920756493085,1.6764259299730753,0.669196554436877,Shallow GBDT depth=1,2003
2003-05-30,2003-06-30,CL,Commodities,1.0,0.5947485345400677,0.9863869728067912,0.6101767083670431,Shallow GBDT depth=1,2003
2003-05-30,2003-06-30,ES,Equity indices,1.0,0.21479534390294147,-0.3100303740576037,0.4803741846385255,Shallow GBDT depth=1,2003
2003-05-30,2003-06-30,GC,Commodities,0.0,-1.1920160330392433,0.6792961301759182,0.6101767083670431,Shallow GBDT depth=1,2003
2003-05-30,2003-06-30,HG,Commodities,0.0,-0.9073258074424508,-0.1421864454888901,0.5938385631103434,Shallow GBDT depth=1,2003
2003-05-30,2003-06-30,NG,Commodities,0.0,-0.7550166120937157,1.2870713119812878,0.6101767083670431,Shallow GBDT depth=1,2003
2003-05-30,2003-06-30,NKD,Equity indices,1.0,1.237761811617669,-1.5755448207592755,0.4803741846385255,Shallow GBDT depth=1,2003
2003-05-30,2003-06-30,NQ,Equity indices,1.0,0.034001384298575285,0.20775833032962493,0.4833656013592755,Shallow GBDT depth=1,2003
2003-05-30,2003-06-30,RTY,Equity indices,1.0,0.369987022345265,-0.2732570459006382,0.4803741846385255,Shallow GBDT depth=1,2003
2003-05-30,2003-06-30,SI,Commodities,1.0,0.10089173550246655,-0.6381008557716773,0.5909454857704005,Shallow GBDT depth=1,2003
2003-05-30,2003-06-30,ZB,Government bonds,0.0,-0.6021129265493338,2.0481204381637377,0.682036611759914,Shallow GBDT depth=1,2003
2003-05-30,2003-06-30,ZC,Commodities,0.0,-1.3336747062990755,0.3332824786582361,0.5938385631103434,Shallow GBDT depth=1,2003
2003-05-30,2003-06-30,ZF,Government bonds,0.0,-0.42810284582015823,2.8149380622999005,0.682036611759914,Shallow GBDT depth=1,2003
2003-05-30,2003-06-30,ZN,Government bonds,0.0,-0.5364681080008077,2.6375445871628744,0.682036611759914,Shallow GBDT depth=1,2003
2003-05-30,2003-06-30,ZS,Commodities,0.0,-0.11649219844225789,1.7124616542108972,0.6240205273000414,Shallow GBDT depth=1,2003
2003-05-30,2003-06-30,ZT,Government bonds,1.0,0.07756499860148214,3.0498631666804443,0.682036611759914,Shallow GBDT depth=1,2003
2003-05-30,2003-06-30,ZW,Commodities,0.0,-0.8418549429165999,0.1922816088441162,0.5938385631103434,Shallow GBDT depth=1,2003
2003-06-30,2003-07-31,6A,G10 FX,0.0,-1.3939398941178873,2.3694644752745866,0.6111464669865959,Shallow GBDT depth=1,2003
2003-06-30,2003-07-31,6B,G10 FX,0.0,-1.0812296569133801,0.9881464927988873,0.5971346494975329,Shallow GBDT depth=1,2003
2003-06-30,2003-07-31,6C,G10 FX,0.0,-1.5778101763833832,1.4810886205603542,0.6111464669865959,Shallow GBDT depth=1,2003
2003-06-30,2003-07-31,6E,G10 FX,0.0,-0.7512497381457766,1.5457360106246452,0.6111464669865959,Shallow GBDT depth=1,2003
2003-06-30,2003-07-31,6J,G10 FX,0.0,-0.31335242266316055,-0.46898502753110927,0.5777053130385118,Shallow GBDT depth=1,2003
2003-06-30,2003-07-31,6S,G10 FX,0.0,-0.44588738778091447,0.7104166285129325,0.5971346494975329,Shallow GBDT depth=1,2003
2003-06-30,2003-07-31,CL,Commodities,1.0,0.38302718025203486,1.0300060155862714,0.561336885734875,Shallow GBDT depth=1,2003
2003-06-30,2003-07-31,ES,Equity indices,1.0,0.32177438155855886,0.28447030514833765,0.5444799142262506,Shallow GBDT depth=1,2003
2003-06-30,2003-07-31,GC,Commodities,1.0,0.4363813727314019,0.36962969324030315,0.5444799142262506,Shallow GBDT depth=1,2003
2003-06-30,2003-07-31,HG,Commodities,1.0,1.7824507972523487,-0.25536887403678005,0.5415067061186081,Shallow GBDT depth=1,2003
2003-06-30,2003-07-31,NG,Commodities,0.0,-0.5746512371422746,1.2040711412351621,0.5757090924845144,Shallow GBDT depth=1,2003
2003-06-30,2003-07-31,NKD,Equity indices,1.0,1.267865647643574,-0.8304230869751684,0.5415067061186081,Shallow GBDT depth=1,2003
2003-06-30,2003-07-31,NQ,Equity indices,1.0,0.8746370495345601,0.6574802388083736,0.561336885734875,Shallow GBDT depth=1,2003
2003-06-30,2003-07-31,RTY,Equity indices,1.0,1.281222400431701,0.45798183310269025,0.5444799142262506,Shallow GBDT depth=1,2003
2003-06-30,2003-07-31,SI,Commodities,1.0,2.695249337436979,-0.8668508172635645,0.5415067061186081,Shallow GBDT depth=1,2003
2003-06-30,2003-07-31,ZB,Government bonds,0.0,-3.340302888294716,1.4245369647192516,0.6700988721231566,Shallow GBDT depth=1,2003
2003-06-30,2003-07-31,ZC,Commodities,0.0,-1.3626054241935783,-0.2548466759791599,0.5415067061186081,Shallow GBDT depth=1,2003
2003-06-30,2003-07-31,ZF,Government bonds,0.0,-2.5613176214631275,1.9534441405362404,0.6700988721231566,Shallow GBDT depth=1,2003
2003-06-30,2003-07-31,ZN,Government bonds,0.0,-3.1673523296014077,1.7867297081845461,0.6700988721231566,Shallow GBDT depth=1,2003
2003-06-30,2003-07-31,ZS,Commodities,0.0,-2.95212757107553,0.9156939368781732,0.561336885734875,Shallow GBDT depth=1,2003
2003-06-30,2003-07-31,ZT,Government bonds,0.0,-1.4844738191125952,2.1588222773043544,0.6700988721231566,Shallow GBDT depth=1,2003
2003-06-30,2003-07-31,ZW,Commodities,1.0,1.4052196119685536,-0.394976909025022,0.5415067061186081,Shallow GBDT depth=1,2003
2003-07-31,2003-08-29,6A,G10 FX,1.0,0.11857761628006766,1.7621814728016079,0.6208776152781347,Shallow GBDT depth=1,2003
2003-07-31,2003-08-29,6B,G10 FX,0.0,-0.7548923890034559,0.7933378740790599,0.5971346494975329,Shallow GBDT depth=1,2003
2003-07-31,2003-08-29,6C,G10 FX,1.0,0.5944978679572005,1.117568289342273,0.6208776152781347,Shallow GBDT depth=1,2003
2003-07-31,2003-08-29,6E,G10 FX,0.0,-0.807012767102614,1.4067472887924404,0.6111464669865959,Shallow GBDT depth=1,2003
2003-07-31,2003-08-29,6J,G10 FX,1.0,1.4666220376839023,-0.36508623464671125,0.5777053130385118,Shallow GBDT depth=1,2003
2003-07-31,2003-08-29,6S,G10 FX,0.0,-0.7743388334776022,0.6579681536416229,0.5971346494975329,Shallow GBDT depth=1,2003
2003-07-31,2003-08-29,CL,Commodities,1.0,0.34226774834205714,1.184690995877008,0.5757090924845144,Shallow GBDT depth=1,2003
2003-07-31,2003-08-29,ES,Equity indices,1.0,0.39046072333926257,0.6504035256203579,0.5971346494975329,Shallow GBDT depth=1,2003
2003-07-31,2003-08-29,GC,Commodities,1.0,1.2532762999256206,0.5840319516557637,0.561336885734875,Shallow GBDT depth=1,2003
2003-07-31,2003-08-29,HG,Commodities,0.0,-0.4641925519626432,0.7895185063953595,0.561336885734875,Shallow GBDT depth=1,2003
2003-07-31,2003-08-29,NG,Commodities,0.0,-0.02540547778164423,1.1523070373017525,0.5757090924845144,Shallow GBDT depth=1,2003
2003-07-31,2003-08-29,NKD,Equity indices,1.0,1.171842741884646,0.03838659418297926,0.5806255778693642,Shallow GBDT depth=1,2003
2003-07-31,2003-08-29,NQ,Equity indices,1.0,0.7222834596834463,1.178220283786388,0.6111464669865959,Shallow GBDT depth=1,2003
2003-07-31,2003-08-29,RTY,Equity indices,1.0,0.9054334927124583,1.220162426355348,0.6111464669865959,Shallow GBDT depth=1,2003
2003-07-31,2003-08-29,SI,Commodities,0.0,-0.03666687020391289,0.4752581347387014,0.5444799142262506,Shallow GBDT depth=1,2003
2003-07-31,2003-08-29,ZB,Government bonds,1.0,0.4375149088081962,0.03157491879686083,0.5906088738296885,Shallow GBDT depth=1,2003
2003-07-31,2003-08-29,ZC,Commodities,1.0,2.2198498750359117,-1.7385086130248815,0.5517022352677774,Shallow GBDT depth=1,2003
2003-07-31,2003-08-29,ZF,Government bonds,1.0,0.06893938912309197,0.5060330903803139,0.5906088738296885,Shallow GBDT depth=1,2003
2003-07-31,2003-08-29,ZN,Government bonds,1.0,0.3800638577691138,0.24174488285586365,0.5906088738296885,Shallow GBDT depth=1,2003
2003-07-31,2003-08-29,ZS,Commodities,1.0,2.360237798323331,-0.3477682941794882,0.5517022352677774,Shallow GBDT depth=1,2003
2003-07-31,2003-08-29,ZT,Government bonds,0.0,-0.08268071628810612,1.0263396628881036,0.6208776152781347,Shallow GBDT depth=1,2003
2003-07-31,2003-08-29,ZW,Commodities,1.0,0.7088272568309658,-0.3500092696068373,0.5415067061186081,Shallow GBDT depth=1,2003
2003-08-29,2003-09-30,6A,G10 FX,1.0,1.6149501184020407,1.6710035298927868,0.6111464669865959,Shallow GBDT depth=1,2003
2003-08-29,2003-09-30,6B,G10 FX,1.0,2.3837520307182225,0.4608012979742697,0.5806255778693642,Shallow GBDT depth=1,2003
2003-08-29,2003-09-30,6C,G10 FX,1.0,0.9624416054109756,1.4321286596992775,0.6111464669865959,Shallow GBDT depth=1,2003
2003-08-29,2003-09-30,6E,G10 FX,1.0,2.1667873643257125,1.2418371767958234,0.6259613934562299,Shallow GBDT depth=1,2003
2003-08-29,2003-09-30,6J,G10 FX,1.0,2.169139682019178,0.24662713608164558,0.5806255778693642,Shallow GBDT depth=1,2003
2003-08-29,2003-09-30,6S,G10 FX,1.0,1.9851257768169122,0.5193324085467934,0.5958343221602499,Shallow GBDT depth=1,2003
2003-08-29,2003-09-30,CL,Commodities,0.0,-0.8293162392650244,1.0400618958925127,0.6111464669865959,Shallow GBDT depth=1,2003
2003-08-29,2003-09-30,ES,Equity indices,0.0,-0.2772362584178064,0.6969384904410175,0.5971346494975329,Shallow GBDT depth=1,2003
2003-08-29,2003-09-30,GC,Commodities,1.0,0.5342795206947887,0.873988204437653,0.5971346494975329,Shallow GBDT depth=1,2003
2003-08-29,2003-09-30,HG,Commodities,1.0,0.20618840243582667,0.5133726341160822,0.5806255778693642,Shallow GBDT depth=1,2003
2003-08-29,2003-09-30,NG,Commodities,0.0,-0.06819238647239238,1.167156463835874,0.6111464669865959,Shallow GBDT depth=1,2003
2003-08-29,2003-09-30,NKD,Equity indices,0.0,-0.3436887380656668,0.5622148920790239,0.5806255778693642,Shallow GBDT depth=1,2003
2003-08-29,2003-09-30,NQ,Equity indices,0.0,-0.46756443189651764,1.3567539011627692,0.6111464669865959,Shallow GBDT depth=1,2003
2003-08-29,2003-09-30,RTY,Equity indices,0.0,-0.393043801052863,1.3307116083920465,0.6111464669865959,Shallow GBDT depth=1,2003
2003-08-29,2003-09-30,SI,Commodities,1.0,0.03429451337919831,0.48113870070834036,0.5806255778693642,Shallow GBDT depth=1,2003
2003-08-29,2003-09-30,ZB,Government bonds,1.0,1.4529987222486374,0.05109984995466597,0.5806255778693642,Shallow GBDT depth=1,2003
2003-08-29,2003-09-30,ZC,Commodities,0.0,-1.5769985885422244,-1.2863184650254806,0.5777053130385118,Shallow GBDT depth=1,2003
2003-08-29,2003-09-30,ZF,Government bonds,1.0,2.1009163066938297,0.44632958189914795,0.5806255778693642,Shallow GBDT depth=1,2003
2003-08-29,2003-09-30,ZN,Government bonds,1.0,1.8070399641223829,0.24753337014115911,0.5806255778693642,Shallow GBDT depth=1,2003
2003-08-29,2003-09-30,ZS,Commodities,1.0,2.50721159730282,0.12507067525170854,0.5806255778693642,Shallow GBDT depth=1,2003
2003-08-29,2003-09-30,ZT,Government bonds,1.0,2.0717511463850604,1.0016607257024026,0.6111464669865959,Shallow GBDT depth=1,2003
2003-08-29,2003-09-30,ZW,Commodities,0.0,-0.7923472318023418,-0.6861928313591051,0.5777053130385118,Shallow GBDT depth=1,2003
2003-09-30,2003-10-31,6A,G10 FX,1.0,1.4562904049161685,2.1246216760980214,0.6846728422298,Shallow GBDT depth=1,2003
2003-09-30,2003-10-31,6B,G10 FX,1.0,0.9087494608327945,1.0156258515797605,0.6718880277893313,Shallow GBDT depth=1,2003
2003-09-30,2003-10-31,6C,G10 FX,1.0,1.0325740281091857,1.9008353292671007,0.6846728422298,Shallow GBDT depth=1,2003
2003-09-30,2003-10-31,6E,G10 FX,0.0,-0.17870251477330823,1.6262581660061828,0.6846728422298,Shallow GBDT depth=1,2003
2003-09-30,2003-10-31,6J,G10 FX,1.0,0.49939561906512175,1.1281112293693738,0.6846728422298,Shallow GBDT depth=1,2003
2003-09-30,2003-10-31,6S,G10 FX,0.0,-0.5529955239971623,0.9541324349061837,0.6718880277893313,Shallow GBDT depth=1,2003
2003-09-30,2003-10-31,CL,Commodities,0.0,-0.05938371729786926,0.8772978969307322,0.6130707283294656,Shallow GBDT depth=1,2003
2003-09-30,2003-10-31,ES,Equity indices,1.0,1.3013394178965507,1.0829962713220098,0.6130707283294656,Shallow GBDT depth=1,2003
2003-09-30,2003-10-31,GC,Commodities,0.0,-0.09154178941052021,1.108123489364932,0.6130707283294656,Shallow GBDT depth=1,2003
2003-09-30,2003-10-31,HG,Commodities,1.0,3.0937203773957482,0.7479546225626248,0.6130707283294656,Shallow GBDT depth=1,2003
2003-09-30,2003-10-31,NG,Commodities,0.0,-0.3536323723397215,1.073136100635373,0.6130707283294656,Shallow GBDT depth=1,2003
2003-09-30,2003-10-31,NKD,Equity indices,1.0,0.6018814824989251,0.5948321344637212,0.6130707283294656,Shallow GBDT depth=1,2003
2003-09-30,2003-10-31,NQ,Equity indices,1.0,1.2446761567518996,1.2816354401998655,0.6268746193674452,Shallow GBDT depth=1,2003
2003-09-30,2003-10-31,RTY,Equity indices,1.0,1.5116818248686534,1.5515909484746335,0.6268746193674452,Shallow GBDT depth=1,2003
2003-09-30,2003-10-31,SI,Commodities,0.0,-0.25218974393618954,0.6986996261641767,0.6130707283294656,Shallow GBDT depth=1,2003
2003-09-30,2003-10-31,ZB,Government bonds,0.0,-0.8014117896482587,0.342815163341279,0.5967737214539557,Shallow GBDT depth=1,2003
2003-09-30,2003-10-31,ZC,Commodities,1.0,1.9199109168550559,-0.7492375850059707,0.6037702897940839,Shallow GBDT depth=1,2003
2003-09-30,2003-10-31,ZF,Government bonds,0.0,-0.914258932123433,0.6847072275737665,0.6130707283294656,Shallow GBDT depth=1,2003
2003-09-30,2003-10-31,ZN,Government bonds,0.0,-0.8372053120177949,0.5158010285195497,0.5967737214539557,Shallow GBDT depth=1,2003
2003-09-30,2003-10-31,ZS,Commodities,1.0,3.0138456353914593,1.2388360931765767,0.6268746193674452,Shallow GBDT depth=1,2003
2003-09-30,2003-10-31,ZT,Government bonds,0.0,-0.8781543699215201,1.1372362640486142,0.6268746193674452,Shallow GBDT depth=1,2003
2003-09-30,2003-10-31,ZW,Commodities,1.0,0.36638650124768124,-0.39162254434895627,0.59388725330797,Shallow GBDT depth=1,2003
2003-10-31,2003-11-28,6A,G10 FX,1.0,0.9497339688564433,2.5079317435935353,0.6153595838116851,Shallow GBDT depth=1,2003
2003-10-31,2003-11-28,6B,G10 FX,1.0,0.8591353191023265,1.1878844198640537,0.6014005648322244,Shallow GBDT depth=1,2003
2003-10-31,2003-11-28,6C,G10 FX,1.0,0.756451497880852,2.1950102031020826,0.6153595838116851,Shallow GBDT depth=1,2003
2003-10-31,2003-11-28,6E,G10 FX,1.0,1.2722503000759353,1.4232677478379685,0.6153595838116851,Shallow GBDT depth=1,2003
2003-10-31,2003-11-28,6J,G10 FX,1.0,0.16371142083428789,0.9046802576431526,0.6014005648322244,Shallow GBDT depth=1,2003
2003-10-31,2003-11-28,6S,G10 FX,1.0,1.2088468103447627,0.6606720866269672,0.6014005648322244,Shallow GBDT depth=1,2003
2003-10-31,2003-11-28,CL,Commodities,1.0,0.7983250782721246,1.3591579910016076,0.5686131995631932,Shallow GBDT depth=1,2003
2003-10-31,2003-11-28,ES,Equity indices,1.0,0.20751264816294734,1.2216732764470957,0.6014005648322244,Shallow GBDT depth=1,2003
2003-10-31,2003-11-28,GC,Commodities,1.0,0.690337884512899,0.9832411478629121,0.5386243553820335,Shallow GBDT depth=1,2003
2003-10-31,2003-11-28,HG,Commodities,0.0,-0.7434447479728427,1.2507972926789948,0.5531483313475467,Shallow GBDT depth=1,2003
2003-10-31,2003-11-28,NG,Commodities,0.0,-0.32013410670277803,1.1423188705343081,0.5386243553820335,Shallow GBDT depth=1,2003
2003-10-31,2003-11-28,NKD,Equity indices,0.0,-0.5840208279820505,0.8334899785900302,0.6014005648322244,Shallow GBDT depth=1,2003
2003-10-31,2003-11-28,NQ,Equity indices,1.0,0.07953272775294351,1.2807909581522974,0.6153595838116851,Shallow GBDT depth=1,2003
2003-10-31,2003-11-28,RTY,Equity indices,1.0,0.6608158040615181,1.6019715944384176,0.6153595838116851,Shallow GBDT depth=1,2003
2003-10-31,2003-11-28,SI,Commodities,1.0,0.9328440362201044,0.3918617461875266,0.5216383692405935,Shallow GBDT depth=1,2003
2003-10-31,2003-11-28,ZB,Government bonds,1.0,0.12626457709351557,0.06217846293081201,0.5216383692405935,Shallow GBDT depth=1,2003
2003-10-31,2003-11-28,ZC,Commodities,0.0,-0.2027412026890861,-0.058526343974186164,0.5216383692405935,Shallow GBDT depth=1,2003
2003-10-31,2003-11-28,ZF,Government bonds,0.0,-0.10195410528627649,0.3801575764262241,0.5216383692405935,Shallow GBDT depth=1,2003
2003-10-31,2003-11-28,ZN,Government bonds,0.0,0.0,0.22565751328465675,0.5216383692405935,Shallow GBDT depth=1,2003
2003-10-31,2003-11-28,ZS,Commodities,0.0,-0.952320161279265,1.626281626635073,0.5531483313475467,Shallow GBDT depth=1,2003
2003-10-31,2003-11-28,ZT,Government bonds,0.0,-0.2127264799787793,0.7744073277536098,0.5386243553820335,Shallow GBDT depth=1,2003
2003-10-31,2003-11-28,ZW,Commodities,1.0,0.8946614242001062,-0.41424924892807846,0.5343015104209932,Shallow GBDT depth=1,2003
2003-11-28,2003-12-31,6A,G10 FX,1.0,1.5142234330287563,2.6184404022321357,0.6700988721231566,Shallow GBDT depth=1,2003
2003-11-28,2003-12-31,6B,G10 FX,1.0,1.854140760269144,1.49527286498608,0.6700988721231566,Shallow GBDT depth=1,2003
2003-11-28,2003-12-31,6C,G10 FX,1.0,0.11235468860986755,2.069879219043826,0.6700988721231566,Shallow GBDT depth=1,2003
2003-11-28,2003-12-31,6E,G10 FX,1.0,1.651077181168042,1.6768009497594167,0.6700988721231566,Shallow GBDT depth=1,2003
2003-11-28,2003-12-31,6J,G10 FX,1.0,0.6796817780344372,1.1810165884720043,0.6700988721231566,Shallow GBDT depth=1,2003
2003-11-28,2003-12-31,6S,G10 FX,1.0,1.1516332159200027,0.905596642722159,0.65701916591652,Shallow GBDT depth=1,2003
2003-11-28,2003-12-31,CL,Commodities,1.0,0.7168956505080849,1.1697170996570252,0.5971346494975329,Shallow GBDT depth=1,2003
2003-11-28,2003-12-31,ES,Equity indices,1.0,1.4470023760666988,1.2376699427261282,0.6111464669865959,Shallow GBDT depth=1,2003
2003-11-28,2003-12-31,GC,Commodities,1.0,1.0332689338192964,1.0909432604166593,0.5971346494975329,Shallow GBDT depth=1,2003
2003-11-28,2003-12-31,HG,Commodities,1.0,2.4293158570741022,0.7306143135813132,0.5971346494975329,Shallow GBDT depth=1,2003
2003-11-28,2003-12-31,NG,Commodities,1.0,1.631299175391179,0.8138443888906668,0.5971346494975329,Shallow GBDT depth=1,2003
2003-11-28,2003-12-31,NKD,Equity indices,1.0,0.7588033650658734,0.589891514975492,0.5971346494975329,Shallow GBDT depth=1,2003
2003-11-28,2003-12-31,NQ,Equity indices,1.0,0.5094307122926879,1.2650500503912732,0.6111464669865959,Shallow GBDT depth=1,2003
2003-11-28,2003-12-31,RTY,Equity indices,1.0,0.4428157149370194,1.6177815094595003,0.6111464669865959,Shallow GBDT depth=1,2003
2003-11-28,2003-12-31,SI,Commodities,1.0,1.6271844226663486,0.5188758616674479,0.5806255778693642,Shallow GBDT depth=1,2003
2003-11-28,2003-12-31,ZB,Government bonds,1.0,0.36879110417916494,0.17214941370974568,0.5806255778693642,Shallow GBDT depth=1,2003
2003-11-28,2003-12-31,ZC,Commodities,0.0,-0.16840639554371184,-0.05303426061840907,0.5806255778693642,Shallow GBDT depth=1,2003
2003-11-28,2003-12-31,ZF,Government bonds,1.0,0.7083710682784914,0.46521273316328005,0.5806255778693642,Shallow GBDT depth=1,2003
2003-11-28,2003-12-31,ZN,Government bonds,1.0,0.5183365403215398,0.3264673539114112,0.5806255778693642,Shallow GBDT depth=1,2003
2003-11-28,2003-12-31,ZS,Commodities,1.0,0.6210077548299755,1.1696599981896123,0.5971346494975329,Shallow GBDT depth=1,2003
2003-11-28,2003-12-31,ZT,Government bonds,1.0,1.020481437881885,0.7400534977401383,0.5971346494975329,Shallow GBDT depth=1,2003
2003-11-28,2003-12-31,ZW,Commodities,0.0,-0.9106546296818868,0.12591891448899212,0.5958343221602499,Shallow GBDT depth=1,2003
2003-12-31,2004-01-30,6A,G10 FX,1.0,0.7629164847364793,2.9142366235421364,0.7018741663321831,Shallow GBDT depth=1,2003
2003-12-31,2004-01-30,6B,G10 FX,1.0,1.343955686942296,1.9680486960016583,0.7018741663321831,Shallow GBDT depth=1,2003
2003-12-31,2004-01-30,6C,G10 FX,0.0,-0.8016312656632618,1.9519015922211285,0.7018741663321831,Shallow GBDT depth=1,2003
2003-12-31,2004-01-30,6E,G10 FX,0.0,-0.27980433488112005,2.01273934058859,0.7018741663321831,Shallow GBDT depth=1,2003
2003-12-31,2004-01-30,6J,G10 FX,1.0,0.7279289056478938,1.091300969197394,0.6894704614196258,Shallow GBDT depth=1,2003
2003-12-31,2004-01-30,6S,G10 FX,0.0,-0.469569271020064,0.9464284116919847,0.6894704614196258,Shallow GBDT depth=1,2003
2003-12-31,2004-01-30,CL,Commodities,1.0,0.5644554061008653,0.9063773368297161,0.6320790704828159,Shallow GBDT depth=1,2003
2003-12-31,2004-01-30,ES,Equity indices,1.0,0.5630830852052108,1.5754660585860971,0.7018741663321831,Shallow GBDT depth=1,2003
2003-12-31,2004-01-30,GC,Commodities,0.0,-0.9146935572265738,1.0243614134945238,0.6320790704828159,Shallow GBDT depth=1,2003
2003-12-31,2004-01-30,HG,Commodities,1.0,1.8049275337094675,1.3546980166914069,0.6455968432560647,Shallow GBDT depth=1,2003
2003-12-31,2004-01-30,NG,Commodities,0.0,-0.6784541718893933,0.7756521999613413,0.6320790704828159,Shallow GBDT depth=1,2003
2003-12-31,2004-01-30,NKD,Equity indices,1.0,0.014511346020475298,0.9760520903877378,0.6894704614196258,Shallow GBDT depth=1,2003
2003-12-31,2004-01-30,NQ,Equity indices,1.0,0.2951780177337318,1.3278644664799768,0.6894704614196258,Shallow GBDT depth=1,2003
2003-12-31,2004-01-30,RTY,Equity indices,1.0,0.8309414907303494,1.6477293451061348,0.7018741663321831,Shallow GBDT depth=1,2003
2003-12-31,2004-01-30,SI,Commodities,1.0,0.8887249683801655,0.9289911910897981,0.6320790704828159,Shallow GBDT depth=1,2003
2003-12-31,2004-01-30,ZB,Government bonds,1.0,0.5409060179777038,0.40357765764923265,0.6160813132590832,Shallow GBDT depth=1,2003
2003-12-31,2004-01-30,ZC,Commodities,1.0,1.9885645696936844,0.0806515327414513,0.6160813132590832,Shallow GBDT depth=1,2003
2003-12-31,2004-01-30,ZF,Government bonds,1.0,0.41261616631821235,0.6908439989305692,0.6320790704828159,Shallow GBDT depth=1,2003
2003-12-31,2004-01-30,ZN,Government bonds,1.0,0.45931039919844896,0.519758645932885,0.6160813132590832,Shallow GBDT depth=1,2003
2003-12-31,2004-01-30,ZS,Commodities,1.0,0.4990359343649662,1.38974820855027,0.6455968432560647,Shallow GBDT depth=1,2003
2003-12-31,2004-01-30,ZT,Government bonds,1.0,0.36070847937469175,0.8868905733638764,0.6320790704828159,Shallow GBDT depth=1,2003
2003-12-31,2004-01-30,ZW,Commodities,1.0,0.3741220074438068,0.25199934865868584,0.6160813132590832,Shallow GBDT depth=1,2003
2004-01-30,2004-02-27,6A,G10 FX,1.0,0.5880156767904726,2.683336937370465,0.7429374352188732,Shallow GBDT depth=2,2004
2004-01-30,2004-02-27,6B,G10 FX,1.0,1.0923727815930062,1.6732647761682848,0.7429374352188732,Shallow GBDT depth=2,2004
2004-01-30,2004-02-27,6C,G10 FX,0.0,-0.2609660707802372,1.5027233429008258,0.7550256334764492,Shallow GBDT depth=2,2004
2004-01-30,2004-02-27,6E,G10 FX,1.0,0.10957920708196374,1.4450785384757052,0.7742565205068707,Shallow GBDT depth=2,2004
2004-01-30,2004-02-27,6J,G10 FX,0.0,-1.5942268011218066,1.6694024065072897,0.7797799861643707,Shallow GBDT depth=2,2004
2004-01-30,2004-02-27,6S,G10 FX,0.0,-0.10206174306840006,0.6416318593090522,0.7713591194797312,Shallow GBDT depth=2,2004
2004-01-30,2004-02-27,CL,Commodities,1.0,1.5853387989330427,0.6183877544985823,0.7075876145664894,Shallow GBDT depth=2,2004
2004-01-30,2004-02-27,ES,Equity indices,1.0,0.42543848259836087,2.6955448239752418,0.6894149079339167,Shallow GBDT depth=2,2004
2004-01-30,2004-02-27,GC,Commodities,0.0,-0.31951416775987,0.6622832520945409,0.6404264059793019,Shallow GBDT depth=2,2004
2004-01-30,2004-02-27,HG,Commodities,1.0,3.1714894379452048,1.6074732284555255,0.6677520514436005,Shallow GBDT depth=2,2004
2004-01-30,2004-02-27,NG,Commodities,1.0,0.010365913935373823,0.3860172264634896,0.6692233672189896,Shallow GBDT depth=2,2004
2004-01-30,2004-02-27,NKD,Equity indices,1.0,0.4717130793955698,0.951041399067395,0.6518961318790013,Shallow GBDT depth=2,2004
2004-01-30,2004-02-27,NQ,Equity indices,0.0,-0.3004890268424575,1.9415826213180278,0.7371897037921056,Shallow GBDT depth=2,2004
2004-01-30,2004-02-27,RTY,Equity indices,1.0,0.17251808645381886,2.4254478660047014,0.7027026889709329,Shallow GBDT depth=2,2004
2004-01-30,2004-02-27,SI,Commodities,1.0,0.9333265187447961,1.0035134568674449,0.6497238765612229,Shallow GBDT depth=2,2004
2004-01-30,2004-02-27,ZB,Government bonds,1.0,0.6753822187765434,0.3168198359759258,0.6991147690446179,Shallow GBDT depth=2,2004
2004-01-30,2004-02-27,ZC,Commodities,1.0,1.242091248092961,0.4449610650228227,0.4627445694238832,Shallow GBDT depth=2,2004
2004-01-30,2004-02-27,ZF,Government bonds,1.0,0.8428832068929296,0.5818507946027747,0.6769214663320775,Shallow GBDT depth=2,2004
2004-01-30,2004-02-27,ZN,Government bonds,1.0,0.7582915211231346,0.42897320469455874,0.6769214663320775,Shallow GBDT depth=2,2004
2004-01-30,2004-02-27,ZS,Commodities,1.0,2.338023159775522,1.429343758455244,0.6392533333171925,Shallow GBDT depth=2,2004
2004-01-30,2004-02-27,ZT,Government bonds,1.0,0.9421355667085834,0.7681347783711214,0.67031514694977,Shallow GBDT depth=2,2004
2004-01-30,2004-02-27,ZW,Commodities,0.0,-0.20523532313498102,0.21794187344817345,0.6625381100873832,Shallow GBDT depth=2,2004
2004-02-27,2004-03-31,6A,G10 FX,0.0,-0.20536571826148872,2.2176598564407057,0.7465147538571929,Shallow GBDT depth=2,2004
2004-02-27,2004-03-31,6B,G10 FX,0.0,-0.37003283134964926,1.6537413782990755,0.7465147538571929,Shallow GBDT depth=2,2004
2004-02-27,2004-03-31,6C,G10 FX,1.0,0.7357007941244177,1.1550651433562154,0.7408488727905898,Shallow GBDT depth=2,2004
2004-02-27,2004-03-31,6E,G10 FX,0.0,-0.44846224094420756,1.170924997105903,0.7405523824110263,Shallow GBDT depth=2,2004
2004-02-27,2004-03-31,6J,G10 FX,1.0,1.9535359403687247,0.7208118813623249,0.7611915530023967,Shallow GBDT depth=2,2004
2004-02-27,2004-03-31,6S,G10 FX,0.0,-0.13023019684164333,0.38742931867173297,0.7286208470791262,Shallow GBDT depth=2,2004
2004-02-27,2004-03-31,CL,Commodities,1.0,0.020763323917676633,0.6942882419944466,0.6973502559749091,Shallow GBDT depth=2,2004
2004-02-27,2004-03-31,ES,Equity indices,0.0,-0.5697787470227003,3.098100207785034,0.7526895683510297,Shallow GBDT depth=2,2004
2004-02-27,2004-03-31,GC,Commodities,1.0,1.5364444182488406,0.6434150821145559,0.6476045505856736,Shallow GBDT depth=2,2004
2004-02-27,2004-03-31,HG,Commodities,1.0,0.19358096796534122,2.2193141901577262,0.4396132953977858,Shallow GBDT depth=2,2004
2004-02-27,2004-03-31,NG,Commodities,1.0,0.40666695429703725,-0.42696655514762083,0.6667323829173173,Shallow GBDT depth=2,2004
2004-02-27,2004-03-31,NKD,Equity indices,1.0,1.1162978912952817,1.4364974088952291,0.7408191046954107,Shallow GBDT depth=2,2004
2004-02-27,2004-03-31,NQ,Equity indices,0.0,-0.44450407791112206,1.924759117784045,0.7183832290630623,Shallow GBDT depth=2,2004
2004-02-27,2004-03-31,RTY,Equity indices,1.0,0.22825640719699328,2.458276561447263,0.7204719884773207,Shallow GBDT depth=2,2004
2004-02-27,2004-03-31,SI,Commodities,1.0,2.5430036603955237,1.1811282174608315,0.7178250548181363,Shallow GBDT depth=2,2004
2004-02-27,2004-03-31,ZB,Government bonds,1.0,0.4818736213673519,0.19795701933533372,0.7030581844862268,Shallow GBDT depth=2,2004
2004-02-27,2004-03-31,ZC,Commodities,1.0,1.0495141046087233,0.9311829810305771,0.5038508516406787,Shallow GBDT depth=2,2004
2004-02-27,2004-03-31,ZF,Government bonds,1.0,0.7418816600686641,0.5875015474467866,0.7114658145001765,Shallow GBDT depth=2,2004
2004-02-27,2004-03-31,ZN,Government bonds,1.0,0.6618742947700835,0.378233982844434,0.7114658145001765,Shallow GBDT depth=2,2004
2004-02-27,2004-03-31,ZS,Commodities,1.0,1.0398398355772611,1.9602791675976328,0.46888449841897123,Shallow GBDT depth=2,2004
2004-02-27,2004-03-31,ZT,Government bonds,1.0,0.5714882654284976,0.8932660251511771,0.7010231073293527,Shallow GBDT depth=2,2004
2004-02-27,2004-03-31,ZW,Commodities,1.0,0.5222249502142713,0.40200895411166454,0.6526468586477533,Shallow GBDT depth=2,2004
2004-03-31,2004-04-30,6A,G10 FX,0.0,-1.4412211199608607,1.9096965401491557,0.795030095848396,Shallow GBDT depth=2,2004
2004-03-31,2004-04-30,6B,G10 FX,0.0,-1.0698552974225648,1.6245434068362579,0.7877996819983217,Shallow GBDT depth=2,2004
2004-03-31,2004-04-30,6C,G10 FX,0.0,-1.62484159524566,1.2622789059891604,0.7429774270432455,Shallow GBDT depth=2,2004
2004-03-31,2004-04-30,6E,G10 FX,0.0,-0.760563345727955,1.1648454926792002,0.738054801485421,Shallow GBDT depth=2,2004
2004-03-31,2004-04-30,6J,G10 FX,0.0,-2.27959124822713,1.4512048860302373,0.5558579417700652,Shallow GBDT depth=2,2004
2004-03-31,2004-04-30,6S,G10 FX,0.0,-0.6262381756846289,0.6372725970490569,0.7330276196339134,Shallow GBDT depth=2,2004
2004-03-31,2004-04-30,CL,Commodities,1.0,0.7791484112701714,1.5410510569481572,0.7798136468241739,Shallow GBDT depth=2,2004
2004-03-31,2004-04-30,ES,Equity indices,0.0,-0.5039608792557062,1.8721104369390613,0.705274848983135,Shallow GBDT depth=2,2004
2004-03-31,2004-04-30,GC,Commodities,0.0,-2.1060150588897977,1.4468713464382021,0.553544402083694,Shallow GBDT depth=2,2004
2004-03-31,2004-04-30,HG,Commodities,0.0,-1.6414369450558324,1.865946560152559,0.7875079520373918,Shallow GBDT depth=2,2004
2004-03-31,2004-04-30,NG,Commodities,0.0,-0.18671490698749127,-0.23690158062644914,0.7380111833743109,Shallow GBDT depth=2,2004
2004-03-31,2004-04-30,NKD,Equity indices,0.0,-0.29527430124743786,1.6382394814667032,0.7327238567481936,Shallow GBDT depth=2,2004
2004-03-31,2004-04-30,NQ,Equity indices,0.0,-0.49674017841028345,1.4283785005139094,0.6578814012233309,Shallow GBDT depth=2,2004
2004-03-31,2004-04-30,RTY,Equity indices,0.0,-0.9766175260738591,1.9936794790020496,0.7283601593063435,Shallow GBDT depth=2,2004
2004-03-31,2004-04-30,SI,Commodities,0.0,-3.748998012644483,1.9102475838182704,0.6041671368443161,Shallow GBDT depth=2,2004
2004-03-31,2004-04-30,ZB,Government bonds,0.0,-2.0964032910671766,0.7273009264273781,0.6808219778692922,Shallow GBDT depth=2,2004
2004-03-31,2004-04-30,ZC,Commodities,0.0,-0.31264929237019695,1.0748440026207353,0.7564658664136307,Shallow GBDT depth=2,2004
2004-03-31,2004-04-30,ZF,Government bonds,0.0,-2.38979002157205,1.1091501439486149,0.6808219778692922,Shallow GBDT depth=2,2004
2004-03-31,2004-04-30,ZN,Government bonds,0.0,-2.167902380596961,0.884916761494318,0.64724785940757,Shallow GBDT depth=2,2004
2004-03-31,2004-04-30,ZS,Commodities,1.0,0.49668083611889396,1.7238616421585988,0.7875079520373918,Shallow GBDT depth=2,2004
2004-03-31,2004-04-30,ZT,Government bonds,0.0,-2.4370329194118585,1.3274597659654672,0.6531259496464915,Shallow GBDT depth=2,2004
2004-03-31,2004-04-30,ZW,Commodities,0.0,-0.7513544893506325,0.6506920750251322,0.7462385159935777,Shallow GBDT depth=2,2004
2004-04-30,2004-05-31,6A,G10 FX,0.0,-0.1989010196940762,0.9569629771872151,0.6942311698160702,Shallow GBDT depth=2,2004
2004-04-30,2004-05-31,6B,G10 FX,1.0,1.004403598718885,1.0258101689411319,0.6099878360343713,Shallow GBDT depth=2,2004
2004-04-30,2004-05-31,6C,G10 FX,1.0,0.2060102078568339,0.21322179509032552,0.6597190341417383,Shallow GBDT depth=2,2004
2004-04-30,2004-05-31,6E,G10 FX,1.0,0.602062019946735,0.43341909178494503,0.5710845919023473,Shallow GBDT depth=2,2004
2004-04-30,2004-05-31,6J,G10 FX,0.0,-0.04617364967502281,0.3909894130170564,0.6539666778679217,Shallow GBDT depth=2,2004
2004-04-30,2004-05-31,6S,G10 FX,1.0,0.9179643193390937,0.051386567092625755,0.5710845919023473,Shallow GBDT depth=2,2004
2004-04-30,2004-05-31,CL,Commodities,1.0,0.8511870840899906,1.525820487661958,0.6108413246426164,Shallow GBDT depth=2,2004
2004-04-30,2004-05-31,ES,Equity indices,1.0,0.37120098561555687,1.2877578723113015,0.5939473659964879,Shallow GBDT depth=2,2004
2004-04-30,2004-05-31,GC,Commodities,1.0,0.2950044651152382,0.39421048716470414,0.6657536150769912,Shallow GBDT depth=2,2004
2004-04-30,2004-05-31,HG,Commodities,1.0,0.6349665428575058,1.0958664765022195,0.6518495750699583,Shallow GBDT depth=2,2004
2004-04-30,2004-05-31,NG,Commodities,1.0,0.6719778587703024,-0.5919452191251493,0.5765058010381983,Shallow GBDT depth=2,2004
2004-04-30,2004-05-31,NKD,Equity indices,0.0,-0.36975019987673213,1.3980544325922397,0.6243588408904118,Shallow GBDT depth=2,2004
2004-04-30,2004-05-31,NQ,Equity indices,1.0,0.7733021420234368,0.8458441677075801,0.593060352475226,Shallow GBDT depth=2,2004
2004-04-30,2004-05-31,RTY,Equity indices,1.0,0.26151933927638155,1.2932863540331443,0.5939473659964879,Shallow GBDT depth=2,2004
2004-04-30,2004-05-31,SI,Commodities,1.0,0.02487935144846092,0.40075839714329853,0.6338489500794176,Shallow GBDT depth=2,2004
2004-04-30,2004-05-31,ZB,Government bonds,0.0,-0.1583876249570793,-0.5002586955994468,0.630761787754027,Shallow GBDT depth=2,2004
2004-04-30,2004-05-31,ZC,Commodities,0.0,-0.8343701321167877,0.7040578913266775,0.5869356910862623,Shallow GBDT depth=2,2004
2004-04-30,2004-05-31,ZF,Government bonds,0.0,-0.2565372514217863,-0.08829653827575638,0.630761787754027,Shallow GBDT depth=2,2004
2004-04-30,2004-05-31,ZN,Government bonds,0.0,-0.27987637698615325,-0.2154489354570303,0.6201608807020955,Shallow GBDT depth=2,2004
2004-04-30,2004-05-31,ZS,Commodities,0.0,-2.549717257008345,1.425846278086579,0.6338342300664783,Shallow GBDT depth=2,2004
2004-04-30,2004-05-31,ZT,Government bonds,0.0,-0.38126885868826427,0.19726916255107027,0.6247983184082325,Shallow GBDT depth=2,2004
2004-04-30,2004-05-31,ZW,Commodities,0.0,-0.7948832681527651,0.06760964407052159,0.5765058010381983,Shallow GBDT depth=2,2004
2004-05-31,2004-06-30,6A,G10 FX,0.0,-0.46531180870673255,0.6966317907120214,0.5876995033925906,Shallow GBDT depth=2,2004
2004-05-31,2004-06-30,6B,G10 FX,0.0,-0.17463858996296186,1.0516322531383122,0.6342950294866048,Shallow GBDT depth=2,2004
2004-05-31,2004-06-30,6C,G10 FX,1.0,0.9714584809773196,0.07127100417940674,0.5710845919023473,Shallow GBDT depth=2,2004
2004-05-31,2004-06-30,6E,G10 FX,0.0,-0.032337932469946276,0.410028819363715,0.6034241162988725,Shallow GBDT depth=2,2004
2004-05-31,2004-06-30,6J,G10 FX,1.0,0.4344373531313143,0.4649393105123396,0.5784287805927434,Shallow GBDT depth=2,2004
2004-05-31,2004-06-30,6S,G10 FX,1.0,0.01372923521629193,0.29526501738391225,0.5922995819037159,Shallow GBDT depth=2,2004
2004-05-31,2004-06-30,CL,Commodities,0.0,-0.9358811013947947,1.364472741969112,0.5738534636839916,Shallow GBDT depth=2,2004
2004-05-31,2004-06-30,ES,Equity indices,1.0,0.5395071973200005,0.9632950458445918,0.6028159183890024,Shallow GBDT depth=2,2004
2004-05-31,2004-06-30,GC,Commodities,0.0,-0.09363304892107066,0.49222202199659665,0.6034241162988725,Shallow GBDT depth=2,2004
2004-05-31,2004-06-30,HG,Commodities,0.0,-0.677605915055581,1.2741314231034033,0.6089871179743535,Shallow GBDT depth=2,2004
2004-05-31,2004-06-30,NG,Commodities,0.0,-0.422796972518306,-0.09584370881806341,0.5850236767463368,Shallow GBDT depth=2,2004
2004-05-31,2004-06-30,NKD,Equity indices,1.0,0.9054259870638602,0.9098958458604695,0.6342950294866048,Shallow GBDT depth=2,2004
2004-05-31,2004-06-30,NQ,Equity indices,1.0,0.6499957686573229,0.8596866284228772,0.6028159183890024,Shallow GBDT depth=2,2004
2004-05-31,2004-06-30,RTY,Equity indices,1.0,0.8071718231918298,1.0385347890386272,0.6342950294866048,Shallow GBDT depth=2,2004
2004-05-31,2004-06-30,SI,Commodities,0.0,-0.44436304163237317,0.5755214058532393,0.6034241162988725,Shallow GBDT depth=2,2004
2004-05-31,2004-06-30,ZB,Government bonds,1.0,0.35880650963651467,-0.9853956255921946,0.4352955161701152,Shallow GBDT depth=2,2004
2004-05-31,2004-06-30,ZC,Commodities,0.0,-2.2270039911675665,0.4961361745591008,0.5556507101125466,Shallow GBDT depth=2,2004
2004-05-31,2004-06-30,ZF,Government bonds,1.0,0.32959842712731197,-0.5449364370260211,0.4352955161701152,Shallow GBDT depth=2,2004
2004-05-31,2004-06-30,ZN,Government bonds,1.0,0.41599242235553635,-0.6555550920513268,0.4352955161701152,Shallow GBDT depth=2,2004
2004-05-31,2004-06-30,ZS,Commodities,1.0,0.6188625641472448,0.6563454249163387,0.6829702560386754,Shallow GBDT depth=2,2004
2004-05-31,2004-06-30,ZT,Government bonds,0.0,0.0,-0.2227345778472909,0.41993844080581566,Shallow GBDT depth=2,2004
2004-05-31,2004-06-30,ZW,Commodities,0.0,-0.7396910823279259,-0.22369853811862525,0.5765058010381983,Shallow GBDT depth=2,2004
2004-06-30,2004-07-30,6A,G10 FX,1.0,0.210173404994807,0.5618739592479095,0.6034166458772422,Shallow GBDT depth=2,2004
2004-06-30,2004-07-30,6B,G10 FX,1.0,0.1205470897471695,1.281847792223804,0.6696330868200617,Shallow GBDT depth=2,2004
2004-06-30,2004-07-30,6C,G10 FX,1.0,0.07513198031528084,0.5251772146879886,0.6034166458772422,Shallow GBDT depth=2,2004
2004-06-30,2004-07-30,6E,G10 FX,0.0,-0.43655232693873697,0.7568677800211063,0.6402098447158044,Shallow GBDT depth=2,2004
2004-06-30,2004-07-30,6J,G10 FX,0.0,-0.7609711034799536,0.5655627489804638,0.6034166458772422,Shallow GBDT depth=2,2004
2004-06-30,2004-07-30,6S,G10 FX,0.0,-0.6997844934776366,0.6479946580053142,0.6386876387848707,Shallow GBDT depth=2,2004
2004-06-30,2004-07-30,CL,Commodities,1.0,1.8733705234732934,0.8419290906854646,0.7307898652675587,Shallow GBDT depth=2,2004
2004-06-30,2004-07-30,ES,Equity indices,0.0,-1.1075900908577783,1.1514461130213187,0.6402098447158044,Shallow GBDT depth=2,2004
2004-06-30,2004-07-30,GC,Commodities,0.0,-0.10690861531205306,0.5702095837545744,0.6034166458772422,Shallow GBDT depth=2,2004
2004-06-30,2004-07-30,HG,Commodities,1.0,0.8706884634677746,0.9651690600257691,0.6342877881499241,Shallow GBDT depth=2,2004
2004-06-30,2004-07-30,NG,Commodities,0.0,-0.10761879635663078,0.0,0.6147939091347975,Shallow GBDT depth=2,2004
2004-06-30,2004-07-30,NKD,Equity indices,0.0,-0.986313373553658,0.8895031710180871,0.6703459833453207,Shallow GBDT depth=2,2004
2004-06-30,2004-07-30,NQ,Equity indices,0.0,-1.621077206199166,0.8273299629043267,0.6402098447158044,Shallow GBDT depth=2,2004
2004-06-30,2004-07-30,RTY,Equity indices,0.0,-1.3245740267496273,1.117990630684923,0.6703459833453207,Shallow GBDT depth=2,2004
2004-06-30,2004-07-30,SI,Commodities,1.0,1.0841222936165387,0.3636871679542419,0.6095308639359746,Shallow GBDT depth=2,2004
2004-06-30,2004-07-30,ZB,Government bonds,1.0,0.5695738650614244,-0.24802612342522387,0.5891411665176812,Shallow GBDT depth=2,2004
2004-06-30,2004-07-30,ZC,Commodities,0.0,-1.867642823150233,0.24723088175623298,0.687285449837205,Shallow GBDT depth=2,2004
2004-06-30,2004-07-30,ZF,Government bonds,1.0,0.5329194065216899,-0.08579665557221515,0.589976244196674,Shallow GBDT depth=2,2004
2004-06-30,2004-07-30,ZN,Government bonds,1.0,0.618353154997965,-0.11632791521660173,0.5981214181773368,Shallow GBDT depth=2,2004
2004-06-30,2004-07-30,ZS,Commodities,0.0,-1.8466917204954543,0.8810645477977191,0.6342877881499241,Shallow GBDT depth=2,2004
2004-06-30,2004-07-30,ZT,Government bonds,1.0,0.46113007551019053,-0.03242045294176656,0.5837649236683342,Shallow GBDT depth=2,2004
2004-06-30,2004-07-30,ZW,Commodities,0.0,-0.9566745455352818,-0.22010394164479594,0.6289122898666027,Shallow GBDT depth=2,2004
2004-07-30,2004-08-31,6A,G10 FX,1.0,0.15377035137668904,0.6510485942452375,0.5304168704493661,Shallow GBDT depth=2,2004
2004-07-30,2004-08-31,6B,G10 FX,0.0,-0.26507578332404247,1.410478911543929,0.5777593813437163,Shallow GBDT depth=2,2004
2004-07-30,2004-08-31,6C,G10 FX,1.0,0.624177472518544,0.5908753494061626,0.5446237343594486,Shallow GBDT depth=2,2004
2004-07-30,2004-08-31,6E,G10 FX,1.0,0.43732642929900967,0.6359020797854599,0.5304168704493661,Shallow GBDT depth=2,2004
2004-07-30,2004-08-31,6J,G10 FX,1.0,0.5703619773594634,0.4829044097557647,0.5304168704493661,Shallow GBDT depth=2,2004
2004-07-30,2004-08-31,6S,G10 FX,1.0,0.28318050863781785,0.42791111966611667,0.5359344036456618,Shallow GBDT depth=2,2004
2004-07-30,2004-08-31,CL,Commodities,0.0,-0.17042751231239692,1.3735815859833314,0.5719624746480086,Shallow GBDT depth=2,2004
2004-07-30,2004-08-31,ES,Equity indices,1.0,0.08408759500681712,0.9750055785549396,0.5994899830297619,Shallow GBDT depth=2,2004
2004-07-30,2004-08-31,GC,Commodities,1.0,0.9847266760565284,0.34507168986731035,0.5359344036456618,Shallow GBDT depth=2,2004
2004-07-30,2004-08-31,HG,Commodities,0.0,-0.26905547493069537,1.2901056428865687,0.5623816317484542,Shallow GBDT depth=2,2004
2004-07-30,2004-08-31,NG,Commodities,0.0,-1.7725584980334255,-0.08131732023958695,0.5359344036456618,Shallow GBDT depth=2,2004
2004-07-30,2004-08-31,NKD,Equity indices,0.0,-0.29380674591600664,0.6551935723487415,0.5994899830297619,Shallow GBDT depth=2,2004
2004-07-30,2004-08-31,NQ,Equity indices,0.0,-0.424303579772146,0.5558975143836404,0.5147630097293442,Shallow GBDT depth=2,2004
2004-07-30,2004-08-31,RTY,Equity indices,0.0,-0.11413435651685087,0.8026438163799616,0.5473585093358317,Shallow GBDT depth=2,2004
2004-07-30,2004-08-31,SI,Commodities,1.0,0.3126478817654565,0.6107164959311174,0.5762483959036612,Shallow GBDT depth=2,2004
2004-07-30,2004-08-31,ZB,Government bonds,1.0,1.3535938485898271,0.8352965325824044,0.5883303793019563,Shallow GBDT depth=2,2004
2004-07-30,2004-08-31,ZC,Commodities,1.0,0.448741578984946,-0.43180178570589384,0.5660147720263751,Shallow GBDT depth=2,2004
2004-07-30,2004-08-31,ZF,Government bonds,1.0,1.3945011099683167,0.7091200490524504,0.6078600195345414,Shallow GBDT depth=2,2004
2004-07-30,2004-08-31,ZN,Government bonds,1.0,1.293101269381754,0.8550130448225446,0.5883303793019563,Shallow GBDT depth=2,2004
2004-07-30,2004-08-31,ZS,Commodities,1.0,0.5795214905153833,0.48201901067396097,0.6218910804757367,Shallow GBDT depth=2,2004
2004-07-30,2004-08-31,ZT,Government bonds,1.0,1.3240915081196925,0.5289454440033666,0.5676835031842739,Shallow GBDT depth=2,2004
2004-07-30,2004-08-31,ZW,Commodities,0.0,-0.07921955477316193,-0.9696335429953875,0.5246626486648704,Shallow GBDT depth=2,2004
2004-08-31,2004-09-30,6A,G10 FX,1.0,0.9201240873009702,0.6913999123526148,0.6167888060974797,Shallow GBDT depth=2,2004
2004-08-31,2004-09-30,6B,G10 FX,1.0,0.3446422784480518,1.410107727176114,0.6140240112515792,Shallow GBDT depth=2,2004
2004-08-31,2004-09-30,6C,G10 FX,1.0,1.7088663906903807,0.600822914833645,0.5839510231275865,Shallow GBDT depth=2,2004
2004-08-31,2004-09-30,6E,G10 FX,1.0,0.746527761079704,0.7888559774656059,0.6078811209656967,Shallow GBDT depth=2,2004
2004-08-31,2004-09-30,6J,G10 FX,0.0,-0.2744652663462346,0.571125604283717,0.581673690497091,Shallow GBDT depth=2,2004
2004-08-31,2004-09-30,6S,G10 FX,1.0,0.5048674407361615,0.5945042987251601,0.581673690497091,Shallow GBDT depth=2,2004
2004-08-31,2004-09-30,CL,Commodities,1.0,2.0468003231922602,1.4771508969655782,0.6214701877217549,Shallow GBDT depth=2,2004
2004-08-31,2004-09-30,ES,Equity indices,1.0,0.29128028964016395,0.7227338340672674,0.6078811209656967,Shallow GBDT depth=2,2004
2004-08-31,2004-09-30,GC,Commodities,1.0,0.43214087105882354,0.4397378425118091,0.5876051142225923,Shallow GBDT depth=2,2004
2004-08-31,2004-09-30,HG,Commodities,1.0,1.1073175452910962,1.2369260298662323,0.6140240112515792,Shallow GBDT depth=2,2004
2004-08-31,2004-09-30,NG,Commodities,1.0,1.6373203105567016,-0.4133473081205264,0.5762700126093042,Shallow GBDT depth=2,2004
2004-08-31,2004-09-30,NKD,Equity indices,0.0,-0.34585384038829275,0.16564264741973417,0.5762700126093042,Shallow GBDT depth=2,2004
2004-08-31,2004-09-30,NQ,Equity indices,1.0,0.5670508669004674,-0.005777417129103448,0.5762700126093042,Shallow GBDT depth=2,2004
2004-08-31,2004-09-30,RTY,Equity indices,1.0,0.8314547424543349,0.41885897180759907,0.5762700126093042,Shallow GBDT depth=2,2004
2004-08-31,2004-09-30,SI,Commodities,1.0,0.20988041117698536,0.7049279144115405,0.6522723795476939,Shallow GBDT depth=2,2004
2004-08-31,2004-09-30,ZB,Government bonds,1.0,0.30667018083666875,0.8791751741386689,0.6575038451834078,Shallow GBDT depth=2,2004
2004-08-31,2004-09-30,ZC,Commodities,0.0,-1.6062643603922626,-0.3163146905266333,0.5651831059505978,Shallow GBDT depth=2,2004
2004-08-31,2004-09-30,ZF,Government bonds,1.0,0.05566931527898376,0.8034659322285527,0.6575038451834078,Shallow GBDT depth=2,2004
2004-08-31,2004-09-30,ZN,Government bonds,1.0,0.15340066820601306,0.8413762122847961,0.6575038451834078,Shallow GBDT depth=2,2004
2004-08-31,2004-09-30,ZS,Commodities,0.0,-1.1670486446075878,0.45199771424864,0.5762700126093042,Shallow GBDT depth=2,2004
2004-08-31,2004-09-30,ZT,Government bonds,0.0,-0.37607585916223,0.5311410090727361,0.6315143106029036,Shallow GBDT depth=2,2004
2004-08-31,2004-09-30,ZW,Commodities,0.0,-0.5414011241678717,-0.7960973096686802,0.5762700126093042,Shallow GBDT depth=2,2004
2004-09-30,2004-10-29,6A,G10 FX,1.0,0.793745909337686,0.6842795574471586,0.6482638207545228,Shallow GBDT depth=2,2004
2004-09-30,2004-10-29,6B,G10 FX,1.0,0.5944351116746951,1.1269695878282093,0.6447539587776187,Shallow GBDT depth=2,2004
2004-09-30,2004-10-29,6C,G10 FX,1.0,1.5761083120351316,0.7610629396067748,0.676411040076333,Shallow GBDT depth=2,2004
2004-09-30,2004-10-29,6E,G10 FX,1.0,1.054421774292094,0.6902259290953399,0.6447539587776187,Shallow GBDT depth=2,2004
2004-09-30,2004-10-29,6J,G10 FX,1.0,1.383891055724666,-0.248653190736608,0.608963116864329,Shallow GBDT depth=2,2004
2004-09-30,2004-10-29,6S,G10 FX,1.0,1.3149000215789777,0.4138782425792402,0.6142289713217804,Shallow GBDT depth=2,2004
2004-09-30,2004-10-29,CL,Commodities,1.0,0.7118228307695846,1.733645248407665,0.6772152560668887,Shallow GBDT depth=2,2004
2004-09-30,2004-10-29,ES,Equity indices,1.0,0.4491579316478556,0.5909128185513236,0.6402457835480041,Shallow GBDT depth=2,2004
2004-09-30,2004-10-29,GC,Commodities,1.0,0.5353716166105963,0.6336487412815559,0.6224849556290926,Shallow GBDT depth=2,2004
2004-09-30,2004-10-29,HG,Commodities,0.0,-0.6088054645205453,1.5081195505143266,0.6546234886196034,Shallow GBDT depth=2,2004
2004-09-30,2004-10-29,NG,Commodities,1.0,1.2221083517478397,-0.15145675320844743,0.5608557051755316,Shallow GBDT depth=2,2004
2004-09-30,2004-10-29,NKD,Equity indices,0.0,-0.20072071649107803,-0.07967173479241518,0.608963116864329,Shallow GBDT depth=2,2004
2004-09-30,2004-10-29,NQ,Equity indices,1.0,1.030108148321647,-0.08613377621576915,0.6402457835480041,Shallow GBDT depth=2,2004
2004-09-30,2004-10-29,RTY,Equity indices,1.0,0.369939386619436,0.47293733842184765,0.608963116864329,Shallow GBDT depth=2,2004
2004-09-30,2004-10-29,SI,Commodities,1.0,0.6354996193231054,0.9382593048896627,0.6775096820071237,Shallow GBDT depth=2,2004
2004-09-30,2004-10-29,ZB,Government bonds,1.0,0.5592844293194481,1.061854148181088,0.682333984318906,Shallow GBDT depth=2,2004
2004-09-30,2004-10-29,ZC,Commodities,0.0,-0.1677601717579738,-0.72238716991474,0.6877681861070294,Shallow GBDT depth=2,2004
2004-09-30,2004-10-29,ZF,Government bonds,1.0,0.46417798072148464,0.8073308343639819,0.682333984318906,Shallow GBDT depth=2,2004
2004-09-30,2004-10-29,ZN,Government bonds,1.0,0.48188253694572847,0.9737525434818863,0.682333984318906,Shallow GBDT depth=2,2004
2004-09-30,2004-10-29,ZS,Commodities,1.0,0.006699874723193349,-0.3258936995164288,0.6815373616383121,Shallow GBDT depth=2,2004
2004-09-30,2004-10-29,ZT,Government bonds,1.0,0.4594849496385025,0.40177062068550523,0.6533017456912391,Shallow GBDT depth=2,2004
2004-09-30,2004-10-29,ZW,Commodities,1.0,0.3388744251861829,-0.7173805488766487,0.6610735798647437,Shallow GBDT depth=2,2004
2004-10-29,2004-11-30,6A,G10 FX,1.0,1.0647316959403492,0.6709198354301217,0.586132917682877,Shallow GBDT depth=2,2004
2004-10-29,2004-11-30,6B,G10 FX,1.0,1.6862498390752303,1.354595416951423,0.5692021972440008,Shallow GBDT depth=2,2004
2004-10-29,2004-11-30,6C,G10 FX,1.0,1.3349190589101187,0.997978252292565,0.5837053356747606,Shallow GBDT depth=2,2004
2004-10-29,2004-11-30,6E,G10 FX,1.0,1.5535460938685641,1.1136268122661959,0.6206748771808018,Shallow GBDT depth=2,2004
2004-10-29,2004-11-30,6J,G10 FX,1.0,1.1023901912613145,0.16847610185560347,0.5773968830673022,Shallow GBDT depth=2,2004
2004-10-29,2004-11-30,6S,G10 FX,1.0,1.6009688841301173,1.043361004668899,0.6066618545769813,Shallow GBDT depth=2,2004
2004-10-29,2004-11-30,CL,Commodities,0.0,-0.6556016465735962,1.8118368878590774,0.5649012650499814,Shallow GBDT depth=2,2004
2004-10-29,2004-11-30,ES,Equity indices,1.0,1.2231083284117055,0.6072992534846512,0.5508152495626641,Shallow GBDT depth=2,2004
2004-10-29,2004-11-30,GC,Commodities,1.0,1.3396496381895524,0.48295889048601043,0.586132917682877,Shallow GBDT depth=2,2004
2004-10-29,2004-11-30,HG,Commodities,1.0,0.738302106851115,0.7786610966799862,0.47970931902231556,Shallow GBDT depth=2,2004
2004-10-29,2004-11-30,NG,Commodities,0.0,-1.9771820340865545,0.48395293947022133,0.49398676519524704,Shallow GBDT depth=2,2004
2004-10-29,2004-11-30,NKD,Equity indices,1.0,0.20891746479058698,0.1708762855916177,0.5359344036456618,Shallow GBDT depth=2,2004
2004-10-29,2004-11-30,NQ,Equity indices,1.0,1.128127629611465,0.13144205112241283,0.5508152495626641,Shallow GBDT depth=2,2004
2004-10-29,2004-11-30,RTY,Equity indices,1.0,1.759972625024148,0.49374877569620146,0.5391206695570688,Shallow GBDT depth=2,2004
2004-10-29,2004-11-30,SI,Commodities,1.0,0.7119992823486466,0.9074164883197346,0.6078600195345414,Shallow GBDT depth=2,2004
2004-10-29,2004-11-30,ZB,Government bonds,0.0,-1.0066465593977307,1.198291415569001,0.6287711535908818,Shallow GBDT depth=2,2004
2004-10-29,2004-11-30,ZC,Commodities,0.0,-0.6385034440768877,-1.2497799709503634,0.5722987324903475,Shallow GBDT depth=2,2004
2004-10-29,2004-11-30,ZF,Government bonds,0.0,-1.3356631141017261,1.1638584234365323,0.6287711535908818,Shallow GBDT depth=2,2004
2004-10-29,2004-11-30,ZN,Government bonds,0.0,-1.1726144714676439,1.205768354049845,0.6287711535908818,Shallow GBDT depth=2,2004
2004-10-29,2004-11-30,ZS,Commodities,1.0,0.018937308892882466,-0.46685875852629993,0.5611870406148878,Shallow GBDT depth=2,2004
2004-10-29,2004-11-30,ZT,Government bonds,0.0,-1.407052755406406,0.8379637555833549,0.5816521493366386,Shallow GBDT depth=2,2004
2004-10-29,2004-11-30,ZW,Commodities,0.0,-1.0922714821550863,-1.5326886432433404,0.559618715135863,Shallow GBDT depth=2,2004
2004-11-30,2004-12-31,6A,G10 FX,1.0,0.4903823702114437,0.6652225341976001,0.5974187241109696,Shallow GBDT depth=2,2004
2004-11-30,2004-12-31,6B,G10 FX,1.0,0.20222449796985228,1.4042955969739137,0.5840993506371163,Shallow GBDT depth=2,2004
2004-11-30,2004-12-31,6C,G10 FX,0.0,-0.5587836192412161,1.3995297061512764,0.5950769436743879,Shallow GBDT depth=2,2004
2004-11-30,2004-12-31,6E,G10 FX,1.0,0.8326368646120378,1.0196588009026715,0.5832059206205827,Shallow GBDT depth=2,2004
2004-11-30,2004-12-31,6J,G10 FX,1.0,0.06595118655410764,0.3653005981340894,0.6231294338078194,Shallow GBDT depth=2,2004
2004-11-30,2004-12-31,6S,G10 FX,0.0,-0.09884477842504404,0.9226002941456389,0.5832059206205827,Shallow GBDT depth=2,2004
2004-11-30,2004-12-31,CL,Commodities,0.0,-1.3357646175647842,1.3796414366979992,0.5777375994448484,Shallow GBDT depth=2,2004
2004-11-30,2004-12-31,ES,Equity indices,1.0,1.090665725759271,0.8621343266715085,0.6440936471642701,Shallow GBDT depth=2,2004
2004-11-30,2004-12-31,GC,Commodities,0.0,-0.9530312666791214,0.6506131771187934,0.587618341957632,Shallow GBDT depth=2,2004
2004-11-30,2004-12-31,HG,Commodities,1.0,0.15275044858893258,1.043984987132583,0.6134684525453975,Shallow GBDT depth=2,2004
2004-11-30,2004-12-31,NG,Commodities,0.0,-1.2063126556014672,-0.5642907639306899,0.6087172045815223,Shallow GBDT depth=2,2004
2004-11-30,2004-12-31,NKD,Equity indices,1.0,1.2241997885283993,0.3479170303720612,0.5598131119218301,Shallow GBDT depth=2,2004
2004-11-30,2004-12-31,NQ,Equity indices,1.0,0.6965009301528975,0.6010255369089185,0.6220238720881728,Shallow GBDT depth=2,2004
2004-11-30,2004-12-31,RTY,Equity indices,1.0,0.6731409615947983,1.0091341973201653,0.5778076693449009,Shallow GBDT depth=2,2004
2004-11-30,2004-12-31,SI,Commodities,0.0,-1.685643598646827,1.0249731038107976,0.5965413269248268,Shallow GBDT depth=2,2004
2004-11-30,2004-12-31,ZB,Government bonds,1.0,0.8649213596609778,0.6373443453069461,0.5870324103973372,Shallow GBDT depth=2,2004
2004-11-30,2004-12-31,ZC,Commodities,1.0,0.07034519006351857,-1.7717776540449213,0.5934835080815888,Shallow GBDT depth=2,2004
2004-11-30,2004-12-31,ZF,Government bonds,1.0,0.5924581595934466,0.444677019648688,0.5870324103973372,Shallow GBDT depth=2,2004
2004-11-30,2004-12-31,ZN,Government bonds,1.0,0.688522430070744,0.5805863914241153,0.5543434027117288,Shallow GBDT depth=2,2004
2004-11-30,2004-12-31,ZS,Commodities,1.0,0.25371622572903413,-0.5548979631900667,0.5229038465959357,Shallow GBDT depth=2,2004
2004-11-30,2004-12-31,ZT,Government bonds,1.0,0.15865816134354724,0.036587770497006504,0.5543434027117288,Shallow GBDT depth=2,2004
2004-11-30,2004-12-31,ZW,Commodities,1.0,0.2539207462543905,-1.7181661952968512,0.5521784442398274,Shallow GBDT depth=2,2004
2004-12-31,2005-01-31,6A,G10 FX,0.0,-0.24406381316633025,0.38640248585226655,0.6294325184341885,Shallow GBDT depth=2,2004
2004-12-31,2005-01-31,6B,G10 FX,0.0,-0.6161241613681551,0.8176691121432189,0.6594215404617432,Shallow GBDT depth=2,2004
2004-12-31,2005-01-31,6C,G10 FX,0.0,-1.3392663211091498,0.9172868462159618,0.6433852600847838,Shallow GBDT depth=2,2004
2004-12-31,2005-01-31,6E,G10 FX,0.0,-1.5755472529765737,0.8339840179457876,0.6594215404617432,Shallow GBDT depth=2,2004
2004-12-31,2005-01-31,6J,G10 FX,0.0,-0.4787632215868278,0.21297477899145234,0.6345881287194971,Shallow GBDT depth=2,2004
2004-12-31,2005-01-31,6S,G10 FX,0.0,-1.4208560148819152,0.6300938449476223,0.6594215404617432,Shallow GBDT depth=2,2004
2004-12-31,2005-01-31,CL,Commodities,1.0,0.8403586793900036,0.7632863623164808,0.4864455841645941,Shallow GBDT depth=2,2004
2004-12-31,2005-01-31,ES,Equity indices,0.0,-1.0117550110458857,0.7370166407732744,0.6870388150984228,Shallow GBDT depth=2,2004
2004-12-31,2005-01-31,GC,Commodities,0.0,-0.9572932474311563,0.13817337852444822,0.47166634608679037,Shallow GBDT depth=2,2004
2004-12-31,2005-01-31,HG,Commodities,0.0,-0.15324059479093372,0.8859988936568579,0.5301893371244945,Shallow GBDT depth=2,2004
2004-12-31,2005-01-31,NG,Commodities,1.0,0.11182161047169198,-0.7380303341388569,0.4749587958478967,Shallow GBDT depth=2,2004
2004-12-31,2005-01-31,NKD,Equity indices,0.0,-0.2482213133659633,0.34967796670067686,0.6097606775393665,Shallow GBDT depth=2,2004
2004-12-31,2005-01-31,NQ,Equity indices,0.0,-1.7117905693652211,0.3286461284609544,0.6532167983597504,Shallow GBDT depth=2,2004
2004-12-31,2005-01-31,RTY,Equity indices,0.0,-1.156121007002734,0.8063520301655371,0.6803657856795565,Shallow GBDT depth=2,2004
2004-12-31,2005-01-31,SI,Commodities,0.0,-0.13160865402090277,0.10553373864812851,0.5644539795938791,Shallow GBDT depth=2,2004
2004-12-31,2005-01-31,ZB,Government bonds,1.0,0.83415771627971,0.5040759038692597,0.6502429107303893,Shallow GBDT depth=2,2004
2004-12-31,2005-01-31,ZC,Commodities,0.0,-0.6017056246080551,-2.2972888835411727,0.49899340243750945,Shallow GBDT depth=2,2004
2004-12-31,2005-01-31,ZF,Government bonds,0.0,-0.25453696565093925,0.20410692449622264,0.6359002054996964,Shallow GBDT depth=2,2004
2004-12-31,2005-01-31,ZN,Government bonds,1.0,0.19591562178072577,0.36357408312928374,0.6097606775393665,Shallow GBDT depth=2,2004
2004-12-31,2005-01-31,ZS,Commodities,0.0,-0.649607528451641,-0.8943525787687718,0.49899340243750945,Shallow GBDT depth=2,2004
2004-12-31,2005-01-31,ZT,Government bonds,0.0,-0.601731455466477,-0.31681486565138245,0.6044731058948181,Shallow GBDT depth=2,2004
2004-12-31,2005-01-31,ZW,Commodities,0.0,-0.7383230027240117,-1.8342569630535557,0.4694340006674058,Shallow GBDT depth=2,2004
2005-01-31,2005-02-28,6A,G10 FX,1.0,0.7288514002361507,0.14884771125718502,0.6491018189620673,Shallow GBDT depth=1,2005
2005-01-31,2005-02-28,6B,G10 FX,1.0,0.9309202736123291,0.2797271799072552,0.6491018189620673,Shallow GBDT depth=1,2005
2005-01-31,2005-02-28,6C,G10 FX,1.0,0.22193564387329393,0.6955878488363879,0.6123671555957263,Shallow GBDT depth=1,2005
2005-01-31,2005-02-28,6E,G10 FX,1.0,0.5967022799570169,0.24761384703321,0.6319812218590796,Shallow GBDT depth=1,2005
2005-01-31,2005-02-28,6J,G10 FX,0.0,-0.3503108300281901,0.013414676919481226,0.6028001244052968,Shallow GBDT depth=1,2005
2005-01-31,2005-02-28,6S,G10 FX,1.0,0.7299932563533796,0.2260966964344291,0.6319812218590796,Shallow GBDT depth=1,2005
2005-01-31,2005-02-28,CL,Commodities,1.0,0.5687574638784886,1.014658966997751,0.52671028689574,Shallow GBDT depth=1,2005
2005-01-31,2005-02-28,ES,Equity indices,1.0,0.6931608135819399,0.26080226712547766,0.6491018189620673,Shallow GBDT depth=1,2005
2005-01-31,2005-02-28,GC,Commodities,1.0,0.8087884276641402,0.006917840243397317,0.5166976867929939,Shallow GBDT depth=1,2005
2005-01-31,2005-02-28,HG,Commodities,1.0,0.5493948461226404,0.4424011289977852,0.5452039155710239,Shallow GBDT depth=1,2005
2005-01-31,2005-02-28,NG,Commodities,1.0,0.2644786973763985,-0.5504721338862917,0.5166976867929939,Shallow GBDT depth=1,2005
2005-01-31,2005-02-28,NKD,Equity indices,1.0,0.8403764159000663,0.6049141401855785,0.6319812218590796,Shallow GBDT depth=1,2005
2005-01-31,2005-02-28,NQ,Equity indices,0.0,-0.1723898236097805,0.009048119187878078,0.6204629867736953,Shallow GBDT depth=1,2005
2005-01-31,2005-02-28,RTY,Equity indices,1.0,0.3444915078091749,0.37425963800273127,0.6298658121075452,Shallow GBDT depth=1,2005
2005-01-31,2005-02-28,SI,Commodities,1.0,0.9284582237040879,-0.013356618074423832,0.5352373299720057,Shallow GBDT depth=1,2005
2005-01-31,2005-02-28,ZB,Government bonds,0.0,-0.7005639651091169,0.8408734924574661,0.6491018189620673,Shallow GBDT depth=1,2005
2005-01-31,2005-02-28,ZC,Commodities,1.0,1.276487003066532,-2.871882828454149,0.5166976867929939,Shallow GBDT depth=1,2005
2005-01-31,2005-02-28,ZF,Government bonds,0.0,-1.1517208572343005,0.18870099035224494,0.6319812218590796,Shallow GBDT depth=1,2005
2005-01-31,2005-02-28,ZN,Government bonds,0.0,-0.945886201369113,0.5070999634844092,0.6319812218590796,Shallow GBDT depth=1,2005
2005-01-31,2005-02-28,ZS,Commodities,1.0,2.209704819199622,-1.0689774410407906,0.5166976867929939,Shallow GBDT depth=1,2005
2005-01-31,2005-02-28,ZT,Government bonds,0.0,-1.1057112848620592,-0.5118430412344493,0.6225999366443372,Shallow GBDT depth=1,2005
2005-01-31,2005-02-28,ZW,Commodities,1.0,2.105592097618295,-2.0604477362092735,0.5166976867929939,Shallow GBDT depth=1,2005
2005-02-28,2005-03-31,6A,G10 FX,0.0,-0.7112556978098525,0.9268814233960164,0.6491018189620673,Shallow GBDT depth=1,2005
2005-02-28,2005-03-31,6B,G10 FX,0.0,-0.6667373931212364,1.0585877868426723,0.6319812218590796,Shallow GBDT depth=1,2005
2005-02-28,2005-03-31,6C,G10 FX,1.0,0.7292464591106385,0.800512202682425,0.6319812218590796,Shallow GBDT depth=1,2005
2005-02-28,2005-03-31,6E,G10 FX,0.0,-0.8657010290991934,0.8393406748470076,0.6319812218590796,Shallow GBDT depth=1,2005
2005-02-28,2005-03-31,6J,G10 FX,0.0,-0.9663770743104598,0.41530728071571993,0.6123671555957263,Shallow GBDT depth=1,2005
2005-02-28,2005-03-31,6S,G10 FX,0.0,-1.0134348648019833,0.7156140054567323,0.6123671555957263,Shallow GBDT depth=1,2005
2005-02-28,2005-03-31,CL,Commodities,1.0,0.6572342226153126,1.005614657382819,0.5452039155710239,Shallow GBDT depth=1,2005
2005-02-28,2005-03-31,ES,Equity indices,0.0,-0.7300890031842286,0.8408613965749976,0.6298658121075452,Shallow GBDT depth=1,2005
2005-02-28,2005-03-31,GC,Commodities,0.0,-0.5830920299826762,0.5012730783963462,0.52671028689574,Shallow GBDT depth=1,2005
2005-02-28,2005-03-31,HG,Commodities,1.0,0.03613155079006688,0.41851499653359875,0.5452039155710239,Shallow GBDT depth=1,2005
2005-02-28,2005-03-31,NG,Commodities,1.0,0.7910241193424081,-0.5845734249444161,0.5166976867929939,Shallow GBDT depth=1,2005
2005-02-28,2005-03-31,NKD,Equity indices,0.0,-0.28924687176520275,0.4431837073091111,0.6491018189620673,Shallow GBDT depth=1,2005
2005-02-28,2005-03-31,NQ,Equity indices,0.0,-0.4824786650354095,0.404139148550416,0.6123671555957263,Shallow GBDT depth=1,2005
2005-02-28,2005-03-31,RTY,Equity indices,0.0,-0.670846823153572,0.7217154947052302,0.6123671555957263,Shallow GBDT depth=1,2005
2005-02-28,2005-03-31,SI,Commodities,0.0,-0.34585094684193146,0.009751674145190733,0.5166976867929939,Shallow GBDT depth=1,2005
2005-02-28,2005-03-31,ZB,Government bonds,0.0,-0.38203348713863006,0.15653151632440868,0.5452039155710239,Shallow GBDT depth=1,2005
2005-02-28,2005-03-31,ZC,Commodities,0.0,-0.7864373676195745,-2.7650470166740058,0.5144287593896096,Shallow GBDT depth=1,2005
2005-02-28,2005-03-31,ZF,Government bonds,0.0,-0.4865236670437736,-0.7248966960558024,0.5166976867929939,Shallow GBDT depth=1,2005
2005-02-28,2005-03-31,ZN,Government bonds,0.0,-0.40951720583696594,-0.3273713571153539,0.5166976867929939,Shallow GBDT depth=1,2005
2005-02-28,2005-03-31,ZS,Commodities,1.0,0.11570487272666333,-1.170557422481567,0.5089594934204441,Shallow GBDT depth=1,2005
2005-02-28,2005-03-31,ZT,Government bonds,0.0,-0.6484837427139228,-1.380698202908079,0.5166976867929939,Shallow GBDT depth=1,2005
2005-02-28,2005-03-31,ZW,Commodities,0.0,-0.600621178242023,-0.869963828917196,0.5045930239137311,Shallow GBDT depth=1,2005
2005-03-31,2005-04-29,6A,G10 FX,1.0,0.4214029646786546,0.5167052592849062,0.6013872401550182,Shallow GBDT depth=1,2005
2005-03-31,2005-04-29,6B,G10 FX,1.0,0.4491431475402194,0.7696763300316994,0.5812230943666223,Shallow GBDT depth=1,2005
2005-03-31,2005-04-29,6C,G10 FX,0.0,-1.578210193997207,1.1340076077777823,0.6013872401550182,Shallow GBDT depth=1,2005
2005-03-31,2005-04-29,6E,G10 FX,0.0,-0.30800121559116994,0.9037977680325834,0.6013872401550182,Shallow GBDT depth=1,2005
2005-03-31,2005-04-29,6J,G10 FX,1.0,0.7327400122902098,-0.24905224164474818,0.5917298896890058,Shallow GBDT depth=1,2005
2005-03-31,2005-04-29,6S,G10 FX,0.0,-0.03836397983925207,0.6146473509246595,0.6013872401550182,Shallow GBDT depth=1,2005
2005-03-31,2005-04-29,CL,Commodities,0.0,-1.5236441731816361,1.189964519660615,0.5129555111610649,Shallow GBDT depth=1,2005
2005-03-31,2005-04-29,ES,Equity indices,0.0,-0.760648901452781,0.4176333554629211,0.5757255782440952,Shallow GBDT depth=1,2005
2005-03-31,2005-04-29,GC,Commodities,1.0,0.32201977746827437,0.23053857445505713,0.4943667064616082,Shallow GBDT depth=1,2005
2005-03-31,2005-04-29,HG,Commodities,0.0,-0.2745998508831777,0.6327456529338782,0.5129555111610649,Shallow GBDT depth=1,2005
2005-03-31,2005-04-29,NG,Commodities,0.0,-1.2630640869330083,-0.41725671596462305,0.4843397514683012,Shallow GBDT depth=1,2005
2005-03-31,2005-04-29,NKD,Equity indices,0.0,-1.4998673041595827,-0.27671295978739296,0.5840668915682756,Shallow GBDT depth=1,2005
2005-03-31,2005-04-29,NQ,Equity indices,0.0,-1.1085734757631118,-0.0635149429803668,0.5862721214130358,Shallow GBDT depth=1,2005
2005-03-31,2005-04-29,RTY,Equity indices,0.0,-1.4535687717721575,0.3525171811885768,0.595970423112573,Shallow GBDT depth=1,2005
2005-03-31,2005-04-29,SI,Commodities,0.0,-0.4848850315232715,-0.22465618339442625,0.4843397514683012,Shallow GBDT depth=1,2005
2005-03-31,2005-04-29,ZB,Government bonds,1.0,1.359733529726392,0.7991874296733984,0.5855701410513015,Shallow GBDT depth=1,2005
2005-03-31,2005-04-29,ZC,Commodities,0.0,-0.6232959451141692,-3.1768897837266294,0.4843397514683012,Shallow GBDT depth=1,2005
2005-03-31,2005-04-29,ZF,Government bonds,1.0,1.3730278595476952,-0.1047834913270807,0.536866669780521,Shallow GBDT depth=1,2005
2005-03-31,2005-04-29,ZN,Government bonds,1.0,1.4453413639673212,0.3900231923801049,0.546827898157867,Shallow GBDT depth=1,2005
2005-03-31,2005-04-29,ZS,Commodities,0.0,-0.16785899032708673,-1.2242446935708402,0.46353640180794764,Shallow GBDT depth=1,2005
2005-03-31,2005-04-29,ZT,Government bonds,1.0,1.1270354992233191,-0.9885105601181021,0.5575407179002708,Shallow GBDT depth=1,2005
2005-03-31,2005-04-29,ZW,Commodities,0.0,-0.5844472043560477,-1.3216037738181794,0.46353640180794764,Shallow GBDT depth=1,2005
2005-04-29,2005-05-31,6A,G10 FX,0.0,-1.0698059911716558,1.4324287806641587,0.5539916698218939,Shallow GBDT depth=1,2005
2005-04-29,2005-05-31,6B,G10 FX,0.0,-2.011540210149538,1.229915975533873,0.5539916698218939,Shallow GBDT depth=1,2005
2005-04-29,2005-05-31,6C,G10 FX,1.0,0.15201869766827789,1.2083777816412542,0.5539916698218939,Shallow GBDT depth=1,2005
2005-04-29,2005-05-31,6E,G10 FX,0.0,-1.8480721343942226,0.9021888403157444,0.5539916698218939,Shallow GBDT depth=1,2005
2005-04-29,2005-05-31,6J,G10 FX,0.0,-1.424724615850919,0.622936758435662,0.5539916698218939,Shallow GBDT depth=1,2005
2005-04-29,2005-05-31,6S,G10 FX,0.0,-1.5110850685722406,0.5984696952753121,0.5539916698218939,Shallow GBDT depth=1,2005
2005-04-29,2005-05-31,CL,Commodities,1.0,0.08644571862290651,0.4433817047995323,0.4437256187952477,Shallow GBDT depth=1,2005
2005-04-29,2005-05-31,ES,Equity indices,1.0,0.8561308648711851,0.38444574411827565,0.5233192807451601,Shallow GBDT depth=1,2005
2005-04-29,2005-05-31,GC,Commodities,0.0,-1.3416755514399008,0.927192765489825,0.4644095506219593,Shallow GBDT depth=1,2005
2005-04-29,2005-05-31,HG,Commodities,0.0,-0.07524192074630989,0.8355141408266563,0.4459691130794,Shallow GBDT depth=1,2005
2005-04-29,2005-05-31,NG,Commodities,0.0,-0.31946266942238855,-1.0316120661336592,0.43607719210289203,Shallow GBDT depth=1,2005
2005-04-29,2005-05-31,NKD,Equity indices,1.0,0.5285643363116741,-0.06333649774319604,0.5362001620663414,Shallow GBDT depth=1,2005
2005-04-29,2005-05-31,NQ,Equity indices,1.0,1.8826969694413247,-0.09550831650334003,0.5176643150382756,Shallow GBDT depth=1,2005
2005-04-29,2005-05-31,RTY,Equity indices,1.0,1.244531919203752,0.280305986474083,0.5233192807451601,Shallow GBDT depth=1,2005
2005-04-29,2005-05-31,SI,Commodities,1.0,0.9227620246724741,0.6092366541154369,0.4459691130794,Shallow GBDT depth=1,2005
2005-04-29,2005-05-31,ZB,Government bonds,1.0,1.1021542667415543,1.7573040972736753,0.5539916698218939,Shallow GBDT depth=1,2005
2005-04-29,2005-05-31,ZC,Commodities,1.0,0.6788559398196078,-2.9798789707506255,0.4156757835053999,Shallow GBDT depth=1,2005
2005-04-29,2005-05-31,ZF,Government bonds,1.0,0.6601205843013408,0.984560607141566,0.5332906055715257,Shallow GBDT depth=1,2005
2005-04-29,2005-05-31,ZN,Government bonds,1.0,1.1197696985075563,1.413062836287853,0.5539916698218939,Shallow GBDT depth=1,2005
2005-04-29,2005-05-31,ZS,Commodities,1.0,1.158697710774887,-1.4773185444558359,0.4544441080730786,Shallow GBDT depth=1,2005
2005-04-29,2005-05-31,ZT,Government bonds,1.0,0.585766967860195,0.10264515604214994,0.5332906055715257,Shallow GBDT depth=1,2005
2005-04-29,2005-05-31,ZW,Commodities,1.0,0.23775238891137562,-1.1906368671662013,0.43607719210289203,Shallow GBDT depth=1,2005
2005-05-31,2005-06-30,6A,G10 FX,1.0,0.269794301322796,1.0876750700049949,0.5669739542384565,Shallow GBDT depth=1,2005
2005-05-31,2005-06-30,6B,G10 FX,0.0,-0.5791151519233639,0.153773837490157,0.5669739542384565,Shallow GBDT depth=1,2005
2005-05-31,2005-06-30,6C,G10 FX,1.0,0.9309901885844503,1.0090051868624248,0.5463820635968402,Shallow GBDT depth=1,2005
2005-05-31,2005-06-30,6E,G10 FX,0.0,-0.6273052138091877,0.1630644987459482,0.5420489448344701,Shallow GBDT depth=1,2005
2005-05-31,2005-06-30,6J,G10 FX,0.0,-0.9833324145038697,-0.17031817026501098,0.5570968863479296,Shallow GBDT depth=1,2005
2005-05-31,2005-06-30,6S,G10 FX,0.0,-0.9331784971013186,-0.18040291122738739,0.5570968863479296,Shallow GBDT depth=1,2005
2005-05-31,2005-06-30,CL,Commodities,1.0,0.8519668554531071,0.6368787417453794,0.5340185442268476,Shallow GBDT depth=1,2005
2005-05-31,2005-06-30,ES,Equity indices,0.0,-0.05402194475917393,0.3781737102298809,0.5614305275775059,Shallow GBDT depth=1,2005
2005-05-31,2005-06-30,GC,Commodities,1.0,1.3312656227797328,0.4201997433222011,0.5340185442268476,Shallow GBDT depth=1,2005
2005-05-31,2005-06-30,HG,Commodities,1.0,0.9185155023219793,0.8803661712347727,0.5340185442268476,Shallow GBDT depth=1,2005
2005-05-31,2005-06-30,NG,Commodities,1.0,0.7446000508032198,-1.1688021565437159,0.5054471821084595,Shallow GBDT depth=1,2005
2005-05-31,2005-06-30,NKD,Equity indices,1.0,0.6820826360426498,-0.21228313244911517,0.5698429008853947,Shallow GBDT depth=1,2005
2005-05-31,2005-06-30,NQ,Equity indices,0.0,-0.9284929031866009,0.1778535493424127,0.5743076502131615,Shallow GBDT depth=1,2005
2005-05-31,2005-06-30,RTY,Equity indices,1.0,0.8361822673863143,0.4652335379964783,0.5614305275775059,Shallow GBDT depth=1,2005
2005-05-31,2005-06-30,SI,Commodities,0.0,-0.8127560920715093,0.8280793209582249,0.5154742946798617,Shallow GBDT depth=1,2005
2005-05-31,2005-06-30,ZB,Government bonds,1.0,0.5695759427484973,2.0670246071814726,0.5851335044517257,Shallow GBDT depth=1,2005
2005-05-31,2005-06-30,ZC,Commodities,0.0,-0.6804772229132411,-2.3147694136796857,0.48458920502549613,Shallow GBDT depth=1,2005
2005-05-31,2005-06-30,ZF,Government bonds,1.0,0.1258600857126357,1.1036036161329141,0.5851335044517257,Shallow GBDT depth=1,2005
2005-05-31,2005-06-30,ZN,Government bonds,1.0,0.14050357719665033,1.653595476992056,0.5851335044517257,Shallow GBDT depth=1,2005
2005-05-31,2005-06-30,ZS,Commodities,0.0,-0.6497235944479718,-0.3865347297406648,0.5054471821084595,Shallow GBDT depth=1,2005
2005-05-31,2005-06-30,ZT,Government bonds,0.0,-0.03935281168598815,0.36973738991221927,0.5669739542384565,Shallow GBDT depth=1,2005
2005-05-31,2005-06-30,ZW,Commodities,0.0,-0.39668073629793293,-0.83789169469738,0.48458920502549613,Shallow GBDT depth=1,2005
2005-06-30,2005-07-29,6A,G10 FX,0.0,-0.0609364302424418,0.7577589256230968,0.5655064713289132,Shallow GBDT depth=1,2005
2005-06-30,2005-07-29,6B,G10 FX,0.0,-0.7746528006997646,-0.15311766026702173,0.534933249063191,Shallow GBDT depth=1,2005
2005-06-30,2005-07-29,6C,G10 FX,1.0,0.10341001563050992,0.9353595389918388,0.5655064713289132,Shallow GBDT depth=1,2005
2005-06-30,2005-07-29,6E,G10 FX,1.0,0.04137232842902958,-0.21753617370188183,0.534933249063191,Shallow GBDT depth=1,2005
2005-06-30,2005-07-29,6J,G10 FX,0.0,-0.6799091656791336,-0.5113424768829529,0.5556221657365384,Shallow GBDT depth=1,2005
2005-06-30,2005-07-29,6S,G10 FX,0.0,-0.2505813770072639,-0.5406210004369757,0.5556221657365384,Shallow GBDT depth=1,2005
2005-06-30,2005-07-29,CL,Commodities,1.0,0.5553252109466381,0.7665459565454111,0.5280764414643407,Shallow GBDT depth=1,2005
2005-06-30,2005-07-29,ES,Equity indices,1.0,1.1948247602668574,0.5748603308120834,0.6172383165233546,Shallow GBDT depth=1,2005
2005-06-30,2005-07-29,GC,Commodities,0.0,-0.5390039462515109,0.4840796698306846,0.5671528312091467,Shallow GBDT depth=1,2005
2005-06-30,2005-07-29,HG,Commodities,1.0,1.3777068162441817,0.8368166934799159,0.5465626439391391,Shallow GBDT depth=1,2005
2005-06-30,2005-07-29,NG,Commodities,1.0,1.2009375655203602,-0.8251082963362499,0.5388587217204044,Shallow GBDT depth=1,2005
2005-06-30,2005-07-29,NKD,Equity indices,1.0,0.8243427380358688,-0.10390119403517732,0.5898505283120962,Shallow GBDT depth=1,2005
2005-06-30,2005-07-29,NQ,Equity indices,1.0,1.9900988599787066,0.1853200181488183,0.6172383165233546,Shallow GBDT depth=1,2005
2005-06-30,2005-07-29,RTY,Equity indices,1.0,1.462728971860691,0.8121090002208927,0.5973391358468928,Shallow GBDT depth=1,2005
2005-06-30,2005-07-29,SI,Commodities,1.0,0.4014771804484224,0.27951503783590853,0.5488131122499716,Shallow GBDT depth=1,2005
2005-06-30,2005-07-29,ZB,Government bonds,0.0,-1.396248472936234,1.6342340751844595,0.5973391358468928,Shallow GBDT depth=1,2005
2005-06-30,2005-07-29,ZC,Commodities,1.0,0.8706731824091175,-1.283165511454972,0.5137034347046262,Shallow GBDT depth=1,2005
2005-06-30,2005-07-29,ZF,Government bonds,0.0,-1.6584379115285794,0.5408099449442005,0.5973391358468928,Shallow GBDT depth=1,2005
2005-06-30,2005-07-29,ZN,Government bonds,0.0,-1.6199576804605902,1.0676343712231748,0.5973391358468928,Shallow GBDT depth=1,2005
2005-06-30,2005-07-29,ZS,Commodities,1.0,0.2839540530740564,-0.49182284693937517,0.5137034347046262,Shallow GBDT depth=1,2005
2005-06-30,2005-07-29,ZT,Government bonds,0.0,-1.5097356520354082,-0.20376035906510598,0.6077144930221732,Shallow GBDT depth=1,2005
2005-06-30,2005-07-29,ZW,Commodities,0.0,-0.1495998535852035,-0.7427950353480542,0.5180662983257144,Shallow GBDT depth=1,2005
2005-07-29,2005-08-31,6A,G10 FX,0.0,-0.10484345503201795,0.85533495740386,0.5940971918517801,Shallow GBDT depth=1,2005
2005-07-29,2005-08-31,6B,G10 FX,1.0,1.0698655966963113,-0.1916279023054969,0.5639846347406478,Shallow GBDT depth=1,2005
2005-07-29,2005-08-31,6C,G10 FX,1.0,1.3534027405000935,0.9798598454333302,0.5919046379169173,Shallow GBDT depth=1,2005
2005-07-29,2005-08-31,6E,G10 FX,1.0,0.5695016238439345,-0.11244003339271899,0.5843852826282901,Shallow GBDT depth=1,2005
2005-07-29,2005-08-31,6J,G10 FX,1.0,0.47638718459757995,-0.42462666132279003,0.5639846347406478,Shallow GBDT depth=1,2005
2005-07-29,2005-08-31,6S,G10 FX,1.0,0.8313690396182268,-0.3857520408837344,0.5843852826282901,Shallow GBDT depth=1,2005
2005-07-29,2005-08-31,CL,Commodities,1.0,1.5782463317332265,0.6239370906043223,0.6172383165233546,Shallow GBDT depth=1,2005
2005-07-29,2005-08-31,ES,Equity indices,0.0,-0.46321542301016116,1.3021139688984877,0.6172383165233546,Shallow GBDT depth=1,2005
2005-07-29,2005-08-31,GC,Commodities,1.0,0.1753352330528547,0.49294532731162216,0.5995222470154171,Shallow GBDT depth=1,2005
2005-07-29,2005-08-31,HG,Commodities,1.0,0.39994997680809047,1.302339318997101,0.6172383165233546,Shallow GBDT depth=1,2005
2005-07-29,2005-08-31,NG,Commodities,1.0,4.8181029428128594,-0.3417802408665463,0.6077144930221732,Shallow GBDT depth=1,2005
2005-07-29,2005-08-31,NKD,Equity indices,1.0,1.5574403744120917,0.6549208448484974,0.5995222470154171,Shallow GBDT depth=1,2005
2005-07-29,2005-08-31,NQ,Equity indices,0.0,-0.5151404300567242,1.3573005992162004,0.6120537685201126,Shallow GBDT depth=1,2005
2005-07-29,2005-08-31,RTY,Equity indices,0.0,-0.544320920741825,1.5849372498842071,0.5973391358468928,Shallow GBDT depth=1,2005
2005-07-29,2005-08-31,SI,Commodities,0.0,-1.1132763252749054,0.3360742663182869,0.6172383165233546,Shallow GBDT depth=1,2005
2005-07-29,2005-08-31,ZB,Government bonds,1.0,1.1680477001765701,0.8498471712675852,0.5632730084445131,Shallow GBDT depth=1,2005
2005-07-29,2005-08-31,ZC,Commodities,0.0,-1.7303688954184744,-0.4923785527295542,0.583411484151855,Shallow GBDT depth=1,2005
2005-07-29,2005-08-31,ZF,Government bonds,1.0,1.3641711199665745,-0.23085021275475862,0.5556221657365384,Shallow GBDT depth=1,2005
2005-07-29,2005-08-31,ZN,Government bonds,1.0,1.2342730357392693,0.24884719250200635,0.5449008109934487,Shallow GBDT depth=1,2005
2005-07-29,2005-08-31,ZS,Commodities,0.0,-1.481164350882574,0.43115835174204387,0.579329751384581,Shallow GBDT depth=1,2005
2005-07-29,2005-08-31,ZT,Government bonds,1.0,1.1848162589886422,-0.9359775232083238,0.5556221657365384,Shallow GBDT depth=1,2005
2005-07-29,2005-08-31,ZW,Commodities,0.0,-1.0371972784105878,-0.38210810065559714,0.5898505283120962,Shallow GBDT depth=1,2005
2005-08-31,2005-09-30,6A,G10 FX,1.0,0.48065045721465954,1.0439423808505182,0.56807409054597,Shallow GBDT depth=1,2005
2005-08-31,2005-09-30,6B,G10 FX,0.0,-0.9402329015905911,0.3182910980278274,0.56807409054597,Shallow GBDT depth=1,2005
2005-08-31,2005-09-30,6C,G10 FX,1.0,0.9036335895943589,1.1040905059139363,0.5658436932869794,Shallow GBDT depth=1,2005
2005-08-31,2005-09-30,6E,G10 FX,0.0,-1.0626179391637671,0.010890581418139486,0.5582025627894824,Shallow GBDT depth=1,2005
2005-08-31,2005-09-30,6J,G10 FX,0.0,-1.1662497421132447,-0.36461703949482177,0.5582025627894824,Shallow GBDT depth=1,2005
2005-08-31,2005-09-30,6S,G10 FX,0.0,-1.2311583696164743,-0.16991981699054604,0.5582025627894824,Shallow GBDT depth=1,2005
2005-08-31,2005-09-30,CL,Commodities,0.0,-0.5306645837874345,1.0136593067341795,0.5658436932869794,Shallow GBDT depth=1,2005
2005-08-31,2005-09-30,ES,Equity indices,1.0,0.2044499904862535,0.7104214544257932,0.5658436932869794,Shallow GBDT depth=1,2005
2005-08-31,2005-09-30,GC,Commodities,1.0,2.4841279533113707,0.34806898020848215,0.547492761871611,Shallow GBDT depth=1,2005
2005-08-31,2005-09-30,HG,Commodities,1.0,1.0669314158778822,1.2847449520549363,0.5658436932869794,Shallow GBDT depth=1,2005
2005-08-31,2005-09-30,NG,Commodities,1.0,1.6854276906523376,0.8833722921298688,0.5561508462702714,Shallow GBDT depth=1,2005
2005-08-31,2005-09-30,NKD,Equity indices,1.0,2.8003642512033413,0.8732036073647279,0.56807409054597,Shallow GBDT depth=1,2005
2005-08-31,2005-09-30,NQ,Equity indices,1.0,0.33549559369561954,0.6750961427309929,0.56807409054597,Shallow GBDT depth=1,2005
2005-08-31,2005-09-30,RTY,Equity indices,1.0,0.05957176201025737,0.8851338596656267,0.547492761871611,Shallow GBDT depth=1,2005
2005-08-31,2005-09-30,SI,Commodities,1.0,1.6296142838548557,0.2692257993093854,0.56807409054597,Shallow GBDT depth=1,2005
2005-08-31,2005-09-30,ZB,Government bonds,0.0,-1.4539180900425617,1.0058567249356705,0.5625338808306406,Shallow GBDT depth=1,2005
2005-08-31,2005-09-30,ZC,Commodities,0.0,-0.5892983089051188,-0.9047065877655751,0.5582025627894824,Shallow GBDT depth=1,2005
2005-08-31,2005-09-30,ZF,Government bonds,0.0,-1.4925849875622403,-0.11549112906686276,0.5319246212039584,Shallow GBDT depth=1,2005
2005-08-31,2005-09-30,ZN,Government bonds,0.0,-1.3550320823476854,0.3458117129546734,0.541901445030167,Shallow GBDT depth=1,2005
2005-08-31,2005-09-30,ZS,Commodities,0.0,-0.4463399442224114,-0.05431795558194287,0.5582025627894824,Shallow GBDT depth=1,2005
2005-08-31,2005-09-30,ZT,Government bonds,0.0,-1.5241817135325553,-0.7484787334138719,0.5275728097341958,Shallow GBDT depth=1,2005
2005-08-31,2005-09-30,ZW,Commodities,1.0,1.232175807717821,-0.9681185727305274,0.5582025627894824,Shallow GBDT depth=1,2005
2005-09-30,2005-10-31,6A,G10 FX,0.0,-0.6579102649308745,0.7979572701475289,0.5655064713289132,Shallow GBDT depth=1,2005
2005-09-30,2005-10-31,6B,G10 FX,1.0,0.20739418391962636,0.029269554823511526,0.5581704622339436,Shallow GBDT depth=1,2005
2005-09-30,2005-10-31,6C,G10 FX,0.0,-0.8491794500897616,1.0026893739327785,0.5655064713289132,Shallow GBDT depth=1,2005
2005-09-30,2005-10-31,6E,G10 FX,0.0,-0.11749102441439951,-0.3853318208384166,0.5556221657365384,Shallow GBDT depth=1,2005
2005-09-30,2005-10-31,6J,G10 FX,0.0,-1.1003537388758498,-0.7745125514212466,0.5556221657365384,Shallow GBDT depth=1,2005
2005-09-30,2005-10-31,6S,G10 FX,1.0,0.1092949412350775,-0.5679131736882386,0.5556221657365384,Shallow GBDT depth=1,2005
2005-09-30,2005-10-31,CL,Commodities,0.0,-0.9519941415312002,0.29106965740418483,0.579329751384581,Shallow GBDT depth=1,2005
2005-09-30,2005-10-31,ES,Equity indices,0.0,-0.7737971415264222,0.9482083009730213,0.6172383165233546,Shallow GBDT depth=1,2005
2005-09-30,2005-10-31,GC,Commodities,0.0,-0.36414932211853557,0.8215000116800828,0.5920631897547527,Shallow GBDT depth=1,2005
2005-09-30,2005-10-31,HG,Commodities,1.0,0.8037179334315149,1.5435141801154126,0.5973391358468928,Shallow GBDT depth=1,2005
2005-09-30,2005-10-31,NG,Commodities,0.0,-1.155949159521698,0.8182801947555504,0.5931303056345125,Shallow GBDT depth=1,2005
2005-09-30,2005-10-31,NKD,Equity indices,1.0,0.04444051297661138,1.6837893272793885,0.5920631897547527,Shallow GBDT depth=1,2005
2005-09-30,2005-10-31,NQ,Equity indices,0.0,-0.5520684639383227,0.7823541508344665,0.5973391358468928,Shallow GBDT depth=1,2005
2005-09-30,2005-10-31,RTY,Equity indices,0.0,-0.8358518091002636,0.9999295291929101,0.5995222470154171,Shallow GBDT depth=1,2005
2005-09-30,2005-10-31,SI,Commodities,1.0,0.1720055692918122,0.25411026972790324,0.6172383165233546,Shallow GBDT depth=1,2005
2005-09-30,2005-10-31,ZB,Government bonds,0.0,-1.025557558797887,0.45926165288212345,0.49242360595498585,Shallow GBDT depth=1,2005
2005-09-30,2005-10-31,ZC,Commodities,0.0,-0.5561438442430456,-0.9415741379117165,0.5898505283120962,Shallow GBDT depth=1,2005
2005-09-30,2005-10-31,ZF,Government bonds,0.0,-1.0210449066660436,-0.7273691375248513,0.48239846196389485,Shallow GBDT depth=1,2005
2005-09-30,2005-10-31,ZN,Government bonds,0.0,-0.9829705153765239,-0.16602928745316792,0.48239846196389485,Shallow GBDT depth=1,2005
2005-09-30,2005-10-31,ZS,Commodities,0.0,-0.19072237655892502,0.14258301487339528,0.5995222470154171,Shallow GBDT depth=1,2005
2005-09-30,2005-10-31,ZT,Government bonds,0.0,-0.886761324557661,-1.30920015603461,0.48239846196389485,Shallow GBDT depth=1,2005
2005-09-30,2005-10-31,ZW,Commodities,0.0,-1.2978412993908304,-0.32341970675401566,0.5695205314529517,Shallow GBDT depth=1,2005
2005-10-31,2005-11-30,6A,G10 FX,0.0,-0.40609821161646537,0.11277866643264894,0.4601385287101365,Shallow GBDT depth=1,2005
2005-10-31,2005-11-30,6B,G10 FX,0.0,-0.8878985342784094,-0.26329308165614695,0.4296290831622318,Shallow GBDT depth=1,2005
2005-10-31,2005-11-30,6C,G10 FX,1.0,0.604401398877693,0.08947469495913368,0.43216149397892595,Shallow GBDT depth=1,2005
2005-10-31,2005-11-30,6E,G10 FX,0.0,-0.6708723158637442,-0.8834269037526108,0.4296290831622318,Shallow GBDT depth=1,2005
2005-10-31,2005-11-30,6J,G10 FX,0.0,-1.3463065755280672,-1.4058574814449052,0.45610185783663154,Shallow GBDT depth=1,2005
2005-10-31,2005-11-30,6S,G10 FX,0.0,-0.7733626107207234,-1.1200581859021348,0.4501877000660797,Shallow GBDT depth=1,2005
2005-10-31,2005-11-30,CL,Commodities,0.0,-0.5662661467209628,0.2967553972661046,0.5126501259329385,Shallow GBDT depth=1,2005
2005-10-31,2005-11-30,ES,Equity indices,1.0,1.0430120438023878,0.131385443837963,0.5431613818860467,Shallow GBDT depth=1,2005
2005-10-31,2005-11-30,GC,Commodities,1.0,1.6739012788531238,0.2821685704942209,0.508284768350735,Shallow GBDT depth=1,2005
2005-10-31,2005-11-30,HG,Commodities,1.0,2.305425611873229,1.512419313782106,0.5126501259329385,Shallow GBDT depth=1,2005
2005-10-31,2005-11-30,NG,Commodities,0.0,-0.026185814902318468,0.48772547307128555,0.508284768350735,Shallow GBDT depth=1,2005
2005-10-31,2005-11-30,NKD,Equity indices,1.0,2.11457900292828,1.4530234730893132,0.5615472970676801,Shallow GBDT depth=1,2005
2005-10-31,2005-11-30,NQ,Equity indices,1.0,1.4971001292176953,0.01709168965608367,0.5357578146996423,Shallow GBDT depth=1,2005
2005-10-31,2005-11-30,RTY,Equity indices,1.0,0.8784036234567847,0.21847663589363212,0.5431613818860467,Shallow GBDT depth=1,2005
2005-10-31,2005-11-30,SI,Commodities,1.0,1.6782356816957293,-0.11206731425078757,0.5026209616918657,Shallow GBDT depth=1,2005
2005-10-31,2005-11-30,ZB,Government bonds,1.0,0.13713499002498222,0.3206584397952725,0.4601385287101365,Shallow GBDT depth=1,2005
2005-10-31,2005-11-30,ZC,Commodities,0.0,-0.6062647317527895,-1.1100859649891162,0.5234668075928911,Shallow GBDT depth=1,2005
2005-10-31,2005-11-30,ZF,Government bonds,1.0,0.2690192991942214,-0.8076382673800113,0.4501877000660797,Shallow GBDT depth=1,2005
2005-10-31,2005-11-30,ZN,Government bonds,1.0,0.20202014887546085,-0.2591919718555013,0.4501877000660797,Shallow GBDT depth=1,2005
2005-10-31,2005-11-30,ZS,Commodities,0.0,-0.37720191453443663,0.06805550840478099,0.5260422062552375,Shallow GBDT depth=1,2005
2005-10-31,2005-11-30,ZT,Government bonds,1.0,0.04475952212839076,-1.3053810392907244,0.4501877000660797,Shallow GBDT depth=1,2005
2005-10-31,2005-11-30,ZW,Commodities,0.0,-0.5865787596659878,-0.6129771426772754,0.5234668075928911,Shallow GBDT depth=1,2005
2005-11-30,2005-12-30,6A,G10 FX,0.0,-0.23743753124444403,-0.026482256634715543,0.44907849755244433,Shallow GBDT depth=1,2005
2005-11-30,2005-12-30,6B,G10 FX,0.0,-0.22583301356186086,-1.1135384557150962,0.4285310541763416,Shallow GBDT depth=1,2005
2005-11-30,2005-12-30,6C,G10 FX,1.0,0.07353829746159735,0.6450252136501713,0.4590252777743945,Shallow GBDT depth=1,2005
2005-11-30,2005-12-30,6E,G10 FX,1.0,0.06245947919724141,-1.491122231241606,0.4285310541763416,Shallow GBDT depth=1,2005
2005-11-30,2005-12-30,6J,G10 FX,1.0,0.49255434061512643,-2.2128037157818876,0.45499014224765905,Shallow GBDT depth=1,2005
2005-11-30,2005-12-30,6S,G10 FX,0.0,-0.12346038042270796,-1.6684772817282092,0.44907849755244433,Shallow GBDT depth=1,2005
2005-11-30,2005-12-30,CL,Commodities,1.0,0.5711376462776642,0.5050269914693739,0.5669739542384565,Shallow GBDT depth=1,2005
2005-11-30,2005-12-30,ES,Equity indices,0.0,-0.12495253670478569,0.2625144686671926,0.5669739542384565,Shallow GBDT depth=1,2005
2005-11-30,2005-12-30,GC,Commodities,1.0,1.1924590764890328,0.6918748191491908,0.5593542442529712,Shallow GBDT depth=1,2005
2005-11-30,2005-12-30,HG,Commodities,1.0,1.0806521860722236,2.178323330726801,0.5409515431879507,Shallow GBDT depth=1,2005
2005-11-30,2005-12-30,NG,Commodities,0.0,-0.8748628330022076,0.6406294174382989,0.5463820635968402,Shallow GBDT depth=1,2005
2005-11-30,2005-12-30,NKD,Equity indices,1.0,2.390000858536379,2.200697993487762,0.579810129840368,Shallow GBDT depth=1,2005
2005-11-30,2005-12-30,NQ,Equity indices,0.0,-0.5945892356828527,0.05461372243071005,0.5778815199474656,Shallow GBDT depth=1,2005
2005-11-30,2005-12-30,RTY,Equity indices,0.0,-0.11513506541767937,0.28013731426511995,0.5851335044517257,Shallow GBDT depth=1,2005
2005-11-30,2005-12-30,SI,Commodities,1.0,1.2521844905751984,0.8854336417827913,0.5593542442529712,Shallow GBDT depth=1,2005
2005-11-30,2005-12-30,ZB,Government bonds,1.0,0.9186271089298418,0.07302190263684857,0.4310618841956984,Shallow GBDT depth=1,2005
2005-11-30,2005-12-30,ZC,Commodities,1.0,1.134438987438842,-1.4093521946541272,0.562977414302586,Shallow GBDT depth=1,2005
2005-11-30,2005-12-30,ZF,Government bonds,1.0,0.4608856613288781,-0.8596833343555685,0.4285310541763416,Shallow GBDT depth=1,2005
2005-11-30,2005-12-30,ZN,Government bonds,1.0,0.6242204487782791,-0.42153208555170446,0.4285310541763416,Shallow GBDT depth=1,2005
2005-11-30,2005-12-30,ZS,Commodities,1.0,1.0039450901094849,-0.219802740684136,0.5570968863479296,Shallow GBDT depth=1,2005
2005-11-30,2005-12-30,ZT,Government bonds,1.0,0.13349490722195126,-1.2718002325740394,0.4285310541763416,Shallow GBDT depth=1,2005
2005-11-30,2005-12-30,ZW,Commodities,1.0,0.9830687264019613,-0.6212645202625143,0.5570968863479296,Shallow GBDT depth=1,2005
2005-12-30,2006-01-31,6A,G10 FX,1.0,1.2946890960105182,-0.2538348395626304,0.48239846196389485,Shallow GBDT depth=1,2005
2005-12-30,2006-01-31,6B,G10 FX,1.0,1.4336826431951866,-0.990592644140143,0.48239846196389485,Shallow GBDT depth=1,2005
2005-12-30,2006-01-31,6C,G10 FX,1.0,1.034917714235595,0.377284898913059,0.49242360595498585,Shallow GBDT depth=1,2005
2005-12-30,2006-01-31,6E,G10 FX,1.0,0.9905486003044637,-1.5112957451746998,0.48239846196389485,Shallow GBDT depth=1,2005
2005-12-30,2006-01-31,6J,G10 FX,1.0,0.05505171877540296,-2.1136442895128176,0.46160385321837966,Shallow GBDT depth=1,2005
2005-12-30,2006-01-31,6S,G10 FX,1.0,0.9539664855140979,-1.627283294027904,0.48239846196389485,Shallow GBDT depth=1,2005
2005-12-30,2006-01-31,CL,Commodities,1.0,1.305677934216643,0.41391471692114523,0.5995222470154171,Shallow GBDT depth=1,2005
2005-12-30,2006-01-31,ES,Equity indices,1.0,0.867860878399274,0.3790625645511133,0.6172383165233546,Shallow GBDT depth=1,2005
2005-12-30,2006-01-31,GC,Commodities,1.0,2.5871929868685157,1.0741494620882908,0.5973391358468928,Shallow GBDT depth=1,2005
2005-12-30,2006-01-31,HG,Commodities,1.0,1.6257498550334164,2.2106807554725307,0.6172383165233546,Shallow GBDT depth=1,2005
2005-12-30,2006-01-31,NG,Commodities,0.0,-0.9381378289555171,0.4742198851077227,0.5750665896879203,Shallow GBDT depth=1,2005
2005-12-30,2006-01-31,NKD,Equity indices,1.0,0.5942599373805602,1.8538887739166365,0.5931303056345125,Shallow GBDT depth=1,2005
2005-12-30,2006-01-31,NQ,Equity indices,1.0,1.0930765632164448,0.21383975180771322,0.5995222470154171,Shallow GBDT depth=1,2005
2005-12-30,2006-01-31,RTY,Equity indices,1.0,2.0817630796056927,0.5587630270538169,0.6172383165233546,Shallow GBDT depth=1,2005
2005-12-30,2006-01-31,SI,Commodities,1.0,2.08760587497004,1.1077672259190103,0.5973391358468928,Shallow GBDT depth=1,2005
2005-12-30,2006-01-31,ZB,Government bonds,0.0,-0.5882392160668968,0.32777285800885736,0.5488131122499716,Shallow GBDT depth=1,2005
2005-12-30,2006-01-31,ZC,Commodities,1.0,0.24539052053746532,-0.9917339816222158,0.5753618395092122,Shallow GBDT depth=1,2005
2005-12-30,2006-01-31,ZF,Government bonds,0.0,-0.7071265235170588,-0.49723360966976765,0.5388587217204044,Shallow GBDT depth=1,2005
2005-12-30,2006-01-31,ZN,Government bonds,0.0,-0.7041180376532797,-0.0819602295524984,0.5388587217204044,Shallow GBDT depth=1,2005
2005-12-30,2006-01-31,ZS,Commodities,0.0,-0.45950993707841914,0.14815353236758352,0.5995222470154171,Shallow GBDT depth=1,2005
2005-12-30,2006-01-31,ZT,Government bonds,0.0,-0.5148011903382651,-0.9929705167151958,0.5388587217204044,Shallow GBDT depth=1,2005
2005-12-30,2006-01-31,ZW,Commodities,1.0,0.21063438560212977,-0.4598371289558033,0.5695205314529517,Shallow GBDT depth=1,2005
2006-01-31,2006-02-28,6A,G10 FX,0.0,-0.7434944078088812,-0.20218612515806952,0.3964467554155834,Ridge logistic C=0.05,2006
2006-01-31,2006-02-28,6B,G10 FX,0.0,-0.5838622778518117,-0.4295640921269527,0.3350181328426652,Ridge logistic C=0.05,2006
2006-01-31,2006-02-28,6C,G10 FX,1.0,0.05606477049890832,1.0471374844860362,0.4422119265904603,Ridge logistic C=0.05,2006
2006-01-31,2006-02-28,6E,G10 FX,0.0,-0.7953037864044052,-0.8067725868917573,0.3535575566670824,Ridge logistic C=0.05,2006
2006-01-31,2006-02-28,6J,G10 FX,1.0,0.40646283968397223,-1.5840321518730869,0.3580953195787796,Ridge logistic C=0.05,2006
2006-01-31,2006-02-28,6S,G10 FX,0.0,-0.9836060756816211,-0.8377586201221291,0.33162002379937483,Ridge logistic C=0.05,2006
2006-01-31,2006-02-28,CL,Commodities,0.0,-1.6278744364670026,0.7832114534176124,0.49638503018002006,Ridge logistic C=0.05,2006
2006-01-31,2006-02-28,ES,Equity indices,0.0,-0.029115579457084855,0.44336078643009175,0.5182057547275785,Ridge logistic C=0.05,2006
2006-01-31,2006-02-28,GC,Commodities,0.0,-0.4882416868767383,1.6184171429800616,0.423912598975522,Ridge logistic C=0.05,2006
2006-01-31,2006-02-28,HG,Commodities,0.0,-0.3632867071145349,2.7437094897419927,0.4257128243391438,Ridge logistic C=0.05,2006
2006-01-31,2006-02-28,NG,Commodities,0.0,-1.2797139204718952,0.20086525508427702,0.4644517520105831,Ridge logistic C=0.05,2006
2006-01-31,2006-02-28,NKD,Equity indices,0.0,-0.6199168328543192,1.471568613933898,0.4651013117393455,Ridge logistic C=0.05,2006
2006-01-31,2006-02-28,NQ,Equity indices,0.0,-0.701030797045083,0.609359036406207,0.492462293838245,Ridge logistic C=0.05,2006
2006-01-31,2006-02-28,RTY,Equity indices,0.0,-0.17491338976904514,0.962592747133559,0.49810294306902453,Ridge logistic C=0.05,2006
2006-01-31,2006-02-28,SI,Commodities,0.0,-0.2976922114367121,1.170820528928229,0.4514357108218287,Ridge logistic C=0.05,2006
2006-01-31,2006-02-28,ZB,Government bonds,1.0,0.11479409419751611,-0.20711375370723495,0.4976289906452224,Ridge logistic C=0.05,2006
2006-01-31,2006-02-28,ZC,Commodities,1.0,0.7099434021449181,-0.8860771192301733,0.466130075401867,Ridge logistic C=0.05,2006
2006-01-31,2006-02-28,ZF,Government bonds,0.0,-0.5769932366155973,-0.8494761379039498,0.4492847121924278,Ridge logistic C=0.05,2006
2006-01-31,2006-02-28,ZN,Government bonds,0.0,-0.28982787651166025,-0.515940957778216,0.4784311246655688,Ridge logistic C=0.05,2006
2006-01-31,2006-02-28,ZS,Commodities,0.0,-0.3373566157406009,0.07259718408491109,0.5074686011724514,Ridge logistic C=0.05,2006
2006-01-31,2006-02-28,ZT,Government bonds,0.0,-0.6784939234335065,-1.1121780736046571,0.44225876627541477,Ridge logistic C=0.05,2006
2006-01-31,2006-02-28,ZW,Commodities,1.0,1.2968761422336388,-0.2001613695569629,0.46959773376758557,Ridge logistic C=0.05,2006
2006-02-28,2006-03-31,6A,G10 FX,0.0,-1.4818424346262518,-0.5759096818496395,0.39649008137852765,Ridge logistic C=0.05,2006
2006-02-28,2006-03-31,6B,G10 FX,0.0,-0.44405865282573,-1.05599765217096,0.3595283070177842,Ridge logistic C=0.05,2006
2006-02-28,2006-03-31,6C,G10 FX,0.0,-1.4630447267694597,0.7399477977490441,0.42313842679197033,Ridge logistic C=0.05,2006
2006-02-28,2006-03-31,6E,G10 FX,1.0,0.6343511896021962,-1.7452800785261544,0.38563006931360055,Ridge logistic C=0.05,2006
2006-02-28,2006-03-31,6J,G10 FX,0.0,-0.83110807465213,-1.736755925627168,0.35434256339814985,Ridge logistic C=0.05,2006
2006-02-28,2006-03-31,6S,G10 FX,1.0,0.1306480358335919,-1.8061217500797324,0.3642796538081545,Ridge logistic C=0.05,2006
2006-02-28,2006-03-31,CL,Commodities,1.0,0.6984452150442555,-0.0728694590738605,0.4944578815815105,Ridge logistic C=0.05,2006
2006-02-28,2006-03-31,ES,Equity indices,1.0,0.30248953469912576,0.49198045975573307,0.5200207143316126,Ridge logistic C=0.05,2006
2006-02-28,2006-03-31,GC,Commodities,1.0,0.6242461434433816,0.9855242972626473,0.4456965703817859,Ridge logistic C=0.05,2006
2006-02-28,2006-03-31,HG,Commodities,1.0,1.9733093657721978,1.8961481313994206,0.4255654488259714,Ridge logistic C=0.05,2006
2006-02-28,2006-03-31,NG,Commodities,1.0,0.17003295264258422,-0.2704152660718216,0.47680302979450323,Ridge logistic C=0.05,2006
2006-02-28,2006-03-31,NKD,Equity indices,1.0,1.1305803303664472,1.2105375913438463,0.5226653365080842,Ridge logistic C=0.05,2006
2006-02-28,2006-03-31,NQ,Equity indices,1.0,0.41131672237505484,0.5079301158243973,0.5092281280771411,Ridge logistic C=0.05,2006
2006-02-28,2006-03-31,RTY,Equity indices,1.0,1.279275631995577,1.0166475913946338,0.5265012700559805,Ridge logistic C=0.05,2006
2006-02-28,2006-03-31,SI,Commodities,1.0,2.68345582518408,0.8446587969280733,0.45153758540436845,Ridge logistic C=0.05,2006
2006-02-28,2006-03-31,ZB,Government bonds,0.0,-1.9331104344286643,0.44731851110617865,0.5484266657323261,Ridge logistic C=0.05,2006
2006-02-28,2006-03-31,ZC,Commodities,0.0,-0.21881955401172998,-1.0279117993572764,0.38560132128321306,Ridge logistic C=0.05,2006
2006-02-28,2006-03-31,ZF,Government bonds,0.0,-1.0059754553133193,-0.3267001124568569,0.5396921581556413,Ridge logistic C=0.05,2006
2006-02-28,2006-03-31,ZN,Government bonds,0.0,-1.279442703356076,0.05330727963265289,0.5564008977249199,Ridge logistic C=0.05,2006
2006-02-28,2006-03-31,ZS,Commodities,0.0,-0.5700572656778985,-0.974568930652641,0.411337927487341,Ridge logistic C=0.05,2006
2006-02-28,2006-03-31,ZT,Government bonds,0.0,-0.8752272061831029,-0.8421191737932843,0.5478809922074733,Ridge logistic C=0.05,2006
2006-02-28,2006-03-31,ZW,Commodities,0.0,-1.5584178895567324,-0.5648825150511272,0.37867320291903994,Ridge logistic C=0.05,2006
2006-03-31,2006-04-28,6A,G10 FX,1.0,2.364214895506752,-0.7660280966312603,0.4328774907549054,Ridge logistic C=0.05,2006
2006-03-31,2006-04-28,6B,G10 FX,1.0,2.1394184150842785,-1.039281574023337,0.3520771828070081,Ridge logistic C=0.05,2006
2006-03-31,2006-04-28,6C,G10 FX,1.0,2.152219472876579,0.6972654826147338,0.47402351257303255,Ridge logistic C=0.05,2006
2006-03-31,2006-04-28,6E,G10 FX,1.0,1.6525535025836933,-0.9843591506737253,0.35449659693871843,Ridge logistic C=0.05,2006
2006-03-31,2006-04-28,6J,G10 FX,1.0,1.1972143206929522,-1.4859763817575948,0.38123755534828807,Ridge logistic C=0.05,2006
2006-03-31,2006-04-28,6S,G10 FX,1.0,1.7798433830364524,-1.2589434267241346,0.35023791930893516,Ridge logistic C=0.05,2006
2006-03-31,2006-04-28,CL,Commodities,1.0,0.6224192800017994,0.3854887707747892,0.47089666416682024,Ridge logistic C=0.05,2006
2006-03-31,2006-04-28,ES,Equity indices,1.0,0.39857322690971314,0.8776006272638349,0.5259085002590721,Ridge logistic C=0.05,2006
2006-03-31,2006-04-28,GC,Commodities,1.0,2.4356265606125804,1.37820990073867,0.460272729574944,Ridge logistic C=0.05,2006
2006-03-31,2006-04-28,HG,Commodities,1.0,5.645322377303425,2.4371905685248882,0.42961441270554473,Ridge logistic C=0.05,2006
2006-03-31,2006-04-28,NG,Commodities,0.0,-0.5183052604251409,-0.2714517742813141,0.5277385926923845,Ridge logistic C=0.05,2006
2006-03-31,2006-04-28,NKD,Equity indices,0.0,-0.09068952849611378,1.6970678031259558,0.5103285069514429,Ridge logistic C=0.05,2006
2006-03-31,2006-04-28,NQ,Equity indices,0.0,-0.14044045423019214,0.8558796372463222,0.5397150869603257,Ridge logistic C=0.05,2006
2006-03-31,2006-04-28,RTY,Equity indices,0.0,-0.10867024291418458,1.601981606784846,0.49474014763051094,Ridge logistic C=0.05,2006
2006-03-31,2006-04-28,SI,Commodities,1.0,2.7762291865963284,1.5827202779092961,0.40752745493054576,Ridge logistic C=0.05,2006
2006-03-31,2006-04-28,ZB,Government bonds,0.0,-1.1116805403943337,-0.3816280892835086,0.495719851078804,Ridge logistic C=0.05,2006
2006-03-31,2006-04-28,ZC,Commodities,1.0,0.10409616639523737,-0.5709495220540345,0.4077259189482815,Ridge logistic C=0.05,2006
2006-03-31,2006-04-28,ZF,Government bonds,0.0,-0.3517514156298104,-0.9251594171744245,0.4544900718680123,Ridge logistic C=0.05,2006
2006-03-31,2006-04-28,ZN,Government bonds,0.0,-0.6530183005862468,-0.6525351201274988,0.4785444705248017,Ridge logistic C=0.05,2006
2006-03-31,2006-04-28,ZS,Commodities,1.0,0.3940498386124414,-0.9299756812720356,0.43046070675235093,Ridge logistic C=0.05,2006
2006-03-31,2006-04-28,ZT,Government bonds,0.0,-0.19253958880304853,-1.2366192679341854,0.4395027456938013,Ridge logistic C=0.05,2006
2006-03-31,2006-04-28,ZW,Commodities,0.0,-0.11345814326123087,-0.36027799254494713,0.5227400365096345,Ridge logistic C=0.05,2006
2006-04-28,2006-05-31,6A,G10 FX,0.0,-0.3518027570225272,-0.03808376558786469,0.392781369309659,Ridge logistic C=0.05,2006
2006-04-28,2006-05-31,6B,G10 FX,1.0,1.1314867216285012,-0.26046993292158444,0.3781422825255086,Ridge logistic C=0.05,2006
2006-04-28,2006-05-31,6C,G10 FX,1.0,0.804580458099155,1.4572313267622854,0.4332419691262016,Ridge logistic C=0.05,2006
2006-04-28,2006-05-31,6E,G10 FX,1.0,0.5888839166530354,-0.3755728760593235,0.38576963805999503,Ridge logistic C=0.05,2006
2006-04-28,2006-05-31,6J,G10 FX,1.0,0.20385136441496585,-1.2856750904374699,0.3538559685261384,Ridge logistic C=0.05,2006
2006-04-28,2006-05-31,6S,G10 FX,1.0,0.5669139758836329,-0.616341961228314,0.34395452834034135,Ridge logistic C=0.05,2006
2006-04-28,2006-05-31,CL,Commodities,0.0,-0.2699648993304368,0.6598255675707547,0.4884234356343071,Ridge logistic C=0.05,2006
2006-04-28,2006-05-31,ES,Equity indices,0.0,-1.390039191179711,1.0350935612219547,0.5393036985937181,Ridge logistic C=0.05,2006
2006-04-28,2006-05-31,GC,Commodities,0.0,-0.3688377012127301,1.7933435409753773,0.39450582062005296,Ridge logistic C=0.05,2006
2006-04-28,2006-05-31,HG,Commodities,1.0,1.7320191988935838,2.5947481858904133,0.3403229179498602,Ridge logistic C=0.05,2006
2006-04-28,2006-05-31,NG,Commodities,0.0,-0.20284913085654835,-0.3878017671386789,0.5169618441424003,Ridge logistic C=0.05,2006
2006-04-28,2006-05-31,NKD,Equity indices,0.0,-1.3630519649774155,1.8233268878825004,0.5572216945318075,Ridge logistic C=0.05,2006
2006-04-28,2006-05-31,NQ,Equity indices,0.0,-2.049157808968364,0.8780685328038383,0.5536955019106886,Ridge logistic C=0.05,2006
2006-04-28,2006-05-31,RTY,Equity indices,0.0,-1.5755069194951055,1.5362026261619006,0.5127038465104926,Ridge logistic C=0.05,2006
2006-04-28,2006-05-31,SI,Commodities,0.0,-0.6579056886726918,0.9845182055944405,0.40190108865704577,Ridge logistic C=0.05,2006
2006-04-28,2006-05-31,ZB,Government bonds,0.0,-0.21602919021669809,-1.051249450905889,0.44907411943604464,Ridge logistic C=0.05,2006
2006-04-28,2006-05-31,ZC,Commodities,1.0,0.1626001789411031,-0.4015860441837997,0.38437969805605454,Ridge logistic C=0.05,2006
2006-04-28,2006-05-31,ZF,Government bonds,0.0,-0.6186297352644001,-1.2961823192117405,0.40994192074062036,Ridge logistic C=0.05,2006
2006-04-28,2006-05-31,ZN,Government bonds,0.0,-0.3979242694498777,-1.1598249535206977,0.4331467821278882,Ridge logistic C=0.05,2006
2006-04-28,2006-05-31,ZS,Commodities,0.0,-0.6524527514815334,-0.9176435485050944,0.4485980435688076,Ridge logistic C=0.05,2006
2006-04-28,2006-05-31,ZT,Government bonds,0.0,-0.9111550042531436,-1.363603346818603,0.3982297011862807,Ridge logistic C=0.05,2006
2006-04-28,2006-05-31,ZW,Commodities,1.0,1.6122596804458698,-0.3091713790262045,0.43981538531131203,Ridge logistic C=0.05,2006
2006-05-31,2006-06-30,6A,G10 FX,0.0,-0.3564261795493273,0.023840684533363736,0.46265570098102443,Ridge logistic C=0.05,2006
2006-05-31,2006-06-30,6B,G10 FX,0.0,-0.4952557870455945,0.44733108361293356,0.40772636479540997,Ridge logistic C=0.05,2006
2006-05-31,2006-06-30,6C,G10 FX,0.0,-0.7269669906542551,1.6166784120594662,0.4873225380130459,Ridge logistic C=0.05,2006
2006-05-31,2006-06-30,6E,G10 FX,0.0,-0.17306752349187574,0.47558353588102953,0.4389017032810852,Ridge logistic C=0.05,2006
2006-05-31,2006-06-30,6J,G10 FX,0.0,-0.7624517768167225,-0.7406765208285263,0.39040455256564754,Ridge logistic C=0.05,2006
2006-05-31,2006-06-30,6S,G10 FX,0.0,-0.26667591272834357,0.12620115573778112,0.41827537126272896,Ridge logistic C=0.05,2006
2006-05-31,2006-06-30,CL,Commodities,1.0,0.38735571200718205,0.363549925737812,0.48801011202798,Ridge logistic C=0.05,2006
2006-05-31,2006-06-30,ES,Equity indices,0.0,-0.0759656310233543,0.2887369520099148,0.5075468091216938,Ridge logistic C=0.05,2006
2006-05-31,2006-06-30,GC,Commodities,0.0,-0.7266628947339023,1.2147561563298808,0.4665599271213199,Ridge logistic C=0.05,2006
2006-05-31,2006-06-30,HG,Commodities,0.0,-0.38227248340080966,1.5862354593688146,0.43545445392767856,Ridge logistic C=0.05,2006
2006-05-31,2006-06-30,NG,Commodities,0.0,-0.3588408722063946,-0.6157638435222146,0.5380564779993893,Ridge logistic C=0.05,2006
2006-05-31,2006-06-30,NKD,Equity indices,0.0,-0.18782613347612387,1.247076890317797,0.5779732019328687,Ridge logistic C=0.05,2006
2006-05-31,2006-06-30,NQ,Equity indices,0.0,-0.14442120849372894,-0.033352649440218186,0.5189979850054143,Ridge logistic C=0.05,2006
2006-05-31,2006-06-30,RTY,Equity indices,1.0,0.08945002500812473,0.6253765142739377,0.5124228745166564,Ridge logistic C=0.05,2006
2006-05-31,2006-06-30,SI,Commodities,0.0,-0.8520930350324964,0.7197360836599344,0.5004846313568667,Ridge logistic C=0.05,2006
2006-05-31,2006-06-30,ZB,Government bonds,1.0,0.22411307750559734,-1.4417937369840317,0.450438358838667,Ridge logistic C=0.05,2006
2006-05-31,2006-06-30,ZC,Commodities,0.0,-1.0821471839023347,-0.4827829752177155,0.36640363077876204,Ridge logistic C=0.05,2006
2006-05-31,2006-06-30,ZF,Government bonds,0.0,-0.2740693338717972,-1.637071101213664,0.431435074462833,Ridge logistic C=0.05,2006
2006-05-31,2006-06-30,ZN,Government bonds,0.0,-0.05331843388203865,-1.569954019882778,0.43438268098545013,Ridge logistic C=0.05,2006
2006-05-31,2006-06-30,ZS,Commodities,1.0,0.46303698337006527,-1.6890681478223117,0.4044592754532781,Ridge logistic C=0.05,2006
2006-05-31,2006-06-30,ZT,Government bonds,0.0,-0.7328023933555026,-1.8206812950808422,0.43542102667341737,Ridge logistic C=0.05,2006
2006-05-31,2006-06-30,ZW,Commodities,0.0,-0.6738845521691631,0.12355519660193948,0.3592427902829519,Ridge logistic C=0.05,2006
2006-06-30,2006-07-31,6A,G10 FX,1.0,1.0001195169668302,0.04178692102479291,0.46674675737213206,Ridge logistic C=0.05,2006
2006-06-30,2006-07-31,6B,G10 FX,1.0,0.4252097773113799,0.5779360973205208,0.4695326788651944,Ridge logistic C=0.05,2006
2006-06-30,2006-07-31,6C,G10 FX,0.0,-0.5568275695742121,0.7641845793762649,0.4899193109919325,Ridge logistic C=0.05,2006
2006-06-30,2006-07-31,6E,G10 FX,0.0,-0.11981694333018714,0.4412328999594309,0.4828237251538155,Ridge logistic C=0.05,2006
2006-06-30,2006-07-31,6J,G10 FX,0.0,-0.20851467433845328,-0.7072677697358271,0.44404414227806993,Ridge logistic C=0.05,2006
2006-06-30,2006-07-31,6S,G10 FX,0.0,-0.3022092401302039,0.21296895073064212,0.469038899549466,Ridge logistic C=0.05,2006
2006-06-30,2006-07-31,CL,Commodities,0.0,-0.3254953484851517,0.2818872406018117,0.4942027608103685,Ridge logistic C=0.05,2006
2006-06-30,2006-07-31,ES,Equity indices,1.0,0.05059785361198144,0.10549024923411997,0.4800821971701906,Ridge logistic C=0.05,2006
2006-06-30,2006-07-31,GC,Commodities,1.0,0.34561618935506877,0.9225996447609206,0.47759648063809185,Ridge logistic C=0.05,2006
2006-06-30,2006-07-31,HG,Commodities,1.0,0.46125406773409655,1.355059745242665,0.49811303672388324,Ridge logistic C=0.05,2006
2006-06-30,2006-07-31,NG,Commodities,1.0,1.580368165270084,-0.890518728061451,0.4465109943256144,Ridge logistic C=0.05,2006
2006-06-30,2006-07-31,NKD,Equity indices,0.0,-0.06314717819377365,1.0783166543385165,0.5674717062148179,Ridge logistic C=0.05,2006
2006-06-30,2006-07-31,NQ,Equity indices,0.0,-0.907028002538003,-0.15296286330366593,0.4655898580381452,Ridge logistic C=0.05,2006
2006-06-30,2006-07-31,RTY,Equity indices,0.0,-0.6217373984174943,0.2815636195764948,0.47121183730034716,Ridge logistic C=0.05,2006
2006-06-30,2006-07-31,SI,Commodities,1.0,0.23645929107349986,0.5107358729286864,0.49808176544110805,Ridge logistic C=0.05,2006
2006-06-30,2006-07-31,ZB,Government bonds,1.0,0.8196660794729421,-1.3059450180539565,0.4823973471293475,Ridge logistic C=0.05,2006
2006-06-30,2006-07-31,ZC,Commodities,0.0,-0.42155013096124394,-1.082181041343958,0.4108097685560055,Ridge logistic C=0.05,2006
2006-06-30,2006-07-31,ZF,Government bonds,1.0,1.0325681188102374,-1.4559902333013062,0.4591700974170126,Ridge logistic C=0.05,2006
2006-06-30,2006-07-31,ZN,Government bonds,1.0,0.9504411329213918,-1.2877038684483504,0.46436425751239435,Ridge logistic C=0.05,2006
2006-06-30,2006-07-31,ZS,Commodities,0.0,-0.678911077640542,-1.6462718724126606,0.3900017494748083,Ridge logistic C=0.05,2006
2006-06-30,2006-07-31,ZT,Government bonds,1.0,1.0647279176018944,-1.7253048773600184,0.4558763692620696,Ridge logistic C=0.05,2006
2006-06-30,2006-07-31,ZW,Commodities,1.0,0.053686857906352144,-0.23505392413668008,0.41800409150876994,Ridge logistic C=0.05,2006
2006-07-31,2006-08-31,6A,G10 FX,0.0,-0.1087269192015613,0.00409392496103309,0.43403244196477464,Ridge logistic C=0.05,2006
2006-07-31,2006-08-31,6B,G10 FX,1.0,0.7807017832057618,0.3835117790194717,0.4329755211899746,Ridge logistic C=0.05,2006
2006-07-31,2006-08-31,6C,G10 FX,1.0,1.0117433452797293,0.598104701665482,0.47364184606683585,Ridge logistic C=0.05,2006
2006-07-31,2006-08-31,6E,G10 FX,1.0,0.033382711318868684,0.0963675868311527,0.44526382215484284,Ridge logistic C=0.05,2006
2006-07-31,2006-08-31,6J,G10 FX,0.0,-1.0563741778608633,-0.9335172182953182,0.35345747424098245,Ridge logistic C=0.05,2006
2006-07-31,2006-08-31,6S,G10 FX,0.0,-0.15275246786463872,-0.18840949485128425,0.4216025397387126,Ridge logistic C=0.05,2006
2006-07-31,2006-08-31,CL,Commodities,0.0,-1.0211750519120664,-0.07561692230684229,0.484182408239537,Ridge logistic C=0.05,2006
2006-07-31,2006-08-31,ES,Equity indices,1.0,0.5290062304782609,0.051439476138040105,0.4671818736440529,Ridge logistic C=0.05,2006
2006-07-31,2006-08-31,GC,Commodities,0.0,-0.250232471380876,0.9287471874325829,0.4817976873864627,Ridge logistic C=0.05,2006
2006-07-31,2006-08-31,HG,Commodities,0.0,-0.2325211138464986,1.5246524499839997,0.5010105880815076,Ridge logistic C=0.05,2006
2006-07-31,2006-08-31,NG,Commodities,0.0,-1.7926925281173929,-0.6804280646284698,0.3669349584440657,Ridge logistic C=0.05,2006
2006-07-31,2006-08-31,NKD,Equity indices,1.0,0.6442573692399497,0.8927091973394041,0.5561765795073711,Ridge logistic C=0.05,2006
2006-07-31,2006-08-31,NQ,Equity indices,1.0,0.8162069791783517,-0.5234951541453199,0.47091412014165396,Ridge logistic C=0.05,2006
2006-07-31,2006-08-31,RTY,Equity indices,1.0,0.3822450117754029,0.11937869351552703,0.49656362434457385,Ridge logistic C=0.05,2006
2006-07-31,2006-08-31,SI,Commodities,1.0,0.8544540215951623,0.6139968201399784,0.49156912873497105,Ridge logistic C=0.05,2006
2006-07-31,2006-08-31,ZB,Government bonds,1.0,1.2448569880315778,-0.8842129125372999,0.48659345815888416,Ridge logistic C=0.05,2006
2006-07-31,2006-08-31,ZC,Commodities,0.0,-0.40421561415637075,-0.7966905300254904,0.4190783901166435,Ridge logistic C=0.05,2006
2006-07-31,2006-08-31,ZF,Government bonds,1.0,1.0217795320685616,-0.8848833303733472,0.42457432443602167,Ridge logistic C=0.05,2006
2006-07-31,2006-08-31,ZN,Government bonds,1.0,1.0976054849439787,-0.760443386635699,0.45307974670609624,Ridge logistic C=0.05,2006
2006-07-31,2006-08-31,ZS,Commodities,0.0,-1.379980365430866,-1.2454661703709833,0.4092072160363494,Ridge logistic C=0.05,2006
2006-07-31,2006-08-31,ZT,Government bonds,1.0,0.9016985459955764,-1.0821737958509317,0.40563448427219817,Ridge logistic C=0.05,2006
2006-07-31,2006-08-31,ZW,Commodities,1.0,0.187666476593723,-0.07301800030775851,0.4344452698021619,Ridge logistic C=0.05,2006
2006-08-31,2006-09-29,6A,G10 FX,0.0,-0.8817569098014267,0.029090433670495304,0.43715315020287726,Ridge logistic C=0.05,2006
2006-08-31,2006-09-29,6B,G10 FX,0.0,-0.8192814449530015,0.5536864829692449,0.4276234604302849,Ridge logistic C=0.05,2006
2006-08-31,2006-09-29,6C,G10 FX,0.0,-0.6041009068700991,0.7445648269947007,0.4550976946604754,Ridge logistic C=0.05,2006
2006-08-31,2006-09-29,6E,G10 FX,0.0,-0.5453386446392482,0.3116817681818218,0.4298115530576334,Ridge logistic C=0.05,2006
2006-08-31,2006-09-29,6J,G10 FX,0.0,-0.4059710018675786,-1.230534202860009,0.38432527942671996,Ridge logistic C=0.05,2006
2006-08-31,2006-09-29,6S,G10 FX,0.0,-0.7606356460791215,-0.09902474005330789,0.4109735945070426,Ridge logistic C=0.05,2006
2006-08-31,2006-09-29,CL,Commodities,0.0,-1.5946708575735937,-0.1839024591292221,0.45294484712762095,Ridge logistic C=0.05,2006
2006-08-31,2006-09-29,ES,Equity indices,1.0,0.7220860625080917,0.27610256126155996,0.5128486109138366,Ridge logistic C=0.05,2006
2006-08-31,2006-09-29,GC,Commodities,0.0,-0.6572488895947016,0.9505543724468698,0.4741722263513126,Ridge logistic C=0.05,2006
2006-08-31,2006-09-29,HG,Commodities,1.0,0.011043145736138986,1.5323084136182852,0.4906076606369503,Ridge logistic C=0.05,2006
2006-08-31,2006-09-29,NG,Commodities,0.0,-1.1970538023471153,-1.4660475173438017,0.3871828806190205,Ridge logistic C=0.05,2006
2006-08-31,2006-09-29,NKD,Equity indices,1.0,0.05501041767783712,1.0417371661086827,0.5386760673966479,Ridge logistic C=0.05,2006
2006-08-31,2006-09-29,NQ,Equity indices,1.0,0.9229136906603855,-0.3597181063814895,0.4580019515915029,Ridge logistic C=0.05,2006
2006-08-31,2006-09-29,RTY,Equity indices,1.0,0.10926367015152838,0.1997641296863327,0.49838416785223494,Ridge logistic C=0.05,2006
2006-08-31,2006-09-29,SI,Commodities,0.0,-0.9297809797294031,0.9806677259723465,0.48881811459282354,Ridge logistic C=0.05,2006
2006-08-31,2006-09-29,ZB,Government bonds,1.0,0.77419351650833,-0.8679744124637,0.46984264790922375,Ridge logistic C=0.05,2006
2006-08-31,2006-09-29,ZC,Commodities,1.0,0.7908894422343244,-0.42119280055116,0.44175120747898605,Ridge logistic C=0.05,2006
2006-08-31,2006-09-29,ZF,Government bonds,1.0,0.5631326866500892,-1.0941680269186576,0.41911813459277436,Ridge logistic C=0.05,2006
2006-08-31,2006-09-29,ZN,Government bonds,1.0,0.6161433718398995,-0.9378350641949018,0.44042443597185355,Ridge logistic C=0.05,2006
2006-08-31,2006-09-29,ZS,Commodities,0.0,-0.2847758376188539,-1.106067280144367,0.46276604986427466,Ridge logistic C=0.05,2006
2006-08-31,2006-09-29,ZT,Government bonds,1.0,0.24817204928402178,-1.303767150868055,0.39528926145840304,Ridge logistic C=0.05,2006
2006-08-31,2006-09-29,ZW,Commodities,1.0,0.6681105308691795,0.0999189950504037,0.4722848428747846,Ridge logistic C=0.05,2006
2006-09-29,2006-10-31,6A,G10 FX,1.0,1.53714950476821,-0.053006107188893245,0.4372265496520359,Ridge logistic C=0.05,2006
2006-09-29,2006-10-31,6B,G10 FX,1.0,0.8812495990997213,0.8369012284078197,0.4729278506056821,Ridge logistic C=0.05,2006
2006-09-29,2006-10-31,6C,G10 FX,0.0,-0.21275456431735018,0.4805876532340291,0.46202727117208436,Ridge logistic C=0.05,2006
2006-09-29,2006-10-31,6E,G10 FX,1.0,0.22797271531891514,0.4583612552388962,0.44719166594135223,Ridge logistic C=0.05,2006
2006-09-29,2006-10-31,6J,G10 FX,1.0,0.247110366571228,-0.9783033370933591,0.37205174557058557,Ridge logistic C=0.05,2006
2006-09-29,2006-10-31,6S,G10 FX,1.0,0.11573236351771707,-0.08749990756428244,0.419248675234738,Ridge logistic C=0.05,2006
2006-09-29,2006-10-31,CL,Commodities,0.0,-1.2793921583172991,-0.7105693017210883,0.44121537084299495,Ridge logistic C=0.05,2006
2006-09-29,2006-10-31,ES,Equity indices,1.0,1.039775367778781,1.0038373085573833,0.5801548433069522,Ridge logistic C=0.05,2006
2006-09-29,2006-10-31,GC,Commodities,1.0,0.05973838299934115,0.6214827557840289,0.48920288689087144,Ridge logistic C=0.05,2006
2006-09-29,2006-10-31,HG,Commodities,0.0,-0.3057425144362439,1.5345773294063068,0.4992983685232951,Ridge logistic C=0.05,2006
2006-09-29,2006-10-31,NG,Commodities,1.0,1.0566588674709243,-2.552366227158873,0.40421982285182956,Ridge logistic C=0.05,2006
2006-09-29,2006-10-31,NKD,Equity indices,1.0,0.3046168407990091,0.9569430523963304,0.5957245774831563,Ridge logistic C=0.05,2006
2006-09-29,2006-10-31,NQ,Equity indices,1.0,1.0007941714475819,0.2899145473616228,0.5273163897081562,Ridge logistic C=0.05,2006
2006-09-29,2006-10-31,RTY,Equity indices,1.0,0.9985917620961151,0.6573117178618564,0.5618423203544174,Ridge logistic C=0.05,2006
2006-09-29,2006-10-31,SI,Commodities,1.0,0.47058849472401454,0.5807932904152273,0.5251128882857092,Ridge logistic C=0.05,2006
2006-09-29,2006-10-31,ZB,Government bonds,1.0,0.1450978236034117,-0.13089416799415404,0.47211106961351285,Ridge logistic C=0.05,2006
2006-09-29,2006-10-31,ZC,Commodities,1.0,3.083036305526678,-0.12223119937628958,0.4032296756058578,Ridge logistic C=0.05,2006
2006-09-29,2006-10-31,ZF,Government bonds,1.0,0.06502807577065747,-0.28160786370965907,0.4569526873469644,Ridge logistic C=0.05,2006
2006-09-29,2006-10-31,ZN,Government bonds,1.0,0.14092784390141208,-0.17086593008686704,0.4679371645593398,Ridge logistic C=0.05,2006
2006-09-29,2006-10-31,ZS,Commodities,1.0,2.9683300534605164,-1.2583057807733373,0.384907718862658,Ridge logistic C=0.05,2006
2006-09-29,2006-10-31,ZT,Government bonds,0.0,-0.14760878168475833,-0.6177365747953559,0.4576895535901982,Ridge logistic C=0.05,2006
2006-09-29,2006-10-31,ZW,Commodities,1.0,1.2251947610276335,0.11936810110877268,0.4138673801543308,Ridge logistic C=0.05,2006
2006-10-31,2006-11-30,6A,G10 FX,1.0,0.855639243381106,0.8104241204007702,0.4848290721179789,Ridge logistic C=0.05,2006
2006-10-31,2006-11-30,6B,G10 FX,1.0,1.5102460556450588,1.2041805420382143,0.5114742655304586,Ridge logistic C=0.05,2006
2006-10-31,2006-11-30,6C,G10 FX,0.0,-0.9060225551642143,0.6764682142054789,0.5078125383344175,Ridge logistic C=0.05,2006
2006-10-31,2006-11-30,6E,G10 FX,1.0,1.9538501303982767,0.9919112213072971,0.5045617349057662,Ridge logistic C=0.05,2006
2006-10-31,2006-11-30,6J,G10 FX,1.0,0.2549197835403017,-0.4691298930053937,0.452811984454515,Ridge logistic C=0.05,2006
2006-10-31,2006-11-30,6S,G10 FX,1.0,1.587831825536749,0.2612202257568782,0.4503576434154807,Ridge logistic C=0.05,2006
2006-10-31,2006-11-30,CL,Commodities,1.0,0.2467837139081231,-0.7112541808335042,0.4256748357351144,Ridge logistic C=0.05,2006
2006-10-31,2006-11-30,ES,Equity indices,1.0,0.6036033424468735,0.9219560179658378,0.5567607585519836,Ridge logistic C=0.05,2006
2006-10-31,2006-11-30,GC,Commodities,1.0,0.9518746527544061,0.7145726947834514,0.5091098529263423,Ridge logistic C=0.05,2006
2006-10-31,2006-11-30,HG,Commodities,0.0,-0.5041200101686811,1.457324582729579,0.5447398294606601,Ridge logistic C=0.05,2006
2006-10-31,2006-11-30,NG,Commodities,1.0,0.7115036364568234,-1.74292828886677,0.32396563913512566,Ridge logistic C=0.05,2006
2006-10-31,2006-11-30,NKD,Equity indices,0.0,-0.18751780175534666,0.8157091224380426,0.5656813821075011,Ridge logistic C=0.05,2006
2006-10-31,2006-11-30,NQ,Equity indices,1.0,0.7485416826232919,0.04467149496244028,0.4905877415247103,Ridge logistic C=0.05,2006
2006-10-31,2006-11-30,RTY,Equity indices,1.0,0.44864558741351446,0.6318656023771634,0.5187244124940849,Ridge logistic C=0.05,2006
2006-10-31,2006-11-30,SI,Commodities,1.0,1.1620140916699397,0.7982808797572806,0.5350140468830855,Ridge logistic C=0.05,2006
2006-10-31,2006-11-30,ZB,Government bonds,1.0,0.9610509089736705,0.12106101840019268,0.4572940712565004,Ridge logistic C=0.05,2006
2006-10-31,2006-11-30,ZC,Commodities,1.0,2.1415629701900336,0.683142770942538,0.3828309812563856,Ridge logistic C=0.05,2006
2006-10-31,2006-11-30,ZF,Government bonds,1.0,0.6047600708763103,-0.006021832179783042,0.44461500324423026,Ridge logistic C=0.05,2006
2006-10-31,2006-11-30,ZN,Government bonds,1.0,0.7904762632711997,0.09835812141974927,0.45079934858004894,Ridge logistic C=0.05,2006
2006-10-31,2006-11-30,ZS,Commodities,1.0,1.3095543021953535,-0.35741563183934394,0.3589932589354498,Ridge logistic C=0.05,2006
2006-10-31,2006-11-30,ZT,Government bonds,1.0,0.2355843016490776,-0.37402725835660133,0.4447824312449943,Ridge logistic C=0.05,2006
2006-10-31,2006-11-30,ZW,Commodities,1.0,0.392773482612339,0.5798778541300535,0.3986210121988025,Ridge logistic C=0.05,2006
2006-11-30,2006-12-29,6A,G10 FX,0.0,-0.03034041037435208,0.7024334682878529,0.4518440502270937,Ridge logistic C=0.05,2006
2006-11-30,2006-12-29,6B,G10 FX,0.0,-0.2506762844420561,1.4122172290300474,0.45759608297928994,Ridge logistic C=0.05,2006
2006-11-30,2006-12-29,6C,G10 FX,0.0,-1.0853080358490945,-0.04064451156655972,0.45532662990939626,Ridge logistic C=0.05,2006
2006-11-30,2006-12-29,6E,G10 FX,0.0,-0.32701401162496435,1.250205649696071,0.47459205647464225,Ridge logistic C=0.05,2006
2006-11-30,2006-12-29,6J,G10 FX,0.0,-1.5391512873486473,-0.16742293233283825,0.4325876716468063,Ridge logistic C=0.05,2006
2006-11-30,2006-12-29,6S,G10 FX,0.0,-0.9540186838340642,0.5223131364792086,0.4285484604414693,Ridge logistic C=0.05,2006
2006-11-30,2006-12-29,CL,Commodities,0.0,-0.5337164419044623,-0.8207448620303202,0.4257657673678,Ridge logistic C=0.05,2006
2006-11-30,2006-12-29,ES,Equity indices,1.0,0.39944983352198205,0.8115300085287922,0.47511076004576797,Ridge logistic C=0.05,2006
2006-11-30,2006-12-29,GC,Commodities,0.0,-0.38376947245861837,0.6914749988409187,0.46963914917308275,Ridge logistic C=0.05,2006
2006-11-30,2006-12-29,HG,Commodities,0.0,-0.9610153392665708,1.1502935846171651,0.544993997790693,Ridge logistic C=0.05,2006
2006-11-30,2006-12-29,NG,Commodities,0.0,-2.233370954767447,-2.4144888731717526,0.34893610552250964,Ridge logistic C=0.05,2006
2006-11-30,2006-12-29,NKD,Equity indices,1.0,1.3397928356843702,0.1543249017280713,0.44016582775895624,Ridge logistic C=0.05,2006
2006-11-30,2006-12-29,NQ,Equity indices,0.0,-0.6118993453184302,0.06452124358062765,0.42990355125665985,Ridge logistic C=0.05,2006
2006-11-30,2006-12-29,RTY,Equity indices,1.0,0.005571799574036691,0.5975354570168536,0.47884432055309906,Ridge logistic C=0.05,2006
2006-11-30,2006-12-29,SI,Commodities,0.0,-0.9165322637946991,1.090608036364375,0.49794204291627325,Ridge logistic C=0.05,2006
2006-11-30,2006-12-29,ZB,Government bonds,0.0,-1.616495538574186,0.3623922436531562,0.4813111757724265,Ridge logistic C=0.05,2006
2006-11-30,2006-12-29,ZC,Commodities,0.0,-0.009599673779590664,1.2886020109811782,0.4539811653073464,Ridge logistic C=0.05,2006
2006-11-30,2006-12-29,ZF,Government bonds,0.0,-1.377939009394009,0.07387463950794743,0.4736490205975414,Ridge logistic C=0.05,2006
2006-11-30,2006-12-29,ZN,Government bonds,0.0,-1.455300956118356,0.2558846941699051,0.4780152970437691,Ridge logistic C=0.05,2006
2006-11-30,2006-12-29,ZS,Commodities,0.0,-0.09656389696826659,0.058074158238154164,0.4338762992057561,Ridge logistic C=0.05,2006
2006-11-30,2006-12-29,ZT,Government bonds,0.0,-1.4081325277390142,-0.33437179476377543,0.4446721443627212,Ridge logistic C=0.05,2006
2006-11-30,2006-12-29,ZW,Commodities,0.0,-0.4920559083580716,0.805495147459137,0.46461976158223645,Ridge logistic C=0.05,2006
2006-12-29,2007-01-31,6A,G10 FX,0.0,-0.806432732144355,0.7391307210416517,0.4889967188130954,Ridge logistic C=0.05,2006
2006-12-29,2007-01-31,6B,G10 FX,1.0,0.17461171812653903,1.411369714496297,0.4724879434104593,Ridge logistic C=0.05,2006
2006-12-29,2007-01-31,6C,G10 FX,0.0,-0.5364097934077836,-0.254393421009229,0.47967561233940603,Ridge logistic C=0.05,2006
2006-12-29,2007-01-31,6E,G10 FX,0.0,-0.7668114816518207,0.9917890779614468,0.5230783734936766,Ridge logistic C=0.05,2006
2006-12-29,2007-01-31,6J,G10 FX,0.0,-0.8843933979420696,-1.3386124956222798,0.4410412303019939,Ridge logistic C=0.05,2006
2006-12-29,2007-01-31,6S,G10 FX,0.0,-1.050273684422984,0.10887963159553876,0.5027210701343592,Ridge logistic C=0.05,2006
2006-12-29,2007-01-31,CL,Commodities,0.0,-0.9544247660182947,-1.1920010328039223,0.5013530567605003,Ridge logistic C=0.05,2006
2006-12-29,2007-01-31,ES,Equity indices,1.0,0.46456088591450334,0.7768967452816413,0.49014592087661635,Ridge logistic C=0.05,2006
2006-12-29,2007-01-31,GC,Commodities,1.0,0.39919625795693153,0.4319353629578193,0.5016160425476799,Ridge logistic C=0.05,2006
2006-12-29,2007-01-31,HG,Commodities,0.0,-0.9182389599811333,0.9131348986727812,0.5864816701493475,Ridge logistic C=0.05,2006
2006-12-29,2007-01-31,NG,Commodities,1.0,1.1624683913627805,-1.6441998782913678,0.4612167778228325,Ridge logistic C=0.05,2006
2006-12-29,2007-01-31,NKD,Equity indices,1.0,0.24459910883617447,0.36588652708255226,0.4516948405224562,Ridge logistic C=0.05,2006
2006-12-29,2007-01-31,NQ,Equity indices,1.0,0.4222048865609838,-0.32796814115050543,0.4638044698652585,Ridge logistic C=0.05,2006
2006-12-29,2007-01-31,RTY,Equity indices,1.0,0.2838589262215177,0.484757618083262,0.510495702968838,Ridge logistic C=0.05,2006
2006-12-29,2007-01-31,SI,Commodities,1.0,0.49873469626851397,0.7264366410299558,0.5163720549800639,Ridge logistic C=0.05,2006
2006-12-29,2007-01-31,ZB,Government bonds,0.0,-0.7066179365135477,-0.31083128065547777,0.4790156494481398,Ridge logistic C=0.05,2006
2006-12-29,2007-01-31,ZC,Commodities,1.0,0.5448596632554159,1.2611592645793426,0.5037271523436531,Ridge logistic C=0.05,2006
2006-12-29,2007-01-31,ZF,Government bonds,0.0,-0.6409387751616797,-0.40813742151837296,0.4554342790059077,Ridge logistic C=0.05,2006
2006-12-29,2007-01-31,ZN,Government bonds,0.0,-0.5933960483130191,-0.3053585238568011,0.4736074101222174,Ridge logistic C=0.05,2006
2006-12-29,2007-01-31,ZS,Commodities,1.0,0.6904096849610772,0.24409154889612855,0.4975265857888305,Ridge logistic C=0.05,2006
2006-12-29,2007-01-31,ZT,Government bonds,0.0,-0.5916537221330462,-0.7258837528997427,0.45970719089002127,Ridge logistic C=0.05,2006
2006-12-29,2007-01-31,ZW,Commodities,0.0,-0.8503583463887415,0.6136932752439811,0.4910213446216358,Ridge logistic C=0.05,2006
2007-01-31,2007-02-28,6A,G10 FX,1.0,0.7615772316512882,0.7140812692068702,0.5223480960696423,Ridge logistic C=0.05,2007
2007-01-31,2007-02-28,6B,G10 FX,0.0,-0.002605181753945607,1.602621093272383,0.5577054343392119,Ridge logistic C=0.05,2007
2007-01-31,2007-02-28,6C,G10 FX,1.0,0.2333732358530247,-0.47350818190261995,0.46490805208352665,Ridge logistic C=0.05,2007
2007-01-31,2007-02-28,6E,G10 FX,1.0,0.7904458207726551,1.0619716120916327,0.565224737832351,Ridge logistic C=0.05,2007
2007-01-31,2007-02-28,6J,G10 FX,1.0,0.8699570001842211,-1.1401893537413483,0.4535496552002651,Ridge logistic C=0.05,2007
2007-01-31,2007-02-28,6S,G10 FX,1.0,0.918993152252194,0.17453320520928411,0.5167754522503731,Ridge logistic C=0.05,2007
2007-01-31,2007-02-28,CL,Commodities,1.0,0.5779478866321678,-1.046679786178759,0.4879837402302785,Ridge logistic C=0.05,2007
2007-01-31,2007-02-28,ES,Equity indices,0.0,-1.095005789904951,1.231863972095168,0.514145590395348,Ridge logistic C=0.05,2007
2007-01-31,2007-02-28,GC,Commodities,1.0,0.4367085564439585,0.6804158783041777,0.5031346063150852,Ridge logistic C=0.05,2007
2007-01-31,2007-02-28,HG,Commodities,1.0,0.4651355895954125,0.524397406444397,0.552964673923905,Ridge logistic C=0.05,2007
2007-01-31,2007-02-28,NG,Commodities,0.0,-0.3206880141721853,-0.7118060843834247,0.41307077324014246,Ridge logistic C=0.05,2007
2007-01-31,2007-02-28,NKD,Equity indices,1.0,0.09402440115418129,0.6493322746735514,0.5278398078526523,Ridge logistic C=0.05,2007
2007-01-31,2007-02-28,NQ,Equity indices,0.0,-0.5445210962982207,0.3037584757999373,0.46847625262207404,Ridge logistic C=0.05,2007
2007-01-31,2007-02-28,RTY,Equity indices,0.0,-0.2995785591566402,0.5875350567427543,0.5237678233125026,Ridge logistic C=0.05,2007
2007-01-31,2007-02-28,SI,Commodities,1.0,0.43452075393994577,0.9132657430116402,0.5224678871782052,Ridge logistic C=0.05,2007
2007-01-31,2007-02-28,ZB,Government bonds,1.0,1.615476185484236,-0.4099760925532982,0.5078880507214489,Ridge logistic C=0.05,2007
2007-01-31,2007-02-28,ZC,Commodities,1.0,0.6167661571792435,1.148756440670435,0.47101845409278575,Ridge logistic C=0.05,2007
2007-01-31,2007-02-28,ZF,Government bonds,1.0,1.6353661205110224,-0.29879205520219293,0.5290978787262997,Ridge logistic C=0.05,2007
2007-01-31,2007-02-28,ZN,Government bonds,1.0,1.5970045901028984,-0.22241976600707764,0.5244598256870269,Ridge logistic C=0.05,2007
2007-01-31,2007-02-28,ZS,Commodities,1.0,1.3317073822552157,0.3625674443358892,0.45103062402597105,Ridge logistic C=0.05,2007
2007-01-31,2007-02-28,ZT,Government bonds,1.0,1.3928262694214812,-0.6610403831403805,0.5214939816352828,Ridge logistic C=0.05,2007
2007-01-31,2007-02-28,ZW,Commodities,1.0,0.17231936761865307,0.22470708551446933,0.45292495353082585,Ridge logistic C=0.05,2007
2007-02-28,2007-03-30,6A,G10 FX,1.0,1.312818888485008,1.026908587867412,0.4679847409836053,Ridge logistic C=0.05,2007
2007-02-28,2007-03-30,6B,G10 FX,1.0,0.10308518630025408,1.7879006231511945,0.4963748869523846,Ridge logistic C=0.05,2007
2007-02-28,2007-03-30,6C,G10 FX,1.0,0.7364322148026243,-0.3335458595561642,0.41102436009610666,Ridge logistic C=0.05,2007
2007-02-28,2007-03-30,6E,G10 FX,1.0,0.47348893539572645,1.3300451532727942,0.4651236341742052,Ridge logistic C=0.05,2007
2007-02-28,2007-03-30,6J,G10 FX,1.0,0.020800392738918712,-0.5479157508348848,0.3334987344581253,Ridge logistic C=0.05,2007
2007-02-28,2007-03-30,6S,G10 FX,0.0,-0.037224247463438304,0.5462404945403735,0.40825881829060895,Ridge logistic C=0.05,2007
2007-02-28,2007-03-30,CL,Commodities,1.0,0.18305247510323852,-0.8656396592224112,0.4147077580785303,Ridge logistic C=0.05,2007
2007-02-28,2007-03-30,ES,Equity indices,1.0,0.22183786565880306,0.5043077213523378,0.4109008168061274,Ridge logistic C=0.05,2007
2007-02-28,2007-03-30,GC,Commodities,0.0,-0.27784651553879053,0.7352343191403741,0.43663663059180213,Ridge logistic C=0.05,2007
2007-02-28,2007-03-30,HG,Commodities,1.0,1.3265575169751564,0.6346765047046916,0.47524375878991554,Ridge logistic C=0.05,2007
2007-02-28,2007-03-30,NG,Commodities,1.0,0.2682689821550267,-0.8063282936567745,0.4072934147572613,Ridge logistic C=0.05,2007
2007-02-28,2007-03-30,NKD,Equity indices,0.0,-0.24991547257328647,0.3931868856191876,0.4600333429297724,Ridge logistic C=0.05,2007
2007-02-28,2007-03-30,NQ,Equity indices,1.0,0.060729452784278104,0.11219893092077321,0.40351063068910886,Ridge logistic C=0.05,2007
2007-02-28,2007-03-30,RTY,Equity indices,1.0,0.1898305962438333,0.32018490749498524,0.42039816873085345,Ridge logistic C=0.05,2007
2007-02-28,2007-03-30,SI,Commodities,0.0,-0.6887869930726546,0.8510673603221405,0.4705980678004802,Ridge logistic C=0.05,2007
2007-02-28,2007-03-30,ZB,Government bonds,0.0,-0.9000730643209438,0.3849314266489098,0.42898646071866064,Ridge logistic C=0.05,2007
2007-02-28,2007-03-30,ZC,Commodities,0.0,-2.0215319808511247,1.3345485135091546,0.3967857897148352,Ridge logistic C=0.05,2007
2007-02-28,2007-03-30,ZF,Government bonds,0.0,-0.19435392990644815,0.3815149987484683,0.43869317910794287,Ridge logistic C=0.05,2007
2007-02-28,2007-03-30,ZN,Government bonds,0.0,-0.3959085861947826,0.47239438621568647,0.44436373175330623,Ridge logistic C=0.05,2007
2007-02-28,2007-03-30,ZS,Commodities,0.0,-0.6983869548026385,0.8889906381515312,0.40032051801537283,Ridge logistic C=0.05,2007
2007-02-28,2007-03-30,ZT,Government bonds,0.0,-0.08880116290239783,-0.06409082068258977,0.43207360754646085,Ridge logistic C=0.05,2007
2007-02-28,2007-03-30,ZW,Commodities,0.0,-1.2560131519810853,0.23930264536265666,0.39323704442461566,Ridge logistic C=0.05,2007
2007-03-30,2007-04-30,6A,G10 FX,1.0,1.2880124103323753,1.3672200351939021,0.48595370480244804,Ridge logistic C=0.05,2007
2007-03-30,2007-04-30,6B,G10 FX,1.0,0.8866781538819538,1.6891872835533364,0.5391689142430283,Ridge logistic C=0.05,2007
2007-03-30,2007-04-30,6C,G10 FX,1.0,2.065448178467431,-0.23177419154367399,0.44753898415634685,Ridge logistic C=0.05,2007
2007-03-30,2007-04-30,6E,G10 FX,1.0,1.331054578152846,1.3557487507227224,0.515797238387639,Ridge logistic C=0.05,2007
2007-03-30,2007-04-30,6J,G10 FX,0.0,-0.7570286149629181,-0.4937792115316872,0.4302706014609375,Ridge logistic C=0.05,2007
2007-03-30,2007-04-30,6S,G10 FX,1.0,0.19372185469102435,0.4419695873173272,0.45946245454711737,Ridge logistic C=0.05,2007
2007-03-30,2007-04-30,CL,Commodities,0.0,-0.32576373670368636,-1.1529860518817512,0.4377309350263531,Ridge logistic C=0.05,2007
2007-03-30,2007-04-30,ES,Equity indices,1.0,1.2011403642919745,0.5405500009150289,0.51941121935174,Ridge logistic C=0.05,2007
2007-03-30,2007-04-30,GC,Commodities,1.0,0.44055192299416107,0.2604923209855425,0.45391694142557165,Ridge logistic C=0.05,2007
2007-03-30,2007-04-30,HG,Commodities,1.0,1.3842497651923562,0.5304224506311985,0.4917160216111475,Ridge logistic C=0.05,2007
2007-03-30,2007-04-30,NG,Commodities,1.0,0.039364032806482145,-0.7272587179907684,0.4400809924656885,Ridge logistic C=0.05,2007
2007-03-30,2007-04-30,NKD,Equity indices,1.0,0.0495902411212667,0.01908729270702785,0.505305017982944,Ridge logistic C=0.05,2007
2007-03-30,2007-04-30,NQ,Equity indices,1.0,1.0944104067908231,-0.027666105129806346,0.4936890332251506,Ridge logistic C=0.05,2007
2007-03-30,2007-04-30,RTY,Equity indices,1.0,0.2841756757381164,0.2257828938778151,0.5144166040279514,Ridge logistic C=0.05,2007
2007-03-30,2007-04-30,SI,Commodities,0.0,-0.006258991833627804,0.017810036627149906,0.46858175700456955,Ridge logistic C=0.05,2007
2007-03-30,2007-04-30,ZB,Government bonds,1.0,0.27615970806430434,0.5331304484861636,0.6009079535187067,Ridge logistic C=0.05,2007
2007-03-30,2007-04-30,ZC,Commodities,0.0,-0.5295441832828636,0.6508395906916019,0.47802716983908305,Ridge logistic C=0.05,2007
2007-03-30,2007-04-30,ZF,Government bonds,1.0,0.039055242851051934,0.4791549892986788,0.5885814742570755,Ridge logistic C=0.05,2007
2007-03-30,2007-04-30,ZN,Government bonds,1.0,0.1764468605636815,0.6073117145706312,0.6029348953614008,Ridge logistic C=0.05,2007
2007-03-30,2007-04-30,ZS,Commodities,0.0,-0.8716054811737577,0.8461579009963012,0.47154045431803393,Ridge logistic C=0.05,2007
2007-03-30,2007-04-30,ZT,Government bonds,0.0,-0.23234060762061196,0.030483960300935253,0.5598990719090619,Ridge logistic C=0.05,2007
2007-03-30,2007-04-30,ZW,Commodities,1.0,1.1996606534104142,-0.076112571558539,0.45939028583667757,Ridge logistic C=0.05,2007
2007-04-30,2007-05-31,6A,G10 FX,0.0,-0.09350934701455414,0.9352565849700638,0.47361448613267737,Ridge logistic C=0.05,2007
2007-04-30,2007-05-31,6B,G10 FX,0.0,-0.567314478414498,0.9160861072214487,0.49181559714925194,Ridge logistic C=0.05,2007
2007-04-30,2007-05-31,6C,G10 FX,1.0,2.0239253520083063,-0.2760970217290608,0.4344998521164719,Ridge logistic C=0.05,2007
2007-04-30,2007-05-31,6E,G10 FX,0.0,-1.080827500517038,0.8027248697355488,0.46897912770206673,Ridge logistic C=0.05,2007
2007-04-30,2007-05-31,6J,G10 FX,0.0,-0.9540072621034548,-1.6599135890477323,0.4388432955877201,Ridge logistic C=0.05,2007
2007-04-30,2007-05-31,6S,G10 FX,0.0,-0.9392723792229694,-0.484598824711572,0.4290239722197727,Ridge logistic C=0.05,2007
2007-04-30,2007-05-31,CL,Commodities,0.0,-0.4542305842019904,-1.4041785208817765,0.4234001408564962,Ridge logistic C=0.05,2007
2007-04-30,2007-05-31,ES,Equity indices,1.0,1.0152688055649,0.8578436493775551,0.5321120756181141,Ridge logistic C=0.05,2007
2007-04-30,2007-05-31,GC,Commodities,0.0,-0.7651689225344646,-0.7298816682274236,0.43156817432374656,Ridge logistic C=0.05,2007
2007-04-30,2007-05-31,HG,Commodities,0.0,-0.557785745945782,-0.31703716438292767,0.4657074569385207,Ridge logistic C=0.05,2007
2007-04-30,2007-05-31,NG,Commodities,0.0,-0.08773299334088122,-0.6783185509468669,0.44850078228433016,Ridge logistic C=0.05,2007
2007-04-30,2007-05-31,NKD,Equity indices,1.0,0.7632824397715725,0.23571326529316577,0.5226851328651801,Ridge logistic C=0.05,2007
2007-04-30,2007-05-31,NQ,Equity indices,1.0,0.7088636148124994,0.5202654263437789,0.5227674106189809,Ridge logistic C=0.05,2007
2007-04-30,2007-05-31,RTY,Equity indices,1.0,0.8310314748060611,0.2682644549349882,0.5258261420589928,Ridge logistic C=0.05,2007
2007-04-30,2007-05-31,SI,Commodities,0.0,-0.1023233335317932,-0.587950879486799,0.46423877036807754,Ridge logistic C=0.05,2007
2007-04-30,2007-05-31,ZB,Government bonds,0.0,-1.4881170550443792,0.8902189310739386,0.5922968035477899,Ridge logistic C=0.05,2007
2007-04-30,2007-05-31,ZC,Commodities,1.0,0.6690105837171166,0.4690220350140258,0.4684874579183738,Ridge logistic C=0.05,2007
2007-04-30,2007-05-31,ZF,Government bonds,0.0,-1.8951627608836386,0.6507451834162213,0.5857954961417757,Ridge logistic C=0.05,2007
2007-04-30,2007-05-31,ZN,Government bonds,0.0,-1.7355241171992746,0.8727143077016901,0.5946280402360766,Ridge logistic C=0.05,2007
2007-04-30,2007-05-31,ZS,Commodities,1.0,1.6551434001435932,0.32105053931908517,0.49916952480803917,Ridge logistic C=0.05,2007
2007-04-30,2007-05-31,ZT,Government bonds,0.0,-1.729758543067202,0.06241329032331333,0.5584926194947737,Ridge logistic C=0.05,2007
2007-04-30,2007-05-31,ZW,Commodities,1.0,0.5042075171800858,0.11678023173385767,0.4352036025729021,Ridge logistic C=0.05,2007
2007-05-31,2007-06-29,6A,G10 FX,1.0,1.1765411523617433,1.6309357933115423,0.5268606516030033,Ridge logistic C=0.05,2007
2007-05-31,2007-06-29,6B,G10 FX,1.0,0.8824481543972061,1.2673356777241882,0.5576451012550326,Ridge logistic C=0.05,2007
2007-05-31,2007-06-29,6C,G10 FX,1.0,0.31178788931122126,0.4986299764521983,0.43605829818116015,Ridge logistic C=0.05,2007
2007-05-31,2007-06-29,6E,G10 FX,1.0,0.3513641486242053,1.0486311142466909,0.5670726605630574,Ridge logistic C=0.05,2007
2007-05-31,2007-06-29,6J,G10 FX,0.0,-0.7777343620703312,-1.5326960600020432,0.47481781941876045,Ridge logistic C=0.05,2007
2007-05-31,2007-06-29,6S,G10 FX,1.0,0.007400213199330581,-0.4016164177732911,0.4979886959167035,Ridge logistic C=0.05,2007
2007-05-31,2007-06-29,CL,Commodities,1.0,1.2557460738612254,-1.2457756176708115,0.4199140152828623,Ridge logistic C=0.05,2007
2007-05-31,2007-06-29,ES,Equity indices,0.0,-0.7893638659184956,1.8688849923420552,0.6103341480942582,Ridge logistic C=0.05,2007
2007-05-31,2007-06-29,GC,Commodities,0.0,-0.5353666367194136,0.6093848314779636,0.5112209204175943,Ridge logistic C=0.05,2007
2007-05-31,2007-06-29,HG,Commodities,1.0,0.18374364800277923,0.4043306245128679,0.5097842677382909,Ridge logistic C=0.05,2007
2007-05-31,2007-06-29,NG,Commodities,0.0,-1.5478396743204756,-0.5836124095078605,0.4449472994891123,Ridge logistic C=0.05,2007
2007-05-31,2007-06-29,NKD,Equity indices,1.0,0.21868860258515194,1.4185673765945261,0.5797384802281834,Ridge logistic C=0.05,2007
2007-05-31,2007-06-29,NQ,Equity indices,0.0,-0.01758247273334199,1.3694029998213628,0.6059347121120456,Ridge logistic C=0.05,2007
2007-05-31,2007-06-29,RTY,Equity indices,0.0,-0.411760338983078,1.2913830093709315,0.5996986759989713,Ridge logistic C=0.05,2007
2007-05-31,2007-06-29,SI,Commodities,0.0,-1.1838951199831325,0.9479837701506282,0.5357554178959696,Ridge logistic C=0.05,2007
2007-05-31,2007-06-29,ZB,Government bonds,0.0,-0.8657180423593615,0.08519702468156133,0.5882137025992066,Ridge logistic C=0.05,2007
2007-05-31,2007-06-29,ZC,Commodities,0.0,-1.6636367082389854,0.6462630867010604,0.4618284620520684,Ridge logistic C=0.05,2007
2007-05-31,2007-06-29,ZF,Government bonds,0.0,-0.5058621118108251,-0.07618840775088938,0.5753245187045766,Ridge logistic C=0.05,2007
2007-05-31,2007-06-29,ZN,Government bonds,0.0,-0.6597500054257157,0.07972468811798943,0.5849943014936894,Ridge logistic C=0.05,2007
2007-05-31,2007-06-29,ZS,Commodities,1.0,1.1387162296626638,0.9402894066551065,0.44586909331702534,Ridge logistic C=0.05,2007
2007-05-31,2007-06-29,ZT,Government bonds,0.0,-0.02411350953867784,-0.4734975207971894,0.5429993528276201,Ridge logistic C=0.05,2007
2007-05-31,2007-06-29,ZW,Commodities,1.0,1.5411744222125816,0.4159206553217517,0.4638620664199436,Ridge logistic C=0.05,2007
2007-06-29,2007-07-31,6A,G10 FX,1.0,0.5038244072992412,1.6725781537764866,0.4658673870536154,Ridge logistic C=0.05,2007
2007-06-29,2007-07-31,6B,G10 FX,1.0,0.9134091940695733,1.606731713426856,0.5227659246196203,Ridge logistic C=0.05,2007
2007-06-29,2007-07-31,6C,G10 FX,0.0,-0.142693128174717,0.8337252295474255,0.4301715027113685,Ridge logistic C=0.05,2007
2007-06-29,2007-07-31,6E,G10 FX,1.0,0.7528456730071957,0.916424329151318,0.47426427026073564,Ridge logistic C=0.05,2007
2007-06-29,2007-07-31,6J,G10 FX,1.0,1.7453448878186817,-1.7653118377264774,0.4273668224346367,Ridge logistic C=0.05,2007
2007-06-29,2007-07-31,6S,G10 FX,1.0,0.7722999358586279,-0.3833068634612682,0.40355886301005567,Ridge logistic C=0.05,2007
2007-06-29,2007-07-31,CL,Commodities,1.0,1.532061787490116,-1.2584865849507942,0.3636091818992725,Ridge logistic C=0.05,2007
2007-06-29,2007-07-31,ES,Equity indices,0.0,-1.0979316103286707,1.1641084417504557,0.5725358414300888,Ridge logistic C=0.05,2007
2007-06-29,2007-07-31,GC,Commodities,1.0,0.5522504285829062,-0.38000343658905494,0.44490113418583516,Ridge logistic C=0.05,2007
2007-06-29,2007-07-31,HG,Commodities,1.0,0.6739936157641976,-0.2604029161762389,0.41989474321735054,Ridge logistic C=0.05,2007
2007-06-29,2007-07-31,NG,Commodities,0.0,-0.8633663044353557,-0.8326389046501128,0.395860258182182,Ridge logistic C=0.05,2007
2007-06-29,2007-07-31,NKD,Equity indices,0.0,-1.4345833158778258,1.174691508466911,0.5857403117468254,Ridge logistic C=0.05,2007
2007-06-29,2007-07-31,NQ,Equity indices,0.0,-0.14226114589426375,1.4143162116916614,0.5897827855172215,Ridge logistic C=0.05,2007
2007-06-29,2007-07-31,RTY,Equity indices,0.0,-1.6831346845301571,0.8707653831419726,0.557397435671425,Ridge logistic C=0.05,2007
2007-06-29,2007-07-31,SI,Commodities,1.0,0.5732518998938367,0.0453254629309365,0.4638784578741341,Ridge logistic C=0.05,2007
2007-06-29,2007-07-31,ZB,Government bonds,1.0,1.1618644798177216,0.02266225574948061,0.5127521686308759,Ridge logistic C=0.05,2007
2007-06-29,2007-07-31,ZC,Commodities,0.0,-0.37139315328174793,0.05454644011973362,0.48143239205612887,Ridge logistic C=0.05,2007
2007-06-29,2007-07-31,ZF,Government bonds,1.0,1.7161499861086842,0.016697366408680483,0.4995203118993745,Ridge logistic C=0.05,2007
2007-06-29,2007-07-31,ZN,Government bonds,1.0,1.4082255066292262,0.1182602727755754,0.5190977073772677,Ridge logistic C=0.05,2007
2007-06-29,2007-07-31,ZS,Commodities,0.0,-0.46550983688653486,0.9569116747510167,0.420936461354526,Ridge logistic C=0.05,2007
2007-06-29,2007-07-31,ZT,Government bonds,1.0,1.6744738125271126,-0.18942856388446347,0.48778893532942214,Ridge logistic C=0.05,2007
2007-06-29,2007-07-31,ZW,Commodities,1.0,0.6555223977632357,0.5877692176191573,0.441762845067169,Ridge logistic C=0.05,2007
2007-07-31,2007-08-31,6A,G10 FX,0.0,-1.8402319166915864,1.3267038431785525,0.46514230121802896,Ridge logistic C=0.05,2007
2007-07-31,2007-08-31,6B,G10 FX,0.0,-0.5232084071723043,1.2486917440011336,0.480914094167544,Ridge logistic C=0.05,2007
2007-07-31,2007-08-31,6C,G10 FX,1.0,0.42570832519398166,0.5844486732798133,0.4188146762721622,Ridge logistic C=0.05,2007
2007-07-31,2007-08-31,6E,G10 FX,0.0,-0.32115625989544755,1.090789053017468,0.4639747946698294,Ridge logistic C=0.05,2007
2007-07-31,2007-08-31,6J,G10 FX,1.0,1.023976180419104,-0.9573294498380034,0.37823533282261135,Ridge logistic C=0.05,2007
2007-07-31,2007-08-31,6S,G10 FX,0.0,-0.3195953636983623,0.015062732184737299,0.4182982297521028,Ridge logistic C=0.05,2007
2007-07-31,2007-08-31,CL,Commodities,0.0,-0.8462886327077529,-0.664673344348358,0.3877006296868664,Ridge logistic C=0.05,2007
2007-07-31,2007-08-31,ES,Equity indices,1.0,0.25149213284387095,0.6841582384037627,0.5396801212321909,Ridge logistic C=0.05,2007
2007-07-31,2007-08-31,GC,Commodities,1.0,0.09359980557305203,-0.02286302316848898,0.449910634311077,Ridge logistic C=0.05,2007
2007-07-31,2007-08-31,HG,Commodities,0.0,-0.9201151408752559,0.1311875812983296,0.4127662469217153,Ridge logistic C=0.05,2007
2007-07-31,2007-08-31,NG,Commodities,0.0,-1.0508050292646913,-1.5303244312404416,0.4006478099831452,Ridge logistic C=0.05,2007
2007-07-31,2007-08-31,NKD,Equity indices,0.0,-0.7308836764069149,0.5797416469934678,0.5502053027631577,Ridge logistic C=0.05,2007
2007-07-31,2007-08-31,NQ,Equity indices,1.0,0.6172879214379642,1.3219209679197013,0.5385846840182658,Ridge logistic C=0.05,2007
2007-07-31,2007-08-31,RTY,Equity indices,1.0,0.34472408833162416,0.5206419044578415,0.5501278328322039,Ridge logistic C=0.05,2007
2007-07-31,2007-08-31,SI,Commodities,0.0,-1.0780226500020507,0.11816422080708401,0.46202163252844275,Ridge logistic C=0.05,2007
2007-07-31,2007-08-31,ZB,Government bonds,1.0,0.7684701233384273,0.19253882923006407,0.49058887147323377,Ridge logistic C=0.05,2007
2007-07-31,2007-08-31,ZC,Commodities,0.0,-0.07525765005056737,0.28835016269227104,0.5043928783933053,Ridge logistic C=0.05,2007
2007-07-31,2007-08-31,ZF,Government bonds,1.0,1.317831084138375,0.20877133765158523,0.47544152934291467,Ridge logistic C=0.05,2007
2007-07-31,2007-08-31,ZN,Government bonds,1.0,1.4151216639881208,0.25017305820747826,0.48806275604183863,Ridge logistic C=0.05,2007
2007-07-31,2007-08-31,ZS,Commodities,1.0,0.4365409099928218,0.9351279787193085,0.5090870292487939,Ridge logistic C=0.05,2007
2007-07-31,2007-08-31,ZT,Government bonds,1.0,1.2162497946540423,0.0,0.45244502119161245,Ridge logistic C=0.05,2007
2007-07-31,2007-08-31,ZW,Commodities,1.0,2.5199674280121953,0.9787282732852198,0.4728445681150151,Ridge logistic C=0.05,2007
2007-08-31,2007-09-28,6A,G10 FX,1.0,2.227999514169623,0.6271555768177249,0.476639580809863,Ridge logistic C=0.05,2007
2007-08-31,2007-09-28,6B,G10 FX,1.0,0.8503410526171045,1.1203195619655946,0.49997319247112887,Ridge logistic C=0.05,2007
2007-08-31,2007-09-28,6C,G10 FX,1.0,2.5555796117599034,0.6073186082954255,0.4329463924131496,Ridge logistic C=0.05,2007
2007-08-31,2007-09-28,6E,G10 FX,1.0,2.771788275738089,0.9695584479704591,0.5035957901971795,Ridge logistic C=0.05,2007
2007-08-31,2007-09-28,6J,G10 FX,1.0,0.2074984534671889,-0.3087135497578046,0.40348391877789447,Ridge logistic C=0.05,2007
2007-08-31,2007-09-28,6S,G10 FX,1.0,1.8797945141225707,0.06617682126523586,0.44790405636612396,Ridge logistic C=0.05,2007
2007-08-31,2007-09-28,CL,Commodities,1.0,1.736052266557885,-0.21255889645035866,0.47155603426752235,Ridge logistic C=0.05,2007
2007-08-31,2007-09-28,ES,Equity indices,1.0,0.680214619211028,0.43928192933649823,0.4905833291357965,Ridge logistic C=0.05,2007
2007-08-31,2007-09-28,GC,Commodities,1.0,2.3559317430105775,0.48435825669565047,0.495449339065467,Ridge logistic C=0.05,2007
2007-08-31,2007-09-28,HG,Commodities,1.0,0.8443552739316164,-0.04563937836146614,0.4436107924436487,Ridge logistic C=0.05,2007
2007-08-31,2007-09-28,NG,Commodities,1.0,0.6994483096287738,-0.9649961755044005,0.41143365430840684,Ridge logistic C=0.05,2007
2007-08-31,2007-09-28,NKD,Equity indices,1.0,0.17851568194780934,0.22174822633111366,0.4720048598823498,Ridge logistic C=0.05,2007
2007-08-31,2007-09-28,NQ,Equity indices,1.0,0.9758972816342668,0.8334441062988707,0.4997495133811515,Ridge logistic C=0.05,2007
2007-08-31,2007-09-28,RTY,Equity indices,1.0,0.2728860845711768,0.22309682052265575,0.46807177041554915,Ridge logistic C=0.05,2007
2007-08-31,2007-09-28,SI,Commodities,1.0,1.635801264604794,0.07376615364542076,0.4428845180718793,Ridge logistic C=0.05,2007
2007-08-31,2007-09-28,ZB,Government bonds,0.0,-0.10137333580918438,0.1337781090699038,0.550247515568918,Ridge logistic C=0.05,2007
2007-08-31,2007-09-28,ZC,Commodities,1.0,0.9928613239545966,0.3213555128510109,0.5230900323299855,Ridge logistic C=0.05,2007
2007-08-31,2007-09-28,ZF,Government bonds,1.0,0.29084100446166283,0.33184257349443846,0.5412073760987502,Ridge logistic C=0.05,2007
2007-08-31,2007-09-28,ZN,Government bonds,1.0,0.1590552604437649,0.41323768844955155,0.5534404570033615,Ridge logistic C=0.05,2007
2007-08-31,2007-09-28,ZS,Commodities,1.0,1.8199395160488077,1.2258663310828857,0.5324091305655828,Ridge logistic C=0.05,2007
2007-08-31,2007-09-28,ZT,Government bonds,1.0,0.8636157623417317,0.1530839059540962,0.5181556511352249,Ridge logistic C=0.05,2007
2007-08-31,2007-09-28,ZW,Commodities,1.0,3.0235169681965712,1.6148396681499289,0.4389029742913504,Ridge logistic C=0.05,2007
2007-09-28,2007-10-31,6A,G10 FX,1.0,1.4474089409787936,1.4022591043717685,0.5229735197310524,Ridge logistic C=0.05,2007
2007-09-28,2007-10-31,6B,G10 FX,1.0,0.9360785520036512,1.4308508269357996,0.5228721866809809,Ridge logistic C=0.05,2007
2007-09-28,2007-10-31,6C,G10 FX,1.0,2.184836755428253,1.5104130523184982,0.45950177105833884,Ridge logistic C=0.05,2007
2007-09-28,2007-10-31,6E,G10 FX,1.0,0.9594588772467457,1.9860290706941075,0.5202231521692952,Ridge logistic C=0.05,2007
2007-09-28,2007-10-31,6J,G10 FX,0.0,-0.31119536630486005,-0.032162920535146945,0.47634935426561764,Ridge logistic C=0.05,2007
2007-09-28,2007-10-31,6S,G10 FX,1.0,0.16158905670717832,0.8683470563035197,0.5120952252949313,Ridge logistic C=0.05,2007
2007-09-28,2007-10-31,CL,Commodities,1.0,2.931706355755402,0.693601766487458,0.4754781184730047,Ridge logistic C=0.05,2007
2007-09-28,2007-10-31,ES,Equity indices,1.0,0.24921865322929868,0.5374582346818961,0.538850615122907,Ridge logistic C=0.05,2007
2007-09-28,2007-10-31,GC,Commodities,1.0,1.6124541840496132,1.401563983712987,0.5155291806645405,Ridge logistic C=0.05,2007
2007-09-28,2007-10-31,HG,Commodities,0.0,-0.6082808703248646,0.18137864948744162,0.5069550491097999,Ridge logistic C=0.05,2007
2007-09-28,2007-10-31,NG,Commodities,1.0,0.8595764979334092,-0.5627321686408887,0.4574742337249781,Ridge logistic C=0.05,2007
2007-09-28,2007-10-31,NKD,Equity indices,1.0,0.09563172680620237,0.07515103215324596,0.48963952992035614,Ridge logistic C=0.05,2007
2007-09-28,2007-10-31,NQ,Equity indices,1.0,1.4576865523496276,0.9638853546804275,0.5501370661213522,Ridge logistic C=0.05,2007
2007-09-28,2007-10-31,RTY,Equity indices,1.0,0.40017135716912833,0.23708718321246486,0.5117418890077335,Ridge logistic C=0.05,2007
2007-09-28,2007-10-31,SI,Commodities,1.0,0.5413771508830201,0.5503061589602819,0.520669021642158,Ridge logistic C=0.05,2007
2007-09-28,2007-10-31,ZB,Government bonds,1.0,0.5347266165207969,0.11577170849667744,0.5662431496503275,Ridge logistic C=0.05,2007
2007-09-28,2007-10-31,ZC,Commodities,1.0,0.07273199863151628,0.19946123519587572,0.4830778058499729,Ridge logistic C=0.05,2007
2007-09-28,2007-10-31,ZF,Government bonds,1.0,0.26698365418139536,0.45472209960203275,0.5849548399232932,Ridge logistic C=0.05,2007
2007-09-28,2007-10-31,ZN,Government bonds,1.0,0.4623833293151781,0.46859497917096504,0.5844129305249595,Ridge logistic C=0.05,2007
2007-09-28,2007-10-31,ZS,Commodities,1.0,0.293994749424762,1.6764697300242413,0.5325760135096277,Ridge logistic C=0.05,2007
2007-09-28,2007-10-31,ZT,Government bonds,1.0,0.058574693282017636,0.4819108432597307,0.5776127901438309,Ridge logistic C=0.05,2007
2007-09-28,2007-10-31,ZW,Commodities,0.0,-2.029453097555222,1.4869924032452593,0.43371729247497764,Ridge logistic C=0.05,2007
2007-10-31,2007-11-30,6A,G10 FX,0.0,-1.512226284141114,1.5711981785983398,0.48096944158096544,Ridge logistic C=0.05,2007
2007-10-31,2007-11-30,6B,G10 FX,0.0,-0.5678373080366214,1.3243621928230624,0.49414672261177606,Ridge logistic C=0.05,2007
2007-10-31,2007-11-30,6C,G10 FX,0.0,-2.1755407378145035,1.8633214314965234,0.44657575966154067,Ridge logistic C=0.05,2007
2007-10-31,2007-11-30,6E,G10 FX,1.0,0.5554579900183707,1.8120406449290642,0.49129950848669507,Ridge logistic C=0.05,2007
2007-10-31,2007-11-30,6J,G10 FX,1.0,1.2560684019665667,-0.23029727844467068,0.44533911580548863,Ridge logistic C=0.05,2007
2007-10-31,2007-11-30,6S,G10 FX,1.0,1.1309926564137047,0.6457636780061757,0.48750542242927775,Ridge logistic C=0.05,2007
2007-10-31,2007-11-30,CL,Commodities,0.0,-0.7301011904132311,1.2678077389531839,0.37895185846369744,Ridge logistic C=0.05,2007
2007-10-31,2007-11-30,ES,Equity indices,0.0,-1.069202121508148,0.49817526496243886,0.5461662693683257,Ridge logistic C=0.05,2007
2007-10-31,2007-11-30,GC,Commodities,0.0,-0.4471695706483801,1.2947790792087883,0.4684106231786989,Ridge logistic C=0.05,2007
2007-10-31,2007-11-30,HG,Commodities,0.0,-1.2460532950233085,0.38394801631160547,0.5451122012749982,Ridge logistic C=0.05,2007
2007-10-31,2007-11-30,NG,Commodities,0.0,-1.2877431143405447,-0.6571821833700755,0.44386852066385196,Ridge logistic C=0.05,2007
2007-10-31,2007-11-30,NKD,Equity indices,0.0,-1.1548225310104898,0.23320147364466554,0.4992648563050993,Ridge logistic C=0.05,2007
2007-10-31,2007-11-30,NQ,Equity indices,0.0,-1.5955647712969736,1.133279756003691,0.5121697018961815,Ridge logistic C=0.05,2007
2007-10-31,2007-11-30,RTY,Equity indices,0.0,-1.2994248918145705,0.1914321803314387,0.5003317477875543,Ridge logistic C=0.05,2007
2007-10-31,2007-11-30,SI,Commodities,0.0,-0.52623499546604,0.2485528566732782,0.4670648531035462,Ridge logistic C=0.05,2007
2007-10-31,2007-11-30,ZB,Government bonds,1.0,1.9012131076063346,0.0,0.5185704484927227,Ridge logistic C=0.05,2007
2007-10-31,2007-11-30,ZC,Commodities,1.0,0.26420298817754095,-0.28110512797865533,0.4261664378931287,Ridge logistic C=0.05,2007
2007-10-31,2007-11-30,ZF,Government bonds,1.0,2.6055097008670804,0.3702865867309665,0.5301574370851679,Ridge logistic C=0.05,2007
2007-10-31,2007-11-30,ZN,Government bonds,1.0,2.4500617238316016,0.3860408366983987,0.5350750610230965,Ridge logistic C=0.05,2007
2007-10-31,2007-11-30,ZS,Commodities,1.0,0.8630345088745837,1.2686449139415632,0.4750339946949132,Ridge logistic C=0.05,2007
2007-10-31,2007-11-30,ZT,Government bonds,1.0,2.73378418478453,0.4177822808021856,0.5185877841360682,Ridge logistic C=0.05,2007
2007-10-31,2007-11-30,ZW,Commodities,1.0,0.7665526443251437,0.9706135232000477,0.4620423287636823,Ridge logistic C=0.05,2007
2007-11-30,2007-12-31,6A,G10 FX,0.0,-0.12824702438621244,0.838622599155864,0.5564160226964204,Ridge logistic C=0.05,2007
2007-11-30,2007-12-31,6B,G10 FX,0.0,-1.6321733995192949,0.6348228242413864,0.5202455531787291,Ridge logistic C=0.05,2007
2007-11-30,2007-12-31,6C,G10 FX,1.0,0.2746327895553125,1.031444523454197,0.5608607918852025,Ridge logistic C=0.05,2007
2007-11-30,2007-12-31,6E,G10 FX,0.0,-0.24979817664819182,1.4230560878323106,0.5155154652033132,Ridge logistic C=0.05,2007
2007-11-30,2007-12-31,6J,G10 FX,0.0,-0.35155592240855404,0.11152247606471626,0.4563466415688017,Ridge logistic C=0.05,2007
2007-11-30,2007-12-31,6S,G10 FX,0.0,-0.36183302555122426,0.4997635904065232,0.46230227813654745,Ridge logistic C=0.05,2007
2007-11-30,2007-12-31,CL,Commodities,1.0,1.0317421111031049,0.9012710839108766,0.5013432993589128,Ridge logistic C=0.05,2007
2007-11-30,2007-12-31,ES,Equity indices,0.0,-0.21413759983682953,0.06181620045470695,0.5074494310580596,Ridge logistic C=0.05,2007
2007-11-30,2007-12-31,GC,Commodities,1.0,1.163205612076121,0.81646742341537,0.4940979642484168,Ridge logistic C=0.05,2007
2007-11-30,2007-12-31,HG,Commodities,0.0,-0.4438801181415821,0.08081123576855524,0.5039255403922036,Ridge logistic C=0.05,2007
2007-11-30,2007-12-31,NG,Commodities,1.0,0.06486248329122025,-0.8871697697035661,0.5257075728912052,Ridge logistic C=0.05,2007
2007-11-30,2007-12-31,NKD,Equity indices,0.0,-0.619191221786901,-0.2641159077557726,0.5186138709787862,Ridge logistic C=0.05,2007
2007-11-30,2007-12-31,NQ,Equity indices,0.0,-0.09172517182639152,0.49351932039785396,0.5405837612933154,Ridge logistic C=0.05,2007
2007-11-30,2007-12-31,RTY,Equity indices,0.0,-0.008912990429025583,-0.2464894445848106,0.4930393192372894,Ridge logistic C=0.05,2007
2007-11-30,2007-12-31,SI,Commodities,1.0,0.678199387771853,-0.13743447517880059,0.5035467476266526,Ridge logistic C=0.05,2007
2007-11-30,2007-12-31,ZB,Government bonds,0.0,-0.30144955085286107,0.47192152088097583,0.5077681646147828,Ridge logistic C=0.05,2007
2007-11-30,2007-12-31,ZC,Commodities,1.0,1.7693956441546699,-0.3239672778921852,0.49611162093505823,Ridge logistic C=0.05,2007
2007-11-30,2007-12-31,ZF,Government bonds,1.0,0.13255780328734293,0.981033262873915,0.5232721587146135,Ridge logistic C=0.05,2007
2007-11-30,2007-12-31,ZN,Government bonds,1.0,0.10575572892109171,0.9438564402544904,0.5137517491204424,Ridge logistic C=0.05,2007
2007-11-30,2007-12-31,ZS,Commodities,1.0,1.9769250092327488,1.5681960794250902,0.5419891694487634,Ridge logistic C=0.05,2007
2007-11-30,2007-12-31,ZT,Government bonds,1.0,0.11511564221470386,1.0563017024304537,0.5132326161537655,Ridge logistic C=0.05,2007
2007-11-30,2007-12-31,ZW,Commodities,0.0,-0.006670805591800446,1.2449622713874946,0.4886325513524908,Ridge logistic C=0.05,2007
2007-12-31,2008-01-31,6A,G10 FX,1.0,0.6058020853480213,0.9003722696370529,0.5449815848570759,Ridge logistic C=0.05,2007
2007-12-31,2008-01-31,6B,G10 FX,1.0,0.13246394297048403,0.2846684577688447,0.5191203249320654,Ridge logistic C=0.05,2007
2007-12-31,2008-01-31,6C,G10 FX,0.0,-0.4411466493520467,1.3147827600081476,0.5299002639433886,Ridge logistic C=0.05,2007
2007-12-31,2008-01-31,6E,G10 FX,1.0,0.8888344073004019,1.4603371910664404,0.5309608869883783,Ridge logistic C=0.05,2007
2007-12-31,2008-01-31,6J,G10 FX,1.0,1.6144053477507858,0.2850527854981557,0.4789740489563032,Ridge logistic C=0.05,2007
2007-12-31,2008-01-31,6S,G10 FX,1.0,2.0992337217129307,0.8060624327793423,0.4920772643130885,Ridge logistic C=0.05,2007
2007-12-31,2008-01-31,CL,Commodities,0.0,-0.4871998216319151,1.6103170426563627,0.5258126479808303,Ridge logistic C=0.05,2007
2007-12-31,2008-01-31,ES,Equity indices,0.0,-1.23859016541424,-0.01646011071293558,0.5086587799273846,Ridge logistic C=0.05,2007
2007-12-31,2008-01-31,GC,Commodities,1.0,2.110039581965018,1.346124595591772,0.5167021580782051,Ridge logistic C=0.05,2007
2007-12-31,2008-01-31,HG,Commodities,1.0,0.8412076040040692,0.30330842636920363,0.5282113126196061,Ridge logistic C=0.05,2007
2007-12-31,2008-01-31,NG,Commodities,1.0,0.7343260611426572,-0.4348257640732295,0.48372376382883436,Ridge logistic C=0.05,2007
2007-12-31,2008-01-31,NKD,Equity indices,0.0,-1.464251202657743,-0.5148689376512948,0.5010983652863098,Ridge logistic C=0.05,2007
2007-12-31,2008-01-31,NQ,Equity indices,0.0,-2.078684154149053,0.38467165178814733,0.5347329104098356,Ridge logistic C=0.05,2007
2007-12-31,2008-01-31,RTY,Equity indices,0.0,-1.0200992173409387,-0.22240242040226305,0.49375307339322655,Ridge logistic C=0.05,2007
2007-12-31,2008-01-31,SI,Commodities,1.0,1.9844289307005893,0.4638057276892716,0.5166147190053644,Ridge logistic C=0.05,2007
2007-12-31,2008-01-31,ZB,Government bonds,1.0,0.9037785784163884,0.4773885667674536,0.5447604461348313,Ridge logistic C=0.05,2007
2007-12-31,2008-01-31,ZC,Commodities,1.0,1.6543755187438727,0.12004669658476796,0.4722421288746236,Ridge logistic C=0.05,2007
2007-12-31,2008-01-31,ZF,Government bonds,1.0,1.8181015245741003,1.0436487528761962,0.5524258255456599,Ridge logistic C=0.05,2007
2007-12-31,2008-01-31,ZN,Government bonds,1.0,1.5926833251025285,0.9886092842456621,0.5424584573990454,Ridge logistic C=0.05,2007
2007-12-31,2008-01-31,ZS,Commodities,1.0,1.0229312023709023,2.1932684502942768,0.4979652131996506,Ridge logistic C=0.05,2007
2007-12-31,2008-01-31,ZT,Government bonds,1.0,2.219601058561707,1.1499613110498692,0.5516957056016164,Ridge logistic C=0.05,2007
2007-12-31,2008-01-31,ZW,Commodities,1.0,0.5760692080095223,1.3257035892601687,0.5074754025235707,Ridge logistic C=0.05,2007
2008-01-31,2008-02-29,6A,G10 FX,1.0,1.133607097374541,1.083022409911908,0.5418538300604525,Shallow GBDT depth=1,2008
2008-01-31,2008-02-29,6B,G10 FX,1.0,0.03365076454172713,0.3380520366188272,0.5418538300604525,Shallow GBDT depth=1,2008
2008-01-31,2008-02-29,6C,G10 FX,1.0,0.646312141882358,1.1002023837704897,0.5418538300604525,Shallow GBDT depth=1,2008
2008-01-31,2008-02-29,6E,G10 FX,1.0,0.9994017661710736,1.4832211299803961,0.5418538300604525,Shallow GBDT depth=1,2008
2008-01-31,2008-02-29,6J,G10 FX,1.0,0.7888977391191961,0.8383779702321325,0.5418538300604525,Shallow GBDT depth=1,2008
2008-01-31,2008-02-29,6S,G10 FX,1.0,1.5364306616282242,1.304029341725697,0.5418538300604525,Shallow GBDT depth=1,2008
2008-01-31,2008-02-29,CL,Commodities,1.0,1.4395082980986809,1.2642317272994354,0.5418538300604525,Shallow GBDT depth=1,2008
2008-01-31,2008-02-29,ES,Equity indices,0.0,-0.5852894961497614,-0.42283402657852814,0.42786140378924276,Shallow GBDT depth=1,2008
2008-01-31,2008-02-29,GC,Commodities,1.0,1.122224654616271,1.5301862641312172,0.5418538300604525,Shallow GBDT depth=1,2008
2008-01-31,2008-02-29,HG,Commodities,1.0,1.7467340458410814,0.6064806312892107,0.5418538300604525,Shallow GBDT depth=1,2008
2008-01-31,2008-02-29,NG,Commodities,1.0,1.5207917916832197,-0.6232882321419836,0.5247395012500642,Shallow GBDT depth=1,2008
2008-01-31,2008-02-29,NKD,Equity indices,0.0,-0.27780899205748943,-1.149936945001236,0.42786140378924276,Shallow GBDT depth=1,2008
2008-01-31,2008-02-29,NQ,Equity indices,0.0,-0.7571362728612899,-0.08457092458072,0.42786140378924276,Shallow GBDT depth=1,2008
2008-01-31,2008-02-29,RTY,Equity indices,0.0,-0.49874857603904676,-0.6269606791678317,0.42786140378924276,Shallow GBDT depth=1,2008
2008-01-31,2008-02-29,SI,Commodities,1.0,2.744445075318844,0.6416133867828165,0.5418538300604525,Shallow GBDT depth=1,2008
2008-01-31,2008-02-29,ZB,Government bonds,1.0,0.1132075202419237,0.7491306500468257,0.5418538300604525,Shallow GBDT depth=1,2008
2008-01-31,2008-02-29,ZC,Commodities,1.0,1.2805504467116575,0.19904934676304217,0.5418538300604525,Shallow GBDT depth=1,2008
2008-01-31,2008-02-29,ZF,Government bonds,1.0,1.1493623822685575,1.5139718503566229,0.5418538300604525,Shallow GBDT depth=1,2008
2008-01-31,2008-02-29,ZN,Government bonds,1.0,0.841653751587184,1.3794114117358733,0.5418538300604525,Shallow GBDT depth=1,2008
2008-01-31,2008-02-29,ZS,Commodities,1.0,3.4533460221780907,1.7164283046422029,0.5418538300604525,Shallow GBDT depth=1,2008
2008-01-31,2008-02-29,ZT,Government bonds,1.0,1.545512574709673,1.7720225616701122,0.5418538300604525,Shallow GBDT depth=1,2008
2008-01-31,2008-02-29,ZW,Commodities,1.0,1.966130990367989,1.403019555410027,0.5418538300604525,Shallow GBDT depth=1,2008
2008-02-29,2008-03-31,6A,G10 FX,0.0,-0.43686453409857884,1.3494834219598395,0.5687791638702758,Shallow GBDT depth=1,2008
2008-02-29,2008-03-31,6B,G10 FX,1.0,0.013153559676783055,0.40502459841031324,0.5687791638702758,Shallow GBDT depth=1,2008
2008-02-29,2008-03-31,6C,G10 FX,0.0,-1.2379897069552395,1.3012389423032604,0.5687791638702758,Shallow GBDT depth=1,2008
2008-02-29,2008-03-31,6E,G10 FX,1.0,1.81246309005107,1.5409003994382866,0.5687791638702758,Shallow GBDT depth=1,2008
2008-02-29,2008-03-31,6J,G10 FX,1.0,1.5151187736026128,0.737387047152748,0.5687791638702758,Shallow GBDT depth=1,2008
2008-02-29,2008-03-31,6S,G10 FX,1.0,1.9746571449619947,1.3476813692713219,0.5687791638702758,Shallow GBDT depth=1,2008
2008-02-29,2008-03-31,CL,Commodities,1.0,0.08714333096151645,1.6545861460651563,0.5687791638702758,Shallow GBDT depth=1,2008
2008-02-29,2008-03-31,ES,Equity indices,0.0,-0.10473966836398511,-0.3994782335758123,0.45474468239241994,Shallow GBDT depth=1,2008
2008-02-29,2008-03-31,GC,Commodities,0.0,-1.3661957816789403,1.9586547406046253,0.5687791638702758,Shallow GBDT depth=1,2008
2008-02-29,2008-03-31,HG,Commodities,0.0,-0.07628943685502372,0.8933023987833566,0.5687791638702758,Shallow GBDT depth=1,2008
2008-02-29,2008-03-31,NG,Commodities,1.0,0.744858113207352,-0.06499057720872001,0.5518387512305097,Shallow GBDT depth=1,2008
2008-02-29,2008-03-31,NKD,Equity indices,0.0,-0.5803904123655146,-0.9914190476985302,0.45474468239241994,Shallow GBDT depth=1,2008
2008-02-29,2008-03-31,NQ,Equity indices,1.0,0.12572274989154483,-0.21506540480158187,0.45474468239241994,Shallow GBDT depth=1,2008
2008-02-29,2008-03-31,RTY,Equity indices,1.0,0.10408031233665546,-0.605169722055107,0.45474468239241994,Shallow GBDT depth=1,2008
2008-02-29,2008-03-31,SI,Commodities,0.0,-2.364559467945325,1.669134456578103,0.5687791638702758,Shallow GBDT depth=1,2008
2008-02-29,2008-03-31,ZB,Government bonds,1.0,0.044404133704207094,0.5173959961355321,0.5687791638702758,Shallow GBDT depth=1,2008
2008-02-29,2008-03-31,ZC,Commodities,1.0,0.3297602927621356,0.7482659477030562,0.5687791638702758,Shallow GBDT depth=1,2008
2008-02-29,2008-03-31,ZF,Government bonds,0.0,-0.008885601417831143,1.4539201554039085,0.5687791638702758,Shallow GBDT depth=1,2008
2008-02-29,2008-03-31,ZN,Government bonds,1.0,0.656792884379523,1.2332845131983665,0.5687791638702758,Shallow GBDT depth=1,2008
2008-02-29,2008-03-31,ZS,Commodities,0.0,-4.54917675389706,2.677759074316973,0.5687791638702758,Shallow GBDT depth=1,2008
2008-02-29,2008-03-31,ZT,Government bonds,0.0,-0.17758158881605085,1.848577765708912,0.5687791638702758,Shallow GBDT depth=1,2008
2008-02-29,2008-03-31,ZW,Commodities,0.0,-1.1070202216328684,1.1525864076433812,0.5687791638702758,Shallow GBDT depth=1,2008
2008-03-31,2008-04-30,6A,G10 FX,1.0,1.0115685780980177,0.7750227862608423,0.5463727004467004,Shallow GBDT depth=1,2008
2008-03-31,2008-04-30,6B,G10 FX,1.0,0.23764296975158397,0.12664913774501682,0.52928053231167,Shallow GBDT depth=1,2008
2008-03-31,2008-04-30,6C,G10 FX,1.0,0.664907192873695,0.680023700031091,0.5463727004467004,Shallow GBDT depth=1,2008
2008-03-31,2008-04-30,6E,G10 FX,0.0,-0.32098683452154,1.702644361978033,0.5463727004467004,Shallow GBDT depth=1,2008
2008-03-31,2008-04-30,6J,G10 FX,0.0,-1.2173660957813055,1.0617825772272107,0.5463727004467004,Shallow GBDT depth=1,2008
2008-03-31,2008-04-30,6S,G10 FX,0.0,-1.29801030616073,1.5679891931615664,0.5463727004467004,Shallow GBDT depth=1,2008
2008-03-31,2008-04-30,CL,Commodities,1.0,1.346428468207902,1.2667989470556678,0.5463727004467004,Shallow GBDT depth=1,2008
2008-03-31,2008-04-30,ES,Equity indices,1.0,0.7178799964756768,-0.5715650304443114,0.43232669857831396,Shallow GBDT depth=1,2008
2008-03-31,2008-04-30,GC,Commodities,0.0,-0.9744768067722052,1.019988070496335,0.5463727004467004,Shallow GBDT depth=1,2008
2008-03-31,2008-04-30,HG,Commodities,1.0,0.27659641083191455,0.23736977636175957,0.5463727004467004,Shallow GBDT depth=1,2008
2008-03-31,2008-04-30,NG,Commodities,1.0,0.6312428998956577,-0.08900019549896099,0.52928053231167,Shallow GBDT depth=1,2008
2008-03-31,2008-04-30,NKD,Equity indices,1.0,1.0546762590933654,-1.2625720490795698,0.43232669857831396,Shallow GBDT depth=1,2008
2008-03-31,2008-04-30,NQ,Equity indices,1.0,0.9976607464421325,-0.29129747566324116,0.43232669857831396,Shallow GBDT depth=1,2008
2008-03-31,2008-04-30,RTY,Equity indices,1.0,0.4744776808820514,-0.7115462222806685,0.4405732276647064,Shallow GBDT depth=1,2008
2008-03-31,2008-04-30,SI,Commodities,0.0,-0.43266858068506925,0.4188834889766627,0.5463727004467004,Shallow GBDT depth=1,2008
2008-03-31,2008-04-30,ZB,Government bonds,0.0,-0.4667001048628075,0.6769364807757167,0.5463727004467004,Shallow GBDT depth=1,2008
2008-03-31,2008-04-30,ZC,Commodities,1.0,0.7570199441346434,0.9722130028281467,0.5463727004467004,Shallow GBDT depth=1,2008
2008-03-31,2008-04-30,ZF,Government bonds,0.0,-1.1494685634083361,1.4448118747233076,0.5463727004467004,Shallow GBDT depth=1,2008
2008-03-31,2008-04-30,ZN,Government bonds,0.0,-1.125864241757465,1.4471794294264513,0.5463727004467004,Shallow GBDT depth=1,2008
2008-03-31,2008-04-30,ZS,Commodities,1.0,0.8396994076153127,0.8675690983526496,0.5463727004467004,Shallow GBDT depth=1,2008
2008-03-31,2008-04-30,ZT,Government bonds,0.0,-1.2165140498200968,1.8089686024640128,0.5463727004467004,Shallow GBDT depth=1,2008
2008-03-31,2008-04-30,ZW,Commodities,0.0,-0.8497525593444857,0.7135288356197736,0.5463727004467004,Shallow GBDT depth=1,2008
2008-04-30,2008-05-30,6A,G10 FX,1.0,0.3808817069332531,1.0716127454166986,0.5142147670771049,Shallow GBDT depth=1,2008
2008-04-30,2008-05-30,6B,G10 FX,0.0,-0.08008984186505154,0.18721517151668263,0.5142147670771049,Shallow GBDT depth=1,2008
2008-04-30,2008-05-30,6C,G10 FX,1.0,0.2761650088643366,0.7413321436708268,0.5142147670771049,Shallow GBDT depth=1,2008
2008-04-30,2008-05-30,6E,G10 FX,0.0,-0.15775225719070848,1.4760468670725073,0.5142147670771049,Shallow GBDT depth=1,2008
2008-04-30,2008-05-30,6J,G10 FX,0.0,-0.46425335988014105,0.8167536522884232,0.5142147670771049,Shallow GBDT depth=1,2008
2008-04-30,2008-05-30,6S,G10 FX,0.0,-0.24778928464259758,1.0996753265261718,0.5142147670771049,Shallow GBDT depth=1,2008
2008-04-30,2008-05-30,CL,Commodities,1.0,1.5583430859663134,1.8063793807962905,0.5142147670771049,Shallow GBDT depth=1,2008
2008-04-30,2008-05-30,ES,Equity indices,1.0,0.17951377068027738,-0.5798609324375118,0.40094826822816776,Shallow GBDT depth=1,2008
2008-04-30,2008-05-30,GC,Commodities,1.0,0.3654430832220482,0.7596555267532655,0.5142147670771049,Shallow GBDT depth=1,2008
2008-04-30,2008-05-30,HG,Commodities,0.0,-0.9581518026115828,0.3599899575403054,0.5142147670771049,Shallow GBDT depth=1,2008
2008-04-30,2008-05-30,NG,Commodities,1.0,0.7445500767598864,0.1080458812947737,0.49702635411832036,Shallow GBDT depth=1,2008
2008-04-30,2008-05-30,NKD,Equity indices,1.0,0.40547819865238527,-1.041492088707734,0.40094826822816776,Shallow GBDT depth=1,2008
2008-04-30,2008-05-30,NQ,Equity indices,1.0,0.8689896093381813,-0.15682960343260954,0.40094826822816776,Shallow GBDT depth=1,2008
2008-04-30,2008-05-30,RTY,Equity indices,1.0,0.582067578073557,-0.6503562174659118,0.40094826822816776,Shallow GBDT depth=1,2008
2008-04-30,2008-05-30,SI,Commodities,1.0,0.1498935195544003,0.42554659161318936,0.5142147670771049,Shallow GBDT depth=1,2008
2008-04-30,2008-05-30,ZB,Government bonds,0.0,-0.6311104394225028,0.5243683658908502,0.5142147670771049,Shallow GBDT depth=1,2008
2008-04-30,2008-05-30,ZC,Commodities,0.0,-0.2917153935713236,1.153042656112258,0.5142147670771049,Shallow GBDT depth=1,2008
2008-04-30,2008-05-30,ZF,Government bonds,0.0,-0.6161661278792883,1.1067604297159186,0.5142147670771049,Shallow GBDT depth=1,2008
2008-04-30,2008-05-30,ZN,Government bonds,0.0,-0.6872976187510133,1.118741567851769,0.5142147670771049,Shallow GBDT depth=1,2008
2008-04-30,2008-05-30,ZS,Commodities,1.0,0.38604225656100283,1.021540670076967,0.5142147670771049,Shallow GBDT depth=1,2008
2008-04-30,2008-05-30,ZT,Government bonds,0.0,-0.6137598205965709,1.469731098210691,0.5142147670771049,Shallow GBDT depth=1,2008
2008-04-30,2008-05-30,ZW,Commodities,0.0,-0.25761021520211996,0.462196719004014,0.5142147670771049,Shallow GBDT depth=1,2008
2008-05-30,2008-06-30,6A,G10 FX,1.0,0.17668027781392764,1.1932990765758167,0.5666591019393005,Shallow GBDT depth=1,2008
2008-05-30,2008-06-30,6B,G10 FX,1.0,0.34713890025100236,0.2034574153471122,0.5666591019393005,Shallow GBDT depth=1,2008
2008-05-30,2008-06-30,6C,G10 FX,0.0,-0.6802111995957204,0.5864620446606322,0.5666591019393005,Shallow GBDT depth=1,2008
2008-05-30,2008-06-30,6E,G10 FX,1.0,0.5265877614957575,1.597568408672714,0.5666591019393005,Shallow GBDT depth=1,2008
2008-05-30,2008-06-30,6J,G10 FX,0.0,-0.20830606929074313,0.8590397512774389,0.5666591019393005,Shallow GBDT depth=1,2008
2008-05-30,2008-06-30,6S,G10 FX,1.0,0.6204809033547558,1.1596380564842566,0.5666591019393005,Shallow GBDT depth=1,2008
2008-05-30,2008-06-30,CL,Commodities,1.0,1.250369519126241,2.0524168729669854,0.5666591019393005,Shallow GBDT depth=1,2008
2008-05-30,2008-06-30,ES,Equity indices,0.0,-1.6336387053614525,-0.6009137311472146,0.45260354369318523,Shallow GBDT depth=1,2008
2008-05-30,2008-06-30,GC,Commodities,1.0,0.6307844271382615,1.0054633036680491,0.5666591019393005,Shallow GBDT depth=1,2008
2008-05-30,2008-06-30,HG,Commodities,1.0,0.8769101780610515,0.24552549680756805,0.5666591019393005,Shallow GBDT depth=1,2008
2008-05-30,2008-06-30,NG,Commodities,1.0,1.4947076562215402,0.4531012903169789,0.5666591019393005,Shallow GBDT depth=1,2008
2008-05-30,2008-06-30,NKD,Equity indices,0.0,-0.9448817454140177,-1.041072552929188,0.45260354369318523,Shallow GBDT depth=1,2008
2008-05-30,2008-06-30,NQ,Equity indices,0.0,-1.6186939510264515,0.061080998816634105,0.45260354369318523,Shallow GBDT depth=1,2008
2008-05-30,2008-06-30,RTY,Equity indices,0.0,-1.1935421420342174,-0.5828821096600125,0.45260354369318523,Shallow GBDT depth=1,2008
2008-05-30,2008-06-30,SI,Commodities,1.0,0.3078155691578119,0.49985020554159626,0.5666591019393005,Shallow GBDT depth=1,2008
2008-05-30,2008-06-30,ZB,Government bonds,1.0,0.5611127902551851,0.7458301076426739,0.5666591019393005,Shallow GBDT depth=1,2008
2008-05-30,2008-06-30,ZC,Commodities,1.0,2.767813899137902,0.7878576288529456,0.5666591019393005,Shallow GBDT depth=1,2008
2008-05-30,2008-06-30,ZF,Government bonds,1.0,0.3272469551358458,1.2974354229130949,0.5666591019393005,Shallow GBDT depth=1,2008
2008-05-30,2008-06-30,ZN,Government bonds,1.0,0.5751576382730511,1.3231346059797944,0.5666591019393005,Shallow GBDT depth=1,2008
2008-05-30,2008-06-30,ZS,Commodities,1.0,1.7951659173078318,0.979588412379278,0.5666591019393005,Shallow GBDT depth=1,2008
2008-05-30,2008-06-30,ZT,Government bonds,1.0,0.3636456132427238,1.5949146071527134,0.5666591019393005,Shallow GBDT depth=1,2008
2008-05-30,2008-06-30,ZW,Commodities,1.0,0.6083819267424154,0.24576588245669687,0.5666591019393005,Shallow GBDT depth=1,2008
2008-06-30,2008-07-31,6A,G10 FX,0.0,-0.4045694106163433,1.0831249872742734,0.5311082248791252,Shallow GBDT depth=1,2008
2008-06-30,2008-07-31,6B,G10 FX,0.0,-0.11773765083582965,-0.04187798789164009,0.513952554359345,Shallow GBDT depth=1,2008
2008-06-30,2008-07-31,6C,G10 FX,0.0,-0.17070936983953294,0.25895920557698365,0.5311082248791252,Shallow GBDT depth=1,2008
2008-06-30,2008-07-31,6E,G10 FX,0.0,-0.31544807526331864,1.3536060512044055,0.5311082248791252,Shallow GBDT depth=1,2008
2008-06-30,2008-07-31,6J,G10 FX,0.0,-0.5661721271080419,0.8665049409604085,0.5311082248791252,Shallow GBDT depth=1,2008
2008-06-30,2008-07-31,6S,G10 FX,0.0,-0.7447821144619791,1.0953602414700108,0.5311082248791252,Shallow GBDT depth=1,2008
2008-06-30,2008-07-31,CL,Commodities,0.0,-1.3874590736107129,1.7819762070107144,0.5311082248791252,Shallow GBDT depth=1,2008
2008-06-30,2008-07-31,ES,Equity indices,0.0,-0.18653145289128717,-1.1586718872288888,0.41731725844157364,Shallow GBDT depth=1,2008
2008-06-30,2008-07-31,GC,Commodities,0.0,-0.2515362611911915,1.0862794702604537,0.5311082248791252,Shallow GBDT depth=1,2008
2008-06-30,2008-07-31,HG,Commodities,0.0,-0.7563868298720853,0.28306468340186874,0.5311082248791252,Shallow GBDT depth=1,2008
2008-06-30,2008-07-31,NG,Commodities,0.0,-4.235246887285116,1.2572883523115113,0.5311082248791252,Shallow GBDT depth=1,2008
2008-06-30,2008-07-31,NKD,Equity indices,0.0,-0.20034305276736994,-1.4125968598783205,0.41731725844157364,Shallow GBDT depth=1,2008
2008-06-30,2008-07-31,NQ,Equity indices,1.0,0.05994349681056691,-0.6034587517237011,0.41731725844157364,Shallow GBDT depth=1,2008
2008-06-30,2008-07-31,RTY,Equity indices,1.0,0.49876488096576377,-1.0451328095508476,0.41731725844157364,Shallow GBDT depth=1,2008
2008-06-30,2008-07-31,SI,Commodities,1.0,0.16117901275025498,0.6120142803353631,0.5311082248791252,Shallow GBDT depth=1,2008
2008-06-30,2008-07-31,ZB,Government bonds,0.0,-0.026319395883196397,0.8851384748626804,0.5311082248791252,Shallow GBDT depth=1,2008
2008-06-30,2008-07-31,ZC,Commodities,0.0,-2.7443750191587424,1.6490570180880189,0.5311082248791252,Shallow GBDT depth=1,2008
2008-06-30,2008-07-31,ZF,Government bonds,1.0,0.3946409672316876,1.2531533776545802,0.5311082248791252,Shallow GBDT depth=1,2008
2008-06-30,2008-07-31,ZN,Government bonds,1.0,0.337514520930567,1.380847325871199,0.5311082248791252,Shallow GBDT depth=1,2008
2008-06-30,2008-07-31,ZS,Commodities,0.0,-1.5934227317077008,1.3508105340293977,0.5311082248791252,Shallow GBDT depth=1,2008
2008-06-30,2008-07-31,ZT,Government bonds,1.0,0.4494142468715084,1.4465744597611918,0.5311082248791252,Shallow GBDT depth=1,2008
2008-06-30,2008-07-31,ZW,Commodities,0.0,-0.5731351914122189,0.3893587141216466,0.5311082248791252,Shallow GBDT depth=1,2008
2008-07-31,2008-08-29,6A,G10 FX,0.0,-2.8408346213597504,1.337281083277565,0.5666591019393005,Shallow GBDT depth=1,2008
2008-07-31,2008-08-29,6B,G10 FX,0.0,-3.690142419993852,0.13125075745713724,0.5497013402370968,Shallow GBDT depth=1,2008
2008-07-31,2008-08-29,6C,G10 FX,0.0,-1.345379722095395,0.4358695072919811,0.5666591019393005,Shallow GBDT depth=1,2008
2008-07-31,2008-08-29,6E,G10 FX,0.0,-2.2971412726332634,1.503136891103053,0.5666591019393005,Shallow GBDT depth=1,2008
2008-07-31,2008-08-29,6J,G10 FX,0.0,-0.3057751199478372,0.46881004585995395,0.5666591019393005,Shallow GBDT depth=1,2008
2008-07-31,2008-08-29,6S,G10 FX,0.0,-1.4859282689710782,1.0177584313205135,0.5666591019393005,Shallow GBDT depth=1,2008
2008-07-31,2008-08-29,CL,Commodities,0.0,-0.6484800464059929,1.2553033305832273,0.5666591019393005,Shallow GBDT depth=1,2008
2008-07-31,2008-08-29,ES,Equity indices,1.0,0.202891790661057,-0.7321226872157903,0.45260354369318523,Shallow GBDT depth=1,2008
2008-07-31,2008-08-29,GC,Commodities,0.0,-1.5139799000960494,1.051413462592816,0.5666591019393005,Shallow GBDT depth=1,2008
2008-07-31,2008-08-29,HG,Commodities,0.0,-0.8527657133845041,0.2744622140529829,0.5666591019393005,Shallow GBDT depth=1,2008
2008-07-31,2008-08-29,NG,Commodities,0.0,-1.05583752018293,-0.04530401658021117,0.5497013402370968,Shallow GBDT depth=1,2008
2008-07-31,2008-08-29,NKD,Equity indices,0.0,-0.4532237745035151,-1.0789992742184271,0.45260354369318523,Shallow GBDT depth=1,2008
2008-07-31,2008-08-29,NQ,Equity indices,1.0,0.17396723715542223,-0.33681678227973805,0.45260354369318523,Shallow GBDT depth=1,2008
2008-07-31,2008-08-29,RTY,Equity indices,1.0,0.4809880147908162,-0.3412050337417019,0.45260354369318523,Shallow GBDT depth=1,2008
2008-07-31,2008-08-29,SI,Commodities,0.0,-2.5278591584437824,0.7665305243566323,0.5666591019393005,Shallow GBDT depth=1,2008
2008-07-31,2008-08-29,ZB,Government bonds,1.0,0.7573355073708111,0.6430867634527544,0.5666591019393005,Shallow GBDT depth=1,2008
2008-07-31,2008-08-29,ZC,Commodities,0.0,-0.33004158419926255,0.8774691340801617,0.5666591019393005,Shallow GBDT depth=1,2008
2008-07-31,2008-08-29,ZF,Government bonds,1.0,0.5497053650112445,1.0864829978941015,0.5666591019393005,Shallow GBDT depth=1,2008
2008-07-31,2008-08-29,ZN,Government bonds,1.0,0.6778968903704444,1.1876478547641516,0.5666591019393005,Shallow GBDT depth=1,2008
2008-07-31,2008-08-29,ZS,Commodities,0.0,-0.4620078679170586,1.0135054022052472,0.5666591019393005,Shallow GBDT depth=1,2008
2008-07-31,2008-08-29,ZT,Government bonds,1.0,0.5120602149337171,1.307015714482678,0.5666591019393005,Shallow GBDT depth=1,2008
2008-07-31,2008-08-29,ZW,Commodities,0.0,-0.039054521053081034,0.07641313515706459,0.5497013402370968,Shallow GBDT depth=1,2008
2008-08-29,2008-09-30,6A,G10 FX,0.0,-1.9220784526461383,0.4147022536338874,0.5136291614152739,Shallow GBDT depth=1,2008
2008-08-29,2008-09-30,6B,G10 FX,0.0,-0.42585045434560526,-1.0982382529684398,0.49644031910877034,Shallow GBDT depth=1,2008
2008-08-29,2008-09-30,6C,G10 FX,1.0,0.15241078620354723,-0.24722238562282123,0.49644031910877034,Shallow GBDT depth=1,2008
2008-08-29,2008-09-30,6E,G10 FX,0.0,-1.0156496175500351,0.5656896184444444,0.5136291614152739,Shallow GBDT depth=1,2008
2008-08-29,2008-09-30,6J,G10 FX,1.0,0.8827608737152199,0.16067664619863467,0.5136291614152739,Shallow GBDT depth=1,2008
2008-08-29,2008-09-30,6S,G10 FX,0.0,-0.3480137712324491,0.4767249989853041,0.5136291614152739,Shallow GBDT depth=1,2008
2008-08-29,2008-09-30,CL,Commodities,0.0,-0.9981498503346996,0.9195284417321645,0.5666591019393005,Shallow GBDT depth=1,2008
2008-08-29,2008-09-30,ES,Equity indices,0.0,-1.5700918475817898,-0.8514075583178922,0.45260354369318523,Shallow GBDT depth=1,2008
2008-08-29,2008-09-30,GC,Commodities,1.0,0.761786841866673,0.39545024927391065,0.5666591019393005,Shallow GBDT depth=1,2008
2008-08-29,2008-09-30,HG,Commodities,0.0,-1.6956626264211208,0.032279731961552094,0.5497013402370968,Shallow GBDT depth=1,2008
2008-08-29,2008-09-30,NG,Commodities,0.0,-0.5791736324630488,-0.189266262923961,0.5497013402370968,Shallow GBDT depth=1,2008
2008-08-29,2008-09-30,NKD,Equity indices,0.0,-1.4232604419556873,-1.0409533425789121,0.45260354369318523,Shallow GBDT depth=1,2008
2008-08-29,2008-09-30,NQ,Equity indices,0.0,-2.4639951726739597,-0.49906267261279186,0.4609228056879098,Shallow GBDT depth=1,2008
2008-08-29,2008-09-30,RTY,Equity indices,0.0,-1.1084829995507388,-0.2554186922872963,0.45260354369318523,Shallow GBDT depth=1,2008
2008-08-29,2008-09-30,SI,Commodities,0.0,-0.7790833670978574,0.052613246237626095,0.5497013402370968,Shallow GBDT depth=1,2008
2008-08-29,2008-09-30,ZB,Government bonds,0.0,-0.042439590493036264,0.5962277188893311,0.5666591019393005,Shallow GBDT depth=1,2008
2008-08-29,2008-09-30,ZC,Commodities,0.0,-1.464688975342683,0.6689217952271654,0.5666591019393005,Shallow GBDT depth=1,2008
2008-08-29,2008-09-30,ZF,Government bonds,1.0,0.16783509191620544,1.1028704433851289,0.5666591019393005,Shallow GBDT depth=1,2008
2008-08-29,2008-09-30,ZN,Government bonds,0.0,-0.35312866938968857,1.1814055989520666,0.5666591019393005,Shallow GBDT depth=1,2008
2008-08-29,2008-09-30,ZS,Commodities,0.0,-1.920776082687468,0.6647801376654592,0.5666591019393005,Shallow GBDT depth=1,2008
2008-08-29,2008-09-30,ZT,Government bonds,1.0,0.7319519955451596,1.34484433069827,0.5666591019393005,Shallow GBDT depth=1,2008
2008-08-29,2008-09-30,ZW,Commodities,0.0,-0.9832323572730026,-0.29846538941776735,0.5497013402370968,Shallow GBDT depth=1,2008
2008-09-30,2008-10-31,6A,G10 FX,0.0,-2.8793605431245077,-0.5095322304223004,0.47972722359776304,Shallow GBDT depth=1,2008
2008-09-30,2008-10-31,6B,G10 FX,0.0,-2.861945702503231,-0.9519566185839599,0.47972722359776304,Shallow GBDT depth=1,2008
2008-09-30,2008-10-31,6C,G10 FX,0.0,-3.5574721189337963,-0.7557708578681139,0.4713653301328179,Shallow GBDT depth=1,2008
2008-09-30,2008-10-31,6E,G10 FX,0.0,-2.648159931192149,0.0801226539745587,0.47972722359776304,Shallow GBDT depth=1,2008
2008-09-30,2008-10-31,6J,G10 FX,1.0,1.799744038122918,0.563241092366317,0.48852825634669966,Shallow GBDT depth=1,2008
2008-09-30,2008-10-31,6S,G10 FX,0.0,-0.8131785071899181,0.33131151550281546,0.48852825634669966,Shallow GBDT depth=1,2008
2008-09-30,2008-10-31,CL,Commodities,0.0,-2.158908280701761,0.4474277127242458,0.49690842245566785,Shallow GBDT depth=1,2008
2008-09-30,2008-10-31,ES,Equity indices,0.0,-1.7707260738877146,-1.0797633987583724,0.42786140378924276,Shallow GBDT depth=1,2008
2008-09-30,2008-10-31,GC,Commodities,0.0,-1.9991953438189844,0.3354098990071115,0.49690842245566785,Shallow GBDT depth=1,2008
2008-09-30,2008-10-31,HG,Commodities,0.0,-3.3616558407983517,-0.70933552585071,0.47972722359776304,Shallow GBDT depth=1,2008
2008-09-30,2008-10-31,NG,Commodities,0.0,-0.7259462270887269,-0.31422554025698196,0.4713653301328179,Shallow GBDT depth=1,2008
2008-09-30,2008-10-31,NKD,Equity indices,0.0,-2.182565252686559,-1.4071940560086835,0.42786140378924276,Shallow GBDT depth=1,2008
2008-09-30,2008-10-31,NQ,Equity indices,0.0,-1.5137011224452508,-1.141076422010505,0.43608818967502105,Shallow GBDT depth=1,2008
2008-09-30,2008-10-31,RTY,Equity indices,0.0,-1.9020518428033384,-0.6321134863806555,0.42786140378924276,Shallow GBDT depth=1,2008
2008-09-30,2008-10-31,SI,Commodities,0.0,-1.221736293637241,-0.3058450098366416,0.47972722359776304,Shallow GBDT depth=1,2008
2008-09-30,2008-10-31,ZB,Government bonds,0.0,-0.9023920258204793,0.622580495588096,0.5418538300604525,Shallow GBDT depth=1,2008
2008-09-30,2008-10-31,ZC,Commodities,0.0,-1.2366473505240094,0.2584021678760188,0.49690842245566785,Shallow GBDT depth=1,2008
2008-09-30,2008-10-31,ZF,Government bonds,1.0,0.40673295695346073,0.9384152465232048,0.5418538300604525,Shallow GBDT depth=1,2008
2008-09-30,2008-10-31,ZN,Government bonds,0.0,-0.4528587158912048,0.9256673190342594,0.5418538300604525,Shallow GBDT depth=1,2008
2008-09-30,2008-10-31,ZS,Commodities,0.0,-0.8194023546722975,0.033721766253183696,0.47972722359776304,Shallow GBDT depth=1,2008
2008-09-30,2008-10-31,ZT,Government bonds,1.0,0.563793328603577,1.104505231454753,0.5418538300604525,Shallow GBDT depth=1,2008
2008-09-30,2008-10-31,ZW,Commodities,0.0,-1.2308353600095538,-0.6074282898089758,0.47972722359776304,Shallow GBDT depth=1,2008
2008-10-31,2008-11-28,6A,G10 FX,0.0,-0.13429447311600007,-0.7553900099102412,0.48481528691229203,Shallow GBDT depth=1,2008
2008-10-31,2008-11-28,6B,G10 FX,0.0,-0.9039011374137333,-1.4072673657729768,0.48481528691229203,Shallow GBDT depth=1,2008
2008-10-31,2008-11-28,6C,G10 FX,0.0,-0.5410649266646074,-1.190963927786966,0.48481528691229203,Shallow GBDT depth=1,2008
2008-10-31,2008-11-28,6E,G10 FX,0.0,-0.06855002851358513,-0.8296769728885091,0.48481528691229203,Shallow GBDT depth=1,2008
2008-10-31,2008-11-28,6J,G10 FX,1.0,0.6173163032636776,0.5000674665913218,0.4936211013927307,Shallow GBDT depth=1,2008
2008-10-31,2008-11-28,6S,G10 FX,0.0,-1.1387864193160466,-0.23781142505547714,0.48481528691229203,Shallow GBDT depth=1,2008
2008-10-31,2008-11-28,CL,Commodities,0.0,-0.8984641839814417,-0.3995257682729072,0.48481528691229203,Shallow GBDT depth=1,2008
2008-10-31,2008-11-28,ES,Equity indices,0.0,-0.4372896342060195,-0.9235291490690682,0.4764459225638118,Shallow GBDT depth=1,2008
2008-10-31,2008-11-28,GC,Commodities,1.0,1.1502618791185815,-0.43708886079413484,0.48481528691229203,Shallow GBDT depth=1,2008
2008-10-31,2008-11-28,HG,Commodities,0.0,-0.46786529522672515,-0.9723732223667982,0.48481528691229203,Shallow GBDT depth=1,2008
2008-10-31,2008-11-28,NG,Commodities,0.0,-0.1824906933961558,-0.6170082300139471,0.4764459225638118,Shallow GBDT depth=1,2008
2008-10-31,2008-11-28,NKD,Equity indices,0.0,-0.2244015892892873,-1.0464918898963784,0.4764459225638118,Shallow GBDT depth=1,2008
2008-10-31,2008-11-28,NQ,Equity indices,0.0,-0.64195111651277,-0.9661801051875322,0.48481528691229203,Shallow GBDT depth=1,2008
2008-10-31,2008-11-28,RTY,Equity indices,0.0,-0.6318768719552329,-0.697492886093418,0.4764459225638118,Shallow GBDT depth=1,2008
2008-10-31,2008-11-28,SI,Commodities,1.0,0.1993175044510809,-0.7545006117707282,0.48481528691229203,Shallow GBDT depth=1,2008
2008-10-31,2008-11-28,ZB,Government bonds,1.0,3.117218771679509,0.09346851521849091,0.5733016574536155,Shallow GBDT depth=1,2008
2008-10-31,2008-11-28,ZC,Commodities,0.0,-0.7379978621239522,-0.22515774396202598,0.4764459225638118,Shallow GBDT depth=1,2008
2008-10-31,2008-11-28,ZF,Government bonds,1.0,2.388929177175663,0.7914896392258453,0.590033494513177,Shallow GBDT depth=1,2008
2008-10-31,2008-11-28,ZN,Government bonds,1.0,2.686325168698973,0.49326117470747305,0.590033494513177,Shallow GBDT depth=1,2008
2008-10-31,2008-11-28,ZS,Commodities,0.0,-0.3326254789327212,-0.3634383680486475,0.4764459225638118,Shallow GBDT depth=1,2008
2008-10-31,2008-11-28,ZT,Government bonds,1.0,1.4897765716181681,1.0153032704288179,0.590033494513177,Shallow GBDT depth=1,2008
2008-10-31,2008-11-28,ZW,Commodities,1.0,0.05866327472196366,-0.7412156727054623,0.48481528691229203,Shallow GBDT depth=1,2008
2008-11-28,2008-12-31,6A,G10 FX,1.0,0.6647263206786612,-0.7592167986194381,0.42395574761846766,Shallow GBDT depth=1,2008
2008-11-28,2008-12-31,6B,G10 FX,0.0,-0.9231908385895606,-1.5625340435073884,0.42395574761846766,Shallow GBDT depth=1,2008
2008-11-28,2008-12-31,6C,G10 FX,1.0,0.3116928361582459,-0.9825372312349397,0.42395574761846766,Shallow GBDT depth=1,2008
2008-11-28,2008-12-31,6E,G10 FX,1.0,1.9437279542863484,-0.8138724973928678,0.42395574761846766,Shallow GBDT depth=1,2008
2008-11-28,2008-12-31,6J,G10 FX,1.0,1.0632542961404634,0.7476915698748207,0.4325843305727081,Shallow GBDT depth=1,2008
2008-11-28,2008-12-31,6S,G10 FX,1.0,3.0296371940082523,-0.515349597737429,0.42395574761846766,Shallow GBDT depth=1,2008
2008-11-28,2008-12-31,CL,Commodities,0.0,-1.0108352432155459,-0.7021987111189466,0.42395574761846766,Shallow GBDT depth=1,2008
2008-11-28,2008-12-31,ES,Equity indices,1.0,0.03594657532388564,-1.0567125315125763,0.4157890811288836,Shallow GBDT depth=1,2008
2008-11-28,2008-12-31,GC,Commodities,1.0,0.7677227625153232,-0.09536893503211673,0.42395574761846766,Shallow GBDT depth=1,2008
2008-11-28,2008-12-31,HG,Commodities,0.0,-0.6019154634426659,-0.9964787084212046,0.42395574761846766,Shallow GBDT depth=1,2008
2008-11-28,2008-12-31,NG,Commodities,0.0,-0.6987883019306718,-0.4634546872804788,0.4157890811288836,Shallow GBDT depth=1,2008
2008-11-28,2008-12-31,NKD,Equity indices,1.0,0.23161339385152332,-1.1586712176951828,0.42395574761846766,Shallow GBDT depth=1,2008
2008-11-28,2008-12-31,NQ,Equity indices,1.0,0.10745889305664615,-1.2265837064382032,0.42395574761846766,Shallow GBDT depth=1,2008
2008-11-28,2008-12-31,RTY,Equity indices,1.0,0.272616635845075,-0.8311486664661798,0.4157890811288836,Shallow GBDT depth=1,2008
2008-11-28,2008-12-31,SI,Commodities,1.0,0.498055841052589,-0.6770312955983265,0.42395574761846766,Shallow GBDT depth=1,2008
2008-11-28,2008-12-31,ZB,Government bonds,1.0,2.009308647621456,0.8631918179887768,0.5295420452321308,Shallow GBDT depth=1,2008
2008-11-28,2008-12-31,ZC,Commodities,1.0,0.6303103160119955,-0.6241604973707526,0.42395574761846766,Shallow GBDT depth=1,2008
2008-11-28,2008-12-31,ZF,Government bonds,1.0,0.9552436556037128,1.3153514892264355,0.5295420452321308,Shallow GBDT depth=1,2008
2008-11-28,2008-12-31,ZN,Government bonds,1.0,1.2926747295148062,1.0975383868529411,0.5295420452321308,Shallow GBDT depth=1,2008
2008-11-28,2008-12-31,ZS,Commodities,1.0,0.6497655659325948,-0.65049052072376,0.4157890811288836,Shallow GBDT depth=1,2008
2008-11-28,2008-12-31,ZT,Government bonds,1.0,0.5690844226128092,1.4045656095055148,0.5295420452321308,Shallow GBDT depth=1,2008
2008-11-28,2008-12-31,ZW,Commodities,1.0,0.48698494624661154,-1.2687740153654288,0.4157890811288836,Shallow GBDT depth=1,2008
2008-12-31,2009-01-30,6A,G10 FX,0.0,-0.9082860667223032,-0.6307070621377155,0.506229460281118,Shallow GBDT depth=1,2008
2008-12-31,2009-01-30,6B,G10 FX,0.0,-0.13531133354260083,-1.5494203577637053,0.5146077646328185,Shallow GBDT depth=1,2008
2008-12-31,2009-01-30,6C,G10 FX,0.0,-0.1835744476999958,-0.9156078156537228,0.5146077646328185,Shallow GBDT depth=1,2008
2008-12-31,2009-01-30,6E,G10 FX,0.0,-1.5990112892305832,-0.2845892297231508,0.506229460281118,Shallow GBDT depth=1,2008
2008-12-31,2009-01-30,6J,G10 FX,1.0,0.22633456125363544,0.9440919898626308,0.523404944936236,Shallow GBDT depth=1,2008
2008-12-31,2009-01-30,6S,G10 FX,0.0,-1.5774435913938563,0.08963004282449293,0.506229460281118,Shallow GBDT depth=1,2008
2008-12-31,2009-01-30,CL,Commodities,0.0,-0.6248071790188156,-1.0498603917601312,0.5146077646328185,Shallow GBDT depth=1,2008
2008-12-31,2009-01-30,ES,Equity indices,0.0,-0.5153635586108982,-1.0058950425182671,0.506229460281118,Shallow GBDT depth=1,2008
2008-12-31,2009-01-30,GC,Commodities,1.0,0.5187016902626997,-0.16621779119213415,0.506229460281118,Shallow GBDT depth=1,2008
2008-12-31,2009-01-30,HG,Commodities,1.0,0.16401531761493623,-1.5507201314462369,0.506229460281118,Shallow GBDT depth=1,2008
2008-12-31,2009-01-30,NG,Commodities,0.0,-1.0050967414317662,-0.9382328990884304,0.506229460281118,Shallow GBDT depth=1,2008
2008-12-31,2009-01-30,NKD,Equity indices,0.0,-0.7360425206545995,-0.9198810974595768,0.506229460281118,Shallow GBDT depth=1,2008
2008-12-31,2009-01-30,NQ,Equity indices,0.0,-0.16162557008080353,-1.106823015558758,0.506229460281118,Shallow GBDT depth=1,2008
2008-12-31,2009-01-30,RTY,Equity indices,0.0,-0.5781214422158301,-0.6149251490217204,0.506229460281118,Shallow GBDT depth=1,2008
2008-12-31,2009-01-30,SI,Commodities,1.0,0.641746918211398,-0.8095849589347818,0.506229460281118,Shallow GBDT depth=1,2008
2008-12-31,2009-01-30,ZB,Government bonds,0.0,-2.0568031642355256,1.2267519220469572,0.6185289585791295,Shallow GBDT depth=1,2008
2008-12-31,2009-01-30,ZC,Commodities,0.0,-0.44198251863907206,-0.8156605709695444,0.506229460281118,Shallow GBDT depth=1,2008
2008-12-31,2009-01-30,ZF,Government bonds,0.0,-0.3852949189300727,1.4478899835362533,0.6185289585791295,Shallow GBDT depth=1,2008
2008-12-31,2009-01-30,ZN,Government bonds,0.0,-0.8224237774098992,1.2569648035898553,0.6185289585791295,Shallow GBDT depth=1,2008
2008-12-31,2009-01-30,ZS,Commodities,0.0,0.0,-0.8107824556594843,0.506229460281118,Shallow GBDT depth=1,2008
2008-12-31,2009-01-30,ZT,Government bonds,0.0,-0.22902623238917974,1.459202632648128,0.6185289585791295,Shallow GBDT depth=1,2008
2008-12-31,2009-01-30,ZW,Commodities,0.0,-0.4654181712189263,-1.174621091012546,0.506229460281118,Shallow GBDT depth=1,2008
2009-01-30,2009-02-27,6A,G10 FX,1.0,0.13875785470728683,-0.9793898000413469,0.41225621337819535,Shallow GBDT depth=1,2009
2009-01-30,2009-02-27,6B,G10 FX,0.0,-0.13338073326157332,-1.5176875527417055,0.41225621337819535,Shallow GBDT depth=1,2009
2009-01-30,2009-02-27,6C,G10 FX,0.0,-0.5637731791201692,-1.1561970231226517,0.41225621337819535,Shallow GBDT depth=1,2009
2009-01-30,2009-02-27,6E,G10 FX,0.0,-0.12707709007759593,-0.6394687498851312,0.41225621337819535,Shallow GBDT depth=1,2009
2009-01-30,2009-02-27,6J,G10 FX,0.0,-1.9476252259734113,1.0449298193860728,0.43338463763809465,Shallow GBDT depth=1,2009
2009-01-30,2009-02-27,6S,G10 FX,0.0,-0.098453087117467,-0.2775578681336965,0.41225621337819535,Shallow GBDT depth=1,2009
2009-01-30,2009-02-27,CL,Commodities,1.0,0.1821561721444842,-1.3470772644751476,0.41225621337819535,Shallow GBDT depth=1,2009
2009-01-30,2009-02-27,ES,Equity indices,0.0,-0.6556960967305526,-1.1689441545887502,0.41225621337819535,Shallow GBDT depth=1,2009
2009-01-30,2009-02-27,GC,Commodities,1.0,0.1732775415403895,-0.020575980300234147,0.41225621337819535,Shallow GBDT depth=1,2009
2009-01-30,2009-02-27,HG,Commodities,1.0,0.16507062579468887,-1.743544780512337,0.41225621337819535,Shallow GBDT depth=1,2009
2009-01-30,2009-02-27,NG,Commodities,0.0,-0.17303478691278637,-1.395237033591389,0.41225621337819535,Shallow GBDT depth=1,2009
2009-01-30,2009-02-27,NKD,Equity indices,0.0,-0.3448941019981013,-1.1067853617084618,0.41225621337819535,Shallow GBDT depth=1,2009
2009-01-30,2009-02-27,NQ,Equity indices,0.0,-0.34082774664674065,-1.0862564079737924,0.41225621337819535,Shallow GBDT depth=1,2009
2009-01-30,2009-02-27,RTY,Equity indices,0.0,-0.6247491900254967,-0.8909468110011799,0.41225621337819535,Shallow GBDT depth=1,2009
2009-01-30,2009-02-27,SI,Commodities,1.0,0.28704891392892845,-0.8299136676198016,0.41225621337819535,Shallow GBDT depth=1,2009
2009-01-30,2009-02-27,ZB,Government bonds,0.0,-0.35652383452050807,0.5981267526449717,0.5342218949755637,Shallow GBDT depth=1,2009
2009-01-30,2009-02-27,ZC,Commodities,0.0,-0.4747621796390837,-0.9232979274633378,0.41225621337819535,Shallow GBDT depth=1,2009
2009-01-30,2009-02-27,ZF,Government bonds,0.0,-0.2707446615811811,1.1963321025228932,0.5342218949755637,Shallow GBDT depth=1,2009
2009-01-30,2009-02-27,ZN,Government bonds,0.0,-0.2774044759171608,0.9396861029900785,0.5342218949755637,Shallow GBDT depth=1,2009
2009-01-30,2009-02-27,ZS,Commodities,0.0,-0.8892630284238956,-0.917327633418563,0.41225621337819535,Shallow GBDT depth=1,2009
2009-01-30,2009-02-27,ZT,Government bonds,1.0,0.05542311755094871,1.194442529989765,0.5342218949755637,Shallow GBDT depth=1,2009
2009-01-30,2009-02-27,ZW,Commodities,0.0,-0.6396860555310279,-1.576848277666306,0.41225621337819535,Shallow GBDT depth=1,2009
2009-02-27,2009-03-31,6A,G10 FX,1.0,0.8399283135953168,-1.1757333901343474,0.42116432780989427,Shallow GBDT depth=1,2009
2009-02-27,2009-03-31,6B,G10 FX,1.0,0.022118293568936374,-1.8395525008375184,0.42116432780989427,Shallow GBDT depth=1,2009
2009-02-27,2009-03-31,6C,G10 FX,1.0,0.13424471944986316,-1.4565825026502361,0.42116432780989427,Shallow GBDT depth=1,2009
2009-02-27,2009-03-31,6E,G10 FX,1.0,0.8842415643383367,-1.1253193284694347,0.42116432780989427,Shallow GBDT depth=1,2009
2009-02-27,2009-03-31,6J,G10 FX,0.0,-0.27294341133578726,0.14474377814091136,0.43184388447672933,Shallow GBDT depth=1,2009
2009-02-27,2009-03-31,6S,G10 FX,1.0,0.47929144366181414,-0.8517962990046104,0.42116432780989427,Shallow GBDT depth=1,2009
2009-02-27,2009-03-31,CL,Commodities,1.0,0.3670351727274446,-1.790787304686327,0.42116432780989427,Shallow GBDT depth=1,2009
2009-02-27,2009-03-31,ES,Equity indices,1.0,0.5344621635372293,-1.3849853879081069,0.42116432780989427,Shallow GBDT depth=1,2009
2009-02-27,2009-03-31,GC,Commodities,0.0,-0.2463326579919596,-0.22379832581002335,0.42116432780989427,Shallow GBDT depth=1,2009
2009-02-27,2009-03-31,HG,Commodities,1.0,0.9712687911683664,-2.093695834989367,0.42116432780989427,Shallow GBDT depth=1,2009
2009-02-27,2009-03-31,NG,Commodities,0.0,-0.5563602978733415,-2.1134543362933123,0.42116432780989427,Shallow GBDT depth=1,2009
2009-02-27,2009-03-31,NKD,Equity indices,1.0,0.7151397202997297,-1.243027495255159,0.42116432780989427,Shallow GBDT depth=1,2009
2009-02-27,2009-03-31,NQ,Equity indices,1.0,0.7405513038679231,-1.1683404427521682,0.42116432780989427,Shallow GBDT depth=1,2009
2009-02-27,2009-03-31,RTY,Equity indices,1.0,0.4587025002882336,-1.0105114350357172,0.42116432780989427,Shallow GBDT depth=1,2009
2009-02-27,2009-03-31,SI,Commodities,0.0,-0.07075782622443182,-1.1847094505205051,0.42116432780989427,Shallow GBDT depth=1,2009
2009-02-27,2009-03-31,ZB,Government bonds,1.0,1.0075832226647106,0.3916304518063376,0.543329165747602,Shallow GBDT depth=1,2009
2009-02-27,2009-03-31,ZC,Commodities,1.0,0.8584725548128641,-1.5045227585824272,0.42116432780989427,Shallow GBDT depth=1,2009
2009-02-27,2009-03-31,ZF,Government bonds,1.0,1.0035001672346067,0.9770412329399131,0.543329165747602,Shallow GBDT depth=1,2009
2009-02-27,2009-03-31,ZN,Government bonds,1.0,1.0865686220645063,0.6539740746692074,0.543329165747602,Shallow GBDT depth=1,2009
2009-02-27,2009-03-31,ZS,Commodities,1.0,0.7242356411060565,-1.4190546237229469,0.42116432780989427,Shallow GBDT depth=1,2009
2009-02-27,2009-03-31,ZT,Government bonds,1.0,0.8375570109991288,1.1882480123313124,0.543329165747602,Shallow GBDT depth=1,2009
2009-02-27,2009-03-31,ZW,Commodities,1.0,0.14191197724902035,-3.0715740692147624,0.42116432780989427,Shallow GBDT depth=1,2009
2009-03-31,2009-04-30,6A,G10 FX,1.0,0.5972973946809871,-0.995519155278999,0.45490822298198574,Shallow GBDT depth=1,2009
2009-03-31,2009-04-30,6B,G10 FX,1.0,0.5818761560141478,-1.781156258819403,0.45490822298198574,Shallow GBDT depth=1,2009
2009-03-31,2009-04-30,6C,G10 FX,1.0,1.100684329302448,-1.2989334009029334,0.45490822298198574,Shallow GBDT depth=1,2009
2009-03-31,2009-04-30,6E,G10 FX,0.0,-0.03338137539533011,-1.0223315756442306,0.45490822298198574,Shallow GBDT depth=1,2009
2009-03-31,2009-04-30,6J,G10 FX,1.0,0.0653308643841025,0.006286465356424572,0.45490822298198574,Shallow GBDT depth=1,2009
2009-03-31,2009-04-30,6S,G10 FX,0.0,-0.013411514063000273,-0.8259350671482154,0.45490822298198574,Shallow GBDT depth=1,2009
2009-03-31,2009-04-30,CL,Commodities,0.0,-0.09873317578761028,-1.7593170265806382,0.45490822298198574,Shallow GBDT depth=1,2009
2009-03-31,2009-04-30,ES,Equity indices,1.0,0.6519883900086019,-1.3493797362322097,0.45490822298198574,Shallow GBDT depth=1,2009
2009-03-31,2009-04-30,GC,Commodities,0.0,-0.3920538032505865,-0.07466949445578398,0.45490822298198574,Shallow GBDT depth=1,2009
2009-03-31,2009-04-30,HG,Commodities,1.0,0.7032716623012869,-2.0365147002707777,0.45490822298198574,Shallow GBDT depth=1,2009
2009-03-31,2009-04-30,NG,Commodities,0.0,-0.5792147719246143,-2.2807793696808156,0.45490822298198574,Shallow GBDT depth=1,2009
2009-03-31,2009-04-30,NKD,Equity indices,1.0,0.4133917646467096,-1.1359428925422084,0.45490822298198574,Shallow GBDT depth=1,2009
2009-03-31,2009-04-30,NQ,Equity indices,1.0,1.0000455621127275,-1.08628220905213,0.45490822298198574,Shallow GBDT depth=1,2009
2009-03-31,2009-04-30,RTY,Equity indices,1.0,0.8802245633208742,-0.9954151303849907,0.45490822298198574,Shallow GBDT depth=1,2009
2009-03-31,2009-04-30,SI,Commodities,0.0,-0.3623672813836976,-0.7787879123227739,0.45490822298198574,Shallow GBDT depth=1,2009
2009-03-31,2009-04-30,ZB,Government bonds,0.0,-1.107792910426299,0.6283883068564577,0.5771023704422433,Shallow GBDT depth=1,2009
2009-03-31,2009-04-30,ZC,Commodities,0.0,-0.19278399199570959,-1.4586667646773273,0.45490822298198574,Shallow GBDT depth=1,2009
2009-03-31,2009-04-30,ZF,Government bonds,0.0,-0.6790477639418321,1.1648361391833553,0.5771023704422433,Shallow GBDT depth=1,2009
2009-03-31,2009-04-30,ZN,Government bonds,0.0,-0.7425880917544168,0.8318708433923131,0.5771023704422433,Shallow GBDT depth=1,2009
2009-03-31,2009-04-30,ZS,Commodities,1.0,1.069172760801072,-1.1036764111344421,0.45490822298198574,Shallow GBDT depth=1,2009
2009-03-31,2009-04-30,ZT,Government bonds,0.0,-0.24116738406344798,1.575945180002313,0.5771023704422433,Shallow GBDT depth=1,2009
2009-03-31,2009-04-30,ZW,Commodities,0.0,-0.09717684162695966,-1.6691260012516025,0.45490822298198574,Shallow GBDT depth=1,2009
2009-04-30,2009-05-29,6A,G10 FX,1.0,1.2980522336771232,-0.9674855327310916,0.45622225852818826,Shallow GBDT depth=1,2009
2009-04-30,2009-05-29,6B,G10 FX,1.0,1.7648421624897204,-1.6671677302384034,0.45622225852818826,Shallow GBDT depth=1,2009
2009-04-30,2009-05-29,6C,G10 FX,1.0,1.9992893319320413,-1.192310333912341,0.45622225852818826,Shallow GBDT depth=1,2009
2009-04-30,2009-05-29,6E,G10 FX,1.0,1.391832219712416,-0.9347328772395067,0.45622225852818826,Shallow GBDT depth=1,2009
2009-04-30,2009-05-29,6J,G10 FX,1.0,0.8063789345443672,0.2701261807470159,0.47777229131352766,Shallow GBDT depth=1,2009
2009-04-30,2009-05-29,6S,G10 FX,1.0,1.3817991897135118,-0.5277424770560726,0.45622225852818826,Shallow GBDT depth=1,2009
2009-04-30,2009-05-29,CL,Commodities,1.0,1.3567198458302723,-2.406661000739264,0.45622225852818826,Shallow GBDT depth=1,2009
2009-04-30,2009-05-29,ES,Equity indices,1.0,0.463454219454305,-1.486994642651378,0.45622225852818826,Shallow GBDT depth=1,2009
2009-04-30,2009-05-29,GC,Commodities,1.0,1.1297880623136825,0.00485107822926322,0.45622225852818826,Shallow GBDT depth=1,2009
2009-04-30,2009-05-29,HG,Commodities,1.0,0.5248141346109184,-1.7008488796878471,0.45622225852818826,Shallow GBDT depth=1,2009
2009-04-30,2009-05-29,NG,Commodities,1.0,0.46571435283116547,-3.353073378664655,0.45622225852818826,Shallow GBDT depth=1,2009
2009-04-30,2009-05-29,NKD,Equity indices,1.0,0.5695914383753226,-1.3769182671400233,0.45622225852818826,Shallow GBDT depth=1,2009
2009-04-30,2009-05-29,NQ,Equity indices,1.0,0.2976214694632149,-1.2902729791510577,0.45622225852818826,Shallow GBDT depth=1,2009
2009-04-30,2009-05-29,RTY,Equity indices,1.0,0.2119987607266713,-1.0026538337109523,0.45622225852818826,Shallow GBDT depth=1,2009
2009-04-30,2009-05-29,SI,Commodities,1.0,1.8570219629622313,-0.781512412718831,0.45622225852818826,Shallow GBDT depth=1,2009
2009-04-30,2009-05-29,ZB,Government bonds,0.0,-0.5839266505492586,0.513936273983967,0.5783948410464769,Shallow GBDT depth=1,2009
2009-04-30,2009-05-29,ZC,Commodities,1.0,0.7348639916540046,-1.737579846592917,0.45622225852818826,Shallow GBDT depth=1,2009
2009-04-30,2009-05-29,ZF,Government bonds,0.0,-0.3273887363008537,1.3857890643135693,0.5783948410464769,Shallow GBDT depth=1,2009
2009-04-30,2009-05-29,ZN,Government bonds,0.0,-0.6118188175841403,0.9228524366645139,0.5783948410464769,Shallow GBDT depth=1,2009
2009-04-30,2009-05-29,ZS,Commodities,1.0,1.2789366711665329,-0.920131045298046,0.45622225852818826,Shallow GBDT depth=1,2009
2009-04-30,2009-05-29,ZT,Government bonds,1.0,0.2902012928770292,2.2583682338093007,0.5783948410464769,Shallow GBDT depth=1,2009
2009-04-30,2009-05-29,ZW,Commodities,1.0,1.4332244388374789,-1.3900716948938532,0.45622225852818826,Shallow GBDT depth=1,2009
2009-05-29,2009-06-30,6A,G10 FX,1.0,0.20294239446663295,-0.7001412910087653,0.47074614962961686,Shallow GBDT depth=1,2009
2009-05-29,2009-06-30,6B,G10 FX,1.0,0.47149443324399287,-1.3252039820437402,0.47074614962961686,Shallow GBDT depth=1,2009
2009-05-29,2009-06-30,6C,G10 FX,0.0,-1.42616463030094,-0.49893544577589005,0.47074614962961686,Shallow GBDT depth=1,2009
2009-05-29,2009-06-30,6E,G10 FX,0.0,-0.13443792113388167,-0.6294005063734868,0.47074614962961686,Shallow GBDT depth=1,2009
2009-05-29,2009-06-30,6J,G10 FX,0.0,-0.289639503432739,0.6441903175928602,0.49236105140525305,Shallow GBDT depth=1,2009
2009-05-29,2009-06-30,6S,G10 FX,0.0,-0.3886961827803514,-0.27760284167215205,0.47074614962961686,Shallow GBDT depth=1,2009
2009-05-29,2009-06-30,CL,Commodities,1.0,0.3208487811716141,-2.5665862988410555,0.47074614962961686,Shallow GBDT depth=1,2009
2009-05-29,2009-06-30,ES,Equity indices,1.0,0.021386387317354347,-1.285676822924819,0.47074614962961686,Shallow GBDT depth=1,2009
2009-05-29,2009-06-30,GC,Commodities,0.0,-0.7819097976645915,0.3409236577493032,0.49236105140525305,Shallow GBDT depth=1,2009
2009-05-29,2009-06-30,HG,Commodities,1.0,0.23132885093767008,-1.512924952178547,0.47074614962961686,Shallow GBDT depth=1,2009
2009-05-29,2009-06-30,NG,Commodities,0.0,-0.18651093809412467,-3.5806168243514187,0.47074614962961686,Shallow GBDT depth=1,2009
2009-05-29,2009-06-30,NKD,Equity indices,1.0,0.29528503132558626,-1.3149541121017059,0.47074614962961686,Shallow GBDT depth=1,2009
2009-05-29,2009-06-30,NQ,Equity indices,1.0,0.3274002874616671,-1.1397403096842054,0.47074614962961686,Shallow GBDT depth=1,2009
2009-05-29,2009-06-30,RTY,Equity indices,1.0,0.13398272531880784,-0.9369051049905386,0.47074614962961686,Shallow GBDT depth=1,2009
2009-05-29,2009-06-30,SI,Commodities,0.0,-1.268010269018062,-0.2749812986761329,0.47074614962961686,Shallow GBDT depth=1,2009
2009-05-29,2009-06-30,ZB,Government bonds,1.0,0.12328353589581037,0.4373479310862282,0.5925697465481514,Shallow GBDT depth=1,2009
2009-05-29,2009-06-30,ZC,Commodities,0.0,-2.2534188893910656,-2.416165147289993,0.47074614962961686,Shallow GBDT depth=1,2009
2009-05-29,2009-06-30,ZF,Government bonds,0.0,-0.37482397655788885,1.5339935405930645,0.5925697465481514,Shallow GBDT depth=1,2009
2009-05-29,2009-06-30,ZN,Government bonds,0.0,-0.20665084662693203,0.8757855971334367,0.5925697465481514,Shallow GBDT depth=1,2009
2009-05-29,2009-06-30,ZS,Commodities,1.0,0.3123867917889456,-1.0518141442467788,0.47074614962961686,Shallow GBDT depth=1,2009
2009-05-29,2009-06-30,ZT,Government bonds,0.0,-0.5237144391842428,2.8087824870632385,0.5925697465481514,Shallow GBDT depth=1,2009
2009-05-29,2009-06-30,ZW,Commodities,0.0,-1.8997887629157904,-1.3563353685576887,0.47074614962961686,Shallow GBDT depth=1,2009
2009-06-30,2009-07-31,6A,G10 FX,1.0,0.5793236391996919,-0.7548543914632361,0.4690746348173454,Shallow GBDT depth=1,2009
2009-06-30,2009-07-31,6B,G10 FX,1.0,0.31501793746441276,-1.2816552599778506,0.4690746348173454,Shallow GBDT depth=1,2009
2009-06-30,2009-07-31,6C,G10 FX,1.0,1.6633132355259859,-0.9377615074044086,0.4690746348173454,Shallow GBDT depth=1,2009
2009-06-30,2009-07-31,6E,G10 FX,1.0,0.3674990564579403,-0.8338305896468747,0.4690746348173454,Shallow GBDT depth=1,2009
2009-06-30,2009-07-31,6J,G10 FX,1.0,0.3802644254982203,0.5781371901848757,0.49068394338093124,Shallow GBDT depth=1,2009
2009-06-30,2009-07-31,6S,G10 FX,1.0,0.33742152903145606,-0.4486127061384265,0.4690746348173454,Shallow GBDT depth=1,2009
2009-06-30,2009-07-31,CL,Commodities,0.0,-0.19482888362884068,-2.927811061732062,0.4690746348173454,Shallow GBDT depth=1,2009
2009-06-30,2009-07-31,ES,Equity indices,1.0,0.8352806082680018,-1.1069023483135096,0.4690746348173454,Shallow GBDT depth=1,2009
2009-06-30,2009-07-31,GC,Commodities,1.0,0.41725566706592854,-0.23488010490887562,0.4690746348173454,Shallow GBDT depth=1,2009
2009-06-30,2009-07-31,HG,Commodities,1.0,1.2874035031846822,-1.5727355678378723,0.4690746348173454,Shallow GBDT depth=1,2009
2009-06-30,2009-07-31,NG,Commodities,0.0,-0.4336776656125252,-3.343075083189618,0.4690746348173454,Shallow GBDT depth=1,2009
2009-06-30,2009-07-31,NKD,Equity indices,1.0,0.44187404145103715,-1.0391314185903393,0.4690746348173454,Shallow GBDT depth=1,2009
2009-06-30,2009-07-31,NQ,Equity indices,1.0,1.0962852053084855,-0.8846067843948331,0.4690746348173454,Shallow GBDT depth=1,2009
2009-06-30,2009-07-31,RTY,Equity indices,1.0,0.8679928787481941,-0.7872052987329791,0.4690746348173454,Shallow GBDT depth=1,2009
2009-06-30,2009-07-31,SI,Commodities,1.0,0.20845809292147588,-0.9635346493041311,0.4690746348173454,Shallow GBDT depth=1,2009
2009-06-30,2009-07-31,ZB,Government bonds,1.0,0.11489295089677852,0.3599804497203568,0.5909486559856278,Shallow GBDT depth=1,2009
2009-06-30,2009-07-31,ZC,Commodities,0.0,-0.343419112703704,-2.613900594616627,0.4690746348173454,Shallow GBDT depth=1,2009
2009-06-30,2009-07-31,ZF,Government bonds,1.0,0.3202020813999705,1.2190414014806328,0.5909486559856278,Shallow GBDT depth=1,2009
2009-06-30,2009-07-31,ZN,Government bonds,1.0,0.29273970682195377,0.6812538048687776,0.5909486559856278,Shallow GBDT depth=1,2009
2009-06-30,2009-07-31,ZS,Commodities,1.0,0.2560569364994954,-1.2404241973892798,0.4690746348173454,Shallow GBDT depth=1,2009
2009-06-30,2009-07-31,ZT,Government bonds,1.0,0.254698522521165,1.9019067756142656,0.5909486559856278,Shallow GBDT depth=1,2009
2009-06-30,2009-07-31,ZW,Commodities,0.0,-0.18096160896010074,-1.5964274101124376,0.4690746348173454,Shallow GBDT depth=1,2009
2009-07-31,2009-08-31,6A,G10 FX,1.0,0.2183038146165542,-0.11563659125885507,0.49011791492701656,Shallow GBDT depth=1,2009
2009-07-31,2009-08-31,6B,G10 FX,0.0,-0.6318512835353636,-0.8015191104256084,0.49011791492701656,Shallow GBDT depth=1,2009
2009-07-31,2009-08-31,6C,G10 FX,0.0,-0.35968069257861657,-0.10921469535157602,0.49011791492701656,Shallow GBDT depth=1,2009
2009-07-31,2009-08-31,6E,G10 FX,1.0,0.14132588504125004,-0.2893385253889654,0.49011791492701656,Shallow GBDT depth=1,2009
2009-07-31,2009-08-31,6J,G10 FX,1.0,0.4753742549924074,0.8821846738468431,0.5117622136416682,Shallow GBDT depth=1,2009
2009-07-31,2009-08-31,6S,G10 FX,1.0,0.19518137805366237,0.06512489534576187,0.49011791492701656,Shallow GBDT depth=1,2009
2009-07-31,2009-08-31,CL,Commodities,0.0,-0.10284869635869213,-2.077960401149861,0.4690746348173454,Shallow GBDT depth=1,2009
2009-07-31,2009-08-31,ES,Equity indices,1.0,0.4775645092322467,-1.1439529702622677,0.4690746348173454,Shallow GBDT depth=1,2009
2009-07-31,2009-08-31,GC,Commodities,0.0,-0.040186017697104545,0.5739826621244403,0.49068394338093124,Shallow GBDT depth=1,2009
2009-07-31,2009-08-31,HG,Commodities,1.0,0.6812925561537357,-0.8382382952643903,0.4690746348173454,Shallow GBDT depth=1,2009
2009-07-31,2009-08-31,NG,Commodities,0.0,-1.4498122362985764,-2.2793805077055453,0.4690746348173454,Shallow GBDT depth=1,2009
2009-07-31,2009-08-31,NKD,Equity indices,1.0,0.13193283664888017,-1.0231211846300339,0.4690746348173454,Shallow GBDT depth=1,2009
2009-07-31,2009-08-31,NQ,Equity indices,1.0,0.2205204249881192,-0.9597250520255907,0.4690746348173454,Shallow GBDT depth=1,2009
2009-07-31,2009-08-31,RTY,Equity indices,1.0,0.31335083573516437,-1.018495455303389,0.4690746348173454,Shallow GBDT depth=1,2009
2009-07-31,2009-08-31,SI,Commodities,1.0,0.641298210922467,-0.21954643977106225,0.4690746348173454,Shallow GBDT depth=1,2009
2009-07-31,2009-08-31,ZB,Government bonds,1.0,0.3631499179827394,0.39187331376016005,0.5909486559856278,Shallow GBDT depth=1,2009
2009-07-31,2009-08-31,ZC,Commodities,0.0,-0.4230160757510517,-1.7783958615734274,0.4690746348173454,Shallow GBDT depth=1,2009
2009-07-31,2009-08-31,ZF,Government bonds,1.0,0.5530686169155266,1.2284731279896413,0.5909486559856278,Shallow GBDT depth=1,2009
2009-07-31,2009-08-31,ZN,Government bonds,1.0,0.37468606457842335,0.7111687670585746,0.5909486559856278,Shallow GBDT depth=1,2009
2009-07-31,2009-08-31,ZS,Commodities,1.0,0.546475198914354,-0.1027690740709317,0.4690746348173454,Shallow GBDT depth=1,2009
2009-07-31,2009-08-31,ZT,Government bonds,1.0,0.876126371665924,1.9952254196281691,0.5909486559856278,Shallow GBDT depth=1,2009
2009-07-31,2009-08-31,ZW,Commodities,0.0,-0.9355981473989842,-1.9361860319758017,0.4690746348173454,Shallow GBDT depth=1,2009
2009-08-31,2009-09-30,6A,G10 FX,1.0,0.9823959694790694,0.44328659692309014,0.5917031149846843,Shallow GBDT depth=1,2009
2009-08-31,2009-09-30,6B,G10 FX,0.0,-0.41444160728289337,-0.5101846447065927,0.5706293690172576,Shallow GBDT depth=1,2009
2009-08-31,2009-09-30,6C,G10 FX,1.0,0.6221122552262411,-0.11234160413873762,0.5706293690172576,Shallow GBDT depth=1,2009
2009-08-31,2009-09-30,6E,G10 FX,1.0,0.6404229215532431,0.2898500442247996,0.5917031149846843,Shallow GBDT depth=1,2009
2009-08-31,2009-09-30,6J,G10 FX,1.0,0.9971527843064526,0.9248817559690512,0.5917031149846843,Shallow GBDT depth=1,2009
2009-08-31,2009-09-30,6S,G10 FX,1.0,0.5910251084565472,0.48300654646836616,0.5917031149846843,Shallow GBDT depth=1,2009
2009-08-31,2009-09-30,CL,Commodities,1.0,0.05156418048504588,-1.687577246889165,0.4817802718157015,Shallow GBDT depth=1,2009
2009-08-31,2009-09-30,ES,Equity indices,1.0,0.5605524624638272,-0.9591173113015442,0.4817802718157015,Shallow GBDT depth=1,2009
2009-08-31,2009-09-30,GC,Commodities,1.0,1.0860879959441558,1.109704358175099,0.5034199039836766,Shallow GBDT depth=1,2009
2009-08-31,2009-09-30,HG,Commodities,0.0,-0.027395764353525635,-0.38962424906522936,0.4817802718157015,Shallow GBDT depth=1,2009
2009-08-31,2009-09-30,NG,Commodities,1.0,1.3025406135824098,-2.301972425712737,0.4817802718157015,Shallow GBDT depth=1,2009
2009-08-31,2009-09-30,NKD,Equity indices,0.0,-0.5968611331264304,-0.7847094300731297,0.4817802718157015,Shallow GBDT depth=1,2009
2009-08-31,2009-09-30,NQ,Equity indices,1.0,0.9642498413555445,-0.4639249212272313,0.4817802718157015,Shallow GBDT depth=1,2009
2009-08-31,2009-09-30,RTY,Equity indices,1.0,0.7226097609346492,-0.8393645340368963,0.4817802718157015,Shallow GBDT depth=1,2009
2009-08-31,2009-09-30,SI,Commodities,1.0,1.2124145721520212,0.8500717362075725,0.5034199039836766,Shallow GBDT depth=1,2009
2009-08-31,2009-09-30,ZB,Government bonds,1.0,0.324075366557835,0.26266663478369545,0.603204878175957,Shallow GBDT depth=1,2009
2009-08-31,2009-09-30,ZC,Commodities,1.0,0.36579402147303236,-1.8729331649985128,0.4817802718157015,Shallow GBDT depth=1,2009
2009-08-31,2009-09-30,ZF,Government bonds,1.0,0.4463466135451236,1.2479280602145095,0.603204878175957,Shallow GBDT depth=1,2009
2009-08-31,2009-09-30,ZN,Government bonds,1.0,0.36072053033210016,0.6614521477151241,0.603204878175957,Shallow GBDT depth=1,2009
2009-08-31,2009-09-30,ZS,Commodities,0.0,-0.46875309581955443,0.2938319882881665,0.5034199039836766,Shallow GBDT depth=1,2009
2009-08-31,2009-09-30,ZT,Government bonds,1.0,0.5281926687929426,2.081298625166617,0.603204878175957,Shallow GBDT depth=1,2009
2009-08-31,2009-09-30,ZW,Commodities,0.0,-0.7196124863770136,-1.6404709300810485,0.4817802718157015,Shallow GBDT depth=1,2009
2009-09-30,2009-10-30,6A,G10 FX,1.0,0.49813505148149023,1.6017018922424153,0.5917031149846843,Shallow GBDT depth=1,2009
2009-09-30,2009-10-30,6B,G10 FX,1.0,0.7242821200137093,-0.5859054546484417,0.5706293690172576,Shallow GBDT depth=1,2009
2009-09-30,2009-10-30,6C,G10 FX,0.0,-0.28605512469707456,0.5602282855238939,0.5917031149846843,Shallow GBDT depth=1,2009
2009-09-30,2009-10-30,6E,G10 FX,1.0,0.18027751834243316,0.7465726178416293,0.5917031149846843,Shallow GBDT depth=1,2009
2009-09-30,2009-10-30,6J,G10 FX,0.0,-0.13061905624759115,0.8980296885977032,0.5917031149846843,Shallow GBDT depth=1,2009
2009-09-30,2009-10-30,6S,G10 FX,1.0,0.30696707559566755,0.726090314046892,0.5917031149846843,Shallow GBDT depth=1,2009
2009-09-30,2009-10-30,CL,Commodities,1.0,0.723159601679961,-1.052086004372213,0.502853689118388,Shallow GBDT depth=1,2009
2009-09-30,2009-10-30,ES,Equity indices,0.0,-0.32786301018373787,0.23898089394846386,0.5917031149846843,Shallow GBDT depth=1,2009
2009-09-30,2009-10-30,GC,Commodities,1.0,0.6385154915376067,0.9263591689863321,0.5244818834016399,Shallow GBDT depth=1,2009
2009-09-30,2009-10-30,HG,Commodities,1.0,0.5075772963070587,0.46480073915261644,0.5244818834016399,Shallow GBDT depth=1,2009
2009-09-30,2009-10-30,NG,Commodities,0.0,-0.650701583973509,-1.387358121887875,0.502853689118388,Shallow GBDT depth=1,2009
2009-09-30,2009-10-30,NKD,Equity indices,0.0,-0.4790530268358696,0.29360178747670473,0.5917031149846843,Shallow GBDT depth=1,2009
2009-09-30,2009-10-30,NQ,Equity indices,0.0,-0.581601210374512,0.8459264925685864,0.5917031149846843,Shallow GBDT depth=1,2009
2009-09-30,2009-10-30,RTY,Equity indices,0.0,-0.9603079352209071,0.2772170224523622,0.5917031149846843,Shallow GBDT depth=1,2009
2009-09-30,2009-10-30,SI,Commodities,0.0,-0.28073378677404986,1.1490508562797004,0.5244818834016399,Shallow GBDT depth=1,2009
2009-09-30,2009-10-30,ZB,Government bonds,0.0,-0.26491643599410303,0.6980775503293176,0.603204878175957,Shallow GBDT depth=1,2009
2009-09-30,2009-10-30,ZC,Commodities,1.0,0.5640956297382217,-0.8641642990775631,0.502853689118388,Shallow GBDT depth=1,2009
2009-09-30,2009-10-30,ZF,Government bonds,1.0,0.21457261838509714,1.7788067506782343,0.603204878175957,Shallow GBDT depth=1,2009
2009-09-30,2009-10-30,ZN,Government bonds,1.0,0.1028099991302884,1.3289458006290362,0.603204878175957,Shallow GBDT depth=1,2009
2009-09-30,2009-10-30,ZS,Commodities,1.0,0.47015551293865876,0.8751254739627032,0.5244818834016399,Shallow GBDT depth=1,2009
2009-09-30,2009-10-30,ZT,Government bonds,1.0,0.6091017474101924,2.4445200909342377,0.603204878175957,Shallow GBDT depth=1,2009
2009-09-30,2009-10-30,ZW,Commodities,1.0,0.6888609278271263,-1.24048903612124,0.502853689118388,Shallow GBDT depth=1,2009
2009-10-30,2009-11-30,6A,G10 FX,1.0,0.38572103856672524,1.9295721919304223,0.6058953575243665,Shallow GBDT depth=1,2009
2009-10-30,2009-11-30,6B,G10 FX,0.0,-0.03255793090437758,0.7157083462950772,0.6094412162164549,Shallow GBDT depth=1,2009
2009-10-30,2009-11-30,6C,G10 FX,1.0,0.5091026097859029,0.8654621125925976,0.6094412162164549,Shallow GBDT depth=1,2009
2009-10-30,2009-11-30,6E,G10 FX,1.0,0.6241772008247015,1.5509460446949872,0.6094412162164549,Shallow GBDT depth=1,2009
2009-10-30,2009-11-30,6J,G10 FX,1.0,1.282907519978879,0.44937077527512004,0.6094412162164549,Shallow GBDT depth=1,2009
2009-10-30,2009-11-30,6S,G10 FX,1.0,0.6049503175174588,1.2262981177715027,0.6094412162164549,Shallow GBDT depth=1,2009
2009-10-30,2009-11-30,CL,Commodities,0.0,-0.0389850942217184,0.027953551734412777,0.5886465216576403,Shallow GBDT depth=1,2009
2009-10-30,2009-11-30,ES,Equity indices,1.0,0.9901076926300757,0.8968019852665737,0.6094412162164549,Shallow GBDT depth=1,2009
2009-10-30,2009-11-30,GC,Commodities,1.0,2.9847861612141164,1.9095662389099444,0.6094412162164549,Shallow GBDT depth=1,2009
2009-10-30,2009-11-30,HG,Commodities,1.0,0.6843764110105016,1.2786825755528097,0.6094412162164549,Shallow GBDT depth=1,2009
2009-10-30,2009-11-30,NG,Commodities,0.0,-0.5794153364421578,-1.352128632497476,0.5886465216576403,Shallow GBDT depth=1,2009
2009-10-30,2009-11-30,NKD,Equity indices,0.0,-0.7468748910016386,0.5226768719645678,0.6094412162164549,Shallow GBDT depth=1,2009
2009-10-30,2009-11-30,NQ,Equity indices,1.0,1.101531890714028,1.57433684059056,0.6094412162164549,Shallow GBDT depth=1,2009
2009-10-30,2009-11-30,RTY,Equity indices,1.0,0.39756848864463384,0.7948023278679662,0.6094412162164549,Shallow GBDT depth=1,2009
2009-10-30,2009-11-30,SI,Commodities,1.0,1.5064965319878079,1.287167652295044,0.6094412162164549,Shallow GBDT depth=1,2009
2009-10-30,2009-11-30,ZB,Government bonds,1.0,0.6944089930053949,0.4400066478956994,0.6207635546208611,Shallow GBDT depth=1,2009
2009-10-30,2009-11-30,ZC,Commodities,1.0,0.8587973421414896,-0.3709910318306979,0.5886465216576403,Shallow GBDT depth=1,2009
2009-10-30,2009-11-30,ZF,Government bonds,1.0,1.2142582583017556,0.9915679076256321,0.6207635546208611,Shallow GBDT depth=1,2009
2009-10-30,2009-11-30,ZN,Government bonds,1.0,0.9534371392759754,0.9208432606384972,0.6207635546208611,Shallow GBDT depth=1,2009
2009-10-30,2009-11-30,ZS,Commodities,1.0,0.8793154042644955,1.207234271721423,0.6094412162164549,Shallow GBDT depth=1,2009
2009-10-30,2009-11-30,ZT,Government bonds,1.0,1.421485300865006,1.6859899724585738,0.6207635546208611,Shallow GBDT depth=1,2009
2009-10-30,2009-11-30,ZW,Commodities,1.0,1.297173866141133,-0.6979764916321042,0.5886465216576403,Shallow GBDT depth=1,2009
2009-11-30,2009-12-31,6A,G10 FX,0.0,-0.3020367660005113,1.79392745791527,0.5917031149846843,Shallow GBDT depth=1,2009
2009-11-30,2009-12-31,6B,G10 FX,0.0,-0.45394856928599875,0.725893556387809,0.5917031149846843,Shallow GBDT depth=1,2009
2009-11-30,2009-12-31,6C,G10 FX,1.0,0.2626847447540881,0.9984356282972252,0.5917031149846843,Shallow GBDT depth=1,2009
2009-11-30,2009-12-31,6E,G10 FX,0.0,-1.5243667311826552,1.1615344990804142,0.5917031149846843,Shallow GBDT depth=1,2009
2009-11-30,2009-12-31,6J,G10 FX,0.0,-2.487427658950434,0.530593354346931,0.5917031149846843,Shallow GBDT depth=1,2009
2009-11-30,2009-12-31,6S,G10 FX,0.0,-0.925560971581323,1.405633000160007,0.5917031149846843,Shallow GBDT depth=1,2009
2009-11-30,2009-12-31,CL,Commodities,1.0,0.13480443181406976,0.34794308821655856,0.5917031149846843,Shallow GBDT depth=1,2009
2009-11-30,2009-12-31,ES,Equity indices,1.0,0.3577313351229486,1.1645660273640208,0.5917031149846843,Shallow GBDT depth=1,2009
2009-11-30,2009-12-31,GC,Commodities,0.0,-1.7867044425939402,2.076886600771885,0.5917031149846843,Shallow GBDT depth=1,2009
2009-11-30,2009-12-31,HG,Commodities,1.0,0.6686675608370212,1.8027306556341893,0.5917031149846843,Shallow GBDT depth=1,2009
2009-11-30,2009-12-31,NG,Commodities,1.0,0.8780710525123168,-1.266327299071874,0.5706293690172576,Shallow GBDT depth=1,2009
2009-11-30,2009-12-31,NKD,Equity indices,1.0,2.174071675858643,0.1836312379930884,0.5812928370093514,Shallow GBDT depth=1,2009
2009-11-30,2009-12-31,NQ,Equity indices,1.0,1.0430260906246738,1.8842762979617407,0.5917031149846843,Shallow GBDT depth=1,2009
2009-11-30,2009-12-31,RTY,Equity indices,1.0,1.1212944160051623,0.9450647706812455,0.5917031149846843,Shallow GBDT depth=1,2009
2009-11-30,2009-12-31,SI,Commodities,0.0,-1.13082848411119,1.5471022145066067,0.5917031149846843,Shallow GBDT depth=1,2009
2009-11-30,2009-12-31,ZB,Government bonds,0.0,-1.8141007625946244,-0.5225715567428738,0.5823057134281018,Shallow GBDT depth=1,2009
2009-11-30,2009-12-31,ZC,Commodities,0.0,-0.07420369812527271,0.12495444817185143,0.5812928370093514,Shallow GBDT depth=1,2009
2009-11-30,2009-12-31,ZF,Government bonds,0.0,-1.9870095247876376,0.6855223375098866,0.603204878175957,Shallow GBDT depth=1,2009
2009-11-30,2009-12-31,ZN,Government bonds,0.0,-1.9052823300237434,0.20888791638891563,0.603204878175957,Shallow GBDT depth=1,2009
2009-11-30,2009-12-31,ZS,Commodities,0.0,-0.23555659226902728,1.7528716429873334,0.5917031149846843,Shallow GBDT depth=1,2009
2009-11-30,2009-12-31,ZT,Government bonds,0.0,-1.8369867004760598,1.9529020480654926,0.603204878175957,Shallow GBDT depth=1,2009
2009-11-30,2009-12-31,ZW,Commodities,0.0,-0.8207746692457087,-0.09778362207983282,0.5706293690172576,Shallow GBDT depth=1,2009
2009-12-31,2010-01-29,6A,G10 FX,0.0,-0.2585792689114005,1.8756487614923754,0.6094412162164549,Shallow GBDT depth=1,2009
2009-12-31,2010-01-29,6B,G10 FX,0.0,-0.2960003167124311,0.8972032783042156,0.6094412162164549,Shallow GBDT depth=1,2009
2009-12-31,2010-01-29,6C,G10 FX,0.0,-0.5831154034425585,1.1108252532299607,0.6094412162164549,Shallow GBDT depth=1,2009
2009-12-31,2010-01-29,6E,G10 FX,0.0,-1.1318414253961828,0.8373877184032126,0.6094412162164549,Shallow GBDT depth=1,2009
2009-12-31,2010-01-29,6J,G10 FX,1.0,0.8771338808082172,-0.3970401561626962,0.5886465216576403,Shallow GBDT depth=1,2009
2009-12-31,2010-01-29,6S,G10 FX,0.0,-0.8314908764071677,0.6910885074870314,0.6094412162164549,Shallow GBDT depth=1,2009
2009-12-31,2010-01-29,CL,Commodities,0.0,-0.9876397036019391,1.086101943642966,0.6094412162164549,Shallow GBDT depth=1,2009
2009-12-31,2010-01-29,ES,Equity indices,0.0,-0.7846359673643163,1.463137200163343,0.6094412162164549,Shallow GBDT depth=1,2009
2009-12-31,2010-01-29,GC,Commodities,0.0,-0.24077952726959706,1.3620317750627533,0.6094412162164549,Shallow GBDT depth=1,2009
2009-12-31,2010-01-29,HG,Commodities,0.0,-1.2614418772714742,2.127286758888177,0.6094412162164549,Shallow GBDT depth=1,2009
2009-12-31,2010-01-29,NG,Commodities,0.0,-0.4579730690544324,-0.8456352974543158,0.5886465216576403,Shallow GBDT depth=1,2009
2009-12-31,2010-01-29,NKD,Equity indices,0.0,-0.6931009289306226,0.9119971342693047,0.6094412162164549,Shallow GBDT depth=1,2009
2009-12-31,2010-01-29,NQ,Equity indices,0.0,-1.4711354901648368,2.349068081604913,0.6094412162164549,Shallow GBDT depth=1,2009
2009-12-31,2010-01-29,RTY,Equity indices,0.0,-0.6070842370707273,1.2336384263799594,0.6094412162164549,Shallow GBDT depth=1,2009
2009-12-31,2010-01-29,SI,Commodities,0.0,-0.4397842723393129,1.1681778369918692,0.6094412162164549,Shallow GBDT depth=1,2009
2009-12-31,2010-01-29,ZB,Government bonds,1.0,0.8970055914886133,-1.135819079592457,0.5332495628233441,Shallow GBDT depth=1,2009
2009-12-31,2010-01-29,ZC,Commodities,0.0,-1.580074848213888,0.027524984796087573,0.5886465216576403,Shallow GBDT depth=1,2009
2009-12-31,2010-01-29,ZF,Government bonds,1.0,1.4497428824691474,-0.253304986000596,0.5332495628233441,Shallow GBDT depth=1,2009
2009-12-31,2010-01-29,ZN,Government bonds,1.0,1.188839614403237,-0.6387669150013813,0.5332495628233441,Shallow GBDT depth=1,2009
2009-12-31,2010-01-29,ZS,Commodities,0.0,-1.6815472742267918,1.4219764235813692,0.6094412162164549,Shallow GBDT depth=1,2009
2009-12-31,2010-01-29,ZT,Government bonds,1.0,1.8292964692861946,0.8116637146127161,0.5547263379243771,Shallow GBDT depth=1,2009
2009-12-31,2010-01-29,ZW,Commodities,0.0,-1.2634138993081938,-0.7024163417204078,0.5886465216576403,Shallow GBDT depth=1,2009
2010-01-29,2010-02-26,6A,G10 FX,1.0,0.37975859433423903,1.918470108327036,0.6514898573972644,Shallow GBDT depth=2,2010
2010-01-29,2010-02-26,6B,G10 FX,0.0,-1.4950977783804138,0.9453209548657775,0.646326660674339,Shallow GBDT depth=2,2010
2010-01-29,2010-02-26,6C,G10 FX,1.0,0.471769885417792,1.1111919060748008,0.6572433131754691,Shallow GBDT depth=2,2010
2010-01-29,2010-02-26,6E,G10 FX,0.0,-0.6194557775909725,0.7211489192297597,0.646326660674339,Shallow GBDT depth=2,2010
2010-01-29,2010-02-26,6J,G10 FX,1.0,0.48827719462827024,-0.016914418185467083,0.6415962575640527,Shallow GBDT depth=2,2010
2010-01-29,2010-02-26,6S,G10 FX,0.0,-0.44072816003669807,0.7896501896665848,0.6552923147940961,Shallow GBDT depth=2,2010
2010-01-29,2010-02-26,CL,Commodities,1.0,1.0269652435859995,1.2240314664645802,0.660688185586581,Shallow GBDT depth=2,2010
2010-01-29,2010-02-26,ES,Equity indices,1.0,0.648632147245507,1.4568148459367571,0.6849695461529417,Shallow GBDT depth=2,2010
2010-01-29,2010-02-26,GC,Commodities,1.0,0.6252370390362747,0.6710540007085025,0.6635301862246958,Shallow GBDT depth=2,2010
2010-01-29,2010-02-26,HG,Commodities,1.0,0.8342718553688931,1.609870930684008,0.6408494761639766,Shallow GBDT depth=2,2010
2010-01-29,2010-02-26,NG,Commodities,0.0,-0.4182047767177246,-0.7821201976746174,0.595588145929346,Shallow GBDT depth=2,2010
2010-01-29,2010-02-26,NKD,Equity indices,0.0,-0.12730196986920517,1.063268557746739,0.660812960607123,Shallow GBDT depth=2,2010
2010-01-29,2010-02-26,NQ,Equity indices,1.0,0.9136882070589952,1.733987046869196,0.6627821751169315,Shallow GBDT depth=2,2010
2010-01-29,2010-02-26,RTY,Equity indices,1.0,0.7422284120602374,1.3023041629696555,0.6680227516933025,Shallow GBDT depth=2,2010
2010-01-29,2010-02-26,SI,Commodities,1.0,0.19843286394321907,0.46938391115121675,0.6406250687062776,Shallow GBDT depth=2,2010
2010-01-29,2010-02-26,ZB,Government bonds,1.0,0.0964254357990951,-0.4491657776578127,0.6836215960926936,Shallow GBDT depth=2,2010
2010-01-29,2010-02-26,ZC,Commodities,1.0,0.5909311943138749,-0.4800242834566184,0.6094238911347257,Shallow GBDT depth=2,2010
2010-01-29,2010-02-26,ZF,Government bonds,1.0,0.46801037962560854,0.5057700528771291,0.704660785830413,Shallow GBDT depth=2,2010
2010-01-29,2010-02-26,ZN,Government bonds,1.0,0.3622350993933279,0.030499077604430845,0.7083754062605192,Shallow GBDT depth=2,2010
2010-01-29,2010-02-26,ZS,Commodities,1.0,0.5116352951313747,0.9705762619333277,0.646326660674339,Shallow GBDT depth=2,2010
2010-01-29,2010-02-26,ZT,Government bonds,1.0,0.5838572187288031,1.6433143467067306,0.6412852550403663,Shallow GBDT depth=2,2010
2010-01-29,2010-02-26,ZW,Commodities,1.0,0.589812340530558,-0.9262370129285719,0.5999934688363672,Shallow GBDT depth=2,2010
2010-02-26,2010-03-31,6A,G10 FX,1.0,0.6336326773294981,2.1450823450106924,0.6377889221570922,Shallow GBDT depth=2,2010
2010-02-26,2010-03-31,6B,G10 FX,0.0,-0.13234399161547045,0.8676100449373297,0.6149381172771433,Shallow GBDT depth=2,2010
2010-02-26,2010-03-31,6C,G10 FX,1.0,1.0946282711234347,1.59098279296008,0.6377889221570922,Shallow GBDT depth=2,2010
2010-02-26,2010-03-31,6E,G10 FX,0.0,-0.28861349140424003,0.6331980924251888,0.6325372331163589,Shallow GBDT depth=2,2010
2010-02-26,2010-03-31,6J,G10 FX,0.0,-1.5661379014269026,0.7545926339663335,0.6322316020360813,Shallow GBDT depth=2,2010
2010-02-26,2010-03-31,6S,G10 FX,1.0,0.6946698286271377,0.6827165573281113,0.6416586430082298,Shallow GBDT depth=2,2010
2010-02-26,2010-03-31,CL,Commodities,1.0,0.5670306447394722,1.1922131819908208,0.624944765615814,Shallow GBDT depth=2,2010
2010-02-26,2010-03-31,ES,Equity indices,1.0,1.3316907667488307,2.3166725419616947,0.6554831342404631,Shallow GBDT depth=2,2010
2010-02-26,2010-03-31,GC,Commodities,0.0,-0.09194418832024095,0.9450848191336114,0.625335307622623,Shallow GBDT depth=2,2010
2010-02-26,2010-03-31,HG,Commodities,1.0,0.970575937750133,1.6353429772826296,0.6269697495640716,Shallow GBDT depth=2,2010
2010-02-26,2010-03-31,NG,Commodities,0.0,-1.314613498342347,-0.7264209245560777,0.5559708516836633,Shallow GBDT depth=2,2010
2010-02-26,2010-03-31,NKD,Equity indices,1.0,1.696252586301377,1.2120444149934393,0.6646303216366505,Shallow GBDT depth=2,2010
2010-02-26,2010-03-31,NQ,Equity indices,1.0,1.6672059632962708,2.4055450990701073,0.6467482537364605,Shallow GBDT depth=2,2010
2010-02-26,2010-03-31,RTY,Equity indices,1.0,1.5018183273087178,2.2884412603713247,0.6539769069965767,Shallow GBDT depth=2,2010
2010-02-26,2010-03-31,SI,Commodities,1.0,0.6277187937029051,0.6465747371481878,0.6416586430082298,Shallow GBDT depth=2,2010
2010-02-26,2010-03-31,ZB,Government bonds,0.0,-0.4449181855186786,-0.28641410210687435,0.6257870808103829,Shallow GBDT depth=2,2010
2010-02-26,2010-03-31,ZC,Commodities,0.0,-1.3092982957523878,-0.22763612128190022,0.6277286261478028,Shallow GBDT depth=2,2010
2010-02-26,2010-03-31,ZF,Government bonds,0.0,-0.8609113268397579,0.8716086633147688,0.6345589205377354,Shallow GBDT depth=2,2010
2010-02-26,2010-03-31,ZN,Government bonds,0.0,-0.6120540952707842,0.22588815989229882,0.6345589205377354,Shallow GBDT depth=2,2010
2010-02-26,2010-03-31,ZS,Commodities,0.0,-0.28888101351689016,1.6960003675198543,0.6471530135707056,Shallow GBDT depth=2,2010
2010-02-26,2010-03-31,ZT,Government bonds,0.0,-0.589864203471259,1.8675968149382811,0.6433071471745477,Shallow GBDT depth=2,2010
2010-02-26,2010-03-31,ZW,Commodities,0.0,-1.3289770893112605,-0.5175687981394913,0.595097022722729,Shallow GBDT depth=2,2010
2010-03-31,2010-04-30,6A,G10 FX,1.0,0.33002724963431124,1.8718920557655196,0.698327568581182,Shallow GBDT depth=2,2010
2010-03-31,2010-04-30,6B,G10 FX,1.0,0.20066601025212413,0.2153256748148887,0.6353608157408005,Shallow GBDT depth=2,2010
2010-03-31,2010-04-30,6C,G10 FX,0.0,-0.06014887795974719,1.6730228912917284,0.698327568581182,Shallow GBDT depth=2,2010
2010-03-31,2010-04-30,6E,G10 FX,0.0,-0.5407485129600731,0.13600848692020914,0.6035310286190078,Shallow GBDT depth=2,2010
2010-03-31,2010-04-30,6J,G10 FX,0.0,-0.1524775833700602,0.5696749170206749,0.6768283487664136,Shallow GBDT depth=2,2010
2010-03-31,2010-04-30,6S,G10 FX,0.0,-0.8000349514860036,0.7303942200349696,0.6665656421272054,Shallow GBDT depth=2,2010
2010-03-31,2010-04-30,CL,Commodities,1.0,0.11454498735152026,1.130308238850273,0.6784304697439588,Shallow GBDT depth=2,2010
2010-03-31,2010-04-30,ES,Equity indices,1.0,0.421331158256347,2.197631591942265,0.6773551766394529,Shallow GBDT depth=2,2010
2010-03-31,2010-04-30,GC,Commodities,1.0,1.1757802880238684,1.0813197671970554,0.6784304697439588,Shallow GBDT depth=2,2010
2010-03-31,2010-04-30,HG,Commodities,0.0,-0.8430685505022846,1.5056596999324863,0.6953201970325963,Shallow GBDT depth=2,2010
2010-03-31,2010-04-30,NG,Commodities,0.0,-0.07212441346686187,-1.1551053635314572,0.5760282380180718,Shallow GBDT depth=2,2010
2010-03-31,2010-04-30,NKD,Equity indices,0.0,-0.30644978435999415,1.034765789097444,0.6492285803592067,Shallow GBDT depth=2,2010
2010-03-31,2010-04-30,NQ,Equity indices,1.0,0.574168290316365,2.4493887143101087,0.6698649658674221,Shallow GBDT depth=2,2010
2010-03-31,2010-04-30,RTY,Equity indices,1.0,1.2080693264874307,2.028865134105147,0.6773551766394529,Shallow GBDT depth=2,2010
2010-03-31,2010-04-30,SI,Commodities,1.0,0.7396718436779148,0.9114731943900067,0.685397151309679,Shallow GBDT depth=2,2010
2010-03-31,2010-04-30,ZB,Government bonds,1.0,0.9013100490135413,-0.5605066429936689,0.6657825348914519,Shallow GBDT depth=2,2010
2010-03-31,2010-04-30,ZC,Commodities,1.0,0.7147592160550312,-0.886995650847021,0.6322172450144055,Shallow GBDT depth=2,2010
2010-03-31,2010-04-30,ZF,Government bonds,1.0,0.8418531103304465,0.3159280797056685,0.6856224477988645,Shallow GBDT depth=2,2010
2010-03-31,2010-04-30,ZN,Government bonds,1.0,0.8682089672116846,-0.20334159698205717,0.6980151975499367,Shallow GBDT depth=2,2010
2010-03-31,2010-04-30,ZS,Commodities,1.0,0.7190566826176962,0.9878773310685364,0.6789916149985457,Shallow GBDT depth=2,2010
2010-03-31,2010-04-30,ZT,Government bonds,1.0,0.806373059486335,1.5421683782994302,0.7070624562890518,Shallow GBDT depth=2,2010
2010-03-31,2010-04-30,ZW,Commodities,1.0,0.8645989502872885,-1.061501699707049,0.6322172450144055,Shallow GBDT depth=2,2010
2010-04-30,2010-05-31,6A,G10 FX,0.0,-2.526727668302141,1.8954892279208264,0.6753959008802857,Shallow GBDT depth=2,2010
2010-04-30,2010-05-31,6B,G10 FX,0.0,-1.699508208946941,0.08187178940906928,0.5813449564815414,Shallow GBDT depth=2,2010
2010-04-30,2010-05-31,6C,G10 FX,0.0,-1.1139683925708774,1.311344682674868,0.6543844510168536,Shallow GBDT depth=2,2010
2010-04-30,2010-05-31,6E,G10 FX,0.0,-2.7477020764783324,-0.22409321967232196,0.5813449564815414,Shallow GBDT depth=2,2010
2010-04-30,2010-05-31,6J,G10 FX,1.0,1.1247120144401004,0.13040281324013114,0.6319762632948812,Shallow GBDT depth=2,2010
2010-04-30,2010-05-31,6S,G10 FX,0.0,-2.666281445912177,0.2613586228162999,0.628500766026239,Shallow GBDT depth=2,2010
2010-04-30,2010-05-31,CL,Commodities,0.0,-2.4777412114118005,0.9498141402256924,0.6725361840110372,Shallow GBDT depth=2,2010
2010-04-30,2010-05-31,ES,Equity indices,0.0,-2.0529000327398315,1.975923820688205,0.6192707578170857,Shallow GBDT depth=2,2010
2010-04-30,2010-05-31,GC,Commodities,1.0,0.6118928685149093,1.372001549544293,0.6753959008802857,Shallow GBDT depth=2,2010
2010-04-30,2010-05-31,HG,Commodities,0.0,-1.007838710316108,1.4196371086373216,0.6543844510168536,Shallow GBDT depth=2,2010
2010-04-30,2010-05-31,NG,Commodities,1.0,0.540798974167036,-1.4421034119629426,0.5699765639790033,Shallow GBDT depth=2,2010
2010-04-30,2010-05-31,NKD,Equity indices,0.0,-2.4225450900747383,0.8644836071205717,0.6229039776975369,Shallow GBDT depth=2,2010
2010-04-30,2010-05-31,NQ,Equity indices,0.0,-1.870913224673813,2.4414473554352596,0.6192707578170857,Shallow GBDT depth=2,2010
2010-04-30,2010-05-31,RTY,Equity indices,0.0,-1.557916576603406,2.0824896091314837,0.5724277682577056,Shallow GBDT depth=2,2010
2010-04-30,2010-05-31,SI,Commodities,0.0,-0.15826505215532236,0.9421666079071626,0.6701171373216503,Shallow GBDT depth=2,2010
2010-04-30,2010-05-31,ZB,Government bonds,1.0,1.2635428593648346,0.06821723986518878,0.6326585178787159,Shallow GBDT depth=2,2010
2010-04-30,2010-05-31,ZC,Commodities,0.0,-0.5394034884278046,-0.9821857476207893,0.5980445162165816,Shallow GBDT depth=2,2010
2010-04-30,2010-05-31,ZF,Government bonds,1.0,1.2901196794873373,0.6266774771240305,0.6371363326491101,Shallow GBDT depth=2,2010
2010-04-30,2010-05-31,ZN,Government bonds,1.0,1.4016586955561627,0.24550220988950466,0.6371363326491101,Shallow GBDT depth=2,2010
2010-04-30,2010-05-31,ZS,Commodities,0.0,-1.0470091939537725,0.7870720071488093,0.6720986967110935,Shallow GBDT depth=2,2010
2010-04-30,2010-05-31,ZT,Government bonds,1.0,1.4639729230806158,1.5890300829682735,0.6277007733738406,Shallow GBDT depth=2,2010
2010-04-30,2010-05-31,ZW,Commodities,0.0,-0.9629058491145187,-1.1625469642299255,0.5994794251334398,Shallow GBDT depth=2,2010
2010-05-31,2010-06-30,6A,G10 FX,1.0,0.048848128318832,0.38370216257174444,0.4575475699786174,Shallow GBDT depth=2,2010
2010-05-31,2010-06-30,6B,G10 FX,1.0,0.9825798797101702,-1.263626358062048,0.42445544335474955,Shallow GBDT depth=2,2010
2010-05-31,2010-06-30,6C,G10 FX,0.0,-0.28216068327110144,0.30641757544911147,0.4918706316144956,Shallow GBDT depth=2,2010
2010-05-31,2010-06-30,6E,G10 FX,0.0,-0.19022402018120543,-1.1518797679231132,0.4154570927112919,Shallow GBDT depth=2,2010
2010-05-31,2010-06-30,6J,G10 FX,1.0,0.5971244522017399,0.4492752180239551,0.48247823391614353,Shallow GBDT depth=2,2010
2010-05-31,2010-06-30,6S,G10 FX,1.0,2.4762907336258073,-0.832662467839316,0.44634578191757995,Shallow GBDT depth=2,2010
2010-05-31,2010-06-30,CL,Commodities,1.0,0.12936667452803782,-0.39705829330868697,0.4764219517324295,Shallow GBDT depth=2,2010
2010-05-31,2010-06-30,ES,Equity indices,0.0,-0.8493532790234515,0.7035805809253163,0.5200585095365972,Shallow GBDT depth=2,2010
2010-05-31,2010-06-30,GC,Commodities,1.0,0.5734940371426062,1.3094261381081589,0.5838281600847667,Shallow GBDT depth=2,2010
2010-05-31,2010-06-30,HG,Commodities,0.0,-0.5834485657108233,0.5501287305687508,0.5180016206768933,Shallow GBDT depth=2,2010
2010-05-31,2010-06-30,NG,Commodities,1.0,0.38296697831703125,-1.1845661689428313,0.498670259868409,Shallow GBDT depth=2,2010
2010-05-31,2010-06-30,NKD,Equity indices,0.0,-0.6191771332773798,-0.22148346544243577,0.48958764661567333,Shallow GBDT depth=2,2010
2010-05-31,2010-06-30,NQ,Equity indices,0.0,-0.9426389299184288,0.8861844473310858,0.5098759930829331,Shallow GBDT depth=2,2010
2010-05-31,2010-06-30,RTY,Equity indices,0.0,-0.9666981391782181,0.813976053154189,0.5098759930829331,Shallow GBDT depth=2,2010
2010-05-31,2010-06-30,SI,Commodities,1.0,0.15489295188255114,0.508276637938637,0.5448785763036541,Shallow GBDT depth=2,2010
2010-05-31,2010-06-30,ZB,Government bonds,1.0,1.2896770658181875,0.9871893866432996,0.6140023215307245,Shallow GBDT depth=2,2010
2010-05-31,2010-06-30,ZC,Commodities,0.0,-0.15537668440007543,-1.3281585752973697,0.4619770283610875,Shallow GBDT depth=2,2010
2010-05-31,2010-06-30,ZF,Government bonds,1.0,1.2804473203602034,1.7450150800321633,0.6030141530134425,Shallow GBDT depth=2,2010
2010-05-31,2010-06-30,ZN,Government bonds,1.0,1.2495788092418096,1.4302323998860247,0.6003620175490227,Shallow GBDT depth=2,2010
2010-05-31,2010-06-30,ZS,Commodities,1.0,0.16672699808674207,-0.21792166649901495,0.5092127526363707,Shallow GBDT depth=2,2010
2010-05-31,2010-06-30,ZT,Government bonds,1.0,0.8341466559617858,2.5721505235229296,0.5747064639013304,Shallow GBDT depth=2,2010
2010-05-31,2010-06-30,ZW,Commodities,1.0,0.17719689975603384,-1.6402850003052025,0.4799311688825514,Shallow GBDT depth=2,2010
2010-06-30,2010-07-30,6A,G10 FX,1.0,1.5211696263676802,0.6618988712666755,0.4982996376140075,Shallow GBDT depth=2,2010
2010-06-30,2010-07-30,6B,G10 FX,1.0,1.4997266878449174,-0.7225353843513549,0.45672782231593884,Shallow GBDT depth=2,2010
2010-06-30,2010-07-30,6C,G10 FX,1.0,0.843705502551899,0.5746048765081111,0.5081622368425405,Shallow GBDT depth=2,2010
2010-06-30,2010-07-30,6E,G10 FX,1.0,1.902102687031754,-1.1765235692985918,0.45672782231593884,Shallow GBDT depth=2,2010
2010-06-30,2010-07-30,6J,G10 FX,1.0,0.6426045258143853,0.3455869845714601,0.550577415230063,Shallow GBDT depth=2,2010
2010-06-30,2010-07-30,6S,G10 FX,1.0,1.3062916850499564,0.023205780184731184,0.4613822725319838,Shallow GBDT depth=2,2010
2010-06-30,2010-07-30,CL,Commodities,1.0,0.442225666871682,0.21909139656748366,0.4611843579825409,Shallow GBDT depth=2,2010
2010-06-30,2010-07-30,ES,Equity indices,1.0,1.0140325821012885,0.6099308128527031,0.4994004139602577,Shallow GBDT depth=2,2010
2010-06-30,2010-07-30,GC,Commodities,0.0,-1.2218266856849416,1.7134786640436208,0.5621044421081851,Shallow GBDT depth=2,2010
2010-06-30,2010-07-30,HG,Commodities,1.0,1.2143860589020692,0.6006184265754526,0.4849040291034834,Shallow GBDT depth=2,2010
2010-06-30,2010-07-30,NG,Commodities,1.0,0.5388619369764147,-0.6481501757695333,0.4462927099910319,Shallow GBDT depth=2,2010
2010-06-30,2010-07-30,NKD,Equity indices,1.0,0.4175702287052825,-0.10078113509325401,0.45633840331041114,Shallow GBDT depth=2,2010
2010-06-30,2010-07-30,NQ,Equity indices,1.0,0.9876642518630405,0.6952883346868222,0.5015626116951625,Shallow GBDT depth=2,2010
2010-06-30,2010-07-30,RTY,Equity indices,1.0,0.7537246618912803,0.6641963661418893,0.5114239592331614,Shallow GBDT depth=2,2010
2010-06-30,2010-07-30,SI,Commodities,0.0,-0.445333115653726,1.0514288494802804,0.5128664736609271,Shallow GBDT depth=2,2010
2010-06-30,2010-07-30,ZB,Government bonds,1.0,0.31281399116258235,0.8300802853645299,0.5721607709301263,Shallow GBDT depth=2,2010
2010-06-30,2010-07-30,ZC,Commodities,1.0,0.9351863836130553,-0.18897553861251454,0.42570924404746185,Shallow GBDT depth=2,2010
2010-06-30,2010-07-30,ZF,Government bonds,1.0,1.1244721775590538,1.4134980644763535,0.5266669085872352,Shallow GBDT depth=2,2010
2010-06-30,2010-07-30,ZN,Government bonds,1.0,0.5790298324549287,1.1845057963669912,0.5746985155325621,Shallow GBDT depth=2,2010
2010-06-30,2010-07-30,ZS,Commodities,1.0,2.3111244916042955,0.7179266651548326,0.4944483393090245,Shallow GBDT depth=2,2010
2010-06-30,2010-07-30,ZT,Government bonds,1.0,0.38550848643566527,2.1964094403002243,0.5048733248601881,Shallow GBDT depth=2,2010
2010-06-30,2010-07-30,ZW,Commodities,1.0,4.503352304069987,-1.0884186763182004,0.4462927099910319,Shallow GBDT depth=2,2010
2010-07-30,2010-08-31,6A,G10 FX,0.0,-0.31202572188072275,0.727292262098836,0.679687444294019,Shallow GBDT depth=2,2010
2010-07-30,2010-08-31,6B,G10 FX,0.0,-0.7641982146696914,-0.4905719422483301,0.7009021551777698,Shallow GBDT depth=2,2010
2010-07-30,2010-08-31,6C,G10 FX,0.0,-1.0077470883305175,0.440183913065706,0.6982808372853542,Shallow GBDT depth=2,2010
2010-07-30,2010-08-31,6E,G10 FX,0.0,-0.9310114244937162,-0.7959953669574256,0.6783685852025364,Shallow GBDT depth=2,2010
2010-07-30,2010-08-31,6J,G10 FX,1.0,0.7993656098617125,0.8532814188742365,0.6892813812292002,Shallow GBDT depth=2,2010
2010-07-30,2010-08-31,6S,G10 FX,1.0,0.8465231767161809,0.3250897576515577,0.7014138513019049,Shallow GBDT depth=2,2010
2010-07-30,2010-08-31,CL,Commodities,0.0,-1.1468853524526088,-0.050312965739778386,0.69419540601612,Shallow GBDT depth=2,2010
2010-07-30,2010-08-31,ES,Equity indices,0.0,-0.7353853102250991,0.4861382683049582,0.6982808372853542,Shallow GBDT depth=2,2010
2010-07-30,2010-08-31,GC,Commodities,1.0,1.2040529094240273,1.164184068928401,0.6951345793505815,Shallow GBDT depth=2,2010
2010-07-30,2010-08-31,HG,Commodities,1.0,0.1535360185994549,0.39995356395758236,0.6861412258854359,Shallow GBDT depth=2,2010
2010-07-30,2010-08-31,NG,Commodities,0.0,-1.9213722881503577,-0.5522046880726229,0.6925662351050731,Shallow GBDT depth=2,2010
2010-07-30,2010-08-31,NKD,Equity indices,0.0,-1.0283496408028974,-0.4919970358022727,0.6554190958663157,Shallow GBDT depth=2,2010
2010-07-30,2010-08-31,NQ,Equity indices,0.0,-0.8042530199488496,0.6086071022902009,0.7000998790197854,Shallow GBDT depth=2,2010
2010-07-30,2010-08-31,RTY,Equity indices,0.0,-0.8764757713216953,0.4712437178381509,0.6970209991589065,Shallow GBDT depth=2,2010
2010-07-30,2010-08-31,SI,Commodities,1.0,0.9065775317351107,0.6126522189750926,0.7000998790197854,Shallow GBDT depth=2,2010
2010-07-30,2010-08-31,ZB,Government bonds,1.0,2.018058513036384,1.1828877023538922,0.6966222273145157,Shallow GBDT depth=2,2010
2010-07-30,2010-08-31,ZC,Commodities,1.0,0.9275077428806316,0.08778636803731062,0.6486281133558562,Shallow GBDT depth=2,2010
2010-07-30,2010-08-31,ZF,Government bonds,1.0,0.9991689637690282,2.1696178330571674,0.6919726282686408,Shallow GBDT depth=2,2010
2010-07-30,2010-08-31,ZN,Government bonds,1.0,1.277149494876192,1.7402635282651666,0.7257235469967198,Shallow GBDT depth=2,2010
2010-07-30,2010-08-31,ZS,Commodities,0.0,-0.1281713516056964,0.3728449665425021,0.6658537195768549,Shallow GBDT depth=2,2010
2010-07-30,2010-08-31,ZT,Government bonds,1.0,0.42184595733911623,2.7431283096089523,0.6711133871881756,Shallow GBDT depth=2,2010
2010-07-30,2010-08-31,ZW,Commodities,0.0,-0.17721379605297052,0.46609908300746844,0.6008823528364488,Shallow GBDT depth=2,2010
2010-08-31,2010-09-30,6A,G10 FX,1.0,2.2430848765358995,0.43958814740503543,0.5015903547821376,Shallow GBDT depth=2,2010
2010-08-31,2010-09-30,6B,G10 FX,1.0,0.8617178688014467,-0.8606847096519857,0.4672535957639145,Shallow GBDT depth=2,2010
2010-08-31,2010-09-30,6C,G10 FX,1.0,1.1084375063875178,0.07606042659052753,0.4302010354281982,Shallow GBDT depth=2,2010
2010-08-31,2010-09-30,6E,G10 FX,1.0,2.358203465826728,-1.3482570089187529,0.456217591504861,Shallow GBDT depth=2,2010
2010-08-31,2010-09-30,6J,G10 FX,1.0,0.2485673198736547,0.6251863032149629,0.45651574306995957,Shallow GBDT depth=2,2010
2010-08-31,2010-09-30,6S,G10 FX,1.0,1.2729656976032038,0.171487653908753,0.44962551858212085,Shallow GBDT depth=2,2010
2010-08-31,2010-09-30,CL,Commodities,1.0,1.06222146406654,-0.2833653718327855,0.43817083007117374,Shallow GBDT depth=2,2010
2010-08-31,2010-09-30,ES,Equity indices,1.0,1.442175826805916,0.11242874436409334,0.4302010354281982,Shallow GBDT depth=2,2010
2010-08-31,2010-09-30,GC,Commodities,1.0,1.2258265310004874,1.4017375811186361,0.5091900647578982,Shallow GBDT depth=2,2010
2010-08-31,2010-09-30,HG,Commodities,1.0,1.0964223389250385,0.47841899855935255,0.5213232894717307,Shallow GBDT depth=2,2010
2010-08-31,2010-09-30,NG,Commodities,0.0,-0.1099330595296645,-0.7182674924474203,0.44512942752684853,Shallow GBDT depth=2,2010
2010-08-31,2010-09-30,NKD,Equity indices,1.0,0.9380741651543398,-0.7577995484063587,0.4302010354281982,Shallow GBDT depth=2,2010
2010-08-31,2010-09-30,NQ,Equity indices,1.0,2.0735128969198815,0.2285807460294058,0.44498725600716726,Shallow GBDT depth=2,2010
2010-08-31,2010-09-30,RTY,Equity indices,1.0,1.4308570680167483,0.10408493736363143,0.4302010354281982,Shallow GBDT depth=2,2010
2010-08-31,2010-09-30,SI,Commodities,1.0,1.6721928274094284,0.5192932850852683,0.5053586336701572,Shallow GBDT depth=2,2010
2010-08-31,2010-09-30,ZB,Government bonds,0.0,-0.3140571886673033,1.2735641836502707,0.44187539327654723,Shallow GBDT depth=2,2010
2010-08-31,2010-09-30,ZC,Commodities,1.0,1.7816081998227802,0.5416142693682171,0.4893651433081138,Shallow GBDT depth=2,2010
2010-08-31,2010-09-30,ZF,Government bonds,1.0,0.4284285249068296,1.8798680764291629,0.46552857333763786,Shallow GBDT depth=2,2010
2010-08-31,2010-09-30,ZN,Government bonds,1.0,0.196480858579469,1.5986394164093527,0.45962774494686615,Shallow GBDT depth=2,2010
2010-08-31,2010-09-30,ZS,Commodities,1.0,1.9794016818411557,0.7308656414127489,0.5133032905326878,Shallow GBDT depth=2,2010
2010-08-31,2010-09-30,ZT,Government bonds,1.0,0.5312026550905244,2.369946185017431,0.46923760652491453,Shallow GBDT depth=2,2010
2010-08-31,2010-09-30,ZW,Commodities,0.0,-0.15087155651988957,0.4605484008893467,0.4816371614504417,Shallow GBDT depth=2,2010
2010-09-30,2010-10-29,6A,G10 FX,1.0,0.45422447831409063,0.8060721577219389,0.5779198537854882,Shallow GBDT depth=2,2010
2010-09-30,2010-10-29,6B,G10 FX,1.0,0.7272645061844705,-0.10565767842536064,0.5913748146695731,Shallow GBDT depth=2,2010
2010-09-30,2010-10-29,6C,G10 FX,1.0,0.25870385667655516,0.07748192204553775,0.5913748146695731,Shallow GBDT depth=2,2010
2010-09-30,2010-10-29,6E,G10 FX,1.0,0.6071147372662008,-0.8176450010486492,0.5889741456589583,Shallow GBDT depth=2,2010
2010-09-30,2010-10-29,6J,G10 FX,1.0,1.1038022543114798,0.6112234976973314,0.6145357164585142,Shallow GBDT depth=2,2010
2010-09-30,2010-10-29,6S,G10 FX,0.0,-0.1579622056109493,0.39899790844930355,0.5919648058555573,Shallow GBDT depth=2,2010
2010-09-30,2010-10-29,CL,Commodities,1.0,0.1313240337053403,-0.1981876331966989,0.5836709218374444,Shallow GBDT depth=2,2010
2010-09-30,2010-10-29,ES,Equity indices,1.0,0.7079769797021199,0.4135036149251594,0.6058109246777886,Shallow GBDT depth=2,2010
2010-09-30,2010-10-29,GC,Commodities,1.0,1.0797619479233027,1.5299295892179308,0.6258875425849997,Shallow GBDT depth=2,2010
2010-09-30,2010-10-29,HG,Commodities,1.0,0.34768036319165163,0.929003741597629,0.6261734137177346,Shallow GBDT depth=2,2010
2010-09-30,2010-10-29,NG,Commodities,0.0,-0.4872998093498752,-1.1911316957826414,0.5728418609233227,Shallow GBDT depth=2,2010
2010-09-30,2010-10-29,NKD,Equity indices,0.0,-0.40783815871554857,-0.3373495686280122,0.5728418609233227,Shallow GBDT depth=2,2010
2010-09-30,2010-10-29,NQ,Equity indices,1.0,1.2108015515831063,0.7653702714721631,0.6055059974743993,Shallow GBDT depth=2,2010
2010-09-30,2010-10-29,RTY,Equity indices,1.0,0.554602907646384,0.4375297914862876,0.6058109246777886,Shallow GBDT depth=2,2010
2010-09-30,2010-10-29,SI,Commodities,1.0,2.1575943060220624,0.8671675443443106,0.6032520855950835,Shallow GBDT depth=2,2010
2010-09-30,2010-10-29,ZB,Government bonds,0.0,-0.6521428755483696,1.131659846292989,0.574158767095153,Shallow GBDT depth=2,2010
2010-09-30,2010-10-29,ZC,Commodities,1.0,2.4435610071329967,0.4416387981650635,0.5393369845770272,Shallow GBDT depth=2,2010
2010-09-30,2010-10-29,ZF,Government bonds,1.0,0.5575622702947285,1.8801663898523706,0.564395700570522,Shallow GBDT depth=2,2010
2010-09-30,2010-10-29,ZN,Government bonds,1.0,0.10756569818925438,1.5091049607648057,0.5450498716156398,Shallow GBDT depth=2,2010
2010-09-30,2010-10-29,ZS,Commodities,1.0,2.1944717816915524,0.6991151925685815,0.552257985715606,Shallow GBDT depth=2,2010
2010-09-30,2010-10-29,ZT,Government bonds,1.0,0.8418969727946398,2.513887974683026,0.5661865613270969,Shallow GBDT depth=2,2010
2010-09-30,2010-10-29,ZW,Commodities,1.0,0.5686107957315815,0.25997341415737896,0.5960345402133321,Shallow GBDT depth=2,2010
2010-10-29,2010-11-30,6A,G10 FX,0.0,-0.4183809612236248,0.6709787794063176,0.6041438571546552,Shallow GBDT depth=2,2010
2010-10-29,2010-11-30,6B,G10 FX,0.0,-1.0078025351807638,-0.3361392436182401,0.6058563965528411,Shallow GBDT depth=2,2010
2010-10-29,2010-11-30,6C,G10 FX,0.0,-0.14968142339857043,0.24178823887400658,0.6104597604138489,Shallow GBDT depth=2,2010
2010-10-29,2010-11-30,6E,G10 FX,0.0,-1.9712736124871486,-0.6946517471134374,0.6099074666708646,Shallow GBDT depth=2,2010
2010-10-29,2010-11-30,6J,G10 FX,0.0,-1.3502866431344105,1.0482975352314496,0.6542770247145039,Shallow GBDT depth=2,2010
2010-10-29,2010-11-30,6S,G10 FX,0.0,-0.597153591252179,0.19216509420226072,0.5772115888531352,Shallow GBDT depth=2,2010
2010-10-29,2010-11-30,CL,Commodities,1.0,0.3430595341327072,-0.3811118428346554,0.6058563965528411,Shallow GBDT depth=2,2010
2010-10-29,2010-11-30,ES,Equity indices,0.0,-0.004670773872903449,0.5528178733331588,0.6468054069732315,Shallow GBDT depth=2,2010
2010-10-29,2010-11-30,GC,Commodities,1.0,0.5164464547306351,1.2920721651966272,0.5891029010758365,Shallow GBDT depth=2,2010
2010-10-29,2010-11-30,HG,Commodities,1.0,0.3538268712497099,0.8288898506255913,0.6468054069732315,Shallow GBDT depth=2,2010
2010-10-29,2010-11-30,NG,Commodities,1.0,0.04299143029330134,-0.8976969510054669,0.5782285164596165,Shallow GBDT depth=2,2010
2010-10-29,2010-11-30,NKD,Equity indices,1.0,1.3018434526240459,-0.430203362499515,0.5387357662732608,Shallow GBDT depth=2,2010
2010-10-29,2010-11-30,NQ,Equity indices,0.0,-0.05218694458889553,1.044009576453098,0.6487786946001929,Shallow GBDT depth=2,2010
2010-10-29,2010-11-30,RTY,Equity indices,1.0,0.5398158034328631,0.7810808430028352,0.6289178216972305,Shallow GBDT depth=2,2010
2010-10-29,2010-11-30,SI,Commodities,1.0,2.359078599499498,1.2975618472830248,0.5300569280374082,Shallow GBDT depth=2,2010
2010-10-29,2010-11-30,ZB,Government bonds,0.0,-0.5414849123350578,1.1053578403563529,0.6258509939150237,Shallow GBDT depth=2,2010
2010-10-29,2010-11-30,ZC,Commodities,0.0,-1.1360011815428461,0.7919946722578054,0.613369398430196,Shallow GBDT depth=2,2010
2010-10-29,2010-11-30,ZF,Government bonds,0.0,-0.7970327966133202,2.0443489182400985,0.6019560638517407,Shallow GBDT depth=2,2010
2010-10-29,2010-11-30,ZN,Government bonds,0.0,-0.5862327032348945,1.5968445143527903,0.6369138667390624,Shallow GBDT depth=2,2010
2010-10-29,2010-11-30,ZS,Commodities,1.0,0.10129801537107319,1.133135956080489,0.5464996602695378,Shallow GBDT depth=2,2010
2010-10-29,2010-11-30,ZT,Government bonds,0.0,-0.6950499081568208,2.658522691184819,0.5998684172594932,Shallow GBDT depth=2,2010
2010-10-29,2010-11-30,ZW,Commodities,0.0,-0.8814039562794332,0.3465312801665991,0.5831056039601704,Shallow GBDT depth=2,2010
2010-11-30,2010-12-31,6A,G10 FX,1.0,1.770506110269918,0.6544869157480507,0.5639639976752998,Shallow GBDT depth=2,2010
2010-11-30,2010-12-31,6B,G10 FX,1.0,0.05272237611446754,-0.4261498925880693,0.5739445908147833,Shallow GBDT depth=2,2010
2010-11-30,2010-12-31,6C,G10 FX,1.0,1.074791704135405,0.3366089488967707,0.5974208932588553,Shallow GBDT depth=2,2010
2010-11-30,2010-12-31,6E,G10 FX,1.0,0.7883589950782319,-1.014336950615798,0.5739445908147833,Shallow GBDT depth=2,2010
2010-11-30,2010-12-31,6J,G10 FX,1.0,1.0984547499686659,0.6279755657283345,0.5881388767730761,Shallow GBDT depth=2,2010
2010-11-30,2010-12-31,6S,G10 FX,1.0,2.43872857381557,0.25094976654835816,0.5466774982332379,Shallow GBDT depth=2,2010
2010-11-30,2010-12-31,CL,Commodities,1.0,1.0701239756155716,0.18424268295200433,0.5878130611885316,Shallow GBDT depth=2,2010
2010-11-30,2010-12-31,ES,Equity indices,1.0,1.4794623327827903,0.4923707123310129,0.6249736296655405,Shallow GBDT depth=2,2010
2010-11-30,2010-12-31,GC,Commodities,1.0,0.578779172291589,1.2164119816918104,0.608346287800119,Shallow GBDT depth=2,2010
2010-11-30,2010-12-31,HG,Commodities,1.0,2.2926665798286505,0.6570437800121659,0.6047834038871767,Shallow GBDT depth=2,2010
2010-11-30,2010-12-31,NG,Commodities,1.0,0.30995762338349436,-1.0982870336122128,0.5535981741698458,Shallow GBDT depth=2,2010
2010-11-30,2010-12-31,NKD,Equity indices,1.0,0.3846527167002751,-0.12048985985215595,0.5437287776309403,Shallow GBDT depth=2,2010
2010-11-30,2010-12-31,NQ,Equity indices,1.0,1.0318462294514061,0.9866889066191151,0.6046879689170991,Shallow GBDT depth=2,2010
2010-11-30,2010-12-31,RTY,Equity indices,1.0,1.349956514258256,0.9162283441713993,0.6043420706822604,Shallow GBDT depth=2,2010
2010-11-30,2010-12-31,SI,Commodities,1.0,1.074645318221961,1.2463580127764333,0.576209749306014,Shallow GBDT depth=2,2010
2010-11-30,2010-12-31,ZB,Government bonds,0.0,-1.2130218509770123,0.967740461941458,0.5923294206710896,Shallow GBDT depth=2,2010
2010-11-30,2010-12-31,ZC,Commodities,1.0,1.657056746975429,0.4544335254911559,0.5878130611885316,Shallow GBDT depth=2,2010
2010-11-30,2010-12-31,ZF,Government bonds,0.0,-1.6656555373385473,1.602779666815423,0.6107316930202035,Shallow GBDT depth=2,2010
2010-11-30,2010-12-31,ZN,Government bonds,0.0,-1.6551481706221491,1.3581722586398997,0.6107316930202035,Shallow GBDT depth=2,2010
2010-11-30,2010-12-31,ZS,Commodities,1.0,1.5873906336907462,0.6575746939385427,0.5993161421142302,Shallow GBDT depth=2,2010
2010-11-30,2010-12-31,ZT,Government bonds,0.0,-0.8039471354451396,2.050077262663361,0.6091279183012215,Shallow GBDT depth=2,2010
2010-11-30,2010-12-31,ZW,Commodities,1.0,1.4007641246806144,0.1539513060529791,0.5552496237662451,Shallow GBDT depth=2,2010
2010-12-31,2011-01-31,6A,G10 FX,0.0,-0.6269250833613932,1.1214005277946608,0.6920120781286402,Shallow GBDT depth=2,2010
2010-12-31,2011-01-31,6B,G10 FX,1.0,1.0110722719883134,-0.4421286949746484,0.7044068311679513,Shallow GBDT depth=2,2010
2010-12-31,2011-01-31,6C,G10 FX,0.0,-0.24440560619432278,0.4147709492482203,0.7397263991825929,Shallow GBDT depth=2,2010
2010-12-31,2011-01-31,6E,G10 FX,1.0,0.7553304480391525,-0.7705606820067775,0.7140045584019058,Shallow GBDT depth=2,2010
2010-12-31,2011-01-31,6J,G10 FX,0.0,-0.4123822384436392,1.212089436088147,0.7380113728821105,Shallow GBDT depth=2,2010
2010-12-31,2011-01-31,6S,G10 FX,0.0,-0.3529570213170412,0.7845523503885758,0.7225564786869464,Shallow GBDT depth=2,2010
2010-12-31,2011-01-31,CL,Commodities,0.0,-0.024765994252324,0.10009057413830605,0.7282377049022848,Shallow GBDT depth=2,2010
2010-12-31,2011-01-31,ES,Equity indices,1.0,0.6282971108764601,0.8038853630847149,0.6922683243066908,Shallow GBDT depth=2,2010
2010-12-31,2011-01-31,GC,Commodities,0.0,-1.504294933195095,1.360559159866681,0.744290585916735,Shallow GBDT depth=2,2010
2010-12-31,2011-01-31,HG,Commodities,1.0,0.045311197695584275,1.1049939073705517,0.6920774898028486,Shallow GBDT depth=2,2010
2010-12-31,2011-01-31,NG,Commodities,1.0,0.010143556000008677,-1.340526477777769,0.6765697943413223,Shallow GBDT depth=2,2010
2010-12-31,2011-01-31,NKD,Equity indices,1.0,0.046118949125967396,-0.37011234892741696,0.7102484852063238,Shallow GBDT depth=2,2010
2010-12-31,2011-01-31,NQ,Equity indices,1.0,0.7472863250183556,1.1493990052396574,0.7107626119866682,Shallow GBDT depth=2,2010
2010-12-31,2011-01-31,RTY,Equity indices,0.0,-0.055660613347246625,1.1591795285816102,0.6941077356187431,Shallow GBDT depth=2,2010
2010-12-31,2011-01-31,SI,Commodities,0.0,-1.1126069245997978,1.4171225435909809,0.7119174682814025,Shallow GBDT depth=2,2010
2010-12-31,2011-01-31,ZB,Government bonds,0.0,-0.31593496086114553,0.668818827231853,0.691893598951729,Shallow GBDT depth=2,2010
2010-12-31,2011-01-31,ZC,Commodities,1.0,0.6425546262671838,1.132702538529002,0.6802881986733553,Shallow GBDT depth=2,2010
2010-12-31,2011-01-31,ZF,Government bonds,1.0,0.4466737335378301,1.1155844002881077,0.6868028896384112,Shallow GBDT depth=2,2010
2010-12-31,2011-01-31,ZN,Government bonds,1.0,0.13556320819361206,0.8762551998377709,0.6955048042809715,Shallow GBDT depth=2,2010
2010-12-31,2011-01-31,ZS,Commodities,1.0,0.11508826323318427,1.3820817869715052,0.6920120781286402,Shallow GBDT depth=2,2010
2010-12-31,2011-01-31,ZT,Government bonds,1.0,0.3828411234365211,1.5472889944302026,0.6545801143595017,Shallow GBDT depth=2,2010
2010-12-31,2011-01-31,ZW,Commodities,1.0,0.6435893984497534,0.5743454157378193,0.6994680318764769,Shallow GBDT depth=2,2010
2011-01-31,2011-02-28,6A,G10 FX,1.0,0.749432208991533,1.2291008958536023,0.5885517862189142,Ridge logistic C=0.05,2011
2011-01-31,2011-02-28,6B,G10 FX,1.0,0.576905477484724,0.23973452052828867,0.5728564229906786,Ridge logistic C=0.05,2011
2011-01-31,2011-02-28,6C,G10 FX,1.0,1.309397932355303,0.5968902580887877,0.5974200238325131,Ridge logistic C=0.05,2011
2011-01-31,2011-02-28,6E,G10 FX,1.0,0.2673197075449885,0.0020487226342138405,0.5384197089149687,Ridge logistic C=0.05,2011
2011-01-31,2011-02-28,6J,G10 FX,1.0,0.11798138470421679,0.9025447408930568,0.5835812588095658,Ridge logistic C=0.05,2011
2011-01-31,2011-02-28,6S,G10 FX,1.0,0.49847603285753506,1.0678257491636671,0.5802848058591396,Ridge logistic C=0.05,2011
2011-01-31,2011-02-28,CL,Commodities,1.0,0.20431635585395447,0.30140710583003805,0.5461805977393341,Ridge logistic C=0.05,2011
2011-01-31,2011-02-28,ES,Equity indices,1.0,0.9606297099342397,1.4359553427629277,0.6259571355691791,Ridge logistic C=0.05,2011
2011-01-31,2011-02-28,GC,Commodities,1.0,1.2376029917142746,1.0935916514061108,0.5792412769164889,Ridge logistic C=0.05,2011
2011-01-31,2011-02-28,HG,Commodities,1.0,0.07210340777104805,1.3688246814917768,0.6169918748484694,Ridge logistic C=0.05,2011
2011-01-31,2011-02-28,NG,Commodities,0.0,-0.8476437307484737,-1.1691568579013272,0.5674121446908867,Ridge logistic C=0.05,2011
2011-01-31,2011-02-28,NKD,Equity indices,1.0,0.8357276168722766,0.04768970114940131,0.5890577145028459,Ridge logistic C=0.05,2011
2011-01-31,2011-02-28,NQ,Equity indices,1.0,0.7994157021021527,1.6700349812804443,0.5981424361636325,Ridge logistic C=0.05,2011
2011-01-31,2011-02-28,RTY,Equity indices,1.0,1.0920914071148546,1.3754770445616749,0.6176623787340401,Ridge logistic C=0.05,2011
2011-01-31,2011-02-28,SI,Commodities,1.0,2.1670502271072922,1.3793529089549406,0.5966988251222035,Ridge logistic C=0.05,2011
2011-01-31,2011-02-28,ZB,Government bonds,1.0,0.2824983756451007,0.521126030058228,0.626611318119104,Ridge logistic C=0.05,2011
2011-01-31,2011-02-28,ZC,Commodities,1.0,1.2522320675415743,1.3959912504448355,0.5782408841119863,Ridge logistic C=0.05,2011
2011-01-31,2011-02-28,ZF,Government bonds,0.0,-0.36785672734348096,1.0484448563523412,0.643278124854224,Ridge logistic C=0.05,2011
2011-01-31,2011-02-28,ZN,Government bonds,0.0,-0.2013508215701195,0.7926133025117781,0.6362447879275106,Ridge logistic C=0.05,2011
2011-01-31,2011-02-28,ZS,Commodities,0.0,-0.6673244276250906,1.5861524717219793,0.6209375390287006,Ridge logistic C=0.05,2011
2011-01-31,2011-02-28,ZT,Government bonds,0.0,-0.190140462249549,1.3539685516833289,0.662618085347387,Ridge logistic C=0.05,2011
2011-01-31,2011-02-28,ZW,Commodities,0.0,-0.8419139524546752,0.9711198632985789,0.6395312939549641,Ridge logistic C=0.05,2011
2011-02-28,2011-03-31,6A,G10 FX,1.0,0.6524100273500937,1.239504147561185,0.5917903506018003,Ridge logistic C=0.05,2011
2011-02-28,2011-03-31,6B,G10 FX,0.0,-0.49606273840265824,0.8935741013213584,0.5963118947301768,Ridge logistic C=0.05,2011
2011-02-28,2011-03-31,6C,G10 FX,1.0,0.13938472254084586,0.7380956993107932,0.567879963040016,Ridge logistic C=0.05,2011
2011-02-28,2011-03-31,6E,G10 FX,1.0,0.9949173909432015,0.09381162946322108,0.5710915077543748,Ridge logistic C=0.05,2011
2011-02-28,2011-03-31,6J,G10 FX,0.0,-0.6689996844669556,1.089633498161516,0.6308235572543784,Ridge logistic C=0.05,2011
2011-02-28,2011-03-31,6S,G10 FX,1.0,0.4348959161863503,1.2121149754838438,0.6225753177913127,Ridge logistic C=0.05,2011
2011-02-28,2011-03-31,CL,Commodities,1.0,1.3466108066955547,0.051023916120823166,0.47610099011222,Ridge logistic C=0.05,2011
2011-02-28,2011-03-31,ES,Equity indices,0.0,-0.005540716498796972,1.2459848561316527,0.6149558490571153,Ridge logistic C=0.05,2011
2011-02-28,2011-03-31,GC,Commodities,1.0,0.5237070121079337,1.5311672996342316,0.6343696375492733,Ridge logistic C=0.05,2011
2011-02-28,2011-03-31,HG,Commodities,0.0,-0.6996010166458865,1.1139714703319727,0.5760569639817651,Ridge logistic C=0.05,2011
2011-02-28,2011-03-31,NG,Commodities,1.0,0.6124707341275909,-0.9120088945620948,0.5363749426219606,Ridge logistic C=0.05,2011
2011-02-28,2011-03-31,NKD,Equity indices,0.0,-1.8095095566073944,-0.07421514090114882,0.5738084839582915,Ridge logistic C=0.05,2011
2011-02-28,2011-03-31,NQ,Equity indices,0.0,-0.12879814824935873,1.3416080220305204,0.605412886317252,Ridge logistic C=0.05,2011
2011-02-28,2011-03-31,RTY,Equity indices,1.0,0.5387138396049116,1.1327154064388498,0.5928485504027056,Ridge logistic C=0.05,2011
2011-02-28,2011-03-31,SI,Commodities,1.0,1.6589554876811676,1.9404364533086103,0.5932079211835254,Ridge logistic C=0.05,2011
2011-02-28,2011-03-31,ZB,Government bonds,0.0,-0.03732305118416017,0.5968927200538395,0.6663263878569742,Ridge logistic C=0.05,2011
2011-02-28,2011-03-31,ZC,Commodities,0.0,-0.7159275721479686,1.6862121955227911,0.5765960122508138,Ridge logistic C=0.05,2011
2011-02-28,2011-03-31,ZF,Government bonds,0.0,-0.09996523354345882,0.9553499824509305,0.6553208573657986,Ridge logistic C=0.05,2011
2011-02-28,2011-03-31,ZN,Government bonds,0.0,-0.006471250167632753,0.7266866261107171,0.6563656815683597,Ridge logistic C=0.05,2011
2011-02-28,2011-03-31,ZS,Commodities,1.0,0.45920816491353716,1.2782762242725763,0.5432335991239421,Ridge logistic C=0.05,2011
2011-02-28,2011-03-31,ZT,Government bonds,0.0,-0.23190521223605914,1.2658373409083998,0.6774501960970596,Ridge logistic C=0.05,2011
2011-02-28,2011-03-31,ZW,Commodities,0.0,-0.6838438987563202,0.7492349920209442,0.5979513508052071,Ridge logistic C=0.05,2011
2011-03-31,2011-04-29,6A,G10 FX,1.0,1.9387674439178681,1.2933715253473546,0.6341319232468302,Ridge logistic C=0.05,2011
2011-03-31,2011-04-29,6B,G10 FX,1.0,1.654079090710139,0.5289928990408813,0.6350500689733898,Ridge logistic C=0.05,2011
2011-03-31,2011-04-29,6C,G10 FX,1.0,1.1552315910429847,0.5184675029021086,0.6110352406145081,Ridge logistic C=0.05,2011
2011-03-31,2011-04-29,6E,G10 FX,1.0,1.6668565246523652,0.45482431782312194,0.6489989158114515,Ridge logistic C=0.05,2011
2011-03-31,2011-04-29,6J,G10 FX,1.0,0.8168355929253257,1.0188191596073357,0.6196083713956936,Ridge logistic C=0.05,2011
2011-03-31,2011-04-29,6S,G10 FX,1.0,2.0742377407393153,1.2499437539088283,0.6451778403653589,Ridge logistic C=0.05,2011
2011-03-31,2011-04-29,CL,Commodities,1.0,0.9402020901749828,0.3482588043950382,0.5611526689018632,Ridge logistic C=0.05,2011
2011-03-31,2011-04-29,ES,Equity indices,1.0,0.7675888781784487,0.8420185263422514,0.61916935952062,Ridge logistic C=0.05,2011
2011-03-31,2011-04-29,GC,Commodities,1.0,2.113048340794196,1.4534909968884906,0.6794933203817052,Ridge logistic C=0.05,2011
2011-03-31,2011-04-29,HG,Commodities,0.0,-0.5171779048214459,0.6486671228192438,0.5715508658555942,Ridge logistic C=0.05,2011
2011-03-31,2011-04-29,NG,Commodities,1.0,0.5577500136910599,-0.5226388980274828,0.5330292454085014,Ridge logistic C=0.05,2011
2011-03-31,2011-04-29,NKD,Equity indices,1.0,0.26878593056268774,-0.5727014893222984,0.5688124821736283,Ridge logistic C=0.05,2011
2011-03-31,2011-04-29,NQ,Equity indices,1.0,0.6342459969269,0.9715180055671699,0.6218230107198414,Ridge logistic C=0.05,2011
2011-03-31,2011-04-29,RTY,Equity indices,1.0,0.5243295305215206,1.0043000110474232,0.6234296111790718,Ridge logistic C=0.05,2011
2011-03-31,2011-04-29,SI,Commodities,1.0,4.096274677664597,2.152822435530242,0.620811122078105,Ridge logistic C=0.05,2011
2011-03-31,2011-04-29,ZB,Government bonds,1.0,0.578231934519102,0.6462234313298705,0.7213081111588736,Ridge logistic C=0.05,2011
2011-03-31,2011-04-29,ZC,Commodities,1.0,0.8965585434689735,1.2849895925065613,0.5746186830469449,Ridge logistic C=0.05,2011
2011-03-31,2011-04-29,ZF,Government bonds,1.0,1.1439891697395896,1.0183728096161864,0.7085346937289024,Ridge logistic C=0.05,2011
2011-03-31,2011-04-29,ZN,Government bonds,1.0,0.9202916425170178,0.7891243764577978,0.708513170000883,Ridge logistic C=0.05,2011
2011-03-31,2011-04-29,ZS,Commodities,0.0,-0.18991739320473325,1.256041726973099,0.5947522817311086,Ridge logistic C=0.05,2011
2011-03-31,2011-04-29,ZT,Government bonds,1.0,1.3116985104694867,1.1714593278807524,0.7088521093432771,Ridge logistic C=0.05,2011
2011-03-31,2011-04-29,ZW,Commodities,1.0,0.04084393213450525,0.5154188639329671,0.5611415393647903,Ridge logistic C=0.05,2011
2011-04-29,2011-05-31,6A,G10 FX,0.0,-0.8679189793645393,2.290577975283472,0.6717128839927667,Ridge logistic C=0.05,2011
2011-04-29,2011-05-31,6B,G10 FX,0.0,-0.6772723989968615,1.4939898103531595,0.6624563918198371,Ridge logistic C=0.05,2011
2011-04-29,2011-05-31,6C,G10 FX,0.0,-1.203791061120777,1.172115745270899,0.644483949746369,Ridge logistic C=0.05,2011
2011-04-29,2011-05-31,6E,G10 FX,0.0,-1.1583918033868175,1.6719945487810859,0.6865050841511142,Ridge logistic C=0.05,2011
2011-04-29,2011-05-31,6J,G10 FX,0.0,-0.16539250337488837,1.297483249377915,0.6642678040453396,Ridge logistic C=0.05,2011
2011-04-29,2011-05-31,6S,G10 FX,1.0,0.4550361887751531,2.3842827925206365,0.6624707101024784,Ridge logistic C=0.05,2011
2011-04-29,2011-05-31,CL,Commodities,0.0,-1.6481198827908943,1.0246131245549948,0.615227884327419,Ridge logistic C=0.05,2011
2011-04-29,2011-05-31,ES,Equity indices,0.0,-0.3377348334274645,1.2952993300319704,0.6553257669262144,Ridge logistic C=0.05,2011
2011-04-29,2011-05-31,GC,Commodities,0.0,-0.38673509635439846,1.6496825895223588,0.6872263177702377,Ridge logistic C=0.05,2011
2011-04-29,2011-05-31,HG,Commodities,0.0,-0.005272626630482406,0.9279591246219152,0.5616089188197826,Ridge logistic C=0.05,2011
2011-04-29,2011-05-31,NG,Commodities,0.0,-0.17982841152473977,-0.40368403450549034,0.5435079134863041,Ridge logistic C=0.05,2011
2011-04-29,2011-05-31,NKD,Equity indices,0.0,-0.2993643086612039,-0.27571786430518863,0.6237933583887731,Ridge logistic C=0.05,2011
2011-04-29,2011-05-31,NQ,Equity indices,0.0,-0.3097142929871641,1.3418729766171207,0.6712191273204455,Ridge logistic C=0.05,2011
2011-04-29,2011-05-31,RTY,Equity indices,0.0,-0.4081794022021331,1.1753849543755688,0.6535428218927457,Ridge logistic C=0.05,2011
2011-04-29,2011-05-31,SI,Commodities,0.0,-3.273221542689883,2.640646605123866,0.6268665751969176,Ridge logistic C=0.05,2011
2011-04-29,2011-05-31,ZB,Government bonds,1.0,1.0916231377865468,0.585606281155813,0.695937760188815,Ridge logistic C=0.05,2011
2011-04-29,2011-05-31,ZC,Commodities,0.0,-0.13201707849794123,1.3666686623425401,0.5966781638312331,Ridge logistic C=0.05,2011
2011-04-29,2011-05-31,ZF,Government bonds,1.0,1.3061502010627597,1.0885328340896945,0.7166617289963609,Ridge logistic C=0.05,2011
2011-04-29,2011-05-31,ZN,Government bonds,1.0,1.3694245255080961,0.8511235564594756,0.7129197557496602,Ridge logistic C=0.05,2011
2011-04-29,2011-05-31,ZS,Commodities,0.0,-0.18367691544493608,1.2961167581517707,0.6261735018912972,Ridge logistic C=0.05,2011
2011-04-29,2011-05-31,ZT,Government bonds,1.0,1.0796632965204824,1.1843342513931956,0.7228698452627101,Ridge logistic C=0.05,2011
2011-04-29,2011-05-31,ZW,Commodities,0.0,-0.21552178539687128,0.49772624326044956,0.5646361477577959,Ridge logistic C=0.05,2011
2011-05-31,2011-06-30,6A,G10 FX,1.0,0.3314522296479947,2.2222363949539132,0.6284022465101768,Ridge logistic C=0.05,2011
2011-05-31,2011-06-30,6B,G10 FX,0.0,-0.9879631184821506,1.4908887913656872,0.6055654868902808,Ridge logistic C=0.05,2011
2011-05-31,2011-06-30,6C,G10 FX,1.0,0.3105848275815906,1.0436765170998612,0.5834113256334462,Ridge logistic C=0.05,2011
2011-05-31,2011-06-30,6E,G10 FX,1.0,0.34742068364296613,1.563608378502525,0.6246492309934722,Ridge logistic C=0.05,2011
2011-05-31,2011-06-30,6J,G10 FX,1.0,0.4892391830510057,1.1881643088339449,0.6268141244696246,Ridge logistic C=0.05,2011
2011-05-31,2011-06-30,6S,G10 FX,1.0,0.5534696651250263,2.6469048748944695,0.6136851125839285,Ridge logistic C=0.05,2011
2011-05-31,2011-06-30,CL,Commodities,0.0,-0.7958782116843145,0.5405888232448215,0.5889336368303726,Ridge logistic C=0.05,2011
2011-05-31,2011-06-30,ES,Equity indices,0.0,-0.5078219508055117,1.7463993991183018,0.6269612979236812,Ridge logistic C=0.05,2011
2011-05-31,2011-06-30,GC,Commodities,0.0,-0.6130949612494413,1.557470380031139,0.66503241461439,Ridge logistic C=0.05,2011
2011-05-31,2011-06-30,HG,Commodities,1.0,0.3054105288896781,1.1661084791610952,0.5638676362342102,Ridge logistic C=0.05,2011
2011-05-31,2011-06-30,NG,Commodities,0.0,-0.6767737044098326,-0.7169996065734136,0.5725326754759276,Ridge logistic C=0.05,2011
2011-05-31,2011-06-30,NKD,Equity indices,1.0,0.2281465021108008,-0.05450501147931407,0.5991033045692638,Ridge logistic C=0.05,2011
2011-05-31,2011-06-30,NQ,Equity indices,0.0,-0.5065279329887369,1.6644421338060094,0.6222063923192339,Ridge logistic C=0.05,2011
2011-05-31,2011-06-30,RTY,Equity indices,0.0,-0.4566468846200885,1.4625370666055402,0.6189303203112625,Ridge logistic C=0.05,2011
2011-05-31,2011-06-30,SI,Commodities,0.0,-0.7081139318224652,1.1652585029770846,0.6039013939918308,Ridge logistic C=0.05,2011
2011-05-31,2011-06-30,ZB,Government bonds,0.0,-0.5911119248715978,0.5942955435090913,0.6798039811424909,Ridge logistic C=0.05,2011
2011-05-31,2011-06-30,ZC,Commodities,0.0,-1.1464337415431074,1.4257775882461265,0.5590285357062231,Ridge logistic C=0.05,2011
2011-05-31,2011-06-30,ZF,Government bonds,1.0,0.04503924836797576,1.3225202141079668,0.7214767848776599,Ridge logistic C=0.05,2011
2011-05-31,2011-06-30,ZN,Government bonds,0.0,-0.15226670243719254,0.9914432218371189,0.7023994662923495,Ridge logistic C=0.05,2011
2011-05-31,2011-06-30,ZS,Commodities,0.0,-0.7876904263836302,1.438485373995251,0.6275659272449334,Ridge logistic C=0.05,2011
2011-05-31,2011-06-30,ZT,Government bonds,1.0,0.24543614977351916,1.3179233139835804,0.7046182146857993,Ridge logistic C=0.05,2011
2011-05-31,2011-06-30,ZW,Commodities,0.0,-2.1815146363604687,0.5757034054538006,0.5423726960909837,Ridge logistic C=0.05,2011
2011-06-30,2011-07-29,6A,G10 FX,1.0,0.9063035062320036,2.008954443682733,0.611570404118561,Ridge logistic C=0.05,2011
2011-06-30,2011-07-29,6B,G10 FX,1.0,0.9655930149663003,0.7155894417985011,0.5592807835802346,Ridge logistic C=0.05,2011
2011-06-30,2011-07-29,6C,G10 FX,1.0,0.4002941300631466,0.8996779174436155,0.5476006554565271,Ridge logistic C=0.05,2011
2011-06-30,2011-07-29,6E,G10 FX,0.0,-0.3052195896473864,1.166818953935645,0.5878774478419444,Ridge logistic C=0.05,2011
2011-06-30,2011-07-29,6J,G10 FX,1.0,1.8707373038097925,1.0771196731345525,0.6231911927360615,Ridge logistic C=0.05,2011
2011-06-30,2011-07-29,6S,G10 FX,1.0,2.4827087220297765,2.2148226805258475,0.6181202617382187,Ridge logistic C=0.05,2011
2011-06-30,2011-07-29,CL,Commodities,0.0,-0.008510017982109888,0.23860024570307722,0.5625769350436575,Ridge logistic C=0.05,2011
2011-06-30,2011-07-29,ES,Equity indices,0.0,-0.5296127320325746,1.3929615766239627,0.6343100618597782,Ridge logistic C=0.05,2011
2011-06-30,2011-07-29,GC,Commodities,1.0,2.3061421861790463,1.494173032632042,0.6348267394094651,Ridge logistic C=0.05,2011
2011-06-30,2011-07-29,HG,Commodities,1.0,0.7045306277945497,1.2275095601718786,0.6269333749719161,Ridge logistic C=0.05,2011
2011-06-30,2011-07-29,NG,Commodities,0.0,-0.43861031388267385,-0.6177522701207163,0.5508965558295867,Ridge logistic C=0.05,2011
2011-06-30,2011-07-29,NKD,Equity indices,0.0,-0.12189343338288393,0.11310301056866101,0.6222100442052961,Ridge logistic C=0.05,2011
2011-06-30,2011-07-29,NQ,Equity indices,1.0,0.3717400568292644,1.3705089201027902,0.6226060175761639,Ridge logistic C=0.05,2011
2011-06-30,2011-07-29,RTY,Equity indices,0.0,-0.6845584394337495,1.3086210678604502,0.6328954508881917,Ridge logistic C=0.05,2011
2011-06-30,2011-07-29,SI,Commodities,1.0,1.1509760670339662,1.035015072516214,0.588440699502168,Ridge logistic C=0.05,2011
2011-06-30,2011-07-29,ZB,Government bonds,1.0,1.544192697973368,0.28441769099687164,0.60331258476531,Ridge logistic C=0.05,2011
2011-06-30,2011-07-29,ZC,Commodities,1.0,0.2368137213581396,0.9590244670713455,0.5499199936895685,Ridge logistic C=0.05,2011
2011-06-30,2011-07-29,ZF,Government bonds,1.0,1.6903275521913588,1.0216563563820857,0.6356720449833814,Ridge logistic C=0.05,2011
2011-06-30,2011-07-29,ZN,Government bonds,1.0,1.6412967835846697,0.7140079472152255,0.6219892335011772,Ridge logistic C=0.05,2011
2011-06-30,2011-07-29,ZS,Commodities,1.0,0.6638036244822108,1.0843953068584615,0.619402233481587,Ridge logistic C=0.05,2011
2011-06-30,2011-07-29,ZT,Government bonds,1.0,0.9101644002608215,1.2142805516450403,0.6578636979354792,Ridge logistic C=0.05,2011
2011-06-30,2011-07-29,ZW,Commodities,1.0,0.6180588989267983,-0.3392243711373407,0.5126333200994334,Ridge logistic C=0.05,2011
2011-07-29,2011-08-31,6A,G10 FX,0.0,-0.8095605592476495,2.153567578533085,0.575681782083074,Ridge logistic C=0.05,2011
2011-07-29,2011-08-31,6B,G10 FX,0.0,-0.4904013949422788,0.6221282048936918,0.5519048698189795,Ridge logistic C=0.05,2011
2011-07-29,2011-08-31,6C,G10 FX,0.0,-1.032393701560295,1.1921055630110238,0.5436481233733894,Ridge logistic C=0.05,2011
2011-07-29,2011-08-31,6E,G10 FX,1.0,0.06363263324611948,0.9741988445228129,0.5397720655270428,Ridge logistic C=0.05,2011
2011-07-29,2011-08-31,6J,G10 FX,1.0,0.27610196030983525,1.2343866003799278,0.5899657908411753,Ridge logistic C=0.05,2011
2011-07-29,2011-08-31,6S,G10 FX,0.0,-0.7389557796112667,2.7020300157593766,0.5226764975003483,Ridge logistic C=0.05,2011
2011-07-29,2011-08-31,CL,Commodities,0.0,-0.8134714739894068,0.23949888187560525,0.5415217526183371,Ridge logistic C=0.05,2011
2011-07-29,2011-08-31,ES,Equity indices,0.0,-1.3199021386622474,1.2050018379491998,0.5849202450836064,Ridge logistic C=0.05,2011
2011-07-29,2011-08-31,GC,Commodities,1.0,3.6994905774977456,2.2616058318712713,0.5673316160871407,Ridge logistic C=0.05,2011
2011-07-29,2011-08-31,HG,Commodities,0.0,-1.1510526129589431,1.3013838774561957,0.6389215374187578,Ridge logistic C=0.05,2011
2011-07-29,2011-08-31,NG,Commodities,0.0,-0.17759923604570058,-0.7960856167641917,0.5068730005012224,Ridge logistic C=0.05,2011
2011-07-29,2011-08-31,NKD,Equity indices,0.0,-1.5008973746686085,0.3628650920030743,0.5950059638707836,Ridge logistic C=0.05,2011
2011-07-29,2011-08-31,NQ,Equity indices,0.0,-1.0907723236652,1.4123047034986007,0.6024621189546169,Ridge logistic C=0.05,2011
2011-07-29,2011-08-31,RTY,Equity indices,0.0,-1.539815783228866,1.2122905322040283,0.5913937456351473,Ridge logistic C=0.05,2011
2011-07-29,2011-08-31,SI,Commodities,1.0,0.3607178298539912,1.4391638179157678,0.5541161158445739,Ridge logistic C=0.05,2011
2011-07-29,2011-08-31,ZB,Government bonds,1.0,2.642536573385069,0.20307542279011853,0.5467451835467649,Ridge logistic C=0.05,2011
2011-07-29,2011-08-31,ZC,Commodities,1.0,1.2643900935574424,0.98175357065191,0.5718729297774516,Ridge logistic C=0.05,2011
2011-07-29,2011-08-31,ZF,Government bonds,1.0,1.4458928251241197,0.9150545552475241,0.5871200953187875,Ridge logistic C=0.05,2011
2011-07-29,2011-08-31,ZN,Government bonds,1.0,2.0051215486503233,0.5998007884767363,0.5774181130497922,Ridge logistic C=0.05,2011
2011-07-29,2011-08-31,ZS,Commodities,1.0,1.3804785696580963,1.2093735248890742,0.6247114936895449,Ridge logistic C=0.05,2011
2011-07-29,2011-08-31,ZT,Government bonds,1.0,0.971911033932684,1.1924078312724804,0.6088401822581558,Ridge logistic C=0.05,2011
2011-07-29,2011-08-31,ZW,Commodities,1.0,0.8779131293707977,-0.6392289780275967,0.5242645883528494,Ridge logistic C=0.05,2011
2011-08-31,2011-09-30,6A,G10 FX,0.0,-2.3609065213792944,1.2850151048915608,0.5316451065173189,Ridge logistic C=0.05,2011
2011-08-31,2011-09-30,6B,G10 FX,0.0,-1.6110821029419613,0.6748952679688384,0.5142328327675503,Ridge logistic C=0.05,2011
2011-08-31,2011-09-30,6C,G10 FX,0.0,-2.5305978328734833,0.6467667078433323,0.5410165287604267,Ridge logistic C=0.05,2011
2011-08-31,2011-09-30,6E,G10 FX,0.0,-2.1673080639793736,1.0412098992945218,0.5237618564606127,Ridge logistic C=0.05,2011
2011-08-31,2011-09-30,6J,G10 FX,0.0,-0.26771141772123214,0.9247745557702763,0.5863517947313727,Ridge logistic C=0.05,2011
2011-08-31,2011-09-30,6S,G10 FX,0.0,-2.0705491736386747,1.0571035485643292,0.4442049959371556,Ridge logistic C=0.05,2011
2011-08-31,2011-09-30,CL,Commodities,0.0,-1.0315900934327489,0.04013484319748674,0.5196153239110503,Ridge logistic C=0.05,2011
2011-08-31,2011-09-30,ES,Equity indices,0.0,-0.8931776778385679,0.35207728957149176,0.5192844368101295,Ridge logistic C=0.05,2011
2011-08-31,2011-09-30,GC,Commodities,0.0,-2.0907726656921937,1.6636648298285621,0.5340755221518614,Ridge logistic C=0.05,2011
2011-08-31,2011-09-30,HG,Commodities,0.0,-3.9190573045491144,0.6959990695314834,0.5433979585024323,Ridge logistic C=0.05,2011
2011-08-31,2011-09-30,NG,Commodities,0.0,-1.1415060562369181,-0.5864929944811682,0.4269709524152219,Ridge logistic C=0.05,2011
2011-08-31,2011-09-30,NKD,Equity indices,0.0,-0.6053985563897994,-0.14317974292716254,0.5433503337492347,Ridge logistic C=0.05,2011
2011-08-31,2011-09-30,NQ,Equity indices,0.0,-0.5626331046868224,0.5370736066275629,0.5332124654029936,Ridge logistic C=0.05,2011
2011-08-31,2011-09-30,RTY,Equity indices,0.0,-1.0558821224379216,0.3259321454612927,0.5078862298523699,Ridge logistic C=0.05,2011
2011-08-31,2011-09-30,SI,Commodities,0.0,-2.394025651826176,1.2681029025438644,0.5536425068528055,Ridge logistic C=0.05,2011
2011-08-31,2011-09-30,ZB,Government bonds,1.0,1.3560564054167146,0.6474855834492325,0.5331807179807612,Ridge logistic C=0.05,2011
2011-08-31,2011-09-30,ZC,Commodities,0.0,-2.6442068080165946,1.1384324192479174,0.5853368590517631,Ridge logistic C=0.05,2011
2011-08-31,2011-09-30,ZF,Government bonds,0.0,-0.045018066557382594,1.4035244136462717,0.5699850401472014,Ridge logistic C=0.05,2011
2011-08-31,2011-09-30,ZN,Government bonds,1.0,0.4387611183528184,1.152973294269062,0.5483009564655911,Ridge logistic C=0.05,2011
2011-08-31,2011-09-30,ZS,Commodities,0.0,-3.8953545356027557,1.5868055798198872,0.5870676201662721,Ridge logistic C=0.05,2011
2011-08-31,2011-09-30,ZT,Government bonds,0.0,-0.5147425208698102,1.6971237451906007,0.5941396593865678,Ridge logistic C=0.05,2011
2011-08-31,2011-09-30,ZW,Commodities,0.0,-2.171417981396201,-0.46948089219542566,0.5138593358534582,Ridge logistic C=0.05,2011
2011-09-30,2011-10-31,6A,G10 FX,1.0,1.8663509062170112,0.13703474910704677,0.4552210179019252,Ridge logistic C=0.05,2011
2011-09-30,2011-10-31,6B,G10 FX,1.0,1.2800161570007675,-0.15294949901513882,0.4682726433189101,Ridge logistic C=0.05,2011
2011-09-30,2011-10-31,6C,G10 FX,1.0,1.5613851822420197,-0.2811320831893834,0.4252411043141914,Ridge logistic C=0.05,2011
2011-09-30,2011-10-31,6E,G10 FX,1.0,1.0605298434576007,-0.2818992016146564,0.442017274580068,Ridge logistic C=0.05,2011
2011-09-30,2011-10-31,6J,G10 FX,0.0,-0.5409766532771252,0.6632372787902732,0.5717760842457834,Ridge logistic C=0.05,2011
2011-09-30,2011-10-31,6S,G10 FX,1.0,0.48544819465092964,0.2016003417584682,0.5016071598428474,Ridge logistic C=0.05,2011
2011-09-30,2011-10-31,CL,Commodities,1.0,1.4311423562038743,-0.38591196514766374,0.457425622754798,Ridge logistic C=0.05,2011
2011-09-30,2011-10-31,ES,Equity indices,1.0,1.2872048983569417,-0.08064805894405537,0.4706836792357862,Ridge logistic C=0.05,2011
2011-09-30,2011-10-31,GC,Commodities,1.0,0.7626199630634416,0.5228816167717045,0.49594903214874847,Ridge logistic C=0.05,2011
2011-09-30,2011-10-31,HG,Commodities,1.0,1.3462057547301227,-0.6043790398609081,0.42677156143146217,Ridge logistic C=0.05,2011
2011-09-30,2011-10-31,NG,Commodities,1.0,0.2273827144751295,-0.6753775215978074,0.4120455483918604,Ridge logistic C=0.05,2011
2011-09-30,2011-10-31,NKD,Equity indices,1.0,0.49093829122314325,-0.425165031889765,0.4600781289415245,Ridge logistic C=0.05,2011
2011-09-30,2011-10-31,NQ,Equity indices,1.0,1.2710915310609459,0.15199123521869495,0.4938422071815337,Ridge logistic C=0.05,2011
2011-09-30,2011-10-31,RTY,Equity indices,1.0,1.2878084322609544,-0.19614240144977219,0.45950100338796146,Ridge logistic C=0.05,2011
2011-09-30,2011-10-31,SI,Commodities,1.0,0.6708087432601934,0.2709046313233154,0.5147263783340092,Ridge logistic C=0.05,2011
2011-09-30,2011-10-31,ZB,Government bonds,0.0,-0.6635021916831929,0.78613276415985,0.5558741639612551,Ridge logistic C=0.05,2011
2011-09-30,2011-10-31,ZC,Commodities,1.0,0.775328509830667,0.0010266883574796492,0.5063384592571117,Ridge logistic C=0.05,2011
2011-09-30,2011-10-31,ZF,Government bonds,1.0,0.09668032198791253,1.0308957001193721,0.5336676363907327,Ridge logistic C=0.05,2011
2011-09-30,2011-10-31,ZN,Government bonds,0.0,-0.427418018659694,0.8879977754666184,0.542360939370889,Ridge logistic C=0.05,2011
2011-09-30,2011-10-31,ZS,Commodities,1.0,0.36259073202500036,-0.09840856513432783,0.4597387805447484,Ridge logistic C=0.05,2011
2011-09-30,2011-10-31,ZT,Government bonds,1.0,0.15058040139509024,1.191124617317518,0.5307001492091699,Ridge logistic C=0.05,2011
2011-09-30,2011-10-31,ZW,Commodities,1.0,0.23005562593252074,-0.9664597459353022,0.4556743794545057,Ridge logistic C=0.05,2011
2011-10-31,2011-11-30,6A,G10 FX,0.0,-0.5392633419763619,0.5704416166951031,0.5611628868553699,Ridge logistic C=0.05,2011
2011-10-31,2011-11-30,6B,G10 FX,0.0,-1.0555727973474973,0.0603752858849823,0.5489146058567357,Ridge logistic C=0.05,2011
2011-10-31,2011-11-30,6C,G10 FX,0.0,-0.7348009381976757,0.17633969182756656,0.5300967835071101,Ridge logistic C=0.05,2011
2011-10-31,2011-11-30,6E,G10 FX,0.0,-0.9372646687903231,0.19397945564392788,0.5086238495989608,Ridge logistic C=0.05,2011
2011-10-31,2011-11-30,6J,G10 FX,1.0,0.21079093747530037,0.5070841853920736,0.5742415836645641,Ridge logistic C=0.05,2011
2011-10-31,2011-11-30,6S,G10 FX,0.0,-0.6686111254228375,0.4465303573858125,0.546951981290832,Ridge logistic C=0.05,2011
2011-10-31,2011-11-30,CL,Commodities,1.0,0.7065368086824841,-0.0950434064925022,0.5348481535952212,Ridge logistic C=0.05,2011
2011-10-31,2011-11-30,ES,Equity indices,0.0,-0.032691328017062385,0.1734988053986669,0.585021001260333,Ridge logistic C=0.05,2011
2011-10-31,2011-11-30,GC,Commodities,1.0,0.15228653144673077,0.7053999921256453,0.5729838582134235,Ridge logistic C=0.05,2011
2011-10-31,2011-11-30,HG,Commodities,0.0,-0.17226634102642277,-0.3281414197429252,0.46615980658593287,Ridge logistic C=0.05,2011
2011-10-31,2011-11-30,NG,Commodities,0.0,-1.3822434897493652,-0.4643420158052449,0.4956964698130492,Ridge logistic C=0.05,2011
2011-10-31,2011-11-30,NKD,Equity indices,0.0,-0.4088597711813021,-0.45086562099895705,0.5472563451703857,Ridge logistic C=0.05,2011
2011-10-31,2011-11-30,NQ,Equity indices,0.0,-0.33847849370090677,0.31515584245820394,0.6108164911010989,Ridge logistic C=0.05,2011
2011-10-31,2011-11-30,RTY,Equity indices,0.0,-0.0317134661682303,0.07464755739582137,0.5683587611172296,Ridge logistic C=0.05,2011
2011-10-31,2011-11-30,SI,Commodities,0.0,-0.2827099567879405,0.3356123684175018,0.579791506122353,Ridge logistic C=0.05,2011
2011-10-31,2011-11-30,ZB,Government bonds,1.0,0.41349437196725103,0.7579712011097082,0.6087470266901263,Ridge logistic C=0.05,2011
2011-10-31,2011-11-30,ZC,Commodities,0.0,-0.7104417191255419,0.26462820501978845,0.5470723556590706,Ridge logistic C=0.05,2011
2011-10-31,2011-11-30,ZF,Government bonds,1.0,0.28050351482124886,1.1521975497232073,0.5876556730124006,Ridge logistic C=0.05,2011
2011-10-31,2011-11-30,ZN,Government bonds,1.0,0.3847954793257875,0.7792751442207129,0.5966327108495468,Ridge logistic C=0.05,2011
2011-10-31,2011-11-30,ZS,Commodities,0.0,-1.0475864031348838,-0.5265839401420652,0.4642127488587713,Ridge logistic C=0.05,2011
2011-10-31,2011-11-30,ZT,Government bonds,1.0,0.19571492258220105,1.657275594146488,0.6058296226308235,Ridge logistic C=0.05,2011
2011-10-31,2011-11-30,ZW,Commodities,0.0,-0.43946353029410246,-0.9181983953752608,0.499343335720241,Ridge logistic C=0.05,2011
2011-11-30,2011-12-30,6A,G10 FX,1.0,0.057391208997884156,0.38260373974110146,0.5128256445642276,Ridge logistic C=0.05,2011
2011-11-30,2011-12-30,6B,G10 FX,0.0,-0.44188593189289993,-0.07556631203400051,0.4966066311060792,Ridge logistic C=0.05,2011
2011-11-30,2011-12-30,6C,G10 FX,1.0,0.11180942653289028,-0.03475941673437765,0.49112247217434907,Ridge logistic C=0.05,2011
2011-11-30,2011-12-30,6E,G10 FX,0.0,-0.9412574726518694,0.06296588030121736,0.5058693042901877,Ridge logistic C=0.05,2011
2011-11-30,2011-12-30,6J,G10 FX,1.0,0.2578053880317281,0.766636317486443,0.6141053515656995,Ridge logistic C=0.05,2011
2011-11-30,2011-12-30,6S,G10 FX,0.0,-0.4609549641586955,0.24662764972786574,0.6119393249302691,Ridge logistic C=0.05,2011
2011-11-30,2011-12-30,CL,Commodities,0.0,-0.18810576009112792,0.11051943318752039,0.5546029965974915,Ridge logistic C=0.05,2011
2011-11-30,2011-12-30,ES,Equity indices,1.0,0.12735489999794827,0.07569098537868134,0.5444328537514302,Ridge logistic C=0.05,2011
2011-11-30,2011-12-30,GC,Commodities,0.0,-1.4877929280760975,0.7978895913913997,0.5159232145895688,Ridge logistic C=0.05,2011
2011-11-30,2011-12-30,HG,Commodities,0.0,-0.3573969047010041,-0.5284308809431747,0.46854487901099967,Ridge logistic C=0.05,2011
2011-11-30,2011-12-30,NG,Commodities,0.0,-1.6440560932878778,-1.1639142395368942,0.4861115964627846,Ridge logistic C=0.05,2011
2011-11-30,2011-12-30,NKD,Equity indices,0.0,-0.3999416434256521,-0.8157020112487066,0.48659133145951594,Ridge logistic C=0.05,2011
2011-11-30,2011-12-30,NQ,Equity indices,0.0,-0.091256423746921,0.15176978682693293,0.5484372292995112,Ridge logistic C=0.05,2011
2011-11-30,2011-12-30,RTY,Equity indices,1.0,0.07562299656849403,-0.08767401934686213,0.5229047799301795,Ridge logistic C=0.05,2011
2011-11-30,2011-12-30,SI,Commodities,0.0,-0.889242040773048,0.15499785196641752,0.5370952483042231,Ridge logistic C=0.05,2011
2011-11-30,2011-12-30,ZB,Government bonds,1.0,0.5869573650003073,1.1660552475596406,0.5752837754585687,Ridge logistic C=0.05,2011
2011-11-30,2011-12-30,ZC,Commodities,1.0,0.6499779378669871,0.019494282462068715,0.4853500586293568,Ridge logistic C=0.05,2011
2011-11-30,2011-12-30,ZF,Government bonds,1.0,0.5147937553798851,1.9450817262555127,0.5935763929510324,Ridge logistic C=0.05,2011
2011-11-30,2011-12-30,ZN,Government bonds,1.0,0.7188374972532026,1.5162829463951615,0.5846916418207447,Ridge logistic C=0.05,2011
2011-11-30,2011-12-30,ZS,Commodities,1.0,0.8622060904330053,-0.7401913245737295,0.438007134722489,Ridge logistic C=0.05,2011
2011-11-30,2011-12-30,ZT,Government bonds,1.0,0.11083497258770662,2.2185774919152967,0.6339398957049392,Ridge logistic C=0.05,2011
2011-11-30,2011-12-30,ZW,Commodities,1.0,0.5229381519187862,-1.2875362394675613,0.45693942831050394,Ridge logistic C=0.05,2011
2011-12-30,2012-01-31,6A,G10 FX,1.0,0.7805663367971171,0.4275494059691403,0.5897942207012111,Ridge logistic C=0.05,2011
2011-12-30,2012-01-31,6B,G10 FX,1.0,0.6221634744204498,-0.13921045409892296,0.49589143469308355,Ridge logistic C=0.05,2011
2011-12-30,2012-01-31,6C,G10 FX,1.0,0.45120290573084726,-0.18987302341601758,0.5773177494441782,Ridge logistic C=0.05,2011
2011-12-30,2012-01-31,6E,G10 FX,1.0,0.2611063576282885,-0.06451581530612405,0.5365964530256694,Ridge logistic C=0.05,2011
2011-12-30,2012-01-31,6J,G10 FX,1.0,0.43554333319954086,0.8932951388999549,0.6341332562786183,Ridge logistic C=0.05,2011
2011-12-30,2012-01-31,6S,G10 FX,1.0,0.35729807717696804,0.12867849089086938,0.5336742149353192,Ridge logistic C=0.05,2011
2011-12-30,2012-01-31,CL,Commodities,0.0,-0.0575114442804052,-0.030215865531467087,0.5841557396045305,Ridge logistic C=0.05,2011
2011-12-30,2012-01-31,ES,Equity indices,1.0,0.6120803300804923,-0.026147301637090486,0.6068161021344972,Ridge logistic C=0.05,2011
2011-12-30,2012-01-31,GC,Commodities,1.0,1.4200324541438563,0.40848295503522314,0.5288218871286527,Ridge logistic C=0.05,2011
2011-12-30,2012-01-31,HG,Commodities,1.0,0.9957524338792895,-0.8595048940502805,0.5458795215916512,Ridge logistic C=0.05,2011
2011-12-30,2012-01-31,NG,Commodities,0.0,-1.5725724020359486,-1.7878487709647422,0.49351549681672274,Ridge logistic C=0.05,2011
2011-12-30,2012-01-31,NKD,Equity indices,1.0,0.7532350257988472,-1.186287795919976,0.5350565842764435,Ridge logistic C=0.05,2011
2011-12-30,2012-01-31,NQ,Equity indices,1.0,1.1561237237193411,-0.02462407589850392,0.5989224911557653,Ridge logistic C=0.05,2011
2011-12-30,2012-01-31,RTY,Equity indices,1.0,0.697013378927349,-0.1823949517437267,0.58545337473904,Ridge logistic C=0.05,2011
2011-12-30,2012-01-31,SI,Commodities,1.0,1.0761699849425717,-0.10795077825600558,0.5200038741580881,Ridge logistic C=0.05,2011
2011-12-30,2012-01-31,ZB,Government bonds,1.0,0.11214777306253342,1.4649358751209252,0.572856168126274,Ridge logistic C=0.05,2011
2011-12-30,2012-01-31,ZC,Commodities,0.0,-0.14096701065384212,0.0,0.5097632640288167,Ridge logistic C=0.05,2011
2011-12-30,2012-01-31,ZF,Government bonds,1.0,0.7239457521886333,2.2843451560098806,0.5928285380745154,Ridge logistic C=0.05,2011
2011-12-30,2012-01-31,ZN,Government bonds,1.0,0.4927207542442626,1.8826545449557162,0.590453225945248,Ridge logistic C=0.05,2011
2011-12-30,2012-01-31,ZS,Commodities,0.0,-0.11962373020381761,-0.9264548638818306,0.5011449514996393,Ridge logistic C=0.05,2011
2011-12-30,2012-01-31,ZT,Government bonds,1.0,0.537347894799034,2.30285967591662,0.6199127838935511,Ridge logistic C=0.05,2011
2011-12-30,2012-01-31,ZW,Commodities,1.0,0.19874516919134907,-1.2210661394354412,0.47596599528390937,Ridge logistic C=0.05,2011
2012-01-31,2012-02-29,6A,G10 FX,1.0,0.4063780866713187,0.6796187992976291,0.5587516857921757,Shallow GBDT depth=1,2012
2012-01-31,2012-02-29,6B,G10 FX,1.0,0.4545824959969529,-0.1582439174079718,0.5450294261953342,Shallow GBDT depth=1,2012
2012-01-31,2012-02-29,6C,G10 FX,1.0,0.5242522260707464,-0.07771440693322777,0.5450294261953342,Shallow GBDT depth=1,2012
2012-01-31,2012-02-29,6E,G10 FX,1.0,0.5818898610183478,-0.25827314271183593,0.5357501930890443,Shallow GBDT depth=1,2012
2012-01-31,2012-02-29,6J,G10 FX,0.0,-2.9888030697875085,1.1631257918565014,0.5587516857921757,Shallow GBDT depth=1,2012
2012-01-31,2012-02-29,6S,G10 FX,1.0,0.37490616495060186,0.3022479856541122,0.5357501930890443,Shallow GBDT depth=1,2012
2012-01-31,2012-02-29,CL,Commodities,1.0,1.0397309989149257,0.2122528443299194,0.48686205109485975,Shallow GBDT depth=1,2012
2012-01-31,2012-02-29,ES,Equity indices,1.0,0.7277162927927354,0.014004906584585409,0.5404819334145133,Shallow GBDT depth=1,2012
2012-01-31,2012-02-29,GC,Commodities,0.0,-0.26993989045985267,0.9806223679749437,0.48686205109485975,Shallow GBDT depth=1,2012
2012-01-31,2012-02-29,HG,Commodities,1.0,0.24441112632475137,-0.7311304857434213,0.48686205109485975,Shallow GBDT depth=1,2012
2012-01-31,2012-02-29,NG,Commodities,0.0,-0.08030361262359434,-1.4568222057231182,0.47274586088847154,Shallow GBDT depth=1,2012
2012-01-31,2012-02-29,NKD,Equity indices,1.0,2.0331929328981233,-1.1400621066039223,0.5173507272036865,Shallow GBDT depth=1,2012
2012-01-31,2012-02-29,NQ,Equity indices,1.0,1.1280481920085985,0.20922976562561751,0.5404819334145133,Shallow GBDT depth=1,2012
2012-01-31,2012-02-29,RTY,Equity indices,1.0,0.2942968665483545,-0.07004366527691548,0.5404819334145133,Shallow GBDT depth=1,2012
2012-01-31,2012-02-29,SI,Commodities,1.0,0.2952065987513376,0.19694292567600225,0.479736971461639,Shallow GBDT depth=1,2012
2012-01-31,2012-02-29,ZB,Government bonds,0.0,-0.4579271265646657,1.7643248942742193,0.5838030037905678,Shallow GBDT depth=1,2012
2012-01-31,2012-02-29,ZC,Commodities,1.0,0.28832596481201495,-0.45300331449448383,0.4819410254332993,Shallow GBDT depth=1,2012
2012-01-31,2012-02-29,ZF,Government bonds,0.0,-0.7601487732172368,3.155795967705662,0.5838030037905678,Shallow GBDT depth=1,2012
2012-01-31,2012-02-29,ZN,Government bonds,0.0,-0.48006303628970526,2.466764256745669,0.5838030037905678,Shallow GBDT depth=1,2012
2012-01-31,2012-02-29,ZS,Commodities,1.0,1.4787040587603602,-0.9175254090953738,0.4819410254332993,Shallow GBDT depth=1,2012
2012-01-31,2012-02-29,ZT,Government bonds,0.0,-0.9940774571830754,3.5118612893847785,0.5838030037905678,Shallow GBDT depth=1,2012
2012-01-31,2012-02-29,ZW,Commodities,0.0,-0.06241996518588125,-1.6453683246844142,0.4819410254332993,Shallow GBDT depth=1,2012
2012-02-29,2012-03-30,6A,G10 FX,0.0,-0.9166387382995683,0.8120563185260069,0.5475702377106796,Shallow GBDT depth=1,2012
2012-02-29,2012-03-30,6B,G10 FX,1.0,0.21347064578771732,-0.14931888640396546,0.5475702377106796,Shallow GBDT depth=1,2012
2012-02-29,2012-03-30,6C,G10 FX,0.0,-0.32237787975064597,-0.07697760511649729,0.5475702377106796,Shallow GBDT depth=1,2012
2012-02-29,2012-03-30,6E,G10 FX,0.0,-0.014659137198611076,-0.4182358239141733,0.5266834358681627,Shallow GBDT depth=1,2012
2012-02-29,2012-03-30,6J,G10 FX,0.0,-0.894823958638527,0.01429402361178309,0.531592526769157,Shallow GBDT depth=1,2012
2012-02-29,2012-03-30,6S,G10 FX,1.0,0.015353904929507183,0.11270681740436946,0.5266834358681627,Shallow GBDT depth=1,2012
2012-02-29,2012-03-30,CL,Commodities,0.0,-0.610180604261039,0.075991313655153,0.5453820135350609,Shallow GBDT depth=1,2012
2012-02-29,2012-03-30,ES,Equity indices,1.0,0.6635493377562428,0.3971690471189786,0.5657845801490607,Shallow GBDT depth=1,2012
2012-02-29,2012-03-30,GC,Commodities,0.0,-0.39387232100941544,0.7362216675411382,0.531592526769157,Shallow GBDT depth=1,2012
2012-02-29,2012-03-30,HG,Commodities,0.0,-0.17516422822891145,-0.3530310917329834,0.5453820135350609,Shallow GBDT depth=1,2012
2012-02-29,2012-03-30,NG,Commodities,0.0,-1.456112302161256,-1.4675531374757864,0.5244819187924475,Shallow GBDT depth=1,2012
2012-02-29,2012-03-30,NKD,Equity indices,1.0,1.0378691042166839,0.2512832931335573,0.5657845801490607,Shallow GBDT depth=1,2012
2012-02-29,2012-03-30,NQ,Equity indices,1.0,1.0603858744661707,0.80621739018432,0.5657845801490607,Shallow GBDT depth=1,2012
2012-02-29,2012-03-30,RTY,Equity indices,1.0,0.3771589515169961,0.12543365333272707,0.5657845801490607,Shallow GBDT depth=1,2012
2012-02-29,2012-03-30,SI,Commodities,0.0,-0.5004104869490852,-0.09813373068125718,0.5337903862682263,Shallow GBDT depth=1,2012
2012-02-29,2012-03-30,ZB,Government bonds,0.0,-0.8177204870657312,1.5126441032269866,0.5750928025441604,Shallow GBDT depth=1,2012
2012-02-29,2012-03-30,ZC,Commodities,0.0,-0.30037256990858785,-0.10683922055785088,0.5475702377106796,Shallow GBDT depth=1,2012
2012-02-29,2012-03-30,ZF,Government bonds,0.0,-0.6652777465980928,2.366242951140064,0.5772488709853861,Shallow GBDT depth=1,2012
2012-02-29,2012-03-30,ZN,Government bonds,0.0,-0.7318853537164073,2.0341040234873486,0.5907290792527164,Shallow GBDT depth=1,2012
2012-02-29,2012-03-30,ZS,Commodities,1.0,1.2208765082768707,-0.19214168961878078,0.5475702377106796,Shallow GBDT depth=1,2012
2012-02-29,2012-03-30,ZT,Government bonds,0.0,-0.30688662280142515,2.1706949759606653,0.5772488709853861,Shallow GBDT depth=1,2012
2012-02-29,2012-03-30,ZW,Commodities,0.0,-0.12369971374455338,-0.9272034734639732,0.5382989273201544,Shallow GBDT depth=1,2012
2012-03-30,2012-04-30,6A,G10 FX,1.0,0.2608629050812277,0.22971716706066042,0.5543424631389785,Shallow GBDT depth=1,2012
2012-03-30,2012-04-30,6B,G10 FX,1.0,0.6769524986313118,-0.17433676778501336,0.5701716192233017,Shallow GBDT depth=1,2012
2012-03-30,2012-04-30,6C,G10 FX,1.0,0.45149569639747167,-0.34228316112478563,0.5701716192233017,Shallow GBDT depth=1,2012
2012-03-30,2012-04-30,6E,G10 FX,0.0,-0.25159175352653307,-0.7831874674698822,0.5609921345714894,Shallow GBDT depth=1,2012
2012-03-30,2012-04-30,6J,G10 FX,1.0,1.5540289638605274,0.08521621892288293,0.547283097277407,Shallow GBDT depth=1,2012
2012-03-30,2012-04-30,6S,G10 FX,0.0,-0.14272566712344642,-0.10195588593866581,0.5609921345714894,Shallow GBDT depth=1,2012
2012-03-30,2012-04-30,CL,Commodities,1.0,0.19356014191803386,-0.30851534296966515,0.5169196724337993,Shallow GBDT depth=1,2012
2012-03-30,2012-04-30,ES,Equity indices,0.0,-0.15956481217886415,0.55747307165281,0.5881604155099813,Shallow GBDT depth=1,2012
2012-03-30,2012-04-30,GC,Commodities,0.0,-0.076489730920209,0.5761051024329839,0.5307598247615511,Shallow GBDT depth=1,2012
2012-03-30,2012-04-30,HG,Commodities,0.0,-0.0016971136989388518,-0.5320471746536455,0.5307598247615511,Shallow GBDT depth=1,2012
2012-03-30,2012-04-30,NG,Commodities,1.0,0.1588082482079776,-2.2037287587333187,0.5097917242707826,Shallow GBDT depth=1,2012
2012-03-30,2012-04-30,NKD,Equity indices,0.0,-1.6328243076780067,0.42850525162602787,0.5881604155099813,Shallow GBDT depth=1,2012
2012-03-30,2012-04-30,NQ,Equity indices,0.0,-0.27685658534340146,1.1664749566420738,0.5881604155099813,Shallow GBDT depth=1,2012
2012-03-30,2012-04-30,RTY,Equity indices,0.0,-0.2396749211400803,0.11999826723783767,0.5860200870613901,Shallow GBDT depth=1,2012
2012-03-30,2012-04-30,SI,Commodities,0.0,-0.3794094700282525,-0.5734390902689204,0.5258497908426114,Shallow GBDT depth=1,2012
2012-03-30,2012-04-30,ZB,Government bonds,1.0,1.1163721650639415,1.3873282488747658,0.5973303502619224,Shallow GBDT depth=1,2012
2012-03-30,2012-04-30,ZC,Commodities,1.0,0.35043337394931606,-0.688182491155126,0.504993062629051,Shallow GBDT depth=1,2012
2012-03-30,2012-04-30,ZF,Government bonds,1.0,1.2446701641048574,2.2629585458132797,0.5973303502619224,Shallow GBDT depth=1,2012
2012-03-30,2012-04-30,ZN,Government bonds,1.0,1.3628042794474036,1.8945108658214338,0.5973303502619224,Shallow GBDT depth=1,2012
2012-03-30,2012-04-30,ZS,Commodities,1.0,1.5503143880044663,0.18726734512529353,0.5329581587076303,Shallow GBDT depth=1,2012
2012-03-30,2012-04-30,ZT,Government bonds,1.0,1.1879704828197488,2.1763921757592066,0.5994521715272864,Shallow GBDT depth=1,2012
2012-03-30,2012-04-30,ZW,Commodities,0.0,-0.21971946723805932,-1.0306976351432695,0.5027859006296104,Shallow GBDT depth=1,2012
2012-04-30,2012-05-31,6A,G10 FX,0.0,-1.7983882471035977,0.16522089506149445,0.531592526769157,Shallow GBDT depth=1,2012
2012-04-30,2012-05-31,6B,G10 FX,0.0,-2.4591244838180386,0.0078105046725714606,0.5475702377106796,Shallow GBDT depth=1,2012
2012-04-30,2012-05-31,6C,G10 FX,0.0,-1.8758814504458765,-0.2153774040533889,0.531592526769157,Shallow GBDT depth=1,2012
2012-04-30,2012-05-31,6E,G10 FX,0.0,-2.467428388617121,-0.7677032943938883,0.5244819187924475,Shallow GBDT depth=1,2012
2012-04-30,2012-05-31,6J,G10 FX,1.0,0.7579301246771982,0.11081854090170745,0.531592526769157,Shallow GBDT depth=1,2012
2012-04-30,2012-05-31,6S,G10 FX,0.0,-1.9736628817680268,-0.268807919570063,0.5244819187924475,Shallow GBDT depth=1,2012
2012-04-30,2012-05-31,CL,Commodities,0.0,-2.7716653225437518,0.10221491394998808,0.5100813571733651,Shallow GBDT depth=1,2012
2012-04-30,2012-05-31,ES,Equity indices,0.0,-1.4215556475588045,0.33852296579901797,0.5657845801490607,Shallow GBDT depth=1,2012
2012-04-30,2012-05-31,GC,Commodities,0.0,-1.093796962146288,0.43828721317605834,0.49400312883678144,Shallow GBDT depth=1,2012
2012-04-30,2012-05-31,HG,Commodities,0.0,-1.6202651373215253,-0.2046319872605637,0.49400312883678144,Shallow GBDT depth=1,2012
2012-04-30,2012-05-31,NG,Commodities,1.0,0.23543532977043682,-2.3343131800115766,0.4868726999282859,Shallow GBDT depth=1,2012
2012-04-30,2012-05-31,NKD,Equity indices,0.0,-2.1293423109988323,-0.15211980168219633,0.5657845801490607,Shallow GBDT depth=1,2012
2012-04-30,2012-05-31,NQ,Equity indices,0.0,-1.603282390824867,0.7816514921813736,0.5657845801490607,Shallow GBDT depth=1,2012
2012-04-30,2012-05-31,RTY,Equity indices,0.0,-1.043716795647402,-0.09128457080551725,0.5499213952888494,Shallow GBDT depth=1,2012
2012-04-30,2012-05-31,SI,Commodities,0.0,-0.8554376435851655,-0.31006232484578533,0.4868726999282859,Shallow GBDT depth=1,2012
2012-04-30,2012-05-31,ZB,Government bonds,1.0,1.7533532251247799,1.5846536407819307,0.5750928025441604,Shallow GBDT depth=1,2012
2012-04-30,2012-05-31,ZC,Commodities,0.0,-1.5492092149481687,-0.12312652386626509,0.49400312883678144,Shallow GBDT depth=1,2012
2012-04-30,2012-05-31,ZF,Government bonds,1.0,0.6298038963003606,2.205305541017165,0.5750928025441604,Shallow GBDT depth=1,2012
2012-04-30,2012-05-31,ZN,Government bonds,1.0,1.3401863219972001,1.9873578388182698,0.5750928025441604,Shallow GBDT depth=1,2012
2012-04-30,2012-05-31,ZS,Commodities,0.0,-2.5090829149545706,0.6302152153383931,0.5100813571733651,Shallow GBDT depth=1,2012
2012-04-30,2012-05-31,ZT,Government bonds,0.0,-0.04828532582474614,1.7568386569121754,0.5772488709853861,Shallow GBDT depth=1,2012
2012-04-30,2012-05-31,ZW,Commodities,0.0,-0.1832664385900053,-0.9338253033593366,0.4868726999282859,Shallow GBDT depth=1,2012
2012-05-31,2012-06-29,6A,G10 FX,1.0,1.5576095684339528,-0.4444945661060472,0.39776450103600947,Shallow GBDT depth=1,2012
2012-05-31,2012-06-29,6B,G10 FX,1.0,0.8639762260802689,-0.8399196443713375,0.3909499089059964,Shallow GBDT depth=1,2012
2012-05-31,2012-06-29,6C,G10 FX,1.0,0.7184900204088192,-0.7717275747894178,0.3909499089059964,Shallow GBDT depth=1,2012
2012-05-31,2012-06-29,6E,G10 FX,1.0,0.8885142829134345,-1.824630879903777,0.3909499089059964,Shallow GBDT depth=1,2012
2012-05-31,2012-06-29,6J,G10 FX,0.0,-0.8241128467222885,0.2705163311273436,0.411129485309255,Shallow GBDT depth=1,2012
2012-05-31,2012-06-29,6S,G10 FX,1.0,0.724280266127672,-1.4212262617317806,0.3909499089059964,Shallow GBDT depth=1,2012
2012-05-31,2012-06-29,CL,Commodities,0.0,-0.28481049144703147,-0.7029831451598798,0.3909499089059964,Shallow GBDT depth=1,2012
2012-05-31,2012-06-29,ES,Equity indices,1.0,0.9166757880174458,0.20949202596787933,0.43431652013059474,Shallow GBDT depth=1,2012
2012-05-31,2012-06-29,GC,Commodities,1.0,0.4520967289033924,0.07536899604815019,0.3909499089059964,Shallow GBDT depth=1,2012
2012-05-31,2012-06-29,HG,Commodities,1.0,0.4751537016912796,-0.9306457972812271,0.3909499089059964,Shallow GBDT depth=1,2012
2012-05-31,2012-06-29,NG,Commodities,1.0,1.0345280338385228,-2.4287391633821636,0.3909499089059964,Shallow GBDT depth=1,2012
2012-05-31,2012-06-29,NKD,Equity indices,1.0,1.4009594763281885,-0.6826646151798703,0.4273200471223356,Shallow GBDT depth=1,2012
2012-05-31,2012-06-29,NQ,Equity indices,1.0,0.7239557245430995,0.6658988023768229,0.43431652013059474,Shallow GBDT depth=1,2012
2012-05-31,2012-06-29,RTY,Equity indices,1.0,0.7870903414191671,-0.11419534090157057,0.43431652013059474,Shallow GBDT depth=1,2012
2012-05-31,2012-06-29,SI,Commodities,0.0,-0.05613234272200276,-0.6828833455952698,0.3909499089059964,Shallow GBDT depth=1,2012
2012-05-31,2012-06-29,ZB,Government bonds,0.0,-0.433480336112218,2.0915420487791017,0.49404537227928236,Shallow GBDT depth=1,2012
2012-05-31,2012-06-29,ZC,Commodities,1.0,1.8066541337191255,-0.925858323303039,0.3909499089059964,Shallow GBDT depth=1,2012
2012-05-31,2012-06-29,ZF,Government bonds,0.0,-0.2595237088297341,2.2421899586249863,0.49404537227928236,Shallow GBDT depth=1,2012
2012-05-31,2012-06-29,ZN,Government bonds,0.0,-0.31579377447847656,2.327158436480116,0.49404537227928236,Shallow GBDT depth=1,2012
2012-05-31,2012-06-29,ZS,Commodities,1.0,2.0852080799934467,-0.17424802512245513,0.39776450103600947,Shallow GBDT depth=1,2012
2012-05-31,2012-06-29,ZT,Government bonds,0.0,-0.7747164210760162,1.3098994360291654,0.49404537227928236,Shallow GBDT depth=1,2012
2012-05-31,2012-06-29,ZW,Commodities,1.0,1.4676750264907132,-0.8892775651436282,0.3909499089059964,Shallow GBDT depth=1,2012
2012-06-29,2012-07-31,6A,G10 FX,1.0,0.838700873523182,-0.07611550578466389,0.42811642643251957,Shallow GBDT depth=1,2012
2012-06-29,2012-07-31,6B,G10 FX,1.0,0.012088465184595042,-0.32540886604990327,0.4317803270217115,Shallow GBDT depth=1,2012
2012-06-29,2012-07-31,6C,G10 FX,1.0,0.6143094656111869,-0.6364657168364731,0.42811642643251957,Shallow GBDT depth=1,2012
2012-06-29,2012-07-31,6E,G10 FX,0.0,-1.0327001813296393,-1.22940890327843,0.4211454733632332,Shallow GBDT depth=1,2012
2012-06-29,2012-07-31,6J,G10 FX,1.0,0.9107579638467034,-0.19428510565127025,0.4486759776744479,Shallow GBDT depth=1,2012
2012-06-29,2012-07-31,6S,G10 FX,0.0,-0.9358055344194894,-1.5346655359131032,0.42799292555066554,Shallow GBDT depth=1,2012
2012-06-29,2012-07-31,CL,Commodities,1.0,0.3492977629793513,-0.5912678667436246,0.4211454733632332,Shallow GBDT depth=1,2012
2012-06-29,2012-07-31,ES,Equity indices,1.0,0.2692144210110555,0.29790945201088576,0.4690237670033393,Shallow GBDT depth=1,2012
2012-06-29,2012-07-31,GC,Commodities,1.0,0.0625871675835412,0.005923724270848019,0.4211454733632332,Shallow GBDT depth=1,2012
2012-06-29,2012-07-31,HG,Commodities,0.0,-0.2993674532418414,-1.0501663577668272,0.42799292555066554,Shallow GBDT depth=1,2012
2012-06-29,2012-07-31,NG,Commodities,1.0,1.0306515190551357,-1.7821655612417011,0.44162877633362996,Shallow GBDT depth=1,2012
2012-06-29,2012-07-31,NKD,Equity indices,0.0,-1.07840722204251,-0.4624303936464504,0.4722822604486423,Shallow GBDT depth=1,2012
2012-06-29,2012-07-31,NQ,Equity indices,1.0,0.18636624783814673,0.5721832271986453,0.4653026261448441,Shallow GBDT depth=1,2012
2012-06-29,2012-07-31,RTY,Equity indices,0.0,-0.20491892235601872,-0.12104865227559727,0.4722822604486423,Shallow GBDT depth=1,2012
2012-06-29,2012-07-31,SI,Commodities,1.0,0.09165765783075391,-0.9527971621902328,0.42799292555066554,Shallow GBDT depth=1,2012
2012-06-29,2012-07-31,ZB,Government bonds,1.0,0.7247358899776748,1.6843799890975757,0.5323190622687768,Shallow GBDT depth=1,2012
2012-06-29,2012-07-31,ZC,Commodities,1.0,3.006242902785369,-0.1365122027439072,0.4349920473415198,Shallow GBDT depth=1,2012
2012-06-29,2012-07-31,ZF,Government bonds,1.0,0.9758504347191352,1.6739703937763166,0.5323190622687768,Shallow GBDT depth=1,2012
2012-06-29,2012-07-31,ZN,Government bonds,1.0,0.7129731655059669,1.8523586206343232,0.5323190622687768,Shallow GBDT depth=1,2012
2012-06-29,2012-07-31,ZS,Commodities,1.0,2.7394222821214056,0.3429071240700082,0.4486759776744479,Shallow GBDT depth=1,2012
2012-06-29,2012-07-31,ZT,Government bonds,1.0,1.644399798647293,0.6681004612529741,0.5323190622687768,Shallow GBDT depth=1,2012
2012-06-29,2012-07-31,ZW,Commodities,1.0,1.9025292619808958,-0.22220063519819822,0.4486759776744479,Shallow GBDT depth=1,2012
2012-07-31,2012-08-31,6A,G10 FX,0.0,-0.4704359627946589,0.484393454341869,0.4579452766995947,Shallow GBDT depth=1,2012
2012-07-31,2012-08-31,6B,G10 FX,1.0,0.598428613283747,-0.47270300132731313,0.44202769313735263,Shallow GBDT depth=1,2012
2012-07-31,2012-08-31,6C,G10 FX,1.0,0.8293052258431303,-0.07103070920485896,0.44202769313735263,Shallow GBDT depth=1,2012
2012-07-31,2012-08-31,6E,G10 FX,1.0,0.7829111529755327,-1.629938832618311,0.4350025234216922,Shallow GBDT depth=1,2012
2012-07-31,2012-08-31,6J,G10 FX,0.0,-0.1486024615246052,-0.31315419974667064,0.4579452766995947,Shallow GBDT depth=1,2012
2012-07-31,2012-08-31,6S,G10 FX,1.0,0.7093391129888121,-2.504053245727913,0.4350025234216922,Shallow GBDT depth=1,2012
2012-07-31,2012-08-31,CL,Commodities,1.0,1.0210145931578973,-0.019601037383705066,0.47229288389848967,Shallow GBDT depth=1,2012
2012-07-31,2012-08-31,ES,Equity indices,1.0,0.47955549565405026,1.0099001234075202,0.4978512489936507,Shallow GBDT depth=1,2012
2012-07-31,2012-08-31,GC,Commodities,1.0,0.8239615355979643,-0.47636607796072306,0.47229288389848967,Shallow GBDT depth=1,2012
2012-07-31,2012-08-31,HG,Commodities,1.0,0.132503575540369,-0.7505209290441781,0.47229288389848967,Shallow GBDT depth=1,2012
2012-07-31,2012-08-31,NG,Commodities,0.0,-1.0675926093721069,-1.2155085054157135,0.4954776356361196,Shallow GBDT depth=1,2012
2012-07-31,2012-08-31,NKD,Equity indices,1.0,0.6167815388630741,-0.23739932499585825,0.49071914303703207,Shallow GBDT depth=1,2012
2012-07-31,2012-08-31,NQ,Equity indices,1.0,0.9644078102881389,0.9899261350227185,0.4978512489936507,Shallow GBDT depth=1,2012
2012-07-31,2012-08-31,RTY,Equity indices,1.0,0.5340182213530388,0.6049965781214258,0.4978512489936507,Shallow GBDT depth=1,2012
2012-07-31,2012-08-31,SI,Commodities,1.0,1.1877728507324663,-1.1468452607754136,0.47229288389848967,Shallow GBDT depth=1,2012
2012-07-31,2012-08-31,ZB,Government bonds,0.0,-0.11242329728165451,1.2116089243766395,0.539425982777428,Shallow GBDT depth=1,2012
2012-07-31,2012-08-31,ZC,Commodities,0.0,-0.05416205827841135,0.5628686206842898,0.4954776356361196,Shallow GBDT depth=1,2012
2012-07-31,2012-08-31,ZF,Government bonds,1.0,0.2572057279052166,1.116588284842169,0.539425982777428,Shallow GBDT depth=1,2012
2012-07-31,2012-08-31,ZN,Government bonds,1.0,0.06353469156089596,1.2969626272431247,0.539425982777428,Shallow GBDT depth=1,2012
2012-07-31,2012-08-31,ZS,Commodities,1.0,0.9529947349065282,0.9725574186646451,0.48847250852676677,Shallow GBDT depth=1,2012
2012-07-31,2012-08-31,ZT,Government bonds,0.0,-0.24387474202205497,0.24639074482941398,0.5372316582099607,Shallow GBDT depth=1,2012
2012-07-31,2012-08-31,ZW,Commodities,0.0,-0.22557499501923073,0.32112933064964716,0.48847250852676677,Shallow GBDT depth=1,2012
2012-08-31,2012-09-28,6A,G10 FX,1.0,0.26256659308714797,0.45477867959720125,0.4954776356361196,Shallow GBDT depth=1,2012
2012-08-31,2012-09-28,6B,G10 FX,1.0,0.8321071192590958,0.1444933166281964,0.49327061951643414,Shallow GBDT depth=1,2012
2012-08-31,2012-09-28,6C,G10 FX,1.0,0.13152839141607542,0.16940004719341564,0.4954776356361196,Shallow GBDT depth=1,2012
2012-08-31,2012-09-28,6E,G10 FX,1.0,0.816837214022469,-1.0322825947088328,0.47229288389848967,Shallow GBDT depth=1,2012
2012-08-31,2012-09-28,6J,G10 FX,1.0,0.21527192571794757,-0.39319983530232633,0.479409281788539,Shallow GBDT depth=1,2012
2012-08-31,2012-09-28,6S,G10 FX,1.0,0.527552931456212,-0.9957515497685245,0.47229288389848967,Shallow GBDT depth=1,2012
2012-08-31,2012-09-28,CL,Commodities,0.0,-0.6319600571399147,0.16656757589659194,0.4954776356361196,Shallow GBDT depth=1,2012
2012-08-31,2012-09-28,ES,Equity indices,1.0,0.633745422753293,1.2432634938713245,0.5139275143420042,Shallow GBDT depth=1,2012
2012-08-31,2012-09-28,GC,Commodities,1.0,1.074017365064478,-0.5643987841858064,0.49327061951643414,Shallow GBDT depth=1,2012
2012-08-31,2012-09-28,HG,Commodities,1.0,1.3213859219712472,-0.6108289261747147,0.49327061951643414,Shallow GBDT depth=1,2012
2012-08-31,2012-09-28,NG,Commodities,1.0,0.8714003541765243,-1.5677584446604969,0.4861406055131147,Shallow GBDT depth=1,2012
2012-08-31,2012-09-28,NKD,Equity indices,1.0,0.05779487384328211,0.22022804740991592,0.511721670917683,Shallow GBDT depth=1,2012
2012-08-31,2012-09-28,NQ,Equity indices,1.0,0.2224059691216285,1.2681579479045486,0.5139275143420042,Shallow GBDT depth=1,2012
2012-08-31,2012-09-28,RTY,Equity indices,1.0,0.6194305380750093,0.8196738233663564,0.511721670917683,Shallow GBDT depth=1,2012
2012-08-31,2012-09-28,SI,Commodities,1.0,1.1695496519710284,-1.0166289908100867,0.49327061951643414,Shallow GBDT depth=1,2012
2012-08-31,2012-09-28,ZB,Government bonds,0.0,-0.5005702836675106,0.8825749388110345,0.5256129788270498,Shallow GBDT depth=1,2012
2012-08-31,2012-09-28,ZC,Commodities,0.0,-0.6671006681245105,0.5334559242913904,0.4954776356361196,Shallow GBDT depth=1,2012
2012-08-31,2012-09-28,ZF,Government bonds,0.0,-0.039336065951062524,1.0503693322889402,0.539425982777428,Shallow GBDT depth=1,2012
2012-08-31,2012-09-28,ZN,Government bonds,0.0,-0.1366710379821916,1.133631436847677,0.5234109881866306,Shallow GBDT depth=1,2012
2012-08-31,2012-09-28,ZS,Commodities,0.0,-1.3691288375667676,1.1088141041826123,0.4954776356361196,Shallow GBDT depth=1,2012
2012-08-31,2012-09-28,ZT,Government bonds,0.0,-0.18500839703216082,0.2670594091278466,0.5234109881866306,Shallow GBDT depth=1,2012
2012-08-31,2012-09-28,ZW,Commodities,1.0,0.16497191067245692,0.40388211992925216,0.4954776356361196,Shallow GBDT depth=1,2012
2012-09-28,2012-10-31,6A,G10 FX,1.0,0.12405755650504617,0.5575108953848682,0.49327061951643414,Shallow GBDT depth=1,2012
2012-09-28,2012-10-31,6B,G10 FX,0.0,-0.03128042739317541,0.42942103551390254,0.49327061951643414,Shallow GBDT depth=1,2012
2012-09-28,2012-10-31,6C,G10 FX,0.0,-0.8388756825415873,0.5835967057118698,0.49327061951643414,Shallow GBDT depth=1,2012
2012-09-28,2012-10-31,6E,G10 FX,1.0,0.32375972578794693,-0.8491634173997876,0.49327061951643414,Shallow GBDT depth=1,2012
2012-09-28,2012-10-31,6J,G10 FX,0.0,-1.131777661579592,-0.20096967805165916,0.4954776356361196,Shallow GBDT depth=1,2012
2012-09-28,2012-10-31,6S,G10 FX,1.0,0.35495713655146766,-0.6553637676041976,0.479409281788539,Shallow GBDT depth=1,2012
2012-09-28,2012-10-31,CL,Commodities,0.0,-0.9214088281064599,0.12795943900393728,0.5000585349184774,Shallow GBDT depth=1,2012
2012-09-28,2012-10-31,ES,Equity indices,0.0,-0.5168410898277618,1.4146794139134156,0.511721670917683,Shallow GBDT depth=1,2012
2012-09-28,2012-10-31,GC,Commodities,0.0,-0.7188509247514401,0.27681207523814416,0.511721670917683,Shallow GBDT depth=1,2012
2012-09-28,2012-10-31,HG,Commodities,0.0,-1.0531218576703296,0.40892833850934646,0.511721670917683,Shallow GBDT depth=1,2012
2012-09-28,2012-10-31,NG,Commodities,1.0,0.1247256152444729,-0.8858775422947626,0.511721670917683,Shallow GBDT depth=1,2012
2012-09-28,2012-10-31,NKD,Equity indices,1.0,0.1524758168315983,0.07787442075117387,0.4978512489936507,Shallow GBDT depth=1,2012
2012-09-28,2012-10-31,NQ,Equity indices,0.0,-1.2701207002136943,1.2463756831961108,0.511721670917683,Shallow GBDT depth=1,2012
2012-09-28,2012-10-31,RTY,Equity indices,0.0,-0.4344661233319149,1.0920510331958608,0.4978512489936507,Shallow GBDT depth=1,2012
2012-09-28,2012-10-31,SI,Commodities,0.0,-0.873341313336625,0.16045513249462015,0.511721670917683,Shallow GBDT depth=1,2012
2012-09-28,2012-10-31,ZB,Government bonds,0.0,-0.015621763303386871,0.8748652370974215,0.5234109881866306,Shallow GBDT depth=1,2012
2012-09-28,2012-10-31,ZC,Commodities,0.0,-0.007460366587707845,0.6913127675554593,0.511721670917683,Shallow GBDT depth=1,2012
2012-09-28,2012-10-31,ZF,Government bonds,0.0,-0.5107200254432279,1.5645965337782934,0.539425982777428,Shallow GBDT depth=1,2012
2012-09-28,2012-10-31,ZN,Government bonds,0.0,-0.27192861180448885,1.488774680588372,0.5256129788270498,Shallow GBDT depth=1,2012
2012-09-28,2012-10-31,ZS,Commodities,0.0,-0.46182857442775893,1.027763864986354,0.511721670917683,Shallow GBDT depth=1,2012
2012-09-28,2012-10-31,ZT,Government bonds,0.0,-0.8394297565140582,0.7269436349751639,0.539425982777428,Shallow GBDT depth=1,2012
2012-09-28,2012-10-31,ZW,Commodities,0.0,-0.4570970542150264,0.6979595600876699,0.5084532439887325,Shallow GBDT depth=1,2012
2012-10-31,2012-11-30,6A,G10 FX,1.0,0.2533233368907833,0.6142764463328138,0.4690046726999954,Shallow GBDT depth=1,2012
2012-10-31,2012-11-30,6B,G10 FX,0.0,-0.36986861932788045,0.28232947310952305,0.4828441979514197,Shallow GBDT depth=1,2012
2012-10-31,2012-11-30,6C,G10 FX,1.0,0.39831897469587424,0.36117015371589195,0.4690046726999954,Shallow GBDT depth=1,2012
2012-10-31,2012-11-30,6E,G10 FX,1.0,0.11010297826295831,-0.6559060181584154,0.4828441979514197,Shallow GBDT depth=1,2012
2012-10-31,2012-11-30,6J,G10 FX,0.0,-1.6616777457725211,-0.5927621671543821,0.4690046726999954,Shallow GBDT depth=1,2012
2012-10-31,2012-11-30,6S,G10 FX,1.0,0.16837954541834796,-0.3934851404395694,0.4828441979514197,Shallow GBDT depth=1,2012
2012-10-31,2012-11-30,CL,Commodities,1.0,0.3526716939914344,-0.6596456049992874,0.4619056852795021,Shallow GBDT depth=1,2012
2012-10-31,2012-11-30,ES,Equity indices,1.0,0.14971172433345745,0.9981975921105085,0.4874211381466542,Shallow GBDT depth=1,2012
2012-10-31,2012-11-30,GC,Commodities,0.0,-0.12601822832066276,-0.32405982749363416,0.4850492181563853,Shallow GBDT depth=1,2012
2012-10-31,2012-11-30,HG,Commodities,1.0,0.549377236402807,-0.015790500416553926,0.4757234056211343,Shallow GBDT depth=1,2012
2012-10-31,2012-11-30,NG,Commodities,0.0,-0.6599281600658584,-0.6877675111977791,0.4828441979514197,Shallow GBDT depth=1,2012
2012-10-31,2012-11-30,NKD,Equity indices,1.0,1.310594444477254,0.2820926522016513,0.5012910637349187,Shallow GBDT depth=1,2012
2012-10-31,2012-11-30,NQ,Equity indices,1.0,0.30087248965968316,0.7810736693372538,0.4874211381466542,Shallow GBDT depth=1,2012
2012-10-31,2012-11-30,RTY,Equity indices,1.0,0.11521904276226176,0.7483696352388356,0.5012910637349187,Shallow GBDT depth=1,2012
2012-10-31,2012-11-30,SI,Commodities,1.0,0.3685024344543346,-0.2486573825585525,0.4828441979514197,Shallow GBDT depth=1,2012
2012-10-31,2012-11-30,ZB,Government bonds,1.0,0.5339728214430576,0.6609536869138363,0.5129924408699196,Shallow GBDT depth=1,2012
2012-10-31,2012-11-30,ZC,Commodities,0.0,-0.1643649916680132,0.7742138925815046,0.4690046726999954,Shallow GBDT depth=1,2012
2012-10-31,2012-11-30,ZF,Government bonds,1.0,0.796819667600631,0.8274862242874723,0.5151979822922396,Shallow GBDT depth=1,2012
2012-10-31,2012-11-30,ZN,Government bonds,1.0,0.6691624032687374,0.990688947310735,0.5151979822922396,Shallow GBDT depth=1,2012
2012-10-31,2012-11-30,ZS,Commodities,0.0,-0.989188863901446,1.1402699530573979,0.4690046726999954,Shallow GBDT depth=1,2012
2012-10-31,2012-11-30,ZT,Government bonds,1.0,0.6673688021715791,0.0577859704463729,0.5151979822922396,Shallow GBDT depth=1,2012
2012-10-31,2012-11-30,ZW,Commodities,0.0,-0.23201168457040805,0.6755840430807035,0.4690046726999954,Shallow GBDT depth=1,2012
2012-11-30,2012-12-31,6A,G10 FX,0.0,-0.05519761072987246,1.0232018398839127,0.511721670917683,Shallow GBDT depth=1,2012
2012-11-30,2012-12-31,6B,G10 FX,1.0,0.8680384797112318,0.6701060853112883,0.511721670917683,Shallow GBDT depth=1,2012
2012-11-30,2012-12-31,6C,G10 FX,0.0,-0.05118954085613605,0.8718517081931079,0.4978512489936507,Shallow GBDT depth=1,2012
2012-11-30,2012-12-31,6E,G10 FX,1.0,0.6963997608100464,-0.012245682924892394,0.511721670917683,Shallow GBDT depth=1,2012
2012-11-30,2012-12-31,6J,G10 FX,0.0,-2.371828435323857,-0.8418105750709229,0.49071914303703207,Shallow GBDT depth=1,2012
2012-11-30,2012-12-31,6S,G10 FX,1.0,0.6168935918067496,0.2812464931573642,0.511721670917683,Shallow GBDT depth=1,2012
2012-11-30,2012-12-31,CL,Commodities,1.0,0.35047660094650296,-0.40676875504714616,0.49071914303703207,Shallow GBDT depth=1,2012
2012-11-30,2012-12-31,ES,Equity indices,1.0,0.18072269606494662,1.2132903792326546,0.4978512489936507,Shallow GBDT depth=1,2012
2012-11-30,2012-12-31,GC,Commodities,0.0,-0.5297592116040889,0.4591993750071003,0.4978512489936507,Shallow GBDT depth=1,2012
2012-11-30,2012-12-31,HG,Commodities,1.0,0.012706509056624021,0.4812485814342307,0.511721670917683,Shallow GBDT depth=1,2012
2012-11-30,2012-12-31,NG,Commodities,0.0,-0.6154298509382892,-0.5307845605295413,0.4978512489936507,Shallow GBDT depth=1,2012
2012-11-30,2012-12-31,NKD,Equity indices,1.0,2.3952188599764477,0.7539989954018638,0.511721670917683,Shallow GBDT depth=1,2012
2012-11-30,2012-12-31,NQ,Equity indices,0.0,-0.14647584799879435,1.1187121124537616,0.4978512489936507,Shallow GBDT depth=1,2012
2012-11-30,2012-12-31,RTY,Equity indices,1.0,0.7182902858341277,0.9403875981845493,0.4978512489936507,Shallow GBDT depth=1,2012
2012-11-30,2012-12-31,SI,Commodities,0.0,-1.2426780608031909,0.4712154646624094,0.4978512489936507,Shallow GBDT depth=1,2012
2012-11-30,2012-12-31,ZB,Government bonds,0.0,-0.7105859708760827,0.6454043073442737,0.5234109881866306,Shallow GBDT depth=1,2012
2012-11-30,2012-12-31,ZC,Commodities,0.0,-0.9867462152341268,1.1354764442796683,0.4978512489936507,Shallow GBDT depth=1,2012
2012-11-30,2012-12-31,ZF,Government bonds,0.0,-0.43284256823966577,0.973968150519421,0.5256129788270498,Shallow GBDT depth=1,2012
2012-11-30,2012-12-31,ZN,Government bonds,0.0,-0.5674489839246113,1.0692221789061014,0.5256129788270498,Shallow GBDT depth=1,2012
2012-11-30,2012-12-31,ZS,Commodities,0.0,-0.2230155730979119,1.1283640048029016,0.4978512489936507,Shallow GBDT depth=1,2012
2012-11-30,2012-12-31,ZT,Government bonds,1.0,0.0724145941151005,0.2509318106128579,0.5256129788270498,Shallow GBDT depth=1,2012
2012-11-30,2012-12-31,ZW,Commodities,0.0,-1.2481696653967473,0.8986817569318712,0.4978512489936507,Shallow GBDT depth=1,2012
2012-12-31,2013-01-31,6A,G10 FX,1.0,0.3299408415278309,0.5232164711544682,0.5459689219002495,Shallow GBDT depth=1,2012
2012-12-31,2013-01-31,6B,G10 FX,0.0,-1.5774940459973756,1.1002154810271472,0.5459689219002495,Shallow GBDT depth=1,2012
2012-12-31,2013-01-31,6C,G10 FX,0.0,-0.13775762725129162,0.5639712225239755,0.5321819669440793,Shallow GBDT depth=1,2012
2012-12-31,2013-01-31,6E,G10 FX,1.0,1.4011867372291416,0.37059825410040176,0.5459689219002495,Shallow GBDT depth=1,2012
2012-12-31,2013-01-31,6J,G10 FX,0.0,-2.48452724326284,-1.8161701389973186,0.5250723127676589,Shallow GBDT depth=1,2012
2012-12-31,2013-01-31,6S,G10 FX,1.0,0.23661535666740482,0.3723290517925434,0.5481566615623479,Shallow GBDT depth=1,2012
2012-12-31,2013-01-31,CL,Commodities,1.0,0.8230188197300173,-0.5195742828808793,0.5321819669440793,Shallow GBDT depth=1,2012
2012-12-31,2013-01-31,ES,Equity indices,1.0,1.3103204166414155,0.7797514719191819,0.5251981060377146,Shallow GBDT depth=1,2012
2012-12-31,2013-01-31,GC,Commodities,0.0,-0.23365754499286637,0.057007078359602295,0.5321819669440793,Shallow GBDT depth=1,2012
2012-12-31,2013-01-31,HG,Commodities,1.0,0.42419299737053245,-0.06161206068433495,0.5321819669440793,Shallow GBDT depth=1,2012
2012-12-31,2013-01-31,NG,Commodities,0.0,-0.07329090238739877,-0.37176330238352134,0.5321819669440793,Shallow GBDT depth=1,2012
2012-12-31,2013-01-31,NKD,Equity indices,1.0,1.4066193873027264,1.4956397508446098,0.5481566615623479,Shallow GBDT depth=1,2012
2012-12-31,2013-01-31,NQ,Equity indices,1.0,0.5760242239675732,0.7044714508729297,0.5321819669440793,Shallow GBDT depth=1,2012
2012-12-31,2013-01-31,RTY,Equity indices,1.0,1.3935068016259091,0.7030339511952655,0.5321819669440793,Shallow GBDT depth=1,2012
2012-12-31,2013-01-31,SI,Commodities,1.0,0.4450367822161658,-0.026517156848191434,0.5321819669440793,Shallow GBDT depth=1,2012
2012-12-31,2013-01-31,ZB,Government bonds,0.0,-1.166314243483857,0.5350435182139356,0.5575472572906418,Shallow GBDT depth=1,2012
2012-12-31,2013-01-31,ZC,Commodities,1.0,0.8519187856904384,0.7683423823962335,0.5321819669440793,Shallow GBDT depth=1,2012
2012-12-31,2013-01-31,ZF,Government bonds,0.0,-1.051542051759653,0.8234369853362872,0.5597241966737267,Shallow GBDT depth=1,2012
2012-12-31,2013-01-31,ZN,Government bonds,0.0,-1.0599406276243566,0.9370591664847879,0.5597241966737267,Shallow GBDT depth=1,2012
2012-12-31,2013-01-31,ZS,Commodities,1.0,0.6156115269921313,0.9375047322612365,0.5321819669440793,Shallow GBDT depth=1,2012
2012-12-31,2013-01-31,ZT,Government bonds,0.0,-0.2297501519550686,0.1768428861956751,0.5597241966737267,Shallow GBDT depth=1,2012
2012-12-31,2013-01-31,ZW,Commodities,1.0,0.024297132840459507,0.4839644884161509,0.5321819669440793,Shallow GBDT depth=1,2012
2013-01-31,2013-02-28,6A,G10 FX,0.0,-0.8758469012911543,0.19884436739226952,0.5529324041476655,Shallow GBDT depth=1,2013
2013-01-31,2013-02-28,6B,G10 FX,0.0,-2.5954186883316126,0.2486440846631252,0.546189968690716,Shallow GBDT depth=1,2013
2013-01-31,2013-02-28,6C,G10 FX,0.0,-1.955139177588154,0.20803207532952994,0.546189968690716,Shallow GBDT depth=1,2013
2013-01-31,2013-02-28,6E,G10 FX,0.0,-1.86374274818602,0.4687977316592003,0.5529324041476655,Shallow GBDT depth=1,2013
2013-01-31,2013-02-28,6J,G10 FX,0.0,-0.5240131326440877,-1.801571681969431,0.5365001350969619,Shallow GBDT depth=1,2013
2013-01-31,2013-02-28,6S,G10 FX,0.0,-1.3635597065198826,0.10268498655852751,0.5529324041476655,Shallow GBDT depth=1,2013
2013-01-31,2013-02-28,CL,Commodities,0.0,-1.0696404446181065,-0.4017272593170301,0.5686585987927849,Shallow GBDT depth=1,2013
2013-01-31,2013-02-28,ES,Equity indices,1.0,0.3905509411997979,0.9484449816616153,0.5686585987927849,Shallow GBDT depth=1,2013
2013-01-31,2013-02-28,GC,Commodities,0.0,-1.3066539690188632,-0.3102109322514932,0.5619654474684918,Shallow GBDT depth=1,2013
2013-01-31,2013-02-28,HG,Commodities,0.0,-1.1779438495327323,-0.2074839250020983,0.5686585987927849,Shallow GBDT depth=1,2013
2013-01-31,2013-02-28,NG,Commodities,1.0,0.2472360662967082,-0.2399944707995326,0.5619654474684918,Shallow GBDT depth=1,2013
2013-01-31,2013-02-28,NKD,Equity indices,1.0,0.6216111873579396,1.0741347830969399,0.5618894139052777,Shallow GBDT depth=1,2013
2013-01-31,2013-02-28,NQ,Equity indices,1.0,0.11445222990928543,0.4263367911207531,0.5619654474684918,Shallow GBDT depth=1,2013
2013-01-31,2013-02-28,RTY,Equity indices,1.0,0.27834518579573153,0.7549843162451222,0.5686585987927849,Shallow GBDT depth=1,2013
2013-01-31,2013-02-28,SI,Commodities,0.0,-1.1955697578999889,-0.271815636655606,0.5619654474684918,Shallow GBDT depth=1,2013
2013-01-31,2013-02-28,ZB,Government bonds,1.0,0.5443923753881739,0.20592402086302405,0.5787139205740349,Shallow GBDT depth=1,2013
2013-01-31,2013-02-28,ZC,Commodities,0.0,-0.5150959096336218,0.995115242362841,0.5619654474684918,Shallow GBDT depth=1,2013
2013-01-31,2013-02-28,ZF,Government bonds,1.0,0.9915034958310037,0.42416144541027234,0.5787139205740349,Shallow GBDT depth=1,2013
2013-01-31,2013-02-28,ZN,Government bonds,1.0,1.0078413788978435,0.5236897422664022,0.5787139205740349,Shallow GBDT depth=1,2013
2013-01-31,2013-02-28,ZS,Commodities,1.0,0.019711455457703076,0.9681480864655293,0.5619654474684918,Shallow GBDT depth=1,2013
2013-01-31,2013-02-28,ZT,Government bonds,1.0,0.44206535525605073,0.4040588014593608,0.5787139205740349,Shallow GBDT depth=1,2013
2013-01-31,2013-02-28,ZW,Commodities,0.0,-1.31011832044356,0.38989544586512875,0.5619654474684918,Shallow GBDT depth=1,2013
2013-02-28,2013-03-29,6A,G10 FX,1.0,0.9733608647369572,0.07121741624446894,0.4833268276196656,Shallow GBDT depth=1,2013
2013-02-28,2013-03-29,6B,G10 FX,1.0,0.006949812202144809,-0.49152830335090225,0.4804604032995339,Shallow GBDT depth=1,2013
2013-02-28,2013-03-29,6C,G10 FX,1.0,0.8865787366276483,-0.5693587209444959,0.4804604032995339,Shallow GBDT depth=1,2013
2013-02-28,2013-03-29,6E,G10 FX,0.0,-0.8465050730625808,-0.043985693862275486,0.4833268276196656,Shallow GBDT depth=1,2013
2013-02-28,2013-03-29,6J,G10 FX,0.0,-0.5494222976840938,-1.284404991214836,0.4804604032995339,Shallow GBDT depth=1,2013
2013-02-28,2013-03-29,6S,G10 FX,0.0,-0.6451042175931584,-0.2932061801332467,0.4833268276196656,Shallow GBDT depth=1,2013
2013-02-28,2013-03-29,CL,Commodities,1.0,0.9213687249691932,-1.056179511793278,0.5200927547727179,Shallow GBDT depth=1,2013
2013-02-28,2013-03-29,ES,Equity indices,1.0,1.0639762966997943,0.7733928687676871,0.542771838555537,Shallow GBDT depth=1,2013
2013-02-28,2013-03-29,GC,Commodities,1.0,0.25872588545766473,-0.582204351633158,0.517226563992847,Shallow GBDT depth=1,2013
2013-02-28,2013-03-29,HG,Commodities,0.0,-0.8631459115958928,-0.703837534475716,0.5200927547727179,Shallow GBDT depth=1,2013
2013-02-28,2013-03-29,NG,Commodities,1.0,1.4586944219339104,0.1332766520374162,0.5200927547727179,Shallow GBDT depth=1,2013
2013-02-28,2013-03-29,NKD,Equity indices,1.0,1.540400391451969,0.721095065403729,0.542771838555537,Shallow GBDT depth=1,2013
2013-02-28,2013-03-29,NQ,Equity indices,1.0,0.7049578633762116,0.1519838551839769,0.542771838555537,Shallow GBDT depth=1,2013
2013-02-28,2013-03-29,RTY,Equity indices,1.0,1.1446838369887167,0.7274361945399335,0.542771838555537,Shallow GBDT depth=1,2013
2013-02-28,2013-03-29,SI,Commodities,0.0,-0.047304296425214755,-0.6841567923365265,0.517226563992847,Shallow GBDT depth=1,2013
2013-02-28,2013-03-29,ZB,Government bonds,1.0,0.219112823419606,0.6497748989552525,0.5529562190743894,Shallow GBDT depth=1,2013
2013-02-28,2013-03-29,ZC,Commodities,0.0,-0.20546060885244127,0.753074653792063,0.5200927547727179,Shallow GBDT depth=1,2013
2013-02-28,2013-03-29,ZF,Government bonds,1.0,0.11286418150815992,1.1040962792805002,0.5529562190743894,Shallow GBDT depth=1,2013
2013-02-28,2013-03-29,ZN,Government bonds,1.0,0.3273408624614081,1.0934440814119655,0.5529562190743894,Shallow GBDT depth=1,2013
2013-02-28,2013-03-29,ZS,Commodities,0.0,-0.5555514699089692,0.7191503096761619,0.5200927547727179,Shallow GBDT depth=1,2013
2013-02-28,2013-03-29,ZT,Government bonds,0.0,-0.08063028306556762,0.8376664281330154,0.5529562190743894,Shallow GBDT depth=1,2013
2013-02-28,2013-03-29,ZW,Commodities,0.0,-0.5224419490004096,-0.032418392511685996,0.517226563992847,Shallow GBDT depth=1,2013
2013-03-29,2013-04-30,6A,G10 FX,0.0,-0.1356433702419821,0.6223145118523765,0.49030845733100153,Shallow GBDT depth=1,2013
2013-03-29,2013-04-30,6B,G10 FX,1.0,1.2582002924204307,-0.7093181518753432,0.487439690287413,Shallow GBDT depth=1,2013
2013-03-29,2013-04-30,6C,G10 FX,1.0,0.6379242950605188,-0.09504664863891392,0.49030845733100153,Shallow GBDT depth=1,2013
2013-03-29,2013-04-30,6E,G10 FX,1.0,1.1595683023068777,-0.31229251147784665,0.49030845733100153,Shallow GBDT depth=1,2013
2013-03-29,2013-04-30,6J,G10 FX,0.0,-1.2946188489158397,-1.7699581448974273,0.487439690287413,Shallow GBDT depth=1,2013
2013-03-29,2013-04-30,6S,G10 FX,1.0,0.9651030769467086,-0.5470253062705374,0.49030845733100153,Shallow GBDT depth=1,2013
2013-03-29,2013-04-30,CL,Commodities,0.0,-0.8257031484895327,-0.5820005162411102,0.5338477809193316,Shallow GBDT depth=1,2013
2013-03-29,2013-04-30,ES,Equity indices,1.0,0.63358289397571,1.3763971944874855,0.5496985820089966,Shallow GBDT depth=1,2013
2013-03-29,2013-04-30,GC,Commodities,0.0,-2.187304341950404,-0.389273726527517,0.5242010591080534,Shallow GBDT depth=1,2013
2013-03-29,2013-04-30,HG,Commodities,0.0,-1.3386959168875183,-0.5263227551776359,0.5242010591080534,Shallow GBDT depth=1,2013
2013-03-29,2013-04-30,NG,Commodities,1.0,0.8618111438759634,0.9385920990980647,0.5338477809193316,Shallow GBDT depth=1,2013
2013-03-29,2013-04-30,NKD,Equity indices,1.0,2.4481069828553967,1.4706485885632576,0.5496985820089966,Shallow GBDT depth=1,2013
2013-03-29,2013-04-30,NQ,Equity indices,1.0,0.6963655889109897,0.3714563382394883,0.5496985820089966,Shallow GBDT depth=1,2013
2013-03-29,2013-04-30,RTY,Equity indices,0.0,-0.11547056884069935,1.5000066900823001,0.5496985820089966,Shallow GBDT depth=1,2013
2013-03-29,2013-04-30,SI,Commodities,0.0,-2.0927655088413872,-0.507052623371591,0.5242010591080534,Shallow GBDT depth=1,2013
2013-03-29,2013-04-30,ZB,Government bonds,1.0,1.3184568284354778,0.6059242782304503,0.5598537903216958,Shallow GBDT depth=1,2013
2013-03-29,2013-04-30,ZC,Commodities,0.0,-0.473273901151444,0.7969640415047806,0.5201925271884174,Shallow GBDT depth=1,2013
2013-03-29,2013-04-30,ZF,Government bonds,1.0,0.9758329530184835,0.8563677293618158,0.5598537903216958,Shallow GBDT depth=1,2013
2013-03-29,2013-04-30,ZN,Government bonds,1.0,1.0667916770322476,0.9623632217247194,0.5598537903216958,Shallow GBDT depth=1,2013
2013-03-29,2013-04-30,ZS,Commodities,1.0,0.6925000714875474,0.32212177487241467,0.527063704187887,Shallow GBDT depth=1,2013
2013-03-29,2013-04-30,ZT,Government bonds,1.0,0.9702026362713283,0.4328614128636192,0.5598537903216958,Shallow GBDT depth=1,2013
2013-03-29,2013-04-30,ZW,Commodities,1.0,0.6494638234010257,-0.059070319213689264,0.5173263792802959,Shallow GBDT depth=1,2013
2013-04-30,2013-05-31,6A,G10 FX,0.0,-3.4218370004494485,0.836328073140762,0.5200927547727179,Shallow GBDT depth=1,2013
2013-04-30,2013-05-31,6B,G10 FX,0.0,-1.1093324145733228,-0.4766528679334688,0.5200927547727179,Shallow GBDT depth=1,2013
2013-04-30,2013-05-31,6C,G10 FX,0.0,-1.7612242563165639,0.0,0.5200927547727179,Shallow GBDT depth=1,2013
2013-04-30,2013-05-31,6E,G10 FX,0.0,-0.6053940541009346,0.19386190513797164,0.5200927547727179,Shallow GBDT depth=1,2013
2013-04-30,2013-05-31,6J,G10 FX,0.0,-0.886534722348738,-1.8214590829162813,0.517226563992847,Shallow GBDT depth=1,2013
2013-04-30,2013-05-31,6S,G10 FX,0.0,-1.3930738883726521,-0.0691737660098054,0.5200927547727179,Shallow GBDT depth=1,2013
2013-04-30,2013-05-31,CL,Commodities,0.0,-0.315039110928907,-0.36430766701036177,0.5200927547727179,Shallow GBDT depth=1,2013
2013-04-30,2013-05-31,ES,Equity indices,1.0,0.6866461786157022,1.4320215923048818,0.542771838555537,Shallow GBDT depth=1,2013
2013-04-30,2013-05-31,GC,Commodities,0.0,-0.7623011762449354,-0.3414207065302121,0.5103452429820137,Shallow GBDT depth=1,2013
2013-04-30,2013-05-31,HG,Commodities,1.0,0.5572391514700442,-0.7851553058496056,0.5103452429820137,Shallow GBDT depth=1,2013
2013-04-30,2013-05-31,NG,Commodities,0.0,-1.1577323468032115,0.7697419209241331,0.5268870671343227,Shallow GBDT depth=1,2013
2013-04-30,2013-05-31,NKD,Equity indices,0.0,-0.5647303700943258,1.8024184016540434,0.542771838555537,Shallow GBDT depth=1,2013
2013-04-30,2013-05-31,NQ,Equity indices,1.0,0.8899107735345808,0.7431379807976664,0.542771838555537,Shallow GBDT depth=1,2013
2013-04-30,2013-05-31,RTY,Equity indices,1.0,0.8759504309046936,1.1438818988945014,0.542771838555537,Shallow GBDT depth=1,2013
2013-04-30,2013-05-31,SI,Commodities,0.0,-0.7309574416015573,-0.5429521943736031,0.5103452429820137,Shallow GBDT depth=1,2013
2013-04-30,2013-05-31,ZB,Government bonds,0.0,-2.4664735517644574,0.560518183566289,0.5596791688127474,Shallow GBDT depth=1,2013
2013-04-30,2013-05-31,ZC,Commodities,1.0,0.2192301663403181,0.6803277010869964,0.5132138381419074,Shallow GBDT depth=1,2013
2013-04-30,2013-05-31,ZF,Government bonds,0.0,-3.1020155038426314,0.8294488582128914,0.5596791688127474,Shallow GBDT depth=1,2013
2013-04-30,2013-05-31,ZN,Government bonds,0.0,-2.596135667343019,0.9358676274246603,0.5596791688127474,Shallow GBDT depth=1,2013
2013-04-30,2013-05-31,ZS,Commodities,1.0,1.4087641862466502,0.5944418896600008,0.5200927547727179,Shallow GBDT depth=1,2013
2013-04-30,2013-05-31,ZT,Government bonds,0.0,-2.0022752433762725,0.46240566030200575,0.5596791688127474,Shallow GBDT depth=1,2013
2013-04-30,2013-05-31,ZW,Commodities,0.0,-0.448620753366252,0.3237641409000728,0.517226563992847,Shallow GBDT depth=1,2013
2013-05-31,2013-06-28,6A,G10 FX,0.0,-1.6015318070993918,-0.10850423907512927,0.43450403045532143,Shallow GBDT depth=1,2013
2013-05-31,2013-06-28,6B,G10 FX,1.0,0.10581433519733834,-0.2901866908239407,0.43450403045532143,Shallow GBDT depth=1,2013
2013-05-31,2013-06-28,6C,G10 FX,0.0,-0.6461109135362153,-0.006431591549249069,0.42774814878904904,Shallow GBDT depth=1,2013
2013-05-31,2013-06-28,6E,G10 FX,1.0,0.11141426683309451,0.3358146355355516,0.43732706893935364,Shallow GBDT depth=1,2013
2013-05-31,2013-06-28,6J,G10 FX,1.0,0.4133884953846154,-2.1875391858504116,0.43450403045532143,Shallow GBDT depth=1,2013
2013-05-31,2013-06-28,6S,G10 FX,1.0,0.5899449107009289,-0.1220664791099084,0.4305607135533912,Shallow GBDT depth=1,2013
2013-05-31,2013-06-28,CL,Commodities,1.0,0.799784390822566,0.27811494743399334,0.48974368726270334,Shallow GBDT depth=1,2013
2013-05-31,2013-06-28,ES,Equity indices,0.0,-0.46767593807663876,1.8943087516435015,0.49655175028722953,Shallow GBDT depth=1,2013
2013-05-31,2013-06-28,GC,Commodities,0.0,-1.7536899927173368,-0.7062933802992141,0.48687506814312903,Shallow GBDT depth=1,2013
2013-05-31,2013-06-28,HG,Commodities,0.0,-1.1351632094368227,-0.13405638774733192,0.48687506814312903,Shallow GBDT depth=1,2013
2013-05-31,2013-06-28,NG,Commodities,0.0,-1.1663313804620776,0.6977575459392138,0.49655175028722953,Shallow GBDT depth=1,2013
2013-05-31,2013-06-28,NKD,Equity indices,1.0,0.21373490384243796,1.4076198382272789,0.4896665019077704,Shallow GBDT depth=1,2013
2013-05-31,2013-06-28,NQ,Equity indices,0.0,-0.7135966959208778,1.3439569009678551,0.49655175028722953,Shallow GBDT depth=1,2013
2013-05-31,2013-06-28,RTY,Equity indices,0.0,-0.10154199173412942,1.6687758749856558,0.49655175028722953,Shallow GBDT depth=1,2013
2013-05-31,2013-06-28,SI,Commodities,0.0,-1.2016592038715883,-0.8681543270959313,0.48687506814312903,Shallow GBDT depth=1,2013
2013-05-31,2013-06-28,ZB,Government bonds,0.0,-1.234758905370987,-0.5320062585076321,0.48799914710687425,Shallow GBDT depth=1,2013
2013-05-31,2013-06-28,ZC,Commodities,0.0,-0.373787732858148,0.7075173427851492,0.48974368726270334,Shallow GBDT depth=1,2013
2013-05-31,2013-06-28,ZF,Government bonds,0.0,-2.0633477218099685,-0.07828468984521654,0.48799914710687425,Shallow GBDT depth=1,2013
2013-05-31,2013-06-28,ZN,Government bonds,0.0,-1.8692925651375978,-0.16823393523778524,0.48799914710687425,Shallow GBDT depth=1,2013
2013-05-31,2013-06-28,ZS,Commodities,1.0,0.48537728861979423,1.0262576207283616,0.49655175028722953,Shallow GBDT depth=1,2013
2013-05-31,2013-06-28,ZT,Government bonds,0.0,-0.8427553415885836,0.13515310632314306,0.4908680534984555,Shallow GBDT depth=1,2013
2013-05-31,2013-06-28,ZW,Commodities,0.0,-1.0961499594422208,0.10502243644401851,0.48687506814312903,Shallow GBDT depth=1,2013
2013-06-28,2013-07-31,6A,G10 FX,0.0,-0.42712872849859845,-0.7283387574398963,0.509698449763251,Shallow GBDT depth=1,2013
2013-06-28,2013-07-31,6B,G10 FX,1.0,0.11374662670510771,-0.21688925042695895,0.509698449763251,Shallow GBDT depth=1,2013
2013-06-28,2013-07-31,6C,G10 FX,1.0,1.2678825111392786,-0.2824777790330222,0.509698449763251,Shallow GBDT depth=1,2013
2013-06-28,2013-07-31,6E,G10 FX,1.0,1.0488517770892314,0.7243662516090458,0.5193696114383639,Shallow GBDT depth=1,2013
2013-06-28,2013-07-31,6J,G10 FX,1.0,0.36591907478010033,-1.8397527730048022,0.509698449763251,Shallow GBDT depth=1,2013
2013-06-28,2013-07-31,6S,G10 FX,1.0,0.7716167587795429,0.3546359891480541,0.5125672150419611,Shallow GBDT depth=1,2013
2013-06-28,2013-07-31,CL,Commodities,1.0,1.598828403376269,0.35856211219650597,0.5025524818033109,Shallow GBDT depth=1,2013
2013-06-28,2013-07-31,ES,Equity indices,1.0,1.3424116090773703,1.3604962832445173,0.5549983869295291,Shallow GBDT depth=1,2013
2013-06-28,2013-07-31,GC,Commodities,1.0,0.8612775971205542,-1.0164308070656312,0.4996823079235219,Shallow GBDT depth=1,2013
2013-06-28,2013-07-31,HG,Commodities,1.0,0.29889306829731904,-0.6273198204164262,0.4996823079235219,Shallow GBDT depth=1,2013
2013-06-28,2013-07-31,NG,Commodities,0.0,-0.33748768313421446,-0.11813655560898191,0.4996823079235219,Shallow GBDT depth=1,2013
2013-06-28,2013-07-31,NKD,Equity indices,0.0,-0.1306511207463174,1.1314718959921897,0.5549983869295291,Shallow GBDT depth=1,2013
2013-06-28,2013-07-31,NQ,Equity indices,1.0,1.6195369860182653,0.9298954649648762,0.5617910079895969,Shallow GBDT depth=1,2013
2013-06-28,2013-07-31,RTY,Equity indices,1.0,1.4769351820098249,1.2515566478503077,0.5617910079895969,Shallow GBDT depth=1,2013
2013-06-28,2013-07-31,SI,Commodities,1.0,0.06493530532979373,-0.9278877962986462,0.4996823079235219,Shallow GBDT depth=1,2013
2013-06-28,2013-07-31,ZB,Government bonds,0.0,-0.5038516859543505,-1.0079391936348197,0.516764412655906,Shallow GBDT depth=1,2013
2013-06-28,2013-07-31,ZC,Commodities,0.0,-0.9430027269534953,-0.15515211556436964,0.4996823079235219,Shallow GBDT depth=1,2013
2013-06-28,2013-07-31,ZF,Government bonds,1.0,0.34307912855879474,-0.6280435747691631,0.5098827463818543,Shallow GBDT depth=1,2013
2013-06-28,2013-07-31,ZN,Government bonds,0.0,-0.07249362262194302,-0.7298328310844671,0.5098827463818543,Shallow GBDT depth=1,2013
2013-06-28,2013-07-31,ZS,Commodities,0.0,-1.091117604222748,0.4906207496226971,0.5093608573052061,Shallow GBDT depth=1,2013
2013-06-28,2013-07-31,ZT,Government bonds,1.0,1.0634869668810272,-0.18420134598252588,0.5127514641652808,Shallow GBDT depth=1,2013
2013-06-28,2013-07-31,ZW,Commodities,1.0,0.13065034326795458,-1.3287462681463664,0.4996823079235219,Shallow GBDT depth=1,2013
2013-07-31,2013-08-30,6A,G10 FX,0.0,-0.270679290264323,-1.0993888426091685,0.5157900786444041,Shallow GBDT depth=1,2013
2013-07-31,2013-08-30,6B,G10 FX,1.0,0.6377058383023172,-0.3036381870254235,0.5157900786444041,Shallow GBDT depth=1,2013
2013-07-31,2013-08-30,6C,G10 FX,0.0,-1.326184217869275,-0.36467815900954026,0.5186568610894368,Shallow GBDT depth=1,2013
2013-07-31,2013-08-30,6E,G10 FX,0.0,-0.41486002247754994,0.8831140500046151,0.5254529536852648,Shallow GBDT depth=1,2013
2013-07-31,2013-08-30,6J,G10 FX,0.0,-0.11725256018457243,-2.0182793486538095,0.5157900786444041,Shallow GBDT depth=1,2013
2013-07-31,2013-08-30,6S,G10 FX,0.0,-0.29121185506065234,0.4763718549130255,0.5186568610894368,Shallow GBDT depth=1,2013
2013-07-31,2013-08-30,CL,Commodities,1.0,0.5176026499972661,0.45766103789308527,0.5254529536852648,Shallow GBDT depth=1,2013
2013-07-31,2013-08-30,ES,Equity indices,0.0,-0.9272737118950467,1.6319021176072526,0.5775895573821404,Shallow GBDT depth=1,2013
2013-07-31,2013-08-30,GC,Commodities,1.0,0.8553604222070667,-0.9089436953532589,0.5157900786444041,Shallow GBDT depth=1,2013
2013-07-31,2013-08-30,HG,Commodities,1.0,0.45945304735441944,-0.3904543405840021,0.5157900786444041,Shallow GBDT depth=1,2013
2013-07-31,2013-08-30,NG,Commodities,1.0,0.26517384744960204,-0.1371504638521716,0.5157900786444041,Shallow GBDT depth=1,2013
2013-07-31,2013-08-30,NKD,Equity indices,0.0,-0.2994815978494087,1.1424131967894158,0.5709304239367671,Shallow GBDT depth=1,2013
2013-07-31,2013-08-30,NQ,Equity indices,0.0,-0.09153100027489777,1.0478696000710166,0.5775895573821404,Shallow GBDT depth=1,2013
2013-07-31,2013-08-30,RTY,Equity indices,0.0,-0.8006180957016161,1.8306279204870823,0.5775895573821404,Shallow GBDT depth=1,2013
2013-07-31,2013-08-30,SI,Commodities,1.0,1.6937485506488326,-1.0718499516541573,0.5157900786444041,Shallow GBDT depth=1,2013
2013-07-31,2013-08-30,ZB,Government bonds,0.0,-0.20102877289890733,-0.9512203062567977,0.5328363926786704,Shallow GBDT depth=1,2013
2013-07-31,2013-08-30,ZC,Commodities,0.0,-0.025830574835021998,-0.9216412808611443,0.5157900786444041,Shallow GBDT depth=1,2013
2013-07-31,2013-08-30,ZF,Government bonds,0.0,-0.742385653112832,-0.4372768904241693,0.5356931015418556,Shallow GBDT depth=1,2013
2013-07-31,2013-08-30,ZN,Government bonds,0.0,-0.5455514381506965,-0.5368879596700432,0.5328363926786704,Shallow GBDT depth=1,2013
2013-07-31,2013-08-30,ZS,Commodities,1.0,1.8280958465391253,-0.2011126442457759,0.5185797500665612,Shallow GBDT depth=1,2013
2013-07-31,2013-08-30,ZT,Government bonds,0.0,-0.5209018308385998,0.10526479617459603,0.5356931015418556,Shallow GBDT depth=1,2013
2013-07-31,2013-08-30,ZW,Commodities,0.0,-0.533666548808153,-1.6763971823614425,0.5157900786444041,Shallow GBDT depth=1,2013
2013-08-30,2013-09-30,6A,G10 FX,1.0,1.4860102782377014,-1.2296613869678323,0.48957838008222154,Shallow GBDT depth=1,2013
2013-08-30,2013-09-30,6B,G10 FX,1.0,1.868126333043846,-0.45069645528284813,0.4924476410347838,Shallow GBDT depth=1,2013
2013-08-30,2013-09-30,6C,G10 FX,1.0,1.1412822115232242,-1.0081166108695694,0.48957838008222154,Shallow GBDT depth=1,2013
2013-08-30,2013-09-30,6E,G10 FX,1.0,1.0654383909375311,0.27143882130784397,0.4924476410347838,Shallow GBDT depth=1,2013
2013-08-30,2013-09-30,6J,G10 FX,0.0,-0.01637393070570478,-2.1160069171247917,0.48957838008222154,Shallow GBDT depth=1,2013
2013-08-30,2013-09-30,6S,G10 FX,1.0,1.063026410229992,0.024933129979144087,0.4924476410347838,Shallow GBDT depth=1,2013
2013-08-30,2013-09-30,CL,Commodities,0.0,-0.8276840950397443,0.3805949410880518,0.4992565143676733,Shallow GBDT depth=1,2013
2013-08-30,2013-09-30,ES,Equity indices,1.0,0.9340739440406848,1.159875360899192,0.5450709316875083,Shallow GBDT depth=1,2013
2013-08-30,2013-09-30,GC,Commodities,0.0,-0.7752241813423493,-1.1137579485922557,0.48957838008222154,Shallow GBDT depth=1,2013
2013-08-30,2013-09-30,HG,Commodities,1.0,0.4595304459955434,-0.7708730220121885,0.48957838008222154,Shallow GBDT depth=1,2013
2013-08-30,2013-09-30,NG,Commodities,0.0,-0.22403398947717457,-0.341718370917018,0.48957838008222154,Shallow GBDT depth=1,2013
2013-08-30,2013-09-30,NKD,Equity indices,1.0,1.0916209987613286,1.0693961595929247,0.5450709316875083,Shallow GBDT depth=1,2013
2013-08-30,2013-09-30,NQ,Equity indices,1.0,1.3428799573997385,0.8133976118011704,0.5518163504484735,Shallow GBDT depth=1,2013
2013-08-30,2013-09-30,RTY,Equity indices,1.0,1.484856181223639,1.172188660058504,0.5518163504484735,Shallow GBDT depth=1,2013
2013-08-30,2013-09-30,SI,Commodities,0.0,-0.8035099676154756,-1.2873732081781744,0.48957838008222154,Shallow GBDT depth=1,2013
2013-08-30,2013-09-30,ZB,Government bonds,1.0,0.39545088073627765,-0.8015267224110667,0.5066648668132354,Shallow GBDT depth=1,2013
2013-08-30,2013-09-30,ZC,Commodities,0.0,-0.817309480765896,-0.8476252467953345,0.48957838008222154,Shallow GBDT depth=1,2013
2013-08-30,2013-09-30,ZF,Government bonds,1.0,1.2311310131841853,-0.6579931982896906,0.5066648668132354,Shallow GBDT depth=1,2013
2013-08-30,2013-09-30,ZN,Government bonds,1.0,1.0355739650735138,-0.6111753276676494,0.5066648668132354,Shallow GBDT depth=1,2013
2013-08-30,2013-09-30,ZS,Commodities,0.0,-0.7601429438083424,-0.07485720867808493,0.4992565143676733,Shallow GBDT depth=1,2013
2013-08-30,2013-09-30,ZT,Government bonds,1.0,1.7359029277938405,-0.07593018529715359,0.5095343018465905,Shallow GBDT depth=1,2013
2013-08-30,2013-09-30,ZW,Commodities,1.0,0.5945750634417984,-2.031645737758219,0.48957838008222154,Shallow GBDT depth=1,2013
2013-09-30,2013-10-31,6A,G10 FX,1.0,0.5046476065516373,-0.6402218165602306,0.5033728664796361,Shallow GBDT depth=1,2013
2013-09-30,2013-10-31,6B,G10 FX,0.0,-0.36660939058851305,0.13946722929625094,0.5062427893118928,Shallow GBDT depth=1,2013
2013-09-30,2013-10-31,6C,G10 FX,0.0,-0.5670063202762954,-0.6868167436447076,0.5062427893118928,Shallow GBDT depth=1,2013
2013-09-30,2013-10-31,6E,G10 FX,1.0,0.2357413789662187,0.5862999632227494,0.5062427893118928,Shallow GBDT depth=1,2013
2013-09-30,2013-10-31,6J,G10 FX,0.0,-0.04063651901189206,-2.1869474481092515,0.49656352452659047,Shallow GBDT depth=1,2013
2013-09-30,2013-10-31,6S,G10 FX,0.0,-0.07781868441938922,0.32266931212762273,0.5062427893118928,Shallow GBDT depth=1,2013
2013-09-30,2013-10-31,CL,Commodities,0.0,-1.1106822801527156,0.4051596707321035,0.49943366675313045,Shallow GBDT depth=1,2013
2013-09-30,2013-10-31,ES,Equity indices,1.0,1.5205058434472258,1.5355479281954971,0.5587174735985417,Shallow GBDT depth=1,2013
2013-09-30,2013-10-31,GC,Commodities,0.0,-0.035761944078736486,-1.4074486214344473,0.5033728664796361,Shallow GBDT depth=1,2013
2013-09-30,2013-10-31,HG,Commodities,0.0,-0.12126752141825027,-0.7654846084069878,0.5062427893118928,Shallow GBDT depth=1,2013
2013-09-30,2013-10-31,NG,Commodities,0.0,-0.23082937467148495,-0.7742764529778012,0.49656352452659047,Shallow GBDT depth=1,2013
2013-09-30,2013-10-31,NKD,Equity indices,0.0,-0.13568299494690364,1.5079798128982018,0.5519915941245884,Shallow GBDT depth=1,2013
2013-09-30,2013-10-31,NQ,Equity indices,1.0,1.6130387314475076,1.5082505788074072,0.5587174735985417,Shallow GBDT depth=1,2013
2013-09-30,2013-10-31,RTY,Equity indices,1.0,0.6613325637719,1.87077598622605,0.5587174735985417,Shallow GBDT depth=1,2013
2013-09-30,2013-10-31,SI,Commodities,1.0,0.06339851399693432,-1.4518098109441087,0.5033728664796361,Shallow GBDT depth=1,2013
2013-09-30,2013-10-31,ZB,Government bonds,1.0,0.398409524634834,-0.8500807363099452,0.5236515554815842,Shallow GBDT depth=1,2013
2013-09-30,2013-10-31,ZC,Commodities,0.0,-0.3021357361796839,-1.2490429698009058,0.49656352452659047,Shallow GBDT depth=1,2013
2013-09-30,2013-10-31,ZF,Government bonds,1.0,0.5269773802287641,-0.3432100356193623,0.533299499376742,Shallow GBDT depth=1,2013
2013-09-30,2013-10-31,ZN,Government bonds,1.0,0.4620221010939854,-0.4302396523196273,0.5265145204200652,Shallow GBDT depth=1,2013
2013-09-30,2013-10-31,ZS,Commodities,0.0,-0.05768963221910083,0.2937082813673993,0.49943366675313045,Shallow GBDT depth=1,2013
2013-09-30,2013-10-31,ZT,Government bonds,1.0,0.37975155907422486,0.36178860947910524,0.533299499376742,Shallow GBDT depth=1,2013
2013-09-30,2013-10-31,ZW,Commodities,0.0,-0.2846509562199957,-1.9534442986799891,0.49656352452659047,Shallow GBDT depth=1,2013
2013-10-31,2013-11-29,6A,G10 FX,0.0,-1.2526799680339116,-0.7669705736656148,0.4971167225269783,Shallow GBDT depth=1,2013
2013-10-31,2013-11-29,6B,G10 FX,1.0,0.8972800722054158,0.17268163040875997,0.4971167225269783,Shallow GBDT depth=1,2013
2013-10-31,2013-11-29,6C,G10 FX,0.0,-1.0249408546874468,-0.5152878154234442,0.487439690287413,Shallow GBDT depth=1,2013
2013-10-31,2013-11-29,6E,G10 FX,0.0,-0.018442660891505733,0.9093285446663373,0.4971167225269783,Shallow GBDT depth=1,2013
2013-10-31,2013-11-29,6J,G10 FX,0.0,-1.3452480251358352,-2.3149200828777645,0.487439690287413,Shallow GBDT depth=1,2013
2013-10-31,2013-11-29,6S,G10 FX,0.0,-0.07050240288695646,0.4756008971229728,0.4971167225269783,Shallow GBDT depth=1,2013
2013-10-31,2013-11-29,CL,Commodities,0.0,-0.7600029812074832,0.45702732887588754,0.49030845733100153,Shallow GBDT depth=1,2013
2013-10-31,2013-11-29,ES,Equity indices,1.0,0.9911894823125306,2.1743314192180336,0.5496985820089966,Shallow GBDT depth=1,2013
2013-10-31,2013-11-29,GC,Commodities,0.0,-0.8171533523614535,-1.3092962031396693,0.487439690287413,Shallow GBDT depth=1,2013
2013-10-31,2013-11-29,HG,Commodities,0.0,-0.49580068758443313,-0.3917114300775319,0.4971167225269783,Shallow GBDT depth=1,2013
2013-10-31,2013-11-29,NG,Commodities,1.0,1.0668268390233435,-0.6804132237828335,0.487439690287413,Shallow GBDT depth=1,2013
2013-10-31,2013-11-29,NKD,Equity indices,1.0,1.1806111059317461,1.5179184519239206,0.542947689555707,Shallow GBDT depth=1,2013
2013-10-31,2013-11-29,NQ,Equity indices,1.0,1.0971576979678506,2.2210641640185163,0.5496985820089966,Shallow GBDT depth=1,2013
2013-10-31,2013-11-29,RTY,Equity indices,1.0,1.0335241725170412,2.215557855405973,0.5496985820089966,Shallow GBDT depth=1,2013
2013-10-31,2013-11-29,SI,Commodities,0.0,-0.7965137011370459,-1.3259957764325159,0.494246748400586,Shallow GBDT depth=1,2013
2013-10-31,2013-11-29,ZB,Government bonds,0.0,-0.7975852447841795,-1.067994767918437,0.5142012610832261,Shallow GBDT depth=1,2013
2013-10-31,2013-11-29,ZC,Commodities,0.0,-0.34467801320051844,-1.172951591261583,0.487439690287413,Shallow GBDT depth=1,2013
2013-10-31,2013-11-29,ZF,Government bonds,1.0,0.08731162188931954,-0.29825554804032356,0.5142012610832261,Shallow GBDT depth=1,2013
2013-10-31,2013-11-29,ZN,Government bonds,0.0,-0.3811280637091107,-0.4496559277554029,0.5142012610832261,Shallow GBDT depth=1,2013
2013-10-31,2013-11-29,ZS,Commodities,1.0,0.8367069749786862,0.8071273032123454,0.4971167225269783,Shallow GBDT depth=1,2013
2013-10-31,2013-11-29,ZT,Government bonds,1.0,0.41512628931476897,0.4433633485079874,0.5142012610832261,Shallow GBDT depth=1,2013
2013-10-31,2013-11-29,ZW,Commodities,0.0,-0.30476712950781853,-1.8995399437319789,0.487439690287413,Shallow GBDT depth=1,2013
2013-11-29,2013-12-31,6A,G10 FX,0.0,-0.5980721619554,-1.3455449207397494,0.5157900786444041,Shallow GBDT depth=1,2013
2013-11-29,2013-12-31,6B,G10 FX,1.0,0.6268370415656895,0.20357130076086488,0.5254529536852648,Shallow GBDT depth=1,2013
2013-11-29,2013-12-31,6C,G10 FX,1.0,0.03710979310991865,-1.1980341005753052,0.5157900786444041,Shallow GBDT depth=1,2013
2013-11-29,2013-12-31,6E,G10 FX,1.0,0.7682152053866286,0.5199998169402822,0.5254529536852648,Shallow GBDT depth=1,2013
2013-11-29,2013-12-31,6J,G10 FX,0.0,-0.9210246973598119,-2.308984428281446,0.5157900786444041,Shallow GBDT depth=1,2013
2013-11-29,2013-12-31,6S,G10 FX,1.0,0.8549215927596705,0.20059104951007944,0.5254529536852648,Shallow GBDT depth=1,2013
2013-11-29,2013-12-31,CL,Commodities,1.0,1.0482235208874808,0.19023502677270984,0.5157900786444041,Shallow GBDT depth=1,2013
2013-11-29,2013-12-31,ES,Equity indices,1.0,0.8682055706020564,2.3285216116239815,0.5775895573821404,Shallow GBDT depth=1,2013
2013-11-29,2013-12-31,GC,Commodities,0.0,-0.6064873925050231,-1.7165635024602388,0.5157900786444041,Shallow GBDT depth=1,2013
2013-11-29,2013-12-31,HG,Commodities,1.0,1.2280040871476294,-1.0135018235735074,0.5157900786444041,Shallow GBDT depth=1,2013
2013-11-29,2013-12-31,NG,Commodities,1.0,0.828847706319095,0.09550170925220919,0.5186568610894368,Shallow GBDT depth=1,2013
2013-11-29,2013-12-31,NKD,Equity indices,1.0,0.5963622638740598,1.6598607083943,0.5775895573821404,Shallow GBDT depth=1,2013
2013-11-29,2013-12-31,NQ,Equity indices,1.0,0.9545954824793771,2.3025692606104866,0.5775895573821404,Shallow GBDT depth=1,2013
2013-11-29,2013-12-31,RTY,Equity indices,1.0,0.5578088847759719,2.269627433160329,0.5775895573821404,Shallow GBDT depth=1,2013
2013-11-29,2013-12-31,SI,Commodities,0.0,-0.32278656494685315,-1.9611464105675305,0.5157900786444041,Shallow GBDT depth=1,2013
2013-11-29,2013-12-31,ZB,Government bonds,0.0,-0.7518792769672127,-1.0602001591403927,0.5758852648789868,Shallow GBDT depth=1,2013
2013-11-29,2013-12-31,ZC,Commodities,0.0,-0.0748730993033885,-1.3919417300195083,0.5157900786444041,Shallow GBDT depth=1,2013
2013-11-29,2013-12-31,ZF,Government bonds,0.0,-1.6126658672983603,-0.2779667132837158,0.5786868764355559,Shallow GBDT depth=1,2013
2013-11-29,2013-12-31,ZN,Government bonds,0.0,-1.276412972076168,-0.499534729366147,0.5786868764355559,Shallow GBDT depth=1,2013
2013-11-29,2013-12-31,ZS,Commodities,0.0,-0.3103758091096804,0.8758639976937047,0.5186568610894368,Shallow GBDT depth=1,2013
2013-11-29,2013-12-31,ZT,Government bonds,0.0,-1.4268069484661017,0.6111844409498457,0.5786868764355559,Shallow GBDT depth=1,2013
2013-11-29,2013-12-31,ZW,Commodities,0.0,-2.0067446776032876,-1.7629795476229124,0.5157900786444041,Shallow GBDT depth=1,2013
2013-12-31,2014-01-31,6A,G10 FX,0.0,-0.6469468816396875,-1.5764187129365805,0.5157900786444041,Shallow GBDT depth=1,2013
2013-12-31,2014-01-31,6B,G10 FX,0.0,-0.4218202756463444,0.44867202232098197,0.5254529536852648,Shallow GBDT depth=1,2013
2013-12-31,2014-01-31,6C,G10 FX,0.0,-2.6573395420390704,-1.2470134855666466,0.5157900786444041,Shallow GBDT depth=1,2013
2013-12-31,2014-01-31,6E,G10 FX,0.0,-1.254106391961651,0.5073174184775897,0.5254529536852648,Shallow GBDT depth=1,2013
2013-12-31,2014-01-31,6J,G10 FX,1.0,1.0374618338584047,-1.9114472732986614,0.5157900786444041,Shallow GBDT depth=1,2013
2013-12-31,2014-01-31,6S,G10 FX,0.0,-0.9604713259768244,0.3082035408966196,0.5186568610894368,Shallow GBDT depth=1,2013
2013-12-31,2014-01-31,CL,Commodities,0.0,-0.2380582945288952,0.15178490082167936,0.5186568610894368,Shallow GBDT depth=1,2013
2013-12-31,2014-01-31,ES,Equity indices,0.0,-1.3016653886016194,2.320089848776772,0.5775895573821404,Shallow GBDT depth=1,2013
2013-12-31,2014-01-31,GC,Commodities,1.0,0.4783990671824544,-1.716621654472263,0.5157900786444041,Shallow GBDT depth=1,2013
2013-12-31,2014-01-31,HG,Commodities,0.0,-1.3676322188433716,-0.5818126113590937,0.5254529536852648,Shallow GBDT depth=1,2013
2013-12-31,2014-01-31,NG,Commodities,1.0,2.4534511253867506,0.3642430288334477,0.5185797500665612,Shallow GBDT depth=1,2013
2013-12-31,2014-01-31,NKD,Equity indices,0.0,-1.7576733283539259,1.467876880060456,0.5775895573821404,Shallow GBDT depth=1,2013
2013-12-31,2014-01-31,NQ,Equity indices,0.0,-0.6873304037855992,2.4570770789484806,0.5775895573821404,Shallow GBDT depth=1,2013
2013-12-31,2014-01-31,RTY,Equity indices,0.0,-0.7840689898482122,2.041173852599746,0.5775895573821404,Shallow GBDT depth=1,2013
2013-12-31,2014-01-31,SI,Commodities,0.0,-0.1234520273184343,-1.6026910262399592,0.5157900786444041,Shallow GBDT depth=1,2013
2013-12-31,2014-01-31,ZB,Government bonds,1.0,1.7368772358335947,-1.0977249102763544,0.5328363926786704,Shallow GBDT depth=1,2013
2013-12-31,2014-01-31,ZC,Commodities,1.0,0.40476338762316927,-1.4289185127184845,0.5157900786444041,Shallow GBDT depth=1,2013
2013-12-31,2014-01-31,ZF,Government bonds,1.0,1.3803141752849661,-0.6214115693296495,0.5356931015418556,Shallow GBDT depth=1,2013
2013-12-31,2014-01-31,ZN,Government bonds,1.0,1.5958672559016294,-0.7376320981810492,0.5328363926786704,Shallow GBDT depth=1,2013
2013-12-31,2014-01-31,ZS,Commodities,0.0,-0.13560278719639002,1.2416039505050647,0.5186568610894368,Shallow GBDT depth=1,2013
2013-12-31,2014-01-31,ZT,Government bonds,1.0,1.1920110072595236,0.22022933922938553,0.5356931015418556,Shallow GBDT depth=1,2013
2013-12-31,2014-01-31,ZW,Commodities,0.0,-1.6812508949447709,-1.9560484447065323,0.5157900786444041,Shallow GBDT depth=1,2013
2014-01-31,2014-02-28,6A,G10 FX,1.0,0.8114885505214997,-1.5891777127352933,0.48583821849496434,Shallow GBDT depth=1,2014
2014-01-31,2014-02-28,6B,G10 FX,1.0,1.0860538750663962,0.884326877402875,0.5035968819650065,Shallow GBDT depth=1,2014
2014-01-31,2014-02-28,6C,G10 FX,1.0,0.3419501852081012,-1.6058411042649725,0.48583821849496434,Shallow GBDT depth=1,2014
2014-01-31,2014-02-28,6E,G10 FX,1.0,1.3242649706467726,0.01922721972453025,0.49696974616620737,Shallow GBDT depth=1,2014
2014-01-31,2014-02-28,6J,G10 FX,1.0,0.19025468651491736,-1.0391204037237833,0.48583821849496434,Shallow GBDT depth=1,2014
2014-01-31,2014-02-28,6S,G10 FX,1.0,1.3850327952478023,0.09504025679512706,0.49696974616620737,Shallow GBDT depth=1,2014
2014-01-31,2014-02-28,CL,Commodities,1.0,1.1424446175484722,-0.09355056712853245,0.497450575778732,Shallow GBDT depth=1,2014
2014-01-31,2014-02-28,ES,Equity indices,1.0,1.4960786435081528,1.5129154283621145,0.554687282553806,Shallow GBDT depth=1,2014
2014-01-31,2014-02-28,GC,Commodities,1.0,1.161991787920969,-1.6730899681744555,0.4796992056265152,Shallow GBDT depth=1,2014
2014-01-31,2014-02-28,HG,Commodities,1.0,0.1963185173073357,-1.2685870655754063,0.4745575996503493,Shallow GBDT depth=1,2014
2014-01-31,2014-02-28,NG,Commodities,1.0,0.11108017569270691,0.5672535541429314,0.497450575778732,Shallow GBDT depth=1,2014
2014-01-31,2014-02-28,NKD,Equity indices,1.0,0.2831783578259279,0.8188510403526279,0.554687282553806,Shallow GBDT depth=1,2014
2014-01-31,2014-02-28,NQ,Equity indices,1.0,1.561539996968605,1.9088106899535089,0.5612253760907543,Shallow GBDT depth=1,2014
2014-01-31,2014-02-28,RTY,Equity indices,1.0,1.1879557024108116,1.4337937746141576,0.5612253760907543,Shallow GBDT depth=1,2014
2014-01-31,2014-02-28,SI,Commodities,1.0,1.1499042043046965,-1.9050001770724656,0.4796992056265152,Shallow GBDT depth=1,2014
2014-01-31,2014-02-28,ZB,Government bonds,1.0,0.3462693606235315,-0.36235265927970933,0.5280330030569177,Shallow GBDT depth=1,2014
2014-01-31,2014-02-28,ZC,Commodities,1.0,0.8129497599391028,-1.2397140581027313,0.4745575996503493,Shallow GBDT depth=1,2014
2014-01-31,2014-02-28,ZF,Government bonds,1.0,0.29019429088214127,-0.09509157734636105,0.5214220745255052,Shallow GBDT depth=1,2014
2014-01-31,2014-02-28,ZN,Government bonds,1.0,0.2002932791049108,-0.14717739095575486,0.5214220745255052,Shallow GBDT depth=1,2014
2014-01-31,2014-02-28,ZS,Commodities,1.0,2.035958279417955,1.0893187380520617,0.497450575778732,Shallow GBDT depth=1,2014
2014-01-31,2014-02-28,ZT,Government bonds,1.0,0.3537100568469348,0.6126437896069669,0.5214220745255052,Shallow GBDT depth=1,2014
2014-01-31,2014-02-28,ZW,Commodities,1.0,1.3031409643632526,-2.18805985713675,0.4796992056265152,Shallow GBDT depth=1,2014
2014-02-28,2014-03-31,6A,G10 FX,1.0,1.4703660136836958,-1.3441173385286331,0.5336806395137346,Shallow GBDT depth=1,2014
2014-02-28,2014-03-31,6B,G10 FX,0.0,-0.2912640964639259,1.852743003682975,0.5564055457060569,Shallow GBDT depth=1,2014
2014-02-28,2014-03-31,6C,G10 FX,1.0,0.13740332755255277,-1.0571564546948002,0.5388059539004285,Shallow GBDT depth=1,2014
2014-02-28,2014-03-31,6E,G10 FX,0.0,-0.19493693050703764,1.012922003729106,0.5564055457060569,Shallow GBDT depth=1,2014
2014-02-28,2014-03-31,6J,G10 FX,0.0,-0.5530028132527083,-0.709632411548499,0.5388059539004285,Shallow GBDT depth=1,2014
2014-02-28,2014-03-31,6S,G10 FX,0.0,-0.3182094792279798,0.9817448178735936,0.5564055457060569,Shallow GBDT depth=1,2014
2014-02-28,2014-03-31,CL,Commodities,1.0,0.04141576330598246,0.5612887017714611,0.49967485459211797,Shallow GBDT depth=1,2014
2014-02-28,2014-03-31,ES,Equity indices,1.0,0.25415939344708927,1.6495486936876609,0.5634151180964493,Shallow GBDT depth=1,2014
2014-02-28,2014-03-31,GC,Commodities,0.0,-0.5955578091644299,-1.2097434968384957,0.4885415817258165,Shallow GBDT depth=1,2014
2014-02-28,2014-03-31,HG,Commodities,0.0,-1.3566170132652582,-0.7651125682173108,0.4858558107960032,Shallow GBDT depth=1,2014
2014-02-28,2014-03-31,NG,Commodities,0.0,-0.2544408850846084,0.32083036172708534,0.49967485459211797,Shallow GBDT depth=1,2014
2014-02-28,2014-03-31,NKD,Equity indices,0.0,-0.07539159776101445,0.6630667727571553,0.5568838912781333,Shallow GBDT depth=1,2014
2014-02-28,2014-03-31,NQ,Equity indices,0.0,-0.8374749576829008,2.191305817128915,0.5634151180964493,Shallow GBDT depth=1,2014
2014-02-28,2014-03-31,RTY,Equity indices,0.0,-0.1486716524046844,1.548719803026657,0.5634151180964493,Shallow GBDT depth=1,2014
2014-02-28,2014-03-31,SI,Commodities,0.0,-0.8534093861236588,-1.310049156171044,0.4885415817258165,Shallow GBDT depth=1,2014
2014-02-28,2014-03-31,ZB,Government bonds,1.0,0.056565568507679916,-0.32004983280677746,0.5302497445451555,Shallow GBDT depth=1,2014
2014-02-28,2014-03-31,ZC,Commodities,1.0,1.4950935619886832,-1.429312538778246,0.48339325280703793,Shallow GBDT depth=1,2014
2014-02-28,2014-03-31,ZF,Government bonds,0.0,-0.960692952537087,-0.0645497566740588,0.5184986173170258,Shallow GBDT depth=1,2014
2014-02-28,2014-03-31,ZN,Government bonds,0.0,-0.6355439551350591,-0.17512638511728137,0.5251131499659353,Shallow GBDT depth=1,2014
2014-02-28,2014-03-31,ZS,Commodities,1.0,0.7808727185979671,1.5441169794273961,0.49967485459211797,Shallow GBDT depth=1,2014
2014-02-28,2014-03-31,ZT,Government bonds,0.0,-0.9572159414184088,0.7460671475761201,0.5184986173170258,Shallow GBDT depth=1,2014
2014-02-28,2014-03-31,ZW,Commodities,1.0,2.697392056069102,-1.2868546561052012,0.48192022626247116,Shallow GBDT depth=1,2014
2014-03-31,2014-04-30,6A,G10 FX,1.0,0.17933974068836087,-1.2893425303656327,0.5040724040731986,Shallow GBDT depth=1,2014
2014-03-31,2014-04-30,6B,G10 FX,1.0,0.8279875885126255,1.4373908100876498,0.5046407094096014,Shallow GBDT depth=1,2014
2014-03-31,2014-04-30,6C,G10 FX,1.0,0.5042760829053016,-1.2381795319321784,0.4935059285078493,Shallow GBDT depth=1,2014
2014-03-31,2014-04-30,6E,G10 FX,1.0,0.40938687346252234,0.7989447625832761,0.5046407094096014,Shallow GBDT depth=1,2014
2014-03-31,2014-04-30,6J,G10 FX,1.0,0.437117782586982,-0.41408292947635217,0.5021759350938765,Shallow GBDT depth=1,2014
2014-03-31,2014-04-30,6S,G10 FX,1.0,0.2168035328229513,0.6491741645231278,0.5046407094096014,Shallow GBDT depth=1,2014
2014-03-31,2014-04-30,CL,Commodities,0.0,-0.23685825105050984,0.5176970910857956,0.5051215081672429,Shallow GBDT depth=1,2014
2014-03-31,2014-04-30,ES,Equity indices,1.0,0.23675529606521234,1.5327081367727071,0.5431166801622337,Shallow GBDT depth=1,2014
2014-03-31,2014-04-30,GC,Commodities,1.0,0.19308374948808366,-1.3050174082114414,0.4939866978697703,Shallow GBDT depth=1,2014
2014-03-31,2014-04-30,HG,Commodities,1.0,0.009869580924709097,-0.7350684712732112,0.48736186546716764,Shallow GBDT depth=1,2014
2014-03-31,2014-04-30,NG,Commodities,1.0,0.5402131093610677,0.12317220203857643,0.5051215081672429,Shallow GBDT depth=1,2014
2014-03-31,2014-04-30,NKD,Equity indices,0.0,-0.5454276673742426,0.28198115311205346,0.5431166801622337,Shallow GBDT depth=1,2014
2014-03-31,2014-04-30,NQ,Equity indices,0.0,-0.10235228483416477,1.7233599090112857,0.5431166801622337,Shallow GBDT depth=1,2014
2014-03-31,2014-04-30,RTY,Equity indices,0.0,-0.9245367662388775,1.3725811307924314,0.5431166801622337,Shallow GBDT depth=1,2014
2014-03-31,2014-04-30,SI,Commodities,0.0,-0.39217395734809063,-1.4684964114409962,0.482214247387472,Shallow GBDT depth=1,2014
2014-03-31,2014-04-30,ZB,Government bonds,1.0,0.6207509256796628,-0.7884595708898978,0.49498251972786267,Shallow GBDT depth=1,2014
2014-03-31,2014-04-30,ZC,Commodities,1.0,0.4109418960536976,-0.31634321907719665,0.49996925437694717,Shallow GBDT depth=1,2014
2014-03-31,2014-04-30,ZF,Government bonds,1.0,0.502535365700553,-0.5802778573290427,0.49498251972786267,Shallow GBDT depth=1,2014
2014-03-31,2014-04-30,ZN,Government bonds,1.0,0.5653254509737009,-0.7246982198342894,0.49498251972786267,Shallow GBDT depth=1,2014
2014-03-31,2014-04-30,ZS,Commodities,1.0,0.8166870011421752,1.8584466326980413,0.5051215081672429,Shallow GBDT depth=1,2014
2014-03-31,2014-04-30,ZT,Government bonds,1.0,0.8374213573986224,0.29009126767154186,0.49039944703871124,Shallow GBDT depth=1,2014
2014-03-31,2014-04-30,ZW,Commodities,1.0,0.3308286025017219,-0.3016650203118204,0.49996925437694717,Shallow GBDT depth=1,2014
2014-04-30,2014-05-30,6A,G10 FX,1.0,0.1287362369739035,-0.577352981536317,0.5425525029073487,Shallow GBDT depth=1,2014
2014-04-30,2014-05-30,6B,G10 FX,0.0,-0.48941993804078887,1.9399749650442317,0.5496867395458556,Shallow GBDT depth=1,2014
2014-04-30,2014-05-30,6C,G10 FX,1.0,0.5740880578315013,-1.2028423598984308,0.5386387982644003,Shallow GBDT depth=1,2014
2014-04-30,2014-05-30,6E,G10 FX,0.0,-1.1110716516902204,1.2095656574177123,0.5496867395458556,Shallow GBDT depth=1,2014
2014-04-30,2014-05-30,6J,G10 FX,1.0,0.17788700655527,-0.04476802279590772,0.5289470663713949,Shallow GBDT depth=1,2014
2014-04-30,2014-05-30,6S,G10 FX,0.0,-0.910567982001745,1.2104963313658978,0.5496867395458556,Shallow GBDT depth=1,2014
2014-04-30,2014-05-30,CL,Commodities,1.0,0.7524555688988398,0.3730843421515217,0.5051215081672429,Shallow GBDT depth=1,2014
2014-04-30,2014-05-30,ES,Equity indices,1.0,0.7403181901571064,1.3424518294996777,0.5496867395458556,Shallow GBDT depth=1,2014
2014-04-30,2014-05-30,GC,Commodities,0.0,-0.881678686965035,-0.7058250717206836,0.5030784978151635,Shallow GBDT depth=1,2014
2014-04-30,2014-05-30,HG,Commodities,1.0,0.6700317517309173,-0.6255976838365681,0.48736186546716764,Shallow GBDT depth=1,2014
2014-04-30,2014-05-30,NG,Commodities,0.0,-0.4029595596058519,0.42610588536848226,0.49849445689557365,Shallow GBDT depth=1,2014
2014-04-30,2014-05-30,NKD,Equity indices,1.0,0.429719694455819,-0.2738163378652274,0.5431166801622337,Shallow GBDT depth=1,2014
2014-04-30,2014-05-30,NQ,Equity indices,1.0,1.0685134630556303,1.1739284612896235,0.5431166801622337,Shallow GBDT depth=1,2014
2014-04-30,2014-05-30,RTY,Equity indices,1.0,0.1785127594713084,0.8985926479980542,0.5431166801622337,Shallow GBDT depth=1,2014
2014-04-30,2014-05-30,SI,Commodities,0.0,-0.34195405546374674,-0.9488145739673216,0.482214247387472,Shallow GBDT depth=1,2014
2014-04-30,2014-05-30,ZB,Government bonds,1.0,1.2670299107636873,-0.47374632460427735,0.5143324554441481,Shallow GBDT depth=1,2014
2014-04-30,2014-05-30,ZC,Commodities,0.0,-2.0188048439840647,-0.5171135476568858,0.5030784978151635,Shallow GBDT depth=1,2014
2014-04-30,2014-05-30,ZF,Government bonds,1.0,1.0955508023876344,-0.3495487002040425,0.5097510620611702,Shallow GBDT depth=1,2014
2014-04-30,2014-05-30,ZN,Government bonds,1.0,1.2171173937110873,-0.48603627963534307,0.5077085371579241,Shallow GBDT depth=1,2014
2014-04-30,2014-05-30,ZS,Commodities,0.0,-0.28588542192185123,1.7468429344670213,0.5051215081672429,Shallow GBDT depth=1,2014
2014-04-30,2014-05-30,ZT,Government bonds,1.0,1.0083249899679518,0.5568377960198019,0.5097510620611702,Shallow GBDT depth=1,2014
2014-04-30,2014-05-30,ZW,Commodities,0.0,-1.9380026767015766,-0.23298182975088547,0.5051215081672429,Shallow GBDT depth=1,2014
2014-05-30,2014-06-30,6A,G10 FX,1.0,0.7003527390256584,0.054875914326278585,0.5112661704056961,Shallow GBDT depth=1,2014
2014-05-30,2014-06-30,6B,G10 FX,1.0,1.4584559617388912,1.3689233162934393,0.5046407094096014,Shallow GBDT depth=1,2014
2014-05-30,2014-06-30,6C,G10 FX,1.0,1.0499283495228426,-0.9225247319233344,0.5092238804747776,Shallow GBDT depth=1,2014
2014-05-30,2014-06-30,6E,G10 FX,1.0,0.3031460835441089,0.4331781455214973,0.5046407094096014,Shallow GBDT depth=1,2014
2014-05-30,2014-06-30,6J,G10 FX,1.0,0.21351326154848746,-0.9576125019814149,0.4883552364551865,Shallow GBDT depth=1,2014
2014-05-30,2014-06-30,6S,G10 FX,1.0,0.5431251962666281,0.43750966253611956,0.5046407094096014,Shallow GBDT depth=1,2014
2014-05-30,2014-06-30,CL,Commodities,1.0,0.7058618769253252,0.5992292975662149,0.49849445689557365,Shallow GBDT depth=1,2014
2014-05-30,2014-06-30,ES,Equity indices,1.0,0.7187933664923564,1.795653794579189,0.5496867395458556,Shallow GBDT depth=1,2014
2014-05-30,2014-06-30,GC,Commodities,1.0,1.401404055249675,-0.790470393213567,0.48736186546716764,Shallow GBDT depth=1,2014
2014-05-30,2014-06-30,HG,Commodities,1.0,0.4520104533045586,-0.17219633385081015,0.49849445689557365,Shallow GBDT depth=1,2014
2014-05-30,2014-06-30,NG,Commodities,0.0,-0.1585489772119185,0.44400791385222615,0.49849445689557365,Shallow GBDT depth=1,2014
2014-05-30,2014-06-30,NKD,Equity indices,1.0,0.5100006653873308,0.47890271879229096,0.5431166801622337,Shallow GBDT depth=1,2014
2014-05-30,2014-06-30,NQ,Equity indices,1.0,0.8056693343635998,1.726099066863413,0.5431166801622337,Shallow GBDT depth=1,2014
2014-05-30,2014-06-30,RTY,Equity indices,1.0,1.1752687262014316,0.9718189162159572,0.5431166801622337,Shallow GBDT depth=1,2014
2014-05-30,2014-06-30,SI,Commodities,1.0,1.7635562767575748,-0.7296952879153398,0.48736186546716764,Shallow GBDT depth=1,2014
2014-05-30,2014-06-30,ZB,Government bonds,0.0,-0.11098004215440073,0.4449608139758283,0.5547424072516038,Shallow GBDT depth=1,2014
2014-05-30,2014-06-30,ZC,Commodities,0.0,-1.71290321385491,-1.023691852455431,0.48736186546716764,Shallow GBDT depth=1,2014
2014-05-30,2014-06-30,ZF,Government bonds,0.0,-0.3448941978385484,0.4585117942582491,0.5547424072516038,Shallow GBDT depth=1,2014
2014-05-30,2014-06-30,ZN,Government bonds,0.0,-0.2418607920503698,0.33005438439219315,0.5547424072516038,Shallow GBDT depth=1,2014
2014-05-30,2014-06-30,ZS,Commodities,0.0,-1.4786089848951518,1.0592979978995847,0.5051215081672429,Shallow GBDT depth=1,2014
2014-05-30,2014-06-30,ZT,Government bonds,0.0,-0.5377131946643551,1.1853157019818217,0.5547424072516038,Shallow GBDT depth=1,2014
2014-05-30,2014-06-30,ZW,Commodities,0.0,-1.2688678165250717,-0.671270733715697,0.482214247387472,Shallow GBDT depth=1,2014
2014-06-30,2014-07-31,6A,G10 FX,0.0,-0.6042554886037292,0.7323065502530516,0.5496867395458556,Shallow GBDT depth=1,2014
2014-06-30,2014-07-31,6B,G10 FX,0.0,-0.9486642824127512,2.4434438927337343,0.5445801388008983,Shallow GBDT depth=1,2014
2014-06-30,2014-07-31,6C,G10 FX,0.0,-1.3791180113586408,-0.3674926869702345,0.5496867395458556,Shallow GBDT depth=1,2014
2014-06-30,2014-07-31,6E,G10 FX,0.0,-1.6447234772428507,0.918549465781969,0.5431166801622337,Shallow GBDT depth=1,2014
2014-06-30,2014-07-31,6J,G10 FX,0.0,-0.9028107389963879,-0.3942697867695396,0.5445801388008983,Shallow GBDT depth=1,2014
2014-06-30,2014-07-31,6S,G10 FX,0.0,-1.533059349131835,1.0763596914343967,0.5431166801622337,Shallow GBDT depth=1,2014
2014-06-30,2014-07-31,CL,Commodities,0.0,-1.366635177640107,0.23007282712482105,0.5051215081672429,Shallow GBDT depth=1,2014
2014-06-30,2014-07-31,ES,Equity indices,0.0,-0.5739427822648315,1.8553511831584402,0.5496867395458556,Shallow GBDT depth=1,2014
2014-06-30,2014-07-31,GC,Commodities,0.0,-0.7900550082680414,0.21921217814620508,0.49996925437694717,Shallow GBDT depth=1,2014
2014-06-30,2014-07-31,HG,Commodities,1.0,0.21329817349179503,0.07948628008821096,0.5051215081672429,Shallow GBDT depth=1,2014
2014-06-30,2014-07-31,NG,Commodities,0.0,-1.1544854666688833,0.5385621569752754,0.4933424129203415,Shallow GBDT depth=1,2014
2014-06-30,2014-07-31,NKD,Equity indices,1.0,0.4105717708191263,0.1425966142587067,0.5431166801622337,Shallow GBDT depth=1,2014
2014-06-30,2014-07-31,NQ,Equity indices,1.0,0.36249697026544636,1.9214268387862499,0.5496867395458556,Shallow GBDT depth=1,2014
2014-06-30,2014-07-31,RTY,Equity indices,0.0,-1.4977747789596954,1.042153499867389,0.5431166801622337,Shallow GBDT depth=1,2014
2014-06-30,2014-07-31,SI,Commodities,0.0,-0.5141256929186994,0.19727251534670112,0.49996925437694717,Shallow GBDT depth=1,2014
2014-06-30,2014-07-31,ZB,Government bonds,1.0,0.08717655343006876,0.9383212228540793,0.5547424072516038,Shallow GBDT depth=1,2014
2014-06-30,2014-07-31,ZC,Commodities,0.0,-2.113762777749979,-1.4525998525047235,0.48736186546716764,Shallow GBDT depth=1,2014
2014-06-30,2014-07-31,ZF,Government bonds,0.0,-0.7580956455939676,0.6784144238354984,0.5547424072516038,Shallow GBDT depth=1,2014
2014-06-30,2014-07-31,ZN,Government bonds,0.0,-0.4095091812226108,0.7552632539352007,0.5547424072516038,Shallow GBDT depth=1,2014
2014-06-30,2014-07-31,ZS,Commodities,0.0,-1.465279641562029,0.4352915144599566,0.49849445689557365,Shallow GBDT depth=1,2014
2014-06-30,2014-07-31,ZT,Government bonds,0.0,-0.529119862367277,0.9720250560013972,0.5547424072516038,Shallow GBDT depth=1,2014
2014-06-30,2014-07-31,ZW,Commodities,0.0,-1.1015462846779773,-1.041456109063193,0.48736186546716764,Shallow GBDT depth=1,2014
2014-07-31,2014-08-29,6A,G10 FX,1.0,0.33999798439340584,0.6641413224355507,0.5431166801622337,Shallow GBDT depth=1,2014
2014-07-31,2014-08-29,6B,G10 FX,0.0,-1.5317525552723417,2.073327614166426,0.5379981944994684,Shallow GBDT depth=1,2014
2014-07-31,2014-08-29,6C,G10 FX,1.0,0.2208275661810379,-0.8492802423189267,0.5410880192870404,Shallow GBDT depth=1,2014
2014-07-31,2014-08-29,6E,G10 FX,0.0,-1.5338742542534687,0.215365445913492,0.5431166801622337,Shallow GBDT depth=1,2014
2014-07-31,2014-08-29,6J,G10 FX,0.0,-0.7494281363622116,-0.874532075421033,0.5320447720732968,Shallow GBDT depth=1,2014
2014-07-31,2014-08-29,6S,G10 FX,0.0,-0.7208488931296303,0.44968850481282274,0.5431166801622337,Shallow GBDT depth=1,2014
2014-07-31,2014-08-29,CL,Commodities,0.0,-0.13895630068627474,-0.29778973247275303,0.49849445689557365,Shallow GBDT depth=1,2014
2014-07-31,2014-08-29,ES,Equity indices,1.0,1.4731238134583287,1.4530673344170275,0.5496867395458556,Shallow GBDT depth=1,2014
2014-07-31,2014-08-29,GC,Commodities,1.0,0.09038264132933506,-0.23482099035701798,0.4933424129203415,Shallow GBDT depth=1,2014
2014-07-31,2014-08-29,HG,Commodities,0.0,-0.7652243380559302,-0.1788248123485653,0.49996925437694717,Shallow GBDT depth=1,2014
2014-07-31,2014-08-29,NG,Commodities,1.0,0.37939957818021447,0.4292603790971368,0.48425509799119726,Shallow GBDT depth=1,2014
2014-07-31,2014-08-29,NKD,Equity indices,0.0,-0.08309547543830671,0.5317250791662717,0.5496867395458556,Shallow GBDT depth=1,2014
2014-07-31,2014-08-29,NQ,Equity indices,1.0,1.5400710683793248,1.7462029289252023,0.5496867395458556,Shallow GBDT depth=1,2014
2014-07-31,2014-08-29,RTY,Equity indices,1.0,1.1433566191838511,0.48839362814390125,0.5431166801622337,Shallow GBDT depth=1,2014
2014-07-31,2014-08-29,SI,Commodities,0.0,-0.8306472370272735,-0.2831657924279877,0.4908781378077279,Shallow GBDT depth=1,2014
2014-07-31,2014-08-29,ZB,Government bonds,1.0,1.5758660922841738,1.0993739443760444,0.5547424072516038,Shallow GBDT depth=1,2014
2014-07-31,2014-08-29,ZC,Commodities,1.0,0.009354139091299498,-1.1152269401753867,0.48736186546716764,Shallow GBDT depth=1,2014
2014-07-31,2014-08-29,ZF,Government bonds,1.0,1.1209568583288387,0.508095886228406,0.548185481270746,Shallow GBDT depth=1,2014
2014-07-31,2014-08-29,ZN,Government bonds,1.0,1.2863253312364382,0.7794587584115611,0.5547424072516038,Shallow GBDT depth=1,2014
2014-07-31,2014-08-29,ZS,Commodities,0.0,-0.41889825560288413,0.46189580170529365,0.48940391024591046,Shallow GBDT depth=1,2014
2014-07-31,2014-08-29,ZT,Government bonds,1.0,1.0376550584458313,0.6943959110083475,0.548185481270746,Shallow GBDT depth=1,2014
2014-07-31,2014-08-29,ZW,Commodities,1.0,0.41645314263225564,-0.9834636647786072,0.48736186546716764,Shallow GBDT depth=1,2014
2014-08-29,2014-09-30,6A,G10 FX,0.0,-3.5118087407681626,0.39018635771500043,0.5112661704056961,Shallow GBDT depth=1,2014
2014-08-29,2014-09-30,6B,G10 FX,0.0,-1.7594826293785206,1.1038013754628413,0.5046407094096014,Shallow GBDT depth=1,2014
2014-08-29,2014-09-30,6C,G10 FX,0.0,-1.8757360922194772,-0.8344424117531248,0.5025976687248648,Shallow GBDT depth=1,2014
2014-08-29,2014-09-30,6E,G10 FX,0.0,-3.155115092339166,-0.32209153106043564,0.4955488314753523,Shallow GBDT depth=1,2014
2014-08-29,2014-09-30,6J,G10 FX,0.0,-3.34512388060155,-0.8204134311870507,0.4935059285078493,Shallow GBDT depth=1,2014
2014-08-29,2014-09-30,6S,G10 FX,0.0,-2.7104977110788724,0.19561332289115538,0.4955488314753523,Shallow GBDT depth=1,2014
2014-08-29,2014-09-30,CL,Commodities,0.0,-0.951658927705377,-0.4039203955741609,0.479152514242619,Shallow GBDT depth=1,2014
2014-08-29,2014-09-30,ES,Equity indices,0.0,-0.577415474701409,2.012026621164812,0.5496867395458556,Shallow GBDT depth=1,2014
2014-08-29,2014-09-30,GC,Commodities,0.0,-1.603999962391007,-0.48930205663808984,0.47858518088705204,Shallow GBDT depth=1,2014
2014-08-29,2014-09-30,HG,Commodities,0.0,-1.1775602885580798,-0.2099582314898001,0.47401142957969195,Shallow GBDT depth=1,2014
2014-08-29,2014-09-30,NG,Commodities,1.0,0.02920375351209104,0.43578670028630284,0.479152514242619,Shallow GBDT depth=1,2014
2014-08-29,2014-09-30,NKD,Equity indices,1.0,1.2269270858955725,0.3519834451268829,0.5431166801622337,Shallow GBDT depth=1,2014
2014-08-29,2014-09-30,NQ,Equity indices,0.0,-0.2613098147237401,2.3397002514582317,0.5496867395458556,Shallow GBDT depth=1,2014
2014-08-29,2014-09-30,RTY,Equity indices,0.0,-1.5775213091089242,0.8646667903162114,0.5496867395458556,Shallow GBDT depth=1,2014
2014-08-29,2014-09-30,SI,Commodities,0.0,-2.2594769200660063,-1.0578046082344972,0.46292090497757205,Shallow GBDT depth=1,2014
2014-08-29,2014-09-30,ZB,Government bonds,0.0,-0.8844449035063088,1.8565211577820342,0.5547424072516038,Shallow GBDT depth=1,2014
2014-08-29,2014-09-30,ZC,Commodities,0.0,-1.7541224842596324,-1.5651484094673502,0.46804873954685294,Shallow GBDT depth=1,2014
2014-08-29,2014-09-30,ZF,Government bonds,0.0,-0.7580996059088,1.200687423559878,0.5547424072516038,Shallow GBDT depth=1,2014
2014-08-29,2014-09-30,ZN,Government bonds,0.0,-0.9041769734608512,1.5017209862296377,0.5547424072516038,Shallow GBDT depth=1,2014
2014-08-29,2014-09-30,ZS,Commodities,0.0,-1.3979164950941467,-0.27630021315670716,0.47008406699909416,Shallow GBDT depth=1,2014
2014-08-29,2014-09-30,ZT,Government bonds,0.0,-0.6070533421631269,1.3075968664278699,0.548185481270746,Shallow GBDT depth=1,2014
2014-08-29,2014-09-30,ZW,Commodities,0.0,-2.025887925359965,-0.9275334327196735,0.46804873954685294,Shallow GBDT depth=1,2014
2014-09-30,2014-10-31,6A,G10 FX,1.0,0.3810643909958496,-0.7715545312751227,0.4610248929353429,Shallow GBDT depth=1,2014
2014-09-30,2014-10-31,6B,G10 FX,0.0,-0.8429311712323092,0.33546916739776705,0.4630562645899608,Shallow GBDT depth=1,2014
2014-09-30,2014-10-31,6C,G10 FX,0.0,-0.31106359078673046,-1.2459239946384277,0.4610248929353429,Shallow GBDT depth=1,2014
2014-09-30,2014-10-31,6E,G10 FX,0.0,-0.5498198104209264,-1.4088228080702647,0.4610248929353429,Shallow GBDT depth=1,2014
2014-09-30,2014-10-31,6J,G10 FX,0.0,-1.3851574520602985,-1.9936441660438813,0.4610248929353429,Shallow GBDT depth=1,2014
2014-09-30,2014-10-31,6S,G10 FX,0.0,-0.4938505980165803,-0.8783154010202444,0.4610248929353429,Shallow GBDT depth=1,2014
2014-09-30,2014-10-31,CL,Commodities,0.0,-1.9326210013980807,-0.282358569212401,0.46598716313999483,Shallow GBDT depth=1,2014
2014-09-30,2014-10-31,ES,Equity indices,1.0,0.9098702548513984,1.688712686569789,0.5299821522464654,Shallow GBDT depth=1,2014
2014-09-30,2014-10-31,GC,Commodities,0.0,-0.9298513131127858,-0.40465061659624,0.4569492840825751,Shallow GBDT depth=1,2014
2014-09-30,2014-10-31,HG,Commodities,1.0,0.29021274248150175,-0.5503844062776115,0.4498163755371175,Shallow GBDT depth=1,2014
2014-09-30,2014-10-31,NG,Commodities,0.0,-0.7896574849520086,0.36541794035751074,0.46598716313999483,Shallow GBDT depth=1,2014
2014-09-30,2014-10-31,NKD,Equity indices,1.0,1.312578480044757,0.6838294358870912,0.5365799272855267,Shallow GBDT depth=1,2014
2014-09-30,2014-10-31,NQ,Equity indices,1.0,0.8575541181469438,1.9816068745150817,0.5365799272855267,Shallow GBDT depth=1,2014
2014-09-30,2014-10-31,RTY,Equity indices,1.0,1.6269392560848934,0.20705304578326397,0.520913827535841,Shallow GBDT depth=1,2014
2014-09-30,2014-10-31,SI,Commodities,0.0,-0.8998013473802225,-1.2211813667815625,0.4549220048678182,Shallow GBDT depth=1,2014
2014-09-30,2014-10-31,ZB,Government bonds,1.0,1.2257685327360706,1.14133614548845,0.5416600483705795,Shallow GBDT depth=1,2014
2014-09-30,2014-10-31,ZC,Commodities,1.0,2.3498257420205433,-1.7049255165368422,0.4549220048678182,Shallow GBDT depth=1,2014
2014-09-30,2014-10-31,ZF,Government bonds,1.0,1.5462562059955611,0.3005538692919779,0.5350719313885298,Shallow GBDT depth=1,2014
2014-09-30,2014-10-31,ZN,Government bonds,1.0,1.3576375969330345,0.6163773215675692,0.5416600483705795,Shallow GBDT depth=1,2014
2014-09-30,2014-10-31,ZS,Commodities,1.0,1.8306749204974886,-0.3867349917744311,0.4569492840825751,Shallow GBDT depth=1,2014
2014-09-30,2014-10-31,ZT,Government bonds,1.0,2.0971729906783607,0.4606423451518706,0.5416600483705795,Shallow GBDT depth=1,2014
2014-09-30,2014-10-31,ZW,Commodities,1.0,1.3969189359921228,-1.9591969434929917,0.4549220048678182,Shallow GBDT depth=1,2014
2014-10-31,2014-11-28,6A,G10 FX,0.0,-1.3353898029443951,-0.43385837079690776,0.47621265303506854,Shallow GBDT depth=1,2014
2014-10-31,2014-11-28,6B,G10 FX,0.0,-1.335319249471744,0.011522304632475113,0.47621265303506854,Shallow GBDT depth=1,2014
2014-10-31,2014-11-28,6C,G10 FX,0.0,-0.7450995446764714,-1.0880055732252536,0.47417453438942464,Shallow GBDT depth=1,2014
2014-10-31,2014-11-28,6E,G10 FX,0.0,-0.3933909108637993,-1.1392460661264836,0.47417453438942464,Shallow GBDT depth=1,2014
2014-10-31,2014-11-28,6J,G10 FX,0.0,-2.1093376123076837,-1.4807664806330427,0.47417453438942464,Shallow GBDT depth=1,2014
2014-10-31,2014-11-28,6S,G10 FX,0.0,-0.20260916856713185,-0.8007317066333253,0.47417453438942464,Shallow GBDT depth=1,2014
2014-10-31,2014-11-28,CL,Commodities,0.0,-2.743599826468519,-0.3425951093238887,0.47008406699909416,Shallow GBDT depth=1,2014
2014-10-31,2014-11-28,ES,Equity indices,1.0,0.7635286152857864,1.0547556558094842,0.5496867395458556,Shallow GBDT depth=1,2014
2014-10-31,2014-11-28,GC,Commodities,1.0,0.0636703935952573,-0.6157319912673229,0.46804873954685294,Shallow GBDT depth=1,2014
2014-10-31,2014-11-28,HG,Commodities,0.0,-1.4326546586806552,-0.23139079136551355,0.47008406699909416,Shallow GBDT depth=1,2014
2014-10-31,2014-11-28,NG,Commodities,1.0,0.16035375374065114,0.3740542074738233,0.47008406699909416,Shallow GBDT depth=1,2014
2014-10-31,2014-11-28,NKD,Equity indices,1.0,0.38087791383121156,0.6115967806567545,0.5445801388008983,Shallow GBDT depth=1,2014
2014-10-31,2014-11-28,NQ,Equity indices,1.0,1.084624857233403,1.293691631537697,0.5496867395458556,Shallow GBDT depth=1,2014
2014-10-31,2014-11-28,RTY,Equity indices,1.0,0.010956233492569255,0.4238141518679328,0.5496867395458556,Shallow GBDT depth=1,2014
2014-10-31,2014-11-28,SI,Commodities,0.0,-0.5560281967075977,-1.2157163229913928,0.46804873954685294,Shallow GBDT depth=1,2014
2014-10-31,2014-11-28,ZB,Government bonds,1.0,1.0701480003480712,1.4925960966201457,0.5547424072516038,Shallow GBDT depth=1,2014
2014-10-31,2014-11-28,ZC,Commodities,0.0,-0.0464994639185666,-0.8725105353431257,0.46804873954685294,Shallow GBDT depth=1,2014
2014-10-31,2014-11-28,ZF,Government bonds,1.0,0.8315759281318588,0.47060493666806896,0.5496461668362441,Shallow GBDT depth=1,2014
2014-10-31,2014-11-28,ZN,Government bonds,1.0,0.8706513964967866,0.7988875502546279,0.5496461668362441,Shallow GBDT depth=1,2014
2014-10-31,2014-11-28,ZS,Commodities,0.0,-0.4346918072005777,-0.09151892817470868,0.479152514242619,Shallow GBDT depth=1,2014
2014-10-31,2014-11-28,ZT,Government bonds,1.0,0.7892370962138756,0.6933891761146858,0.5547424072516038,Shallow GBDT depth=1,2014
2014-10-31,2014-11-28,ZW,Commodities,1.0,1.2188927305386554,-1.279152083776434,0.46804873954685294,Shallow GBDT depth=1,2014
2014-11-28,2014-12-31,6A,G10 FX,0.0,-1.4062576328102676,-0.4236566661304482,0.47621265303506854,Shallow GBDT depth=1,2014
2014-11-28,2014-12-31,6B,G10 FX,0.0,-0.13020545624334814,-0.7314242128740428,0.47417453438942464,Shallow GBDT depth=1,2014
2014-11-28,2014-12-31,6C,G10 FX,0.0,-0.659112148371435,-0.9406913605849306,0.47417453438942464,Shallow GBDT depth=1,2014
2014-11-28,2014-12-31,6E,G10 FX,0.0,-1.3114550116009387,-1.5346191178837583,0.47417453438942464,Shallow GBDT depth=1,2014
2014-11-28,2014-12-31,6J,G10 FX,0.0,-0.385650902197281,-1.78124521757456,0.47417453438942464,Shallow GBDT depth=1,2014
2014-11-28,2014-12-31,6S,G10 FX,0.0,-1.315731814291745,-1.2757685452000667,0.47417453438942464,Shallow GBDT depth=1,2014
2014-11-28,2014-12-31,CL,Commodities,0.0,-1.9365492849097372,-1.0009810003669994,0.46804873954685294,Shallow GBDT depth=1,2014
2014-11-28,2014-12-31,ES,Equity indices,0.0,-0.12496697764974446,1.4651047612264585,0.5496867395458556,Shallow GBDT depth=1,2014
2014-11-28,2014-12-31,GC,Commodities,1.0,0.17575059151514472,-0.5085281362740572,0.46804873954685294,Shallow GBDT depth=1,2014
2014-11-28,2014-12-31,HG,Commodities,0.0,-0.138699358834696,-0.8857420454730893,0.46804873954685294,Shallow GBDT depth=1,2014
2014-11-28,2014-12-31,NG,Commodities,0.0,-2.4835261177793866,-0.09071387479963589,0.47008406699909416,Shallow GBDT depth=1,2014
2014-11-28,2014-12-31,NKD,Equity indices,0.0,-0.1867091395519609,0.5943378563248529,0.5445801388008983,Shallow GBDT depth=1,2014
2014-11-28,2014-12-31,NQ,Equity indices,0.0,-0.6863736328569977,1.7133759010469125,0.5496867395458556,Shallow GBDT depth=1,2014
2014-11-28,2014-12-31,RTY,Equity indices,1.0,0.6619884285560115,0.5088383344852088,0.5431166801622337,Shallow GBDT depth=1,2014
2014-11-28,2014-12-31,SI,Commodities,1.0,0.03441845952548959,-1.173343161589424,0.46804873954685294,Shallow GBDT depth=1,2014
2014-11-28,2014-12-31,ZB,Government bonds,1.0,0.747974809322657,2.037325989056892,0.5496461668362441,Shallow GBDT depth=1,2014
2014-11-28,2014-12-31,ZC,Commodities,1.0,0.3129170105998289,-0.9060509154631182,0.46804873954685294,Shallow GBDT depth=1,2014
2014-11-28,2014-12-31,ZF,Government bonds,0.0,-0.6467868471274515,0.8609464584633195,0.5496461668362441,Shallow GBDT depth=1,2014
2014-11-28,2014-12-31,ZN,Government bonds,0.0,-0.17886244817821634,1.2521036765687552,0.5496461668362441,Shallow GBDT depth=1,2014
2014-11-28,2014-12-31,ZS,Commodities,1.0,0.015973987072995147,-0.3191014664872371,0.46495342398333145,Shallow GBDT depth=1,2014
2014-11-28,2014-12-31,ZT,Government bonds,0.0,-1.2984354501753541,0.9852479808032927,0.5547424072516038,Shallow GBDT depth=1,2014
2014-11-28,2014-12-31,ZW,Commodities,1.0,0.2959435296855551,-0.7764777588923694,0.48373025097280115,Shallow GBDT depth=1,2014
2014-12-31,,6A,G10 FX,,,-0.9340329019710604,0.48270545430009537,Shallow GBDT depth=1,2014
2014-12-31,,6B,G10 FX,,,-0.7463263535192565,0.48270545430009537,Shallow GBDT depth=1,2014
2014-12-31,,6C,G10 FX,,,-0.8393180538865616,0.48270545430009537,Shallow GBDT depth=1,2014
2014-12-31,,6E,G10 FX,,,-1.7798707331535402,0.48270545430009537,Shallow GBDT depth=1,2014
2014-12-31,,6J,G10 FX,,,-1.7316058953314168,0.48270545430009537,Shallow GBDT depth=1,2014
2014-12-31,,6S,G10 FX,,,-1.4425508059070706,0.48270545430009537,Shallow GBDT depth=1,2014
2014-12-31,,CL,Commodities,,,-1.2815199147845473,0.4765693356771382,Shallow GBDT depth=1,2014
2014-12-31,,ES,Equity indices,,,1.0702899733947562,0.5581341851302771,Shallow GBDT depth=1,2014
2014-12-31,,GC,Commodities,,,-0.36030313906019584,0.4734678250629114,Shallow GBDT depth=1,2014
2014-12-31,,HG,Commodities,,,-1.0724095677193246,0.4765693356771382,Shallow GBDT depth=1,2014
2014-12-31,,NG,Commodities,,,-0.6915502081836834,0.4765693356771382,Shallow GBDT depth=1,2014
2014-12-31,,NKD,Equity indices,,,0.47726844406810837,0.5530454877234815,Shallow GBDT depth=1,2014
2014-12-31,,NQ,Equity indices,,,1.311940731931042,0.5581341851302771,Shallow GBDT depth=1,2014
2014-12-31,,RTY,Equity indices,,,0.38872270450736934,0.5581341851302771,Shallow GBDT depth=1,2014
2014-12-31,,SI,Commodities,,,-0.9644723767095412,0.4765693356771382,Shallow GBDT depth=1,2014
2014-12-31,,ZB,Government bonds,,,1.913040165262031,0.5631703811797709,Shallow GBDT depth=1,2014
2014-12-31,,ZC,Commodities,,,-0.7957674635934764,0.48318573946282134,Shallow GBDT depth=1,2014
2014-12-31,,ZF,Government bonds,,,0.7051067085536687,0.5631703811797709,Shallow GBDT depth=1,2014
2014-12-31,,ZN,Government bonds,,,1.0893277611704637,0.5631703811797709,Shallow GBDT depth=1,2014
2014-12-31,,ZS,Commodities,,,-0.22262742931866406,0.4852268486079607,Shallow GBDT depth=1,2014
2014-12-31,,ZT,Government bonds,,,0.5790959874556884,0.5631703811797709,Shallow GBDT depth=1,2014
2014-12-31,,ZW,Commodities,,,-0.1481661045788666,0.4943149212471417,Shallow GBDT depth=1,2014
