Date,Symbol,Trade contracts,End contracts,Vendor roll label date,Executed roll,Physical contract turnover,Charged contract turnover
1990-01-02,YAP,1.0,1.0,False,False,1.0,1.0
1990-01-02,LLG,-2.0,-2.0,False,False,2.0,2.0
1990-01-02,YXT,-3.0,-3.0,False,False,3.0,3.0
1990-01-02,YYT,-7.0,-7.0,False,False,7.0,7.0
1990-01-02,ZF,5.0,5.0,False,False,5.0,5.0
1990-01-02,6C,8.0,8.0,False,False,8.0,8.0
1990-01-02,6J,-2.0,-2.0,False,False,2.0,2.0
1990-01-02,BRN,6.0,6.0,False,False,6.0,6.0
1990-01-02,CL,3.0,3.0,False,False,3.0,3.0
1990-01-02,HO,1.0,1.0,False,False,1.0,1.0
1990-01-02,GC,-2.0,-2.0,False,False,2.0,2.0
1990-01-02,HG,-2.0,-2.0,False,False,2.0,2.0
1990-01-02,PL,-3.0,-3.0,False,False,3.0,3.0
1990-01-02,SI,-2.0,-2.0,False,False,2.0,2.0
1990-01-02,GF,-8.0,-8.0,False,False,8.0,8.0
1990-01-02,HE,4.0,4.0,False,False,4.0,4.0
1990-01-02,LE,3.0,3.0,False,False,3.0,3.0
1990-01-02,RS,-26.0,-26.0,False,False,26.0,26.0
1990-01-02,SB,3.0,3.0,False,False,3.0,3.0
1990-01-02,ZL,-8.0,-8.0,False,False,8.0,8.0
1990-01-22,CL,0.0,3.0,True,True,6.0,6.0
1990-01-25,GF,0.0,-8.0,True,True,16.0,16.0
1990-01-31,BRN,0.0,6.0,True,True,12.0,12.0
1990-01-31,HO,0.0,1.0,True,True,2.0,2.0
1990-01-31,GC,0.0,-2.0,True,True,4.0,4.0
1990-02-01,LLG,1.0,-1.0,False,False,1.0,1.0
1990-02-01,YXT,3.0,0.0,False,False,3.0,3.0
1990-02-01,YYT,11.0,4.0,False,False,11.0,11.0
1990-02-01,6C,-5.0,3.0,False,False,5.0,5.0
1990-02-01,6J,1.0,-1.0,False,False,1.0,1.0
1990-02-01,6S,1.0,1.0,False,False,1.0,1.0
1990-02-01,BRN,-4.0,2.0,False,False,4.0,4.0
1990-02-01,CL,-2.0,1.0,False,False,2.0,2.0
1990-02-01,GAS,1.0,1.0,False,False,1.0,1.0
1990-02-01,LE,2.0,5.0,False,False,2.0,2.0
1990-02-05,LE,0.0,5.0,True,True,10.0,10.0
1990-02-12,GAS,0.0,1.0,True,True,2.0,2.0
1990-02-14,HE,0.0,4.0,True,True,8.0,8.0
1990-02-20,CL,0.0,1.0,True,True,2.0,2.0
1990-02-27,LLG,0.0,-1.0,True,True,2.0,2.0
1990-02-28,ZF,0.0,5.0,True,True,10.0,10.0
1990-02-28,BRN,0.0,2.0,True,True,4.0,4.0
1990-02-28,HO,0.0,1.0,True,True,2.0,2.0
1990-02-28,HG,0.0,-2.0,True,True,4.0,4.0
1990-02-28,SI,0.0,-2.0,True,True,4.0,4.0
1990-02-28,RS,0.0,-26.0,True,True,52.0,52.0
1990-02-28,SB,0.0,3.0,True,True,6.0,6.0
1990-02-28,ZL,0.0,-8.0,True,True,16.0,16.0
1990-03-01,YAP,1.0,2.0,False,False,1.0,1.0
1990-03-01,YXT,-3.0,-3.0,False,False,3.0,3.0
1990-03-01,YYT,-10.0,-6.0,False,False,10.0,10.0
1990-03-01,6B,2.0,2.0,False,False,2.0,2.0
1990-03-01,6J,1.0,0.0,False,False,1.0,1.0
1990-03-01,6S,1.0,2.0,False,False,1.0,1.0
1990-03-01,BRN,1.0,3.0,False,False,1.0,1.0
1990-03-01,CL,1.0,2.0,False,False,1.0,1.0
1990-03-01,GAS,1.0,2.0,False,False,1.0,1.0
1990-03-01,GC,-1.0,-3.0,False,False,1.0,1.0
1990-03-01,CC,-4.0,-4.0,False,False,4.0,4.0
1990-03-01,CT,-3.0,-3.0,False,False,3.0,3.0
1990-03-01,LE,2.0,7.0,False,False,2.0,2.0
1990-03-01,RS,-11.0,-37.0,False,False,11.0,11.0
1990-03-01,SB,1.0,4.0,False,False,1.0,1.0
1990-03-01,ZL,5.0,-3.0,False,False,5.0,5.0
1990-03-01,ZM,-1.0,-1.0,False,False,1.0,1.0
1990-03-09,GAS,0.0,2.0,True,True,4.0,4.0
1990-03-15,YXT,0.0,-3.0,True,True,6.0,6.0
1990-03-15,YYT,0.0,-6.0,True,True,12.0,12.0
1990-03-19,6B,0.0,2.0,True,True,4.0,4.0
1990-03-19,6C,0.0,3.0,True,True,6.0,6.0
1990-03-19,6S,0.0,2.0,True,True,4.0,4.0
1990-03-20,CL,0.0,2.0,True,True,4.0,4.0
1990-03-29,GF,0.0,-8.0,True,True,16.0,16.0
1990-03-30,YAP,0.0,2.0,True,True,4.0,4.0
1990-03-30,BRN,0.0,3.0,True,True,6.0,6.0
1990-03-30,HO,0.0,1.0,True,True,2.0,2.0
1990-03-30,GC,0.0,-3.0,True,True,6.0,6.0
1990-03-30,PL,0.0,-3.0,True,True,6.0,6.0
1990-04-02,YAP,-2.0,0.0,False,False,2.0,2.0
1990-04-02,6C,3.0,6.0,False,False,3.0,3.0
1990-04-02,6S,1.0,3.0,False,False,1.0,1.0
1990-04-02,BRN,3.0,6.0,False,False,3.0,3.0
1990-04-02,CL,3.0,5.0,False,False,3.0,3.0
1990-04-02,GAS,3.0,5.0,False,False,3.0,3.0
1990-04-02,HO,2.0,3.0,False,False,2.0,2.0
1990-04-02,PL,-3.0,-6.0,False,False,3.0,3.0
1990-04-02,SI,-1.0,-3.0,False,False,1.0,1.0
1990-04-02,CC,-3.0,-7.0,False,False,3.0,3.0
1990-04-02,GF,11.0,3.0,False,False,11.0,11.0
1990-04-02,KC,-1.0,-1.0,False,False,1.0,1.0
1990-04-02,LE,-4.0,3.0,False,False,4.0,4.0
1990-04-02,RS,-15.0,-52.0,False,False,15.0,15.0
1990-04-02,ZL,-2.0,-5.0,False,False,2.0,2.0
1990-04-02,ZM,-3.0,-4.0,False,False,3.0,3.0
1990-04-09,LE,0.0,3.0,True,True,6.0,6.0
1990-04-11,GAS,0.0,5.0,True,True,10.0,10.0
1990-04-16,HE,0.0,4.0,True,True,8.0,8.0
1990-04-17,CC,0.0,-7.0,True,True,14.0,14.0
1990-04-20,CL,0.0,5.0,True,True,10.0,10.0
1990-04-20,KC,0.0,-1.0,True,True,2.0,2.0
1990-04-24,CT,0.0,-3.0,True,True,6.0,6.0
1990-04-26,GF,0.0,3.0,True,True,6.0,6.0
1990-04-30,BRN,0.0,6.0,True,True,12.0,12.0
1990-04-30,HO,0.0,3.0,True,True,6.0,6.0
1990-04-30,HG,0.0,-2.0,True,True,4.0,4.0
1990-04-30,SI,0.0,-3.0,True,True,6.0,6.0
1990-04-30,SB,0.0,4.0,True,True,8.0,8.0
1990-04-30,ZL,0.0,-5.0,True,True,10.0,10.0
1990-04-30,ZM,0.0,-4.0,True,True,8.0,8.0
1990-05-01,YAP,-4.0,-4.0,False,False,4.0,4.0
1990-05-01,ZF,-12.0,-7.0,False,False,12.0,12.0
1990-05-01,ZN,-4.0,-4.0,False,False,4.0,4.0
1990-05-01,CL,-2.0,3.0,False,False,2.0,2.0
1990-05-01,HG,3.0,1.0,False,False,3.0,3.0
1990-05-01,SI,2.0,-1.0,False,False,2.0,2.0
1990-05-01,CC,9.0,2.0,False,False,9.0,9.0
1990-05-01,GF,3.0,6.0,False,False,3.0,3.0
1990-05-01,HE,1.0,5.0,False,False,1.0,1.0
1990-05-01,KC,-1.0,-2.0,False,False,1.0,1.0
1990-05-01,LE,3.0,6.0,False,False,3.0,3.0
1990-05-01,RS,21.0,-31.0,False,False,21.0,21.0
1990-05-01,ZC,15.0,15.0,False,False,15.0,15.0
1990-05-01,ZL,4.0,-1.0,False,False,4.0,4.0
1990-05-01,ZS,-1.0,-1.0,False,False,1.0,1.0
1990-05-10,GAS,0.0,5.0,True,True,10.0,10.0
1990-05-22,CL,0.0,3.0,True,True,6.0,6.0
1990-05-25,GF,0.0,6.0,True,True,12.0,12.0
1990-05-30,LLG,0.0,-1.0,True,True,2.0,2.0
1990-05-31,ZF,0.0,-7.0,True,True,14.0,14.0
1990-05-31,ZN,0.0,-4.0,True,True,8.0,8.0
1990-05-31,BRN,0.0,6.0,True,True,12.0,12.0
1990-05-31,HO,0.0,3.0,True,True,6.0,6.0
1990-05-31,GC,0.0,-3.0,True,True,6.0,6.0
1990-05-31,RS,0.0,-31.0,True,True,62.0,62.0
1990-06-01,YYT,1.0,-5.0,False,False,1.0,1.0
1990-06-01,ZF,3.0,-4.0,False,False,3.0,3.0
1990-06-01,ZN,2.0,-2.0,False,False,2.0,2.0
1990-06-01,ZB,-2.0,-2.0,False,False,2.0,2.0
1990-06-01,6C,-1.0,5.0,False,False,1.0,1.0
1990-06-01,6J,-1.0,-1.0,False,False,1.0,1.0
1990-06-01,6S,-1.0,2.0,False,False,1.0,1.0
1990-06-01,BRN,-3.0,3.0,False,False,3.0,3.0
1990-06-01,CL,-2.0,1.0,False,False,2.0,2.0
1990-06-01,GAS,-1.0,4.0,False,False,1.0,1.0
1990-06-01,HO,-1.0,2.0,False,False,1.0,1.0
1990-06-01,PL,2.0,-4.0,False,False,2.0,2.0
1990-06-01,CC,-1.0,1.0,False,False,1.0,1.0
1990-06-01,CT,3.0,0.0,False,False,3.0,3.0
1990-06-01,HE,-3.0,2.0,False,False,3.0,3.0
1990-06-01,RS,20.0,-11.0,False,False,20.0,20.0
1990-06-01,SB,-2.0,2.0,False,False,2.0,2.0
1990-06-01,ZC,-7.0,8.0,False,False,7.0,7.0
1990-06-01,ZL,6.0,5.0,False,False,6.0,6.0
1990-06-01,ZM,1.0,-3.0,False,False,1.0,1.0
1990-06-04,LE,0.0,6.0,True,True,12.0,12.0
1990-06-11,GAS,0.0,4.0,True,True,8.0,8.0
1990-06-14,HE,0.0,2.0,True,True,4.0,4.0
1990-06-15,YXT,0.0,-3.0,True,True,6.0,6.0
1990-06-15,YYT,0.0,-5.0,True,True,10.0,10.0
1990-06-18,6B,0.0,2.0,True,True,4.0,4.0
1990-06-18,6C,0.0,5.0,True,True,10.0,10.0
1990-06-18,6J,0.0,-1.0,True,True,2.0,2.0
1990-06-18,6S,0.0,2.0,True,True,4.0,4.0
1990-06-19,CC,0.0,1.0,True,True,2.0,2.0
1990-06-20,CL,0.0,1.0,True,True,2.0,2.0
1990-06-21,KC,0.0,-2.0,True,True,4.0,4.0
1990-06-29,YAP,0.0,-4.0,True,True,8.0,8.0
1990-06-29,BRN,0.0,3.0,True,True,6.0,6.0
1990-06-29,HO,0.0,2.0,True,True,4.0,4.0
1990-06-29,HG,0.0,1.0,True,True,2.0,2.0
1990-06-29,PL,0.0,-4.0,True,True,8.0,8.0
1990-06-29,SI,0.0,-1.0,True,True,2.0,2.0
1990-06-29,SB,0.0,2.0,True,True,4.0,4.0
1990-06-29,ZC,0.0,8.0,True,True,16.0,16.0
1990-06-29,ZL,0.0,5.0,True,True,10.0,10.0
1990-06-29,ZM,0.0,-3.0,True,True,6.0,6.0
1990-06-29,ZS,0.0,-1.0,True,True,2.0,2.0
1990-07-02,YYT,-3.0,-8.0,False,False,3.0,3.0
1990-07-02,ZN,-1.0,-3.0,False,False,1.0,1.0
1990-07-02,6B,1.0,3.0,False,False,1.0,1.0
1990-07-02,6J,1.0,0.0,False,False,1.0,1.0
1990-07-02,BRN,-7.0,-4.0,False,False,7.0,7.0
1990-07-02,CL,-4.0,-3.0,False,False,4.0,4.0
1990-07-02,GAS,2.0,6.0,False,False,2.0,2.0
1990-07-02,HO,2.0,4.0,False,False,2.0,2.0
1990-07-02,GC,-1.0,-4.0,False,False,1.0,1.0
1990-07-02,PL,-2.0,-6.0,False,False,2.0,2.0
1990-07-02,CC,-5.0,-4.0,False,False,5.0,5.0
1990-07-02,CT,3.0,3.0,False,False,3.0,3.0
1990-07-02,HE,1.0,3.0,False,False,1.0,1.0
1990-07-02,LE,2.0,8.0,False,False,2.0,2.0
1990-07-02,SB,2.0,4.0,False,False,2.0,2.0
1990-07-02,ZC,-4.0,4.0,False,False,4.0,4.0
1990-07-02,ZL,1.0,6.0,False,False,1.0,1.0
1990-07-02,ZM,-3.0,-6.0,False,False,3.0,3.0
1990-07-02,ZS,-2.0,-3.0,False,False,2.0,2.0
1990-07-12,GAS,0.0,6.0,True,True,12.0,12.0
1990-07-13,HE,0.0,3.0,True,True,6.0,6.0
1990-07-20,CL,0.0,-3.0,True,True,6.0,6.0
1990-07-31,BRN,0.0,-4.0,True,True,8.0,8.0
1990-07-31,HO,0.0,4.0,True,True,8.0,8.0
1990-07-31,GC,0.0,-4.0,True,True,8.0,8.0
1990-07-31,ZL,0.0,6.0,True,True,12.0,12.0
1990-07-31,ZM,0.0,-6.0,True,True,12.0,12.0
1990-07-31,ZS,0.0,-3.0,True,True,6.0,6.0
1990-08-01,YXT,-1.0,-4.0,False,False,1.0,1.0
1990-08-01,YYT,-1.0,-9.0,False,False,1.0,1.0
1990-08-01,ZF,-2.0,-6.0,False,False,2.0,2.0
1990-08-01,6B,-1.0,2.0,False,False,1.0,1.0
1990-08-01,6C,1.0,6.0,False,False,1.0,1.0
1990-08-01,BRN,8.0,4.0,False,False,8.0,8.0
1990-08-01,CL,4.0,1.0,False,False,4.0,4.0
1990-08-01,GAS,-2.0,4.0,False,False,2.0,2.0
1990-08-01,CT,1.0,4.0,False,False,1.0,1.0
1990-08-01,KC,2.0,0.0,False,False,2.0,2.0
1990-08-01,LE,1.0,9.0,False,False,1.0,1.0
1990-08-01,RS,-9.0,-20.0,False,False,9.0,9.0
1990-08-01,SB,-6.0,-2.0,False,False,6.0,6.0
1990-08-06,LE,0.0,9.0,True,True,18.0,18.0
1990-08-10,GAS,0.0,4.0,True,True,8.0,8.0
1990-08-14,HE,0.0,3.0,True,True,6.0,6.0
1990-08-21,CL,0.0,1.0,True,True,2.0,2.0
1990-08-21,CC,0.0,-4.0,True,True,8.0,8.0
1990-08-30,LLG,0.0,-1.0,True,True,2.0,2.0
1990-08-30,GF,0.0,6.0,True,True,12.0,12.0
1990-08-31,ZF,0.0,-6.0,True,True,12.0,12.0
1990-08-31,ZN,0.0,-3.0,True,True,6.0,6.0
1990-08-31,ZB,0.0,-2.0,True,True,4.0,4.0
1990-08-31,BRN,0.0,4.0,True,True,8.0,8.0
1990-08-31,HO,0.0,4.0,True,True,8.0,8.0
1990-08-31,HG,0.0,1.0,True,True,2.0,2.0
1990-08-31,SI,0.0,-1.0,True,True,2.0,2.0
1990-08-31,ZC,0.0,4.0,True,True,8.0,8.0
1990-08-31,ZL,0.0,6.0,True,True,12.0,12.0
1990-08-31,ZM,0.0,-6.0,True,True,12.0,12.0
1990-08-31,ZS,0.0,-3.0,True,True,6.0,6.0
1990-09-03,YAP,3.0,-1.0,False,False,3.0,3.0
1990-09-03,LLG,1.0,0.0,False,False,1.0,1.0
1990-09-03,YXT,3.0,-1.0,False,False,3.0,3.0
1990-09-03,YYT,6.0,-3.0,False,False,6.0,6.0
1990-09-03,BRN,-4.0,0.0,False,False,4.0,4.0
1990-09-03,GAS,-4.0,0.0,False,False,4.0,4.0
1990-09-04,ZF,4.0,-2.0,False,False,4.0,4.0
1990-09-04,ZN,2.0,-1.0,False,False,2.0,2.0
1990-09-04,ZB,1.0,-1.0,False,False,1.0,1.0
1990-09-04,6B,-2.0,0.0,False,False,2.0,2.0
1990-09-04,6C,-5.0,1.0,False,False,5.0,5.0
1990-09-04,6J,1.0,1.0,False,False,1.0,1.0
1990-09-04,6S,-2.0,0.0,False,False,2.0,2.0
1990-09-04,CL,-1.0,0.0,False,False,1.0,1.0
1990-09-04,HO,-4.0,0.0,False,False,4.0,4.0
1990-09-04,GC,3.0,-1.0,False,False,3.0,3.0
1990-09-04,HG,-1.0,0.0,False,False,1.0,1.0
1990-09-04,PL,4.0,-2.0,False,False,4.0,4.0
1990-09-04,CC,5.0,1.0,False,False,5.0,5.0
1990-09-04,CT,-3.0,1.0,False,False,3.0,3.0
1990-09-04,GF,-4.0,2.0,False,False,4.0,4.0
1990-09-04,HE,-2.0,1.0,False,False,2.0,2.0
1990-09-04,KE,-1.0,-1.0,False,False,1.0,1.0
1990-09-04,LE,-7.0,2.0,False,False,7.0,7.0
1990-09-04,RS,12.0,-8.0,False,False,12.0,12.0
1990-09-04,SB,1.0,-1.0,False,False,1.0,1.0
1990-09-04,ZC,-1.0,3.0,False,False,1.0,1.0
1990-09-04,ZL,-4.0,2.0,False,False,4.0,4.0
1990-09-04,ZM,4.0,-2.0,False,False,4.0,4.0
1990-09-04,ZS,2.0,-1.0,False,False,2.0,2.0
1990-09-17,YXT,0.0,-1.0,True,True,2.0,2.0
1990-09-17,YYT,0.0,-3.0,True,True,6.0,6.0
1990-09-17,6C,0.0,1.0,True,True,2.0,2.0
1990-09-17,6J,0.0,1.0,True,True,2.0,2.0
1990-09-27,GF,0.0,2.0,True,True,4.0,4.0
1990-09-28,YAP,0.0,-1.0,True,True,2.0,2.0
1990-09-28,PL,0.0,-2.0,True,True,4.0,4.0
1990-09-28,SB,0.0,-1.0,True,True,2.0,2.0
1990-09-28,ZL,0.0,2.0,True,True,4.0,4.0
1990-09-28,ZM,0.0,-2.0,True,True,4.0,4.0
1990-10-01,YAP,-1.0,-2.0,False,False,1.0,1.0
1990-10-01,LLG,-1.0,-1.0,False,False,1.0,1.0
1990-10-01,YYT,9.0,6.0,False,False,9.0,9.0
1990-10-01,ZF,-2.0,-4.0,False,False,2.0,2.0
1990-10-01,ZN,-1.0,-2.0,False,False,1.0,1.0
1990-10-01,6C,1.0,2.0,False,False,1.0,1.0
1990-10-01,6S,1.0,1.0,False,False,1.0,1.0
1990-10-01,GC,2.0,1.0,False,False,2.0,2.0
1990-10-01,CT,1.0,2.0,False,False,1.0,1.0
1990-10-01,GF,2.0,4.0,False,False,2.0,2.0
1990-10-01,HE,1.0,2.0,False,False,1.0,1.0
1990-10-01,KE,-2.0,-3.0,False,False,2.0,2.0
1990-10-01,LE,2.0,4.0,False,False,2.0,2.0
1990-10-01,RS,-6.0,-14.0,False,False,6.0,6.0
1990-10-01,SB,-2.0,-3.0,False,False,2.0,2.0
1990-10-01,ZC,-7.0,-4.0,False,False,7.0,7.0
1990-10-01,ZL,3.0,5.0,False,False,3.0,3.0
1990-10-01,ZM,-2.0,-4.0,False,False,2.0,2.0
1990-10-01,ZS,-1.0,-2.0,False,False,1.0,1.0
1990-10-08,LE,0.0,4.0,True,True,8.0,8.0
1990-10-12,HE,0.0,2.0,True,True,4.0,4.0
1990-10-25,GF,0.0,4.0,True,True,8.0,8.0
1990-10-31,RS,0.0,-14.0,True,True,28.0,28.0
1990-10-31,ZS,0.0,-2.0,True,True,4.0,4.0
1990-11-01,YXT,-1.0,-2.0,False,False,1.0,1.0
1990-11-01,YYT,2.0,8.0,False,False,2.0,2.0
1990-11-01,ZF,-1.0,-5.0,False,False,1.0,1.0
1990-11-01,ZB,-1.0,-2.0,False,False,1.0,1.0
1990-11-01,6B,1.0,1.0,False,False,1.0,1.0
1990-11-01,GC,-3.0,-2.0,False,False,3.0,3.0
1990-11-01,CT,1.0,3.0,False,False,1.0,1.0
1990-11-01,KC,-2.0,-2.0,False,False,2.0,2.0
1990-11-01,KE,-1.0,-4.0,False,False,1.0,1.0
1990-11-01,RS,-9.0,-23.0,False,False,9.0,9.0
1990-11-01,SB,-1.0,-4.0,False,False,1.0,1.0
1990-11-01,ZC,-2.0,-6.0,False,False,2.0,2.0
1990-11-01,ZL,2.0,7.0,False,False,2.0,2.0
1990-11-15,GF,0.0,4.0,True,True,8.0,8.0
1990-11-20,CC,0.0,1.0,True,True,2.0,2.0
1990-11-26,CT,0.0,3.0,True,True,6.0,6.0
1990-11-26,KC,0.0,-2.0,True,True,4.0,4.0
1990-11-29,LLG,0.0,-1.0,True,True,2.0,2.0
1990-11-30,ZF,0.0,-5.0,True,True,10.0,10.0
1990-11-30,ZN,0.0,-2.0,True,True,4.0,4.0
1990-11-30,ZB,0.0,-2.0,True,True,4.0,4.0
1990-11-30,GC,0.0,-2.0,True,True,4.0,4.0
1990-11-30,SI,0.0,-1.0,True,True,2.0,2.0
1990-11-30,KE,0.0,-4.0,True,True,8.0,8.0
1990-11-30,ZC,0.0,-6.0,True,True,12.0,12.0
1990-11-30,ZL,0.0,7.0,True,True,14.0,14.0
1990-11-30,ZM,0.0,-4.0,True,True,8.0,8.0
1990-12-03,YAP,-2.0,-4.0,False,False,2.0,2.0
1990-12-03,YXT,4.0,2.0,False,False,4.0,4.0
1990-12-03,ZF,-2.0,-7.0,False,False,2.0,2.0
1990-12-03,6B,1.0,2.0,False,False,1.0,1.0
1990-12-03,6C,3.0,5.0,False,False,3.0,3.0
1990-12-03,6S,1.0,2.0,False,False,1.0,1.0
1990-12-03,BRN,1.0,1.0,False,False,1.0,1.0
1990-12-03,CL,1.0,1.0,False,False,1.0,1.0
1990-12-03,GAS,1.0,1.0,False,False,1.0,1.0
1990-12-03,HO,1.0,1.0,False,False,1.0,1.0
1990-12-03,GC,-1.0,-3.0,False,False,1.0,1.0
1990-12-03,HG,3.0,3.0,False,False,3.0,3.0
1990-12-03,PL,-1.0,-3.0,False,False,1.0,1.0
1990-12-03,CC,1.0,2.0,False,False,1.0,1.0
1990-12-03,GF,4.0,8.0,False,False,4.0,4.0
1990-12-03,HE,1.0,3.0,False,False,1.0,1.0
1990-12-03,KE,-5.0,-9.0,False,False,5.0,5.0
1990-12-03,LE,4.0,8.0,False,False,4.0,4.0
1990-12-03,RS,-10.0,-33.0,False,False,10.0,10.0
1990-12-03,SB,-2.0,-6.0,False,False,2.0,2.0
1990-12-03,ZC,-4.0,-10.0,False,False,4.0,4.0
1990-12-03,ZM,-1.0,-5.0,False,False,1.0,1.0
1990-12-03,ZS,-2.0,-4.0,False,False,2.0,2.0
1990-12-10,LE,0.0,8.0,True,True,16.0,16.0
1990-12-12,GAS,0.0,1.0,True,True,2.0,2.0
1990-12-14,HE,0.0,3.0,True,True,6.0,6.0
1990-12-17,YXT,0.0,2.0,True,True,4.0,4.0
1990-12-17,YYT,0.0,8.0,True,True,16.0,16.0
1990-12-17,6B,0.0,2.0,True,True,4.0,4.0
1990-12-17,6C,0.0,5.0,True,True,10.0,10.0
1990-12-17,6J,0.0,1.0,True,True,2.0,2.0
1990-12-17,6S,0.0,2.0,True,True,4.0,4.0
1990-12-19,CL,0.0,1.0,True,True,2.0,2.0
1990-12-31,YAP,0.0,-4.0,True,True,8.0,8.0
1990-12-31,BRN,0.0,1.0,True,True,2.0,2.0
1990-12-31,HO,0.0,1.0,True,True,2.0,2.0
1990-12-31,PL,0.0,-3.0,True,True,6.0,6.0
1990-12-31,RS,0.0,-33.0,True,True,66.0,66.0
1990-12-31,ZL,0.0,7.0,True,True,14.0,14.0
1990-12-31,ZM,0.0,-5.0,True,True,10.0,10.0
1990-12-31,ZS,0.0,-4.0,True,True,8.0,8.0
1991-01-02,YXT,1.0,3.0,False,False,1.0,1.0
1991-01-02,ZF,13.0,6.0,False,False,13.0,13.0
1991-01-02,ZN,-1.0,-3.0,False,False,1.0,1.0
1991-01-02,6J,1.0,2.0,False,False,1.0,1.0
1991-01-02,PL,-1.0,-4.0,False,False,1.0,1.0
1991-01-02,CC,-8.0,-6.0,False,False,8.0,8.0
1991-01-02,HE,1.0,4.0,False,False,1.0,1.0
1991-01-02,RS,-1.0,-34.0,False,False,1.0,1.0
1991-01-02,ZL,4.0,11.0,False,False,4.0,4.0
1991-01-02,ZM,-1.0,-6.0,False,False,1.0,1.0
1991-01-04,SNK,-1.0,-1.0,False,False,1.0,1.0
1991-01-10,GAS,0.0,1.0,True,True,2.0,2.0
1991-01-22,CL,0.0,1.0,True,True,2.0,2.0
1991-01-31,BRN,0.0,1.0,True,True,2.0,2.0
1991-01-31,HO,0.0,1.0,True,True,2.0,2.0
1991-01-31,GC,0.0,-3.0,True,True,6.0,6.0
1991-01-31,GF,0.0,8.0,True,True,16.0,16.0
1991-02-01,YAP,2.0,-2.0,False,False,2.0,2.0
1991-02-01,LLG,2.0,1.0,False,False,2.0,2.0
1991-02-01,YXT,-1.0,2.0,False,False,1.0,1.0
1991-02-01,ZN,6.0,3.0,False,False,6.0,6.0
1991-02-01,ZB,4.0,2.0,False,False,4.0,4.0
1991-02-01,6C,1.0,6.0,False,False,1.0,1.0
1991-02-01,CL,-2.0,-1.0,False,False,2.0,2.0
1991-02-01,GAS,-1.0,0.0,False,False,1.0,1.0
1991-02-01,HO,-1.0,0.0,False,False,1.0,1.0
1991-02-01,GC,2.0,-1.0,False,False,2.0,2.0
1991-02-01,CC,6.0,0.0,False,False,6.0,6.0
1991-02-01,GF,-2.0,6.0,False,False,2.0,2.0
1991-02-01,HE,-1.0,3.0,False,False,1.0,1.0
1991-02-01,KE,-1.0,-10.0,False,False,1.0,1.0
1991-02-01,RS,10.0,-24.0,False,False,10.0,10.0
1991-02-01,ZL,-4.0,7.0,False,False,4.0,4.0
1991-02-04,LE,0.0,8.0,True,True,16.0,16.0
1991-02-14,HE,0.0,3.0,True,True,6.0,6.0
1991-02-20,CL,0.0,-1.0,True,True,2.0,2.0
1991-02-20,KC,0.0,-2.0,True,True,4.0,4.0
1991-02-22,CT,0.0,3.0,True,True,6.0,6.0
1991-02-27,LLG,0.0,1.0,True,True,2.0,2.0
1991-02-28,ZF,0.0,6.0,True,True,12.0,12.0
1991-02-28,ZN,0.0,3.0,True,True,6.0,6.0
1991-02-28,ZB,0.0,2.0,True,True,4.0,4.0
1991-02-28,BRN,0.0,1.0,True,True,2.0,2.0
1991-02-28,HG,0.0,3.0,True,True,6.0,6.0
1991-02-28,SI,0.0,-1.0,True,True,2.0,2.0
1991-02-28,KE,0.0,-10.0,True,True,20.0,20.0
1991-02-28,RS,0.0,-24.0,True,True,48.0,48.0
1991-02-28,SB,0.0,-6.0,True,True,12.0,12.0
1991-02-28,ZC,0.0,-10.0,True,True,20.0,20.0
1991-02-28,ZL,0.0,7.0,True,True,14.0,14.0
1991-02-28,ZM,0.0,-6.0,True,True,12.0,12.0
1991-02-28,ZS,0.0,-4.0,True,True,8.0,8.0
1991-03-01,6S,-1.0,1.0,False,False,1.0,1.0
1991-03-01,HO,1.0,1.0,False,False,1.0,1.0
1991-03-01,CC,-6.0,-6.0,False,False,6.0,6.0
1991-03-01,HE,-1.0,2.0,False,False,1.0,1.0
1991-03-01,RS,8.0,-16.0,False,False,8.0,8.0
1991-03-01,SB,4.0,-2.0,False,False,4.0,4.0
1991-03-01,ZC,-5.0,-15.0,False,False,5.0,5.0
1991-03-01,ZL,-7.0,0.0,False,False,7.0,7.0
1991-03-01,ZW,-9.0,-9.0,False,False,9.0,9.0
1991-03-07,SNK,0.0,-1.0,True,True,2.0,2.0
1991-03-15,YXT,0.0,2.0,True,True,4.0,4.0
1991-03-15,YYT,0.0,8.0,True,True,16.0,16.0
1991-03-18,6B,0.0,2.0,True,True,4.0,4.0
1991-03-18,6C,0.0,6.0,True,True,12.0,12.0
1991-03-18,6J,0.0,2.0,True,True,4.0,4.0
1991-03-18,6S,0.0,1.0,True,True,2.0,2.0
1991-03-20,CL,0.0,-1.0,True,True,2.0,2.0
1991-03-28,HO,0.0,1.0,True,True,2.0,2.0
1991-03-28,GC,0.0,-1.0,True,True,2.0,2.0
1991-03-28,PL,0.0,-4.0,True,True,8.0,8.0
1991-03-28,GF,0.0,6.0,True,True,12.0,12.0
1991-04-01,ZF,-2.0,4.0,False,False,2.0,2.0
1991-04-01,6B,-1.0,1.0,False,False,1.0,1.0
1991-04-01,6C,-1.0,5.0,False,False,1.0,1.0
1991-04-01,6J,-1.0,1.0,False,False,1.0,1.0
1991-04-01,CL,2.0,1.0,False,False,2.0,2.0
1991-04-01,GC,1.0,0.0,False,False,1.0,1.0
1991-04-01,PL,2.0,-2.0,False,False,2.0,2.0
1991-04-01,CT,-2.0,1.0,False,False,2.0,2.0
1991-04-01,GF,-1.0,5.0,False,False,1.0,1.0
1991-04-01,HE,-1.0,1.0,False,False,1.0,1.0
1991-04-01,KE,5.0,-5.0,False,False,5.0,5.0
1991-04-01,LE,-5.0,3.0,False,False,5.0,5.0
1991-04-01,RS,6.0,-10.0,False,False,6.0,6.0
1991-04-01,SB,1.0,-1.0,False,False,1.0,1.0
1991-04-01,ZC,6.0,-9.0,False,False,6.0,6.0
1991-04-01,ZW,4.0,-5.0,False,False,4.0,4.0
1991-04-02,YAP,1.0,-1.0,True,True,3.0,3.0
1991-04-02,BRN,0.0,1.0,True,True,2.0,2.0
1991-04-08,LE,0.0,3.0,True,True,6.0,6.0
1991-04-12,HE,0.0,1.0,True,True,2.0,2.0
1991-04-17,CC,0.0,-6.0,True,True,12.0,12.0
1991-04-22,CL,0.0,1.0,True,True,2.0,2.0
1991-04-22,KC,0.0,-2.0,True,True,4.0,4.0
1991-04-24,CT,0.0,1.0,True,True,2.0,2.0
1991-04-25,GF,0.0,5.0,True,True,10.0,10.0
1991-04-30,BRN,0.0,1.0,True,True,2.0,2.0
1991-04-30,HO,0.0,1.0,True,True,2.0,2.0
1991-04-30,HG,0.0,3.0,True,True,6.0,6.0
1991-04-30,SI,0.0,-1.0,True,True,2.0,2.0
1991-04-30,KE,0.0,-5.0,True,True,10.0,10.0
1991-04-30,SB,0.0,-1.0,True,True,2.0,2.0
1991-04-30,ZC,0.0,-9.0,True,True,18.0,18.0
1991-04-30,ZM,0.0,-6.0,True,True,12.0,12.0
1991-04-30,ZS,0.0,-4.0,True,True,8.0,8.0
1991-04-30,ZW,0.0,-5.0,True,True,10.0,10.0
1991-05-01,YAP,-1.0,-2.0,False,False,1.0,1.0
1991-05-01,6C,1.0,6.0,False,False,1.0,1.0
1991-05-01,6J,1.0,2.0,False,False,1.0,1.0
1991-05-01,6S,-1.0,0.0,False,False,1.0,1.0
1991-05-01,GAS,1.0,1.0,False,False,1.0,1.0
1991-05-01,HG,-1.0,2.0,False,False,1.0,1.0
1991-05-01,PL,-2.0,-4.0,False,False,2.0,2.0
1991-05-01,SI,1.0,0.0,False,False,1.0,1.0
1991-05-01,CT,1.0,2.0,False,False,1.0,1.0
1991-05-01,GF,1.0,6.0,False,False,1.0,1.0
1991-05-01,HE,2.0,3.0,False,False,2.0,2.0
1991-05-01,KE,-1.0,-6.0,False,False,1.0,1.0
1991-05-01,LE,4.0,7.0,False,False,4.0,4.0
1991-05-01,RS,3.0,-7.0,False,False,3.0,3.0
1991-05-01,ZL,-2.0,-2.0,False,False,2.0,2.0
1991-05-01,ZM,2.0,-4.0,False,False,2.0,2.0
1991-05-10,GAS,0.0,1.0,True,True,2.0,2.0
1991-05-21,CL,0.0,1.0,True,True,2.0,2.0
1991-05-24,GF,0.0,6.0,True,True,12.0,12.0
1991-05-30,LLG,0.0,1.0,True,True,2.0,2.0
1991-05-31,ZF,0.0,4.0,True,True,8.0,8.0
1991-05-31,ZN,0.0,3.0,True,True,6.0,6.0
1991-05-31,ZB,0.0,2.0,True,True,4.0,4.0
1991-05-31,BRN,0.0,1.0,True,True,2.0,2.0
1991-05-31,HO,0.0,1.0,True,True,2.0,2.0
1991-05-31,RS,0.0,-7.0,True,True,14.0,14.0
1991-06-03,ZF,3.0,7.0,False,False,3.0,3.0
1991-06-03,6C,3.0,9.0,False,False,3.0,3.0
1991-06-03,BRN,1.0,2.0,False,False,1.0,1.0
1991-06-03,CL,1.0,2.0,False,False,1.0,1.0
1991-06-03,GAS,1.0,2.0,False,False,1.0,1.0
1991-06-03,CC,-1.0,-7.0,False,False,1.0,1.0
1991-06-03,KE,-3.0,-9.0,False,False,3.0,3.0
1991-06-03,RS,7.0,0.0,False,False,7.0,7.0
1991-06-03,ZC,-1.0,-10.0,False,False,1.0,1.0
1991-06-03,ZM,-3.0,-7.0,False,False,3.0,3.0
1991-06-03,ZW,-3.0,-8.0,False,False,3.0,3.0
1991-06-10,LE,0.0,7.0,True,True,14.0,14.0
1991-06-12,GAS,0.0,2.0,True,True,4.0,4.0
1991-06-13,SNK,0.0,-1.0,True,True,2.0,2.0
1991-06-14,HE,0.0,3.0,True,True,6.0,6.0
1991-06-17,YXT,0.0,2.0,True,True,4.0,4.0
1991-06-17,YYT,0.0,8.0,True,True,16.0,16.0
1991-06-17,6B,0.0,1.0,True,True,2.0,2.0
1991-06-17,6C,0.0,9.0,True,True,18.0,18.0
1991-06-17,6J,0.0,2.0,True,True,4.0,4.0
1991-06-17,CC,0.0,-7.0,True,True,14.0,14.0
1991-06-20,CL,0.0,2.0,True,True,4.0,4.0
1991-06-20,KC,0.0,-2.0,True,True,4.0,4.0
1991-06-24,CT,0.0,2.0,True,True,4.0,4.0
1991-06-28,YAP,0.0,-2.0,True,True,4.0,4.0
1991-06-28,BRN,0.0,2.0,True,True,4.0,4.0
1991-06-28,HO,0.0,1.0,True,True,2.0,2.0
1991-06-28,HG,0.0,2.0,True,True,4.0,4.0
1991-06-28,PL,0.0,-4.0,True,True,8.0,8.0
1991-06-28,KE,0.0,-9.0,True,True,18.0,18.0
1991-06-28,SB,0.0,-1.0,True,True,2.0,2.0
1991-06-28,ZC,0.0,-10.0,True,True,20.0,20.0
1991-06-28,ZL,0.0,-2.0,True,True,4.0,4.0
1991-06-28,ZM,0.0,-7.0,True,True,14.0,14.0
1991-06-28,ZS,0.0,-4.0,True,True,8.0,8.0
1991-06-28,ZW,0.0,-8.0,True,True,16.0,16.0
1991-07-01,YAP,1.0,-1.0,False,False,1.0,1.0
1991-07-01,YXT,-1.0,1.0,False,False,1.0,1.0
1991-07-01,YYT,-5.0,3.0,False,False,5.0,5.0
1991-07-01,6B,-2.0,-1.0,False,False,2.0,2.0
1991-07-01,6C,-6.0,3.0,False,False,6.0,6.0
1991-07-01,NG,-3.0,-3.0,False,False,3.0,3.0
1991-07-01,HG,-5.0,-3.0,False,False,5.0,5.0
1991-07-01,CT,-1.0,1.0,False,False,1.0,1.0
1991-07-01,GF,-2.0,4.0,False,False,2.0,2.0
1991-07-01,KE,4.0,-5.0,False,False,4.0,4.0
1991-07-01,SB,1.0,0.0,False,False,1.0,1.0
1991-07-01,ZC,5.0,-5.0,False,False,5.0,5.0
1991-07-01,ZL,-3.0,-5.0,False,False,3.0,3.0
1991-07-01,ZM,3.0,-4.0,False,False,3.0,3.0
1991-07-01,ZS,1.0,-3.0,False,False,1.0,1.0
1991-07-01,ZW,4.0,-4.0,False,False,4.0,4.0
1991-07-11,GAS,0.0,2.0,True,True,4.0,4.0
1991-07-12,HE,0.0,3.0,True,True,6.0,6.0
1991-07-22,CL,0.0,2.0,True,True,4.0,4.0
1991-07-24,NG,0.0,-3.0,True,True,6.0,6.0
1991-07-31,BRN,0.0,2.0,True,True,4.0,4.0
1991-07-31,HO,0.0,1.0,True,True,2.0,2.0
1991-07-31,ZL,0.0,-5.0,True,True,10.0,10.0
1991-07-31,ZM,0.0,-4.0,True,True,8.0,8.0
1991-07-31,ZS,0.0,-3.0,True,True,6.0,6.0
1991-08-01,YAP,4.0,3.0,False,False,4.0,4.0
1991-08-01,ZF,-2.0,5.0,False,False,2.0,2.0
1991-08-01,CL,-2.0,0.0,False,False,2.0,2.0
1991-08-01,HO,-1.0,0.0,False,False,1.0,1.0
1991-08-01,PL,1.0,-3.0,False,False,1.0,1.0
1991-08-01,CC,4.0,-3.0,False,False,4.0,4.0
1991-08-01,GF,-2.0,2.0,False,False,2.0,2.0
1991-08-01,KE,2.0,-3.0,False,False,2.0,2.0
1991-08-01,LE,-3.0,4.0,False,False,3.0,3.0
1991-08-01,RS,-3.0,-3.0,False,False,3.0,3.0
1991-08-01,SB,3.0,3.0,False,False,3.0,3.0
1991-08-01,ZC,3.0,-2.0,False,False,3.0,3.0
1991-08-01,ZL,2.0,-3.0,False,False,2.0,2.0
1991-08-01,ZM,2.0,-2.0,False,False,2.0,2.0
1991-08-01,ZS,2.0,-1.0,False,False,2.0,2.0
1991-08-01,ZW,1.0,-3.0,False,False,1.0,1.0
1991-08-05,LE,0.0,4.0,True,True,8.0,8.0
1991-08-12,GAS,0.0,2.0,True,True,4.0,4.0
1991-08-14,HE,0.0,3.0,True,True,6.0,6.0
1991-08-20,CC,0.0,-3.0,True,True,6.0,6.0
1991-08-22,KC,0.0,-2.0,True,True,4.0,4.0
1991-08-23,NG,0.0,-3.0,True,True,6.0,6.0
1991-08-29,LLG,0.0,1.0,True,True,2.0,2.0
1991-08-29,GF,0.0,2.0,True,True,4.0,4.0
1991-08-30,ZF,0.0,5.0,True,True,10.0,10.0
1991-08-30,ZN,0.0,3.0,True,True,6.0,6.0
1991-08-30,ZB,0.0,2.0,True,True,4.0,4.0
1991-08-30,BRN,0.0,2.0,True,True,4.0,4.0
1991-08-30,HG,0.0,-3.0,True,True,6.0,6.0
1991-08-30,KE,0.0,-3.0,True,True,6.0,6.0
1991-08-30,ZC,0.0,-2.0,True,True,4.0,4.0
1991-08-30,ZL,0.0,-3.0,True,True,6.0,6.0
1991-08-30,ZM,0.0,-2.0,True,True,4.0,4.0
1991-08-30,ZS,0.0,-1.0,True,True,2.0,2.0
1991-08-30,ZW,0.0,-3.0,True,True,6.0,6.0
1991-09-02,SNK,1.0,0.0,False,False,1.0,1.0
1991-09-02,YAP,-3.0,0.0,False,False,3.0,3.0
1991-09-02,BRN,-2.0,0.0,False,False,2.0,2.0
1991-09-02,GAS,-1.0,1.0,False,False,1.0,1.0
1991-09-03,ZF,-2.0,3.0,False,False,2.0,2.0
1991-09-03,ZN,-1.0,2.0,False,False,1.0,1.0
1991-09-03,6B,1.0,0.0,False,False,1.0,1.0
1991-09-03,6C,1.0,4.0,False,False,1.0,1.0
1991-09-03,NG,1.0,-2.0,False,False,1.0,1.0
1991-09-03,CC,1.0,-2.0,False,False,1.0,1.0
1991-09-03,GF,-1.0,1.0,False,False,1.0,1.0
1991-09-03,HE,-1.0,2.0,False,False,1.0,1.0
1991-09-03,KE,4.0,1.0,False,False,4.0,4.0
1991-09-03,LE,-3.0,1.0,False,False,3.0,3.0
1991-09-03,ZM,1.0,-1.0,False,False,1.0,1.0
1991-09-03,ZS,1.0,0.0,False,False,1.0,1.0
1991-09-03,ZW,1.0,-2.0,False,False,1.0,1.0
1991-09-12,GAS,0.0,1.0,True,True,2.0,2.0
1991-09-16,YXT,0.0,1.0,True,True,2.0,2.0
1991-09-16,YYT,0.0,3.0,True,True,6.0,6.0
1991-09-16,6C,0.0,4.0,True,True,8.0,8.0
1991-09-16,6J,0.0,2.0,True,True,4.0,4.0
1991-09-24,NG,0.0,-2.0,True,True,4.0,4.0
1991-09-26,GF,0.0,1.0,True,True,2.0,2.0
1991-09-30,PL,0.0,-3.0,True,True,6.0,6.0
1991-09-30,SB,0.0,3.0,True,True,6.0,6.0
1991-09-30,ZL,0.0,-3.0,True,True,6.0,6.0
1991-09-30,ZM,0.0,-1.0,True,True,2.0,2.0
1991-10-01,SNK,-1.0,-1.0,False,False,1.0,1.0
1991-10-01,YAP,3.0,3.0,False,False,3.0,3.0
1991-10-01,LLG,1.0,2.0,False,False,1.0,1.0
1991-10-01,YXT,2.0,3.0,False,False,2.0,2.0
1991-10-01,YYT,4.0,7.0,False,False,4.0,4.0
1991-10-01,ZF,3.0,6.0,False,False,3.0,3.0
1991-10-01,ZN,2.0,4.0,False,False,2.0,2.0
1991-10-01,ZB,1.0,3.0,False,False,1.0,1.0
1991-10-01,6B,-1.0,-1.0,False,False,1.0,1.0
1991-10-01,6C,-2.0,2.0,False,False,2.0,2.0
1991-10-01,6J,-2.0,0.0,False,False,2.0,2.0
1991-10-01,BRN,-1.0,-1.0,False,False,1.0,1.0
1991-10-01,GAS,1.0,2.0,False,False,1.0,1.0
1991-10-01,HO,-3.0,-3.0,False,False,3.0,3.0
1991-10-01,NG,-1.0,-3.0,False,False,1.0,1.0
1991-10-01,HG,-1.0,-4.0,False,False,1.0,1.0
1991-10-01,PL,1.0,-2.0,False,False,1.0,1.0
1991-10-01,CC,-2.0,-4.0,False,False,2.0,2.0
1991-10-01,CT,2.0,3.0,False,False,2.0,2.0
1991-10-01,GF,1.0,2.0,False,False,1.0,1.0
1991-10-01,HE,2.0,4.0,False,False,2.0,2.0
1991-10-01,LE,1.0,2.0,False,False,1.0,1.0
1991-10-01,RS,-1.0,-4.0,False,False,1.0,1.0
1991-10-01,SB,1.0,4.0,False,False,1.0,1.0
1991-10-01,ZC,-4.0,-6.0,False,False,4.0,4.0
1991-10-01,ZL,-2.0,-5.0,False,False,2.0,2.0
1991-10-01,ZS,-2.0,-2.0,False,False,2.0,2.0
1991-10-01,ZW,-3.0,-5.0,False,False,3.0,3.0
1991-10-07,LE,0.0,2.0,True,True,4.0,4.0
1991-10-10,GAS,0.0,2.0,True,True,4.0,4.0
1991-10-14,HE,0.0,4.0,True,True,8.0,8.0
1991-10-25,NG,0.0,-3.0,True,True,6.0,6.0
1991-10-31,BRN,0.0,-1.0,True,True,2.0,2.0
1991-10-31,HO,0.0,-3.0,True,True,6.0,6.0
1991-10-31,GF,0.0,2.0,True,True,4.0,4.0
1991-10-31,RS,0.0,-4.0,True,True,8.0,8.0
1991-10-31,ZS,0.0,-2.0,True,True,4.0,4.0
1991-11-01,YAP,1.0,4.0,False,False,1.0,1.0
1991-11-01,6C,1.0,3.0,False,False,1.0,1.0
1991-11-01,6J,3.0,3.0,False,False,3.0,3.0
1991-11-01,BRN,-2.0,-3.0,False,False,2.0,2.0
1991-11-01,GAS,1.0,3.0,False,False,1.0,1.0
1991-11-01,HO,-1.0,-4.0,False,False,1.0,1.0
1991-11-01,HG,4.0,0.0,False,False,4.0,4.0
1991-11-01,CC,-2.0,-6.0,False,False,2.0,2.0
1991-11-01,CT,-5.0,-2.0,False,False,5.0,5.0
1991-11-01,GF,3.0,5.0,False,False,3.0,3.0
1991-11-01,HE,1.0,5.0,False,False,1.0,1.0
1991-11-01,KC,-1.0,-3.0,False,False,1.0,1.0
1991-11-01,KE,1.0,2.0,False,False,1.0,1.0
1991-11-01,LE,-8.0,-6.0,False,False,8.0,8.0
1991-11-01,RS,4.0,0.0,False,False,4.0,4.0
1991-11-01,SB,3.0,7.0,False,False,3.0,3.0
1991-11-01,ZC,-3.0,-9.0,False,False,3.0,3.0
1991-11-01,ZM,-3.0,-4.0,False,False,3.0,3.0
1991-11-01,ZS,-1.0,-3.0,False,False,1.0,1.0
1991-11-01,ZW,6.0,1.0,False,False,6.0,6.0
1991-11-12,GAS,0.0,3.0,True,True,6.0,6.0
1991-11-19,CC,0.0,-6.0,True,True,12.0,12.0
1991-11-21,NG,0.0,-3.0,True,True,6.0,6.0
1991-11-21,GF,0.0,5.0,True,True,10.0,10.0
1991-11-21,KC,0.0,-3.0,True,True,6.0,6.0
1991-11-25,CT,0.0,-2.0,True,True,4.0,4.0
1991-11-28,LLG,0.0,2.0,True,True,4.0,4.0
1991-11-29,ZF,0.0,6.0,True,True,12.0,12.0
1991-11-29,ZN,0.0,4.0,True,True,8.0,8.0
1991-11-29,ZB,0.0,3.0,True,True,6.0,6.0
1991-11-29,BRN,0.0,-3.0,True,True,6.0,6.0
1991-11-29,HO,0.0,-4.0,True,True,8.0,8.0
1991-11-29,KE,0.0,2.0,True,True,4.0,4.0
1991-11-29,ZC,0.0,-9.0,True,True,18.0,18.0
1991-11-29,ZL,0.0,-5.0,True,True,10.0,10.0
1991-11-29,ZM,0.0,-4.0,True,True,8.0,8.0
1991-11-29,ZW,0.0,1.0,True,True,2.0,2.0
1991-12-02,SNK,-1.0,-2.0,False,False,1.0,1.0
1991-12-02,YAP,4.0,8.0,False,False,4.0,4.0
1991-12-02,YXT,2.0,5.0,False,False,2.0,2.0
1991-12-02,ZF,6.0,12.0,False,False,6.0,6.0
1991-12-02,ZN,3.0,7.0,False,False,3.0,3.0
1991-12-02,ZB,1.0,4.0,False,False,1.0,1.0
1991-12-02,6C,6.0,9.0,False,False,6.0,6.0
1991-12-02,BRN,-4.0,-7.0,False,False,4.0,4.0
1991-12-02,CL,7.0,7.0,False,False,7.0,7.0
1991-12-02,GAS,2.0,5.0,False,False,2.0,2.0
1991-12-02,HO,4.0,0.0,False,False,4.0,4.0
1991-12-02,NG,-1.0,-4.0,False,False,1.0,1.0
1991-12-02,GC,-1.0,-1.0,False,False,1.0,1.0
1991-12-02,HG,-8.0,-8.0,False,False,8.0,8.0
1991-12-02,CC,-4.0,-10.0,False,False,4.0,4.0
1991-12-02,CT,-3.0,-5.0,False,False,3.0,3.0
1991-12-02,GF,4.0,9.0,False,False,4.0,4.0
1991-12-02,HE,2.0,7.0,False,False,2.0,2.0
1991-12-02,KC,-1.0,-4.0,False,False,1.0,1.0
1991-12-02,KE,4.0,6.0,False,False,4.0,4.0
1991-12-02,LE,-3.0,-9.0,False,False,3.0,3.0
1991-12-02,SB,4.0,11.0,False,False,4.0,4.0
1991-12-02,ZC,-7.0,-16.0,False,False,7.0,7.0
1991-12-02,ZL,-8.0,-13.0,False,False,8.0,8.0
1991-12-02,ZM,-3.0,-7.0,False,False,3.0,3.0
1991-12-02,ZS,-2.0,-5.0,False,False,2.0,2.0
1991-12-02,ZW,3.0,4.0,False,False,3.0,3.0
1991-12-09,LE,0.0,-9.0,True,True,18.0,18.0
1991-12-12,SNK,0.0,-2.0,True,True,4.0,4.0
1991-12-12,GAS,0.0,5.0,True,True,10.0,10.0
1991-12-13,HE,0.0,7.0,True,True,14.0,14.0
1991-12-16,YXT,0.0,5.0,True,True,10.0,10.0
1991-12-16,YYT,0.0,7.0,True,True,14.0,14.0
1991-12-16,6B,0.0,-1.0,True,True,2.0,2.0
1991-12-16,6C,0.0,9.0,True,True,18.0,18.0
1991-12-16,6J,0.0,3.0,True,True,6.0,6.0
1991-12-19,CL,0.0,7.0,True,True,14.0,14.0
1991-12-23,NG,0.0,-4.0,True,True,8.0,8.0
1991-12-31,YAP,0.0,8.0,True,True,16.0,16.0
1991-12-31,BRN,0.0,-7.0,True,True,14.0,14.0
1991-12-31,PL,0.0,-2.0,True,True,4.0,4.0
1991-12-31,ZL,0.0,-13.0,True,True,26.0,26.0
1991-12-31,ZM,0.0,-7.0,True,True,14.0,14.0
1991-12-31,ZS,0.0,-5.0,True,True,10.0,10.0
1992-01-02,YAP,-5.0,3.0,False,False,5.0,5.0
1992-01-02,YXT,-1.0,4.0,False,False,1.0,1.0
1992-01-02,YYT,-2.0,5.0,False,False,2.0,2.0
1992-01-02,ZT,9.0,9.0,False,False,9.0,9.0
1992-01-02,ZF,1.0,13.0,False,False,1.0,1.0
1992-01-02,ZN,-2.0,5.0,False,False,2.0,2.0
1992-01-02,6B,2.0,1.0,False,False,2.0,2.0
1992-01-02,6C,-5.0,4.0,False,False,5.0,5.0
1992-01-02,BRN,-1.0,-8.0,False,False,1.0,1.0
1992-01-02,CL,-8.0,-1.0,False,False,8.0,8.0
1992-01-02,GAS,-1.0,4.0,False,False,1.0,1.0
1992-01-02,HO,-2.0,-2.0,False,False,2.0,2.0
1992-01-02,NG,-1.0,-5.0,False,False,1.0,1.0
1992-01-02,GC,-1.0,-2.0,False,False,1.0,1.0
1992-01-02,HG,-1.0,-9.0,False,False,1.0,1.0
1992-01-02,PL,2.0,0.0,False,False,2.0,2.0
1992-01-02,CC,-1.0,-11.0,False,False,1.0,1.0
1992-01-02,GF,-3.0,6.0,False,False,3.0,3.0
1992-01-02,HE,1.0,8.0,False,False,1.0,1.0
1992-01-02,KC,-1.0,-5.0,False,False,1.0,1.0
1992-01-02,KE,1.0,7.0,False,False,1.0,1.0
1992-01-02,LE,-1.0,-10.0,False,False,1.0,1.0
1992-01-02,SB,1.0,12.0,False,False,1.0,1.0
1992-01-02,ZC,-1.0,-17.0,False,False,1.0,1.0
1992-01-02,ZL,-1.0,-14.0,False,False,1.0,1.0
1992-01-02,ZM,17.0,10.0,False,False,17.0,17.0
1992-01-02,ZW,-1.0,3.0,False,False,1.0,1.0
1992-01-06,SNK,1.0,-1.0,False,False,1.0,1.0
1992-01-10,GAS,0.0,4.0,True,True,8.0,8.0
1992-01-21,CL,0.0,-1.0,True,True,2.0,2.0
1992-01-27,NG,0.0,-5.0,True,True,10.0,10.0
1992-01-30,GF,0.0,6.0,True,True,12.0,12.0
1992-01-31,BRN,0.0,-8.0,True,True,16.0,16.0
1992-01-31,HO,0.0,-2.0,True,True,4.0,4.0
1992-01-31,GC,0.0,-2.0,True,True,4.0,4.0
1992-02-03,YXT,-3.0,1.0,False,False,3.0,3.0
1992-02-03,YYT,-2.0,3.0,False,False,2.0,2.0
1992-02-03,ZT,-9.0,0.0,False,False,9.0,9.0
1992-02-03,ZF,-9.0,4.0,False,False,9.0,9.0
1992-02-03,ZN,-2.0,3.0,False,False,2.0,2.0
1992-02-03,ZB,-2.0,2.0,False,False,2.0,2.0
1992-02-03,6B,-2.0,-1.0,False,False,2.0,2.0
1992-02-03,6C,-2.0,2.0,False,False,2.0,2.0
1992-02-03,6J,-2.0,1.0,False,False,2.0,2.0
1992-02-03,BRN,9.0,1.0,False,False,9.0,9.0
1992-02-03,GAS,-7.0,-3.0,False,False,7.0,7.0
1992-02-03,NG,2.0,-3.0,False,False,2.0,2.0
1992-02-03,HG,3.0,-6.0,False,False,3.0,3.0
1992-02-03,SI,4.0,4.0,False,False,4.0,4.0
1992-02-03,CC,5.0,-6.0,False,False,5.0,5.0
1992-02-03,CT,2.0,-3.0,False,False,2.0,2.0
1992-02-03,GF,-3.0,3.0,False,False,3.0,3.0
1992-02-03,HE,-3.0,5.0,False,False,3.0,3.0
1992-02-03,KC,2.0,-3.0,False,False,2.0,2.0
1992-02-03,KE,-4.0,3.0,False,False,4.0,4.0
1992-02-03,LE,6.0,-4.0,False,False,6.0,6.0
1992-02-03,SB,-5.0,7.0,False,False,5.0,5.0
1992-02-03,ZC,6.0,-11.0,False,False,6.0,6.0
1992-02-03,ZL,5.0,-9.0,False,False,5.0,5.0
1992-02-03,ZM,-4.0,6.0,False,False,4.0,4.0
1992-02-03,ZS,2.0,-3.0,False,False,2.0,2.0
1992-02-03,ZW,-3.0,0.0,False,False,3.0,3.0
1992-02-10,LE,0.0,-4.0,True,True,8.0,8.0
1992-02-12,GAS,0.0,-3.0,True,True,6.0,6.0
1992-02-14,HE,0.0,5.0,True,True,10.0,10.0
1992-02-18,CC,0.0,-6.0,True,True,12.0,12.0
1992-02-20,CL,0.0,-1.0,True,True,2.0,2.0
1992-02-20,KC,0.0,-3.0,True,True,6.0,6.0
1992-02-24,NG,0.0,-3.0,True,True,6.0,6.0
1992-02-24,CT,0.0,-3.0,True,True,6.0,6.0
1992-02-27,LLG,0.0,2.0,True,True,4.0,4.0
1992-02-28,ZF,0.0,4.0,True,True,8.0,8.0
1992-02-28,ZN,0.0,3.0,True,True,6.0,6.0
1992-02-28,ZB,0.0,2.0,True,True,4.0,4.0
1992-02-28,BRN,0.0,1.0,True,True,2.0,2.0
1992-02-28,HO,0.0,-2.0,True,True,4.0,4.0
1992-02-28,HG,0.0,-6.0,True,True,12.0,12.0
1992-02-28,SI,0.0,4.0,True,True,8.0,8.0
1992-02-28,KE,0.0,3.0,True,True,6.0,6.0
1992-02-28,SB,0.0,7.0,True,True,14.0,14.0
1992-02-28,ZC,0.0,-11.0,True,True,22.0,22.0
1992-02-28,ZL,0.0,-9.0,True,True,18.0,18.0
1992-02-28,ZM,0.0,6.0,True,True,12.0,12.0
1992-02-28,ZS,0.0,-3.0,True,True,6.0,6.0
1992-03-02,NKD,-1.0,-1.0,False,False,1.0,1.0
1992-03-02,YAP,2.0,5.0,False,False,2.0,2.0
1992-03-02,LLG,1.0,3.0,False,False,1.0,1.0
1992-03-02,ZF,2.0,6.0,False,False,2.0,2.0
1992-03-02,ZN,1.0,4.0,False,False,1.0,1.0
1992-03-02,ZB,2.0,4.0,False,False,2.0,2.0
1992-03-02,6C,4.0,6.0,False,False,4.0,4.0
1992-03-02,6J,2.0,3.0,False,False,2.0,2.0
1992-03-02,BRN,-7.0,-6.0,False,False,7.0,7.0
1992-03-02,CL,-3.0,-4.0,False,False,3.0,3.0
1992-03-02,GAS,-3.0,-6.0,False,False,3.0,3.0
1992-03-02,HO,-2.0,-4.0,False,False,2.0,2.0
1992-03-02,NG,-1.0,-4.0,False,False,1.0,1.0
1992-03-02,HG,-2.0,-8.0,False,False,2.0,2.0
1992-03-02,SI,-4.0,0.0,False,False,4.0,4.0
1992-03-02,CC,-4.0,-10.0,False,False,4.0,4.0
1992-03-02,CT,-2.0,-5.0,False,False,2.0,2.0
1992-03-02,GF,2.0,5.0,False,False,2.0,2.0
1992-03-02,HE,-12.0,-7.0,False,False,12.0,12.0
1992-03-02,KE,3.0,6.0,False,False,3.0,3.0
1992-03-02,LE,-2.0,-6.0,False,False,2.0,2.0
1992-03-02,ZL,-5.0,-14.0,False,False,5.0,5.0
1992-03-02,ZM,5.0,11.0,False,False,5.0,5.0
1992-03-02,ZS,-1.0,-4.0,False,False,1.0,1.0
1992-03-02,ZW,5.0,5.0,False,False,5.0,5.0
1992-03-12,NKD,0.0,-1.0,True,True,2.0,2.0
1992-03-12,SNK,0.0,-1.0,True,True,2.0,2.0
1992-03-12,GAS,0.0,-6.0,True,True,12.0,12.0
1992-03-16,YXT,0.0,1.0,True,True,2.0,2.0
1992-03-16,YYT,0.0,3.0,True,True,6.0,6.0
1992-03-16,6B,0.0,-1.0,True,True,2.0,2.0
1992-03-16,6C,0.0,6.0,True,True,12.0,12.0
1992-03-16,6J,0.0,3.0,True,True,6.0,6.0
1992-03-20,CL,0.0,-4.0,True,True,8.0,8.0
1992-03-25,NG,0.0,-4.0,True,True,8.0,8.0
1992-03-26,GF,0.0,5.0,True,True,10.0,10.0
1992-03-31,YAP,0.0,5.0,True,True,10.0,10.0
1992-03-31,BRN,0.0,-6.0,True,True,12.0,12.0
1992-03-31,HO,0.0,-4.0,True,True,8.0,8.0
1992-03-31,GC,0.0,-2.0,True,True,4.0,4.0
1992-04-01,YXT,1.0,2.0,False,False,1.0,1.0
1992-04-01,YYT,4.0,7.0,False,False,4.0,4.0
1992-04-01,ZT,6.0,6.0,False,False,6.0,6.0
1992-04-01,6B,2.0,1.0,False,False,2.0,2.0
1992-04-01,6C,-13.0,-7.0,False,False,13.0,13.0
1992-04-01,CL,-2.0,-6.0,False,False,2.0,2.0
1992-04-01,GC,-3.0,-5.0,False,False,3.0,3.0
1992-04-01,GF,-1.0,4.0,False,False,1.0,1.0
1992-04-01,HE,13.0,6.0,False,False,13.0,13.0
1992-04-01,SB,2.0,9.0,False,False,2.0,2.0
1992-04-06,LE,0.0,-6.0,True,True,12.0,12.0
1992-04-10,GAS,0.0,-6.0,True,True,12.0,12.0
1992-04-14,HE,0.0,6.0,True,True,12.0,12.0
1992-04-20,CC,0.0,-10.0,True,True,20.0,20.0
1992-04-21,CL,0.0,-6.0,True,True,12.0,12.0
1992-04-22,KC,0.0,-3.0,True,True,6.0,6.0
1992-04-24,NG,0.0,-4.0,True,True,8.0,8.0
1992-04-24,CT,0.0,-5.0,True,True,10.0,10.0
1992-04-30,BRN,0.0,-6.0,True,True,12.0,12.0
1992-04-30,HO,0.0,-4.0,True,True,8.0,8.0
1992-04-30,HG,0.0,-8.0,True,True,16.0,16.0
1992-04-30,GF,0.0,4.0,True,True,8.0,8.0
1992-04-30,KE,0.0,6.0,True,True,12.0,12.0
1992-04-30,SB,0.0,9.0,True,True,18.0,18.0
1992-04-30,ZC,0.0,-11.0,True,True,22.0,22.0
1992-04-30,ZL,0.0,-14.0,True,True,28.0,28.0
1992-04-30,ZM,0.0,11.0,True,True,22.0,22.0
1992-04-30,ZS,0.0,-4.0,True,True,8.0,8.0
1992-04-30,ZW,0.0,5.0,True,True,10.0,10.0
1992-05-01,YAP,-3.0,2.0,False,False,3.0,3.0
1992-05-01,LLG,-2.0,1.0,False,False,2.0,2.0
1992-05-01,ZT,-2.0,4.0,False,False,2.0,2.0
1992-05-01,6C,2.0,-5.0,False,False,2.0,2.0
1992-05-01,BRN,7.0,1.0,False,False,7.0,7.0
1992-05-01,NG,1.0,-3.0,False,False,1.0,1.0
1992-05-01,HG,8.0,0.0,False,False,8.0,8.0
1992-05-01,CC,3.0,-7.0,False,False,3.0,3.0
1992-05-01,CT,2.0,-3.0,False,False,2.0,2.0
1992-05-01,GF,3.0,7.0,False,False,3.0,3.0
1992-05-01,HE,-2.0,4.0,False,False,2.0,2.0
1992-05-01,SB,-5.0,4.0,False,False,5.0,5.0
1992-05-01,ZC,-1.0,-12.0,False,False,1.0,1.0
1992-05-01,ZL,-1.0,-15.0,False,False,1.0,1.0
1992-05-01,ZS,1.0,-3.0,False,False,1.0,1.0
1992-05-12,GAS,0.0,-6.0,True,True,12.0,12.0
1992-05-19,CL,0.0,-6.0,True,True,12.0,12.0
1992-05-22,NG,0.0,-3.0,True,True,6.0,6.0
1992-05-22,GF,0.0,7.0,True,True,14.0,14.0
1992-05-28,LLG,0.0,1.0,True,True,2.0,2.0
1992-05-29,ZT,0.0,4.0,True,True,8.0,8.0
1992-05-29,ZF,0.0,6.0,True,True,12.0,12.0
1992-05-29,ZN,0.0,4.0,True,True,8.0,8.0
1992-05-29,ZB,0.0,4.0,True,True,8.0,8.0
1992-05-29,BRN,0.0,1.0,True,True,2.0,2.0
1992-05-29,HO,0.0,-4.0,True,True,8.0,8.0
1992-05-29,GC,0.0,-5.0,True,True,10.0,10.0
1992-06-01,YAP,1.0,3.0,False,False,1.0,1.0
1992-06-01,YXT,1.0,3.0,False,False,1.0,1.0
1992-06-01,6B,1.0,2.0,False,False,1.0,1.0
1992-06-01,6J,-1.0,2.0,False,False,1.0,1.0
1992-06-01,6S,2.0,2.0,False,False,2.0,2.0
1992-06-01,BRN,1.0,2.0,False,False,1.0,1.0
1992-06-01,CL,7.0,1.0,False,False,7.0,7.0
1992-06-01,GAS,6.0,0.0,False,False,6.0,6.0
1992-06-01,NG,6.0,3.0,False,False,6.0,6.0
1992-06-01,GC,-1.0,-6.0,False,False,1.0,1.0
1992-06-01,CT,1.0,-2.0,False,False,1.0,1.0
1992-06-01,HE,2.0,6.0,False,False,2.0,2.0
1992-06-01,RS,-51.0,-51.0,False,False,51.0,51.0
1992-06-01,SB,3.0,7.0,False,False,3.0,3.0
1992-06-01,ZL,4.0,-11.0,False,False,4.0,4.0
1992-06-01,ZM,-5.0,6.0,False,False,5.0,5.0
1992-06-01,ZS,1.0,-2.0,False,False,1.0,1.0
1992-06-08,LE,0.0,-6.0,True,True,12.0,12.0
1992-06-11,NKD,0.0,-1.0,True,True,2.0,2.0
1992-06-11,SNK,0.0,-1.0,True,True,2.0,2.0
1992-06-12,HE,0.0,6.0,True,True,12.0,12.0
1992-06-15,YXT,0.0,3.0,True,True,6.0,6.0
1992-06-15,YYT,0.0,7.0,True,True,14.0,14.0
1992-06-15,6B,0.0,2.0,True,True,4.0,4.0
1992-06-15,6C,0.0,-5.0,True,True,10.0,10.0
1992-06-15,6J,0.0,2.0,True,True,4.0,4.0
1992-06-15,6S,0.0,2.0,True,True,4.0,4.0
1992-06-17,CC,0.0,-7.0,True,True,14.0,14.0
1992-06-22,CL,0.0,1.0,True,True,2.0,2.0
1992-06-22,KC,0.0,-3.0,True,True,6.0,6.0
1992-06-24,NG,0.0,3.0,True,True,6.0,6.0
1992-06-24,CT,0.0,-2.0,True,True,4.0,4.0
1992-06-30,YAP,0.0,3.0,True,True,6.0,6.0
1992-06-30,BRN,0.0,2.0,True,True,4.0,4.0
1992-06-30,HO,0.0,-4.0,True,True,8.0,8.0
1992-06-30,KE,0.0,6.0,True,True,12.0,12.0
1992-06-30,SB,0.0,7.0,True,True,14.0,14.0
1992-06-30,ZC,0.0,-12.0,True,True,24.0,24.0
1992-06-30,ZL,0.0,-11.0,True,True,22.0,22.0
1992-06-30,ZM,0.0,6.0,True,True,12.0,12.0
1992-06-30,ZS,0.0,-2.0,True,True,4.0,4.0
1992-06-30,ZW,0.0,5.0,True,True,10.0,10.0
1992-07-01,YYT,1.0,8.0,False,False,1.0,1.0
1992-07-01,ZT,1.0,5.0,False,False,1.0,1.0
1992-07-01,ZF,1.0,7.0,False,False,1.0,1.0
1992-07-01,ZN,1.0,5.0,False,False,1.0,1.0
1992-07-01,6C,-3.0,-8.0,False,False,3.0,3.0
1992-07-01,CL,-7.0,-6.0,False,False,7.0,7.0
1992-07-01,GAS,-8.0,-8.0,False,False,8.0,8.0
1992-07-01,PL,-3.0,-3.0,False,False,3.0,3.0
1992-07-01,CC,-1.0,-8.0,False,False,1.0,1.0
1992-07-01,CT,-2.0,-4.0,False,False,2.0,2.0
1992-07-01,HE,-6.0,0.0,False,False,6.0,6.0
1992-07-01,KE,1.0,7.0,False,False,1.0,1.0
1992-07-01,LE,-3.0,-9.0,False,False,3.0,3.0
1992-07-01,SB,-5.0,2.0,False,False,5.0,5.0
1992-07-01,ZC,4.0,-8.0,False,False,4.0,4.0
1992-07-01,ZL,16.0,5.0,False,False,16.0,16.0
1992-07-01,ZM,1.0,7.0,False,False,1.0,1.0
1992-07-01,ZS,6.0,4.0,False,False,6.0,6.0
1992-07-02,RS,74.0,23.0,False,False,74.0,74.0
1992-07-10,GAS,0.0,-8.0,True,True,16.0,16.0
1992-07-21,CL,0.0,-6.0,True,True,12.0,12.0
1992-07-27,NG,0.0,3.0,True,True,6.0,6.0
1992-07-31,BRN,0.0,2.0,True,True,4.0,4.0
1992-07-31,HO,0.0,-4.0,True,True,8.0,8.0
1992-07-31,GC,0.0,-6.0,True,True,12.0,12.0
1992-07-31,ZL,0.0,5.0,True,True,10.0,10.0
1992-07-31,ZM,0.0,7.0,True,True,14.0,14.0
1992-07-31,ZS,0.0,4.0,True,True,8.0,8.0
1992-08-03,YAP,-4.0,-1.0,False,False,4.0,4.0
1992-08-03,ZF,-2.0,5.0,False,False,2.0,2.0
1992-08-03,6B,-1.0,1.0,False,False,1.0,1.0
1992-08-03,BRN,-2.0,0.0,False,False,2.0,2.0
1992-08-03,CL,7.0,1.0,False,False,7.0,7.0
1992-08-03,GC,3.0,-3.0,False,False,3.0,3.0
1992-08-03,PL,9.0,6.0,False,False,9.0,9.0
1992-08-03,LE,10.0,1.0,False,False,10.0,10.0
1992-08-03,SB,2.0,4.0,False,False,2.0,2.0
1992-08-03,ZL,-13.0,-8.0,False,False,13.0,13.0
1992-08-03,ZM,3.0,10.0,False,False,3.0,3.0
1992-08-03,ZS,-4.0,0.0,False,False,4.0,4.0
1992-08-03,ZW,1.0,6.0,False,False,1.0,1.0
1992-08-04,YAP,-6.0,-7.0,False,False,6.0,6.0
1992-08-04,RS,-63.0,-40.0,False,False,63.0,63.0
1992-08-10,LE,0.0,1.0,True,True,2.0,2.0
1992-08-12,GAS,0.0,-8.0,True,True,16.0,16.0
1992-08-18,CC,0.0,-8.0,True,True,16.0,16.0
1992-08-20,CL,0.0,1.0,True,True,2.0,2.0
1992-08-21,KC,0.0,-3.0,True,True,6.0,6.0
1992-08-25,NG,0.0,3.0,True,True,6.0,6.0
1992-08-27,LLG,0.0,1.0,True,True,2.0,2.0
1992-08-27,GF,0.0,7.0,True,True,14.0,14.0
1992-08-31,ZT,0.0,5.0,True,True,10.0,10.0
1992-08-31,ZF,0.0,5.0,True,True,10.0,10.0
1992-08-31,ZN,0.0,5.0,True,True,10.0,10.0
1992-08-31,ZB,0.0,4.0,True,True,8.0,8.0
1992-08-31,HO,0.0,-4.0,True,True,8.0,8.0
1992-08-31,KE,0.0,7.0,True,True,14.0,14.0
1992-08-31,ZC,0.0,-8.0,True,True,16.0,16.0
1992-08-31,ZL,0.0,-8.0,True,True,16.0,16.0
1992-08-31,ZM,0.0,10.0,True,True,20.0,20.0
1992-08-31,ZW,0.0,6.0,True,True,12.0,12.0
1992-09-01,SNK,1.0,0.0,False,False,1.0,1.0
1992-09-01,YAP,1.0,-6.0,False,False,1.0,1.0
1992-09-01,LLG,-2.0,-1.0,False,False,2.0,2.0
1992-09-01,YXT,-1.0,2.0,False,False,1.0,1.0
1992-09-01,YYT,-6.0,2.0,False,False,6.0,6.0
1992-09-01,ZN,-2.0,3.0,False,False,2.0,2.0
1992-09-01,ZB,-1.0,3.0,False,False,1.0,1.0
1992-09-01,6C,4.0,-4.0,False,False,4.0,4.0
1992-09-01,CL,-7.0,-6.0,False,False,7.0,7.0
1992-09-01,NG,-1.0,2.0,False,False,1.0,1.0
1992-09-01,PL,-8.0,-2.0,False,False,8.0,8.0
1992-09-01,CC,4.0,-4.0,False,False,4.0,4.0
1992-09-01,GF,-6.0,1.0,False,False,6.0,6.0
1992-09-01,KC,1.0,-2.0,False,False,1.0,1.0
1992-09-01,LE,-1.0,0.0,False,False,1.0,1.0
1992-09-01,RS,25.0,-15.0,False,False,25.0,25.0
1992-09-01,ZC,4.0,-4.0,False,False,4.0,4.0
1992-09-01,ZL,2.0,-6.0,False,False,2.0,2.0
1992-09-01,ZM,-17.0,-7.0,False,False,17.0,17.0
1992-09-10,NKD,0.0,-1.0,True,True,2.0,2.0
1992-09-10,GAS,0.0,-8.0,True,True,16.0,16.0
1992-09-14,6B,0.0,1.0,True,True,2.0,2.0
1992-09-14,6C,0.0,-4.0,True,True,8.0,8.0
1992-09-14,6J,0.0,2.0,True,True,4.0,4.0
1992-09-14,6S,0.0,2.0,True,True,4.0,4.0
1992-09-15,YXT,0.0,2.0,True,True,4.0,4.0
1992-09-15,YYT,0.0,2.0,True,True,4.0,4.0
1992-09-22,CL,0.0,-6.0,True,True,12.0,12.0
1992-09-24,NG,0.0,2.0,True,True,4.0,4.0
1992-09-24,GF,0.0,1.0,True,True,2.0,2.0
1992-09-30,YAP,0.0,-6.0,True,True,12.0,12.0
1992-09-30,HO,0.0,-4.0,True,True,8.0,8.0
1992-09-30,PL,0.0,-2.0,True,True,4.0,4.0
1992-09-30,SB,0.0,4.0,True,True,8.0,8.0
1992-09-30,ZL,0.0,-6.0,True,True,12.0,12.0
1992-09-30,ZM,0.0,-7.0,True,True,14.0,14.0
1992-10-01,YAP,4.0,-2.0,False,False,4.0,4.0
1992-10-01,LLG,2.0,1.0,False,False,2.0,2.0
1992-10-01,6C,1.0,-3.0,False,False,1.0,1.0
1992-10-01,6S,-1.0,1.0,False,False,1.0,1.0
1992-10-01,BRN,-9.0,-9.0,False,False,9.0,9.0
1992-10-01,HO,-1.0,-5.0,False,False,1.0,1.0
1992-10-01,NG,-1.0,1.0,False,False,1.0,1.0
1992-10-01,HG,-5.0,-5.0,False,False,5.0,5.0
1992-10-01,PL,2.0,0.0,False,False,2.0,2.0
1992-10-01,GF,9.0,10.0,False,False,9.0,9.0
1992-10-01,KC,-1.0,-3.0,False,False,1.0,1.0
1992-10-01,LE,10.0,10.0,False,False,10.0,10.0
1992-10-01,ZC,-4.0,-8.0,False,False,4.0,4.0
1992-10-01,ZM,-4.0,-11.0,False,False,4.0,4.0
1992-10-05,LE,0.0,10.0,True,True,20.0,20.0
1992-10-12,GAS,0.0,-8.0,True,True,16.0,16.0
1992-10-20,CL,0.0,-6.0,True,True,12.0,12.0
1992-10-26,NG,0.0,1.0,True,True,2.0,2.0
1992-10-29,GF,0.0,10.0,True,True,20.0,20.0
1992-10-30,BRN,0.0,-9.0,True,True,18.0,18.0
1992-10-30,HO,0.0,-5.0,True,True,10.0,10.0
1992-10-30,RS,0.0,-15.0,True,True,30.0,30.0
1992-11-02,YYT,3.0,5.0,False,False,3.0,3.0
1992-11-02,ZF,-2.0,3.0,False,False,2.0,2.0
1992-11-02,6B,-1.0,0.0,False,False,1.0,1.0
1992-11-02,HO,1.0,-4.0,False,False,1.0,1.0
1992-11-02,CC,-2.0,-6.0,False,False,2.0,2.0
1992-11-02,GF,-1.0,9.0,False,False,1.0,1.0
1992-11-02,KE,-9.0,-2.0,False,False,9.0,9.0
1992-11-02,LE,-1.0,9.0,False,False,1.0,1.0
1992-11-02,RS,26.0,11.0,False,False,26.0,26.0
1992-11-12,GAS,0.0,-8.0,True,True,16.0,16.0
1992-11-17,CC,0.0,-6.0,True,True,12.0,12.0
1992-11-19,GF,0.0,9.0,True,True,18.0,18.0
1992-11-20,CL,0.0,-6.0,True,True,12.0,12.0
1992-11-20,NG,0.0,1.0,True,True,2.0,2.0
1992-11-20,KC,0.0,-3.0,True,True,6.0,6.0
1992-11-24,CT,0.0,-4.0,True,True,8.0,8.0
1992-11-27,LLG,0.0,1.0,True,True,2.0,2.0
1992-11-30,ZT,0.0,5.0,True,True,10.0,10.0
1992-11-30,ZF,0.0,3.0,True,True,6.0,6.0
1992-11-30,ZN,0.0,3.0,True,True,6.0,6.0
1992-11-30,ZB,0.0,3.0,True,True,6.0,6.0
1992-11-30,BRN,0.0,-9.0,True,True,18.0,18.0
1992-11-30,HO,0.0,-4.0,True,True,8.0,8.0
1992-11-30,GC,0.0,-3.0,True,True,6.0,6.0
1992-11-30,HG,0.0,-5.0,True,True,10.0,10.0
1992-11-30,KE,0.0,-2.0,True,True,4.0,4.0
1992-11-30,ZC,0.0,-8.0,True,True,16.0,16.0
1992-11-30,ZL,0.0,-6.0,True,True,12.0,12.0
1992-11-30,ZM,0.0,-11.0,True,True,22.0,22.0
1992-11-30,ZW,0.0,6.0,True,True,12.0,12.0
1992-12-01,NKD,1.0,0.0,False,False,1.0,1.0
1992-12-01,YAP,-1.0,-3.0,False,False,1.0,1.0
1992-12-01,LLG,1.0,2.0,False,False,1.0,1.0
1992-12-01,YXT,1.0,3.0,False,False,1.0,1.0
1992-12-01,ZF,2.0,5.0,False,False,2.0,2.0
1992-12-01,BRN,10.0,1.0,False,False,10.0,10.0
1992-12-01,HO,-1.0,-5.0,False,False,1.0,1.0
1992-12-01,NG,1.0,2.0,False,False,1.0,1.0
1992-12-01,GC,3.0,0.0,False,False,3.0,3.0
1992-12-01,SI,-1.0,-1.0,False,False,1.0,1.0
1992-12-01,GF,1.0,10.0,False,False,1.0,1.0
1992-12-01,KC,2.0,-1.0,False,False,2.0,2.0
1992-12-01,KE,-1.0,-3.0,False,False,1.0,1.0
1992-12-01,LE,1.0,10.0,False,False,1.0,1.0
1992-12-01,RS,7.0,18.0,False,False,7.0,7.0
1992-12-01,ZC,-4.0,-12.0,False,False,4.0,4.0
1992-12-01,ZL,-3.0,-9.0,False,False,3.0,3.0
1992-12-01,ZS,7.0,7.0,False,False,7.0,7.0
1992-12-01,ZW,3.0,9.0,False,False,3.0,3.0
1992-12-07,LE,0.0,10.0,True,True,20.0,20.0
1992-12-10,GAS,0.0,-8.0,True,True,16.0,16.0
1992-12-14,6C,0.0,-3.0,True,True,6.0,6.0
1992-12-14,6J,0.0,2.0,True,True,4.0,4.0
1992-12-14,6S,0.0,1.0,True,True,2.0,2.0
1992-12-15,YXT,0.0,3.0,True,True,6.0,6.0
1992-12-15,YYT,0.0,5.0,True,True,10.0,10.0
1992-12-21,CL,0.0,-6.0,True,True,12.0,12.0
1992-12-23,NG,0.0,2.0,True,True,4.0,4.0
1992-12-31,YAP,0.0,-3.0,True,True,6.0,6.0
1992-12-31,BRN,0.0,1.0,True,True,2.0,2.0
1992-12-31,HO,0.0,-5.0,True,True,10.0,10.0
1992-12-31,RS,0.0,18.0,True,True,36.0,36.0
1992-12-31,ZL,0.0,-9.0,True,True,18.0,18.0
1992-12-31,ZM,0.0,-11.0,True,True,22.0,22.0
1992-12-31,ZS,0.0,7.0,True,True,14.0,14.0
1993-01-04,YAP,3.0,0.0,False,False,3.0,3.0
1993-01-04,LLG,1.0,3.0,False,False,1.0,1.0
1993-01-04,YXT,2.0,5.0,False,False,2.0,2.0
1993-01-04,YYT,7.0,12.0,False,False,7.0,7.0
1993-01-04,ZT,5.0,10.0,False,False,5.0,5.0
1993-01-04,ZF,4.0,9.0,False,False,4.0,4.0
1993-01-04,ZN,4.0,7.0,False,False,4.0,4.0
1993-01-04,ZB,4.0,7.0,False,False,4.0,4.0
1993-01-04,6B,-2.0,-2.0,False,False,2.0,2.0
1993-01-04,6C,-4.0,-7.0,False,False,4.0,4.0
1993-01-04,6J,-1.0,1.0,False,False,1.0,1.0
1993-01-04,6S,1.0,2.0,False,False,1.0,1.0
1993-01-04,BRN,3.0,4.0,False,False,3.0,3.0
1993-01-04,CL,8.0,2.0,False,False,8.0,8.0
1993-01-04,GAS,-1.0,-9.0,False,False,1.0,1.0
1993-01-04,NG,2.0,4.0,False,False,2.0,2.0
1993-01-04,HG,5.0,0.0,False,False,5.0,5.0
1993-01-04,PL,15.0,15.0,False,False,15.0,15.0
1993-01-04,SI,1.0,0.0,False,False,1.0,1.0
1993-01-04,CC,-6.0,-12.0,False,False,6.0,6.0
1993-01-04,CT,-3.0,-7.0,False,False,3.0,3.0
1993-01-04,KC,-1.0,-2.0,False,False,1.0,1.0
1993-01-04,KE,3.0,0.0,False,False,3.0,3.0
1993-01-04,LE,5.0,15.0,False,False,5.0,5.0
1993-01-04,RS,19.0,37.0,False,False,19.0,19.0
1993-01-04,SB,-2.0,2.0,False,False,2.0,2.0
1993-01-04,ZC,-8.0,-20.0,False,False,8.0,8.0
1993-01-04,ZL,-5.0,-14.0,False,False,5.0,5.0
1993-01-04,ZM,-8.0,-19.0,False,False,8.0,8.0
1993-01-04,ZS,-7.0,0.0,False,False,7.0,7.0
1993-01-04,ZW,-11.0,-2.0,False,False,11.0,11.0
1993-01-12,GAS,0.0,-9.0,True,True,18.0,18.0
1993-01-20,CL,0.0,2.0,True,True,4.0,4.0
1993-01-25,NG,0.0,4.0,True,True,8.0,8.0
1993-01-28,GF,0.0,10.0,True,True,20.0,20.0
1993-01-29,BRN,0.0,4.0,True,True,8.0,8.0
1993-01-29,HO,0.0,-5.0,True,True,10.0,10.0
1993-02-01,YAP,-2.0,-2.0,False,False,2.0,2.0
1993-02-01,YYT,1.0,13.0,False,False,1.0,1.0
1993-02-01,ZT,1.0,11.0,False,False,1.0,1.0
1993-02-01,ZF,1.0,10.0,False,False,1.0,1.0
1993-02-01,6C,-1.0,-8.0,False,False,1.0,1.0
1993-02-01,6S,1.0,3.0,False,False,1.0,1.0
1993-02-01,CL,1.0,3.0,False,False,1.0,1.0
1993-02-01,HG,-7.0,-7.0,False,False,7.0,7.0
1993-02-01,PL,-15.0,0.0,False,False,15.0,15.0
1993-02-01,CC,-1.0,-13.0,False,False,1.0,1.0
1993-02-01,HE,3.0,3.0,False,False,3.0,3.0
1993-02-01,KC,-1.0,-3.0,False,False,1.0,1.0
1993-02-01,LE,-7.0,8.0,False,False,7.0,7.0
1993-02-01,RS,2.0,39.0,False,False,2.0,2.0
1993-02-01,ZC,-1.0,-21.0,False,False,1.0,1.0
1993-02-01,ZL,-1.0,-15.0,False,False,1.0,1.0
1993-02-01,ZM,-1.0,-20.0,False,False,1.0,1.0
1993-02-01,ZW,2.0,0.0,False,False,2.0,2.0
1993-02-08,LE,0.0,8.0,True,True,16.0,16.0
1993-02-11,GAS,0.0,-9.0,True,True,18.0,18.0
1993-02-12,HE,0.0,3.0,True,True,6.0,6.0
1993-02-16,CC,0.0,-13.0,True,True,26.0,26.0
1993-02-18,KC,0.0,-3.0,True,True,6.0,6.0
1993-02-22,CL,0.0,3.0,True,True,6.0,6.0
1993-02-22,NG,0.0,4.0,True,True,8.0,8.0
1993-02-22,CT,0.0,-7.0,True,True,14.0,14.0
1993-02-25,LLG,0.0,3.0,True,True,6.0,6.0
1993-02-26,ZT,0.0,11.0,True,True,22.0,22.0
1993-02-26,ZF,0.0,10.0,True,True,20.0,20.0
1993-02-26,ZN,0.0,7.0,True,True,14.0,14.0
1993-02-26,ZB,0.0,7.0,True,True,14.0,14.0
1993-02-26,BRN,0.0,4.0,True,True,8.0,8.0
1993-02-26,HO,0.0,-5.0,True,True,10.0,10.0
1993-02-26,HG,0.0,-7.0,True,True,14.0,14.0
1993-02-26,RS,0.0,39.0,True,True,78.0,78.0
1993-02-26,SB,0.0,2.0,True,True,4.0,4.0
1993-02-26,ZC,0.0,-21.0,True,True,42.0,42.0
1993-02-26,ZL,0.0,-15.0,True,True,30.0,30.0
1993-02-26,ZM,0.0,-20.0,True,True,40.0,40.0
1993-03-01,LLG,-2.0,1.0,False,False,2.0,2.0
1993-03-01,YXT,1.0,6.0,False,False,1.0,1.0
1993-03-01,YYT,1.0,14.0,False,False,1.0,1.0
1993-03-01,ZT,1.0,12.0,False,False,1.0,1.0
1993-03-01,ZN,1.0,8.0,False,False,1.0,1.0
1993-03-01,ZB,1.0,8.0,False,False,1.0,1.0
1993-03-01,6B,2.0,0.0,False,False,2.0,2.0
1993-03-01,6C,3.0,-5.0,False,False,3.0,3.0
1993-03-01,6J,2.0,3.0,False,False,2.0,2.0
1993-03-01,BRN,5.0,9.0,False,False,5.0,5.0
1993-03-01,GAS,-1.0,-10.0,False,False,1.0,1.0
1993-03-01,HO,10.0,5.0,False,False,10.0,10.0
1993-03-01,HG,-3.0,-10.0,False,False,3.0,3.0
1993-03-01,CC,-1.0,-14.0,False,False,1.0,1.0
1993-03-01,CT,9.0,2.0,False,False,9.0,9.0
1993-03-01,GF,1.0,11.0,False,False,1.0,1.0
1993-03-01,HE,-1.0,2.0,False,False,1.0,1.0
1993-03-01,LE,1.0,9.0,False,False,1.0,1.0
1993-03-01,RS,18.0,57.0,False,False,18.0,18.0
1993-03-01,SB,7.0,9.0,False,False,7.0,7.0
1993-03-01,ZC,-17.0,-38.0,False,False,17.0,17.0
1993-03-01,ZL,-1.0,-16.0,False,False,1.0,1.0
1993-03-01,ZM,-11.0,-31.0,False,False,11.0,11.0
1993-03-02,CL,3.0,6.0,False,False,3.0,3.0
1993-03-02,NG,2.0,6.0,False,False,2.0,2.0
1993-03-11,GAS,0.0,-10.0,True,True,20.0,20.0
1993-03-15,YXT,0.0,6.0,True,True,12.0,12.0
1993-03-15,YYT,0.0,14.0,True,True,28.0,28.0
1993-03-15,6C,0.0,-5.0,True,True,10.0,10.0
1993-03-15,6J,0.0,3.0,True,True,6.0,6.0
1993-03-15,6S,0.0,3.0,True,True,6.0,6.0
1993-03-22,CL,0.0,6.0,True,True,12.0,12.0
1993-03-25,NG,0.0,6.0,True,True,12.0,12.0
1993-03-25,GF,0.0,11.0,True,True,22.0,22.0
1993-03-31,YAP,0.0,-2.0,True,True,4.0,4.0
1993-03-31,BRN,0.0,9.0,True,True,18.0,18.0
1993-03-31,HO,0.0,5.0,True,True,10.0,10.0
1993-04-01,SNK,3.0,3.0,False,False,3.0,3.0
1993-04-01,YAP,12.0,10.0,False,False,12.0,12.0
1993-04-01,YXT,-3.0,3.0,False,False,3.0,3.0
1993-04-01,ZF,-2.0,8.0,False,False,2.0,2.0
1993-04-01,ZN,-2.0,6.0,False,False,2.0,2.0
1993-04-01,ZB,-4.0,4.0,False,False,4.0,4.0
1993-04-01,6B,-3.0,-3.0,False,False,3.0,3.0
1993-04-01,6C,-5.0,-10.0,False,False,5.0,5.0
1993-04-01,6J,-1.0,2.0,False,False,1.0,1.0
1993-04-01,6S,1.0,4.0,False,False,1.0,1.0
1993-04-01,CL,-15.0,-9.0,False,False,15.0,15.0
1993-04-01,HO,-10.0,-5.0,False,False,10.0,10.0
1993-04-01,HG,-1.0,-11.0,False,False,1.0,1.0
1993-04-01,PL,14.0,14.0,False,False,14.0,14.0
1993-04-01,CT,1.0,3.0,False,False,1.0,1.0
1993-04-01,GF,1.0,12.0,False,False,1.0,1.0
1993-04-01,HE,-1.0,1.0,False,False,1.0,1.0
1993-04-01,RS,2.0,59.0,False,False,2.0,2.0
1993-04-01,SB,-3.0,6.0,False,False,3.0,3.0
1993-04-01,ZC,-1.0,-39.0,False,False,1.0,1.0
1993-04-01,ZL,-1.0,-17.0,False,False,1.0,1.0
1993-04-01,ZM,-1.0,-32.0,False,False,1.0,1.0
1993-04-01,ZS,15.0,15.0,False,False,15.0,15.0
1993-04-01,ZW,12.0,12.0,False,False,12.0,12.0
1993-04-05,LE,0.0,9.0,True,True,18.0,18.0
1993-04-13,GAS,0.0,-10.0,True,True,20.0,20.0
1993-04-14,HE,0.0,1.0,True,True,2.0,2.0
1993-04-20,CL,0.0,-9.0,True,True,18.0,18.0
1993-04-20,CC,0.0,-14.0,True,True,28.0,28.0
1993-04-22,KC,0.0,-3.0,True,True,6.0,6.0
1993-04-26,NG,0.0,6.0,True,True,12.0,12.0
1993-04-26,CT,0.0,3.0,True,True,6.0,6.0
1993-04-29,GF,0.0,12.0,True,True,24.0,24.0
1993-04-30,BRN,0.0,9.0,True,True,18.0,18.0
1993-04-30,HO,0.0,-5.0,True,True,10.0,10.0
1993-04-30,HG,0.0,-11.0,True,True,22.0,22.0
1993-04-30,SB,0.0,6.0,True,True,12.0,12.0
1993-04-30,ZC,0.0,-39.0,True,True,78.0,78.0
1993-04-30,ZL,0.0,-17.0,True,True,34.0,34.0
1993-04-30,ZM,0.0,-32.0,True,True,64.0,64.0
1993-04-30,ZS,0.0,15.0,True,True,30.0,30.0
1993-04-30,ZW,0.0,12.0,True,True,24.0,24.0
1993-05-03,NKD,2.0,2.0,False,False,2.0,2.0
1993-05-03,YAP,-13.0,-3.0,False,False,13.0,13.0
1993-05-03,YXT,1.0,4.0,False,False,1.0,1.0
1993-05-03,YYT,1.0,15.0,False,False,1.0,1.0
1993-05-03,ZT,1.0,13.0,False,False,1.0,1.0
1993-05-03,ZB,1.0,5.0,False,False,1.0,1.0
1993-05-03,6C,-1.0,-11.0,False,False,1.0,1.0
1993-05-03,6J,-1.0,1.0,False,False,1.0,1.0
1993-05-03,CL,-4.0,-13.0,False,False,4.0,4.0
1993-05-03,HO,-3.0,-8.0,False,False,3.0,3.0
1993-05-03,NG,-3.0,3.0,False,False,3.0,3.0
1993-05-03,GC,12.0,12.0,False,False,12.0,12.0
1993-05-03,HG,4.0,-7.0,False,False,4.0,4.0
1993-05-03,PL,1.0,15.0,False,False,1.0,1.0
1993-05-03,SI,10.0,10.0,False,False,10.0,10.0
1993-05-03,CC,9.0,-5.0,False,False,9.0,9.0
1993-05-03,CT,-9.0,-6.0,False,False,9.0,9.0
1993-05-03,HE,2.0,3.0,False,False,2.0,2.0
1993-05-03,KC,1.0,-2.0,False,False,1.0,1.0
1993-05-03,LE,5.0,14.0,False,False,5.0,5.0
1993-05-03,RS,-18.0,41.0,False,False,18.0,18.0
1993-05-03,SB,-2.0,4.0,False,False,2.0,2.0
1993-05-03,ZC,17.0,-22.0,False,False,17.0,17.0
1993-05-03,ZL,-1.0,-18.0,False,False,1.0,1.0
1993-05-03,ZM,-2.0,-34.0,False,False,2.0,2.0
1993-05-03,ZS,-15.0,0.0,False,False,15.0,15.0
1993-05-03,ZW,1.0,13.0,False,False,1.0,1.0
1993-05-04,LLG,1.0,2.0,False,False,1.0,1.0
1993-05-04,BRN,-23.0,-14.0,False,False,23.0,23.0
1993-05-04,GAS,-1.0,-11.0,False,False,1.0,1.0
1993-05-06,SNK,-1.0,2.0,False,False,1.0,1.0
1993-05-12,GAS,0.0,-11.0,True,True,22.0,22.0
1993-05-20,CL,0.0,-13.0,True,True,26.0,26.0
1993-05-24,NG,0.0,3.0,True,True,6.0,6.0
1993-05-27,LLG,0.0,2.0,True,True,4.0,4.0
1993-05-27,GF,0.0,12.0,True,True,24.0,24.0
1993-05-28,ZT,0.0,13.0,True,True,26.0,26.0
1993-05-28,ZF,0.0,8.0,True,True,16.0,16.0
1993-05-28,ZN,0.0,6.0,True,True,12.0,12.0
1993-05-28,ZB,0.0,5.0,True,True,10.0,10.0
1993-05-28,HO,0.0,-8.0,True,True,16.0,16.0
1993-05-28,GC,0.0,12.0,True,True,24.0,24.0
1993-05-31,RS,0.0,41.0,True,True,82.0,82.0
1993-06-01,YAP,11.0,8.0,False,False,11.0,11.0
1993-06-01,LLG,1.0,3.0,False,False,1.0,1.0
1993-06-01,YXT,1.0,5.0,False,False,1.0,1.0
1993-06-01,ZT,-13.0,0.0,False,False,13.0,13.0
1993-06-01,ZF,3.0,11.0,False,False,3.0,3.0
1993-06-01,6B,2.0,-1.0,False,False,2.0,2.0
1993-06-01,6C,6.0,-5.0,False,False,6.0,6.0
1993-06-01,6J,1.0,2.0,False,False,1.0,1.0
1993-06-01,BRN,0.0,-14.0,True,True,28.0,28.0
1993-06-01,GC,-4.0,8.0,False,False,4.0,4.0
1993-06-01,PL,-5.0,10.0,False,False,5.0,5.0
1993-06-01,SI,-4.0,6.0,False,False,4.0,4.0
1993-06-01,CC,-15.0,-20.0,False,False,15.0,15.0
1993-06-01,CT,3.0,-3.0,False,False,3.0,3.0
1993-06-01,GF,-12.0,0.0,False,False,12.0,12.0
1993-06-01,KC,-1.0,-3.0,False,False,1.0,1.0
1993-06-01,SB,-1.0,3.0,False,False,1.0,1.0
1993-06-01,ZL,5.0,-13.0,False,False,5.0,5.0
1993-06-01,ZW,-13.0,0.0,False,False,13.0,13.0
1993-06-07,LE,0.0,14.0,True,True,28.0,28.0
1993-06-10,NKD,0.0,2.0,True,True,4.0,4.0
1993-06-10,SNK,0.0,2.0,True,True,4.0,4.0
1993-06-10,GAS,0.0,-11.0,True,True,22.0,22.0
1993-06-14,6B,0.0,-1.0,True,True,2.0,2.0
1993-06-14,6C,0.0,-5.0,True,True,10.0,10.0
1993-06-14,6J,0.0,2.0,True,True,4.0,4.0
1993-06-14,6S,0.0,4.0,True,True,8.0,8.0
1993-06-14,HE,0.0,3.0,True,True,6.0,6.0
1993-06-15,YXT,0.0,5.0,True,True,10.0,10.0
1993-06-15,YYT,0.0,15.0,True,True,30.0,30.0
1993-06-17,CC,0.0,-20.0,True,True,40.0,40.0
1993-06-22,CL,0.0,-13.0,True,True,26.0,26.0
1993-06-22,KC,0.0,-3.0,True,True,6.0,6.0
1993-06-24,NG,0.0,3.0,True,True,6.0,6.0
1993-06-24,CT,0.0,-3.0,True,True,6.0,6.0
1993-06-30,YAP,0.0,8.0,True,True,16.0,16.0
1993-06-30,BRN,0.0,-14.0,True,True,28.0,28.0
1993-06-30,HO,0.0,-8.0,True,True,16.0,16.0
1993-06-30,HG,0.0,-7.0,True,True,14.0,14.0
1993-06-30,PL,0.0,10.0,True,True,20.0,20.0
1993-06-30,SI,0.0,6.0,True,True,12.0,12.0
1993-06-30,SB,0.0,3.0,True,True,6.0,6.0
1993-06-30,ZC,0.0,-22.0,True,True,44.0,44.0
1993-06-30,ZL,0.0,-13.0,True,True,26.0,26.0
1993-06-30,ZM,0.0,-34.0,True,True,68.0,68.0
1993-07-01,ZT,6.0,6.0,False,False,6.0,6.0
1993-07-01,ZN,1.0,7.0,False,False,1.0,1.0
1993-07-01,6B,-2.0,-3.0,False,False,2.0,2.0
1993-07-01,6C,-5.0,-10.0,False,False,5.0,5.0
1993-07-01,6J,-1.0,1.0,False,False,1.0,1.0
1993-07-01,6S,-7.0,-3.0,False,False,7.0,7.0
1993-07-01,PL,1.0,11.0,False,False,1.0,1.0
1993-07-01,CC,20.0,0.0,False,False,20.0,20.0
1993-07-01,GF,4.0,4.0,False,False,4.0,4.0
1993-07-01,HE,1.0,4.0,False,False,1.0,1.0
1993-07-01,KC,2.0,-1.0,False,False,2.0,2.0
1993-07-01,SB,-9.0,-6.0,False,False,9.0,9.0
1993-07-01,ZC,10.0,-12.0,False,False,10.0,10.0
1993-07-01,ZL,23.0,10.0,False,False,23.0,23.0
1993-07-01,ZM,37.0,3.0,False,False,37.0,37.0
1993-07-01,ZS,6.0,6.0,False,False,6.0,6.0
1993-07-01,ZW,14.0,14.0,False,False,14.0,14.0
1993-07-02,RS,1.0,42.0,False,False,1.0,1.0
1993-07-12,GAS,0.0,-11.0,True,True,22.0,22.0
1993-07-14,HE,0.0,4.0,True,True,8.0,8.0
1993-07-20,CL,0.0,-13.0,True,True,26.0,26.0
1993-07-26,NG,0.0,3.0,True,True,6.0,6.0
1993-07-30,BRN,0.0,-14.0,True,True,28.0,28.0
1993-07-30,HO,0.0,-8.0,True,True,16.0,16.0
1993-07-30,GC,0.0,8.0,True,True,16.0,16.0
1993-07-30,ZL,0.0,10.0,True,True,20.0,20.0
1993-07-30,ZM,0.0,3.0,True,True,6.0,6.0
1993-07-30,ZS,0.0,6.0,True,True,12.0,12.0
1993-08-02,NKD,-2.0,0.0,False,False,2.0,2.0
1993-08-02,YAP,1.0,9.0,False,False,1.0,1.0
1993-08-02,YXT,-1.0,4.0,False,False,1.0,1.0
1993-08-02,YYT,2.0,17.0,False,False,2.0,2.0
1993-08-02,ZT,1.0,7.0,False,False,1.0,1.0
1993-08-02,ZF,-3.0,8.0,False,False,3.0,3.0
1993-08-02,6C,-1.0,-11.0,False,False,1.0,1.0
1993-08-02,BRN,8.0,-6.0,False,False,8.0,8.0
1993-08-02,CL,6.0,-7.0,False,False,6.0,6.0
1993-08-02,GAS,-1.0,-12.0,False,False,1.0,1.0
1993-08-02,HO,2.0,-6.0,False,False,2.0,2.0
1993-08-02,NG,1.0,4.0,False,False,1.0,1.0
1993-08-02,GC,-5.0,3.0,False,False,5.0,5.0
1993-08-02,HG,-1.0,-8.0,False,False,1.0,1.0
1993-08-02,PL,-3.0,8.0,False,False,3.0,3.0
1993-08-02,SI,-3.0,3.0,False,False,3.0,3.0
1993-08-02,CC,-9.0,-9.0,False,False,9.0,9.0
1993-08-02,CT,7.0,4.0,False,False,7.0,7.0
1993-08-02,KC,4.0,3.0,False,False,4.0,4.0
1993-08-02,KE,8.0,8.0,False,False,8.0,8.0
1993-08-02,LE,-6.0,8.0,False,False,6.0,6.0
1993-08-02,SB,-1.0,-7.0,False,False,1.0,1.0
1993-08-02,ZC,5.0,-7.0,False,False,5.0,5.0
1993-08-02,ZL,-3.0,7.0,False,False,3.0,3.0
1993-08-02,ZM,-1.0,2.0,False,False,1.0,1.0
1993-08-02,ZS,-3.0,3.0,False,False,3.0,3.0
1993-08-02,ZW,-6.0,8.0,False,False,6.0,6.0
1993-08-03,RS,-16.0,26.0,False,False,16.0,16.0
1993-08-09,LE,0.0,8.0,True,True,16.0,16.0
1993-08-12,GAS,0.0,-12.0,True,True,24.0,24.0
1993-08-13,HE,0.0,4.0,True,True,8.0,8.0
1993-08-18,CC,0.0,-9.0,True,True,18.0,18.0
1993-08-20,CL,0.0,-7.0,True,True,14.0,14.0
1993-08-23,KC,0.0,3.0,True,True,6.0,6.0
1993-08-25,NG,0.0,4.0,True,True,8.0,8.0
1993-08-26,GF,0.0,4.0,True,True,8.0,8.0
1993-08-27,LLG,0.0,3.0,True,True,6.0,6.0
1993-08-31,ZT,0.0,7.0,True,True,14.0,14.0
1993-08-31,ZF,0.0,8.0,True,True,16.0,16.0
1993-08-31,ZN,0.0,7.0,True,True,14.0,14.0
1993-08-31,ZB,0.0,5.0,True,True,10.0,10.0
1993-08-31,BRN,0.0,-6.0,True,True,12.0,12.0
1993-08-31,HO,0.0,-6.0,True,True,12.0,12.0
1993-08-31,HG,0.0,-8.0,True,True,16.0,16.0
1993-08-31,SI,0.0,3.0,True,True,6.0,6.0
1993-08-31,KE,0.0,8.0,True,True,16.0,16.0
1993-08-31,ZC,0.0,-7.0,True,True,14.0,14.0
1993-08-31,ZL,0.0,7.0,True,True,14.0,14.0
1993-08-31,ZM,0.0,2.0,True,True,4.0,4.0
1993-08-31,ZS,0.0,3.0,True,True,6.0,6.0
1993-08-31,ZW,0.0,8.0,True,True,16.0,16.0
1993-09-01,SNK,1.0,3.0,False,False,1.0,1.0
1993-09-01,LLG,1.0,4.0,False,False,1.0,1.0
1993-09-01,YXT,2.0,6.0,False,False,2.0,2.0
1993-09-01,ZF,-2.0,6.0,False,False,2.0,2.0
1993-09-01,6B,1.0,-2.0,False,False,1.0,1.0
1993-09-01,6C,9.0,-2.0,False,False,9.0,9.0
1993-09-01,BRN,-5.0,-11.0,False,False,5.0,5.0
1993-09-01,CL,-3.0,-10.0,False,False,3.0,3.0
1993-09-01,NG,1.0,5.0,False,False,1.0,1.0
1993-09-01,CC,5.0,-4.0,False,False,5.0,5.0
1993-09-01,CT,1.0,5.0,False,False,1.0,1.0
1993-09-01,GF,2.0,6.0,False,False,2.0,2.0
1993-09-01,HE,-1.0,3.0,False,False,1.0,1.0
1993-09-01,KE,5.0,13.0,False,False,5.0,5.0
1993-09-01,LE,4.0,12.0,False,False,4.0,4.0
1993-09-01,RS,1.0,27.0,False,False,1.0,1.0
1993-09-01,ZC,-11.0,-18.0,False,False,11.0,11.0
1993-09-01,ZL,1.0,8.0,False,False,1.0,1.0
1993-09-01,ZM,7.0,9.0,False,False,7.0,7.0
1993-09-01,ZS,-1.0,2.0,False,False,1.0,1.0
1993-09-01,ZW,3.0,11.0,False,False,3.0,3.0
1993-09-09,SNK,0.0,3.0,True,True,6.0,6.0
1993-09-10,GAS,0.0,-12.0,True,True,24.0,24.0
1993-09-13,6B,0.0,-2.0,True,True,4.0,4.0
1993-09-13,6C,0.0,-2.0,True,True,4.0,4.0
1993-09-13,6J,0.0,1.0,True,True,2.0,2.0
1993-09-13,6S,0.0,-3.0,True,True,6.0,6.0
1993-09-15,YXT,0.0,6.0,True,True,12.0,12.0
1993-09-15,YYT,0.0,17.0,True,True,34.0,34.0
1993-09-21,CL,0.0,-10.0,True,True,20.0,20.0
1993-09-24,NG,0.0,5.0,True,True,10.0,10.0
1993-09-30,YAP,0.0,9.0,True,True,18.0,18.0
1993-09-30,BRN,0.0,-11.0,True,True,22.0,22.0
1993-09-30,HO,0.0,-6.0,True,True,12.0,12.0
1993-09-30,PL,0.0,8.0,True,True,16.0,16.0
1993-09-30,GF,0.0,6.0,True,True,12.0,12.0
1993-09-30,SB,0.0,-7.0,True,True,14.0,14.0
1993-09-30,ZL,0.0,8.0,True,True,16.0,16.0
1993-09-30,ZM,0.0,9.0,True,True,18.0,18.0
1993-10-01,SNK,-1.0,2.0,False,False,1.0,1.0
1993-10-01,YAP,-5.0,4.0,False,False,5.0,5.0
1993-10-01,LLG,-2.0,2.0,False,False,2.0,2.0
1993-10-01,YXT,-4.0,2.0,False,False,4.0,4.0
1993-10-01,YYT,-7.0,10.0,False,False,7.0,7.0
1993-10-01,ZN,-3.0,4.0,False,False,3.0,3.0
1993-10-01,ZB,-2.0,3.0,False,False,2.0,2.0
1993-10-01,6C,-4.0,-6.0,False,False,4.0,4.0
1993-10-01,6J,-1.0,0.0,False,False,1.0,1.0
1993-10-01,BRN,4.0,-7.0,False,False,4.0,4.0
1993-10-01,CL,3.0,-7.0,False,False,3.0,3.0
1993-10-01,GAS,4.0,-8.0,False,False,4.0,4.0
1993-10-01,NG,-3.0,2.0,False,False,3.0,3.0
1993-10-01,PL,-3.0,5.0,False,False,3.0,3.0
1993-10-01,CC,15.0,11.0,False,False,15.0,15.0
1993-10-01,CT,-1.0,4.0,False,False,1.0,1.0
1993-10-01,GF,-4.0,2.0,False,False,4.0,4.0
1993-10-01,HE,-1.0,2.0,False,False,1.0,1.0
1993-10-01,KC,-4.0,-1.0,False,False,4.0,4.0
1993-10-01,KE,-1.0,12.0,False,False,1.0,1.0
1993-10-01,LE,-4.0,8.0,False,False,4.0,4.0
1993-10-01,RS,9.0,36.0,False,False,9.0,9.0
1993-10-01,ZL,-1.0,7.0,False,False,1.0,1.0
1993-10-01,ZM,-1.0,8.0,False,False,1.0,1.0
1993-10-04,LE,0.0,8.0,True,True,16.0,16.0
1993-10-12,GAS,0.0,-8.0,True,True,16.0,16.0
1993-10-14,HE,0.0,2.0,True,True,4.0,4.0
1993-10-20,CL,0.0,-7.0,True,True,14.0,14.0
1993-10-25,NG,0.0,2.0,True,True,4.0,4.0
1993-10-28,GF,0.0,2.0,True,True,4.0,4.0
1993-10-29,BRN,0.0,-7.0,True,True,14.0,14.0
1993-10-29,HO,0.0,-6.0,True,True,12.0,12.0
1993-10-29,RS,0.0,36.0,True,True,72.0,72.0
1993-10-29,ZS,0.0,2.0,True,True,4.0,4.0
1993-11-01,YAP,2.0,6.0,False,False,2.0,2.0
1993-11-01,LLG,2.0,4.0,False,False,2.0,2.0
1993-11-01,YYT,8.0,18.0,False,False,8.0,8.0
1993-11-01,ZF,4.0,10.0,False,False,4.0,4.0
1993-11-01,ZN,3.0,7.0,False,False,3.0,3.0
1993-11-01,ZB,2.0,5.0,False,False,2.0,2.0
1993-11-01,6B,2.0,0.0,False,False,2.0,2.0
1993-11-01,BRN,-5.0,-12.0,False,False,5.0,5.0
1993-11-01,CL,-4.0,-11.0,False,False,4.0,4.0
1993-11-01,GAS,-4.0,-12.0,False,False,4.0,4.0
1993-11-01,HO,-4.0,-10.0,False,False,4.0,4.0
1993-11-01,GC,3.0,6.0,False,False,3.0,3.0
1993-11-01,HG,-3.0,-11.0,False,False,3.0,3.0
1993-11-01,PL,6.0,11.0,False,False,6.0,6.0
1993-11-01,SI,2.0,5.0,False,False,2.0,2.0
1993-11-01,CC,-23.0,-12.0,False,False,23.0,23.0
1993-11-01,CT,4.0,8.0,False,False,4.0,4.0
1993-11-01,GF,1.0,3.0,False,False,1.0,1.0
1993-11-01,HE,3.0,5.0,False,False,3.0,3.0
1993-11-01,KC,4.0,3.0,False,False,4.0,4.0
1993-11-01,KE,5.0,17.0,False,False,5.0,5.0
1993-11-01,LE,1.0,9.0,False,False,1.0,1.0
1993-11-01,RS,28.0,64.0,False,False,28.0,28.0
1993-11-01,SB,-5.0,-12.0,False,False,5.0,5.0
1993-11-01,ZC,26.0,8.0,False,False,26.0,26.0
1993-11-01,ZL,9.0,16.0,False,False,9.0,9.0
1993-11-01,ZM,5.0,13.0,False,False,5.0,5.0
1993-11-01,ZS,4.0,6.0,False,False,4.0,4.0
1993-11-01,ZW,4.0,15.0,False,False,4.0,4.0
1993-11-11,GAS,0.0,-12.0,True,True,24.0,24.0
1993-11-17,CC,0.0,-12.0,True,True,24.0,24.0
1993-11-18,GF,0.0,3.0,True,True,6.0,6.0
1993-11-19,CL,0.0,-11.0,True,True,22.0,22.0
1993-11-22,NG,0.0,2.0,True,True,4.0,4.0
1993-11-22,KC,0.0,3.0,True,True,6.0,6.0
1993-11-24,CT,0.0,8.0,True,True,16.0,16.0
1993-11-29,LLG,0.0,4.0,True,True,8.0,8.0
1993-11-30,ZT,0.0,7.0,True,True,14.0,14.0
1993-11-30,ZF,0.0,10.0,True,True,20.0,20.0
1993-11-30,ZN,0.0,7.0,True,True,14.0,14.0
1993-11-30,ZB,0.0,5.0,True,True,10.0,10.0
1993-11-30,BRN,0.0,-12.0,True,True,24.0,24.0
1993-11-30,HO,0.0,-10.0,True,True,20.0,20.0
1993-11-30,GC,0.0,6.0,True,True,12.0,12.0
1993-11-30,HG,0.0,-11.0,True,True,22.0,22.0
1993-11-30,SI,0.0,5.0,True,True,10.0,10.0
1993-11-30,KE,0.0,17.0,True,True,34.0,34.0
1993-11-30,ZC,0.0,8.0,True,True,16.0,16.0
1993-11-30,ZL,0.0,16.0,True,True,32.0,32.0
1993-11-30,ZM,0.0,13.0,True,True,26.0,26.0
1993-11-30,ZW,0.0,15.0,True,True,30.0,30.0
1993-12-01,SNK,-3.0,-1.0,False,False,3.0,3.0
1993-12-01,YAP,-2.0,4.0,False,False,2.0,2.0
1993-12-01,LLG,-1.0,3.0,False,False,1.0,1.0
1993-12-01,YXT,2.0,4.0,False,False,2.0,2.0
1993-12-01,YYT,1.0,19.0,False,False,1.0,1.0
1993-12-01,ZT,-5.0,2.0,False,False,5.0,5.0
1993-12-01,ZF,-4.0,6.0,False,False,4.0,4.0
1993-12-01,ZN,-4.0,3.0,False,False,4.0,4.0
1993-12-01,ZB,-2.0,3.0,False,False,2.0,2.0
1993-12-01,6B,-4.0,-4.0,False,False,4.0,4.0
1993-12-01,6C,5.0,-1.0,False,False,5.0,5.0
1993-12-01,6J,1.0,1.0,False,False,1.0,1.0
1993-12-01,6S,-1.0,-4.0,False,False,1.0,1.0
1993-12-01,BRN,3.0,-9.0,False,False,3.0,3.0
1993-12-01,CL,4.0,-7.0,False,False,4.0,4.0
1993-12-01,GAS,4.0,-8.0,False,False,4.0,4.0
1993-12-01,HO,5.0,-5.0,False,False,5.0,5.0
1993-12-01,HG,-1.0,-12.0,False,False,1.0,1.0
1993-12-01,PL,-16.0,-5.0,False,False,16.0,16.0
1993-12-01,CC,22.0,10.0,False,False,22.0,22.0
1993-12-01,CT,1.0,9.0,False,False,1.0,1.0
1993-12-01,GF,-2.0,1.0,False,False,2.0,2.0
1993-12-01,HE,-1.0,4.0,False,False,1.0,1.0
1993-12-01,KC,-6.0,-3.0,False,False,6.0,6.0
1993-12-01,KE,-5.0,12.0,False,False,5.0,5.0
1993-12-01,LE,-4.0,5.0,False,False,4.0,4.0
1993-12-01,RS,-16.0,48.0,False,False,16.0,16.0
1993-12-01,SB,-1.0,-13.0,False,False,1.0,1.0
1993-12-01,ZL,-6.0,10.0,False,False,6.0,6.0
1993-12-01,ZM,-4.0,9.0,False,False,4.0,4.0
1993-12-01,ZS,-1.0,5.0,False,False,1.0,1.0
1993-12-01,ZW,-4.0,11.0,False,False,4.0,4.0
1993-12-06,LE,0.0,5.0,True,True,10.0,10.0
1993-12-09,SNK,0.0,-1.0,True,True,2.0,2.0
1993-12-10,GAS,0.0,-8.0,True,True,16.0,16.0
1993-12-13,6B,0.0,-4.0,True,True,8.0,8.0
1993-12-13,6C,0.0,-1.0,True,True,2.0,2.0
1993-12-13,6J,0.0,1.0,True,True,2.0,2.0
1993-12-13,6S,0.0,-4.0,True,True,8.0,8.0
1993-12-14,HE,0.0,4.0,True,True,8.0,8.0
1993-12-15,YXT,0.0,4.0,True,True,8.0,8.0
1993-12-15,YYT,0.0,19.0,True,True,38.0,38.0
1993-12-20,CL,0.0,-7.0,True,True,14.0,14.0
1993-12-23,NG,0.0,2.0,True,True,4.0,4.0
1993-12-30,HO,0.0,-5.0,True,True,10.0,10.0
1993-12-30,PL,0.0,-5.0,True,True,10.0,10.0
1993-12-30,ZL,0.0,10.0,True,True,20.0,20.0
1993-12-30,ZM,0.0,9.0,True,True,18.0,18.0
1993-12-30,ZS,0.0,5.0,True,True,10.0,10.0
1993-12-31,YAP,0.0,4.0,True,True,8.0,8.0
1993-12-31,BRN,0.0,-9.0,True,True,18.0,18.0
1994-01-03,NKD,1.0,1.0,False,False,1.0,1.0
1994-01-03,ZT,-2.0,0.0,False,False,2.0,2.0
1994-01-03,ZF,3.0,9.0,False,False,3.0,3.0
1994-01-03,ZN,4.0,7.0,False,False,4.0,4.0
1994-01-03,ZB,3.0,6.0,False,False,3.0,3.0
1994-01-03,6C,-10.0,-11.0,False,False,10.0,10.0
1994-01-03,6J,-1.0,0.0,False,False,1.0,1.0
1994-01-03,6S,4.0,0.0,False,False,4.0,4.0
1994-01-03,CL,-4.0,-11.0,False,False,4.0,4.0
1994-01-03,HO,-5.0,-10.0,False,False,5.0,5.0
1994-01-03,NG,1.0,3.0,False,False,1.0,1.0
1994-01-03,GC,5.0,11.0,False,False,5.0,5.0
1994-01-03,PL,19.0,14.0,False,False,19.0,19.0
1994-01-03,SI,3.0,8.0,False,False,3.0,3.0
1994-01-03,CC,-17.0,-7.0,False,False,17.0,17.0
1994-01-03,HE,-17.0,-13.0,False,False,17.0,17.0
1994-01-03,KC,-2.0,-5.0,False,False,2.0,2.0
1994-01-03,KE,8.0,20.0,False,False,8.0,8.0
1994-01-03,LE,-22.0,-17.0,False,False,22.0,22.0
1994-01-03,RS,4.0,52.0,True,True,100.0,100.0
1994-01-03,SB,-1.0,-14.0,False,False,1.0,1.0
1994-01-03,ZC,7.0,15.0,False,False,7.0,7.0
1994-01-03,ZL,6.0,16.0,False,False,6.0,6.0
1994-01-03,ZM,8.0,17.0,False,False,8.0,8.0
1994-01-03,ZS,4.0,9.0,False,False,4.0,4.0
1994-01-03,ZW,8.0,19.0,False,False,8.0,8.0
1994-01-04,SNK,3.0,2.0,False,False,3.0,3.0
1994-01-04,YAP,-1.0,3.0,False,False,1.0,1.0
1994-01-04,LLG,2.0,5.0,False,False,2.0,2.0
1994-01-04,YXT,-3.0,1.0,False,False,3.0,3.0
1994-01-04,YYT,1.0,20.0,False,False,1.0,1.0
1994-01-04,BRN,-5.0,-14.0,False,False,5.0,5.0
1994-01-12,GAS,0.0,-8.0,True,True,16.0,16.0
1994-01-20,CL,0.0,-11.0,True,True,22.0,22.0
1994-01-25,NG,0.0,3.0,True,True,6.0,6.0
1994-01-27,GF,0.0,1.0,True,True,2.0,2.0
1994-01-31,BRN,0.0,-14.0,True,True,28.0,28.0
1994-01-31,HO,0.0,-10.0,True,True,20.0,20.0
1994-01-31,GC,0.0,11.0,True,True,22.0,22.0
1994-02-01,SNK,-1.0,1.0,False,False,1.0,1.0
1994-02-01,LLG,-2.0,3.0,False,False,2.0,2.0
1994-02-01,YXT,-1.0,0.0,False,False,1.0,1.0
1994-02-01,ZT,1.0,1.0,False,False,1.0,1.0
1994-02-01,6B,4.0,0.0,False,False,4.0,4.0
1994-02-01,GAS,5.0,-3.0,False,False,5.0,5.0
1994-02-01,HO,7.0,-3.0,False,False,7.0,7.0
1994-02-01,GC,-4.0,7.0,False,False,4.0,4.0
1994-02-01,CC,20.0,13.0,False,False,20.0,20.0
1994-02-01,CT,-4.0,5.0,False,False,4.0,4.0
1994-02-01,HE,13.0,0.0,False,False,13.0,13.0
1994-02-01,KE,-6.0,14.0,False,False,6.0,6.0
1994-02-01,RS,-29.0,23.0,False,False,29.0,29.0
1994-02-01,ZL,-4.0,12.0,False,False,4.0,4.0
1994-02-01,ZW,-7.0,12.0,False,False,7.0,7.0
1994-02-07,LE,0.0,-17.0,True,True,34.0,34.0
1994-02-10,GAS,0.0,-3.0,True,True,6.0,6.0
1994-02-15,CC,0.0,13.0,True,True,26.0,26.0
1994-02-18,KC,0.0,-5.0,True,True,10.0,10.0
1994-02-22,CL,0.0,-11.0,True,True,22.0,22.0
1994-02-22,NG,0.0,3.0,True,True,6.0,6.0
1994-02-22,CT,0.0,5.0,True,True,10.0,10.0
1994-02-25,LLG,0.0,3.0,True,True,6.0,6.0
1994-02-28,ZT,0.0,1.0,True,True,2.0,2.0
1994-02-28,ZF,0.0,9.0,True,True,18.0,18.0
1994-02-28,ZN,0.0,7.0,True,True,14.0,14.0
1994-02-28,ZB,0.0,6.0,True,True,12.0,12.0
1994-02-28,BRN,0.0,-14.0,True,True,28.0,28.0
1994-02-28,HO,0.0,-3.0,True,True,6.0,6.0
1994-02-28,HG,0.0,-12.0,True,True,24.0,24.0
1994-02-28,SI,0.0,8.0,True,True,16.0,16.0
1994-02-28,KE,0.0,14.0,True,True,28.0,28.0
1994-02-28,RS,0.0,23.0,True,True,46.0,46.0
1994-02-28,SB,0.0,-14.0,True,True,28.0,28.0
1994-02-28,ZC,0.0,15.0,True,True,30.0,30.0
1994-02-28,ZL,0.0,12.0,True,True,24.0,24.0
1994-02-28,ZM,0.0,17.0,True,True,34.0,34.0
1994-02-28,ZS,0.0,9.0,True,True,18.0,18.0
1994-02-28,ZW,0.0,12.0,True,True,24.0,24.0
1994-03-01,LLG,-1.0,2.0,False,False,1.0,1.0
1994-03-01,YXT,4.0,4.0,False,False,4.0,4.0
1994-03-01,YYT,-1.0,19.0,False,False,1.0,1.0
1994-03-01,ZT,5.0,6.0,False,False,5.0,5.0
1994-03-01,ZF,-4.0,5.0,False,False,4.0,4.0
1994-03-01,ZN,-3.0,4.0,False,False,3.0,3.0
1994-03-01,ZB,-2.0,4.0,False,False,2.0,2.0
1994-03-01,6B,1.0,1.0,False,False,1.0,1.0
1994-03-01,6C,5.0,-6.0,False,False,5.0,5.0
1994-03-01,6S,1.0,1.0,False,False,1.0,1.0
1994-03-01,BRN,4.0,-10.0,False,False,4.0,4.0
1994-03-01,CL,3.0,-8.0,False,False,3.0,3.0
1994-03-01,GAS,1.0,-2.0,False,False,1.0,1.0
1994-03-01,HO,2.0,-1.0,False,False,2.0,2.0
1994-03-01,HG,7.0,-5.0,False,False,7.0,7.0
1994-03-01,PL,-1.0,13.0,False,False,1.0,1.0
1994-03-01,SI,-3.0,5.0,False,False,3.0,3.0
1994-03-01,CC,-1.0,12.0,False,False,1.0,1.0
1994-03-01,CT,-2.0,3.0,False,False,2.0,2.0
1994-03-01,GF,-1.0,0.0,False,False,1.0,1.0
1994-03-01,HE,-8.0,-8.0,False,False,8.0,8.0
1994-03-01,KC,10.0,5.0,False,False,10.0,10.0
1994-03-01,KE,-1.0,13.0,False,False,1.0,1.0
1994-03-01,RS,-1.0,22.0,False,False,1.0,1.0
1994-03-01,SB,1.0,-13.0,False,False,1.0,1.0
1994-03-01,ZC,-1.0,14.0,False,False,1.0,1.0
1994-03-01,ZL,-1.0,11.0,False,False,1.0,1.0
1994-03-01,ZM,-1.0,16.0,False,False,1.0,1.0
1994-03-01,ZS,-4.0,5.0,False,False,4.0,4.0
1994-03-01,ZW,-7.0,5.0,False,False,7.0,7.0
1994-03-10,NKD,0.0,1.0,True,True,2.0,2.0
1994-03-10,SNK,0.0,1.0,True,True,2.0,2.0
1994-03-10,GAS,0.0,-2.0,True,True,4.0,4.0
1994-03-14,6B,0.0,1.0,True,True,2.0,2.0
1994-03-14,6C,0.0,-6.0,True,True,12.0,12.0
1994-03-14,6S,0.0,1.0,True,True,2.0,2.0
1994-03-15,YXT,0.0,4.0,True,True,8.0,8.0
1994-03-15,YYT,0.0,19.0,True,True,38.0,38.0
1994-03-22,CL,0.0,-8.0,True,True,16.0,16.0
1994-03-25,NG,0.0,3.0,True,True,6.0,6.0
1994-03-31,YAP,0.0,3.0,True,True,6.0,6.0
1994-03-31,BRN,0.0,-10.0,True,True,20.0,20.0
1994-03-31,HO,0.0,-1.0,True,True,2.0,2.0
1994-03-31,GC,0.0,7.0,True,True,14.0,14.0
1994-03-31,PL,0.0,13.0,True,True,26.0,26.0
1994-04-01,SNK,-2.0,-1.0,False,False,2.0,2.0
1994-04-01,ZT,-18.0,-12.0,False,False,18.0,18.0
1994-04-01,ZF,-14.0,-9.0,False,False,14.0,14.0
1994-04-01,ZN,-10.0,-6.0,False,False,10.0,10.0
1994-04-01,ZB,-7.0,-3.0,False,False,7.0,7.0
1994-04-01,6B,-6.0,-5.0,False,False,6.0,6.0
1994-04-01,6C,-3.0,-9.0,False,False,3.0,3.0
1994-04-01,6S,-1.0,0.0,False,False,1.0,1.0
1994-04-04,NKD,-2.0,-1.0,False,False,2.0,2.0
1994-04-04,CL,1.0,-7.0,False,False,1.0,1.0
1994-04-04,HO,1.0,0.0,False,False,1.0,1.0
1994-04-04,NG,-1.0,2.0,False,False,1.0,1.0
1994-04-04,GC,-2.0,5.0,False,False,2.0,2.0
1994-04-04,PL,-9.0,4.0,False,False,9.0,9.0
1994-04-04,SI,-1.0,4.0,False,False,1.0,1.0
1994-04-04,CC,-4.0,8.0,False,False,4.0,4.0
1994-04-04,KE,-1.0,12.0,False,False,1.0,1.0
1994-04-04,LE,1.0,-16.0,True,True,33.0,33.0
1994-04-04,RS,-1.0,21.0,False,False,1.0,1.0
1994-04-04,ZC,-4.0,10.0,False,False,4.0,4.0
1994-04-04,ZM,-1.0,15.0,False,False,1.0,1.0
1994-04-04,ZW,1.0,6.0,False,False,1.0,1.0
1994-04-05,LLG,-1.0,1.0,False,False,1.0,1.0
1994-04-05,YXT,-7.0,-3.0,False,False,7.0,7.0
1994-04-05,YYT,-13.0,6.0,False,False,13.0,13.0
1994-04-05,BRN,3.0,-7.0,False,False,3.0,3.0
1994-04-05,GAS,-3.0,-5.0,False,False,3.0,3.0
1994-04-12,GAS,0.0,-5.0,True,True,10.0,10.0
1994-04-14,HE,0.0,-8.0,True,True,16.0,16.0
1994-04-19,CC,0.0,8.0,True,True,16.0,16.0
1994-04-20,CL,0.0,-7.0,True,True,14.0,14.0
1994-04-21,KC,0.0,5.0,True,True,10.0,10.0
1994-04-25,NG,0.0,2.0,True,True,4.0,4.0
1994-04-25,CT,0.0,3.0,True,True,6.0,6.0
1994-04-29,BRN,0.0,-7.0,True,True,14.0,14.0
1994-04-29,HG,0.0,-5.0,True,True,10.0,10.0
1994-04-29,SI,0.0,4.0,True,True,8.0,8.0
1994-04-29,KE,0.0,12.0,True,True,24.0,24.0
1994-04-29,SB,0.0,-13.0,True,True,26.0,26.0
1994-04-29,ZC,0.0,10.0,True,True,20.0,20.0
1994-04-29,ZL,0.0,11.0,True,True,22.0,22.0
1994-04-29,ZM,0.0,15.0,True,True,30.0,30.0
1994-04-29,ZS,0.0,5.0,True,True,10.0,10.0
1994-04-29,ZW,0.0,6.0,True,True,12.0,12.0
1994-05-02,YXT,1.0,-2.0,False,False,1.0,1.0
1994-05-02,YYT,-12.0,-6.0,False,False,12.0,12.0
1994-05-02,ZT,6.0,-6.0,False,False,6.0,6.0
1994-05-02,ZF,4.0,-5.0,False,False,4.0,4.0
1994-05-02,ZN,3.0,-3.0,False,False,3.0,3.0
1994-05-02,ZB,1.0,-2.0,False,False,1.0,1.0
1994-05-02,6B,5.0,0.0,False,False,5.0,5.0
1994-05-02,6C,3.0,-6.0,False,False,3.0,3.0
1994-05-02,CL,2.0,-5.0,False,False,2.0,2.0
1994-05-02,NG,-6.0,-4.0,False,False,6.0,6.0
1994-05-02,GC,-2.0,3.0,False,False,2.0,2.0
1994-05-02,HG,11.0,6.0,False,False,11.0,11.0
1994-05-02,SI,-2.0,2.0,False,False,2.0,2.0
1994-05-02,GF,10.0,10.0,False,False,10.0,10.0
1994-05-02,KC,-2.0,3.0,False,False,2.0,2.0
1994-05-02,KE,-7.0,5.0,False,False,7.0,7.0
1994-05-02,LE,6.0,-10.0,False,False,6.0,6.0
1994-05-02,RS,-6.0,15.0,False,False,6.0,6.0
1994-05-02,SB,8.0,-5.0,False,False,8.0,8.0
1994-05-02,ZC,-4.0,6.0,False,False,4.0,4.0
1994-05-02,ZM,-6.0,9.0,False,False,6.0,6.0
1994-05-02,ZS,-2.0,3.0,False,False,2.0,2.0
1994-05-02,ZW,-6.0,0.0,False,False,6.0,6.0
1994-05-03,BRN,2.0,-5.0,False,False,2.0,2.0
1994-05-03,GAS,2.0,-3.0,False,False,2.0,2.0
1994-05-12,GAS,0.0,-3.0,True,True,6.0,6.0
1994-05-20,CL,0.0,-5.0,True,True,10.0,10.0
1994-05-24,NG,0.0,-4.0,True,True,8.0,8.0
1994-05-26,GF,0.0,10.0,True,True,20.0,20.0
1994-05-27,LLG,0.0,1.0,True,True,2.0,2.0
1994-05-31,ZT,0.0,-6.0,True,True,12.0,12.0
1994-05-31,ZF,0.0,-5.0,True,True,10.0,10.0
1994-05-31,ZN,0.0,-3.0,True,True,6.0,6.0
1994-05-31,ZB,0.0,-2.0,True,True,4.0,4.0
1994-05-31,BRN,0.0,-5.0,True,True,10.0,10.0
1994-05-31,GC,0.0,3.0,True,True,6.0,6.0
1994-05-31,RS,0.0,15.0,True,True,30.0,30.0
1994-06-01,NKD,2.0,1.0,False,False,2.0,2.0
1994-06-01,SNK,2.0,1.0,False,False,2.0,2.0
1994-06-01,YAP,-1.0,2.0,False,False,1.0,1.0
1994-06-01,LLG,-1.0,0.0,False,False,1.0,1.0
1994-06-01,YXT,1.0,-1.0,False,False,1.0,1.0
1994-06-01,YYT,1.0,-5.0,False,False,1.0,1.0
1994-06-01,ZT,3.0,-3.0,False,False,3.0,3.0
1994-06-01,ZF,1.0,-4.0,False,False,1.0,1.0
1994-06-01,ZN,1.0,-2.0,False,False,1.0,1.0
1994-06-01,CL,2.0,-3.0,False,False,2.0,2.0
1994-06-01,GAS,3.0,0.0,False,False,3.0,3.0
1994-06-01,HO,4.0,4.0,False,False,4.0,4.0
1994-06-01,GC,-2.0,1.0,False,False,2.0,2.0
1994-06-01,HG,-3.0,3.0,False,False,3.0,3.0
1994-06-01,SI,-1.0,1.0,False,False,1.0,1.0
1994-06-01,CC,-6.0,2.0,False,False,6.0,6.0
1994-06-01,GF,-13.0,-3.0,False,False,13.0,13.0
1994-06-01,HE,5.0,-3.0,False,False,5.0,5.0
1994-06-01,KC,-3.0,0.0,False,False,3.0,3.0
1994-06-01,KE,1.0,6.0,False,False,1.0,1.0
1994-06-01,LE,7.0,-3.0,False,False,7.0,7.0
1994-06-01,RS,-4.0,11.0,False,False,4.0,4.0
1994-06-01,ZC,-2.0,4.0,False,False,2.0,2.0
1994-06-01,ZL,-7.0,4.0,False,False,7.0,7.0
1994-06-01,ZM,-7.0,2.0,False,False,7.0,7.0
1994-06-01,ZS,-2.0,1.0,False,False,2.0,2.0
1994-06-01,ZW,2.0,2.0,False,False,2.0,2.0
1994-06-06,LE,0.0,-3.0,True,True,6.0,6.0
1994-06-09,NKD,0.0,1.0,True,True,2.0,2.0
1994-06-09,SNK,0.0,1.0,True,True,2.0,2.0
1994-06-13,6C,0.0,-6.0,True,True,12.0,12.0
1994-06-14,HE,0.0,-3.0,True,True,6.0,6.0
1994-06-15,YXT,0.0,-1.0,True,True,2.0,2.0
1994-06-15,YYT,0.0,-5.0,True,True,10.0,10.0
1994-06-17,CC,0.0,2.0,True,True,4.0,4.0
1994-06-21,CL,0.0,-3.0,True,True,6.0,6.0
1994-06-24,NG,0.0,-4.0,True,True,8.0,8.0
1994-06-24,CT,0.0,3.0,True,True,6.0,6.0
1994-06-30,YAP,0.0,2.0,True,True,4.0,4.0
1994-06-30,BRN,0.0,-5.0,True,True,10.0,10.0
1994-06-30,HO,0.0,4.0,True,True,8.0,8.0
1994-06-30,HG,0.0,3.0,True,True,6.0,6.0
1994-06-30,PL,0.0,4.0,True,True,8.0,8.0
1994-06-30,SI,0.0,1.0,True,True,2.0,2.0
1994-06-30,KE,0.0,6.0,True,True,12.0,12.0
1994-06-30,SB,0.0,-5.0,True,True,10.0,10.0
1994-06-30,ZC,0.0,4.0,True,True,8.0,8.0
1994-06-30,ZL,0.0,4.0,True,True,8.0,8.0
1994-06-30,ZM,0.0,2.0,True,True,4.0,4.0
1994-06-30,ZS,0.0,1.0,True,True,2.0,2.0
1994-06-30,ZW,0.0,2.0,True,True,4.0,4.0
1994-07-01,NKD,-2.0,-1.0,False,False,2.0,2.0
1994-07-01,SNK,-2.0,-1.0,False,False,2.0,2.0
1994-07-01,YAP,1.0,3.0,False,False,1.0,1.0
1994-07-01,YYT,2.0,-3.0,False,False,2.0,2.0
1994-07-01,ZT,-2.0,-5.0,False,False,2.0,2.0
1994-07-01,ZF,-1.0,-5.0,False,False,1.0,1.0
1994-07-01,ZN,-1.0,-3.0,False,False,1.0,1.0
1994-07-01,6C,-2.0,-8.0,False,False,2.0,2.0
1994-07-01,CL,7.0,4.0,False,False,7.0,7.0
1994-07-01,GAS,-1.0,-1.0,False,False,1.0,1.0
1994-07-01,NG,4.0,0.0,False,False,4.0,4.0
1994-07-01,GC,-7.0,-6.0,False,False,7.0,7.0
1994-07-01,PL,-12.0,-8.0,False,False,12.0,12.0
1994-07-01,CC,2.0,4.0,False,False,2.0,2.0
1994-07-01,CT,-1.0,2.0,False,False,1.0,1.0
1994-07-01,HE,-1.0,-4.0,False,False,1.0,1.0
1994-07-01,KE,-1.0,5.0,False,False,1.0,1.0
1994-07-01,LE,-1.0,-4.0,False,False,1.0,1.0
1994-07-01,SB,8.0,3.0,False,False,8.0,8.0
1994-07-01,ZC,-9.0,-5.0,False,False,9.0,9.0
1994-07-01,ZL,1.0,5.0,False,False,1.0,1.0
1994-07-01,ZM,-3.0,-1.0,False,False,3.0,3.0
1994-07-01,ZS,-4.0,-3.0,False,False,4.0,4.0
1994-07-01,ZW,1.0,3.0,False,False,1.0,1.0
1994-07-04,RS,6.0,17.0,False,False,6.0,6.0
1994-07-12,GAS,0.0,-1.0,True,True,2.0,2.0
1994-07-14,HE,0.0,-4.0,True,True,8.0,8.0
1994-07-20,CL,0.0,4.0,True,True,8.0,8.0
1994-07-29,BRN,0.0,-5.0,True,True,10.0,10.0
1994-07-29,HO,0.0,4.0,True,True,8.0,8.0
1994-07-29,GC,0.0,-6.0,True,True,12.0,12.0
1994-07-29,ZL,0.0,5.0,True,True,10.0,10.0
1994-07-29,ZM,0.0,-1.0,True,True,2.0,2.0
1994-07-29,ZS,0.0,-3.0,True,True,6.0,6.0
1994-08-01,NKD,-1.0,-2.0,False,False,1.0,1.0
1994-08-01,SNK,-1.0,-2.0,False,False,1.0,1.0
1994-08-01,YAP,2.0,5.0,False,False,2.0,2.0
1994-08-01,YXT,-2.0,-3.0,False,False,2.0,2.0
1994-08-01,YYT,-3.0,-6.0,False,False,3.0,3.0
1994-08-01,ZT,-3.0,-8.0,False,False,3.0,3.0
1994-08-01,ZF,-2.0,-7.0,False,False,2.0,2.0
1994-08-01,ZN,-2.0,-5.0,False,False,2.0,2.0
1994-08-01,ZB,-2.0,-4.0,False,False,2.0,2.0
1994-08-01,6C,-6.0,-14.0,False,False,6.0,6.0
1994-08-01,BRN,15.0,10.0,False,False,15.0,15.0
1994-08-01,CL,4.0,8.0,False,False,4.0,4.0
1994-08-01,GAS,-8.0,-9.0,False,False,8.0,8.0
1994-08-01,HO,4.0,8.0,False,False,4.0,4.0
1994-08-01,NG,-6.0,-6.0,False,False,6.0,6.0
1994-08-01,GC,-5.0,-11.0,False,False,5.0,5.0
1994-08-01,HG,2.0,5.0,False,False,2.0,2.0
1994-08-01,PL,9.0,1.0,False,False,9.0,9.0
1994-08-01,SI,-1.0,0.0,False,False,1.0,1.0
1994-08-01,CC,-2.0,2.0,False,False,2.0,2.0
1994-08-01,CT,2.0,4.0,False,False,2.0,2.0
1994-08-01,GF,9.0,6.0,False,False,9.0,9.0
1994-08-01,KE,9.0,14.0,False,False,9.0,9.0
1994-08-01,LE,-3.0,-7.0,False,False,3.0,3.0
1994-08-01,SB,6.0,9.0,False,False,6.0,6.0
1994-08-01,ZC,-4.0,-9.0,False,False,4.0,4.0
1994-08-01,ZL,-5.0,0.0,False,False,5.0,5.0
1994-08-01,ZS,-2.0,-5.0,False,False,2.0,2.0
1994-08-01,ZW,-16.0,-13.0,False,False,16.0,16.0
1994-08-02,RS,13.0,30.0,False,False,13.0,13.0
1994-08-08,LE,0.0,-7.0,True,True,14.0,14.0
1994-08-11,GAS,0.0,-9.0,True,True,18.0,18.0
1994-08-12,HE,0.0,-4.0,True,True,8.0,8.0
1994-08-18,CC,0.0,2.0,True,True,4.0,4.0
1994-08-22,CL,0.0,8.0,True,True,16.0,16.0
1994-08-25,NG,0.0,-6.0,True,True,12.0,12.0
1994-08-25,GF,0.0,6.0,True,True,12.0,12.0
1994-08-31,ZT,0.0,-8.0,True,True,16.0,16.0
1994-08-31,ZF,0.0,-7.0,True,True,14.0,14.0
1994-08-31,ZN,0.0,-5.0,True,True,10.0,10.0
1994-08-31,ZB,0.0,-4.0,True,True,8.0,8.0
1994-08-31,BRN,0.0,10.0,True,True,20.0,20.0
1994-08-31,HO,0.0,8.0,True,True,16.0,16.0
1994-08-31,HG,0.0,5.0,True,True,10.0,10.0
1994-08-31,KE,0.0,14.0,True,True,28.0,28.0
1994-08-31,ZC,0.0,-9.0,True,True,18.0,18.0
1994-08-31,ZM,0.0,-1.0,True,True,2.0,2.0
1994-08-31,ZS,0.0,-5.0,True,True,10.0,10.0
1994-08-31,ZW,0.0,-13.0,True,True,26.0,26.0
1994-09-01,NKD,1.0,-1.0,False,False,1.0,1.0
1994-09-01,SNK,2.0,0.0,False,False,2.0,2.0
1994-09-01,YAP,3.0,8.0,False,False,3.0,3.0
1994-09-01,YYT,2.0,-4.0,False,False,2.0,2.0
1994-09-01,ZF,-4.0,-11.0,False,False,4.0,4.0
1994-09-01,ZN,-3.0,-8.0,False,False,3.0,3.0
1994-09-01,ZB,-1.0,-5.0,False,False,1.0,1.0
1994-09-01,6C,-5.0,-19.0,False,False,5.0,5.0
1994-09-01,GAS,-3.0,-12.0,False,False,3.0,3.0
1994-09-01,GC,11.0,0.0,False,False,11.0,11.0
1994-09-01,HG,3.0,8.0,False,False,3.0,3.0
1994-09-01,PL,-1.0,0.0,False,False,1.0,1.0
1994-09-01,CC,-13.0,-11.0,False,False,13.0,13.0
1994-09-01,GF,-14.0,-8.0,False,False,14.0,14.0
1994-09-01,HE,-7.0,-11.0,False,False,7.0,7.0
1994-09-01,KC,1.0,1.0,False,False,1.0,1.0
1994-09-01,LE,-4.0,-11.0,False,False,4.0,4.0
1994-09-01,SB,10.0,19.0,False,False,10.0,10.0
1994-09-01,ZC,9.0,0.0,False,False,9.0,9.0
1994-09-01,ZL,17.0,17.0,False,False,17.0,17.0
1994-09-01,ZM,-13.0,-14.0,False,False,13.0,13.0
1994-09-01,ZS,3.0,-2.0,False,False,3.0,3.0
1994-09-01,ZW,18.0,5.0,False,False,18.0,18.0
1994-09-08,NKD,0.0,-1.0,True,True,2.0,2.0
1994-09-12,GAS,0.0,-12.0,True,True,24.0,24.0
1994-09-15,YXT,0.0,-3.0,True,True,6.0,6.0
1994-09-15,YYT,0.0,-4.0,True,True,8.0,8.0
1994-09-19,6C,0.0,-19.0,True,True,38.0,38.0
1994-09-20,CL,0.0,8.0,True,True,16.0,16.0
1994-09-26,NG,0.0,-6.0,True,True,12.0,12.0
1994-09-29,GF,0.0,-8.0,True,True,16.0,16.0
1994-09-30,YAP,0.0,8.0,True,True,16.0,16.0
1994-09-30,BRN,0.0,10.0,True,True,20.0,20.0
1994-09-30,HO,0.0,8.0,True,True,16.0,16.0
1994-09-30,SB,0.0,19.0,True,True,38.0,38.0
1994-09-30,ZL,0.0,17.0,True,True,34.0,34.0
1994-09-30,ZM,0.0,-14.0,True,True,28.0,28.0
1994-10-03,NKD,-1.0,-2.0,False,False,1.0,1.0
1994-10-03,SNK,-1.0,-1.0,False,False,1.0,1.0
1994-10-03,YAP,-8.0,0.0,False,False,8.0,8.0
1994-10-03,YXT,-1.0,-4.0,False,False,1.0,1.0
1994-10-03,ZT,-6.0,-14.0,False,False,6.0,6.0
1994-10-03,ZB,-1.0,-6.0,False,False,1.0,1.0
1994-10-03,6C,11.0,-8.0,False,False,11.0,11.0
1994-10-03,BRN,-18.0,-8.0,False,False,18.0,18.0
1994-10-03,CL,5.0,13.0,False,False,5.0,5.0
1994-10-03,GAS,-6.0,-18.0,False,False,6.0,6.0
1994-10-03,HO,4.0,12.0,False,False,4.0,4.0
1994-10-03,NG,-4.0,-10.0,False,False,4.0,4.0
1994-10-03,HG,1.0,9.0,False,False,1.0,1.0
1994-10-03,CT,1.0,5.0,False,False,1.0,1.0
1994-10-03,GF,-5.0,-13.0,False,False,5.0,5.0
1994-10-03,HE,-1.0,-12.0,False,False,1.0,1.0
1994-10-03,KE,1.0,15.0,False,False,1.0,1.0
1994-10-03,LE,-1.0,-12.0,False,False,1.0,1.0
1994-10-03,RS,19.0,49.0,False,False,19.0,19.0
1994-10-03,SB,1.0,20.0,False,False,1.0,1.0
1994-10-03,ZL,1.0,18.0,False,False,1.0,1.0
1994-10-03,ZM,-8.0,-22.0,False,False,8.0,8.0
1994-10-03,ZS,-2.0,-4.0,False,False,2.0,2.0
1994-10-03,ZW,2.0,7.0,False,False,2.0,2.0
1994-10-10,LE,0.0,-12.0,True,True,24.0,24.0
1994-10-12,GAS,0.0,-18.0,True,True,36.0,36.0
1994-10-14,HE,0.0,-12.0,True,True,24.0,24.0
1994-10-20,CL,0.0,13.0,True,True,26.0,26.0
1994-10-25,NG,0.0,-10.0,True,True,20.0,20.0
1994-10-27,GF,0.0,-13.0,True,True,26.0,26.0
1994-10-31,BRN,0.0,-8.0,True,True,16.0,16.0
1994-10-31,HO,0.0,12.0,True,True,24.0,24.0
1994-10-31,RS,0.0,49.0,True,True,98.0,98.0
1994-10-31,ZS,0.0,-4.0,True,True,8.0,8.0
1994-11-01,NKD,8.0,6.0,False,False,8.0,8.0
1994-11-01,SNK,7.0,6.0,False,False,7.0,7.0
1994-11-01,YYT,-1.0,-5.0,False,False,1.0,1.0
1994-11-01,ZT,-1.0,-15.0,False,False,1.0,1.0
1994-11-01,ZF,-7.0,-18.0,False,False,7.0,7.0
1994-11-01,ZN,-4.0,-12.0,False,False,4.0,4.0
1994-11-01,ZB,-3.0,-9.0,False,False,3.0,3.0
1994-11-01,6C,-13.0,-21.0,False,False,13.0,13.0
1994-11-01,BRN,25.0,17.0,False,False,25.0,25.0
1994-11-01,GAS,-1.0,-19.0,False,False,1.0,1.0
1994-11-01,GC,-23.0,-23.0,False,False,23.0,23.0
1994-11-01,CC,17.0,6.0,False,False,17.0,17.0
1994-11-01,CT,1.0,6.0,False,False,1.0,1.0
1994-11-01,GF,30.0,17.0,False,False,30.0,30.0
1994-11-01,LE,-6.0,-18.0,False,False,6.0,6.0
1994-11-01,RS,1.0,50.0,False,False,1.0,1.0
1994-11-01,SB,1.0,21.0,False,False,1.0,1.0
1994-11-01,ZM,-1.0,-23.0,False,False,1.0,1.0
1994-11-10,GAS,0.0,-19.0,True,True,38.0,38.0
1994-11-17,CC,0.0,6.0,True,True,12.0,12.0
1994-11-17,GF,0.0,17.0,True,True,34.0,34.0
1994-11-21,CL,0.0,13.0,True,True,26.0,26.0
1994-11-22,NG,0.0,-10.0,True,True,20.0,20.0
1994-11-22,KC,0.0,1.0,True,True,2.0,2.0
1994-11-28,CT,0.0,6.0,True,True,12.0,12.0
1994-11-30,ZT,0.0,-15.0,True,True,30.0,30.0
1994-11-30,ZF,0.0,-18.0,True,True,36.0,36.0
1994-11-30,ZN,0.0,-12.0,True,True,24.0,24.0
1994-11-30,ZB,0.0,-9.0,True,True,18.0,18.0
1994-11-30,BRN,0.0,17.0,True,True,34.0,34.0
1994-11-30,HO,0.0,12.0,True,True,24.0,24.0
1994-11-30,GC,0.0,-23.0,True,True,46.0,46.0
1994-11-30,HG,0.0,9.0,True,True,18.0,18.0
1994-11-30,KE,0.0,15.0,True,True,30.0,30.0
1994-11-30,ZL,0.0,18.0,True,True,36.0,36.0
1994-11-30,ZM,0.0,-23.0,True,True,46.0,46.0
1994-11-30,ZW,0.0,7.0,True,True,14.0,14.0
1994-12-01,NKD,-2.0,4.0,False,False,2.0,2.0
1994-12-01,SNK,-2.0,4.0,False,False,2.0,2.0
1994-12-01,YAP,-1.0,-1.0,False,False,1.0,1.0
1994-12-01,YXT,2.0,-2.0,False,False,2.0,2.0
1994-12-01,YYT,5.0,0.0,False,False,5.0,5.0
1994-12-01,ZT,9.0,-6.0,False,False,9.0,9.0
1994-12-01,ZF,8.0,-10.0,False,False,8.0,8.0
1994-12-01,ZN,6.0,-6.0,False,False,6.0,6.0
1994-12-01,ZB,4.0,-5.0,False,False,4.0,4.0
1994-12-01,6C,5.0,-16.0,False,False,5.0,5.0
1994-12-01,BRN,-5.0,12.0,False,False,5.0,5.0
1994-12-01,CL,-3.0,10.0,False,False,3.0,3.0
1994-12-01,GAS,5.0,-14.0,False,False,5.0,5.0
1994-12-01,HO,-4.0,8.0,False,False,4.0,4.0
1994-12-01,NG,5.0,-5.0,False,False,5.0,5.0
1994-12-01,GC,6.0,-17.0,False,False,6.0,6.0
1994-12-01,HG,-4.0,5.0,False,False,4.0,4.0
1994-12-01,SI,-8.0,-8.0,False,False,8.0,8.0
1994-12-01,CC,-17.0,-11.0,False,False,17.0,17.0
1994-12-01,CT,-3.0,3.0,False,False,3.0,3.0
1994-12-01,GF,-28.0,-11.0,False,False,28.0,28.0
1994-12-01,HE,4.0,-8.0,False,False,4.0,4.0
1994-12-01,KE,-13.0,2.0,False,False,13.0,13.0
1994-12-01,LE,6.0,-12.0,False,False,6.0,6.0
1994-12-01,RS,-11.0,39.0,False,False,11.0,11.0
1994-12-01,SB,-14.0,7.0,False,False,14.0,14.0
1994-12-01,ZC,-7.0,-7.0,False,False,7.0,7.0
1994-12-01,ZL,-7.0,11.0,False,False,7.0,7.0
1994-12-01,ZM,-1.0,-24.0,False,False,1.0,1.0
1994-12-01,ZW,-18.0,-11.0,False,False,18.0,18.0
1994-12-05,LE,0.0,-12.0,True,True,24.0,24.0
1994-12-08,NKD,0.0,4.0,True,True,8.0,8.0
1994-12-08,SNK,0.0,4.0,True,True,8.0,8.0
1994-12-12,GAS,0.0,-14.0,True,True,28.0,28.0
1994-12-14,HE,0.0,-8.0,True,True,16.0,16.0
1994-12-15,YXT,0.0,-2.0,True,True,4.0,4.0
1994-12-20,6C,0.0,-16.0,True,True,32.0,32.0
1994-12-20,CL,0.0,10.0,True,True,20.0,20.0
1994-12-23,NG,0.0,-5.0,True,True,10.0,10.0
1994-12-30,YAP,0.0,-1.0,True,True,2.0,2.0
1994-12-30,BRN,0.0,12.0,True,True,24.0,24.0
1994-12-30,HO,0.0,8.0,True,True,16.0,16.0
1994-12-30,RS,0.0,39.0,True,True,78.0,78.0
1994-12-30,ZL,0.0,11.0,True,True,22.0,22.0
1994-12-30,ZM,0.0,-24.0,True,True,48.0,48.0
1994-12-30,ZS,0.0,-4.0,True,True,8.0,8.0
1995-01-03,YAP,1.0,0.0,False,False,1.0,1.0
1995-01-03,YXT,-1.0,-3.0,False,False,1.0,1.0
1995-01-03,YYT,-7.0,-7.0,False,False,7.0,7.0
1995-01-03,ZF,-3.0,-13.0,False,False,3.0,3.0
1995-01-03,ZN,-3.0,-9.0,False,False,3.0,3.0
1995-01-03,6B,1.0,1.0,False,False,1.0,1.0
1995-01-03,CL,3.0,13.0,False,False,3.0,3.0
1995-01-03,NG,-1.0,-6.0,False,False,1.0,1.0
1995-01-03,HG,2.0,7.0,False,False,2.0,2.0
1995-01-03,GF,-4.0,-15.0,False,False,4.0,4.0
1995-01-03,SB,3.0,10.0,False,False,3.0,3.0
1995-01-03,ZM,-1.0,-25.0,False,False,1.0,1.0
1995-01-03,ZW,-5.0,-16.0,False,False,5.0,5.0
1995-01-12,GAS,0.0,-14.0,True,True,28.0,28.0
1995-01-20,CL,0.0,13.0,True,True,26.0,26.0
1995-01-25,NG,0.0,-6.0,True,True,12.0,12.0
1995-01-26,GF,0.0,-15.0,True,True,30.0,30.0
1995-01-31,BRN,0.0,12.0,True,True,24.0,24.0
1995-01-31,HO,0.0,8.0,True,True,16.0,16.0
1995-01-31,GC,0.0,-17.0,True,True,34.0,34.0
1995-02-01,NKD,-5.0,-1.0,False,False,5.0,5.0
1995-02-01,SNK,-5.0,-1.0,False,False,5.0,5.0
1995-02-01,6B,-1.0,0.0,False,False,1.0,1.0
1995-02-01,6C,5.0,-11.0,False,False,5.0,5.0
1995-02-01,GAS,1.0,-13.0,False,False,1.0,1.0
1995-02-01,NG,1.0,-5.0,False,False,1.0,1.0
1995-02-01,GC,5.0,-12.0,False,False,5.0,5.0
1995-02-01,CC,13.0,2.0,False,False,13.0,13.0
1995-02-01,CT,-1.0,2.0,False,False,1.0,1.0
1995-02-01,KE,-2.0,0.0,False,False,2.0,2.0
1995-02-01,SB,-3.0,7.0,False,False,3.0,3.0
1995-02-01,ZC,3.0,-4.0,False,False,3.0,3.0
1995-02-01,ZL,3.0,14.0,False,False,3.0,3.0
1995-02-01,ZM,1.0,-24.0,False,False,1.0,1.0
1995-02-06,LE,0.0,-12.0,True,True,24.0,24.0
1995-02-10,GAS,0.0,-13.0,True,True,26.0,26.0
1995-02-14,HE,0.0,-8.0,True,True,16.0,16.0
1995-02-15,CC,0.0,2.0,True,True,4.0,4.0
1995-02-21,CL,0.0,13.0,True,True,26.0,26.0
1995-02-21,KC,0.0,1.0,True,True,2.0,2.0
1995-02-22,NG,0.0,-5.0,True,True,10.0,10.0
1995-02-22,CT,0.0,2.0,True,True,4.0,4.0
1995-02-28,ZT,0.0,-6.0,True,True,12.0,12.0
1995-02-28,ZF,0.0,-13.0,True,True,26.0,26.0
1995-02-28,ZN,0.0,-9.0,True,True,18.0,18.0
1995-02-28,ZB,0.0,-5.0,True,True,10.0,10.0
1995-02-28,BRN,0.0,12.0,True,True,24.0,24.0
1995-02-28,HO,0.0,8.0,True,True,16.0,16.0
1995-02-28,HG,0.0,7.0,True,True,14.0,14.0
1995-02-28,SI,0.0,-8.0,True,True,16.0,16.0
1995-02-28,RS,0.0,39.0,True,True,78.0,78.0
1995-02-28,SB,0.0,7.0,True,True,14.0,14.0
1995-02-28,ZC,0.0,-4.0,True,True,8.0,8.0
1995-02-28,ZL,0.0,14.0,True,True,28.0,28.0
1995-02-28,ZM,0.0,-24.0,True,True,48.0,48.0
1995-02-28,ZS,0.0,-4.0,True,True,8.0,8.0
1995-02-28,ZW,0.0,-16.0,True,True,32.0,32.0
1995-03-01,NKD,1.0,0.0,False,False,1.0,1.0
1995-03-01,LLG,-4.0,-4.0,False,False,4.0,4.0
1995-03-01,YXT,3.0,0.0,False,False,3.0,3.0
1995-03-01,YYT,6.0,-1.0,False,False,6.0,6.0
1995-03-01,ZT,-3.0,-9.0,False,False,3.0,3.0
1995-03-01,6B,2.0,2.0,False,False,2.0,2.0
1995-03-01,6C,3.0,-8.0,False,False,3.0,3.0
1995-03-01,BRN,5.0,17.0,False,False,5.0,5.0
1995-03-01,GAS,-6.0,-19.0,False,False,6.0,6.0
1995-03-01,HO,-4.0,4.0,False,False,4.0,4.0
1995-03-01,PL,-20.0,-20.0,False,False,20.0,20.0
1995-03-01,CC,11.0,13.0,False,False,11.0,11.0
1995-03-01,CT,3.0,5.0,False,False,3.0,3.0
1995-03-01,KE,4.0,4.0,False,False,4.0,4.0
1995-03-01,RS,-1.0,38.0,False,False,1.0,1.0
1995-03-01,SB,4.0,11.0,False,False,4.0,4.0
1995-03-01,ZC,-3.0,-7.0,False,False,3.0,3.0
1995-03-01,ZS,3.0,-1.0,False,False,3.0,3.0
1995-03-01,ZW,1.0,-15.0,False,False,1.0,1.0
1995-03-09,SNK,0.0,-1.0,True,True,2.0,2.0
1995-03-10,GAS,0.0,-19.0,True,True,38.0,38.0
1995-03-13,6B,0.0,2.0,True,True,4.0,4.0
1995-03-14,6C,0.0,-8.0,True,True,16.0,16.0
1995-03-15,YYT,0.0,-1.0,True,True,2.0,2.0
1995-03-21,CL,0.0,13.0,True,True,26.0,26.0
1995-03-27,NG,0.0,-5.0,True,True,10.0,10.0
1995-03-30,GF,0.0,-15.0,True,True,30.0,30.0
1995-03-31,BRN,0.0,17.0,True,True,34.0,34.0
1995-03-31,HO,0.0,4.0,True,True,8.0,8.0
1995-03-31,GC,0.0,-12.0,True,True,24.0,24.0
1995-03-31,PL,0.0,-20.0,True,True,40.0,40.0
1995-04-03,NKD,-1.0,-1.0,False,False,1.0,1.0
1995-04-03,YAP,-3.0,-3.0,False,False,3.0,3.0
1995-04-03,LLG,1.0,-3.0,False,False,1.0,1.0
1995-04-03,YXT,-2.0,-2.0,False,False,2.0,2.0
1995-04-03,YYT,-2.0,-3.0,False,False,2.0,2.0
1995-04-03,ZT,18.0,9.0,False,False,18.0,18.0
1995-04-03,ZF,13.0,0.0,False,False,13.0,13.0
1995-04-03,ZN,11.0,2.0,False,False,11.0,11.0
1995-04-03,ZB,5.0,0.0,False,False,5.0,5.0
1995-04-03,6B,-1.0,1.0,False,False,1.0,1.0
1995-04-03,6C,3.0,-5.0,False,False,3.0,3.0
1995-04-03,BRN,-1.0,16.0,False,False,1.0,1.0
1995-04-03,HO,-12.0,-8.0,False,False,12.0,12.0
1995-04-03,GC,4.0,-8.0,False,False,4.0,4.0
1995-04-03,PL,21.0,1.0,False,False,21.0,21.0
1995-04-03,SI,6.0,-2.0,False,False,6.0,6.0
1995-04-03,CC,-25.0,-12.0,False,False,25.0,25.0
1995-04-03,CT,-3.0,2.0,False,False,3.0,3.0
1995-04-03,GF,9.0,-6.0,False,False,9.0,9.0
1995-04-03,HE,1.0,-7.0,False,False,1.0,1.0
1995-04-03,KC,-1.0,0.0,False,False,1.0,1.0
1995-04-03,KE,-4.0,0.0,False,False,4.0,4.0
1995-04-03,LE,6.0,-6.0,False,False,6.0,6.0
1995-04-03,RS,-1.0,37.0,False,False,1.0,1.0
1995-04-03,ZC,4.0,-3.0,False,False,4.0,4.0
1995-04-03,ZM,8.0,-16.0,False,False,8.0,8.0
1995-04-03,ZS,-1.0,-2.0,False,False,1.0,1.0
1995-04-03,ZW,5.0,-10.0,False,False,5.0,5.0
1995-04-10,LE,0.0,-6.0,True,True,12.0,12.0
1995-04-12,GAS,0.0,-19.0,True,True,38.0,38.0
1995-04-17,CC,0.0,-12.0,True,True,24.0,24.0
1995-04-17,HE,0.0,-7.0,True,True,14.0,14.0
1995-04-20,CL,0.0,13.0,True,True,26.0,26.0
1995-04-24,NG,0.0,-5.0,True,True,10.0,10.0
1995-04-24,CT,0.0,2.0,True,True,4.0,4.0
1995-04-27,GF,0.0,-6.0,True,True,12.0,12.0
1995-04-28,BRN,0.0,16.0,True,True,32.0,32.0
1995-04-28,HO,0.0,-8.0,True,True,16.0,16.0
1995-04-28,HG,0.0,7.0,True,True,14.0,14.0
1995-04-28,SI,0.0,-2.0,True,True,4.0,4.0
1995-04-28,SB,0.0,11.0,True,True,22.0,22.0
1995-04-28,ZC,0.0,-3.0,True,True,6.0,6.0
1995-04-28,ZL,0.0,14.0,True,True,28.0,28.0
1995-04-28,ZM,0.0,-16.0,True,True,32.0,32.0
1995-04-28,ZS,0.0,-2.0,True,True,4.0,4.0
1995-04-28,ZW,0.0,-10.0,True,True,20.0,20.0
1995-05-01,YAP,11.0,8.0,False,False,11.0,11.0
1995-05-01,LLG,5.0,2.0,False,False,5.0,5.0
1995-05-01,YYT,16.0,13.0,False,False,16.0,16.0
1995-05-01,ZT,4.0,13.0,False,False,4.0,4.0
1995-05-01,6C,12.0,7.0,False,False,12.0,12.0
1995-05-01,BRN,-5.0,11.0,False,False,5.0,5.0
1995-05-01,GAS,8.0,-11.0,False,False,8.0,8.0
1995-05-01,HO,-2.0,-10.0,False,False,2.0,2.0
1995-05-01,NG,-3.0,-8.0,False,False,3.0,3.0
1995-05-01,GC,-5.0,-13.0,False,False,5.0,5.0
1995-05-01,PL,1.0,2.0,False,False,1.0,1.0
1995-05-01,SI,-2.0,-4.0,False,False,2.0,2.0
1995-05-01,CC,7.0,-5.0,False,False,7.0,7.0
1995-05-01,CT,1.0,3.0,False,False,1.0,1.0
1995-05-01,GF,-4.0,-10.0,False,False,4.0,4.0
1995-05-01,RS,-1.0,36.0,False,False,1.0,1.0
1995-05-01,SB,-1.0,10.0,False,False,1.0,1.0
1995-05-01,ZC,-10.0,-13.0,False,False,10.0,10.0
1995-05-01,ZS,-9.0,-11.0,False,False,9.0,9.0
1995-05-11,GAS,0.0,-11.0,True,True,22.0,22.0
1995-05-22,CL,0.0,13.0,True,True,26.0,26.0
1995-05-24,NG,0.0,-8.0,True,True,16.0,16.0
1995-05-25,GF,0.0,-10.0,True,True,20.0,20.0
1995-05-30,LLG,0.0,2.0,True,True,4.0,4.0
1995-05-31,ZT,0.0,13.0,True,True,26.0,26.0
1995-05-31,ZN,0.0,2.0,True,True,4.0,4.0
1995-05-31,BRN,0.0,11.0,True,True,22.0,22.0
1995-05-31,HO,0.0,-10.0,True,True,20.0,20.0
1995-05-31,GC,0.0,-13.0,True,True,26.0,26.0
1995-05-31,RS,0.0,36.0,True,True,72.0,72.0
1995-06-01,NKD,1.0,0.0,False,False,1.0,1.0
1995-06-01,SNK,1.0,0.0,False,False,1.0,1.0
1995-06-01,YAP,-11.0,-3.0,False,False,11.0,11.0
1995-06-01,LLG,-1.0,1.0,False,False,1.0,1.0
1995-06-01,YXT,7.0,5.0,False,False,7.0,7.0
1995-06-01,ZT,-10.0,3.0,False,False,10.0,10.0
1995-06-01,ZN,-2.0,0.0,False,False,2.0,2.0
1995-06-01,6C,1.0,8.0,False,False,1.0,1.0
1995-06-01,6J,1.0,1.0,False,False,1.0,1.0
1995-06-01,BRN,1.0,12.0,False,False,1.0,1.0
1995-06-01,CL,-4.0,9.0,False,False,4.0,4.0
1995-06-01,HO,-1.0,-11.0,False,False,1.0,1.0
1995-06-01,PL,1.0,3.0,False,False,1.0,1.0
1995-06-01,CC,-11.0,-16.0,False,False,11.0,11.0
1995-06-01,CT,1.0,4.0,False,False,1.0,1.0
1995-06-01,HE,3.0,-4.0,False,False,3.0,3.0
1995-06-01,KC,-3.0,-3.0,False,False,3.0,3.0
1995-06-01,KE,1.0,1.0,False,False,1.0,1.0
1995-06-01,RS,-36.0,0.0,False,False,36.0,36.0
1995-06-01,SB,1.0,11.0,False,False,1.0,1.0
1995-06-01,ZL,-4.0,10.0,False,False,4.0,4.0
1995-06-01,ZM,10.0,-6.0,False,False,10.0,10.0
1995-06-01,ZS,5.0,-6.0,False,False,5.0,5.0
1995-06-05,LE,0.0,-6.0,True,True,12.0,12.0
1995-06-12,GAS,0.0,-11.0,True,True,22.0,22.0
1995-06-14,HE,0.0,-4.0,True,True,8.0,8.0
1995-06-15,YXT,0.0,5.0,True,True,10.0,10.0
1995-06-15,YYT,0.0,13.0,True,True,26.0,26.0
1995-06-19,6B,0.0,1.0,True,True,2.0,2.0
1995-06-19,6J,0.0,1.0,True,True,2.0,2.0
1995-06-20,6C,0.0,8.0,True,True,16.0,16.0
1995-06-20,CL,0.0,9.0,True,True,18.0,18.0
1995-06-20,CC,0.0,-16.0,True,True,32.0,32.0
1995-06-22,KC,0.0,-3.0,True,True,6.0,6.0
1995-06-26,NG,0.0,-8.0,True,True,16.0,16.0
1995-06-26,CT,0.0,4.0,True,True,8.0,8.0
1995-06-30,YAP,0.0,-3.0,True,True,6.0,6.0
1995-06-30,BRN,0.0,12.0,True,True,24.0,24.0
1995-06-30,HO,0.0,-11.0,True,True,22.0,22.0
1995-06-30,HG,0.0,7.0,True,True,14.0,14.0
1995-06-30,PL,0.0,3.0,True,True,6.0,6.0
1995-06-30,SI,0.0,-4.0,True,True,8.0,8.0
1995-06-30,KE,0.0,1.0,True,True,2.0,2.0
1995-06-30,SB,0.0,11.0,True,True,22.0,22.0
1995-06-30,ZC,0.0,-13.0,True,True,26.0,26.0
1995-06-30,ZL,0.0,10.0,True,True,20.0,20.0
1995-06-30,ZM,0.0,-6.0,True,True,12.0,12.0
1995-06-30,ZS,0.0,-6.0,True,True,12.0,12.0
1995-06-30,ZW,0.0,-10.0,True,True,20.0,20.0
1995-07-03,NKD,-2.0,-2.0,False,False,2.0,2.0
1995-07-03,SNK,-1.0,-1.0,False,False,1.0,1.0
1995-07-03,YAP,8.0,5.0,False,False,8.0,8.0
1995-07-03,LLG,2.0,3.0,False,False,2.0,2.0
1995-07-03,YYT,-7.0,6.0,False,False,7.0,7.0
1995-07-03,ZT,4.0,7.0,False,False,4.0,4.0
1995-07-03,ZN,2.0,2.0,False,False,2.0,2.0
1995-07-03,6B,1.0,2.0,False,False,1.0,1.0
1995-07-03,6C,9.0,17.0,False,False,9.0,9.0
1995-07-03,6J,-1.0,0.0,False,False,1.0,1.0
1995-07-03,GAS,-6.0,-17.0,False,False,6.0,6.0
1995-07-03,GF,-5.0,-15.0,False,False,5.0,5.0
1995-07-03,HE,-5.0,-9.0,False,False,5.0,5.0
1995-07-03,KE,7.0,8.0,False,False,7.0,7.0
1995-07-03,LE,-4.0,-10.0,False,False,4.0,4.0
1995-07-03,ZC,26.0,13.0,False,False,26.0,26.0
1995-07-03,ZL,4.0,14.0,False,False,4.0,4.0
1995-07-03,ZM,-8.0,-14.0,False,False,8.0,8.0
1995-07-03,ZS,-5.0,-11.0,False,False,5.0,5.0
1995-07-03,ZW,17.0,7.0,False,False,17.0,17.0
1995-07-04,RS,8.0,8.0,False,False,8.0,8.0
1995-07-05,CL,-15.0,-6.0,False,False,15.0,15.0
1995-07-05,HO,-4.0,-15.0,False,False,4.0,4.0
1995-07-05,NG,-8.0,-16.0,False,False,8.0,8.0
1995-07-05,GC,-12.0,-25.0,False,False,12.0,12.0
1995-07-05,PL,13.0,16.0,False,False,13.0,13.0
1995-07-05,SI,-4.0,-8.0,False,False,4.0,4.0
1995-07-05,CC,8.0,-8.0,False,False,8.0,8.0
1995-07-05,CT,1.0,5.0,False,False,1.0,1.0
1995-07-05,SB,6.0,17.0,False,False,6.0,6.0
1995-07-12,GAS,0.0,-17.0,True,True,34.0,34.0
1995-07-14,HE,0.0,-9.0,True,True,18.0,18.0
1995-07-20,CL,0.0,-6.0,True,True,12.0,12.0
1995-07-25,NG,0.0,-16.0,True,True,32.0,32.0
1995-07-31,BRN,0.0,12.0,True,True,24.0,24.0
1995-07-31,HO,0.0,-15.0,True,True,30.0,30.0
1995-07-31,GC,0.0,-25.0,True,True,50.0,50.0
1995-07-31,ZL,0.0,14.0,True,True,28.0,28.0
1995-07-31,ZM,0.0,-14.0,True,True,28.0,28.0
1995-07-31,ZS,0.0,-11.0,True,True,22.0,22.0
1995-08-01,LLG,-1.0,2.0,False,False,1.0,1.0
1995-08-01,ZT,-1.0,6.0,False,False,1.0,1.0
1995-08-01,6A,11.0,11.0,False,False,11.0,11.0
1995-08-01,6B,-2.0,0.0,False,False,2.0,2.0
1995-08-01,6C,-1.0,16.0,False,False,1.0,1.0
1995-08-01,BRN,10.0,22.0,False,False,10.0,10.0
1995-08-01,CL,20.0,14.0,False,False,20.0,20.0
1995-08-01,GAS,1.0,-16.0,False,False,1.0,1.0
1995-08-01,NG,1.0,-15.0,False,False,1.0,1.0
1995-08-01,GC,1.0,-24.0,False,False,1.0,1.0
1995-08-01,HG,3.0,10.0,False,False,3.0,3.0
1995-08-01,PL,-40.0,-24.0,False,False,40.0,40.0
1995-08-01,SI,1.0,-7.0,False,False,1.0,1.0
1995-08-01,CC,-18.0,-26.0,False,False,18.0,18.0
1995-08-01,GF,1.0,-14.0,False,False,1.0,1.0
1995-08-01,HE,5.0,-4.0,False,False,5.0,5.0
1995-08-01,KE,-1.0,7.0,False,False,1.0,1.0
1995-08-01,LE,3.0,-7.0,False,False,3.0,3.0
1995-08-01,RS,8.0,16.0,False,False,8.0,8.0
1995-08-01,SB,-1.0,16.0,False,False,1.0,1.0
1995-08-01,ZM,1.0,-13.0,False,False,1.0,1.0
1995-08-01,ZS,1.0,-10.0,False,False,1.0,1.0
1995-08-07,LE,0.0,-7.0,True,True,14.0,14.0
1995-08-10,GAS,0.0,-16.0,True,True,32.0,32.0
1995-08-14,HE,0.0,-4.0,True,True,8.0,8.0
1995-08-18,CC,0.0,-26.0,True,True,52.0,52.0
1995-08-22,CL,0.0,14.0,True,True,28.0,28.0
1995-08-23,KC,0.0,-3.0,True,True,6.0,6.0
1995-08-25,NG,0.0,-15.0,True,True,30.0,30.0
1995-08-30,LLG,0.0,2.0,True,True,4.0,4.0
1995-08-31,ZT,0.0,6.0,True,True,12.0,12.0
1995-08-31,ZN,0.0,2.0,True,True,4.0,4.0
1995-08-31,BRN,0.0,22.0,True,True,44.0,44.0
1995-08-31,HO,0.0,-15.0,True,True,30.0,30.0
1995-08-31,HG,0.0,10.0,True,True,20.0,20.0
1995-08-31,SI,0.0,-7.0,True,True,14.0,14.0
1995-08-31,GF,0.0,-14.0,True,True,28.0,28.0
1995-08-31,KE,0.0,7.0,True,True,14.0,14.0
1995-08-31,ZC,0.0,13.0,True,True,26.0,26.0
1995-08-31,ZL,0.0,14.0,True,True,28.0,28.0
1995-08-31,ZM,0.0,-13.0,True,True,26.0,26.0
1995-08-31,ZS,0.0,-10.0,True,True,20.0,20.0
1995-08-31,ZW,0.0,7.0,True,True,14.0,14.0
1995-09-01,NKD,1.0,-1.0,False,False,1.0,1.0
1995-09-01,SNK,1.0,0.0,False,False,1.0,1.0
1995-09-01,YXT,3.0,8.0,False,False,3.0,3.0
1995-09-01,YYT,8.0,14.0,False,False,8.0,8.0
1995-09-01,ZT,-6.0,0.0,False,False,6.0,6.0
1995-09-01,ZN,-2.0,0.0,False,False,2.0,2.0
1995-09-01,6A,-11.0,0.0,False,False,11.0,11.0
1995-09-01,6B,-9.0,-9.0,False,False,9.0,9.0
1995-09-01,6J,-3.0,-3.0,False,False,3.0,3.0
1995-09-01,CL,10.0,24.0,False,False,10.0,10.0
1995-09-01,GAS,-7.0,-23.0,False,False,7.0,7.0
1995-09-01,HO,-7.0,-22.0,False,False,7.0,7.0
1995-09-01,NG,6.0,-9.0,False,False,6.0,6.0
1995-09-01,GC,-10.0,-34.0,False,False,10.0,10.0
1995-09-01,CC,16.0,-10.0,False,False,16.0,16.0
1995-09-01,GF,-6.0,-20.0,False,False,6.0,6.0
1995-09-01,HE,18.0,14.0,False,False,18.0,18.0
1995-09-01,KC,2.0,-1.0,False,False,2.0,2.0
1995-09-01,KE,1.0,8.0,False,False,1.0,1.0
1995-09-01,RS,7.0,23.0,False,False,7.0,7.0
1995-09-01,ZC,7.0,20.0,False,False,7.0,7.0
1995-09-01,ZL,9.0,23.0,False,False,9.0,9.0
1995-09-01,ZM,-7.0,-20.0,False,False,7.0,7.0
1995-09-01,ZW,3.0,10.0,False,False,3.0,3.0
1995-09-07,NKD,0.0,-1.0,True,True,2.0,2.0
1995-09-12,GAS,0.0,-23.0,True,True,46.0,46.0
1995-09-15,YXT,0.0,8.0,True,True,16.0,16.0
1995-09-15,YYT,0.0,14.0,True,True,28.0,28.0
1995-09-18,6B,0.0,-9.0,True,True,18.0,18.0
1995-09-18,6J,0.0,-3.0,True,True,6.0,6.0
1995-09-19,6C,0.0,16.0,True,True,32.0,32.0
1995-09-20,CL,0.0,24.0,True,True,48.0,48.0
1995-09-25,NG,0.0,-9.0,True,True,18.0,18.0
1995-09-28,GF,0.0,-20.0,True,True,40.0,40.0
1995-09-29,YAP,0.0,5.0,True,True,10.0,10.0
1995-09-29,BRN,0.0,22.0,True,True,44.0,44.0
1995-09-29,HO,0.0,-22.0,True,True,44.0,44.0
1995-09-29,PL,0.0,-24.0,True,True,48.0,48.0
1995-09-29,SB,0.0,16.0,True,True,32.0,32.0
1995-09-29,ZL,0.0,23.0,True,True,46.0,46.0
1995-09-29,ZM,0.0,-20.0,True,True,40.0,40.0
1995-10-02,NKD,-1.0,-2.0,False,False,1.0,1.0
1995-10-02,SNK,-1.0,-1.0,False,False,1.0,1.0
1995-10-02,YAP,-4.0,1.0,False,False,4.0,4.0
1995-10-02,LLG,1.0,3.0,False,False,1.0,1.0
1995-10-02,YXT,-8.0,0.0,False,False,8.0,8.0
1995-10-02,YYT,-12.0,2.0,False,False,12.0,12.0
1995-10-02,6A,12.0,12.0,False,False,12.0,12.0
1995-10-02,6B,11.0,2.0,False,False,11.0,11.0
1995-10-02,6C,1.0,17.0,False,False,1.0,1.0
1995-10-02,BRN,2.0,24.0,False,False,2.0,2.0
1995-10-02,CL,1.0,25.0,False,False,1.0,1.0
1995-10-02,GAS,-2.0,-25.0,False,False,2.0,2.0
1995-10-02,HO,6.0,-16.0,False,False,6.0,6.0
1995-10-02,NG,-1.0,-10.0,False,False,1.0,1.0
1995-10-02,GC,-2.0,-36.0,False,False,2.0,2.0
1995-10-02,PL,10.0,-14.0,False,False,10.0,10.0
1995-10-02,SI,-1.0,-8.0,False,False,1.0,1.0
1995-10-02,CC,-1.0,-11.0,False,False,1.0,1.0
1995-10-02,GF,-1.0,-21.0,False,False,1.0,1.0
1995-10-02,HE,1.0,15.0,False,False,1.0,1.0
1995-10-02,KE,4.0,12.0,False,False,4.0,4.0
1995-10-02,LE,27.0,20.0,False,False,27.0,27.0
1995-10-02,RS,1.0,24.0,False,False,1.0,1.0
1995-10-02,SB,1.0,17.0,False,False,1.0,1.0
1995-10-02,ZC,1.0,21.0,False,False,1.0,1.0
1995-10-02,ZL,1.0,24.0,False,False,1.0,1.0
1995-10-02,ZM,20.0,0.0,False,False,20.0,20.0
1995-10-02,ZS,13.0,3.0,False,False,13.0,13.0
1995-10-02,ZW,1.0,11.0,False,False,1.0,1.0
1995-10-09,LE,0.0,20.0,True,True,40.0,40.0
1995-10-12,GAS,0.0,-25.0,True,True,50.0,50.0
1995-10-13,HE,0.0,15.0,True,True,30.0,30.0
1995-10-20,CL,0.0,25.0,True,True,50.0,50.0
1995-10-25,NG,0.0,-10.0,True,True,20.0,20.0
1995-10-26,GF,0.0,-21.0,True,True,42.0,42.0
1995-10-31,BRN,0.0,24.0,True,True,48.0,48.0
1995-10-31,HO,0.0,-16.0,True,True,32.0,32.0
1995-10-31,RS,0.0,24.0,True,True,48.0,48.0
1995-10-31,ZS,0.0,3.0,True,True,6.0,6.0
1995-11-01,YAP,2.0,3.0,False,False,2.0,2.0
1995-11-01,YXT,1.0,1.0,False,False,1.0,1.0
1995-11-01,YYT,2.0,4.0,False,False,2.0,2.0
1995-11-01,6B,-9.0,-7.0,False,False,9.0,9.0
1995-11-01,6C,-9.0,8.0,False,False,9.0,9.0
1995-11-01,GAS,9.0,-16.0,False,False,9.0,9.0
1995-11-01,NG,4.0,-6.0,False,False,4.0,4.0
1995-11-01,GC,-1.0,-37.0,False,False,1.0,1.0
1995-11-01,PL,-1.0,-15.0,False,False,1.0,1.0
1995-11-01,SI,-4.0,-12.0,False,False,4.0,4.0
1995-11-01,CC,-16.0,-27.0,False,False,16.0,16.0
1995-11-01,KC,-2.0,-3.0,False,False,2.0,2.0
1995-11-01,SB,7.0,24.0,False,False,7.0,7.0
1995-11-01,ZC,1.0,22.0,False,False,1.0,1.0
1995-11-10,GAS,0.0,-16.0,True,True,32.0,32.0
1995-11-16,GF,0.0,-21.0,True,True,42.0,42.0
1995-11-17,CC,0.0,-27.0,True,True,54.0,54.0
1995-11-20,CL,0.0,25.0,True,True,50.0,50.0
1995-11-22,NG,0.0,-6.0,True,True,12.0,12.0
1995-11-22,KC,0.0,-3.0,True,True,6.0,6.0
1995-11-27,CT,0.0,5.0,True,True,10.0,10.0
1995-11-29,LLG,0.0,3.0,True,True,6.0,6.0
1995-11-30,BRN,0.0,24.0,True,True,48.0,48.0
1995-11-30,HO,0.0,-16.0,True,True,32.0,32.0
1995-11-30,GC,0.0,-37.0,True,True,74.0,74.0
1995-11-30,HG,0.0,10.0,True,True,20.0,20.0
1995-11-30,SI,0.0,-12.0,True,True,24.0,24.0
1995-11-30,KE,0.0,12.0,True,True,24.0,24.0
1995-11-30,ZC,0.0,22.0,True,True,44.0,44.0
1995-11-30,ZL,0.0,24.0,True,True,48.0,48.0
1995-11-30,ZW,0.0,11.0,True,True,22.0,22.0
1995-12-01,NKD,2.0,0.0,False,False,2.0,2.0
1995-12-01,SNK,1.0,0.0,False,False,1.0,1.0
1995-12-01,YXT,4.0,5.0,False,False,4.0,4.0
1995-12-01,YYT,10.0,14.0,False,False,10.0,10.0
1995-12-01,6A,-12.0,0.0,False,False,12.0,12.0
1995-12-01,6B,2.0,-5.0,False,False,2.0,2.0
1995-12-01,6C,7.0,15.0,False,False,7.0,7.0
1995-12-01,CL,1.0,26.0,False,False,1.0,1.0
1995-12-01,GAS,46.0,30.0,False,False,46.0,46.0
1995-12-01,HO,18.0,2.0,False,False,18.0,18.0
1995-12-01,NG,16.0,10.0,False,False,16.0,16.0
1995-12-01,GC,28.0,-9.0,False,False,28.0,28.0
1995-12-01,SI,14.0,2.0,False,False,14.0,14.0
1995-12-01,CC,27.0,0.0,False,False,27.0,27.0
1995-12-01,HE,1.0,16.0,False,False,1.0,1.0
1995-12-01,KC,3.0,0.0,False,False,3.0,3.0
1995-12-01,RS,-104.0,-80.0,False,False,104.0,104.0
1995-12-01,ZL,-38.0,-14.0,False,False,38.0,38.0
1995-12-04,LE,0.0,20.0,True,True,40.0,40.0
1995-12-04,RS,-17.0,-97.0,False,False,17.0,17.0
1995-12-12,GAS,0.0,30.0,True,True,60.0,60.0
1995-12-14,HE,0.0,16.0,True,True,32.0,32.0
1995-12-15,YXT,0.0,5.0,True,True,10.0,10.0
1995-12-15,YYT,0.0,14.0,True,True,28.0,28.0
1995-12-18,6B,0.0,-5.0,True,True,10.0,10.0
1995-12-18,6J,0.0,-3.0,True,True,6.0,6.0
1995-12-19,6C,0.0,15.0,True,True,30.0,30.0
1995-12-19,CL,0.0,26.0,True,True,52.0,52.0
1995-12-22,NG,0.0,10.0,True,True,20.0,20.0
1995-12-29,YAP,0.0,3.0,True,True,6.0,6.0
1995-12-29,BRN,0.0,24.0,True,True,48.0,48.0
1995-12-29,HO,0.0,2.0,True,True,4.0,4.0
1995-12-29,PL,0.0,-15.0,True,True,30.0,30.0
1995-12-29,RS,0.0,-97.0,True,True,194.0,194.0
1995-12-29,ZL,0.0,-14.0,True,True,28.0,28.0
1995-12-29,ZS,0.0,3.0,True,True,6.0,6.0
1996-01-02,LFT,9.0,9.0,False,False,9.0,9.0
1996-01-02,NKD,4.0,4.0,False,False,4.0,4.0
1996-01-02,YAP,-3.0,0.0,False,False,3.0,3.0
1996-01-02,LLG,-2.0,1.0,False,False,2.0,2.0
1996-01-02,YXT,-5.0,0.0,False,False,5.0,5.0
1996-01-02,YYT,-14.0,0.0,False,False,14.0,14.0
1996-01-02,6B,13.0,8.0,False,False,13.0,13.0
1996-01-02,6C,1.0,16.0,False,False,1.0,1.0
1996-01-02,6J,-1.0,-4.0,False,False,1.0,1.0
1996-01-02,BRN,3.0,27.0,False,False,3.0,3.0
1996-01-02,CL,-6.0,20.0,False,False,6.0,6.0
1996-01-02,GAS,-15.0,15.0,False,False,15.0,15.0
1996-01-02,HO,1.0,3.0,False,False,1.0,1.0
1996-01-02,NG,-9.0,1.0,False,False,9.0,9.0
1996-01-02,GC,-1.0,-10.0,False,False,1.0,1.0
1996-01-02,HG,-10.0,0.0,False,False,10.0,10.0
1996-01-02,PL,14.0,-1.0,False,False,14.0,14.0
1996-01-02,SI,-2.0,0.0,False,False,2.0,2.0
1996-01-02,CT,1.0,6.0,False,False,1.0,1.0
1996-01-02,GF,7.0,-14.0,False,False,7.0,7.0
1996-01-02,HE,-4.0,12.0,False,False,4.0,4.0
1996-01-02,KE,2.0,14.0,False,False,2.0,2.0
1996-01-02,LE,-21.0,-1.0,False,False,21.0,21.0
1996-01-02,RS,27.0,-70.0,False,False,27.0,27.0
1996-01-02,SB,3.0,27.0,False,False,3.0,3.0
1996-01-02,ZC,2.0,24.0,False,False,2.0,2.0
1996-01-02,ZL,-14.0,-28.0,False,False,14.0,14.0
1996-01-02,ZW,1.0,12.0,False,False,1.0,1.0
1996-01-04,SNK,4.0,4.0,False,False,4.0,4.0
1996-01-11,GAS,0.0,15.0,True,True,30.0,30.0
1996-01-22,CL,0.0,20.0,True,True,40.0,40.0
1996-01-25,GF,0.0,-14.0,True,True,28.0,28.0
1996-01-26,NG,0.0,1.0,True,True,2.0,2.0
1996-01-31,BRN,0.0,27.0,True,True,54.0,54.0
1996-01-31,HO,0.0,3.0,True,True,6.0,6.0
1996-01-31,GC,0.0,-10.0,True,True,20.0,20.0
1996-02-01,NKD,-1.0,3.0,False,False,1.0,1.0
1996-02-01,SNK,-1.0,3.0,False,False,1.0,1.0
1996-02-01,LLG,-1.0,0.0,False,False,1.0,1.0
1996-02-01,6B,-14.0,-6.0,False,False,14.0,14.0
1996-02-01,6C,-4.0,12.0,False,False,4.0,4.0
1996-02-01,BRN,-18.0,9.0,False,False,18.0,18.0
1996-02-01,CL,-13.0,7.0,False,False,13.0,13.0
1996-02-01,GAS,-7.0,8.0,False,False,7.0,7.0
1996-02-01,HO,1.0,4.0,False,False,1.0,1.0
1996-02-01,GC,23.0,13.0,False,False,23.0,23.0
1996-02-01,PL,16.0,15.0,False,False,16.0,16.0
1996-02-01,CC,-3.0,-3.0,False,False,3.0,3.0
1996-02-01,HE,-4.0,8.0,False,False,4.0,4.0
1996-02-01,KC,-1.0,-1.0,False,False,1.0,1.0
1996-02-01,KE,-7.0,7.0,False,False,7.0,7.0
1996-02-01,LE,-2.0,-3.0,False,False,2.0,2.0
1996-02-01,SB,-18.0,9.0,False,False,18.0,18.0
1996-02-01,ZC,-12.0,12.0,False,False,12.0,12.0
1996-02-01,ZL,8.0,-20.0,False,False,8.0,8.0
1996-02-01,ZW,-5.0,7.0,False,False,5.0,5.0
1996-02-05,LE,0.0,-3.0,True,True,6.0,6.0
1996-02-12,GAS,0.0,8.0,True,True,16.0,16.0
1996-02-14,HE,0.0,8.0,True,True,16.0,16.0
1996-02-16,CC,0.0,-3.0,True,True,6.0,6.0
1996-02-20,CL,0.0,7.0,True,True,14.0,14.0
1996-02-21,KC,0.0,-1.0,True,True,2.0,2.0
1996-02-23,CT,0.0,6.0,True,True,12.0,12.0
1996-02-26,NG,0.0,1.0,True,True,2.0,2.0
1996-02-29,BRN,0.0,9.0,True,True,18.0,18.0
1996-02-29,HO,0.0,4.0,True,True,8.0,8.0
1996-02-29,KE,0.0,7.0,True,True,14.0,14.0
1996-02-29,RS,0.0,-70.0,True,True,140.0,140.0
1996-02-29,SB,0.0,9.0,True,True,18.0,18.0
1996-02-29,ZC,0.0,12.0,True,True,24.0,24.0
1996-02-29,ZL,0.0,-20.0,True,True,40.0,40.0
1996-02-29,ZS,0.0,3.0,True,True,6.0,6.0
1996-02-29,ZW,0.0,7.0,True,True,14.0,14.0
1996-03-01,YAP,1.0,1.0,False,False,1.0,1.0
1996-03-01,LLG,4.0,4.0,False,False,4.0,4.0
1996-03-01,YXT,3.0,3.0,False,False,3.0,3.0
1996-03-01,YYT,7.0,7.0,False,False,7.0,7.0
1996-03-01,ZT,2.0,2.0,False,False,2.0,2.0
1996-03-01,ZN,1.0,1.0,False,False,1.0,1.0
1996-03-01,6C,-12.0,0.0,False,False,12.0,12.0
1996-03-01,6S,-5.0,-5.0,False,False,5.0,5.0
1996-03-01,HO,1.0,5.0,False,False,1.0,1.0
1996-03-01,GC,-19.0,-6.0,False,False,19.0,19.0
1996-03-01,PL,-17.0,-2.0,False,False,17.0,17.0
1996-03-01,SI,4.0,4.0,False,False,4.0,4.0
1996-03-01,CC,1.0,-2.0,False,False,1.0,1.0
1996-03-01,GF,-1.0,-15.0,False,False,1.0,1.0
1996-03-01,HE,2.0,10.0,False,False,2.0,2.0
1996-03-01,KE,4.0,11.0,False,False,4.0,4.0
1996-03-01,RS,-1.0,-71.0,False,False,1.0,1.0
1996-03-01,ZC,6.0,18.0,False,False,6.0,6.0
1996-03-01,ZL,-7.0,-27.0,False,False,7.0,7.0
1996-03-07,NKD,0.0,3.0,True,True,6.0,6.0
1996-03-07,SNK,0.0,3.0,True,True,6.0,6.0
1996-03-12,GAS,0.0,8.0,True,True,16.0,16.0
1996-03-15,LFT,0.0,9.0,True,True,18.0,18.0
1996-03-15,YXT,0.0,3.0,True,True,6.0,6.0
1996-03-15,YYT,0.0,7.0,True,True,14.0,14.0
1996-03-18,6B,0.0,-6.0,True,True,12.0,12.0
1996-03-18,6J,0.0,-4.0,True,True,8.0,8.0
1996-03-18,6S,0.0,-5.0,True,True,10.0,10.0
1996-03-20,CL,0.0,7.0,True,True,14.0,14.0
1996-03-26,NG,0.0,1.0,True,True,2.0,2.0
1996-03-28,GF,0.0,-15.0,True,True,30.0,30.0
1996-03-29,YAP,0.0,1.0,True,True,2.0,2.0
1996-03-29,BRN,0.0,9.0,True,True,18.0,18.0
1996-03-29,HO,0.0,5.0,True,True,10.0,10.0
1996-03-29,GC,0.0,-6.0,True,True,12.0,12.0
1996-03-29,PL,0.0,-2.0,True,True,4.0,4.0
1996-04-01,LFT,1.0,10.0,False,False,1.0,1.0
1996-04-01,YAP,2.0,3.0,False,False,2.0,2.0
1996-04-01,YXT,-1.0,2.0,False,False,1.0,1.0
1996-04-01,YYT,-4.0,3.0,False,False,4.0,4.0
1996-04-01,ZT,1.0,3.0,False,False,1.0,1.0
1996-04-01,ZF,2.0,2.0,False,False,2.0,2.0
1996-04-01,ZN,1.0,2.0,False,False,1.0,1.0
1996-04-01,6A,11.0,11.0,False,False,11.0,11.0
1996-04-01,6B,-1.0,-7.0,False,False,1.0,1.0
1996-04-01,6J,-2.0,-6.0,False,False,2.0,2.0
1996-04-01,6S,-1.0,-6.0,False,False,1.0,1.0
1996-04-01,GAS,-3.0,5.0,False,False,3.0,3.0
1996-04-01,NG,2.0,3.0,False,False,2.0,2.0
1996-04-01,GC,-1.0,-7.0,False,False,1.0,1.0
1996-04-01,SI,-14.0,-10.0,False,False,14.0,14.0
1996-04-01,CC,-15.0,-17.0,False,False,15.0,15.0
1996-04-01,HE,-5.0,5.0,False,False,5.0,5.0
1996-04-01,LE,-9.0,-12.0,False,False,9.0,9.0
1996-04-01,RS,-3.0,-74.0,False,False,3.0,3.0
1996-04-01,SB,1.0,10.0,False,False,1.0,1.0
1996-04-01,ZC,1.0,19.0,False,False,1.0,1.0
1996-04-01,ZL,-2.0,-29.0,False,False,2.0,2.0
1996-04-01,ZS,-2.0,1.0,False,False,2.0,2.0
1996-04-01,ZW,1.0,8.0,False,False,1.0,1.0
1996-04-08,LE,0.0,-12.0,True,True,24.0,24.0
1996-04-11,GAS,0.0,5.0,True,True,10.0,10.0
1996-04-12,HE,0.0,5.0,True,True,10.0,10.0
1996-04-17,CC,0.0,-17.0,True,True,34.0,34.0
1996-04-22,CL,0.0,7.0,True,True,14.0,14.0
1996-04-22,KC,0.0,-1.0,True,True,2.0,2.0
1996-04-24,CT,0.0,6.0,True,True,12.0,12.0
1996-04-25,NG,0.0,3.0,True,True,6.0,6.0
1996-04-25,GF,0.0,-15.0,True,True,30.0,30.0
1996-04-30,BRN,0.0,9.0,True,True,18.0,18.0
1996-04-30,HO,0.0,5.0,True,True,10.0,10.0
1996-04-30,SI,0.0,-10.0,True,True,20.0,20.0
1996-04-30,KE,0.0,11.0,True,True,22.0,22.0
1996-04-30,SB,0.0,10.0,True,True,20.0,20.0
1996-04-30,ZC,0.0,19.0,True,True,38.0,38.0
1996-04-30,ZL,0.0,-29.0,True,True,58.0,58.0
1996-04-30,ZS,0.0,1.0,True,True,2.0,2.0
1996-04-30,ZW,0.0,8.0,True,True,16.0,16.0
1996-05-01,LFT,-4.0,6.0,False,False,4.0,4.0
1996-05-01,YAP,-2.0,1.0,False,False,2.0,2.0
1996-05-01,LLG,-1.0,3.0,False,False,1.0,1.0
1996-05-01,YXT,-1.0,1.0,False,False,1.0,1.0
1996-05-01,YYT,-3.0,0.0,False,False,3.0,3.0
1996-05-01,ZT,-2.0,1.0,False,False,2.0,2.0
1996-05-01,ZF,-2.0,0.0,False,False,2.0,2.0
1996-05-01,ZN,-1.0,1.0,False,False,1.0,1.0
1996-05-01,6A,-4.0,7.0,False,False,4.0,4.0
1996-05-01,6B,3.0,-4.0,False,False,3.0,3.0
1996-05-01,6J,3.0,-3.0,False,False,3.0,3.0
1996-05-01,6S,2.0,-4.0,False,False,2.0,2.0
1996-05-01,BRN,-6.0,3.0,False,False,6.0,6.0
1996-05-01,CL,-4.0,3.0,False,False,4.0,4.0
1996-05-01,GAS,1.0,6.0,False,False,1.0,1.0
1996-05-01,HO,-2.0,3.0,False,False,2.0,2.0
1996-05-01,HG,6.0,6.0,False,False,6.0,6.0
1996-05-01,PL,1.0,-1.0,False,False,1.0,1.0
1996-05-01,SI,5.0,-5.0,False,False,5.0,5.0
1996-05-01,CC,9.0,-8.0,False,False,9.0,9.0
1996-05-01,CT,-1.0,5.0,False,False,1.0,1.0
1996-05-01,GF,12.0,-3.0,False,False,12.0,12.0
1996-05-01,HE,1.0,6.0,False,False,1.0,1.0
1996-05-01,KC,1.0,0.0,False,False,1.0,1.0
1996-05-01,KE,-9.0,2.0,False,False,9.0,9.0
1996-05-01,LE,6.0,-6.0,False,False,6.0,6.0
1996-05-01,RS,74.0,0.0,False,False,74.0,74.0
1996-05-01,ZC,-17.0,2.0,False,False,17.0,17.0
1996-05-01,ZL,31.0,2.0,False,False,31.0,31.0
1996-05-01,ZM,1.0,1.0,False,False,1.0,1.0
1996-05-01,ZS,1.0,2.0,False,False,1.0,1.0
1996-05-01,ZW,-7.0,1.0,False,False,7.0,7.0
1996-05-10,GAS,0.0,6.0,True,True,12.0,12.0
1996-05-21,CL,0.0,3.0,True,True,6.0,6.0
1996-05-24,GF,0.0,-3.0,True,True,6.0,6.0
1996-05-28,NG,0.0,3.0,True,True,6.0,6.0
1996-05-30,LLG,0.0,3.0,True,True,6.0,6.0
1996-05-31,ZT,0.0,1.0,True,True,2.0,2.0
1996-05-31,ZN,0.0,1.0,True,True,2.0,2.0
1996-05-31,BRN,0.0,3.0,True,True,6.0,6.0
1996-05-31,HO,0.0,3.0,True,True,6.0,6.0
1996-05-31,GC,0.0,-7.0,True,True,14.0,14.0
1996-06-03,LFT,2.0,8.0,False,False,2.0,2.0
1996-06-03,YAP,-1.0,0.0,False,False,1.0,1.0
1996-06-03,LLG,1.0,4.0,False,False,1.0,1.0
1996-06-03,YXT,2.0,3.0,False,False,2.0,2.0
1996-06-03,YYT,-15.0,-15.0,False,False,15.0,15.0
1996-06-03,ZT,-12.0,-11.0,False,False,12.0,12.0
1996-06-03,ZF,-10.0,-10.0,False,False,10.0,10.0
1996-06-03,ZN,-8.0,-7.0,False,False,8.0,8.0
1996-06-03,ZB,-5.0,-5.0,False,False,5.0,5.0
1996-06-03,6A,4.0,11.0,False,False,4.0,4.0
1996-06-03,6C,16.0,16.0,False,False,16.0,16.0
1996-06-03,6J,-2.0,-5.0,False,False,2.0,2.0
1996-06-03,6S,-2.0,-6.0,False,False,2.0,2.0
1996-06-03,BRN,3.0,6.0,False,False,3.0,3.0
1996-06-03,CL,1.0,4.0,False,False,1.0,1.0
1996-06-03,GAS,4.0,10.0,False,False,4.0,4.0
1996-06-03,HO,2.0,5.0,False,False,2.0,2.0
1996-06-03,NG,2.0,5.0,False,False,2.0,2.0
1996-06-03,GC,-11.0,-18.0,False,False,11.0,11.0
1996-06-03,HG,-6.0,0.0,False,False,6.0,6.0
1996-06-03,PL,1.0,0.0,False,False,1.0,1.0
1996-06-03,SI,-4.0,-9.0,False,False,4.0,4.0
1996-06-03,CC,-8.0,-16.0,False,False,8.0,8.0
1996-06-03,CT,-5.0,0.0,False,False,5.0,5.0
1996-06-03,KE,1.0,3.0,False,False,1.0,1.0
1996-06-03,LE,-3.0,-9.0,False,False,3.0,3.0
1996-06-03,RS,51.0,51.0,False,False,51.0,51.0
1996-06-03,SB,7.0,17.0,False,False,7.0,7.0
1996-06-03,ZC,3.0,5.0,False,False,3.0,3.0
1996-06-03,ZL,-18.0,-16.0,False,False,18.0,18.0
1996-06-03,ZM,1.0,2.0,False,False,1.0,1.0
1996-06-03,ZS,1.0,3.0,False,False,1.0,1.0
1996-06-03,ZW,2.0,3.0,False,False,2.0,2.0
1996-06-10,LE,0.0,-9.0,True,True,18.0,18.0
1996-06-12,GAS,0.0,10.0,True,True,20.0,20.0
1996-06-13,NKD,0.0,3.0,True,True,6.0,6.0
1996-06-13,SNK,0.0,3.0,True,True,6.0,6.0
1996-06-14,HE,0.0,6.0,True,True,12.0,12.0
1996-06-17,YXT,0.0,3.0,True,True,6.0,6.0
1996-06-17,YYT,0.0,-15.0,True,True,30.0,30.0
1996-06-17,6A,0.0,11.0,True,True,22.0,22.0
1996-06-17,6B,0.0,-4.0,True,True,8.0,8.0
1996-06-17,6J,0.0,-5.0,True,True,10.0,10.0
1996-06-17,6S,0.0,-6.0,True,True,12.0,12.0
1996-06-17,CC,0.0,-16.0,True,True,32.0,32.0
1996-06-18,6C,0.0,16.0,True,True,32.0,32.0
1996-06-20,CL,0.0,4.0,True,True,8.0,8.0
1996-06-21,LFT,0.0,8.0,True,True,16.0,16.0
1996-06-25,NG,0.0,5.0,True,True,10.0,10.0
1996-06-28,BRN,0.0,6.0,True,True,12.0,12.0
1996-06-28,HO,0.0,5.0,True,True,10.0,10.0
1996-06-28,SI,0.0,-9.0,True,True,18.0,18.0
1996-06-28,KE,0.0,3.0,True,True,6.0,6.0
1996-06-28,SB,0.0,17.0,True,True,34.0,34.0
1996-06-28,ZC,0.0,5.0,True,True,10.0,10.0
1996-06-28,ZL,0.0,-16.0,True,True,32.0,32.0
1996-06-28,ZM,0.0,2.0,True,True,4.0,4.0
1996-06-28,ZS,0.0,3.0,True,True,6.0,6.0
1996-06-28,ZW,0.0,3.0,True,True,6.0,6.0
1996-07-01,LFT,5.0,13.0,False,False,5.0,5.0
1996-07-01,NKD,-1.0,2.0,False,False,1.0,1.0
1996-07-01,YAP,7.0,7.0,False,False,7.0,7.0
1996-07-01,LLG,2.0,6.0,False,False,2.0,2.0
1996-07-01,YXT,-2.0,1.0,False,False,2.0,2.0
1996-07-01,YYT,-10.0,-25.0,False,False,10.0,10.0
1996-07-01,ZT,-6.0,-17.0,False,False,6.0,6.0
1996-07-01,ZF,-5.0,-15.0,False,False,5.0,5.0
1996-07-01,ZN,-4.0,-11.0,False,False,4.0,4.0
1996-07-01,ZB,-3.0,-8.0,False,False,3.0,3.0
1996-07-01,6A,4.0,15.0,False,False,4.0,4.0
1996-07-01,6B,-5.0,-9.0,False,False,5.0,5.0
1996-07-01,6C,-50.0,-34.0,False,False,50.0,50.0
1996-07-01,6S,-2.0,-8.0,False,False,2.0,2.0
1996-07-01,BRN,4.0,10.0,False,False,4.0,4.0
1996-07-01,CL,3.0,7.0,False,False,3.0,3.0
1996-07-01,GAS,5.0,15.0,False,False,5.0,5.0
1996-07-01,HO,4.0,9.0,False,False,4.0,4.0
1996-07-01,NG,3.0,8.0,False,False,3.0,3.0
1996-07-01,GC,-10.0,-28.0,False,False,10.0,10.0
1996-07-01,HG,-2.0,-2.0,False,False,2.0,2.0
1996-07-01,PL,-1.0,-1.0,False,False,1.0,1.0
1996-07-01,CC,38.0,22.0,False,False,38.0,38.0
1996-07-01,CT,-7.0,-7.0,False,False,7.0,7.0
1996-07-01,GF,-3.0,-6.0,False,False,3.0,3.0
1996-07-01,HE,2.0,8.0,False,False,2.0,2.0
1996-07-01,KE,2.0,5.0,False,False,2.0,2.0
1996-07-01,LE,-6.0,-15.0,False,False,6.0,6.0
1996-07-01,SB,-4.0,13.0,False,False,4.0,4.0
1996-07-01,ZC,4.0,9.0,False,False,4.0,4.0
1996-07-01,ZL,-7.0,-23.0,False,False,7.0,7.0
1996-07-01,ZM,6.0,8.0,False,False,6.0,6.0
1996-07-01,ZS,2.0,5.0,False,False,2.0,2.0
1996-07-01,ZW,3.0,6.0,False,False,3.0,3.0
1996-07-02,RS,21.0,72.0,False,False,21.0,21.0
1996-07-11,GAS,0.0,15.0,True,True,30.0,30.0
1996-07-12,HE,0.0,8.0,True,True,16.0,16.0
1996-07-22,CL,0.0,7.0,True,True,14.0,14.0
1996-07-26,NG,0.0,8.0,True,True,16.0,16.0
1996-07-31,BRN,0.0,10.0,True,True,20.0,20.0
1996-07-31,HO,0.0,9.0,True,True,18.0,18.0
1996-07-31,GC,0.0,-28.0,True,True,56.0,56.0
1996-07-31,ZL,0.0,-23.0,True,True,46.0,46.0
1996-07-31,ZM,0.0,8.0,True,True,16.0,16.0
1996-07-31,ZS,0.0,5.0,True,True,10.0,10.0
1996-08-01,LFT,-6.0,7.0,False,False,6.0,6.0
1996-08-01,YAP,-13.0,-6.0,False,False,13.0,13.0
1996-08-01,YXT,-1.0,0.0,False,False,1.0,1.0
1996-08-01,YYT,28.0,3.0,False,False,28.0,28.0
1996-08-01,ZT,6.0,-11.0,False,False,6.0,6.0
1996-08-01,ZF,17.0,2.0,False,False,17.0,17.0
1996-08-01,ZN,12.0,1.0,False,False,12.0,12.0
1996-08-01,ZB,10.0,2.0,False,False,10.0,10.0
1996-08-01,6A,-8.0,7.0,False,False,8.0,8.0
1996-08-01,6B,3.0,-6.0,False,False,3.0,3.0
1996-08-01,6C,13.0,-21.0,False,False,13.0,13.0
1996-08-01,6M,12.0,12.0,False,False,12.0,12.0
1996-08-01,6S,4.0,-4.0,False,False,4.0,4.0
1996-08-01,BRN,-1.0,9.0,False,False,1.0,1.0
1996-08-01,CL,-1.0,6.0,False,False,1.0,1.0
1996-08-01,GAS,-1.0,14.0,False,False,1.0,1.0
1996-08-01,NG,-5.0,3.0,False,False,5.0,5.0
1996-08-01,GC,9.0,-19.0,False,False,9.0,9.0
1996-08-01,CC,-38.0,-16.0,False,False,38.0,38.0
1996-08-01,HE,-3.0,5.0,False,False,3.0,3.0
1996-08-01,LE,1.0,-14.0,False,False,1.0,1.0
1996-08-01,RS,-33.0,39.0,False,False,33.0,33.0
1996-08-01,SB,-1.0,12.0,False,False,1.0,1.0
1996-08-01,ZC,-1.0,8.0,False,False,1.0,1.0
1996-08-01,ZL,10.0,-13.0,False,False,10.0,10.0
1996-08-01,ZM,-1.0,7.0,False,False,1.0,1.0
1996-08-01,ZW,-1.0,5.0,False,False,1.0,1.0
1996-08-05,LE,0.0,-14.0,True,True,28.0,28.0
1996-08-12,GAS,0.0,14.0,True,True,28.0,28.0
1996-08-14,HE,0.0,5.0,True,True,10.0,10.0
1996-08-20,CL,0.0,6.0,True,True,12.0,12.0
1996-08-20,CC,0.0,-16.0,True,True,32.0,32.0
1996-08-27,NG,0.0,3.0,True,True,6.0,6.0
1996-08-29,LLG,0.0,6.0,True,True,12.0,12.0
1996-08-29,GF,0.0,-6.0,True,True,12.0,12.0
1996-08-30,ZT,0.0,-11.0,True,True,22.0,22.0
1996-08-30,ZF,0.0,2.0,True,True,4.0,4.0
1996-08-30,ZN,0.0,1.0,True,True,2.0,2.0
1996-08-30,ZB,0.0,2.0,True,True,4.0,4.0
1996-08-30,BRN,0.0,9.0,True,True,18.0,18.0
1996-08-30,HO,0.0,9.0,True,True,18.0,18.0
1996-08-30,HG,0.0,-2.0,True,True,4.0,4.0
1996-08-30,SI,0.0,-9.0,True,True,18.0,18.0
1996-08-30,KE,0.0,5.0,True,True,10.0,10.0
1996-08-30,ZC,0.0,8.0,True,True,16.0,16.0
1996-08-30,ZL,0.0,-13.0,True,True,26.0,26.0
1996-08-30,ZM,0.0,7.0,True,True,14.0,14.0
1996-08-30,ZS,0.0,5.0,True,True,10.0,10.0
1996-08-30,ZW,0.0,5.0,True,True,10.0,10.0
1996-09-02,LFT,2.0,9.0,False,False,2.0,2.0
1996-09-02,YAP,-2.0,-8.0,False,False,2.0,2.0
1996-09-02,YXT,6.0,6.0,False,False,6.0,6.0
1996-09-02,YYT,10.0,13.0,False,False,10.0,10.0
1996-09-02,BRN,1.0,10.0,False,False,1.0,1.0
1996-09-02,GAS,1.0,15.0,False,False,1.0,1.0
1996-09-03,NKD,1.0,3.0,False,False,1.0,1.0
1996-09-03,ZF,-12.0,-10.0,False,False,12.0,12.0
1996-09-03,ZN,-9.0,-8.0,False,False,9.0,9.0
1996-09-03,ZB,-7.0,-5.0,False,False,7.0,7.0
1996-09-03,6A,5.0,12.0,False,False,5.0,5.0
1996-09-03,6B,19.0,13.0,False,False,19.0,19.0
1996-09-03,6C,-11.0,-32.0,False,False,11.0,11.0
1996-09-03,6J,-2.0,-7.0,False,False,2.0,2.0
1996-09-03,6M,4.0,16.0,False,False,4.0,4.0
1996-09-03,6S,-2.0,-6.0,False,False,2.0,2.0
1996-09-03,CL,3.0,9.0,False,False,3.0,3.0
1996-09-03,NG,1.0,4.0,False,False,1.0,1.0
1996-09-03,HG,-2.0,-4.0,False,False,2.0,2.0
1996-09-03,PL,1.0,0.0,False,False,1.0,1.0
1996-09-03,GF,18.0,12.0,False,False,18.0,18.0
1996-09-03,HE,4.0,9.0,False,False,4.0,4.0
1996-09-03,KC,4.0,4.0,False,False,4.0,4.0
1996-09-03,KE,4.0,9.0,False,False,4.0,4.0
1996-09-03,RS,23.0,62.0,False,False,23.0,23.0
1996-09-03,SB,13.0,25.0,False,False,13.0,13.0
1996-09-03,ZC,1.0,9.0,False,False,1.0,1.0
1996-09-03,ZL,-7.0,-20.0,False,False,7.0,7.0
1996-09-03,ZM,6.0,13.0,False,False,6.0,6.0
1996-09-03,ZS,2.0,7.0,False,False,2.0,2.0
1996-09-03,ZW,4.0,9.0,False,False,4.0,4.0
1996-09-12,NKD,0.0,3.0,True,True,6.0,6.0
1996-09-12,SNK,0.0,3.0,True,True,6.0,6.0
1996-09-12,GAS,0.0,15.0,True,True,30.0,30.0
1996-09-16,YXT,0.0,6.0,True,True,12.0,12.0
1996-09-16,YYT,0.0,13.0,True,True,26.0,26.0
1996-09-16,6A,0.0,12.0,True,True,24.0,24.0
1996-09-16,6B,0.0,13.0,True,True,26.0,26.0
1996-09-16,6J,0.0,-7.0,True,True,14.0,14.0
1996-09-16,6M,0.0,16.0,True,True,32.0,32.0
1996-09-16,6S,0.0,-6.0,True,True,12.0,12.0
1996-09-17,6C,0.0,-32.0,True,True,64.0,64.0
1996-09-20,LFT,0.0,9.0,True,True,18.0,18.0
1996-09-20,CL,0.0,9.0,True,True,18.0,18.0
1996-09-25,NG,0.0,4.0,True,True,8.0,8.0
1996-09-26,GF,0.0,12.0,True,True,24.0,24.0
1996-09-30,YAP,0.0,-8.0,True,True,16.0,16.0
1996-09-30,BRN,0.0,10.0,True,True,20.0,20.0
1996-09-30,HO,0.0,9.0,True,True,18.0,18.0
1996-09-30,SB,0.0,25.0,True,True,50.0,50.0
1996-09-30,ZL,0.0,-20.0,True,True,40.0,40.0
1996-09-30,ZM,0.0,13.0,True,True,26.0,26.0
1996-10-01,LFT,1.0,10.0,False,False,1.0,1.0
1996-10-01,NKD,1.0,4.0,False,False,1.0,1.0
1996-10-01,YAP,14.0,6.0,False,False,14.0,14.0
1996-10-01,YXT,-3.0,3.0,False,False,3.0,3.0
1996-10-01,YYT,-5.0,8.0,False,False,5.0,5.0
1996-10-01,ZT,-1.0,-12.0,False,False,1.0,1.0
1996-10-01,6A,-4.0,8.0,False,False,4.0,4.0
1996-10-01,6B,-26.0,-13.0,False,False,26.0,26.0
1996-10-01,6C,-3.0,-35.0,False,False,3.0,3.0
1996-10-01,6J,2.0,-5.0,False,False,2.0,2.0
1996-10-01,6M,1.0,17.0,False,False,1.0,1.0
1996-10-01,BRN,-3.0,7.0,False,False,3.0,3.0
1996-10-01,CL,1.0,10.0,False,False,1.0,1.0
1996-10-01,GAS,-7.0,8.0,False,False,7.0,7.0
1996-10-01,HO,-3.0,6.0,False,False,3.0,3.0
1996-10-01,NG,1.0,5.0,False,False,1.0,1.0
1996-10-01,GC,-1.0,-20.0,False,False,1.0,1.0
1996-10-01,HG,-1.0,-5.0,False,False,1.0,1.0
1996-10-01,PL,-31.0,-31.0,False,False,31.0,31.0
1996-10-01,CC,-1.0,-17.0,False,False,1.0,1.0
1996-10-01,CT,-1.0,-8.0,False,False,1.0,1.0
1996-10-01,GF,1.0,13.0,False,False,1.0,1.0
1996-10-01,KE,1.0,10.0,False,False,1.0,1.0
1996-10-01,LE,19.0,5.0,False,False,19.0,19.0
1996-10-01,RS,4.0,66.0,False,False,4.0,4.0
1996-10-01,SB,-11.0,14.0,False,False,11.0,11.0
1996-10-01,ZL,-1.0,-21.0,False,False,1.0,1.0
1996-10-01,ZM,1.0,14.0,False,False,1.0,1.0
1996-10-01,ZS,1.0,8.0,False,False,1.0,1.0
1996-10-07,LE,0.0,5.0,True,True,10.0,10.0
1996-10-10,GAS,0.0,8.0,True,True,16.0,16.0
1996-10-14,HE,0.0,9.0,True,True,18.0,18.0
1996-10-22,CL,0.0,10.0,True,True,20.0,20.0
1996-10-28,NG,0.0,5.0,True,True,10.0,10.0
1996-10-31,BRN,0.0,7.0,True,True,14.0,14.0
1996-10-31,HO,0.0,6.0,True,True,12.0,12.0
1996-10-31,GF,0.0,13.0,True,True,26.0,26.0
1996-10-31,RS,0.0,66.0,True,True,132.0,132.0
1996-10-31,ZS,0.0,8.0,True,True,16.0,16.0
1996-11-01,LFT,-1.0,9.0,False,False,1.0,1.0
1996-11-01,NKD,-1.0,3.0,False,False,1.0,1.0
1996-11-01,LLG,-3.0,3.0,False,False,3.0,3.0
1996-11-01,YYT,-1.0,7.0,False,False,1.0,1.0
1996-11-01,ZT,1.0,-11.0,False,False,1.0,1.0
1996-11-01,6A,3.0,11.0,False,False,3.0,3.0
1996-11-01,6B,18.0,5.0,False,False,18.0,18.0
1996-11-01,6C,35.0,0.0,False,False,35.0,35.0
1996-11-01,6J,1.0,-4.0,False,False,1.0,1.0
1996-11-01,6M,-10.0,7.0,False,False,10.0,10.0
1996-11-01,CL,-5.0,5.0,False,False,5.0,5.0
1996-11-01,GAS,-3.0,5.0,False,False,3.0,3.0
1996-11-01,HO,-3.0,3.0,False,False,3.0,3.0
1996-11-01,NG,-1.0,4.0,False,False,1.0,1.0
1996-11-01,GC,1.0,-19.0,False,False,1.0,1.0
1996-11-01,HG,2.0,-3.0,False,False,2.0,2.0
1996-11-01,PL,2.0,-29.0,False,False,2.0,2.0
1996-11-01,CC,1.0,-16.0,False,False,1.0,1.0
1996-11-01,CT,3.0,-5.0,False,False,3.0,3.0
1996-11-01,GF,-24.0,-11.0,False,False,24.0,24.0
1996-11-01,KE,-1.0,9.0,False,False,1.0,1.0
1996-11-01,LE,-19.0,-14.0,False,False,19.0,19.0
1996-11-01,RS,-99.0,-33.0,False,False,99.0,99.0
1996-11-01,SB,-1.0,13.0,False,False,1.0,1.0
1996-11-01,ZC,3.0,12.0,False,False,3.0,3.0
1996-11-01,ZL,2.0,-19.0,False,False,2.0,2.0
1996-11-01,ZM,-6.0,8.0,False,False,6.0,6.0
1996-11-01,ZS,-1.0,7.0,False,False,1.0,1.0
1996-11-01,ZW,-9.0,0.0,False,False,9.0,9.0
1996-11-12,GAS,0.0,5.0,True,True,10.0,10.0
1996-11-19,CC,0.0,-16.0,True,True,32.0,32.0
1996-11-20,CL,0.0,5.0,True,True,10.0,10.0
1996-11-21,GF,0.0,-11.0,True,True,22.0,22.0
1996-11-21,KC,0.0,4.0,True,True,8.0,8.0
1996-11-22,NG,0.0,4.0,True,True,8.0,8.0
1996-11-25,CT,0.0,-5.0,True,True,10.0,10.0
1996-11-28,LLG,0.0,3.0,True,True,6.0,6.0
1996-11-29,ZT,0.0,-11.0,True,True,22.0,22.0
1996-11-29,ZF,0.0,-10.0,True,True,20.0,20.0
1996-11-29,ZN,0.0,-8.0,True,True,16.0,16.0
1996-11-29,ZB,0.0,-5.0,True,True,10.0,10.0
1996-11-29,BRN,0.0,7.0,True,True,14.0,14.0
1996-11-29,KE,0.0,9.0,True,True,18.0,18.0
1996-11-29,ZC,0.0,12.0,True,True,24.0,24.0
1996-11-29,ZL,0.0,-19.0,True,True,38.0,38.0
1996-11-29,ZM,0.0,8.0,True,True,16.0,16.0
1996-12-02,LFT,-3.0,6.0,False,False,3.0,3.0
1996-12-02,NKD,-3.0,0.0,False,False,3.0,3.0
1996-12-02,YXT,4.0,7.0,False,False,4.0,4.0
1996-12-02,YYT,9.0,16.0,False,False,9.0,9.0
1996-12-02,ZT,25.0,14.0,False,False,25.0,25.0
1996-12-02,6A,-3.0,8.0,False,False,3.0,3.0
1996-12-02,6M,1.0,8.0,False,False,1.0,1.0
1996-12-02,CL,1.0,6.0,False,False,1.0,1.0
1996-12-02,HO,1.0,4.0,True,True,7.0,7.0
1996-12-02,NG,-2.0,2.0,False,False,2.0,2.0
1996-12-02,GC,-1.0,-20.0,True,True,39.0,39.0
1996-12-02,HG,-3.0,-6.0,True,True,9.0,9.0
1996-12-02,PL,-1.0,-30.0,False,False,1.0,1.0
1996-12-02,SI,9.0,0.0,True,True,9.0,9.0
1996-12-02,CC,-1.0,-17.0,False,False,1.0,1.0
1996-12-02,GF,11.0,0.0,False,False,11.0,11.0
1996-12-02,LE,24.0,10.0,False,False,24.0,24.0
1996-12-02,RS,-2.0,-35.0,False,False,2.0,2.0
1996-12-02,SB,1.0,14.0,False,False,1.0,1.0
1996-12-02,ZC,1.0,13.0,False,False,1.0,1.0
1996-12-02,ZL,-1.0,-20.0,False,False,1.0,1.0
1996-12-02,ZM,1.0,9.0,False,False,1.0,1.0
1996-12-09,LE,0.0,10.0,True,True,20.0,20.0
1996-12-12,SNK,0.0,3.0,True,True,6.0,6.0
1996-12-12,GAS,0.0,5.0,True,True,10.0,10.0
1996-12-13,HE,0.0,9.0,True,True,18.0,18.0
1996-12-16,YXT,0.0,7.0,True,True,14.0,14.0
1996-12-16,YYT,0.0,16.0,True,True,32.0,32.0
1996-12-16,6A,0.0,8.0,True,True,16.0,16.0
1996-12-16,6B,0.0,5.0,True,True,10.0,10.0
1996-12-16,6J,0.0,-4.0,True,True,8.0,8.0
1996-12-16,6M,0.0,8.0,True,True,16.0,16.0
1996-12-16,6S,0.0,-6.0,True,True,12.0,12.0
1996-12-19,CL,0.0,6.0,True,True,12.0,12.0
1996-12-20,LFT,0.0,6.0,True,True,12.0,12.0
1996-12-26,NG,0.0,2.0,True,True,4.0,4.0
1996-12-31,YAP,0.0,6.0,True,True,12.0,12.0
1996-12-31,BRN,0.0,7.0,True,True,14.0,14.0
1996-12-31,HO,0.0,4.0,True,True,8.0,8.0
1996-12-31,PL,0.0,-30.0,True,True,60.0,60.0
1996-12-31,RS,0.0,-35.0,True,True,70.0,70.0
1996-12-31,ZL,0.0,-20.0,True,True,40.0,40.0
1996-12-31,ZM,0.0,9.0,True,True,18.0,18.0
1996-12-31,ZS,0.0,7.0,True,True,14.0,14.0
1997-01-02,ZT,-28.0,-14.0,False,False,28.0,28.0
1997-01-02,6A,-6.0,2.0,False,False,6.0,6.0
1997-01-02,6B,-2.0,3.0,False,False,2.0,2.0
1997-01-02,6C,-20.0,-20.0,False,False,20.0,20.0
1997-01-02,6M,4.0,12.0,False,False,4.0,4.0
1997-01-02,6S,3.0,-3.0,False,False,3.0,3.0
1997-01-02,NG,-1.0,1.0,False,False,1.0,1.0
1997-01-02,PL,-1.0,-31.0,False,False,1.0,1.0
1997-01-02,SI,-7.0,-7.0,False,False,7.0,7.0
1997-01-02,CC,-6.0,-23.0,False,False,6.0,6.0
1997-01-02,CT,-4.0,-9.0,False,False,4.0,4.0
1997-01-02,KE,1.0,10.0,False,False,1.0,1.0
1997-01-02,RS,-16.0,-51.0,False,False,16.0,16.0
1997-01-02,ZC,7.0,20.0,False,False,7.0,7.0
1997-01-02,ZL,-1.0,-21.0,False,False,1.0,1.0
1997-01-02,ZS,-7.0,0.0,False,False,7.0,7.0
1997-01-06,SNK,-4.0,-1.0,False,False,4.0,4.0
1997-01-10,GAS,0.0,5.0,True,True,10.0,10.0
1997-01-21,CL,0.0,6.0,True,True,12.0,12.0
1997-01-28,NG,0.0,1.0,True,True,2.0,2.0
1997-01-31,BRN,0.0,7.0,True,True,14.0,14.0
1997-01-31,HO,0.0,4.0,True,True,8.0,8.0
1997-01-31,GC,0.0,-20.0,True,True,40.0,40.0
1997-02-03,LFT,1.0,7.0,False,False,1.0,1.0
1997-02-03,NKD,-1.0,-1.0,False,False,1.0,1.0
1997-02-03,YAP,4.0,10.0,False,False,4.0,4.0
1997-02-03,LLG,1.0,4.0,False,False,1.0,1.0
1997-02-03,YYT,1.0,17.0,False,False,1.0,1.0
1997-02-03,ZF,-1.0,-11.0,False,False,1.0,1.0
1997-02-03,6C,20.0,0.0,False,False,20.0,20.0
1997-02-03,6J,-1.0,-5.0,False,False,1.0,1.0
1997-02-03,6M,1.0,13.0,False,False,1.0,1.0
1997-02-03,6S,-1.0,-4.0,False,False,1.0,1.0
1997-02-03,BRN,1.0,8.0,False,False,1.0,1.0
1997-02-03,HO,1.0,5.0,False,False,1.0,1.0
1997-02-03,GC,12.0,-8.0,False,False,12.0,12.0
1997-02-03,HG,14.0,8.0,False,False,14.0,14.0
1997-02-03,PL,-1.0,-32.0,False,False,1.0,1.0
1997-02-03,CC,-1.0,-24.0,False,False,1.0,1.0
1997-02-03,HE,1.0,10.0,False,False,1.0,1.0
1997-02-03,KC,-1.0,3.0,False,False,1.0,1.0
1997-02-03,KE,-10.0,0.0,False,False,10.0,10.0
1997-02-03,LE,6.0,16.0,False,False,6.0,6.0
1997-02-03,RS,-2.0,-53.0,False,False,2.0,2.0
1997-02-03,SB,1.0,15.0,False,False,1.0,1.0
1997-02-03,ZC,1.0,21.0,False,False,1.0,1.0
1997-02-03,ZM,4.0,13.0,False,False,4.0,4.0
1997-02-03,ZS,9.0,9.0,False,False,9.0,9.0
1997-02-10,LE,0.0,16.0,True,True,32.0,32.0
1997-02-12,GAS,0.0,5.0,True,True,10.0,10.0
1997-02-14,HE,0.0,10.0,True,True,20.0,20.0
1997-02-18,CC,0.0,-24.0,True,True,48.0,48.0
1997-02-20,CL,0.0,6.0,True,True,12.0,12.0
1997-02-20,KC,0.0,3.0,True,True,6.0,6.0
1997-02-24,CT,0.0,-9.0,True,True,18.0,18.0
1997-02-25,NG,0.0,1.0,True,True,2.0,2.0
1997-02-27,LLG,0.0,4.0,True,True,8.0,8.0
1997-02-28,ZT,0.0,-14.0,True,True,28.0,28.0
1997-02-28,ZF,0.0,-11.0,True,True,22.0,22.0
1997-02-28,ZN,0.0,-8.0,True,True,16.0,16.0
1997-02-28,ZB,0.0,-5.0,True,True,10.0,10.0
1997-02-28,BRN,0.0,8.0,True,True,16.0,16.0
1997-02-28,HO,0.0,5.0,True,True,10.0,10.0
1997-02-28,HG,0.0,8.0,True,True,16.0,16.0
1997-02-28,SI,0.0,-7.0,True,True,14.0,14.0
1997-02-28,RS,0.0,-53.0,True,True,106.0,106.0
1997-02-28,SB,0.0,15.0,True,True,30.0,30.0
1997-02-28,ZC,0.0,21.0,True,True,42.0,42.0
1997-02-28,ZL,0.0,-21.0,True,True,42.0,42.0
1997-02-28,ZM,0.0,13.0,True,True,26.0,26.0
1997-02-28,ZS,0.0,9.0,True,True,18.0,18.0
1997-03-03,NKD,1.0,0.0,False,False,1.0,1.0
1997-03-03,ZT,32.0,18.0,False,False,32.0,32.0
1997-03-03,ZF,3.0,-8.0,False,False,3.0,3.0
1997-03-03,ZN,19.0,11.0,False,False,19.0,19.0
1997-03-03,ZB,12.0,7.0,False,False,12.0,12.0
1997-03-03,6A,7.0,9.0,False,False,7.0,7.0
1997-03-03,6B,2.0,5.0,False,False,2.0,2.0
1997-03-03,6C,-17.0,-17.0,False,False,17.0,17.0
1997-03-03,6M,-7.0,6.0,False,False,7.0,7.0
1997-03-03,6S,-2.0,-6.0,False,False,2.0,2.0
1997-03-03,GAS,-2.0,3.0,False,False,2.0,2.0
1997-03-03,PL,20.0,-12.0,False,False,20.0,20.0
1997-03-03,SI,-1.0,-8.0,False,False,1.0,1.0
1997-03-03,KC,-2.0,1.0,False,False,2.0,2.0
1997-03-03,KE,12.0,12.0,False,False,12.0,12.0
1997-03-03,RS,124.0,71.0,False,False,124.0,124.0
1997-03-03,SB,-13.0,2.0,False,False,13.0,13.0
1997-03-03,ZL,-1.0,-22.0,False,False,1.0,1.0
1997-03-12,GAS,0.0,3.0,True,True,6.0,6.0
1997-03-13,SNK,0.0,-1.0,True,True,2.0,2.0
1997-03-17,YXT,0.0,7.0,True,True,14.0,14.0
1997-03-17,YYT,0.0,17.0,True,True,34.0,34.0
1997-03-17,6A,0.0,9.0,True,True,18.0,18.0
1997-03-17,6B,0.0,5.0,True,True,10.0,10.0
1997-03-17,6J,0.0,-5.0,True,True,10.0,10.0
1997-03-17,6M,0.0,6.0,True,True,12.0,12.0
1997-03-17,6S,0.0,-6.0,True,True,12.0,12.0
1997-03-18,6C,0.0,-17.0,True,True,34.0,34.0
1997-03-20,CL,0.0,6.0,True,True,12.0,12.0
1997-03-21,LFT,0.0,7.0,True,True,14.0,14.0
1997-03-25,NG,0.0,1.0,True,True,2.0,2.0
1997-03-27,YAP,0.0,10.0,True,True,20.0,20.0
1997-03-31,HO,0.0,5.0,True,True,10.0,10.0
1997-03-31,GC,0.0,-8.0,True,True,16.0,16.0
1997-03-31,PL,0.0,-12.0,True,True,24.0,24.0
1997-04-01,SNK,1.0,0.0,False,False,1.0,1.0
1997-04-01,YYT,10.0,27.0,False,False,10.0,10.0
1997-04-01,ZF,28.0,20.0,False,False,28.0,28.0
1997-04-01,6A,-7.0,2.0,False,False,7.0,7.0
1997-04-01,6M,4.0,10.0,False,False,4.0,4.0
1997-04-01,BRN,0.0,8.0,True,True,16.0,16.0
1997-04-01,GAS,2.0,5.0,False,False,2.0,2.0
1997-04-01,HO,1.0,6.0,False,False,1.0,1.0
1997-04-01,NG,2.0,3.0,False,False,2.0,2.0
1997-04-01,PA,9.0,9.0,False,False,9.0,9.0
1997-04-01,PL,-1.0,-13.0,False,False,1.0,1.0
1997-04-01,CC,13.0,-11.0,False,False,13.0,13.0
1997-04-01,GF,7.0,7.0,False,False,7.0,7.0
1997-04-01,HE,-4.0,6.0,False,False,4.0,4.0
1997-04-01,KE,-12.0,0.0,False,False,12.0,12.0
1997-04-01,LE,1.0,17.0,False,False,1.0,1.0
1997-04-01,RS,-105.0,-34.0,False,False,105.0,105.0
1997-04-01,SB,-2.0,0.0,False,False,2.0,2.0
1997-04-01,ZC,-21.0,0.0,False,False,21.0,21.0
1997-04-01,ZL,9.0,-13.0,False,False,9.0,9.0
1997-04-01,ZM,-6.0,7.0,False,False,6.0,6.0
1997-04-01,ZS,-3.0,6.0,False,False,3.0,3.0
1997-04-07,LE,0.0,17.0,True,True,34.0,34.0
1997-04-10,GAS,0.0,5.0,True,True,10.0,10.0
1997-04-14,HE,0.0,6.0,True,True,12.0,12.0
1997-04-17,CC,0.0,-11.0,True,True,22.0,22.0
1997-04-22,CL,0.0,6.0,True,True,12.0,12.0
1997-04-22,KC,0.0,1.0,True,True,2.0,2.0
1997-04-24,CT,0.0,-9.0,True,True,18.0,18.0
1997-04-24,GF,0.0,7.0,True,True,14.0,14.0
1997-04-25,NG,0.0,3.0,True,True,6.0,6.0
1997-04-30,BRN,0.0,8.0,True,True,16.0,16.0
1997-04-30,HO,0.0,6.0,True,True,12.0,12.0
1997-04-30,HG,0.0,8.0,True,True,16.0,16.0
1997-04-30,SI,0.0,-8.0,True,True,16.0,16.0
1997-04-30,RS,0.0,-34.0,True,True,68.0,68.0
1997-04-30,ZL,0.0,-13.0,True,True,26.0,26.0
1997-04-30,ZM,0.0,7.0,True,True,14.0,14.0
1997-04-30,ZS,0.0,6.0,True,True,12.0,12.0
1997-05-01,YAP,1.0,11.0,False,False,1.0,1.0
1997-05-01,YXT,1.0,8.0,False,False,1.0,1.0
1997-05-01,YYT,2.0,29.0,False,False,2.0,2.0
1997-05-01,ZT,1.0,19.0,False,False,1.0,1.0
1997-05-01,ZF,-4.0,16.0,False,False,4.0,4.0
1997-05-01,ZN,1.0,12.0,False,False,1.0,1.0
1997-05-01,6A,-12.0,-10.0,False,False,12.0,12.0
1997-05-01,6B,-1.0,4.0,False,False,1.0,1.0
1997-05-01,6C,-1.0,-18.0,False,False,1.0,1.0
1997-05-01,6J,1.0,-4.0,False,False,1.0,1.0
1997-05-01,6M,1.0,11.0,False,False,1.0,1.0
1997-05-01,6S,1.0,-5.0,False,False,1.0,1.0
1997-05-01,BRN,-2.0,6.0,False,False,2.0,2.0
1997-05-01,CL,-3.0,3.0,False,False,3.0,3.0
1997-05-01,GAS,3.0,8.0,False,False,3.0,3.0
1997-05-01,HO,-2.0,4.0,False,False,2.0,2.0
1997-05-01,GC,-6.0,-14.0,False,False,6.0,6.0
1997-05-01,HG,-16.0,-8.0,False,False,16.0,16.0
1997-05-01,PA,1.0,10.0,False,False,1.0,1.0
1997-05-01,CC,-1.0,-12.0,False,False,1.0,1.0
1997-05-01,CT,-1.0,-10.0,False,False,1.0,1.0
1997-05-01,GF,-7.0,0.0,False,False,7.0,7.0
1997-05-01,HE,1.0,7.0,False,False,1.0,1.0
1997-05-01,KE,-5.0,-5.0,False,False,5.0,5.0
1997-05-01,LE,1.0,18.0,False,False,1.0,1.0
1997-05-01,RS,34.0,0.0,False,False,34.0,34.0
1997-05-01,SB,9.0,9.0,False,False,9.0,9.0
1997-05-01,ZL,-1.0,-14.0,False,False,1.0,1.0
1997-05-01,ZM,1.0,8.0,False,False,1.0,1.0
1997-05-01,ZS,-1.0,5.0,False,False,1.0,1.0
1997-05-01,ZW,-9.0,-9.0,False,False,9.0,9.0
1997-05-12,GAS,0.0,8.0,True,True,16.0,16.0
1997-05-20,CL,0.0,3.0,True,True,6.0,6.0
1997-05-28,NG,0.0,3.0,True,True,6.0,6.0
1997-05-29,LLG,0.0,4.0,True,True,8.0,8.0
1997-05-30,ZT,0.0,19.0,True,True,38.0,38.0
1997-05-30,ZF,0.0,16.0,True,True,32.0,32.0
1997-05-30,ZN,0.0,12.0,True,True,24.0,24.0
1997-05-30,ZB,0.0,7.0,True,True,14.0,14.0
1997-05-30,BRN,0.0,6.0,True,True,12.0,12.0
1997-05-30,HO,0.0,4.0,True,True,8.0,8.0
1997-05-30,GC,0.0,-14.0,True,True,28.0,28.0
1997-05-30,PA,0.0,10.0,True,True,20.0,20.0
1997-06-02,LLG,-3.0,1.0,False,False,3.0,3.0
1997-06-02,YYT,1.0,30.0,False,False,1.0,1.0
1997-06-02,ZT,1.0,20.0,False,False,1.0,1.0
1997-06-02,ZF,6.0,22.0,False,False,6.0,6.0
1997-06-02,ZN,5.0,17.0,False,False,5.0,5.0
1997-06-02,ZB,1.0,8.0,False,False,1.0,1.0
1997-06-02,6A,3.0,-7.0,False,False,3.0,3.0
1997-06-02,6B,2.0,6.0,False,False,2.0,2.0
1997-06-02,6C,-1.0,-19.0,False,False,1.0,1.0
1997-06-02,6M,9.0,20.0,False,False,9.0,9.0
1997-06-02,GAS,3.0,11.0,False,False,3.0,3.0
1997-06-02,HO,2.0,6.0,False,False,2.0,2.0
1997-06-02,NG,1.0,4.0,False,False,1.0,1.0
1997-06-02,GC,-1.0,-15.0,False,False,1.0,1.0
1997-06-02,HG,20.0,12.0,False,False,20.0,20.0
1997-06-02,PA,-5.0,5.0,False,False,5.0,5.0
1997-06-02,PL,-1.0,-14.0,False,False,1.0,1.0
1997-06-02,SI,-1.0,-9.0,False,False,1.0,1.0
1997-06-02,CC,-6.0,-18.0,False,False,6.0,6.0
1997-06-02,HE,3.0,10.0,False,False,3.0,3.0
1997-06-02,KE,-4.0,-9.0,False,False,4.0,4.0
1997-06-02,RS,-77.0,-77.0,False,False,77.0,77.0
1997-06-02,SB,-6.0,3.0,False,False,6.0,6.0
1997-06-02,ZL,-1.0,-15.0,False,False,1.0,1.0
1997-06-02,ZS,2.0,7.0,False,False,2.0,2.0
1997-06-09,LE,0.0,18.0,True,True,36.0,36.0
1997-06-12,GAS,0.0,11.0,True,True,22.0,22.0
1997-06-13,HE,0.0,10.0,True,True,20.0,20.0
1997-06-16,YXT,0.0,8.0,True,True,16.0,16.0
1997-06-16,YYT,0.0,30.0,True,True,60.0,60.0
1997-06-16,6A,0.0,-7.0,True,True,14.0,14.0
1997-06-16,6B,0.0,6.0,True,True,12.0,12.0
1997-06-16,6J,0.0,-4.0,True,True,8.0,8.0
1997-06-16,6M,0.0,20.0,True,True,40.0,40.0
1997-06-16,6S,0.0,-5.0,True,True,10.0,10.0
1997-06-17,6C,0.0,-19.0,True,True,38.0,38.0
1997-06-17,CC,0.0,-18.0,True,True,36.0,36.0
1997-06-20,LFT,0.0,7.0,True,True,14.0,14.0
1997-06-20,CL,0.0,3.0,True,True,6.0,6.0
1997-06-20,KC,0.0,1.0,True,True,2.0,2.0
1997-06-24,CT,0.0,-10.0,True,True,20.0,20.0
1997-06-26,NG,0.0,4.0,True,True,8.0,8.0
1997-06-30,YAP,0.0,11.0,True,True,22.0,22.0
1997-06-30,BRN,0.0,6.0,True,True,12.0,12.0
1997-06-30,HO,0.0,6.0,True,True,12.0,12.0
1997-06-30,HG,0.0,12.0,True,True,24.0,24.0
1997-06-30,PL,0.0,-14.0,True,True,28.0,28.0
1997-06-30,SI,0.0,-9.0,True,True,18.0,18.0
1997-06-30,KE,0.0,-9.0,True,True,18.0,18.0
1997-06-30,RS,0.0,-77.0,True,True,154.0,154.0
1997-06-30,SB,0.0,3.0,True,True,6.0,6.0
1997-06-30,ZL,0.0,-15.0,True,True,30.0,30.0
1997-06-30,ZM,0.0,8.0,True,True,16.0,16.0
1997-06-30,ZS,0.0,7.0,True,True,14.0,14.0
1997-06-30,ZW,0.0,-9.0,True,True,18.0,18.0
1997-07-01,LFT,-2.0,5.0,False,False,2.0,2.0
1997-07-01,YYT,-10.0,20.0,False,False,10.0,10.0
1997-07-01,ZT,1.0,21.0,False,False,1.0,1.0
1997-07-01,ZF,1.0,23.0,False,False,1.0,1.0
1997-07-01,6A,-3.0,-10.0,False,False,3.0,3.0
1997-07-01,6B,1.0,7.0,False,False,1.0,1.0
1997-07-01,6C,5.0,-14.0,False,False,5.0,5.0
1997-07-01,6M,1.0,21.0,False,False,1.0,1.0
1997-07-01,BRN,-1.0,5.0,False,False,1.0,1.0
1997-07-01,GAS,-3.0,8.0,False,False,3.0,3.0
1997-07-01,HG,-5.0,7.0,False,False,5.0,5.0
1997-07-01,PL,22.0,8.0,False,False,22.0,22.0
1997-07-01,CC,21.0,3.0,False,False,21.0,21.0
1997-07-01,GF,1.0,1.0,False,False,1.0,1.0
1997-07-01,KE,-1.0,-10.0,False,False,1.0,1.0
1997-07-01,LE,1.0,19.0,False,False,1.0,1.0
1997-07-01,SB,-3.0,0.0,False,False,3.0,3.0
1997-07-01,ZC,-22.0,-22.0,False,False,22.0,22.0
1997-07-01,ZL,-11.0,-26.0,False,False,11.0,11.0
1997-07-01,ZS,-7.0,0.0,False,False,7.0,7.0
1997-07-02,RS,21.0,-56.0,False,False,21.0,21.0
1997-07-10,GAS,0.0,8.0,True,True,16.0,16.0
1997-07-14,HE,0.0,10.0,True,True,20.0,20.0
1997-07-22,CL,0.0,3.0,True,True,6.0,6.0
1997-07-29,NG,0.0,4.0,True,True,8.0,8.0
1997-07-31,BRN,0.0,5.0,True,True,10.0,10.0
1997-07-31,HO,0.0,6.0,True,True,12.0,12.0
1997-07-31,GC,0.0,-15.0,True,True,30.0,30.0
1997-07-31,ZL,0.0,-26.0,True,True,52.0,52.0
1997-07-31,ZM,0.0,8.0,True,True,16.0,16.0
1997-08-01,LFT,-2.0,3.0,False,False,2.0,2.0
1997-08-01,YAP,-3.0,8.0,False,False,3.0,3.0
1997-08-01,LLG,1.0,2.0,False,False,1.0,1.0
1997-08-01,YXT,1.0,9.0,False,False,1.0,1.0
1997-08-01,YYT,2.0,22.0,False,False,2.0,2.0
1997-08-01,ZT,1.0,22.0,False,False,1.0,1.0
1997-08-01,ZF,1.0,24.0,False,False,1.0,1.0
1997-08-01,ZN,1.0,18.0,False,False,1.0,1.0
1997-08-01,6C,-1.0,-15.0,False,False,1.0,1.0
1997-08-01,6M,-11.0,10.0,False,False,11.0,11.0
1997-08-01,CL,1.0,4.0,False,False,1.0,1.0
1997-08-01,GAS,1.0,9.0,False,False,1.0,1.0
1997-08-01,NG,-1.0,3.0,False,False,1.0,1.0
1997-08-01,GC,8.0,-7.0,False,False,8.0,8.0
1997-08-01,PA,-5.0,0.0,False,False,5.0,5.0
1997-08-01,CC,-17.0,-14.0,False,False,17.0,17.0
1997-08-01,CT,-1.0,-11.0,False,False,1.0,1.0
1997-08-01,GF,-1.0,0.0,False,False,1.0,1.0
1997-08-01,HE,1.0,11.0,False,False,1.0,1.0
1997-08-01,LE,1.0,20.0,False,False,1.0,1.0
1997-08-01,RS,14.0,-42.0,False,False,14.0,14.0
1997-08-01,ZC,6.0,-16.0,False,False,6.0,6.0
1997-08-01,ZL,9.0,-17.0,False,False,9.0,9.0
1997-08-01,ZM,1.0,9.0,False,False,1.0,1.0
1997-08-01,ZS,5.0,5.0,False,False,5.0,5.0
1997-08-01,ZW,-5.0,-14.0,False,False,5.0,5.0
1997-08-04,LE,0.0,20.0,True,True,40.0,40.0
1997-08-12,GAS,0.0,9.0,True,True,18.0,18.0
1997-08-14,HE,0.0,11.0,True,True,22.0,22.0
1997-08-18,CC,0.0,-14.0,True,True,28.0,28.0
1997-08-20,CL,0.0,4.0,True,True,8.0,8.0
1997-08-21,KC,0.0,1.0,True,True,2.0,2.0
1997-08-27,NG,0.0,3.0,True,True,6.0,6.0
1997-08-28,LLG,0.0,2.0,True,True,4.0,4.0
1997-08-29,ZT,0.0,22.0,True,True,44.0,44.0
1997-08-29,ZF,0.0,24.0,True,True,48.0,48.0
1997-08-29,ZN,0.0,18.0,True,True,36.0,36.0
1997-08-29,ZB,0.0,8.0,True,True,16.0,16.0
1997-08-29,BRN,0.0,5.0,True,True,10.0,10.0
1997-08-29,HO,0.0,6.0,True,True,12.0,12.0
1997-08-29,HG,0.0,7.0,True,True,14.0,14.0
1997-08-29,SI,0.0,-9.0,True,True,18.0,18.0
1997-08-29,KE,0.0,-10.0,True,True,20.0,20.0
1997-08-29,ZC,0.0,-16.0,True,True,32.0,32.0
1997-08-29,ZL,0.0,-17.0,True,True,34.0,34.0
1997-08-29,ZM,0.0,9.0,True,True,18.0,18.0
1997-08-29,ZS,0.0,5.0,True,True,10.0,10.0
1997-08-29,ZW,0.0,-14.0,True,True,28.0,28.0
1997-09-01,YAP,-2.0,6.0,False,False,2.0,2.0
1997-09-01,LLG,-1.0,1.0,False,False,1.0,1.0
1997-09-01,YXT,-1.0,8.0,False,False,1.0,1.0
1997-09-01,YYT,-1.0,21.0,False,False,1.0,1.0
1997-09-01,BRN,-17.0,-12.0,False,False,17.0,17.0
1997-09-01,GAS,-24.0,-15.0,False,False,24.0,24.0
1997-09-02,ZT,-1.0,21.0,False,False,1.0,1.0
1997-09-02,ZF,-13.0,11.0,False,False,13.0,13.0
1997-09-02,ZN,-11.0,7.0,False,False,11.0,11.0
1997-09-02,ZB,-4.0,4.0,False,False,4.0,4.0
1997-09-02,6C,1.0,-14.0,False,False,1.0,1.0
1997-09-02,CL,-14.0,-10.0,False,False,14.0,14.0
1997-09-02,HO,-15.0,-9.0,False,False,15.0,15.0
1997-09-02,HG,-3.0,4.0,False,False,3.0,3.0
1997-09-02,SI,4.0,-5.0,False,False,4.0,4.0
1997-09-02,CC,16.0,2.0,False,False,16.0,16.0
1997-09-02,KE,15.0,5.0,False,False,15.0,15.0
1997-09-02,LE,-7.0,13.0,False,False,7.0,7.0
1997-09-02,RS,2.0,-40.0,False,False,2.0,2.0
1997-09-02,ZC,4.0,-12.0,False,False,4.0,4.0
1997-09-02,ZL,1.0,-16.0,False,False,1.0,1.0
1997-09-02,ZW,1.0,-13.0,False,False,1.0,1.0
1997-09-11,GAS,0.0,-15.0,True,True,30.0,30.0
1997-09-15,YXT,0.0,8.0,True,True,16.0,16.0
1997-09-15,YYT,0.0,21.0,True,True,42.0,42.0
1997-09-15,6A,0.0,-10.0,True,True,20.0,20.0
1997-09-15,6B,0.0,7.0,True,True,14.0,14.0
1997-09-15,6J,0.0,-4.0,True,True,8.0,8.0
1997-09-15,6M,0.0,10.0,True,True,20.0,20.0
1997-09-15,6S,0.0,-5.0,True,True,10.0,10.0
1997-09-16,6C,0.0,-14.0,True,True,28.0,28.0
1997-09-19,LFT,0.0,3.0,True,True,6.0,6.0
1997-09-22,CL,0.0,-10.0,True,True,20.0,20.0
1997-09-26,NG,0.0,3.0,True,True,6.0,6.0
1997-09-30,YAP,0.0,6.0,True,True,12.0,12.0
1997-09-30,BRN,0.0,-12.0,True,True,24.0,24.0
1997-09-30,HO,0.0,-9.0,True,True,18.0,18.0
1997-09-30,PL,0.0,8.0,True,True,16.0,16.0
1997-09-30,ZL,0.0,-16.0,True,True,32.0,32.0
1997-09-30,ZM,0.0,9.0,True,True,18.0,18.0
1997-10-01,LFT,-2.0,1.0,False,False,2.0,2.0
1997-10-01,YAP,2.0,8.0,False,False,2.0,2.0
1997-10-01,LLG,1.0,2.0,False,False,1.0,1.0
1997-10-01,YYT,10.0,31.0,False,False,10.0,10.0
1997-10-01,ZF,7.0,18.0,False,False,7.0,7.0
1997-10-01,ZN,5.0,12.0,False,False,5.0,5.0
1997-10-01,ZB,2.0,6.0,False,False,2.0,2.0
1997-10-01,6C,-16.0,-30.0,False,False,16.0,16.0
1997-10-01,6M,7.0,17.0,False,False,7.0,7.0
1997-10-01,6S,-3.0,-8.0,False,False,3.0,3.0
1997-10-01,BRN,-9.0,-21.0,False,False,9.0,9.0
1997-10-01,CL,-7.0,-17.0,False,False,7.0,7.0
1997-10-01,GAS,-8.0,-23.0,False,False,8.0,8.0
1997-10-01,HO,-5.0,-14.0,False,False,5.0,5.0
1997-10-01,GC,-3.0,-10.0,False,False,3.0,3.0
1997-10-01,HG,2.0,6.0,False,False,2.0,2.0
1997-10-01,PL,9.0,17.0,False,False,9.0,9.0
1997-10-01,SI,-3.0,-8.0,False,False,3.0,3.0
1997-10-01,HE,-26.0,-15.0,False,False,26.0,26.0
1997-10-01,KC,1.0,2.0,False,False,1.0,1.0
1997-10-01,KE,-26.0,-21.0,False,False,26.0,26.0
1997-10-01,RS,-56.0,-96.0,False,False,56.0,56.0
1997-10-01,ZC,-11.0,-23.0,False,False,11.0,11.0
1997-10-01,ZL,-9.0,-25.0,False,False,9.0,9.0
1997-10-01,ZM,4.0,13.0,False,False,4.0,4.0
1997-10-01,ZS,5.0,10.0,False,False,5.0,5.0
1997-10-01,ZW,-9.0,-22.0,False,False,9.0,9.0
1997-10-06,LE,0.0,13.0,True,True,26.0,26.0
1997-10-10,GAS,0.0,-23.0,True,True,46.0,46.0
1997-10-14,HE,0.0,-15.0,True,True,30.0,30.0
1997-10-21,CL,0.0,-17.0,True,True,34.0,34.0
1997-10-29,NG,0.0,3.0,True,True,6.0,6.0
1997-10-31,BRN,0.0,-21.0,True,True,42.0,42.0
1997-10-31,HO,0.0,-14.0,True,True,28.0,28.0
1997-10-31,RS,0.0,-96.0,True,True,192.0,192.0
1997-10-31,ZS,0.0,10.0,True,True,20.0,20.0
1997-11-03,YAP,-6.0,2.0,False,False,6.0,6.0
1997-11-03,YYT,-8.0,23.0,False,False,8.0,8.0
1997-11-03,6A,4.0,-6.0,False,False,4.0,4.0
1997-11-03,6M,-16.0,1.0,False,False,16.0,16.0
1997-11-03,6S,2.0,-6.0,False,False,2.0,2.0
1997-11-03,BRN,11.0,-10.0,False,False,11.0,11.0
1997-11-03,CL,7.0,-10.0,False,False,7.0,7.0
1997-11-03,GAS,7.0,-16.0,False,False,7.0,7.0
1997-11-03,GC,3.0,-7.0,False,False,3.0,3.0
1997-11-03,HG,-3.0,3.0,False,False,3.0,3.0
1997-11-03,CC,-2.0,0.0,False,False,2.0,2.0
1997-11-03,CT,-4.0,-15.0,False,False,4.0,4.0
1997-11-03,ZC,32.0,9.0,False,False,32.0,32.0
1997-11-12,GAS,0.0,-16.0,True,True,32.0,32.0
1997-11-20,CL,0.0,-10.0,True,True,20.0,20.0
1997-11-20,KC,0.0,2.0,True,True,4.0,4.0
1997-11-24,CT,0.0,-15.0,True,True,30.0,30.0
1997-11-25,NG,0.0,3.0,True,True,6.0,6.0
1997-11-27,LLG,0.0,2.0,True,True,4.0,4.0
1997-11-28,ZT,0.0,21.0,True,True,42.0,42.0
1997-11-28,ZF,0.0,18.0,True,True,36.0,36.0
1997-11-28,ZN,0.0,12.0,True,True,24.0,24.0
1997-11-28,ZB,0.0,6.0,True,True,12.0,12.0
1997-11-28,BRN,0.0,-10.0,True,True,20.0,20.0
1997-11-28,KE,0.0,-21.0,True,True,42.0,42.0
1997-11-28,ZC,0.0,9.0,True,True,18.0,18.0
1997-11-28,ZL,0.0,-25.0,True,True,50.0,50.0
1997-11-28,ZM,0.0,13.0,True,True,26.0,26.0
1997-11-28,ZW,0.0,-22.0,True,True,44.0,44.0
1997-12-01,LFT,1.0,2.0,False,False,1.0,1.0
1997-12-01,NKD,-1.0,-1.0,False,False,1.0,1.0
1997-12-01,SNK,-2.0,-2.0,False,False,2.0,2.0
1997-12-01,YAP,3.0,5.0,False,False,3.0,3.0
1997-12-01,LLG,-2.0,0.0,False,False,2.0,2.0
1997-12-01,YXT,5.0,13.0,False,False,5.0,5.0
1997-12-01,YYT,17.0,40.0,False,False,17.0,17.0
1997-12-01,ZT,1.0,22.0,False,False,1.0,1.0
1997-12-01,ZF,-11.0,7.0,False,False,11.0,11.0
1997-12-01,ZN,10.0,22.0,False,False,10.0,10.0
1997-12-01,ZB,-2.0,4.0,False,False,2.0,2.0
1997-12-01,6A,-2.0,-8.0,False,False,2.0,2.0
1997-12-01,6B,4.0,11.0,False,False,4.0,4.0
1997-12-01,6C,-1.0,-31.0,False,False,1.0,1.0
1997-12-01,6J,-4.0,-8.0,False,False,4.0,4.0
1997-12-01,6M,1.0,2.0,False,False,1.0,1.0
1997-12-01,6S,-4.0,-10.0,False,False,4.0,4.0
1997-12-01,BRN,-5.0,-15.0,False,False,5.0,5.0
1997-12-01,CL,-4.0,-14.0,False,False,4.0,4.0
1997-12-01,GAS,-1.0,-17.0,False,False,1.0,1.0
1997-12-01,HO,0.0,-14.0,True,True,28.0,28.0
1997-12-01,NG,-8.0,-5.0,False,False,8.0,8.0
1997-12-01,GC,3.0,-4.0,True,True,11.0,11.0
1997-12-01,HG,-20.0,-17.0,True,True,20.0,20.0
1997-12-01,PL,1.0,18.0,False,False,1.0,1.0
1997-12-01,SI,21.0,13.0,True,True,21.0,21.0
1997-12-01,CC,-30.0,-30.0,False,False,30.0,30.0
1997-12-01,CT,-1.0,-16.0,False,False,1.0,1.0
1997-12-01,GF,21.0,21.0,False,False,21.0,21.0
1997-12-01,KC,1.0,3.0,False,False,1.0,1.0
1997-12-01,LE,1.0,14.0,False,False,1.0,1.0
1997-12-01,RS,191.0,95.0,False,False,191.0,191.0
1997-12-01,ZC,5.0,14.0,False,False,5.0,5.0
1997-12-01,ZL,-1.0,-26.0,False,False,1.0,1.0
1997-12-01,ZW,-1.0,-23.0,False,False,1.0,1.0
1997-12-02,RS,5.0,100.0,False,False,5.0,5.0
1997-12-08,LE,0.0,14.0,True,True,28.0,28.0
1997-12-11,NKD,0.0,-1.0,True,True,2.0,2.0
1997-12-11,SNK,0.0,-2.0,True,True,4.0,4.0
1997-12-11,GAS,0.0,-17.0,True,True,34.0,34.0
1997-12-12,HE,0.0,-15.0,True,True,30.0,30.0
1997-12-15,YXT,0.0,13.0,True,True,26.0,26.0
1997-12-15,YYT,0.0,40.0,True,True,80.0,80.0
1997-12-15,6A,0.0,-8.0,True,True,16.0,16.0
1997-12-15,6B,0.0,11.0,True,True,22.0,22.0
1997-12-15,6J,0.0,-8.0,True,True,16.0,16.0
1997-12-15,6M,0.0,2.0,True,True,4.0,4.0
1997-12-15,6S,0.0,-10.0,True,True,20.0,20.0
1997-12-16,6C,0.0,-31.0,True,True,62.0,62.0
1997-12-19,LFT,0.0,2.0,True,True,4.0,4.0
1997-12-19,CL,0.0,-14.0,True,True,28.0,28.0
1997-12-29,NG,0.0,-5.0,True,True,10.0,10.0
1997-12-31,YAP,0.0,5.0,True,True,10.0,10.0
1997-12-31,BRN,0.0,-15.0,True,True,30.0,30.0
1997-12-31,HO,0.0,-14.0,True,True,28.0,28.0
1997-12-31,PL,0.0,18.0,True,True,36.0,36.0
1997-12-31,RS,0.0,100.0,True,True,200.0,200.0
1997-12-31,ZL,0.0,-26.0,True,True,52.0,52.0
1997-12-31,ZM,0.0,13.0,True,True,26.0,26.0
1997-12-31,ZS,0.0,10.0,True,True,20.0,20.0
1998-01-02,LFT,-1.0,1.0,False,False,1.0,1.0
1998-01-02,NKD,1.0,0.0,False,False,1.0,1.0
1998-01-02,CGB,22.0,22.0,False,False,22.0,22.0
1998-01-02,YXT,1.0,14.0,False,False,1.0,1.0
1998-01-02,YYT,3.0,43.0,False,False,3.0,3.0
1998-01-02,ZT,12.0,34.0,False,False,12.0,12.0
1998-01-02,ZF,8.0,15.0,False,False,8.0,8.0
1998-01-02,ZN,1.0,23.0,False,False,1.0,1.0
1998-01-02,6A,-1.0,-9.0,False,False,1.0,1.0
1998-01-02,6B,-11.0,0.0,False,False,11.0,11.0
1998-01-02,6C,-2.0,-33.0,False,False,2.0,2.0
1998-01-02,6J,2.0,-6.0,False,False,2.0,2.0
1998-01-02,6M,1.0,3.0,False,False,1.0,1.0
1998-01-02,BRN,-6.0,-21.0,False,False,6.0,6.0
1998-01-02,CL,-7.0,-21.0,False,False,7.0,7.0
1998-01-02,GAS,-9.0,-26.0,False,False,9.0,9.0
1998-01-02,HO,-1.0,-15.0,False,False,1.0,1.0
1998-01-02,GC,-1.0,-5.0,False,False,1.0,1.0
1998-01-02,HG,-1.0,-18.0,False,False,1.0,1.0
1998-01-02,PL,1.0,19.0,False,False,1.0,1.0
1998-01-02,SI,-4.0,9.0,False,False,4.0,4.0
1998-01-02,CT,-8.0,-24.0,False,False,8.0,8.0
1998-01-02,GF,1.0,22.0,False,False,1.0,1.0
1998-01-02,HE,-13.0,-28.0,False,False,13.0,13.0
1998-01-02,KE,-10.0,-31.0,False,False,10.0,10.0
1998-01-02,LE,-45.0,-31.0,False,False,45.0,45.0
1998-01-02,RS,-250.0,-150.0,False,False,250.0,250.0
1998-01-02,ZC,-53.0,-39.0,False,False,53.0,53.0
1998-01-02,ZL,-2.0,-28.0,False,False,2.0,2.0
1998-01-02,ZM,6.0,19.0,False,False,6.0,6.0
1998-01-02,ZS,5.0,15.0,False,False,5.0,5.0
1998-01-02,ZW,-1.0,-24.0,False,False,1.0,1.0
1998-01-05,SNK,2.0,0.0,False,False,2.0,2.0
1998-01-05,CC,49.0,19.0,False,False,49.0,49.0
1998-01-12,GAS,0.0,-26.0,True,True,52.0,52.0
1998-01-20,CL,0.0,-21.0,True,True,42.0,42.0
1998-01-28,NG,0.0,-5.0,True,True,10.0,10.0
1998-01-29,GF,0.0,22.0,True,True,44.0,44.0
1998-01-30,BRN,0.0,-21.0,True,True,42.0,42.0
1998-01-30,HO,0.0,-15.0,True,True,30.0,30.0
1998-01-30,GC,0.0,-5.0,True,True,10.0,10.0
1998-02-02,LFT,-1.0,0.0,False,False,1.0,1.0
1998-02-02,CGB,-9.0,13.0,False,False,9.0,9.0
1998-02-02,YXT,-6.0,8.0,False,False,6.0,6.0
1998-02-02,YYT,-17.0,26.0,False,False,17.0,17.0
1998-02-02,ZT,-18.0,16.0,False,False,18.0,18.0
1998-02-02,ZF,-6.0,9.0,False,False,6.0,6.0
1998-02-02,ZN,-12.0,11.0,False,False,12.0,12.0
1998-02-02,6A,4.0,-5.0,False,False,4.0,4.0
1998-02-02,6B,6.0,6.0,False,False,6.0,6.0
1998-02-02,6C,19.0,-14.0,False,False,19.0,19.0
1998-02-02,6J,3.0,-3.0,False,False,3.0,3.0
1998-02-02,6M,4.0,7.0,False,False,4.0,4.0
1998-02-02,6S,4.0,-6.0,False,False,4.0,4.0
1998-02-02,BRN,11.0,-10.0,False,False,11.0,11.0
1998-02-02,CL,10.0,-11.0,False,False,10.0,10.0
1998-02-02,GAS,11.0,-15.0,False,False,11.0,11.0
1998-02-02,HO,5.0,-10.0,False,False,5.0,5.0
1998-02-02,GC,-3.0,-8.0,False,False,3.0,3.0
1998-02-02,HG,-1.0,-19.0,False,False,1.0,1.0
1998-02-02,PL,-6.0,13.0,False,False,6.0,6.0
1998-02-02,SI,-4.0,5.0,False,False,4.0,4.0
1998-02-02,CC,-14.0,5.0,False,False,14.0,14.0
1998-02-02,CT,10.0,-14.0,False,False,10.0,10.0
1998-02-02,GF,-7.0,15.0,False,False,7.0,7.0
1998-02-02,HE,13.0,-15.0,False,False,13.0,13.0
1998-02-02,KC,-1.0,2.0,False,False,1.0,1.0
1998-02-02,KE,14.0,-17.0,False,False,14.0,14.0
1998-02-02,LE,15.0,-16.0,False,False,15.0,15.0
1998-02-02,RS,49.0,-101.0,False,False,49.0,49.0
1998-02-02,ZC,17.0,-22.0,False,False,17.0,17.0
1998-02-02,ZL,-1.0,-29.0,False,False,1.0,1.0
1998-02-02,ZM,-6.0,13.0,False,False,6.0,6.0
1998-02-02,ZS,-5.0,10.0,False,False,5.0,5.0
1998-02-02,ZW,7.0,-17.0,False,False,7.0,7.0
1998-02-09,LE,0.0,-16.0,True,True,32.0,32.0
1998-02-12,GAS,0.0,-15.0,True,True,30.0,30.0
1998-02-13,HE,0.0,-15.0,True,True,30.0,30.0
1998-02-17,CC,0.0,5.0,True,True,10.0,10.0
1998-02-19,KC,0.0,2.0,True,True,4.0,4.0
1998-02-20,CL,0.0,-11.0,True,True,22.0,22.0
1998-02-23,CT,0.0,-14.0,True,True,28.0,28.0
1998-02-25,CGB,0.0,13.0,True,True,26.0,26.0
1998-02-25,NG,0.0,-5.0,True,True,10.0,10.0
1998-02-27,ZT,0.0,16.0,True,True,32.0,32.0
1998-02-27,ZF,0.0,9.0,True,True,18.0,18.0
1998-02-27,ZN,0.0,11.0,True,True,22.0,22.0
1998-02-27,ZB,0.0,4.0,True,True,8.0,8.0
1998-02-27,BRN,0.0,-10.0,True,True,20.0,20.0
1998-02-27,HO,0.0,-10.0,True,True,20.0,20.0
1998-02-27,HG,0.0,-19.0,True,True,38.0,38.0
1998-02-27,SI,0.0,5.0,True,True,10.0,10.0
1998-02-27,KE,0.0,-17.0,True,True,34.0,34.0
1998-02-27,RS,0.0,-101.0,True,True,202.0,202.0
1998-02-27,ZC,0.0,-22.0,True,True,44.0,44.0
1998-02-27,ZL,0.0,-29.0,True,True,58.0,58.0
1998-02-27,ZM,0.0,13.0,True,True,26.0,26.0
1998-02-27,ZS,0.0,10.0,True,True,20.0,20.0
1998-02-27,ZW,0.0,-17.0,True,True,34.0,34.0
1998-03-02,YAP,4.0,9.0,False,False,4.0,4.0
1998-03-02,CGB,6.0,19.0,False,False,6.0,6.0
1998-03-02,YXT,3.0,11.0,False,False,3.0,3.0
1998-03-02,YYT,12.0,38.0,False,False,12.0,12.0
1998-03-02,ZT,-6.0,10.0,False,False,6.0,6.0
1998-03-02,ZF,-3.0,6.0,False,False,3.0,3.0
1998-03-02,ZN,-8.0,3.0,False,False,8.0,8.0
1998-03-02,ZB,-2.0,2.0,False,False,2.0,2.0
1998-03-02,6A,-3.0,-8.0,False,False,3.0,3.0
1998-03-02,6B,2.0,8.0,False,False,2.0,2.0
1998-03-02,6J,-2.0,-5.0,False,False,2.0,2.0
1998-03-02,6M,4.0,11.0,False,False,4.0,4.0
1998-03-02,GAS,-5.0,-20.0,False,False,5.0,5.0
1998-03-02,NG,5.0,0.0,False,False,5.0,5.0
1998-03-02,SI,-2.0,3.0,False,False,2.0,2.0
1998-03-02,CC,15.0,20.0,False,False,15.0,15.0
1998-03-02,KC,1.0,3.0,False,False,1.0,1.0
1998-03-02,KE,-7.0,-24.0,False,False,7.0,7.0
1998-03-02,RS,-1.0,-102.0,False,False,1.0,1.0
1998-03-02,SB,-24.0,-24.0,False,False,24.0,24.0
1998-03-02,ZC,-11.0,-33.0,False,False,11.0,11.0
1998-03-02,ZL,8.0,-21.0,False,False,8.0,8.0
1998-03-02,ZM,6.0,19.0,False,False,6.0,6.0
1998-03-02,ZS,-10.0,0.0,False,False,10.0,10.0
1998-03-02,ZW,-1.0,-18.0,False,False,1.0,1.0
1998-03-12,GAS,0.0,-20.0,True,True,40.0,40.0
1998-03-16,YXT,0.0,11.0,True,True,22.0,22.0
1998-03-16,YYT,0.0,38.0,True,True,76.0,76.0
1998-03-16,6A,0.0,-8.0,True,True,16.0,16.0
1998-03-16,6B,0.0,8.0,True,True,16.0,16.0
1998-03-16,6J,0.0,-5.0,True,True,10.0,10.0
1998-03-16,6M,0.0,11.0,True,True,22.0,22.0
1998-03-16,6S,0.0,-6.0,True,True,12.0,12.0
1998-03-17,6C,0.0,-14.0,True,True,28.0,28.0
1998-03-20,CL,0.0,-11.0,True,True,22.0,22.0
1998-03-26,GF,0.0,15.0,True,True,30.0,30.0
1998-03-31,YAP,0.0,9.0,True,True,18.0,18.0
1998-03-31,BRN,0.0,-10.0,True,True,20.0,20.0
1998-03-31,HO,0.0,-10.0,True,True,20.0,20.0
1998-03-31,GC,0.0,-8.0,True,True,16.0,16.0
1998-03-31,PL,0.0,13.0,True,True,26.0,26.0
1998-04-01,HTW,5.0,5.0,False,False,5.0,5.0
1998-04-01,NKD,-1.0,-1.0,False,False,1.0,1.0
1998-04-01,SNK,-1.0,-1.0,False,False,1.0,1.0
1998-04-01,YAP,-4.0,5.0,False,False,4.0,4.0
1998-04-01,CGB,1.0,20.0,False,False,1.0,1.0
1998-04-01,LLG,7.0,7.0,False,False,7.0,7.0
1998-04-01,YXT,-5.0,6.0,False,False,5.0,5.0
1998-04-01,YYT,-21.0,17.0,False,False,21.0,21.0
1998-04-01,ZB,-1.0,1.0,False,False,1.0,1.0
1998-04-01,6C,6.0,-8.0,False,False,6.0,6.0
1998-04-01,6J,1.0,-4.0,False,False,1.0,1.0
1998-04-01,6M,-5.0,6.0,False,False,5.0,5.0
1998-04-01,BRN,5.0,-5.0,False,False,5.0,5.0
1998-04-01,CL,6.0,-5.0,False,False,6.0,6.0
1998-04-01,GAS,15.0,-5.0,False,False,15.0,15.0
1998-04-01,HO,4.0,-6.0,False,False,4.0,4.0
1998-04-01,HG,6.0,-13.0,False,False,6.0,6.0
1998-04-01,CT,7.0,-7.0,False,False,7.0,7.0
1998-04-01,RS,118.0,16.0,False,False,118.0,118.0
1998-04-01,ZC,11.0,-22.0,False,False,11.0,11.0
1998-04-01,ZL,45.0,24.0,False,False,45.0,45.0
1998-04-01,ZM,-19.0,0.0,False,False,19.0,19.0
1998-04-06,LE,0.0,-16.0,True,True,32.0,32.0
1998-04-09,GAS,0.0,-5.0,True,True,10.0,10.0
1998-04-14,HE,0.0,-15.0,True,True,30.0,30.0
1998-04-17,CC,0.0,20.0,True,True,40.0,40.0
1998-04-21,CL,0.0,-5.0,True,True,10.0,10.0
1998-04-22,KC,0.0,3.0,True,True,6.0,6.0
1998-04-24,CT,0.0,-7.0,True,True,14.0,14.0
1998-04-29,HTW,0.0,5.0,True,True,10.0,10.0
1998-04-30,BRN,0.0,-5.0,True,True,10.0,10.0
1998-04-30,HO,0.0,-6.0,True,True,12.0,12.0
1998-04-30,HG,0.0,-13.0,True,True,26.0,26.0
1998-04-30,SI,0.0,3.0,True,True,6.0,6.0
1998-04-30,GF,0.0,15.0,True,True,30.0,30.0
1998-04-30,KE,0.0,-24.0,True,True,48.0,48.0
1998-04-30,RS,0.0,16.0,True,True,32.0,32.0
1998-04-30,SB,0.0,-24.0,True,True,48.0,48.0
1998-04-30,ZC,0.0,-22.0,True,True,44.0,44.0
1998-04-30,ZL,0.0,24.0,True,True,48.0,48.0
1998-04-30,ZW,0.0,-18.0,True,True,36.0,36.0
1998-05-01,NKD,1.0,0.0,False,False,1.0,1.0
1998-05-01,YAP,2.0,7.0,False,False,2.0,2.0
1998-05-01,LLG,3.0,10.0,False,False,3.0,3.0
1998-05-01,YXT,8.0,14.0,False,False,8.0,8.0
1998-05-01,YYT,26.0,43.0,False,False,26.0,26.0
1998-05-01,ZT,8.0,18.0,False,False,8.0,8.0
1998-05-01,ZF,2.0,8.0,False,False,2.0,2.0
1998-05-01,ZN,4.0,7.0,False,False,4.0,4.0
1998-05-01,ZB,1.0,2.0,False,False,1.0,1.0
1998-05-01,6A,-4.0,-12.0,False,False,4.0,4.0
1998-05-01,6B,4.0,12.0,False,False,4.0,4.0
1998-05-01,6C,-12.0,-20.0,False,False,12.0,12.0
1998-05-01,6J,-1.0,-5.0,False,False,1.0,1.0
1998-05-01,6M,5.0,11.0,False,False,5.0,5.0
1998-05-01,6S,-5.0,-11.0,False,False,5.0,5.0
1998-05-01,BRN,-7.0,-12.0,False,False,7.0,7.0
1998-05-01,CL,-6.0,-11.0,False,False,6.0,6.0
1998-05-01,GAS,-10.0,-15.0,False,False,10.0,10.0
1998-05-01,HO,-7.0,-13.0,False,False,7.0,7.0
1998-05-01,NG,-8.0,-8.0,False,False,8.0,8.0
1998-05-01,GC,-7.0,-15.0,False,False,7.0,7.0
1998-05-01,PL,7.0,20.0,False,False,7.0,7.0
1998-05-01,SI,4.0,7.0,False,False,4.0,4.0
1998-05-01,CC,1.0,21.0,False,False,1.0,1.0
1998-05-01,CT,-4.0,-11.0,False,False,4.0,4.0
1998-05-01,GF,-35.0,-20.0,False,False,35.0,35.0
1998-05-01,HE,-1.0,-16.0,False,False,1.0,1.0
1998-05-01,KC,-6.0,-3.0,False,False,6.0,6.0
1998-05-01,KE,-1.0,-25.0,False,False,1.0,1.0
1998-05-01,LE,-8.0,-24.0,False,False,8.0,8.0
1998-05-01,RS,-93.0,-77.0,False,False,93.0,93.0
1998-05-01,SB,-1.0,-25.0,False,False,1.0,1.0
1998-05-01,ZC,-14.0,-36.0,False,False,14.0,14.0
1998-05-01,ZL,1.0,25.0,False,False,1.0,1.0
1998-05-01,ZW,-12.0,-30.0,False,False,12.0,12.0
1998-05-04,HTW,4.0,9.0,False,False,4.0,4.0
1998-05-12,GAS,0.0,-15.0,True,True,30.0,30.0
1998-05-19,CL,0.0,-11.0,True,True,22.0,22.0
1998-05-22,GF,0.0,-20.0,True,True,40.0,40.0
1998-05-27,CGB,0.0,20.0,True,True,40.0,40.0
1998-05-27,NG,0.0,-8.0,True,True,16.0,16.0
1998-05-28,HTW,0.0,9.0,True,True,18.0,18.0
1998-05-28,LLG,0.0,10.0,True,True,20.0,20.0
1998-05-29,ZT,0.0,18.0,True,True,36.0,36.0
1998-05-29,ZF,0.0,8.0,True,True,16.0,16.0
1998-05-29,ZN,0.0,7.0,True,True,14.0,14.0
1998-05-29,ZB,0.0,2.0,True,True,4.0,4.0
1998-05-29,BRN,0.0,-12.0,True,True,24.0,24.0
1998-05-29,HO,0.0,-13.0,True,True,26.0,26.0
1998-05-29,GC,0.0,-15.0,True,True,30.0,30.0
1998-06-01,HTW,1.0,10.0,False,False,1.0,1.0
1998-06-01,SNK,-7.0,-8.0,False,False,7.0,7.0
1998-06-01,YAP,-23.0,-16.0,False,False,23.0,23.0
1998-06-01,CGB,10.0,30.0,False,False,10.0,10.0
1998-06-01,YXT,9.0,23.0,False,False,9.0,9.0
1998-06-01,YYT,37.0,80.0,False,False,37.0,37.0
1998-06-01,ZT,-10.0,8.0,False,False,10.0,10.0
1998-06-01,ZF,-8.0,0.0,False,False,8.0,8.0
1998-06-01,ZN,-7.0,0.0,False,False,7.0,7.0
1998-06-01,ZB,-2.0,0.0,False,False,2.0,2.0
1998-06-01,6A,-1.0,-13.0,False,False,1.0,1.0
1998-06-01,6B,5.0,17.0,False,False,5.0,5.0
1998-06-01,6C,-18.0,-38.0,False,False,18.0,18.0
1998-06-01,6J,-4.0,-9.0,False,False,4.0,4.0
1998-06-01,6M,13.0,24.0,False,False,13.0,13.0
1998-06-01,6S,-4.0,-15.0,False,False,4.0,4.0
1998-06-01,BRN,-7.0,-19.0,False,False,7.0,7.0
1998-06-01,CL,-1.0,-12.0,False,False,1.0,1.0
1998-06-01,GAS,-6.0,-21.0,False,False,6.0,6.0
1998-06-01,HO,-5.0,-18.0,False,False,5.0,5.0
1998-06-01,NG,-3.0,-11.0,False,False,3.0,3.0
1998-06-01,GC,-12.0,-27.0,False,False,12.0,12.0
1998-06-01,HG,-1.0,-14.0,False,False,1.0,1.0
1998-06-01,PL,-20.0,0.0,False,False,20.0,20.0
1998-06-01,SI,4.0,11.0,False,False,4.0,4.0
1998-06-01,CT,-6.0,-17.0,False,False,6.0,6.0
1998-06-01,GF,-1.0,-21.0,False,False,1.0,1.0
1998-06-01,KC,-1.0,-4.0,False,False,1.0,1.0
1998-06-01,KE,-15.0,-40.0,False,False,15.0,15.0
1998-06-01,LE,-1.0,-25.0,False,False,1.0,1.0
1998-06-01,RS,191.0,114.0,False,False,191.0,191.0
1998-06-01,SB,-13.0,-38.0,False,False,13.0,13.0
1998-06-01,ZC,-1.0,-37.0,False,False,1.0,1.0
1998-06-01,ZL,10.0,35.0,False,False,10.0,10.0
1998-06-01,ZW,-1.0,-31.0,False,False,1.0,1.0
1998-06-08,LE,0.0,-25.0,True,True,50.0,50.0
1998-06-11,SNK,0.0,-8.0,True,True,16.0,16.0
1998-06-11,GAS,0.0,-21.0,True,True,42.0,42.0
1998-06-12,HE,0.0,-16.0,True,True,32.0,32.0
1998-06-15,YXT,0.0,23.0,True,True,46.0,46.0
1998-06-15,YYT,0.0,80.0,True,True,160.0,160.0
1998-06-15,6A,0.0,-13.0,True,True,26.0,26.0
1998-06-15,6B,0.0,17.0,True,True,34.0,34.0
1998-06-15,6J,0.0,-9.0,True,True,18.0,18.0
1998-06-15,6M,0.0,24.0,True,True,48.0,48.0
1998-06-15,6S,0.0,-15.0,True,True,30.0,30.0
1998-06-16,6C,0.0,-38.0,True,True,76.0,76.0
1998-06-17,CC,0.0,21.0,True,True,42.0,42.0
1998-06-22,CL,0.0,-12.0,True,True,24.0,24.0
1998-06-22,KC,0.0,-4.0,True,True,8.0,8.0
1998-06-24,CT,0.0,-17.0,True,True,34.0,34.0
1998-06-26,NG,0.0,-11.0,True,True,22.0,22.0
1998-06-29,HTW,0.0,10.0,True,True,20.0,20.0
1998-06-30,YAP,0.0,-16.0,True,True,32.0,32.0
1998-06-30,BRN,0.0,-19.0,True,True,38.0,38.0
1998-06-30,HO,0.0,-18.0,True,True,36.0,36.0
1998-06-30,HG,0.0,-14.0,True,True,28.0,28.0
1998-06-30,SI,0.0,11.0,True,True,22.0,22.0
1998-06-30,KE,0.0,-40.0,True,True,80.0,80.0
1998-06-30,RS,0.0,114.0,True,True,228.0,228.0
1998-06-30,SB,0.0,-38.0,True,True,76.0,76.0
1998-06-30,ZC,0.0,-37.0,True,True,74.0,74.0
1998-06-30,ZL,0.0,35.0,True,True,70.0,70.0
1998-06-30,ZW,0.0,-31.0,True,True,62.0,62.0
1998-07-01,SNK,8.0,0.0,False,False,8.0,8.0
1998-07-01,YAP,8.0,-8.0,False,False,8.0,8.0
1998-07-01,LLG,-3.0,7.0,False,False,3.0,3.0
1998-07-01,YXT,-7.0,16.0,False,False,7.0,7.0
1998-07-01,YYT,-69.0,11.0,False,False,69.0,69.0
1998-07-01,6A,6.0,-7.0,False,False,6.0,6.0
1998-07-01,6B,-5.0,12.0,False,False,5.0,5.0
1998-07-01,6C,25.0,-13.0,False,False,25.0,25.0
1998-07-01,6J,6.0,-3.0,False,False,6.0,6.0
1998-07-01,6M,-14.0,10.0,False,False,14.0,14.0
1998-07-01,6S,4.0,-11.0,False,False,4.0,4.0
1998-07-01,NG,11.0,0.0,False,False,11.0,11.0
1998-07-01,GC,11.0,-16.0,False,False,11.0,11.0
1998-07-01,PL,-1.0,-1.0,False,False,1.0,1.0
1998-07-01,CC,-26.0,-5.0,False,False,26.0,26.0
1998-07-01,CT,26.0,9.0,False,False,26.0,26.0
1998-07-01,GF,10.0,-11.0,False,False,10.0,10.0
1998-07-01,KE,19.0,-21.0,False,False,19.0,19.0
1998-07-01,SB,24.0,-14.0,False,False,24.0,24.0
1998-07-01,ZC,20.0,-17.0,False,False,20.0,20.0
1998-07-01,ZL,-14.0,21.0,False,False,14.0,14.0
1998-07-01,ZM,-10.0,-10.0,False,False,10.0,10.0
1998-07-01,ZS,-5.0,-5.0,False,False,5.0,5.0
1998-07-01,ZW,13.0,-18.0,False,False,13.0,13.0
1998-07-02,HTW,-19.0,-9.0,False,False,19.0,19.0
1998-07-02,RS,-105.0,9.0,False,False,105.0,105.0
1998-07-10,GAS,0.0,-21.0,True,True,42.0,42.0
1998-07-14,HE,0.0,-16.0,True,True,32.0,32.0
1998-07-21,CL,0.0,-12.0,True,True,24.0,24.0
1998-07-30,HTW,0.0,-9.0,True,True,18.0,18.0
1998-07-31,BRN,0.0,-19.0,True,True,38.0,38.0
1998-07-31,HO,0.0,-18.0,True,True,36.0,36.0
1998-07-31,GC,0.0,-16.0,True,True,32.0,32.0
1998-07-31,ZL,0.0,21.0,True,True,42.0,42.0
1998-07-31,ZM,0.0,-10.0,True,True,20.0,20.0
1998-07-31,ZS,0.0,-5.0,True,True,10.0,10.0
1998-08-03,YAP,19.0,11.0,False,False,19.0,19.0
1998-08-03,LLG,3.0,10.0,False,False,3.0,3.0
1998-08-03,YXT,12.0,28.0,False,False,12.0,12.0
1998-08-03,YYT,1.0,12.0,False,False,1.0,1.0
1998-08-03,ZT,-8.0,0.0,False,False,8.0,8.0
1998-08-03,6A,-3.0,-10.0,False,False,3.0,3.0
1998-08-03,6B,1.0,13.0,False,False,1.0,1.0
1998-08-03,6C,-1.0,-14.0,False,False,1.0,1.0
1998-08-03,6J,-1.0,-4.0,False,False,1.0,1.0
1998-08-03,6M,5.0,15.0,False,False,5.0,5.0
1998-08-03,6S,-1.0,-12.0,False,False,1.0,1.0
1998-08-03,BRN,-1.0,-20.0,False,False,1.0,1.0
1998-08-03,CL,-5.0,-17.0,False,False,5.0,5.0
1998-08-03,GAS,-9.0,-30.0,False,False,9.0,9.0
1998-08-03,HO,-1.0,-19.0,False,False,1.0,1.0
1998-08-03,NG,-10.0,-10.0,False,False,10.0,10.0
1998-08-03,GC,-14.0,-30.0,False,False,14.0,14.0
1998-08-03,HG,-6.0,-20.0,False,False,6.0,6.0
1998-08-03,PL,1.0,0.0,False,False,1.0,1.0
1998-08-03,SI,1.0,12.0,False,False,1.0,1.0
1998-08-03,CC,-17.0,-22.0,False,False,17.0,17.0
1998-08-03,CT,-9.0,0.0,False,False,9.0,9.0
1998-08-03,GF,-1.0,-12.0,False,False,1.0,1.0
1998-08-03,HE,6.0,-10.0,False,False,6.0,6.0
1998-08-03,KC,-2.0,-6.0,False,False,2.0,2.0
1998-08-03,KE,-11.0,-32.0,False,False,11.0,11.0
1998-08-03,LE,-1.0,-26.0,False,False,1.0,1.0
1998-08-03,SB,-7.0,-21.0,False,False,7.0,7.0
1998-08-03,ZC,-10.0,-27.0,False,False,10.0,10.0
1998-08-03,ZL,-36.0,-15.0,False,False,36.0,36.0
1998-08-03,ZM,-9.0,-19.0,False,False,9.0,9.0
1998-08-03,ZS,-10.0,-15.0,False,False,10.0,10.0
1998-08-03,ZW,-14.0,-32.0,False,False,14.0,14.0
1998-08-04,CGB,1.0,31.0,False,False,1.0,1.0
1998-08-04,RS,-129.0,-120.0,False,False,129.0,129.0
1998-08-10,LE,0.0,-26.0,True,True,52.0,52.0
1998-08-12,GAS,0.0,-30.0,True,True,60.0,60.0
1998-08-14,HE,0.0,-10.0,True,True,20.0,20.0
1998-08-18,CC,0.0,-22.0,True,True,44.0,44.0
1998-08-20,CL,0.0,-17.0,True,True,34.0,34.0
1998-08-21,KC,0.0,-6.0,True,True,12.0,12.0
1998-08-27,CGB,0.0,31.0,True,True,62.0,62.0
1998-08-27,LLG,0.0,10.0,True,True,20.0,20.0
1998-08-27,NG,0.0,-10.0,True,True,20.0,20.0
1998-08-27,GF,0.0,-12.0,True,True,24.0,24.0
1998-08-28,HTW,0.0,-9.0,True,True,18.0,18.0
1998-08-31,HO,0.0,-19.0,True,True,38.0,38.0
1998-08-31,HG,0.0,-20.0,True,True,40.0,40.0
1998-08-31,SI,0.0,12.0,True,True,24.0,24.0
1998-08-31,KE,0.0,-32.0,True,True,64.0,64.0
1998-08-31,ZC,0.0,-27.0,True,True,54.0,54.0
1998-08-31,ZL,0.0,-15.0,True,True,30.0,30.0
1998-08-31,ZM,0.0,-19.0,True,True,38.0,38.0
1998-08-31,ZS,0.0,-15.0,True,True,30.0,30.0
1998-08-31,ZW,0.0,-32.0,True,True,64.0,64.0
1998-09-01,HTW,-1.0,-10.0,False,False,1.0,1.0
1998-09-01,YAP,-19.0,-8.0,False,False,19.0,19.0
1998-09-01,CGB,-7.0,24.0,False,False,7.0,7.0
1998-09-01,YXT,-16.0,12.0,False,False,16.0,16.0
1998-09-01,YYT,9.0,21.0,False,False,9.0,9.0
1998-09-01,6A,3.0,-7.0,False,False,3.0,3.0
1998-09-01,6J,-3.0,-7.0,False,False,3.0,3.0
1998-09-01,6M,-24.0,-9.0,False,False,24.0,24.0
1998-09-01,6S,4.0,-8.0,False,False,4.0,4.0
1998-09-01,BRN,0.0,-20.0,True,True,40.0,40.0
1998-09-01,GAS,-1.0,-31.0,False,False,1.0,1.0
1998-09-01,HO,-1.0,-20.0,False,False,1.0,1.0
1998-09-01,NG,-1.0,-11.0,False,False,1.0,1.0
1998-09-01,GC,-1.0,-31.0,False,False,1.0,1.0
1998-09-01,HG,-1.0,-21.0,False,False,1.0,1.0
1998-09-01,SI,-22.0,-10.0,False,False,22.0,22.0
1998-09-01,CC,6.0,-16.0,False,False,6.0,6.0
1998-09-01,KE,-1.0,-33.0,False,False,1.0,1.0
1998-09-01,LE,12.0,-14.0,False,False,12.0,12.0
1998-09-01,RS,-4.0,-124.0,False,False,4.0,4.0
1998-09-01,SB,-1.0,-22.0,False,False,1.0,1.0
1998-09-01,ZC,-1.0,-28.0,False,False,1.0,1.0
1998-09-01,ZM,-1.0,-20.0,False,False,1.0,1.0
1998-09-01,ZW,-1.0,-33.0,False,False,1.0,1.0
1998-09-10,GAS,0.0,-31.0,True,True,62.0,62.0
1998-09-14,6A,0.0,-7.0,True,True,14.0,14.0
1998-09-14,6B,0.0,13.0,True,True,26.0,26.0
1998-09-14,6J,0.0,-7.0,True,True,14.0,14.0
1998-09-14,6M,0.0,-9.0,True,True,18.0,18.0
1998-09-14,6S,0.0,-8.0,True,True,16.0,16.0
1998-09-15,YXT,0.0,12.0,True,True,24.0,24.0
1998-09-15,YYT,0.0,21.0,True,True,42.0,42.0
1998-09-15,6C,0.0,-14.0,True,True,28.0,28.0
1998-09-22,CL,0.0,-17.0,True,True,34.0,34.0
1998-09-24,GF,0.0,-12.0,True,True,24.0,24.0
1998-09-28,NG,0.0,-11.0,True,True,22.0,22.0
1998-09-29,HTW,0.0,-10.0,True,True,20.0,20.0
1998-09-30,YAP,0.0,-8.0,True,True,16.0,16.0
1998-09-30,BRN,0.0,-20.0,True,True,40.0,40.0
1998-09-30,HO,0.0,-20.0,True,True,40.0,40.0
1998-09-30,SB,0.0,-22.0,True,True,44.0,44.0
1998-09-30,ZL,0.0,-15.0,True,True,30.0,30.0
1998-09-30,ZM,0.0,-20.0,True,True,40.0,40.0
1998-10-01,HTW,1.0,-9.0,False,False,1.0,1.0
1998-10-01,LFT,-3.0,-3.0,False,False,3.0,3.0
1998-10-01,CGB,-12.0,12.0,False,False,12.0,12.0
1998-10-01,LLG,-5.0,5.0,False,False,5.0,5.0
1998-10-01,YXT,-12.0,0.0,False,False,12.0,12.0
1998-10-01,YYT,-6.0,15.0,False,False,6.0,6.0
1998-10-01,ZT,5.0,5.0,False,False,5.0,5.0
1998-10-01,ZN,2.0,2.0,False,False,2.0,2.0
1998-10-01,6B,-5.0,8.0,False,False,5.0,5.0
1998-10-01,6C,7.0,-7.0,False,False,7.0,7.0
1998-10-01,6J,4.0,-3.0,False,False,4.0,4.0
1998-10-01,6M,4.0,-5.0,False,False,4.0,4.0
1998-10-01,6S,11.0,3.0,False,False,11.0,11.0
1998-10-01,CL,1.0,-16.0,False,False,1.0,1.0
1998-10-01,GAS,10.0,-21.0,False,False,10.0,10.0
1998-10-01,HO,7.0,-13.0,False,False,7.0,7.0
1998-10-01,NG,5.0,-6.0,False,False,5.0,5.0
1998-10-01,GC,12.0,-19.0,False,False,12.0,12.0
1998-10-01,HG,1.0,-20.0,False,False,1.0,1.0
1998-10-01,PL,-13.0,-13.0,False,False,13.0,13.0
1998-10-01,SI,1.0,-9.0,False,False,1.0,1.0
1998-10-01,CC,5.0,-11.0,False,False,5.0,5.0
1998-10-01,CT,10.0,10.0,False,False,10.0,10.0
1998-10-01,KE,1.0,-32.0,False,False,1.0,1.0
1998-10-01,RS,5.0,-119.0,False,False,5.0,5.0
1998-10-01,SB,1.0,-21.0,False,False,1.0,1.0
1998-10-01,ZC,1.0,-27.0,False,False,1.0,1.0
1998-10-01,ZL,10.0,-5.0,False,False,10.0,10.0
1998-10-01,ZM,1.0,-19.0,False,False,1.0,1.0
1998-10-01,ZW,1.0,-32.0,False,False,1.0,1.0
1998-10-05,LE,0.0,-14.0,True,True,28.0,28.0
1998-10-12,GAS,0.0,-21.0,True,True,42.0,42.0
1998-10-14,HE,0.0,-10.0,True,True,20.0,20.0
1998-10-20,CL,0.0,-16.0,True,True,32.0,32.0
1998-10-28,NG,0.0,-6.0,True,True,12.0,12.0
1998-10-29,HTW,0.0,-9.0,True,True,18.0,18.0
1998-10-29,GF,0.0,-12.0,True,True,24.0,24.0
1998-10-30,BRN,0.0,-20.0,True,True,40.0,40.0
1998-10-30,HO,0.0,-13.0,True,True,26.0,26.0
1998-10-30,RS,0.0,-119.0,True,True,238.0,238.0
1998-10-30,ZS,0.0,-15.0,True,True,30.0,30.0
1998-11-02,HTW,3.0,-6.0,False,False,3.0,3.0
1998-11-02,LFT,3.0,0.0,False,False,3.0,3.0
1998-11-02,YAP,15.0,7.0,False,False,15.0,15.0
1998-11-02,CGB,-5.0,7.0,False,False,5.0,5.0
1998-11-02,LLG,-3.0,2.0,False,False,3.0,3.0
1998-11-02,YXT,1.0,1.0,False,False,1.0,1.0
1998-11-02,ZF,1.0,1.0,False,False,1.0,1.0
1998-11-02,ZN,1.0,3.0,False,False,1.0,1.0
1998-11-02,ZB,1.0,1.0,False,False,1.0,1.0
1998-11-02,6A,3.0,-4.0,False,False,3.0,3.0
1998-11-02,6B,-8.0,0.0,False,False,8.0,8.0
1998-11-02,6J,5.0,2.0,False,False,5.0,5.0
1998-11-02,6M,10.0,5.0,False,False,10.0,10.0
1998-11-02,6S,-6.0,-3.0,False,False,6.0,6.0
1998-11-02,BRN,7.0,-13.0,False,False,7.0,7.0
1998-11-02,CL,5.0,-11.0,False,False,5.0,5.0
1998-11-02,GAS,7.0,-14.0,False,False,7.0,7.0
1998-11-02,NG,1.0,-5.0,False,False,1.0,1.0
1998-11-02,SI,2.0,-7.0,False,False,2.0,2.0
1998-11-02,CC,-10.0,-21.0,False,False,10.0,10.0
1998-11-02,CT,-11.0,-1.0,False,False,11.0,11.0
1998-11-02,GF,1.0,-11.0,False,False,1.0,1.0
1998-11-02,KC,2.0,-4.0,False,False,2.0,2.0
1998-11-02,KE,16.0,-16.0,False,False,16.0,16.0
1998-11-02,RS,2.0,-117.0,False,False,2.0,2.0
1998-11-02,ZL,4.0,-1.0,False,False,4.0,4.0
1998-11-02,ZS,1.0,-14.0,False,False,1.0,1.0
1998-11-02,ZW,18.0,-14.0,False,False,18.0,18.0
1998-11-12,GAS,0.0,-14.0,True,True,28.0,28.0
1998-11-17,CC,0.0,-21.0,True,True,42.0,42.0
1998-11-19,GF,0.0,-11.0,True,True,22.0,22.0
1998-11-20,CL,0.0,-11.0,True,True,22.0,22.0
1998-11-20,KC,0.0,-4.0,True,True,8.0,8.0
1998-11-24,CT,0.0,-1.0,True,True,2.0,2.0
1998-11-25,NG,0.0,-5.0,True,True,10.0,10.0
1998-11-26,CGB,0.0,7.0,True,True,14.0,14.0
1998-11-27,HTW,0.0,-6.0,True,True,12.0,12.0
1998-11-27,LLG,0.0,2.0,True,True,4.0,4.0
1998-11-30,ZT,0.0,5.0,True,True,10.0,10.0
1998-11-30,ZF,0.0,1.0,True,True,2.0,2.0
1998-11-30,ZN,0.0,3.0,True,True,6.0,6.0
1998-11-30,ZB,0.0,1.0,True,True,2.0,2.0
1998-11-30,BRN,0.0,-13.0,True,True,26.0,26.0
1998-11-30,HO,0.0,-13.0,True,True,26.0,26.0
1998-11-30,GC,0.0,-19.0,True,True,38.0,38.0
1998-11-30,HG,0.0,-20.0,True,True,40.0,40.0
1998-11-30,SI,0.0,-7.0,True,True,14.0,14.0
1998-11-30,KE,0.0,-16.0,True,True,32.0,32.0
1998-11-30,ZC,0.0,-27.0,True,True,54.0,54.0
1998-11-30,ZL,0.0,-1.0,True,True,2.0,2.0
1998-11-30,ZM,0.0,-19.0,True,True,38.0,38.0
1998-11-30,ZW,0.0,-14.0,True,True,28.0,28.0
1998-12-01,ES,5.0,5.0,False,False,5.0,5.0
1998-12-01,YAP,1.0,8.0,False,False,1.0,1.0
1998-12-01,CGB,5.0,12.0,False,False,5.0,5.0
1998-12-01,LLG,2.0,4.0,False,False,2.0,2.0
1998-12-01,YXT,5.0,6.0,False,False,5.0,5.0
1998-12-01,ZT,-2.0,3.0,False,False,2.0,2.0
1998-12-01,ZF,-1.0,0.0,False,False,1.0,1.0
1998-12-01,ZN,-3.0,0.0,False,False,3.0,3.0
1998-12-01,ZB,1.0,2.0,False,False,1.0,1.0
1998-12-01,6A,-3.0,-7.0,False,False,3.0,3.0
1998-12-01,6B,9.0,9.0,False,False,9.0,9.0
1998-12-01,6M,6.0,11.0,False,False,6.0,6.0
1998-12-01,6S,-4.0,-7.0,False,False,4.0,4.0
1998-12-01,CL,-1.0,-12.0,False,False,1.0,1.0
1998-12-01,NG,-1.0,-6.0,False,False,1.0,1.0
1998-12-01,PL,33.0,20.0,False,False,33.0,33.0
1998-12-01,SI,3.0,-4.0,False,False,3.0,3.0
1998-12-01,CC,8.0,-13.0,False,False,8.0,8.0
1998-12-01,CT,-2.0,-3.0,False,False,2.0,2.0
1998-12-01,GF,-7.0,-18.0,False,False,7.0,7.0
1998-12-01,HE,-4.0,-14.0,False,False,4.0,4.0
1998-12-01,RS,67.0,-50.0,False,False,67.0,67.0
1998-12-01,SB,-1.0,-22.0,False,False,1.0,1.0
1998-12-01,ZL,1.0,0.0,False,False,1.0,1.0
1998-12-01,ZS,-1.0,-15.0,False,False,1.0,1.0
1998-12-07,LE,0.0,-14.0,True,True,28.0,28.0
1998-12-10,GAS,0.0,-14.0,True,True,28.0,28.0
1998-12-14,6A,0.0,-7.0,True,True,14.0,14.0
1998-12-14,6B,0.0,9.0,True,True,18.0,18.0
1998-12-14,6J,0.0,2.0,True,True,4.0,4.0
1998-12-14,6M,0.0,11.0,True,True,22.0,22.0
1998-12-14,6S,0.0,-7.0,True,True,14.0,14.0
1998-12-14,HE,0.0,-14.0,True,True,28.0,28.0
1998-12-15,YXT,0.0,6.0,True,True,12.0,12.0
1998-12-15,YYT,0.0,15.0,True,True,30.0,30.0
1998-12-15,6C,0.0,-7.0,True,True,14.0,14.0
1998-12-17,ES,0.0,5.0,True,True,10.0,10.0
1998-12-21,CL,0.0,-12.0,True,True,24.0,24.0
1998-12-29,NG,0.0,-6.0,True,True,12.0,12.0
1998-12-30,HTW,0.0,-6.0,True,True,12.0,12.0
1998-12-31,YAP,0.0,8.0,True,True,16.0,16.0
1998-12-31,BRN,0.0,-13.0,True,True,26.0,26.0
1998-12-31,HO,0.0,-13.0,True,True,26.0,26.0
1998-12-31,PL,0.0,20.0,True,True,40.0,40.0
1998-12-31,RS,0.0,-50.0,True,True,100.0,100.0
1998-12-31,ZM,0.0,-19.0,True,True,38.0,38.0
1998-12-31,ZS,0.0,-15.0,True,True,30.0,30.0
1999-01-04,ES,1.0,6.0,False,False,1.0,1.0
1999-01-04,LFT,1.0,1.0,False,False,1.0,1.0
1999-01-04,YAP,-4.0,4.0,False,False,4.0,4.0
1999-01-04,CGB,1.0,13.0,False,False,1.0,1.0
1999-01-04,LLG,3.0,7.0,False,False,3.0,3.0
1999-01-04,YXT,-6.0,0.0,False,False,6.0,6.0
1999-01-04,YYT,-14.0,1.0,False,False,14.0,14.0
1999-01-04,ZT,-3.0,0.0,False,False,3.0,3.0
1999-01-04,6B,1.0,10.0,False,False,1.0,1.0
1999-01-04,6C,5.0,-2.0,False,False,5.0,5.0
1999-01-04,6J,3.0,5.0,False,False,3.0,3.0
1999-01-04,6M,5.0,16.0,False,False,5.0,5.0
1999-01-04,6S,13.0,6.0,False,False,13.0,13.0
1999-01-04,BRN,-1.0,-14.0,False,False,1.0,1.0
1999-01-04,GAS,-1.0,-15.0,False,False,1.0,1.0
1999-01-04,HO,-1.0,-14.0,False,False,1.0,1.0
1999-01-04,GC,-9.0,-28.0,False,False,9.0,9.0
1999-01-04,HG,-1.0,-21.0,False,False,1.0,1.0
1999-01-04,PL,-44.0,-24.0,False,False,44.0,44.0
1999-01-04,SI,-1.0,-5.0,False,False,1.0,1.0
1999-01-04,CC,-1.0,-14.0,False,False,1.0,1.0
1999-01-04,CT,1.0,-2.0,False,False,1.0,1.0
1999-01-04,GF,5.0,-13.0,False,False,5.0,5.0
1999-01-04,HE,3.0,-11.0,False,False,3.0,3.0
1999-01-04,KC,-2.0,-6.0,False,False,2.0,2.0
1999-01-04,KE,-14.0,-30.0,False,False,14.0,14.0
1999-01-04,LE,-1.0,-15.0,False,False,1.0,1.0
1999-01-04,RS,-88.0,-138.0,False,False,88.0,88.0
1999-01-04,SB,-12.0,-34.0,False,False,12.0,12.0
1999-01-04,ZC,-22.0,-49.0,False,False,22.0,22.0
1999-01-04,ZM,-1.0,-20.0,False,False,1.0,1.0
1999-01-04,ZW,-13.0,-27.0,False,False,13.0,13.0
1999-01-05,HTW,-1.0,-7.0,False,False,1.0,1.0
1999-01-12,GAS,0.0,-15.0,True,True,30.0,30.0
1999-01-20,CL,0.0,-12.0,True,True,24.0,24.0
1999-01-27,NG,0.0,-6.0,True,True,12.0,12.0
1999-01-28,HTW,0.0,-7.0,True,True,14.0,14.0
1999-01-28,GF,0.0,-13.0,True,True,26.0,26.0
1999-01-29,BRN,0.0,-14.0,True,True,28.0,28.0
1999-01-29,HO,0.0,-14.0,True,True,28.0,28.0
1999-01-29,GC,0.0,-28.0,True,True,56.0,56.0
1999-02-01,CGB,5.0,18.0,False,False,5.0,5.0
1999-02-01,YXT,1.0,1.0,False,False,1.0,1.0
1999-02-01,YYT,-1.0,0.0,False,False,1.0,1.0
1999-02-01,6C,2.0,0.0,False,False,2.0,2.0
1999-02-01,6M,-11.0,5.0,False,False,11.0,11.0
1999-02-01,6S,-11.0,-5.0,False,False,11.0,11.0
1999-02-01,CL,-1.0,-13.0,False,False,1.0,1.0
1999-02-01,GC,-1.0,-29.0,False,False,1.0,1.0
1999-02-01,CC,-19.0,-33.0,False,False,19.0,19.0
1999-02-01,CT,-2.0,-4.0,False,False,2.0,2.0
1999-02-01,HE,3.0,-8.0,False,False,3.0,3.0
1999-02-01,RS,-2.0,-140.0,False,False,2.0,2.0
1999-02-01,SB,16.0,-18.0,False,False,16.0,16.0
1999-02-01,ZM,-8.0,-28.0,False,False,8.0,8.0
1999-02-01,ZS,-1.0,-16.0,False,False,1.0,1.0
1999-02-08,LE,0.0,-15.0,True,True,30.0,30.0
1999-02-11,GAS,0.0,-15.0,True,True,30.0,30.0
1999-02-12,HE,0.0,-8.0,True,True,16.0,16.0
1999-02-16,CC,0.0,-33.0,True,True,66.0,66.0
1999-02-18,KC,0.0,-6.0,True,True,12.0,12.0
1999-02-22,CL,0.0,-13.0,True,True,26.0,26.0
1999-02-22,CT,0.0,-4.0,True,True,8.0,8.0
1999-02-24,CGB,0.0,18.0,True,True,36.0,36.0
1999-02-24,NG,0.0,-6.0,True,True,12.0,12.0
1999-02-25,HTW,0.0,-7.0,True,True,14.0,14.0
1999-02-25,LLG,0.0,7.0,True,True,14.0,14.0
1999-02-26,ZB,0.0,2.0,True,True,4.0,4.0
1999-02-26,BRN,0.0,-14.0,True,True,28.0,28.0
1999-02-26,HO,0.0,-14.0,True,True,28.0,28.0
1999-02-26,HG,0.0,-21.0,True,True,42.0,42.0
1999-02-26,SI,0.0,-5.0,True,True,10.0,10.0
1999-02-26,KE,0.0,-30.0,True,True,60.0,60.0
1999-02-26,RS,0.0,-140.0,True,True,280.0,280.0
1999-02-26,SB,0.0,-18.0,True,True,36.0,36.0
1999-02-26,ZC,0.0,-49.0,True,True,98.0,98.0
1999-02-26,ZM,0.0,-28.0,True,True,56.0,56.0
1999-02-26,ZS,0.0,-16.0,True,True,32.0,32.0
1999-02-26,ZW,0.0,-27.0,True,True,54.0,54.0
1999-03-01,LLG,-7.0,0.0,False,False,7.0,7.0
1999-03-01,YXT,5.0,6.0,False,False,5.0,5.0
1999-03-01,YYT,13.0,13.0,False,False,13.0,13.0
1999-03-01,ZB,5.0,7.0,False,False,5.0,5.0
1999-03-01,6A,-1.0,-8.0,False,False,1.0,1.0
1999-03-01,6B,-11.0,-1.0,False,False,11.0,11.0
1999-03-01,6C,-3.0,-3.0,False,False,3.0,3.0
1999-03-01,6J,-3.0,2.0,False,False,3.0,3.0
1999-03-01,6M,4.0,9.0,False,False,4.0,4.0
1999-03-01,6S,-3.0,-8.0,False,False,3.0,3.0
1999-03-01,BRN,-1.0,-15.0,False,False,1.0,1.0
1999-03-01,GAS,-6.0,-21.0,False,False,6.0,6.0
1999-03-01,NG,-3.0,-9.0,False,False,3.0,3.0
1999-03-01,HG,-1.0,-22.0,False,False,1.0,1.0
1999-03-01,PL,-1.0,-25.0,False,False,1.0,1.0
1999-03-01,SI,5.0,0.0,False,False,5.0,5.0
1999-03-01,CC,33.0,0.0,False,False,33.0,33.0
1999-03-01,CT,4.0,0.0,False,False,4.0,4.0
1999-03-01,GF,-1.0,-14.0,False,False,1.0,1.0
1999-03-01,KE,-1.0,-31.0,False,False,1.0,1.0
1999-03-01,RS,72.0,-68.0,False,False,72.0,72.0
1999-03-01,ZC,-2.0,-51.0,False,False,2.0,2.0
1999-03-01,ZL,-2.0,-2.0,False,False,2.0,2.0
1999-03-01,ZM,-1.0,-29.0,False,False,1.0,1.0
1999-03-01,ZW,-1.0,-28.0,False,False,1.0,1.0
1999-03-11,GAS,0.0,-21.0,True,True,42.0,42.0
1999-03-15,YXT,0.0,6.0,True,True,12.0,12.0
1999-03-15,YYT,0.0,13.0,True,True,26.0,26.0
1999-03-15,6A,0.0,-8.0,True,True,16.0,16.0
1999-03-15,6B,0.0,-1.0,True,True,2.0,2.0
1999-03-15,6J,0.0,2.0,True,True,4.0,4.0
1999-03-15,6M,0.0,9.0,True,True,18.0,18.0
1999-03-15,6S,0.0,-8.0,True,True,16.0,16.0
1999-03-16,6C,0.0,-3.0,True,True,6.0,6.0
1999-03-18,ES,0.0,6.0,True,True,12.0,12.0
1999-03-19,LFT,0.0,1.0,True,True,2.0,2.0
1999-03-22,CL,0.0,-13.0,True,True,26.0,26.0
1999-03-25,GF,0.0,-14.0,True,True,28.0,28.0
1999-03-29,NG,0.0,-9.0,True,True,18.0,18.0
1999-03-30,HTW,0.0,-7.0,True,True,14.0,14.0
1999-03-31,YAP,0.0,4.0,True,True,8.0,8.0
1999-03-31,BRN,0.0,-15.0,True,True,30.0,30.0
1999-03-31,HO,0.0,-14.0,True,True,28.0,28.0
1999-03-31,GC,0.0,-29.0,True,True,58.0,58.0
1999-03-31,PL,0.0,-25.0,True,True,50.0,50.0
1999-04-01,ES,-2.0,4.0,False,False,2.0,2.0
1999-04-01,FCE,2.0,2.0,False,False,2.0,2.0
1999-04-01,LFT,-4.0,-3.0,False,False,4.0,4.0
1999-04-01,YAP,2.0,6.0,False,False,2.0,2.0
1999-04-01,CGB,-1.0,17.0,False,False,1.0,1.0
1999-04-01,LLG,1.0,1.0,False,False,1.0,1.0
1999-04-01,YXT,-5.0,1.0,False,False,5.0,5.0
1999-04-01,YYT,-13.0,0.0,False,False,13.0,13.0
1999-04-01,ZB,-1.0,6.0,False,False,1.0,1.0
1999-04-01,6A,3.0,-5.0,False,False,3.0,3.0
1999-04-01,6B,-5.0,-6.0,False,False,5.0,5.0
1999-04-01,6C,3.0,0.0,False,False,3.0,3.0
1999-04-01,6J,1.0,3.0,False,False,1.0,1.0
1999-04-01,6M,-1.0,8.0,False,False,1.0,1.0
1999-04-01,6S,4.0,-4.0,False,False,4.0,4.0
1999-04-01,BRN,1.0,-14.0,False,False,1.0,1.0
1999-04-01,CL,1.0,-12.0,False,False,1.0,1.0
1999-04-01,GAS,11.0,-10.0,False,False,11.0,11.0
1999-04-01,HO,7.0,-7.0,False,False,7.0,7.0
1999-04-01,NG,3.0,-6.0,False,False,3.0,3.0
1999-04-01,GC,16.0,-13.0,False,False,16.0,16.0
1999-04-01,HG,12.0,-10.0,False,False,12.0,12.0
1999-04-01,PL,8.0,-17.0,False,False,8.0,8.0
1999-04-01,CC,-21.0,-21.0,False,False,21.0,21.0
1999-04-01,GF,1.0,-13.0,False,False,1.0,1.0
1999-04-01,HE,1.0,-7.0,False,False,1.0,1.0
1999-04-01,KC,2.0,-4.0,False,False,2.0,2.0
1999-04-01,KE,20.0,-11.0,False,False,20.0,20.0
1999-04-01,LE,5.0,-10.0,False,False,5.0,5.0
1999-04-01,RS,39.0,-29.0,False,False,39.0,39.0
1999-04-01,SB,1.0,-17.0,False,False,1.0,1.0
1999-04-01,ZC,29.0,-22.0,False,False,29.0,29.0
1999-04-01,ZL,-1.0,-3.0,False,False,1.0,1.0
1999-04-01,ZM,10.0,-19.0,False,False,10.0,10.0
1999-04-01,ZS,7.0,-9.0,False,False,7.0,7.0
1999-04-01,ZW,17.0,-11.0,False,False,17.0,17.0
1999-04-05,LE,0.0,-10.0,True,True,20.0,20.0
1999-04-12,GAS,0.0,-10.0,True,True,20.0,20.0
1999-04-14,HE,0.0,-7.0,True,True,14.0,14.0
1999-04-16,FCE,0.0,2.0,True,True,4.0,4.0
1999-04-20,CL,0.0,-12.0,True,True,24.0,24.0
1999-04-20,CC,0.0,-21.0,True,True,42.0,42.0
1999-04-22,KC,0.0,-4.0,True,True,8.0,8.0
1999-04-28,NG,0.0,-6.0,True,True,12.0,12.0
1999-04-29,HTW,0.0,-7.0,True,True,14.0,14.0
1999-04-29,GF,0.0,-13.0,True,True,26.0,26.0
1999-04-30,BRN,0.0,-14.0,True,True,28.0,28.0
1999-04-30,HO,0.0,-7.0,True,True,14.0,14.0
1999-04-30,HG,0.0,-10.0,True,True,20.0,20.0
1999-04-30,KE,0.0,-11.0,True,True,22.0,22.0
1999-04-30,RS,0.0,-29.0,True,True,58.0,58.0
1999-04-30,SB,0.0,-17.0,True,True,34.0,34.0
1999-04-30,ZC,0.0,-22.0,True,True,44.0,44.0
1999-04-30,ZL,0.0,-3.0,True,True,6.0,6.0
1999-04-30,ZM,0.0,-19.0,True,True,38.0,38.0
1999-04-30,ZS,0.0,-9.0,True,True,18.0,18.0
1999-04-30,ZW,0.0,-11.0,True,True,22.0,22.0
1999-05-03,ES,2.0,6.0,False,False,2.0,2.0
1999-05-03,FCE,4.0,6.0,False,False,4.0,4.0
1999-05-03,HTW,16.0,9.0,False,False,16.0,16.0
1999-05-03,NKD,5.0,5.0,False,False,5.0,5.0
1999-05-03,6A,18.0,13.0,False,False,18.0,18.0
1999-05-03,6B,14.0,8.0,False,False,14.0,14.0
1999-05-03,6J,3.0,6.0,False,False,3.0,3.0
1999-05-03,6M,8.0,16.0,False,False,8.0,8.0
1999-05-03,6S,-2.0,-6.0,False,False,2.0,2.0
1999-05-03,NG,-5.0,-11.0,False,False,5.0,5.0
1999-05-03,GC,-9.0,-22.0,False,False,9.0,9.0
1999-05-03,PL,-12.0,-29.0,False,False,12.0,12.0
1999-05-03,GF,-10.0,-23.0,False,False,10.0,10.0
1999-05-03,HE,-7.0,-14.0,False,False,7.0,7.0
1999-05-03,KC,-2.0,-6.0,False,False,2.0,2.0
1999-05-03,KE,-6.0,-17.0,False,False,6.0,6.0
1999-05-03,LE,-3.0,-13.0,False,False,3.0,3.0
1999-05-03,RS,-18.0,-47.0,False,False,18.0,18.0
1999-05-03,SB,5.0,-12.0,False,False,5.0,5.0
1999-05-03,ZC,-12.0,-34.0,False,False,12.0,12.0
1999-05-03,ZL,-5.0,-8.0,False,False,5.0,5.0
1999-05-03,ZM,-10.0,-29.0,False,False,10.0,10.0
1999-05-03,ZS,-9.0,-18.0,False,False,9.0,9.0
1999-05-03,ZW,-8.0,-19.0,False,False,8.0,8.0
1999-05-04,LFT,7.0,4.0,False,False,7.0,7.0
1999-05-04,LLG,1.0,2.0,False,False,1.0,1.0
1999-05-04,GAS,-6.0,-16.0,False,False,6.0,6.0
1999-05-06,SNK,5.0,5.0,False,False,5.0,5.0
1999-05-12,GAS,0.0,-16.0,True,True,32.0,32.0
1999-05-20,CL,0.0,-12.0,True,True,24.0,24.0
1999-05-21,FCE,0.0,6.0,True,True,12.0,12.0
1999-05-26,NG,0.0,-11.0,True,True,22.0,22.0
1999-05-27,CGB,0.0,17.0,True,True,34.0,34.0
1999-05-27,LLG,0.0,2.0,True,True,4.0,4.0
1999-05-27,GF,0.0,-23.0,True,True,46.0,46.0
1999-05-28,HTW,0.0,9.0,True,True,18.0,18.0
1999-05-28,ZB,0.0,6.0,True,True,12.0,12.0
1999-05-28,HO,0.0,-7.0,True,True,14.0,14.0
1999-05-28,GC,0.0,-22.0,True,True,44.0,44.0
1999-06-01,FCE,-6.0,0.0,False,False,6.0,6.0
1999-06-01,NKD,-2.0,3.0,False,False,2.0,2.0
1999-06-01,CGB,-36.0,-19.0,False,False,36.0,36.0
1999-06-01,LLG,2.0,4.0,False,False,2.0,2.0
1999-06-01,YXT,-14.0,-13.0,False,False,14.0,14.0
1999-06-01,YYT,19.0,19.0,False,False,19.0,19.0
1999-06-01,ZF,-23.0,-23.0,False,False,23.0,23.0
1999-06-01,ZN,-16.0,-16.0,False,False,16.0,16.0
1999-06-01,ZB,-13.0,-7.0,False,False,13.0,13.0
1999-06-01,6A,-1.0,12.0,False,False,1.0,1.0
1999-06-01,6B,-22.0,-14.0,False,False,22.0,22.0
1999-06-01,6J,-6.0,0.0,False,False,6.0,6.0
1999-06-01,6S,-7.0,-13.0,False,False,7.0,7.0
1999-06-01,BRN,25.0,11.0,True,True,25.0,25.0
1999-06-01,CL,23.0,11.0,False,False,23.0,23.0
1999-06-01,GC,11.0,-11.0,False,False,11.0,11.0
1999-06-01,HG,-6.0,-16.0,False,False,6.0,6.0
1999-06-01,PL,29.0,0.0,False,False,29.0,29.0
1999-06-01,CC,-15.0,-36.0,False,False,15.0,15.0
1999-06-01,GF,1.0,-22.0,False,False,1.0,1.0
1999-06-01,KE,-11.0,-28.0,False,False,11.0,11.0
1999-06-01,RS,-70.0,-117.0,False,False,70.0,70.0
1999-06-01,SB,3.0,-9.0,False,False,3.0,3.0
1999-06-01,ZC,-15.0,-49.0,False,False,15.0,15.0
1999-06-01,ZS,-8.0,-26.0,False,False,8.0,8.0
1999-06-01,ZW,-11.0,-30.0,False,False,11.0,11.0
1999-06-07,LE,0.0,-13.0,True,True,26.0,26.0
1999-06-10,NKD,0.0,3.0,True,True,6.0,6.0
1999-06-10,SNK,0.0,5.0,True,True,10.0,10.0
1999-06-10,GAS,0.0,-16.0,True,True,32.0,32.0
1999-06-14,6A,0.0,12.0,True,True,24.0,24.0
1999-06-14,6B,0.0,-14.0,True,True,28.0,28.0
1999-06-14,6M,0.0,16.0,True,True,32.0,32.0
1999-06-14,6S,0.0,-13.0,True,True,26.0,26.0
1999-06-14,HE,0.0,-14.0,True,True,28.0,28.0
1999-06-15,YXT,0.0,-13.0,True,True,26.0,26.0
1999-06-15,YYT,0.0,19.0,True,True,38.0,38.0
1999-06-17,ES,0.0,6.0,True,True,12.0,12.0
1999-06-17,CC,0.0,-36.0,True,True,72.0,72.0
1999-06-18,LFT,0.0,4.0,True,True,8.0,8.0
1999-06-22,CL,0.0,11.0,True,True,22.0,22.0
1999-06-22,KC,0.0,-6.0,True,True,12.0,12.0
1999-06-28,NG,0.0,-11.0,True,True,22.0,22.0
1999-06-29,HTW,0.0,9.0,True,True,18.0,18.0
1999-06-30,YAP,0.0,6.0,True,True,12.0,12.0
1999-06-30,BRN,0.0,11.0,True,True,22.0,22.0
1999-06-30,HO,0.0,-7.0,True,True,14.0,14.0
1999-06-30,HG,0.0,-16.0,True,True,32.0,32.0
1999-06-30,KE,0.0,-28.0,True,True,56.0,56.0
1999-06-30,RS,0.0,-117.0,True,True,234.0,234.0
1999-06-30,SB,0.0,-9.0,True,True,18.0,18.0
1999-06-30,ZC,0.0,-49.0,True,True,98.0,98.0
1999-06-30,ZL,0.0,-8.0,True,True,16.0,16.0
1999-06-30,ZM,0.0,-29.0,True,True,58.0,58.0
1999-06-30,ZS,0.0,-26.0,True,True,52.0,52.0
1999-06-30,ZW,0.0,-30.0,True,True,60.0,60.0
1999-07-01,ES,3.0,9.0,False,False,3.0,3.0
1999-07-01,LFT,2.0,6.0,False,False,2.0,2.0
1999-07-01,SNK,3.0,8.0,False,False,3.0,3.0
1999-07-01,YAP,-6.0,0.0,False,False,6.0,6.0
1999-07-01,YXT,-1.0,-14.0,False,False,1.0,1.0
1999-07-01,YYT,-47.0,-28.0,False,False,47.0,47.0
1999-07-01,ZT,-29.0,-29.0,False,False,29.0,29.0
1999-07-01,ZF,-1.0,-24.0,False,False,1.0,1.0
1999-07-01,ZN,-1.0,-17.0,False,False,1.0,1.0
1999-07-01,6A,1.0,13.0,False,False,1.0,1.0
1999-07-01,6C,24.0,24.0,False,False,24.0,24.0
1999-07-01,6J,5.0,5.0,False,False,5.0,5.0
1999-07-01,6M,1.0,17.0,False,False,1.0,1.0
1999-07-01,6S,-1.0,-14.0,False,False,1.0,1.0
1999-07-01,BRN,6.0,17.0,False,False,6.0,6.0
1999-07-01,CL,5.0,16.0,False,False,5.0,5.0
1999-07-01,HO,19.0,12.0,False,False,19.0,19.0
1999-07-01,GC,-6.0,-17.0,False,False,6.0,6.0
1999-07-01,HG,-1.0,-17.0,False,False,1.0,1.0
1999-07-01,PL,-39.0,-39.0,False,False,39.0,39.0
1999-07-01,CC,27.0,-9.0,False,False,27.0,27.0
1999-07-01,CT,-14.0,-14.0,False,False,14.0,14.0
1999-07-01,GF,-1.0,-23.0,False,False,1.0,1.0
1999-07-01,KE,-1.0,-29.0,False,False,1.0,1.0
1999-07-01,LE,3.0,-10.0,False,False,3.0,3.0
1999-07-01,ZC,19.0,-30.0,False,False,19.0,19.0
1999-07-01,ZL,8.0,0.0,False,False,8.0,8.0
1999-07-01,ZM,-1.0,-30.0,False,False,1.0,1.0
1999-07-01,ZS,-1.0,-27.0,False,False,1.0,1.0
1999-07-01,ZW,-2.0,-32.0,False,False,2.0,2.0
1999-07-02,HTW,-2.0,7.0,False,False,2.0,2.0
1999-07-02,CGB,-1.0,-20.0,False,False,1.0,1.0
1999-07-02,RS,117.0,0.0,False,False,117.0,117.0
1999-07-12,GAS,0.0,-16.0,True,True,32.0,32.0
1999-07-14,HE,0.0,-14.0,True,True,28.0,28.0
1999-07-20,CL,0.0,16.0,True,True,32.0,32.0
1999-07-28,NG,0.0,-11.0,True,True,22.0,22.0
1999-07-29,HTW,0.0,7.0,True,True,14.0,14.0
1999-07-30,BRN,0.0,17.0,True,True,34.0,34.0
1999-07-30,HO,0.0,12.0,True,True,24.0,24.0
1999-07-30,GC,0.0,-17.0,True,True,34.0,34.0
1999-07-30,ZM,0.0,-30.0,True,True,60.0,60.0
1999-07-30,ZS,0.0,-27.0,True,True,54.0,54.0
1999-08-02,FCE,5.0,5.0,False,False,5.0,5.0
1999-08-02,HTW,-4.0,3.0,False,False,4.0,4.0
1999-08-02,LFT,-2.0,4.0,False,False,2.0,2.0
1999-08-02,SNK,-3.0,5.0,False,False,3.0,3.0
1999-08-02,YAP,1.0,1.0,False,False,1.0,1.0
1999-08-02,LLG,-11.0,-7.0,False,False,11.0,11.0
1999-08-02,YXT,5.0,-9.0,False,False,5.0,5.0
1999-08-02,YYT,56.0,28.0,False,False,56.0,56.0
1999-08-02,6B,16.0,2.0,False,False,16.0,16.0
1999-08-02,6S,6.0,-8.0,False,False,6.0,6.0
1999-08-02,GAS,33.0,17.0,False,False,33.0,33.0
1999-08-02,GC,14.0,-3.0,False,False,14.0,14.0
1999-08-02,HG,5.0,-12.0,False,False,5.0,5.0
1999-08-02,SI,14.0,14.0,False,False,14.0,14.0
1999-08-02,GF,9.0,-14.0,False,False,9.0,9.0
1999-08-02,HE,5.0,-9.0,False,False,5.0,5.0
1999-08-02,KC,2.0,-4.0,False,False,2.0,2.0
1999-08-02,LE,32.0,22.0,False,False,32.0,32.0
1999-08-02,ZC,17.0,-13.0,False,False,17.0,17.0
1999-08-02,ZM,18.0,-12.0,False,False,18.0,18.0
1999-08-02,ZS,20.0,-7.0,False,False,20.0,20.0
1999-08-02,ZW,8.0,-24.0,False,False,8.0,8.0
1999-08-03,CGB,9.0,-11.0,False,False,9.0,9.0
1999-08-03,RS,-22.0,-22.0,False,False,22.0,22.0
1999-08-09,LE,0.0,22.0,True,True,44.0,44.0
1999-08-12,GAS,0.0,17.0,True,True,34.0,34.0
1999-08-13,HE,0.0,-9.0,True,True,18.0,18.0
1999-08-18,CC,0.0,-9.0,True,True,18.0,18.0
1999-08-20,FCE,0.0,5.0,True,True,10.0,10.0
1999-08-20,CL,0.0,16.0,True,True,32.0,32.0
1999-08-23,KC,0.0,-4.0,True,True,8.0,8.0
1999-08-26,GF,0.0,-14.0,True,True,28.0,28.0
1999-08-27,CGB,0.0,-11.0,True,True,22.0,22.0
1999-08-27,LLG,0.0,-7.0,True,True,14.0,14.0
1999-08-27,NG,0.0,-11.0,True,True,22.0,22.0
1999-08-30,HTW,0.0,3.0,True,True,6.0,6.0
1999-08-31,ZT,0.0,-29.0,True,True,58.0,58.0
1999-08-31,ZF,0.0,-24.0,True,True,48.0,48.0
1999-08-31,ZN,0.0,-17.0,True,True,34.0,34.0
1999-08-31,ZB,0.0,-7.0,True,True,14.0,14.0
1999-08-31,BRN,0.0,17.0,True,True,34.0,34.0
1999-08-31,HO,0.0,12.0,True,True,24.0,24.0
1999-08-31,HG,0.0,-12.0,True,True,24.0,24.0
1999-08-31,SI,0.0,14.0,True,True,28.0,28.0
1999-08-31,KE,0.0,-29.0,True,True,58.0,58.0
1999-08-31,ZC,0.0,-13.0,True,True,26.0,26.0
1999-08-31,ZM,0.0,-12.0,True,True,24.0,24.0
1999-08-31,ZS,0.0,-7.0,True,True,14.0,14.0
1999-08-31,ZW,0.0,-24.0,True,True,48.0,48.0
1999-09-01,FCE,2.0,7.0,False,False,2.0,2.0
1999-09-01,LFT,-2.0,2.0,False,False,2.0,2.0
1999-09-01,NKD,-3.0,0.0,False,False,3.0,3.0
1999-09-01,SNK,-4.0,1.0,False,False,4.0,4.0
1999-09-01,YAP,1.0,2.0,False,False,1.0,1.0
1999-09-01,CGB,3.0,-8.0,False,False,3.0,3.0
1999-09-01,YXT,3.0,-6.0,False,False,3.0,3.0
1999-09-01,YYT,-47.0,-19.0,False,False,47.0,47.0
1999-09-01,ZT,24.0,-5.0,False,False,24.0,24.0
1999-09-01,ZF,20.0,-4.0,False,False,20.0,20.0
1999-09-01,ZN,13.0,-4.0,False,False,13.0,13.0
1999-09-01,ZB,6.0,-1.0,False,False,6.0,6.0
1999-09-01,6A,-4.0,9.0,False,False,4.0,4.0
1999-09-01,6B,-9.0,-7.0,False,False,9.0,9.0
1999-09-01,6C,-8.0,16.0,False,False,8.0,8.0
1999-09-01,6J,-5.0,0.0,False,False,5.0,5.0
1999-09-01,CL,-4.0,12.0,False,False,4.0,4.0
1999-09-01,NG,12.0,1.0,False,False,12.0,12.0
1999-09-01,GC,-2.0,-5.0,False,False,2.0,2.0
1999-09-01,GF,-6.0,-20.0,False,False,6.0,6.0
1999-09-01,KE,10.0,-19.0,False,False,10.0,10.0
1999-09-01,LE,1.0,23.0,False,False,1.0,1.0
1999-09-01,RS,-10.0,-32.0,False,False,10.0,10.0
1999-09-01,ZL,-4.0,-4.0,False,False,4.0,4.0
1999-09-01,ZM,15.0,3.0,False,False,15.0,15.0
1999-09-01,ZS,2.0,-5.0,False,False,2.0,2.0
1999-09-01,ZW,8.0,-16.0,False,False,8.0,8.0
1999-09-09,SNK,0.0,1.0,True,True,2.0,2.0
1999-09-10,GAS,0.0,17.0,True,True,34.0,34.0
1999-09-13,6A,0.0,9.0,True,True,18.0,18.0
1999-09-13,6B,0.0,-7.0,True,True,14.0,14.0
1999-09-13,6M,0.0,17.0,True,True,34.0,34.0
1999-09-13,6S,0.0,-8.0,True,True,16.0,16.0
1999-09-14,6C,0.0,16.0,True,True,32.0,32.0
1999-09-15,YXT,0.0,-6.0,True,True,12.0,12.0
1999-09-15,YYT,0.0,-19.0,True,True,38.0,38.0
1999-09-16,ES,0.0,9.0,True,True,18.0,18.0
1999-09-17,FCE,0.0,7.0,True,True,14.0,14.0
1999-09-17,LFT,0.0,2.0,True,True,4.0,4.0
1999-09-21,CL,0.0,12.0,True,True,24.0,24.0
1999-09-28,NG,0.0,1.0,True,True,2.0,2.0
1999-09-29,HTW,0.0,3.0,True,True,6.0,6.0
1999-09-30,YAP,0.0,2.0,True,True,4.0,4.0
1999-09-30,BRN,0.0,17.0,True,True,34.0,34.0
1999-09-30,HO,0.0,12.0,True,True,24.0,24.0
1999-09-30,PL,0.0,-39.0,True,True,78.0,78.0
1999-09-30,GF,0.0,-20.0,True,True,40.0,40.0
1999-09-30,SB,0.0,-9.0,True,True,18.0,18.0
1999-09-30,ZL,0.0,-4.0,True,True,8.0,8.0
1999-09-30,ZM,0.0,3.0,True,True,6.0,6.0
1999-10-01,FCE,1.0,8.0,False,False,1.0,1.0
1999-10-01,HTW,2.0,5.0,False,False,2.0,2.0
1999-10-01,LFT,3.0,5.0,False,False,3.0,3.0
1999-10-01,SNK,1.0,2.0,False,False,1.0,1.0
1999-10-01,YAP,1.0,3.0,False,False,1.0,1.0
1999-10-01,CGB,-5.0,-13.0,False,False,5.0,5.0
1999-10-01,ZT,-8.0,-13.0,False,False,8.0,8.0
1999-10-01,ZF,-6.0,-10.0,False,False,6.0,6.0
1999-10-01,ZN,-4.0,-8.0,False,False,4.0,4.0
1999-10-01,ZB,-1.0,-2.0,False,False,1.0,1.0
1999-10-01,6A,5.0,14.0,False,False,5.0,5.0
1999-10-01,6B,-5.0,-12.0,False,False,5.0,5.0
1999-10-01,6J,2.0,2.0,False,False,2.0,2.0
1999-10-01,6M,-8.0,9.0,False,False,8.0,8.0
1999-10-01,BRN,1.0,18.0,False,False,1.0,1.0
1999-10-01,CL,4.0,16.0,False,False,4.0,4.0
1999-10-01,GAS,7.0,24.0,False,False,7.0,7.0
1999-10-01,NG,-6.0,-5.0,False,False,6.0,6.0
1999-10-01,GC,-1.0,-6.0,False,False,1.0,1.0
1999-10-01,HG,28.0,16.0,False,False,28.0,28.0
1999-10-01,PL,44.0,5.0,False,False,44.0,44.0
1999-10-01,GF,20.0,0.0,False,False,20.0,20.0
1999-10-01,HE,-6.0,-15.0,False,False,6.0,6.0
1999-10-01,KC,-3.0,-7.0,False,False,3.0,3.0
1999-10-01,KE,-1.0,-20.0,False,False,1.0,1.0
1999-10-01,SB,9.0,0.0,False,False,9.0,9.0
1999-10-01,ZC,-16.0,-29.0,False,False,16.0,16.0
1999-10-01,ZL,-15.0,-19.0,False,False,15.0,15.0
1999-10-01,ZM,-15.0,-12.0,False,False,15.0,15.0
1999-10-01,ZS,-3.0,-8.0,False,False,3.0,3.0
1999-10-01,ZW,-1.0,-17.0,False,False,1.0,1.0
1999-10-04,LE,0.0,23.0,True,True,46.0,46.0
1999-10-12,GAS,0.0,24.0,True,True,48.0,48.0
1999-10-14,HE,0.0,-15.0,True,True,30.0,30.0
1999-10-15,FCE,0.0,8.0,True,True,16.0,16.0
1999-10-20,CL,0.0,16.0,True,True,32.0,32.0
1999-10-27,NG,0.0,-5.0,True,True,10.0,10.0
1999-10-28,HTW,0.0,5.0,True,True,10.0,10.0
1999-10-29,BRN,0.0,18.0,True,True,36.0,36.0
1999-10-29,HO,0.0,12.0,True,True,24.0,24.0
1999-10-29,RS,0.0,-32.0,True,True,64.0,64.0
1999-10-29,ZS,0.0,-8.0,True,True,16.0,16.0
1999-11-01,ES,-4.0,5.0,False,False,4.0,4.0
1999-11-01,FCE,-1.0,7.0,False,False,1.0,1.0
1999-11-01,HTW,1.0,6.0,False,False,1.0,1.0
1999-11-01,NKD,1.0,1.0,False,False,1.0,1.0
1999-11-01,YAP,-1.0,2.0,False,False,1.0,1.0
1999-11-01,LLG,2.0,-5.0,False,False,2.0,2.0
1999-11-01,6M,-1.0,8.0,False,False,1.0,1.0
1999-11-01,BRN,-9.0,9.0,False,False,9.0,9.0
1999-11-01,CL,-9.0,7.0,False,False,9.0,9.0
1999-11-01,GAS,-12.0,12.0,False,False,12.0,12.0
1999-11-01,HO,-4.0,8.0,False,False,4.0,4.0
1999-11-01,NG,1.0,-4.0,False,False,1.0,1.0
1999-11-01,GC,-1.0,-7.0,False,False,1.0,1.0
1999-11-01,CC,-14.0,-23.0,False,False,14.0,14.0
1999-11-01,GF,9.0,9.0,False,False,9.0,9.0
1999-11-01,KC,6.0,-1.0,False,False,6.0,6.0
1999-11-01,KE,-7.0,-27.0,False,False,7.0,7.0
1999-11-01,LE,-1.0,22.0,False,False,1.0,1.0
1999-11-01,ZC,1.0,-28.0,False,False,1.0,1.0
1999-11-01,ZL,1.0,-18.0,False,False,1.0,1.0
1999-11-01,ZM,-8.0,-20.0,False,False,8.0,8.0
1999-11-01,ZS,-6.0,-14.0,False,False,6.0,6.0
1999-11-01,ZW,-8.0,-25.0,False,False,8.0,8.0
1999-11-11,GAS,0.0,12.0,True,True,24.0,24.0
1999-11-17,CC,0.0,-23.0,True,True,46.0,46.0
1999-11-18,GF,0.0,9.0,True,True,18.0,18.0
1999-11-19,FCE,0.0,7.0,True,True,14.0,14.0
1999-11-19,CL,0.0,7.0,True,True,14.0,14.0
1999-11-22,KC,0.0,-1.0,True,True,2.0,2.0
1999-11-24,CT,0.0,-14.0,True,True,28.0,28.0
1999-11-26,CGB,0.0,-13.0,True,True,26.0,26.0
1999-11-29,HTW,0.0,6.0,True,True,12.0,12.0
1999-11-29,LLG,0.0,-5.0,True,True,10.0,10.0
1999-11-29,NG,0.0,-4.0,True,True,8.0,8.0
1999-11-30,ZT,0.0,-13.0,True,True,26.0,26.0
1999-11-30,ZF,0.0,-10.0,True,True,20.0,20.0
1999-11-30,ZN,0.0,-8.0,True,True,16.0,16.0
1999-11-30,ZB,0.0,-2.0,True,True,4.0,4.0
1999-11-30,BRN,0.0,9.0,True,True,18.0,18.0
1999-11-30,HO,0.0,8.0,True,True,16.0,16.0
1999-11-30,GC,0.0,-7.0,True,True,14.0,14.0
1999-11-30,HG,0.0,16.0,True,True,32.0,32.0
1999-11-30,SI,0.0,14.0,True,True,28.0,28.0
1999-11-30,KE,0.0,-27.0,True,True,54.0,54.0
1999-11-30,ZC,0.0,-28.0,True,True,56.0,56.0
1999-11-30,ZL,0.0,-18.0,True,True,36.0,36.0
1999-11-30,ZM,0.0,-20.0,True,True,40.0,40.0
1999-11-30,ZW,0.0,-25.0,True,True,50.0,50.0
1999-12-01,ES,4.0,9.0,False,False,4.0,4.0
1999-12-01,FCE,1.0,8.0,False,False,1.0,1.0
1999-12-01,HTW,3.0,9.0,False,False,3.0,3.0
1999-12-01,NKD,2.0,3.0,False,False,2.0,2.0
1999-12-01,SNK,3.0,5.0,False,False,3.0,3.0
1999-12-01,YAP,-2.0,0.0,False,False,2.0,2.0
1999-12-01,CGB,-7.0,-20.0,False,False,7.0,7.0
1999-12-01,LLG,-4.0,-9.0,False,False,4.0,4.0
1999-12-01,YXT,4.0,-2.0,False,False,4.0,4.0
1999-12-01,YYT,-1.0,-20.0,False,False,1.0,1.0
1999-12-01,ZT,4.0,-9.0,False,False,4.0,4.0
1999-12-01,ZF,10.0,0.0,False,False,10.0,10.0
1999-12-01,ZN,7.0,-1.0,False,False,7.0,7.0
1999-12-01,6C,12.0,28.0,False,False,12.0,12.0
1999-12-01,6J,-2.0,0.0,False,False,2.0,2.0
1999-12-01,6M,20.0,28.0,False,False,20.0,20.0
1999-12-01,6S,-4.0,-12.0,False,False,4.0,4.0
1999-12-01,BRN,3.0,12.0,False,False,3.0,3.0
1999-12-01,CL,1.0,8.0,False,False,1.0,1.0
1999-12-01,GAS,8.0,20.0,False,False,8.0,8.0
1999-12-01,NG,-2.0,-6.0,False,False,2.0,2.0
1999-12-01,GC,-3.0,-10.0,False,False,3.0,3.0
1999-12-01,HG,1.0,17.0,False,False,1.0,1.0
1999-12-01,PL,5.0,10.0,False,False,5.0,5.0
1999-12-01,SI,1.0,15.0,False,False,1.0,1.0
1999-12-01,CC,16.0,-7.0,False,False,16.0,16.0
1999-12-01,CT,-8.0,-22.0,False,False,8.0,8.0
1999-12-01,GF,15.0,24.0,False,False,15.0,15.0
1999-12-01,HE,15.0,0.0,False,False,15.0,15.0
1999-12-01,KC,2.0,1.0,False,False,2.0,2.0
1999-12-01,KE,-14.0,-41.0,False,False,14.0,14.0
1999-12-01,LE,11.0,33.0,False,False,11.0,11.0
1999-12-01,RS,23.0,-9.0,False,False,23.0,23.0
1999-12-01,ZC,-24.0,-52.0,False,False,24.0,24.0
1999-12-01,ZL,-28.0,-46.0,False,False,28.0,28.0
1999-12-01,ZM,-10.0,-30.0,False,False,10.0,10.0
1999-12-01,ZS,-8.0,-22.0,False,False,8.0,8.0
1999-12-01,ZW,-1.0,-26.0,False,False,1.0,1.0
1999-12-06,LE,0.0,33.0,True,True,66.0,66.0
1999-12-09,NKD,0.0,3.0,True,True,6.0,6.0
1999-12-09,SNK,0.0,5.0,True,True,10.0,10.0
1999-12-10,GAS,0.0,20.0,True,True,40.0,40.0
1999-12-13,6A,0.0,14.0,True,True,28.0,28.0
1999-12-13,6B,0.0,-12.0,True,True,24.0,24.0
1999-12-13,6M,0.0,28.0,True,True,56.0,56.0
1999-12-13,6S,0.0,-12.0,True,True,24.0,24.0
1999-12-14,6C,0.0,28.0,True,True,56.0,56.0
1999-12-15,YXT,0.0,-2.0,True,True,4.0,4.0
1999-12-15,YYT,0.0,-20.0,True,True,40.0,40.0
1999-12-16,ES,0.0,9.0,True,True,18.0,18.0
1999-12-17,FCE,0.0,8.0,True,True,16.0,16.0
1999-12-17,LFT,0.0,5.0,True,True,10.0,10.0
1999-12-20,CL,0.0,8.0,True,True,16.0,16.0
1999-12-28,HTW,0.0,9.0,True,True,18.0,18.0
1999-12-28,NG,0.0,-6.0,True,True,12.0,12.0
1999-12-30,HO,0.0,8.0,True,True,16.0,16.0
1999-12-30,PL,0.0,10.0,True,True,20.0,20.0
1999-12-30,ZL,0.0,-46.0,True,True,92.0,92.0
1999-12-30,ZM,0.0,-30.0,True,True,60.0,60.0
1999-12-30,ZS,0.0,-22.0,True,True,44.0,44.0
2000-01-03,ES,4.0,13.0,False,False,4.0,4.0
2000-01-03,NKD,-3.0,0.0,False,False,3.0,3.0
2000-01-03,CGB,-9.0,-29.0,False,False,9.0,9.0
2000-01-03,ZT,-5.0,-14.0,False,False,5.0,5.0
2000-01-03,ZF,-5.0,-5.0,False,False,5.0,5.0
2000-01-03,ZN,-4.0,-5.0,False,False,4.0,4.0
2000-01-03,6A,13.0,27.0,False,False,13.0,13.0
2000-01-03,6B,-8.0,-20.0,False,False,8.0,8.0
2000-01-03,6C,2.0,30.0,False,False,2.0,2.0
2000-01-03,6J,2.0,2.0,False,False,2.0,2.0
2000-01-03,6M,-20.0,8.0,False,False,20.0,20.0
2000-01-03,6S,-1.0,-13.0,False,False,1.0,1.0
2000-01-03,CC,-1.0,-8.0,False,False,1.0,1.0
2000-01-03,CT,-1.0,-23.0,False,False,1.0,1.0
2000-01-03,GF,1.0,25.0,False,False,1.0,1.0
2000-01-03,HE,-29.0,-29.0,False,False,29.0,29.0
2000-01-03,KC,-3.0,-2.0,False,False,3.0,3.0
2000-01-03,KE,-2.0,-43.0,False,False,2.0,2.0
2000-01-03,LE,17.0,50.0,False,False,17.0,17.0
2000-01-03,RS,9.0,0.0,True,True,9.0,9.0
2000-01-03,ZC,-3.0,-55.0,False,False,3.0,3.0
2000-01-03,ZL,-25.0,-71.0,False,False,25.0,25.0
2000-01-03,ZM,70.0,40.0,False,False,70.0,70.0
2000-01-03,ZS,-1.0,-23.0,False,False,1.0,1.0
2000-01-03,ZW,-26.0,-52.0,False,False,26.0,26.0
2000-01-04,HTW,-9.0,0.0,False,False,9.0,9.0
2000-01-04,LFT,4.0,9.0,False,False,4.0,4.0
2000-01-04,SNK,3.0,8.0,False,False,3.0,3.0
2000-01-04,YAP,22.0,22.0,False,False,22.0,22.0
2000-01-04,YXT,-3.0,-5.0,False,False,3.0,3.0
2000-01-04,YYT,20.0,0.0,False,False,20.0,20.0
2000-01-04,BRN,6.0,18.0,True,True,30.0,30.0
2000-01-04,CL,6.0,14.0,False,False,6.0,6.0
2000-01-04,GAS,1.0,21.0,False,False,1.0,1.0
2000-01-04,HO,7.0,15.0,False,False,7.0,7.0
2000-01-04,NG,-3.0,-9.0,False,False,3.0,3.0
2000-01-04,GC,-1.0,-11.0,False,False,1.0,1.0
2000-01-04,HG,1.0,18.0,False,False,1.0,1.0
2000-01-04,PL,21.0,31.0,False,False,21.0,21.0
2000-01-04,SI,12.0,27.0,False,False,12.0,12.0
2000-01-12,GAS,0.0,21.0,True,True,42.0,42.0
2000-01-20,CL,0.0,14.0,True,True,28.0,28.0
2000-01-21,FCE,0.0,8.0,True,True,16.0,16.0
2000-01-27,NG,0.0,-9.0,True,True,18.0,18.0
2000-01-27,GF,0.0,25.0,True,True,50.0,50.0
2000-01-31,BRN,0.0,18.0,True,True,36.0,36.0
2000-01-31,HO,0.0,15.0,True,True,30.0,30.0
2000-01-31,GC,0.0,-11.0,True,True,22.0,22.0
2000-02-01,ES,-8.0,5.0,False,False,8.0,8.0
2000-02-01,FCE,-4.0,4.0,False,False,4.0,4.0
2000-02-01,LFT,-6.0,3.0,False,False,6.0,6.0
2000-02-01,NKD,1.0,1.0,False,False,1.0,1.0
2000-02-01,SNK,-4.0,4.0,False,False,4.0,4.0
2000-02-01,YAP,-10.0,12.0,False,False,10.0,10.0
2000-02-01,CGB,11.0,-18.0,False,False,11.0,11.0
2000-02-01,LLG,3.0,-6.0,False,False,3.0,3.0
2000-02-01,ZT,4.0,-10.0,False,False,4.0,4.0
2000-02-01,6A,-33.0,-6.0,False,False,33.0,33.0
2000-02-01,6B,8.0,-12.0,False,False,8.0,8.0
2000-02-01,6C,-11.0,19.0,False,False,11.0,11.0
2000-02-01,6S,5.0,-8.0,False,False,5.0,5.0
2000-02-01,BRN,-5.0,13.0,False,False,5.0,5.0
2000-02-01,CL,-4.0,10.0,False,False,4.0,4.0
2000-02-01,GAS,-10.0,11.0,False,False,10.0,10.0
2000-02-01,HO,-10.0,5.0,False,False,10.0,10.0
2000-02-01,NG,16.0,7.0,False,False,16.0,16.0
2000-02-01,HG,-12.0,6.0,False,False,12.0,12.0
2000-02-01,PL,-14.0,17.0,False,False,14.0,14.0
2000-02-01,SI,-27.0,0.0,False,False,27.0,27.0
2000-02-01,CC,-18.0,-26.0,False,False,18.0,18.0
2000-02-01,CT,10.0,-13.0,False,False,10.0,10.0
2000-02-01,GF,-13.0,12.0,False,False,13.0,13.0
2000-02-01,HE,9.0,-20.0,False,False,9.0,9.0
2000-02-01,KC,-1.0,-3.0,False,False,1.0,1.0
2000-02-01,LE,-16.0,34.0,False,False,16.0,16.0
2000-02-01,ZC,20.0,-35.0,False,False,20.0,20.0
2000-02-01,ZL,33.0,-38.0,False,False,33.0,33.0
2000-02-01,ZM,-16.0,24.0,False,False,16.0,16.0
2000-02-01,ZS,6.0,-17.0,False,False,6.0,6.0
2000-02-01,ZW,16.0,-36.0,False,False,16.0,16.0
2000-02-07,LE,0.0,34.0,True,True,68.0,68.0
2000-02-10,GAS,0.0,11.0,True,True,22.0,22.0
2000-02-14,HE,0.0,-20.0,True,True,40.0,40.0
2000-02-16,CC,0.0,-26.0,True,True,52.0,52.0
2000-02-18,FCE,0.0,4.0,True,True,8.0,8.0
2000-02-22,CL,0.0,10.0,True,True,20.0,20.0
2000-02-22,KC,0.0,-3.0,True,True,6.0,6.0
2000-02-23,CT,0.0,-13.0,True,True,26.0,26.0
2000-02-25,CGB,0.0,-18.0,True,True,36.0,36.0
2000-02-25,NG,0.0,7.0,True,True,14.0,14.0
2000-02-28,LLG,0.0,-6.0,True,True,12.0,12.0
2000-02-29,ZT,0.0,-10.0,True,True,20.0,20.0
2000-02-29,ZF,0.0,-5.0,True,True,10.0,10.0
2000-02-29,ZN,0.0,-5.0,True,True,10.0,10.0
2000-02-29,ZB,0.0,-2.0,True,True,4.0,4.0
2000-02-29,BRN,0.0,13.0,True,True,26.0,26.0
2000-02-29,HO,0.0,5.0,True,True,10.0,10.0
2000-02-29,HG,0.0,6.0,True,True,12.0,12.0
2000-02-29,KE,0.0,-43.0,True,True,86.0,86.0
2000-02-29,ZC,0.0,-35.0,True,True,70.0,70.0
2000-02-29,ZL,0.0,-38.0,True,True,76.0,76.0
2000-02-29,ZM,0.0,24.0,True,True,48.0,48.0
2000-02-29,ZS,0.0,-17.0,True,True,34.0,34.0
2000-02-29,ZW,0.0,-36.0,True,True,72.0,72.0
2000-03-01,LFT,-5.0,-2.0,False,False,5.0,5.0
2000-03-01,NKD,1.0,2.0,False,False,1.0,1.0
2000-03-01,SNK,-3.0,1.0,False,False,3.0,3.0
2000-03-01,YAP,1.0,13.0,False,False,1.0,1.0
2000-03-01,CGB,18.0,0.0,False,False,18.0,18.0
2000-03-01,LLG,3.0,-3.0,False,False,3.0,3.0
2000-03-01,SJB,13.0,13.0,False,False,13.0,13.0
2000-03-01,YXT,2.0,-3.0,False,False,2.0,2.0
2000-03-01,ZT,-1.0,-11.0,False,False,1.0,1.0
2000-03-01,ZF,5.0,0.0,False,False,5.0,5.0
2000-03-01,ZN,2.0,-3.0,False,False,2.0,2.0
2000-03-01,ZB,-2.0,-4.0,False,False,2.0,2.0
2000-03-01,6A,-5.0,-11.0,False,False,5.0,5.0
2000-03-01,6C,1.0,20.0,False,False,1.0,1.0
2000-03-01,6J,-2.0,0.0,False,False,2.0,2.0
2000-03-01,6M,5.0,13.0,False,False,5.0,5.0
2000-03-01,6S,-1.0,-9.0,False,False,1.0,1.0
2000-03-01,GC,3.0,-8.0,False,False,3.0,3.0
2000-03-01,HG,-3.0,3.0,False,False,3.0,3.0
2000-03-01,PL,-12.0,5.0,False,False,12.0,12.0
2000-03-01,SI,-9.0,-9.0,False,False,9.0,9.0
2000-03-01,HE,-1.0,-21.0,False,False,1.0,1.0
2000-03-01,KE,15.0,-28.0,False,False,15.0,15.0
2000-03-01,LE,1.0,35.0,False,False,1.0,1.0
2000-03-01,RS,-65.0,-65.0,False,False,65.0,65.0
2000-03-01,SB,-28.0,-28.0,False,False,28.0,28.0
2000-03-01,ZL,-1.0,-39.0,False,False,1.0,1.0
2000-03-01,ZM,1.0,25.0,False,False,1.0,1.0
2000-03-01,ZW,-1.0,-37.0,False,False,1.0,1.0
2000-03-08,SJB,0.0,13.0,True,True,26.0,26.0
2000-03-09,NKD,0.0,2.0,True,True,4.0,4.0
2000-03-09,SNK,0.0,1.0,True,True,2.0,2.0
2000-03-10,GAS,0.0,11.0,True,True,22.0,22.0
2000-03-13,6A,0.0,-11.0,True,True,22.0,22.0
2000-03-13,6B,0.0,-12.0,True,True,24.0,24.0
2000-03-13,6M,0.0,13.0,True,True,26.0,26.0
2000-03-13,6S,0.0,-9.0,True,True,18.0,18.0
2000-03-14,6C,0.0,20.0,True,True,40.0,40.0
2000-03-15,YXT,0.0,-3.0,True,True,6.0,6.0
2000-03-16,ES,0.0,5.0,True,True,10.0,10.0
2000-03-17,FCE,0.0,4.0,True,True,8.0,8.0
2000-03-17,LFT,0.0,-2.0,True,True,4.0,4.0
2000-03-21,CL,0.0,10.0,True,True,20.0,20.0
2000-03-29,NG,0.0,7.0,True,True,14.0,14.0
2000-03-30,GF,0.0,12.0,True,True,24.0,24.0
2000-03-31,YAP,0.0,13.0,True,True,26.0,26.0
2000-03-31,BRN,0.0,13.0,True,True,26.0,26.0
2000-03-31,HO,0.0,5.0,True,True,10.0,10.0
2000-03-31,GC,0.0,-8.0,True,True,16.0,16.0
2000-03-31,PL,0.0,5.0,True,True,10.0,10.0
2000-04-03,FDAX,2.0,2.0,False,False,2.0,2.0
2000-04-03,FSMI,10.0,10.0,False,False,10.0,10.0
2000-04-03,SNK,3.0,4.0,False,False,3.0,3.0
2000-04-03,YAP,-1.0,12.0,False,False,1.0,1.0
2000-04-03,FGBL,-13.0,-13.0,False,False,13.0,13.0
2000-04-03,SJB,-1.0,12.0,False,False,1.0,1.0
2000-04-03,YXT,-3.0,-6.0,False,False,3.0,3.0
2000-04-03,ZN,2.0,-1.0,False,False,2.0,2.0
2000-04-03,6C,-8.0,12.0,False,False,8.0,8.0
2000-04-03,6E,-6.0,-6.0,False,False,6.0,6.0
2000-04-03,6J,1.0,1.0,False,False,1.0,1.0
2000-04-03,6M,-11.0,2.0,False,False,11.0,11.0
2000-04-03,6S,3.0,-6.0,False,False,3.0,3.0
2000-04-03,BRN,-8.0,5.0,False,False,8.0,8.0
2000-04-03,CL,-4.0,6.0,False,False,4.0,4.0
2000-04-03,GC,-4.0,-12.0,False,False,4.0,4.0
2000-04-03,HG,-3.0,0.0,False,False,3.0,3.0
2000-04-03,PL,5.0,10.0,False,False,5.0,5.0
2000-04-03,HE,40.0,19.0,False,False,40.0,40.0
2000-04-03,KC,-2.0,-5.0,False,False,2.0,2.0
2000-04-03,LE,-16.0,19.0,False,False,16.0,16.0
2000-04-03,RS,1.0,-64.0,False,False,1.0,1.0
2000-04-03,SB,63.0,35.0,False,False,63.0,63.0
2000-04-03,ZL,13.0,-26.0,False,False,13.0,13.0
2000-04-03,ZM,-1.0,24.0,False,False,1.0,1.0
2000-04-03,ZS,23.0,6.0,False,False,23.0,23.0
2000-04-03,ZW,15.0,-22.0,False,False,15.0,15.0
2000-04-10,LE,0.0,19.0,True,True,38.0,38.0
2000-04-12,GAS,0.0,11.0,True,True,22.0,22.0
2000-04-14,HE,0.0,19.0,True,True,38.0,38.0
2000-04-17,CC,0.0,-26.0,True,True,52.0,52.0
2000-04-19,CL,0.0,6.0,True,True,12.0,12.0
2000-04-20,KC,0.0,-5.0,True,True,10.0,10.0
2000-04-24,CT,0.0,-13.0,True,True,26.0,26.0
2000-04-24,GF,0.0,12.0,True,True,24.0,24.0
2000-04-25,FCE,0.0,4.0,True,True,8.0,8.0
2000-04-26,NG,0.0,7.0,True,True,14.0,14.0
2000-04-28,BRN,0.0,5.0,True,True,10.0,10.0
2000-04-28,HO,0.0,5.0,True,True,10.0,10.0
2000-04-28,SI,0.0,-9.0,True,True,18.0,18.0
2000-04-28,KE,0.0,-28.0,True,True,56.0,56.0
2000-04-28,RS,0.0,-64.0,True,True,128.0,128.0
2000-04-28,SB,0.0,35.0,True,True,70.0,70.0
2000-04-28,ZC,0.0,-35.0,True,True,70.0,70.0
2000-04-28,ZL,0.0,-26.0,True,True,52.0,52.0
2000-04-28,ZM,0.0,24.0,True,True,48.0,48.0
2000-04-28,ZS,0.0,6.0,True,True,12.0,12.0
2000-04-28,ZW,0.0,-22.0,True,True,44.0,44.0
2000-05-01,YAP,-4.0,8.0,False,False,4.0,4.0
2000-05-01,SJB,-33.0,-21.0,False,False,33.0,33.0
2000-05-01,ZT,3.0,-8.0,False,False,3.0,3.0
2000-05-01,ZF,-1.0,-1.0,False,False,1.0,1.0
2000-05-01,ZN,1.0,0.0,False,False,1.0,1.0
2000-05-01,6A,-6.0,-17.0,False,False,6.0,6.0
2000-05-01,6C,-40.0,-28.0,False,False,40.0,40.0
2000-05-01,6M,4.0,6.0,False,False,4.0,4.0
2000-05-01,HO,2.0,7.0,False,False,2.0,2.0
2000-05-01,NG,3.0,10.0,False,False,3.0,3.0
2000-05-01,GC,-6.0,-18.0,False,False,6.0,6.0
2000-05-01,HG,3.0,3.0,False,False,3.0,3.0
2000-05-01,PL,-3.0,7.0,False,False,3.0,3.0
2000-05-01,SI,-12.0,-21.0,False,False,12.0,12.0
2000-05-01,CC,-1.0,-27.0,False,False,1.0,1.0
2000-05-01,HE,1.0,20.0,False,False,1.0,1.0
2000-05-01,KC,-3.0,-8.0,False,False,3.0,3.0
2000-05-01,KE,-12.0,-40.0,False,False,12.0,12.0
2000-05-01,LE,23.0,42.0,False,False,23.0,23.0
2000-05-01,RS,-98.0,-162.0,False,False,98.0,98.0
2000-05-01,SB,-32.0,3.0,False,False,32.0,32.0
2000-05-01,ZC,-1.0,-36.0,False,False,1.0,1.0
2000-05-01,ZL,-14.0,-40.0,False,False,14.0,14.0
2000-05-01,ZM,1.0,25.0,False,False,1.0,1.0
2000-05-01,ZS,4.0,10.0,False,False,4.0,4.0
2000-05-01,ZW,-13.0,-35.0,False,False,13.0,13.0
2000-05-02,FCE,3.0,7.0,False,False,3.0,3.0
2000-05-02,FSMI,5.0,15.0,False,False,5.0,5.0
2000-05-02,LFT,-2.0,-4.0,False,False,2.0,2.0
2000-05-02,FGBL,-7.0,-20.0,False,False,7.0,7.0
2000-05-02,FGBM,-38.0,-38.0,False,False,38.0,38.0
2000-05-02,FGBS,-86.0,-86.0,False,False,86.0,86.0
2000-05-02,LLG,-6.0,-9.0,False,False,6.0,6.0
2000-05-02,BRN,1.0,6.0,False,False,1.0,1.0
2000-05-02,GAS,5.0,16.0,False,False,5.0,5.0
2000-05-11,GAS,0.0,16.0,True,True,32.0,32.0
2000-05-19,FCE,0.0,7.0,True,True,14.0,14.0
2000-05-22,CL,0.0,6.0,True,True,12.0,12.0
2000-05-25,GF,0.0,12.0,True,True,24.0,24.0
2000-05-26,NG,0.0,10.0,True,True,20.0,20.0
2000-05-30,LLG,0.0,-9.0,True,True,18.0,18.0
2000-05-31,ZT,0.0,-8.0,True,True,16.0,16.0
2000-05-31,ZF,0.0,-1.0,True,True,2.0,2.0
2000-05-31,ZB,0.0,-4.0,True,True,8.0,8.0
2000-05-31,BRN,0.0,6.0,True,True,12.0,12.0
2000-05-31,HO,0.0,7.0,True,True,14.0,14.0
2000-05-31,GC,0.0,-18.0,True,True,36.0,36.0
2000-06-01,ES,-2.0,3.0,False,False,2.0,2.0
2000-06-01,FCE,-6.0,1.0,False,False,6.0,6.0
2000-06-01,NKD,-5.0,-3.0,False,False,5.0,5.0
2000-06-01,SNK,-7.0,-3.0,False,False,7.0,7.0
2000-06-01,FGBL,5.0,-15.0,False,False,5.0,5.0
2000-06-01,FGBM,11.0,-27.0,False,False,11.0,11.0
2000-06-01,FGBS,36.0,-50.0,False,False,36.0,36.0
2000-06-01,LLG,2.0,-7.0,False,False,2.0,2.0
2000-06-01,SJB,21.0,0.0,False,False,21.0,21.0
2000-06-01,YXT,21.0,15.0,False,False,21.0,21.0
2000-06-01,YYT,44.0,44.0,False,False,44.0,44.0
2000-06-01,ZF,-4.0,-5.0,False,False,4.0,4.0
2000-06-01,ZN,12.0,12.0,False,False,12.0,12.0
2000-06-01,ZB,10.0,6.0,False,False,10.0,10.0
2000-06-01,6A,8.0,-9.0,False,False,8.0,8.0
2000-06-01,6B,4.0,-8.0,False,False,4.0,4.0
2000-06-01,6C,7.0,-21.0,False,False,7.0,7.0
2000-06-01,6J,4.0,5.0,False,False,4.0,4.0
2000-06-01,6M,-6.0,0.0,False,False,6.0,6.0
2000-06-01,6S,6.0,0.0,False,False,6.0,6.0
2000-06-01,NG,-5.0,5.0,False,False,5.0,5.0
2000-06-01,HG,-1.0,2.0,False,False,1.0,1.0
2000-06-01,PL,-7.0,0.0,False,False,7.0,7.0
2000-06-01,SI,-1.0,-22.0,False,False,1.0,1.0
2000-06-01,CT,4.0,-9.0,False,False,4.0,4.0
2000-06-01,GF,17.0,29.0,False,False,17.0,17.0
2000-06-01,HE,-5.0,15.0,False,False,5.0,5.0
2000-06-01,KC,3.0,-5.0,False,False,3.0,3.0
2000-06-01,KE,13.0,-27.0,False,False,13.0,13.0
2000-06-01,LE,-14.0,28.0,False,False,14.0,14.0
2000-06-01,RS,48.0,-114.0,False,False,48.0,48.0
2000-06-01,SB,8.0,11.0,False,False,8.0,8.0
2000-06-01,ZC,11.0,-25.0,False,False,11.0,11.0
2000-06-01,ZL,13.0,-27.0,False,False,13.0,13.0
2000-06-01,ZM,-10.0,15.0,False,False,10.0,10.0
2000-06-01,ZS,-22.0,-12.0,False,False,22.0,22.0
2000-06-01,ZW,10.0,-25.0,False,False,10.0,10.0
2000-06-05,LE,0.0,28.0,True,True,56.0,56.0
2000-06-08,NKD,0.0,-3.0,True,True,6.0,6.0
2000-06-08,SNK,0.0,-3.0,True,True,6.0,6.0
2000-06-08,FGBL,0.0,-15.0,True,True,30.0,30.0
2000-06-08,FGBM,0.0,-27.0,True,True,54.0,54.0
2000-06-08,FGBS,0.0,-50.0,True,True,100.0,100.0
2000-06-12,GAS,0.0,16.0,True,True,32.0,32.0
2000-06-14,HE,0.0,15.0,True,True,30.0,30.0
2000-06-15,ES,0.0,3.0,True,True,6.0,6.0
2000-06-15,YXT,0.0,15.0,True,True,30.0,30.0
2000-06-15,YYT,0.0,44.0,True,True,88.0,88.0
2000-06-16,FCE,0.0,1.0,True,True,2.0,2.0
2000-06-16,FDAX,0.0,2.0,True,True,4.0,4.0
2000-06-16,FSMI,0.0,15.0,True,True,30.0,30.0
2000-06-16,LFT,0.0,-4.0,True,True,8.0,8.0
2000-06-19,6A,0.0,-9.0,True,True,18.0,18.0
2000-06-19,6B,0.0,-8.0,True,True,16.0,16.0
2000-06-19,6E,0.0,-6.0,True,True,12.0,12.0
2000-06-19,6J,0.0,5.0,True,True,10.0,10.0
2000-06-20,6C,0.0,-21.0,True,True,42.0,42.0
2000-06-20,CL,0.0,6.0,True,True,12.0,12.0
2000-06-20,CC,0.0,-27.0,True,True,54.0,54.0
2000-06-22,KC,0.0,-5.0,True,True,10.0,10.0
2000-06-26,CT,0.0,-9.0,True,True,18.0,18.0
2000-06-28,NG,0.0,5.0,True,True,10.0,10.0
2000-06-30,YAP,0.0,8.0,True,True,16.0,16.0
2000-06-30,BRN,0.0,6.0,True,True,12.0,12.0
2000-06-30,HO,0.0,7.0,True,True,14.0,14.0
2000-06-30,HG,0.0,2.0,True,True,4.0,4.0
2000-06-30,SI,0.0,-22.0,True,True,44.0,44.0
2000-06-30,KE,0.0,-27.0,True,True,54.0,54.0
2000-06-30,RS,0.0,-114.0,True,True,228.0,228.0
2000-06-30,SB,0.0,11.0,True,True,22.0,22.0
2000-06-30,ZC,0.0,-25.0,True,True,50.0,50.0
2000-06-30,ZL,0.0,-27.0,True,True,54.0,54.0
2000-06-30,ZM,0.0,15.0,True,True,30.0,30.0
2000-06-30,ZS,0.0,-12.0,True,True,24.0,24.0
2000-06-30,ZW,0.0,-25.0,True,True,50.0,50.0
2000-07-03,ES,-9.0,-6.0,False,False,9.0,9.0
2000-07-03,FCE,-1.0,0.0,False,False,1.0,1.0
2000-07-03,FESX,7.0,7.0,False,False,7.0,7.0
2000-07-03,HTW,-7.0,-7.0,False,False,7.0,7.0
2000-07-03,NKD,-1.0,-4.0,False,False,1.0,1.0
2000-07-03,YAP,1.0,9.0,False,False,1.0,1.0
2000-07-03,FGBM,-1.0,-28.0,False,False,1.0,1.0
2000-07-03,FGBS,-2.0,-52.0,False,False,2.0,2.0
2000-07-03,YXT,1.0,16.0,False,False,1.0,1.0
2000-07-03,YYT,2.0,46.0,False,False,2.0,2.0
2000-07-03,ZF,3.0,-2.0,False,False,3.0,3.0
2000-07-03,6A,-4.0,-13.0,False,False,4.0,4.0
2000-07-03,6J,-5.0,0.0,False,False,5.0,5.0
2000-07-03,6M,4.0,4.0,False,False,4.0,4.0
2000-07-03,6S,-7.0,-7.0,False,False,7.0,7.0
2000-07-03,BRN,3.0,9.0,False,False,3.0,3.0
2000-07-03,GF,1.0,30.0,False,False,1.0,1.0
2000-07-03,KE,-1.0,-28.0,False,False,1.0,1.0
2000-07-03,LE,16.0,44.0,False,False,16.0,16.0
2000-07-03,ZC,-1.0,-26.0,False,False,1.0,1.0
2000-07-03,ZL,-14.0,-41.0,False,False,14.0,14.0
2000-07-03,ZM,6.0,21.0,False,False,6.0,6.0
2000-07-03,ZS,12.0,0.0,False,False,12.0,12.0
2000-07-03,ZW,-1.0,-26.0,False,False,1.0,1.0
2000-07-04,RS,-55.0,-169.0,False,False,55.0,55.0
2000-07-05,CL,3.0,9.0,False,False,3.0,3.0
2000-07-05,NG,-2.0,3.0,False,False,2.0,2.0
2000-07-05,GC,30.0,12.0,False,False,30.0,30.0
2000-07-05,HG,-26.0,-24.0,False,False,26.0,26.0
2000-07-05,PL,11.0,11.0,False,False,11.0,11.0
2000-07-05,SI,-1.0,-23.0,False,False,1.0,1.0
2000-07-05,CC,-1.0,-28.0,False,False,1.0,1.0
2000-07-05,CT,-1.0,-10.0,False,False,1.0,1.0
2000-07-05,KC,-2.0,-7.0,False,False,2.0,2.0
2000-07-05,SB,9.0,20.0,False,False,9.0,9.0
2000-07-12,GAS,0.0,16.0,True,True,32.0,32.0
2000-07-17,HE,0.0,15.0,True,True,30.0,30.0
2000-07-20,CL,0.0,9.0,True,True,18.0,18.0
2000-07-27,NG,0.0,3.0,True,True,6.0,6.0
2000-07-28,HTW,0.0,-7.0,True,True,14.0,14.0
2000-07-31,BRN,0.0,9.0,True,True,18.0,18.0
2000-07-31,HO,0.0,7.0,True,True,14.0,14.0
2000-07-31,GC,0.0,12.0,True,True,24.0,24.0
2000-07-31,ZL,0.0,-41.0,True,True,82.0,82.0
2000-07-31,ZM,0.0,21.0,True,True,42.0,42.0
2000-08-01,ES,14.0,8.0,False,False,14.0,14.0
2000-08-01,FDAX,1.0,3.0,False,False,1.0,1.0
2000-08-01,FESX,4.0,11.0,False,False,4.0,4.0
2000-08-01,HTW,13.0,6.0,False,False,13.0,13.0
2000-08-01,LFT,-3.0,-7.0,False,False,3.0,3.0
2000-08-01,NKD,-1.0,-5.0,False,False,1.0,1.0
2000-08-01,SNK,-4.0,-7.0,False,False,4.0,4.0
2000-08-01,YAP,10.0,19.0,False,False,10.0,10.0
2000-08-01,CGB,28.0,28.0,False,False,28.0,28.0
2000-08-01,FGBL,-10.0,-25.0,False,False,10.0,10.0
2000-08-01,FGBM,-13.0,-41.0,False,False,13.0,13.0
2000-08-01,FGBS,-32.0,-84.0,False,False,32.0,32.0
2000-08-01,LLG,15.0,8.0,False,False,15.0,15.0
2000-08-01,YXT,7.0,23.0,False,False,7.0,7.0
2000-08-01,YYT,24.0,70.0,False,False,24.0,24.0
2000-08-01,ZT,8.0,0.0,False,False,8.0,8.0
2000-08-01,ZF,34.0,32.0,False,False,34.0,34.0
2000-08-01,ZN,7.0,19.0,False,False,7.0,7.0
2000-08-01,ZB,4.0,10.0,False,False,4.0,4.0
2000-08-01,6A,-1.0,-14.0,False,False,1.0,1.0
2000-08-01,6B,-5.0,-13.0,False,False,5.0,5.0
2000-08-01,6C,-11.0,-32.0,False,False,11.0,11.0
2000-08-01,6E,-2.0,-8.0,False,False,2.0,2.0
2000-08-01,6J,-9.0,-9.0,False,False,9.0,9.0
2000-08-01,6M,-1.0,3.0,False,False,1.0,1.0
2000-08-01,BRN,1.0,10.0,False,False,1.0,1.0
2000-08-01,GAS,1.0,17.0,False,False,1.0,1.0
2000-08-01,HO,1.0,8.0,False,False,1.0,1.0
2000-08-01,NG,2.0,5.0,False,False,2.0,2.0
2000-08-01,GC,-12.0,0.0,False,False,12.0,12.0
2000-08-01,HG,24.0,0.0,False,False,24.0,24.0
2000-08-01,PL,-11.0,0.0,False,False,11.0,11.0
2000-08-01,SI,-13.0,-36.0,False,False,13.0,13.0
2000-08-01,HE,1.0,16.0,False,False,1.0,1.0
2000-08-01,KC,5.0,-2.0,False,False,5.0,5.0
2000-08-01,KE,-10.0,-38.0,False,False,10.0,10.0
2000-08-01,LE,1.0,45.0,False,False,1.0,1.0
2000-08-01,RS,-89.0,-258.0,False,False,89.0,89.0
2000-08-01,SB,1.0,21.0,False,False,1.0,1.0
2000-08-01,ZC,-17.0,-43.0,False,False,17.0,17.0
2000-08-01,ZL,-20.0,-61.0,False,False,20.0,20.0
2000-08-01,ZM,15.0,36.0,False,False,15.0,15.0
2000-08-01,ZS,-25.0,-25.0,False,False,25.0,25.0
2000-08-01,ZW,-9.0,-35.0,False,False,9.0,9.0
2000-08-02,FSMI,9.0,24.0,False,False,9.0,9.0
2000-08-07,LE,0.0,45.0,True,True,90.0,90.0
2000-08-10,GAS,0.0,17.0,True,True,34.0,34.0
2000-08-14,HE,0.0,16.0,True,True,32.0,32.0
2000-08-18,CC,0.0,-28.0,True,True,56.0,56.0
2000-08-22,CL,0.0,9.0,True,True,18.0,18.0
2000-08-23,KC,0.0,-2.0,True,True,4.0,4.0
2000-08-29,CGB,0.0,28.0,True,True,56.0,56.0
2000-08-29,NG,0.0,5.0,True,True,10.0,10.0
2000-08-30,HTW,0.0,6.0,True,True,12.0,12.0
2000-08-30,LLG,0.0,8.0,True,True,16.0,16.0
2000-08-31,ZF,0.0,32.0,True,True,64.0,64.0
2000-08-31,ZN,0.0,19.0,True,True,38.0,38.0
2000-08-31,ZB,0.0,10.0,True,True,20.0,20.0
2000-08-31,BRN,0.0,10.0,True,True,20.0,20.0
2000-08-31,HO,0.0,8.0,True,True,16.0,16.0
2000-08-31,SI,0.0,-36.0,True,True,72.0,72.0
2000-08-31,GF,0.0,30.0,True,True,60.0,60.0
2000-08-31,KE,0.0,-38.0,True,True,76.0,76.0
2000-08-31,ZC,0.0,-43.0,True,True,86.0,86.0
2000-08-31,ZL,0.0,-61.0,True,True,122.0,122.0
2000-08-31,ZM,0.0,36.0,True,True,72.0,72.0
2000-08-31,ZS,0.0,-25.0,True,True,50.0,50.0
2000-08-31,ZW,0.0,-35.0,True,True,70.0,70.0
2000-09-01,ES,-8.0,0.0,False,False,8.0,8.0
2000-09-01,FESX,1.0,12.0,False,False,1.0,1.0
2000-09-01,FSMI,1.0,25.0,False,False,1.0,1.0
2000-09-01,HTW,-17.0,-11.0,False,False,17.0,17.0
2000-09-01,LFT,7.0,0.0,False,False,7.0,7.0
2000-09-01,NKD,5.0,0.0,False,False,5.0,5.0
2000-09-01,YAP,1.0,20.0,False,False,1.0,1.0
2000-09-01,CGB,2.0,30.0,False,False,2.0,2.0
2000-09-01,FGBL,56.0,31.0,False,False,56.0,56.0
2000-09-01,FGBM,-2.0,-43.0,False,False,2.0,2.0
2000-09-01,FGBS,-3.0,-87.0,False,False,3.0,3.0
2000-09-01,YYT,3.0,73.0,False,False,3.0,3.0
2000-09-01,ZT,-43.0,-43.0,False,False,43.0,43.0
2000-09-01,ZF,1.0,33.0,False,False,1.0,1.0
2000-09-01,ZN,1.0,20.0,False,False,1.0,1.0
2000-09-01,ZB,-10.0,0.0,False,False,10.0,10.0
2000-09-01,6B,-1.0,-14.0,False,False,1.0,1.0
2000-09-01,6C,-1.0,-33.0,False,False,1.0,1.0
2000-09-01,6E,-1.0,-9.0,False,False,1.0,1.0
2000-09-01,6J,-1.0,-10.0,False,False,1.0,1.0
2000-09-01,6M,-3.0,0.0,False,False,3.0,3.0
2000-09-01,6S,7.0,0.0,False,False,7.0,7.0
2000-09-01,BRN,4.0,14.0,False,False,4.0,4.0
2000-09-01,HG,23.0,23.0,False,False,23.0,23.0
2000-09-01,SI,-2.0,-38.0,False,False,2.0,2.0
2000-09-01,CC,-17.0,-45.0,False,False,17.0,17.0
2000-09-01,CT,-5.0,-15.0,False,False,5.0,5.0
2000-09-01,GF,14.0,44.0,False,False,14.0,14.0
2000-09-01,KC,-1.0,-3.0,False,False,1.0,1.0
2000-09-01,KE,-1.0,-39.0,False,False,1.0,1.0
2000-09-01,LE,-71.0,-26.0,False,False,71.0,71.0
2000-09-01,RS,-10.0,-268.0,False,False,10.0,10.0
2000-09-01,SB,1.0,22.0,False,False,1.0,1.0
2000-09-01,ZC,-2.0,-45.0,False,False,2.0,2.0
2000-09-01,ZL,-3.0,-64.0,False,False,3.0,3.0
2000-09-01,ZM,1.0,37.0,False,False,1.0,1.0
2000-09-01,ZS,-1.0,-26.0,False,False,1.0,1.0
2000-09-01,ZW,-2.0,-37.0,False,False,2.0,2.0
2000-09-07,SNK,0.0,-7.0,True,True,14.0,14.0
2000-09-07,FGBL,0.0,31.0,True,True,62.0,62.0
2000-09-07,FGBM,0.0,-43.0,True,True,86.0,86.0
2000-09-07,FGBS,0.0,-87.0,True,True,174.0,174.0
2000-09-12,GAS,0.0,17.0,True,True,34.0,34.0
2000-09-15,FDAX,0.0,3.0,True,True,6.0,6.0
2000-09-15,FESX,0.0,12.0,True,True,24.0,24.0
2000-09-15,FSMI,0.0,25.0,True,True,50.0,50.0
2000-09-15,YXT,0.0,23.0,True,True,46.0,46.0
2000-09-15,YYT,0.0,73.0,True,True,146.0,146.0
2000-09-18,6A,0.0,-14.0,True,True,28.0,28.0
2000-09-18,6B,0.0,-14.0,True,True,28.0,28.0
2000-09-18,6E,0.0,-9.0,True,True,18.0,18.0
2000-09-18,6J,0.0,-10.0,True,True,20.0,20.0
2000-09-19,6C,0.0,-33.0,True,True,66.0,66.0
2000-09-20,CL,0.0,9.0,True,True,18.0,18.0
2000-09-27,NG,0.0,5.0,True,True,10.0,10.0
2000-09-28,HTW,0.0,-11.0,True,True,22.0,22.0
2000-09-28,GF,0.0,44.0,True,True,88.0,88.0
2000-09-29,YAP,0.0,20.0,True,True,40.0,40.0
2000-09-29,BRN,0.0,14.0,True,True,28.0,28.0
2000-09-29,HO,0.0,8.0,True,True,16.0,16.0
2000-09-29,SB,0.0,22.0,True,True,44.0,44.0
2000-09-29,ZL,0.0,-64.0,True,True,128.0,128.0
2000-09-29,ZM,0.0,37.0,True,True,74.0,74.0
2000-10-02,HTW,3.0,-8.0,False,False,3.0,3.0
2000-10-02,LFT,-8.0,-8.0,False,False,8.0,8.0
2000-10-02,NQ,4.0,4.0,False,False,4.0,4.0
2000-10-02,YAP,-9.0,11.0,False,False,9.0,9.0
2000-10-02,FGBM,83.0,40.0,False,False,83.0,83.0
2000-10-02,FGBS,-1.0,-88.0,False,False,1.0,1.0
2000-10-02,LLG,1.0,9.0,False,False,1.0,1.0
2000-10-02,SJB,25.0,25.0,False,False,25.0,25.0
2000-10-02,YXT,-23.0,0.0,False,False,23.0,23.0
2000-10-02,YYT,-44.0,29.0,False,False,44.0,44.0
2000-10-02,ZT,82.0,39.0,False,False,82.0,82.0
2000-10-02,ZF,1.0,34.0,False,False,1.0,1.0
2000-10-02,ZB,1.0,1.0,False,False,1.0,1.0
2000-10-02,6B,5.0,-9.0,False,False,5.0,5.0
2000-10-02,6S,-4.0,-4.0,False,False,4.0,4.0
2000-10-02,BRN,-7.0,7.0,False,False,7.0,7.0
2000-10-02,CL,-2.0,7.0,False,False,2.0,2.0
2000-10-02,GAS,-9.0,8.0,False,False,9.0,9.0
2000-10-02,GC,-33.0,-33.0,False,False,33.0,33.0
2000-10-02,CC,-1.0,-46.0,False,False,1.0,1.0
2000-10-02,KC,-2.0,-5.0,False,False,2.0,2.0
2000-10-02,KE,-1.0,-40.0,False,False,1.0,1.0
2000-10-02,RS,-2.0,-270.0,False,False,2.0,2.0
2000-10-02,ZM,1.0,38.0,False,False,1.0,1.0
2000-10-02,ZS,-1.0,-27.0,False,False,1.0,1.0
2000-10-09,LE,0.0,-26.0,True,True,52.0,52.0
2000-10-12,GAS,0.0,8.0,True,True,16.0,16.0
2000-10-16,HE,0.0,16.0,True,True,32.0,32.0
2000-10-20,CL,0.0,7.0,True,True,14.0,14.0
2000-10-26,GF,0.0,44.0,True,True,88.0,88.0
2000-10-27,NG,0.0,5.0,True,True,10.0,10.0
2000-10-30,HTW,0.0,-8.0,True,True,16.0,16.0
2000-10-31,BRN,0.0,7.0,True,True,14.0,14.0
2000-10-31,HO,0.0,8.0,True,True,16.0,16.0
2000-10-31,RS,0.0,-270.0,True,True,540.0,540.0
2000-10-31,ZS,0.0,-27.0,True,True,54.0,54.0
2000-11-01,ES,-8.0,-8.0,False,False,8.0,8.0
2000-11-01,FDAX,1.0,4.0,False,False,1.0,1.0
2000-11-01,FSMI,-5.0,20.0,False,False,5.0,5.0
2000-11-01,HTW,2.0,-6.0,False,False,2.0,2.0
2000-11-01,NKD,-6.0,-6.0,False,False,6.0,6.0
2000-11-01,YAP,5.0,16.0,False,False,5.0,5.0
2000-11-01,CGB,18.0,48.0,False,False,18.0,18.0
2000-11-01,FGBL,-71.0,-40.0,False,False,71.0,71.0
2000-11-01,FGBM,-101.0,-61.0,False,False,101.0,101.0
2000-11-01,FGBS,-41.0,-129.0,False,False,41.0,41.0
2000-11-01,LLG,-28.0,-19.0,False,False,28.0,28.0
2000-11-01,SJB,13.0,38.0,False,False,13.0,13.0
2000-11-01,YXT,6.0,6.0,False,False,6.0,6.0
2000-11-01,YYT,20.0,49.0,False,False,20.0,20.0
2000-11-01,ZT,2.0,41.0,False,False,2.0,2.0
2000-11-01,ZF,18.0,52.0,False,False,18.0,18.0
2000-11-01,ZN,10.0,30.0,False,False,10.0,10.0
2000-11-01,ZB,1.0,2.0,False,False,1.0,1.0
2000-11-01,6A,-7.0,-21.0,False,False,7.0,7.0
2000-11-01,6C,-2.0,-35.0,False,False,2.0,2.0
2000-11-01,6J,-4.0,-14.0,False,False,4.0,4.0
2000-11-01,BRN,1.0,8.0,False,False,1.0,1.0
2000-11-01,HO,-2.0,6.0,False,False,2.0,2.0
2000-11-01,GC,-2.0,-35.0,False,False,2.0,2.0
2000-11-01,HG,2.0,25.0,False,False,2.0,2.0
2000-11-01,SI,-2.0,-40.0,False,False,2.0,2.0
2000-11-01,CC,-2.0,-48.0,False,False,2.0,2.0
2000-11-01,CT,15.0,0.0,False,False,15.0,15.0
2000-11-01,GF,2.0,46.0,False,False,2.0,2.0
2000-11-01,HE,9.0,25.0,False,False,9.0,9.0
2000-11-01,KC,-3.0,-8.0,False,False,3.0,3.0
2000-11-01,KE,-2.0,-42.0,False,False,2.0,2.0
2000-11-01,LE,65.0,39.0,False,False,65.0,65.0
2000-11-01,RS,-15.0,-285.0,False,False,15.0,15.0
2000-11-01,SB,1.0,23.0,False,False,1.0,1.0
2000-11-01,ZC,-24.0,-69.0,False,False,24.0,24.0
2000-11-01,ZL,-33.0,-97.0,False,False,33.0,33.0
2000-11-01,ZM,2.0,40.0,False,False,2.0,2.0
2000-11-01,ZS,-1.0,-28.0,False,False,1.0,1.0
2000-11-01,ZW,-2.0,-39.0,False,False,2.0,2.0
2000-11-10,GAS,0.0,8.0,True,True,16.0,16.0
2000-11-16,GF,0.0,46.0,True,True,92.0,92.0
2000-11-17,CC,0.0,-48.0,True,True,96.0,96.0
2000-11-20,CL,0.0,7.0,True,True,14.0,14.0
2000-11-22,KC,0.0,-8.0,True,True,16.0,16.0
2000-11-28,CGB,0.0,48.0,True,True,96.0,96.0
2000-11-28,NG,0.0,5.0,True,True,10.0,10.0
2000-11-29,HTW,0.0,-6.0,True,True,12.0,12.0
2000-11-29,LLG,0.0,-19.0,True,True,38.0,38.0
2000-11-30,ZT,0.0,41.0,True,True,82.0,82.0
2000-11-30,ZF,0.0,52.0,True,True,104.0,104.0
2000-11-30,ZN,0.0,30.0,True,True,60.0,60.0
2000-11-30,ZB,0.0,2.0,True,True,4.0,4.0
2000-11-30,BRN,0.0,8.0,True,True,16.0,16.0
2000-11-30,HO,0.0,6.0,True,True,12.0,12.0
2000-11-30,GC,0.0,-35.0,True,True,70.0,70.0
2000-11-30,HG,0.0,25.0,True,True,50.0,50.0
2000-11-30,SI,0.0,-40.0,True,True,80.0,80.0
2000-11-30,KE,0.0,-42.0,True,True,84.0,84.0
2000-11-30,ZC,0.0,-69.0,True,True,138.0,138.0
2000-11-30,ZL,0.0,-97.0,True,True,194.0,194.0
2000-11-30,ZM,0.0,40.0,True,True,80.0,80.0
2000-11-30,ZW,0.0,-39.0,True,True,78.0,78.0
2000-12-01,FDAX,-7.0,-3.0,False,False,7.0,7.0
2000-12-01,FESX,-4.0,8.0,False,False,4.0,4.0
2000-12-01,FSMI,1.0,21.0,False,False,1.0,1.0
2000-12-01,NKD,2.0,-4.0,False,False,2.0,2.0
2000-12-01,NQ,-7.0,-3.0,False,False,7.0,7.0
2000-12-01,SXF,4.0,4.0,False,False,4.0,4.0
2000-12-01,YAP,1.0,17.0,False,False,1.0,1.0
2000-12-01,CGB,2.0,50.0,False,False,2.0,2.0
2000-12-01,FGBL,74.0,34.0,False,False,74.0,74.0
2000-12-01,FGBM,114.0,53.0,False,False,114.0,114.0
2000-12-01,FGBS,-5.0,-134.0,False,False,5.0,5.0
2000-12-01,LLG,37.0,18.0,False,False,37.0,37.0
2000-12-01,SJB,1.0,39.0,False,False,1.0,1.0
2000-12-01,YXT,7.0,13.0,False,False,7.0,7.0
2000-12-01,YYT,1.0,50.0,False,False,1.0,1.0
2000-12-01,ZT,-34.0,7.0,False,False,34.0,34.0
2000-12-01,ZF,-34.0,18.0,False,False,34.0,34.0
2000-12-01,ZN,-18.0,12.0,False,False,18.0,18.0
2000-12-01,ZB,-2.0,0.0,False,False,2.0,2.0
2000-12-01,6A,18.0,-3.0,False,False,18.0,18.0
2000-12-01,6C,15.0,-20.0,False,False,15.0,15.0
2000-12-01,6J,9.0,-5.0,False,False,9.0,9.0
2000-12-01,6S,4.0,0.0,False,False,4.0,4.0
2000-12-01,NG,-2.0,3.0,False,False,2.0,2.0
2000-12-01,GC,-1.0,-36.0,False,False,1.0,1.0
2000-12-01,HG,-42.0,-17.0,False,False,42.0,42.0
2000-12-01,SI,-1.0,-41.0,False,False,1.0,1.0
2000-12-01,CC,-2.0,-50.0,False,False,2.0,2.0
2000-12-01,GF,2.0,48.0,False,False,2.0,2.0
2000-12-01,HE,1.0,26.0,False,False,1.0,1.0
2000-12-01,KE,13.0,-29.0,False,False,13.0,13.0
2000-12-01,LE,1.0,40.0,False,False,1.0,1.0
2000-12-01,RS,-9.0,-294.0,False,False,9.0,9.0
2000-12-01,SB,1.0,24.0,False,False,1.0,1.0
2000-12-01,ZC,-3.0,-72.0,False,False,3.0,3.0
2000-12-01,ZL,27.0,-70.0,False,False,27.0,27.0
2000-12-01,ZM,-19.0,21.0,False,False,19.0,19.0
2000-12-01,ZS,39.0,11.0,False,False,39.0,39.0
2000-12-01,ZW,-1.0,-40.0,False,False,1.0,1.0
2000-12-04,LE,0.0,40.0,True,True,80.0,80.0
2000-12-07,NKD,0.0,-4.0,True,True,8.0,8.0
2000-12-07,SNK,0.0,-7.0,True,True,14.0,14.0
2000-12-07,FGBL,0.0,34.0,True,True,68.0,68.0
2000-12-07,FGBM,0.0,53.0,True,True,106.0,106.0
2000-12-07,FGBS,0.0,-134.0,True,True,268.0,268.0
2000-12-08,SJB,0.0,39.0,True,True,78.0,78.0
2000-12-12,GAS,0.0,8.0,True,True,16.0,16.0
2000-12-13,SXF,0.0,4.0,True,True,8.0,8.0
2000-12-14,ES,0.0,-8.0,True,True,16.0,16.0
2000-12-14,HE,0.0,26.0,True,True,52.0,52.0
2000-12-15,FDAX,0.0,-3.0,True,True,6.0,6.0
2000-12-15,FESX,0.0,8.0,True,True,16.0,16.0
2000-12-15,FSMI,0.0,21.0,True,True,42.0,42.0
2000-12-15,LFT,0.0,-8.0,True,True,16.0,16.0
2000-12-15,NQ,0.0,-3.0,True,True,6.0,6.0
2000-12-15,YXT,0.0,13.0,True,True,26.0,26.0
2000-12-15,YYT,0.0,50.0,True,True,100.0,100.0
2000-12-18,6A,0.0,-3.0,True,True,6.0,6.0
2000-12-18,6B,0.0,-9.0,True,True,18.0,18.0
2000-12-18,6E,0.0,-9.0,True,True,18.0,18.0
2000-12-18,6J,0.0,-5.0,True,True,10.0,10.0
2000-12-19,6C,0.0,-20.0,True,True,40.0,40.0
2000-12-19,CL,0.0,7.0,True,True,14.0,14.0
2000-12-27,NG,0.0,3.0,True,True,6.0,6.0
2000-12-28,HTW,0.0,-6.0,True,True,12.0,12.0
2000-12-29,YAP,0.0,17.0,True,True,34.0,34.0
2000-12-29,BRN,0.0,8.0,True,True,16.0,16.0
2000-12-29,HO,0.0,6.0,True,True,12.0,12.0
2000-12-29,RS,0.0,-294.0,True,True,588.0,588.0
2000-12-29,ZL,0.0,-70.0,True,True,140.0,140.0
2000-12-29,ZM,0.0,21.0,True,True,42.0,42.0
2000-12-29,ZS,0.0,11.0,True,True,22.0,22.0
2001-01-02,FESX,-17.0,-9.0,False,False,17.0,17.0
2001-01-02,LFT,2.0,-6.0,False,False,2.0,2.0
2001-01-02,NKD,-2.0,-6.0,False,False,2.0,2.0
2001-01-02,SXF,1.0,5.0,False,False,1.0,1.0
2001-01-02,YAP,-17.0,0.0,False,False,17.0,17.0
2001-01-02,CGB,1.0,51.0,False,False,1.0,1.0
2001-01-02,FGBL,1.0,35.0,False,False,1.0,1.0
2001-01-02,FGBS,251.0,117.0,False,False,251.0,251.0
2001-01-02,YXT,-13.0,0.0,False,False,13.0,13.0
2001-01-02,YYT,-46.0,4.0,False,False,46.0,46.0
2001-01-02,ZT,10.0,17.0,False,False,10.0,10.0
2001-01-02,6A,-7.0,-10.0,False,False,7.0,7.0
2001-01-02,6B,-5.0,-14.0,False,False,5.0,5.0
2001-01-02,6C,-1.0,-21.0,False,False,1.0,1.0
2001-01-02,6E,-1.0,-10.0,False,False,1.0,1.0
2001-01-02,6J,-9.0,-14.0,False,False,9.0,9.0
2001-01-02,6M,6.0,6.0,False,False,6.0,6.0
2001-01-02,6S,-3.0,-3.0,False,False,3.0,3.0
2001-01-02,CL,1.0,8.0,False,False,1.0,1.0
2001-01-02,GAS,1.0,9.0,False,False,1.0,1.0
2001-01-02,NG,-1.0,2.0,False,False,1.0,1.0
2001-01-02,GC,-1.0,-37.0,False,False,1.0,1.0
2001-01-02,SI,-1.0,-42.0,False,False,1.0,1.0
2001-01-02,CC,-19.0,-69.0,False,False,19.0,19.0
2001-01-02,CT,-23.0,-23.0,False,False,23.0,23.0
2001-01-02,GF,-16.0,32.0,False,False,16.0,16.0
2001-01-02,KC,-5.0,-13.0,False,False,5.0,5.0
2001-01-02,KE,-14.0,-43.0,False,False,14.0,14.0
2001-01-02,LE,-14.0,26.0,False,False,14.0,14.0
2001-01-02,RS,-5.0,-299.0,False,False,5.0,5.0
2001-01-02,ZC,-1.0,-73.0,False,False,1.0,1.0
2001-01-02,ZL,-1.0,-71.0,False,False,1.0,1.0
2001-01-02,ZM,18.0,39.0,False,False,18.0,18.0
2001-01-02,ZS,-47.0,-36.0,False,False,47.0,47.0
2001-01-02,ZW,-1.0,-41.0,False,False,1.0,1.0
2001-01-04,SNK,-1.0,-8.0,False,False,1.0,1.0
2001-01-04,SJB,-19.0,20.0,False,False,19.0,19.0
2001-01-11,GAS,0.0,9.0,True,True,18.0,18.0
2001-01-22,CL,0.0,8.0,True,True,16.0,16.0
2001-01-25,GF,0.0,32.0,True,True,64.0,64.0
2001-01-29,NG,0.0,2.0,True,True,4.0,4.0
2001-01-30,HTW,0.0,-6.0,True,True,12.0,12.0
2001-01-31,BRN,0.0,8.0,True,True,16.0,16.0
2001-01-31,HO,0.0,6.0,True,True,12.0,12.0
2001-01-31,GC,0.0,-37.0,True,True,74.0,74.0
2001-02-01,FCE,-10.0,-10.0,False,False,10.0,10.0
2001-02-01,FDAX,-1.0,-4.0,False,False,1.0,1.0
2001-02-01,FESX,1.0,-8.0,False,False,1.0,1.0
2001-02-01,SNK,1.0,-7.0,False,False,1.0,1.0
2001-02-01,SXF,-11.0,-6.0,False,False,11.0,11.0
2001-02-01,YAP,1.0,1.0,False,False,1.0,1.0
2001-02-01,CGB,-19.0,32.0,False,False,19.0,19.0
2001-02-01,FGBL,-1.0,34.0,False,False,1.0,1.0
2001-02-01,FGBM,-17.0,36.0,False,False,17.0,17.0
2001-02-01,FGBS,-43.0,74.0,False,False,43.0,43.0
2001-02-01,SJB,-20.0,0.0,False,False,20.0,20.0
2001-02-01,YYT,20.0,24.0,False,False,20.0,20.0
2001-02-01,ZF,-1.0,17.0,False,False,1.0,1.0
2001-02-01,ZB,3.0,3.0,False,False,3.0,3.0
2001-02-01,6B,1.0,-13.0,False,False,1.0,1.0
2001-02-01,6C,-9.0,-30.0,False,False,9.0,9.0
2001-02-01,6E,3.0,-7.0,False,False,3.0,3.0
2001-02-01,6J,6.0,-8.0,False,False,6.0,6.0
2001-02-01,6M,3.0,9.0,False,False,3.0,3.0
2001-02-01,6S,-1.0,-4.0,False,False,1.0,1.0
2001-02-01,CL,-1.0,7.0,False,False,1.0,1.0
2001-02-01,GAS,-1.0,8.0,False,False,1.0,1.0
2001-02-01,GC,1.0,-36.0,False,False,1.0,1.0
2001-02-01,SI,1.0,-41.0,False,False,1.0,1.0
2001-02-01,CC,73.0,4.0,False,False,73.0,73.0
2001-02-01,GF,-9.0,23.0,False,False,9.0,9.0
2001-02-01,KC,1.0,-12.0,False,False,1.0,1.0
2001-02-01,KE,1.0,-42.0,False,False,1.0,1.0
2001-02-01,LE,-1.0,25.0,False,False,1.0,1.0
2001-02-01,RS,6.0,-293.0,False,False,6.0,6.0
2001-02-01,ZC,2.0,-71.0,False,False,2.0,2.0
2001-02-01,ZL,-28.0,-99.0,False,False,28.0,28.0
2001-02-01,ZM,-1.0,38.0,False,False,1.0,1.0
2001-02-01,ZS,1.0,-35.0,False,False,1.0,1.0
2001-02-01,ZW,1.0,-40.0,False,False,1.0,1.0
2001-02-05,LE,0.0,25.0,True,True,50.0,50.0
2001-02-12,GAS,0.0,8.0,True,True,16.0,16.0
2001-02-14,HE,0.0,26.0,True,True,52.0,52.0
2001-02-15,CC,0.0,4.0,True,True,8.0,8.0
2001-02-16,FCE,0.0,-10.0,True,True,20.0,20.0
2001-02-20,CL,0.0,7.0,True,True,14.0,14.0
2001-02-20,KC,0.0,-12.0,True,True,24.0,24.0
2001-02-22,CT,0.0,-23.0,True,True,46.0,46.0
2001-02-26,CGB,0.0,32.0,True,True,64.0,64.0
2001-02-26,NG,0.0,2.0,True,True,4.0,4.0
2001-02-27,HTW,0.0,-6.0,True,True,12.0,12.0
2001-02-27,LLG,0.0,18.0,True,True,36.0,36.0
2001-02-28,ZT,0.0,17.0,True,True,34.0,34.0
2001-02-28,ZF,0.0,17.0,True,True,34.0,34.0
2001-02-28,ZN,0.0,12.0,True,True,24.0,24.0
2001-02-28,ZB,0.0,3.0,True,True,6.0,6.0
2001-02-28,BRN,0.0,8.0,True,True,16.0,16.0
2001-02-28,HO,0.0,6.0,True,True,12.0,12.0
2001-02-28,HG,0.0,-17.0,True,True,34.0,34.0
2001-02-28,SI,0.0,-41.0,True,True,82.0,82.0
2001-02-28,KE,0.0,-42.0,True,True,84.0,84.0
2001-02-28,RS,0.0,-293.0,True,True,586.0,586.0
2001-02-28,SB,0.0,24.0,True,True,48.0,48.0
2001-02-28,ZC,0.0,-71.0,True,True,142.0,142.0
2001-02-28,ZL,0.0,-99.0,True,True,198.0,198.0
2001-02-28,ZM,0.0,38.0,True,True,76.0,76.0
2001-02-28,ZS,0.0,-35.0,True,True,70.0,70.0
2001-02-28,ZW,0.0,-40.0,True,True,80.0,80.0
2001-03-01,ES,-1.0,-9.0,False,False,1.0,1.0
2001-03-01,FESX,-6.0,-14.0,False,False,6.0,6.0
2001-03-01,FSMI,1.0,22.0,False,False,1.0,1.0
2001-03-01,HTW,3.0,-3.0,False,False,3.0,3.0
2001-03-01,LFT,-4.0,-10.0,False,False,4.0,4.0
2001-03-01,NKD,-3.0,-9.0,False,False,3.0,3.0
2001-03-01,NQ,-1.0,-4.0,False,False,1.0,1.0
2001-03-01,SNK,-5.0,-12.0,False,False,5.0,5.0
2001-03-01,YAP,-28.0,-27.0,False,False,28.0,28.0
2001-03-01,CGB,-32.0,0.0,False,False,32.0,32.0
2001-03-01,FGBL,2.0,36.0,False,False,2.0,2.0
2001-03-01,FGBM,2.0,38.0,False,False,2.0,2.0
2001-03-01,FGBS,5.0,79.0,False,False,5.0,5.0
2001-03-01,LLG,1.0,19.0,False,False,1.0,1.0
2001-03-01,YXT,6.0,6.0,False,False,6.0,6.0
2001-03-01,YYT,19.0,43.0,False,False,19.0,19.0
2001-03-01,ZT,-12.0,5.0,False,False,12.0,12.0
2001-03-01,ZF,-8.0,9.0,False,False,8.0,8.0
2001-03-01,6A,7.0,-3.0,False,False,7.0,7.0
2001-03-01,6B,-1.0,-14.0,False,False,1.0,1.0
2001-03-01,6C,-2.0,-32.0,False,False,2.0,2.0
2001-03-01,6J,6.0,-2.0,False,False,6.0,6.0
2001-03-01,6M,-3.0,6.0,False,False,3.0,3.0
2001-03-01,6S,4.0,0.0,False,False,4.0,4.0
2001-03-01,BRN,1.0,9.0,False,False,1.0,1.0
2001-03-01,CL,5.0,12.0,False,False,5.0,5.0
2001-03-01,GAS,6.0,14.0,False,False,6.0,6.0
2001-03-01,HO,1.0,7.0,False,False,1.0,1.0
2001-03-01,GC,-3.0,-39.0,False,False,3.0,3.0
2001-03-01,HG,-1.0,-18.0,False,False,1.0,1.0
2001-03-01,SI,-3.0,-44.0,False,False,3.0,3.0
2001-03-01,CC,6.0,10.0,False,False,6.0,6.0
2001-03-01,CT,11.0,-12.0,False,False,11.0,11.0
2001-03-01,GF,2.0,25.0,False,False,2.0,2.0
2001-03-01,HE,2.0,28.0,False,False,2.0,2.0
2001-03-01,KC,-1.0,-13.0,False,False,1.0,1.0
2001-03-01,KE,-2.0,-44.0,False,False,2.0,2.0
2001-03-01,LE,2.0,27.0,False,False,2.0,2.0
2001-03-01,RS,-19.0,-312.0,False,False,19.0,19.0
2001-03-01,SB,15.0,39.0,False,False,15.0,15.0
2001-03-01,ZC,-5.0,-76.0,False,False,5.0,5.0
2001-03-01,ZL,28.0,-71.0,False,False,28.0,28.0
2001-03-01,ZM,3.0,41.0,False,False,3.0,3.0
2001-03-01,ZS,11.0,-24.0,False,False,11.0,11.0
2001-03-01,ZW,-3.0,-43.0,False,False,3.0,3.0
2001-03-08,NKD,0.0,-9.0,True,True,18.0,18.0
2001-03-08,SNK,0.0,-12.0,True,True,24.0,24.0
2001-03-08,FGBL,0.0,36.0,True,True,72.0,72.0
2001-03-08,FGBM,0.0,38.0,True,True,76.0,76.0
2001-03-08,FGBS,0.0,79.0,True,True,158.0,158.0
2001-03-12,GAS,0.0,14.0,True,True,28.0,28.0
2001-03-14,SXF,0.0,-6.0,True,True,12.0,12.0
2001-03-15,ES,0.0,-9.0,True,True,18.0,18.0
2001-03-15,YXT,0.0,6.0,True,True,12.0,12.0
2001-03-15,YYT,0.0,43.0,True,True,86.0,86.0
2001-03-16,FCE,0.0,-10.0,True,True,20.0,20.0
2001-03-16,FDAX,0.0,-4.0,True,True,8.0,8.0
2001-03-16,FESX,0.0,-14.0,True,True,28.0,28.0
2001-03-16,FSMI,0.0,22.0,True,True,44.0,44.0
2001-03-16,LFT,0.0,-10.0,True,True,20.0,20.0
2001-03-16,NQ,0.0,-4.0,True,True,8.0,8.0
2001-03-19,6A,0.0,-3.0,True,True,6.0,6.0
2001-03-19,6B,0.0,-14.0,True,True,28.0,28.0
2001-03-19,6E,0.0,-7.0,True,True,14.0,14.0
2001-03-19,6J,0.0,-2.0,True,True,4.0,4.0
2001-03-19,6M,0.0,6.0,True,True,12.0,12.0
2001-03-20,6C,0.0,-32.0,True,True,64.0,64.0
2001-03-20,CL,0.0,12.0,True,True,24.0,24.0
2001-03-28,NG,0.0,2.0,True,True,4.0,4.0
2001-03-29,HTW,0.0,-3.0,True,True,6.0,6.0
2001-03-29,GF,0.0,25.0,True,True,50.0,50.0
2001-03-30,YAP,0.0,-27.0,True,True,54.0,54.0
2001-03-30,BRN,0.0,9.0,True,True,18.0,18.0
2001-03-30,HO,0.0,7.0,True,True,14.0,14.0
2001-03-30,GC,0.0,-39.0,True,True,78.0,78.0
2001-04-02,ES,4.0,-5.0,False,False,4.0,4.0
2001-04-02,FCE,3.0,-7.0,False,False,3.0,3.0
2001-04-02,FDAX,2.0,-2.0,False,False,2.0,2.0
2001-04-02,FESX,6.0,-8.0,False,False,6.0,6.0
2001-04-02,FSMI,-27.0,-5.0,False,False,27.0,27.0
2001-04-02,HTW,2.0,-1.0,False,False,2.0,2.0
2001-04-02,LFT,7.0,-3.0,False,False,7.0,7.0
2001-04-02,NKD,6.0,-3.0,False,False,6.0,6.0
2001-04-02,NQ,1.0,-3.0,False,False,1.0,1.0
2001-04-02,SNK,8.0,-4.0,False,False,8.0,8.0
2001-04-02,YAP,7.0,-20.0,False,False,7.0,7.0
2001-04-02,CGB,7.0,7.0,False,False,7.0,7.0
2001-04-02,FGBL,-10.0,26.0,False,False,10.0,10.0
2001-04-02,FGBM,-8.0,30.0,False,False,8.0,8.0
2001-04-02,FGBS,-17.0,62.0,False,False,17.0,17.0
2001-04-02,LLG,-10.0,9.0,False,False,10.0,10.0
2001-04-02,YXT,-4.0,2.0,False,False,4.0,4.0
2001-04-02,YYT,-33.0,10.0,False,False,33.0,33.0
2001-04-02,ZF,1.0,10.0,False,False,1.0,1.0
2001-04-02,ZN,-5.0,7.0,False,False,5.0,5.0
2001-04-02,ZB,-2.0,1.0,False,False,2.0,2.0
2001-04-02,6B,3.0,-11.0,False,False,3.0,3.0
2001-04-02,6C,22.0,-10.0,False,False,22.0,22.0
2001-04-02,6J,-2.0,-4.0,False,False,2.0,2.0
2001-04-02,6M,5.0,11.0,False,False,5.0,5.0
2001-04-02,CL,-3.0,9.0,False,False,3.0,3.0
2001-04-02,GAS,1.0,15.0,False,False,1.0,1.0
2001-04-02,GC,20.0,-19.0,False,False,20.0,20.0
2001-04-02,HG,7.0,-11.0,False,False,7.0,7.0
2001-04-02,SI,18.0,-26.0,False,False,18.0,18.0
2001-04-02,CC,-5.0,5.0,False,False,5.0,5.0
2001-04-02,CT,3.0,-9.0,False,False,3.0,3.0
2001-04-02,GF,-27.0,-2.0,False,False,27.0,27.0
2001-04-02,HE,-19.0,9.0,False,False,19.0,19.0
2001-04-02,KC,-1.0,-14.0,False,False,1.0,1.0
2001-04-02,KE,19.0,-25.0,False,False,19.0,19.0
2001-04-02,LE,-18.0,9.0,False,False,18.0,18.0
2001-04-02,RS,138.0,-174.0,False,False,138.0,138.0
2001-04-02,SB,-13.0,26.0,False,False,13.0,13.0
2001-04-02,ZC,37.0,-39.0,False,False,37.0,37.0
2001-04-02,ZL,21.0,-50.0,False,False,21.0,21.0
2001-04-02,ZM,-41.0,0.0,False,False,41.0,41.0
2001-04-02,ZS,9.0,-15.0,False,False,9.0,9.0
2001-04-02,ZW,19.0,-24.0,False,False,19.0,19.0
2001-04-09,LE,0.0,9.0,True,True,18.0,18.0
2001-04-12,GAS,0.0,15.0,True,True,30.0,30.0
2001-04-16,HE,0.0,9.0,True,True,18.0,18.0
2001-04-17,CC,0.0,5.0,True,True,10.0,10.0
2001-04-20,FCE,0.0,-7.0,True,True,14.0,14.0
2001-04-20,CL,0.0,9.0,True,True,18.0,18.0
2001-04-20,KC,0.0,-14.0,True,True,28.0,28.0
2001-04-24,CT,0.0,-9.0,True,True,18.0,18.0
2001-04-26,NG,0.0,2.0,True,True,4.0,4.0
2001-04-26,GF,0.0,-2.0,True,True,4.0,4.0
2001-04-27,HTW,0.0,-1.0,True,True,2.0,2.0
2001-04-30,BRN,0.0,9.0,True,True,18.0,18.0
2001-04-30,HO,0.0,7.0,True,True,14.0,14.0
2001-04-30,HG,0.0,-11.0,True,True,22.0,22.0
2001-04-30,SI,0.0,-26.0,True,True,52.0,52.0
2001-04-30,KE,0.0,-25.0,True,True,50.0,50.0
2001-04-30,RS,0.0,-174.0,True,True,348.0,348.0
2001-04-30,SB,0.0,26.0,True,True,52.0,52.0
2001-04-30,ZC,0.0,-39.0,True,True,78.0,78.0
2001-04-30,ZL,0.0,-50.0,True,True,100.0,100.0
2001-04-30,ZS,0.0,-15.0,True,True,30.0,30.0
2001-04-30,ZW,0.0,-24.0,True,True,48.0,48.0
2001-05-01,YAP,22.0,2.0,False,False,22.0,22.0
2001-05-01,CGB,4.0,11.0,False,False,4.0,4.0
2001-05-01,SJB,15.0,15.0,False,False,15.0,15.0
2001-05-01,YXT,1.0,3.0,False,False,1.0,1.0
2001-05-01,ZF,-1.0,9.0,False,False,1.0,1.0
2001-05-01,ZN,-1.0,6.0,False,False,1.0,1.0
2001-05-01,ZB,-1.0,0.0,False,False,1.0,1.0
2001-05-01,6B,1.0,-10.0,False,False,1.0,1.0
2001-05-01,6J,-2.0,-6.0,False,False,2.0,2.0
2001-05-01,CL,-1.0,8.0,False,False,1.0,1.0
2001-05-01,GAS,-1.0,14.0,False,False,1.0,1.0
2001-05-01,HO,-3.0,4.0,False,False,3.0,3.0
2001-05-01,GC,1.0,-18.0,False,False,1.0,1.0
2001-05-01,SI,1.0,-25.0,False,False,1.0,1.0
2001-05-01,CC,15.0,20.0,False,False,15.0,15.0
2001-05-01,GF,30.0,28.0,False,False,30.0,30.0
2001-05-01,HE,-9.0,0.0,False,False,9.0,9.0
2001-05-01,KC,5.0,-9.0,False,False,5.0,5.0
2001-05-01,KE,1.0,-24.0,False,False,1.0,1.0
2001-05-01,LE,15.0,24.0,False,False,15.0,15.0
2001-05-01,RS,76.0,-98.0,False,False,76.0,76.0
2001-05-01,SB,-1.0,25.0,False,False,1.0,1.0
2001-05-01,ZC,2.0,-37.0,False,False,2.0,2.0
2001-05-01,ZL,2.0,-48.0,False,False,2.0,2.0
2001-05-01,ZS,7.0,-8.0,False,False,7.0,7.0
2001-05-01,ZW,1.0,-23.0,False,False,1.0,1.0
2001-05-02,FGBL,-9.0,17.0,False,False,9.0,9.0
2001-05-02,FGBM,-11.0,19.0,False,False,11.0,11.0
2001-05-02,FGBS,-23.0,39.0,False,False,23.0,23.0
2001-05-10,GAS,0.0,14.0,True,True,28.0,28.0
2001-05-18,FCE,0.0,-7.0,True,True,14.0,14.0
2001-05-22,CL,0.0,8.0,True,True,16.0,16.0
2001-05-25,GF,0.0,28.0,True,True,56.0,56.0
2001-05-29,CGB,0.0,11.0,True,True,22.0,22.0
2001-05-29,NG,0.0,2.0,True,True,4.0,4.0
2001-05-30,HTW,0.0,-1.0,True,True,2.0,2.0
2001-05-30,LLG,0.0,9.0,True,True,18.0,18.0
2001-05-31,ZT,0.0,5.0,True,True,10.0,10.0
2001-05-31,ZF,0.0,9.0,True,True,18.0,18.0
2001-05-31,ZN,0.0,6.0,True,True,12.0,12.0
2001-05-31,BRN,0.0,9.0,True,True,18.0,18.0
2001-05-31,HO,0.0,4.0,True,True,8.0,8.0
2001-05-31,GC,0.0,-18.0,True,True,36.0,36.0
2001-06-01,ES,-4.0,-9.0,False,False,4.0,4.0
2001-06-01,FCE,-6.0,-13.0,False,False,6.0,6.0
2001-06-01,FDAX,-2.0,-4.0,False,False,2.0,2.0
2001-06-01,FESX,-7.0,-15.0,False,False,7.0,7.0
2001-06-01,FSMI,-8.0,-13.0,False,False,8.0,8.0
2001-06-01,HTW,1.0,0.0,False,False,1.0,1.0
2001-06-01,LFT,-6.0,-9.0,False,False,6.0,6.0
2001-06-01,NQ,-2.0,-5.0,False,False,2.0,2.0
2001-06-01,SNK,-3.0,-7.0,False,False,3.0,3.0
2001-06-01,SXF,-4.0,-10.0,False,False,4.0,4.0
2001-06-01,CGB,5.0,16.0,False,False,5.0,5.0
2001-06-01,FGBL,13.0,30.0,False,False,13.0,13.0
2001-06-01,FGBM,19.0,38.0,False,False,19.0,19.0
2001-06-01,FGBS,32.0,71.0,False,False,32.0,32.0
2001-06-01,LLG,-16.0,-7.0,False,False,16.0,16.0
2001-06-01,SJB,14.0,29.0,False,False,14.0,14.0
2001-06-01,YXT,-33.0,-30.0,False,False,33.0,33.0
2001-06-01,YYT,14.0,24.0,False,False,14.0,14.0
2001-06-01,ZT,6.0,11.0,False,False,6.0,6.0
2001-06-01,ZF,9.0,18.0,False,False,9.0,9.0
2001-06-01,ZN,10.0,16.0,False,False,10.0,10.0
2001-06-01,ZB,10.0,10.0,False,False,10.0,10.0
2001-06-01,6A,-7.0,-10.0,False,False,7.0,7.0
2001-06-01,6B,-7.0,-17.0,False,False,7.0,7.0
2001-06-01,6C,-19.0,-29.0,False,False,19.0,19.0
2001-06-01,6E,-3.0,-10.0,False,False,3.0,3.0
2001-06-01,6J,-4.0,-10.0,False,False,4.0,4.0
2001-06-01,6M,16.0,27.0,False,False,16.0,16.0
2001-06-01,6S,-9.0,-9.0,False,False,9.0,9.0
2001-06-01,BRN,4.0,13.0,False,False,4.0,4.0
2001-06-01,CL,4.0,12.0,False,False,4.0,4.0
2001-06-01,GAS,1.0,15.0,False,False,1.0,1.0
2001-06-01,HO,2.0,6.0,False,False,2.0,2.0
2001-06-01,NG,2.0,4.0,False,False,2.0,2.0
2001-06-01,GC,9.0,-9.0,False,False,9.0,9.0
2001-06-01,HG,-7.0,-18.0,False,False,7.0,7.0
2001-06-01,CC,-50.0,-30.0,False,False,50.0,50.0
2001-06-01,CT,-11.0,-20.0,False,False,11.0,11.0
2001-06-01,HE,22.0,22.0,False,False,22.0,22.0
2001-06-01,KC,-5.0,-14.0,False,False,5.0,5.0
2001-06-01,KE,-1.0,-25.0,False,False,1.0,1.0
2001-06-01,LE,11.0,35.0,False,False,11.0,11.0
2001-06-01,RS,137.0,39.0,False,False,137.0,137.0
2001-06-01,SB,16.0,41.0,False,False,16.0,16.0
2001-06-01,ZC,-1.0,-38.0,False,False,1.0,1.0
2001-06-01,ZL,-39.0,-87.0,False,False,39.0,39.0
2001-06-01,ZM,34.0,34.0,False,False,34.0,34.0
2001-06-01,ZS,-9.0,-17.0,False,False,9.0,9.0
2001-06-01,ZW,-11.0,-34.0,False,False,11.0,11.0
2001-06-04,LE,0.0,35.0,True,True,70.0,70.0
2001-06-07,NKD,0.0,-3.0,True,True,6.0,6.0
2001-06-07,SNK,0.0,-7.0,True,True,14.0,14.0
2001-06-07,FGBL,0.0,30.0,True,True,60.0,60.0
2001-06-07,FGBM,0.0,38.0,True,True,76.0,76.0
2001-06-07,FGBS,0.0,71.0,True,True,142.0,142.0
2001-06-08,SJB,0.0,29.0,True,True,58.0,58.0
2001-06-12,GAS,0.0,15.0,True,True,30.0,30.0
2001-06-13,SXF,0.0,-10.0,True,True,20.0,20.0
2001-06-14,ES,0.0,-9.0,True,True,18.0,18.0
2001-06-14,HE,0.0,22.0,True,True,44.0,44.0
2001-06-15,FCE,0.0,-13.0,True,True,26.0,26.0
2001-06-15,FDAX,0.0,-4.0,True,True,8.0,8.0
2001-06-15,FESX,0.0,-15.0,True,True,30.0,30.0
2001-06-15,FSMI,0.0,-13.0,True,True,26.0,26.0
2001-06-15,LFT,0.0,-9.0,True,True,18.0,18.0
2001-06-15,NQ,0.0,-5.0,True,True,10.0,10.0
2001-06-15,YXT,0.0,-30.0,True,True,60.0,60.0
2001-06-15,YYT,0.0,24.0,True,True,48.0,48.0
2001-06-18,6A,0.0,-10.0,True,True,20.0,20.0
2001-06-18,6B,0.0,-17.0,True,True,34.0,34.0
2001-06-18,6E,0.0,-10.0,True,True,20.0,20.0
2001-06-18,6J,0.0,-10.0,True,True,20.0,20.0
2001-06-18,6M,0.0,27.0,True,True,54.0,54.0
2001-06-18,6S,0.0,-9.0,True,True,18.0,18.0
2001-06-19,6C,0.0,-29.0,True,True,58.0,58.0
2001-06-19,CC,0.0,-30.0,True,True,60.0,60.0
2001-06-20,CL,0.0,12.0,True,True,24.0,24.0
2001-06-21,KC,0.0,-14.0,True,True,28.0,28.0
2001-06-25,CT,0.0,-20.0,True,True,40.0,40.0
2001-06-27,NG,0.0,4.0,True,True,8.0,8.0
2001-06-29,YAP,0.0,2.0,True,True,4.0,4.0
2001-06-29,BRN,0.0,13.0,True,True,26.0,26.0
2001-06-29,HO,0.0,6.0,True,True,12.0,12.0
2001-06-29,HG,0.0,-18.0,True,True,36.0,36.0
2001-06-29,SI,0.0,-25.0,True,True,50.0,50.0
2001-06-29,KE,0.0,-25.0,True,True,50.0,50.0
2001-06-29,RS,0.0,39.0,True,True,78.0,78.0
2001-06-29,SB,0.0,41.0,True,True,82.0,82.0
2001-06-29,ZC,0.0,-38.0,True,True,76.0,76.0
2001-06-29,ZL,0.0,-87.0,True,True,174.0,174.0
2001-06-29,ZM,0.0,34.0,True,True,68.0,68.0
2001-06-29,ZS,0.0,-17.0,True,True,34.0,34.0
2001-06-29,ZW,0.0,-34.0,True,True,68.0,68.0
2001-07-02,ES,3.0,-6.0,False,False,3.0,3.0
2001-07-02,FSMI,-5.0,-18.0,False,False,5.0,5.0
2001-07-02,LFT,4.0,-5.0,False,False,4.0,4.0
2001-07-02,NKD,-4.0,-7.0,False,False,4.0,4.0
2001-07-02,NQ,-1.0,-6.0,False,False,1.0,1.0
2001-07-02,YAP,-33.0,-31.0,False,False,33.0,33.0
2001-07-02,FGBL,2.0,32.0,False,False,2.0,2.0
2001-07-02,FGBM,1.0,39.0,False,False,1.0,1.0
2001-07-02,FGBS,3.0,74.0,False,False,3.0,3.0
2001-07-02,LLG,-1.0,-8.0,False,False,1.0,1.0
2001-07-02,SJB,1.0,30.0,False,False,1.0,1.0
2001-07-02,YXT,41.0,11.0,False,False,41.0,41.0
2001-07-02,ZT,-3.0,8.0,False,False,3.0,3.0
2001-07-02,6A,10.0,0.0,False,False,10.0,10.0
2001-07-02,6B,12.0,-5.0,False,False,12.0,12.0
2001-07-02,6C,20.0,-9.0,False,False,20.0,20.0
2001-07-02,6J,5.0,-5.0,False,False,5.0,5.0
2001-07-02,6M,-8.0,19.0,False,False,8.0,8.0
2001-07-02,6S,9.0,0.0,False,False,9.0,9.0
2001-07-02,BRN,-6.0,7.0,False,False,6.0,6.0
2001-07-02,CL,-5.0,7.0,False,False,5.0,5.0
2001-07-02,NG,-4.0,0.0,False,False,4.0,4.0
2001-07-02,GC,-1.0,-10.0,False,False,1.0,1.0
2001-07-02,HG,6.0,-12.0,False,False,6.0,6.0
2001-07-02,SI,6.0,-19.0,False,False,6.0,6.0
2001-07-02,CC,63.0,33.0,False,False,63.0,63.0
2001-07-02,CT,8.0,-12.0,False,False,8.0,8.0
2001-07-02,GF,-67.0,-39.0,False,False,67.0,67.0
2001-07-02,HE,1.0,23.0,False,False,1.0,1.0
2001-07-02,KE,-1.0,-26.0,False,False,1.0,1.0
2001-07-02,LE,1.0,36.0,False,False,1.0,1.0
2001-07-02,SB,1.0,42.0,False,False,1.0,1.0
2001-07-02,ZC,-2.0,-40.0,False,False,2.0,2.0
2001-07-02,ZL,32.0,-55.0,False,False,32.0,32.0
2001-07-02,ZM,1.0,35.0,False,False,1.0,1.0
2001-07-02,ZS,9.0,-8.0,False,False,9.0,9.0
2001-07-02,ZW,-1.0,-35.0,False,False,1.0,1.0
2001-07-03,CGB,-41.0,-25.0,False,False,41.0,41.0
2001-07-03,RS,143.0,182.0,False,False,143.0,143.0
2001-07-12,GAS,0.0,15.0,True,True,30.0,30.0
2001-07-16,HE,0.0,23.0,True,True,46.0,46.0
2001-07-20,FCE,0.0,-13.0,True,True,26.0,26.0
2001-07-20,CL,0.0,7.0,True,True,14.0,14.0
2001-07-31,BRN,0.0,7.0,True,True,14.0,14.0
2001-07-31,HO,0.0,6.0,True,True,12.0,12.0
2001-07-31,GC,0.0,-10.0,True,True,20.0,20.0
2001-07-31,ZL,0.0,-55.0,True,True,110.0,110.0
2001-07-31,ZM,0.0,35.0,True,True,70.0,70.0
2001-07-31,ZS,0.0,-8.0,True,True,16.0,16.0
2001-08-01,FCE,-1.0,-14.0,False,False,1.0,1.0
2001-08-01,FESX,-1.0,-16.0,False,False,1.0,1.0
2001-08-01,LFT,-1.0,-6.0,False,False,1.0,1.0
2001-08-01,NQ,-2.0,-8.0,False,False,2.0,2.0
2001-08-01,SNK,-4.0,-11.0,False,False,4.0,4.0
2001-08-01,YAP,-1.0,-32.0,False,False,1.0,1.0
2001-08-01,CGB,44.0,19.0,False,False,44.0,44.0
2001-08-01,FGBM,1.0,40.0,False,False,1.0,1.0
2001-08-01,FGBS,32.0,106.0,False,False,32.0,32.0
2001-08-01,LLG,25.0,17.0,False,False,25.0,25.0
2001-08-01,YXT,-4.0,7.0,False,False,4.0,4.0
2001-08-01,YYT,-13.0,11.0,False,False,13.0,13.0
2001-08-01,ZT,-8.0,0.0,False,False,8.0,8.0
2001-08-01,ZF,1.0,19.0,False,False,1.0,1.0
2001-08-01,ZN,1.0,17.0,False,False,1.0,1.0
2001-08-01,ZB,1.0,11.0,False,False,1.0,1.0
2001-08-01,6B,-1.0,-6.0,False,False,1.0,1.0
2001-08-01,6E,-1.0,-11.0,False,False,1.0,1.0
2001-08-01,6M,1.0,20.0,False,False,1.0,1.0
2001-08-01,BRN,-25.0,-18.0,False,False,25.0,25.0
2001-08-01,GAS,-35.0,-20.0,False,False,35.0,35.0
2001-08-01,GC,5.0,-5.0,False,False,5.0,5.0
2001-08-01,HG,9.0,-3.0,False,False,9.0,9.0
2001-08-01,SI,-8.0,-27.0,False,False,8.0,8.0
2001-08-01,CC,1.0,34.0,False,False,1.0,1.0
2001-08-01,GF,-1.0,-40.0,False,False,1.0,1.0
2001-08-01,KC,-1.0,-15.0,False,False,1.0,1.0
2001-08-01,LE,1.0,37.0,False,False,1.0,1.0
2001-08-01,RS,-52.0,130.0,False,False,52.0,52.0
2001-08-01,SB,-47.0,-5.0,False,False,47.0,47.0
2001-08-01,ZC,14.0,-26.0,False,False,14.0,14.0
2001-08-01,ZL,72.0,17.0,False,False,72.0,72.0
2001-08-01,ZM,1.0,36.0,False,False,1.0,1.0
2001-08-01,ZS,28.0,20.0,False,False,28.0,28.0
2001-08-01,ZW,-1.0,-36.0,False,False,1.0,1.0
2001-08-06,LE,0.0,37.0,True,True,74.0,74.0
2001-08-10,GAS,0.0,-20.0,True,True,40.0,40.0
2001-08-14,HE,0.0,23.0,True,True,46.0,46.0
2001-08-17,FCE,0.0,-14.0,True,True,28.0,28.0
2001-08-21,CL,0.0,7.0,True,True,14.0,14.0
2001-08-21,CC,0.0,34.0,True,True,68.0,68.0
2001-08-23,KC,0.0,-15.0,True,True,30.0,30.0
2001-08-29,CGB,0.0,19.0,True,True,38.0,38.0
2001-08-30,LLG,0.0,17.0,True,True,34.0,34.0
2001-08-30,GF,0.0,-40.0,True,True,80.0,80.0
2001-08-31,ZF,0.0,19.0,True,True,38.0,38.0
2001-08-31,ZN,0.0,17.0,True,True,34.0,34.0
2001-08-31,ZB,0.0,11.0,True,True,22.0,22.0
2001-08-31,BRN,0.0,-18.0,True,True,36.0,36.0
2001-08-31,HO,0.0,6.0,True,True,12.0,12.0
2001-08-31,HG,0.0,-3.0,True,True,6.0,6.0
2001-08-31,SI,0.0,-27.0,True,True,54.0,54.0
2001-08-31,KE,0.0,-26.0,True,True,52.0,52.0
2001-08-31,ZC,0.0,-26.0,True,True,52.0,52.0
2001-08-31,ZL,0.0,17.0,True,True,34.0,34.0
2001-08-31,ZM,0.0,36.0,True,True,72.0,72.0
2001-08-31,ZS,0.0,20.0,True,True,40.0,40.0
2001-08-31,ZW,0.0,-36.0,True,True,72.0,72.0
2001-09-03,FSMI,4.0,-14.0,False,False,4.0,4.0
2001-09-03,LFT,-3.0,-9.0,False,False,3.0,3.0
2001-09-03,YAP,13.0,-19.0,False,False,13.0,13.0
2001-09-03,FGBL,1.0,33.0,False,False,1.0,1.0
2001-09-03,FGBM,1.0,41.0,False,False,1.0,1.0
2001-09-03,FGBS,3.0,109.0,False,False,3.0,3.0
2001-09-03,SJB,1.0,31.0,False,False,1.0,1.0
2001-09-03,YXT,9.0,16.0,False,False,9.0,9.0
2001-09-03,YYT,9.0,20.0,False,False,9.0,9.0
2001-09-03,BRN,-1.0,-19.0,False,False,1.0,1.0
2001-09-03,GAS,-1.0,-21.0,False,False,1.0,1.0
2001-09-04,ES,-4.0,-10.0,False,False,4.0,4.0
2001-09-04,NKD,2.0,-5.0,False,False,2.0,2.0
2001-09-04,SXF,-1.0,-11.0,False,False,1.0,1.0
2001-09-04,CGB,1.0,20.0,False,False,1.0,1.0
2001-09-04,ZT,33.0,33.0,False,False,33.0,33.0
2001-09-04,ZF,7.0,26.0,False,False,7.0,7.0
2001-09-04,6B,24.0,18.0,False,False,24.0,24.0
2001-09-04,6C,-6.0,-15.0,False,False,6.0,6.0
2001-09-04,6E,22.0,11.0,False,False,22.0,22.0
2001-09-04,6J,-6.0,-11.0,False,False,6.0,6.0
2001-09-04,6M,7.0,27.0,False,False,7.0,7.0
2001-09-04,6S,16.0,16.0,False,False,16.0,16.0
2001-09-04,CL,-21.0,-14.0,False,False,21.0,21.0
2001-09-04,HO,-18.0,-12.0,False,False,18.0,18.0
2001-09-04,GC,-8.0,-13.0,False,False,8.0,8.0
2001-09-04,HG,1.0,-2.0,False,False,1.0,1.0
2001-09-04,SI,-1.0,-28.0,False,False,1.0,1.0
2001-09-04,CC,1.0,35.0,False,False,1.0,1.0
2001-09-04,GF,-2.0,-42.0,False,False,2.0,2.0
2001-09-04,HE,1.0,24.0,False,False,1.0,1.0
2001-09-04,KC,4.0,-11.0,False,False,4.0,4.0
2001-09-04,KE,-1.0,-27.0,False,False,1.0,1.0
2001-09-04,LE,1.0,38.0,False,False,1.0,1.0
2001-09-04,RS,4.0,134.0,False,False,4.0,4.0
2001-09-04,SB,1.0,-4.0,False,False,1.0,1.0
2001-09-04,ZC,-1.0,-27.0,False,False,1.0,1.0
2001-09-04,ZL,-37.0,-20.0,False,False,37.0,37.0
2001-09-04,ZM,1.0,37.0,False,False,1.0,1.0
2001-09-04,ZS,-23.0,-3.0,False,False,23.0,23.0
2001-09-04,ZW,11.0,-25.0,False,False,11.0,11.0
2001-09-06,FGBL,0.0,33.0,True,True,66.0,66.0
2001-09-06,FGBM,0.0,41.0,True,True,82.0,82.0
2001-09-06,FGBS,0.0,109.0,True,True,218.0,218.0
2001-09-10,SJB,0.0,31.0,True,True,62.0,62.0
2001-09-11,NKD,0.0,-5.0,True,True,10.0,10.0
2001-09-12,GAS,0.0,-21.0,True,True,42.0,42.0
2001-09-13,SNK,0.0,-11.0,True,True,22.0,22.0
2001-09-17,YXT,0.0,16.0,True,True,32.0,32.0
2001-09-17,YYT,0.0,20.0,True,True,40.0,40.0
2001-09-17,6B,0.0,18.0,True,True,36.0,36.0
2001-09-17,6E,0.0,11.0,True,True,22.0,22.0
2001-09-17,6J,0.0,-11.0,True,True,22.0,22.0
2001-09-17,6M,0.0,27.0,True,True,54.0,54.0
2001-09-17,6S,0.0,16.0,True,True,32.0,32.0
2001-09-18,6C,0.0,-15.0,True,True,30.0,30.0
2001-09-19,SXF,0.0,-11.0,True,True,22.0,22.0
2001-09-20,ES,0.0,-10.0,True,True,20.0,20.0
2001-09-20,CL,0.0,-14.0,True,True,28.0,28.0
2001-09-21,FCE,0.0,-14.0,True,True,28.0,28.0
2001-09-21,FDAX,0.0,-4.0,True,True,8.0,8.0
2001-09-21,FESX,0.0,-16.0,True,True,32.0,32.0
2001-09-21,FSMI,0.0,-14.0,True,True,28.0,28.0
2001-09-21,LFT,0.0,-9.0,True,True,18.0,18.0
2001-09-21,NQ,0.0,-8.0,True,True,16.0,16.0
2001-09-27,GF,0.0,-42.0,True,True,84.0,84.0
2001-09-28,YAP,0.0,-19.0,True,True,38.0,38.0
2001-09-28,BRN,0.0,-19.0,True,True,38.0,38.0
2001-09-28,HO,0.0,-12.0,True,True,24.0,24.0
2001-09-28,SB,0.0,-4.0,True,True,8.0,8.0
2001-09-28,ZL,0.0,-20.0,True,True,40.0,40.0
2001-09-28,ZM,0.0,37.0,True,True,74.0,74.0
2001-10-01,ES,9.0,-1.0,False,False,9.0,9.0
2001-10-01,FCE,9.0,-5.0,False,False,9.0,9.0
2001-10-01,FDAX,2.0,-2.0,False,False,2.0,2.0
2001-10-01,FESX,11.0,-5.0,False,False,11.0,11.0
2001-10-01,FSMI,10.0,-4.0,False,False,10.0,10.0
2001-10-01,LFT,7.0,-2.0,False,False,7.0,7.0
2001-10-01,NKD,2.0,-3.0,False,False,2.0,2.0
2001-10-01,NQ,-1.0,-9.0,False,False,1.0,1.0
2001-10-01,SNK,8.0,-3.0,False,False,8.0,8.0
2001-10-01,SXF,4.0,-7.0,False,False,4.0,4.0
2001-10-01,YAP,13.0,-6.0,False,False,13.0,13.0
2001-10-01,CGB,-6.0,14.0,False,False,6.0,6.0
2001-10-01,FGBL,-12.0,21.0,False,False,12.0,12.0
2001-10-01,FGBM,-20.0,21.0,False,False,20.0,20.0
2001-10-01,FGBS,-68.0,41.0,False,False,68.0,68.0
2001-10-01,LLG,-6.0,11.0,False,False,6.0,6.0
2001-10-01,SJB,-9.0,22.0,False,False,9.0,9.0
2001-10-01,YXT,2.0,18.0,False,False,2.0,2.0
2001-10-01,YYT,2.0,22.0,False,False,2.0,2.0
2001-10-01,ZT,-16.0,17.0,False,False,16.0,16.0
2001-10-01,ZF,-10.0,16.0,False,False,10.0,10.0
2001-10-01,ZN,-4.0,13.0,False,False,4.0,4.0
2001-10-01,ZB,-2.0,9.0,False,False,2.0,2.0
2001-10-01,6B,-7.0,11.0,False,False,7.0,7.0
2001-10-01,6C,15.0,0.0,False,False,15.0,15.0
2001-10-01,6E,-4.0,7.0,False,False,4.0,4.0
2001-10-01,6J,9.0,-2.0,False,False,9.0,9.0
2001-10-01,6M,-12.0,15.0,False,False,12.0,12.0
2001-10-01,6S,-6.0,10.0,False,False,6.0,6.0
2001-10-01,BRN,14.0,-5.0,False,False,14.0,14.0
2001-10-01,CL,9.0,-5.0,False,False,9.0,9.0
2001-10-01,GAS,16.0,-5.0,False,False,16.0,16.0
2001-10-01,HO,7.0,-5.0,False,False,7.0,7.0
2001-10-01,GC,30.0,17.0,False,False,30.0,30.0
2001-10-01,HG,2.0,0.0,False,False,2.0,2.0
2001-10-01,SI,18.0,-10.0,False,False,18.0,18.0
2001-10-01,CC,-6.0,29.0,False,False,6.0,6.0
2001-10-01,CT,-2.0,-14.0,False,False,2.0,2.0
2001-10-01,GF,19.0,-23.0,False,False,19.0,19.0
2001-10-01,HE,-5.0,19.0,False,False,5.0,5.0
2001-10-01,KC,-1.0,-12.0,False,False,1.0,1.0
2001-10-01,KE,-3.0,-30.0,False,False,3.0,3.0
2001-10-01,LE,-38.0,0.0,False,False,38.0,38.0
2001-10-01,RS,-34.0,100.0,False,False,34.0,34.0
2001-10-01,SB,-10.0,-14.0,False,False,10.0,10.0
2001-10-01,ZC,-3.0,-30.0,False,False,3.0,3.0
2001-10-01,ZL,-2.0,-22.0,False,False,2.0,2.0
2001-10-01,ZM,-13.0,24.0,False,False,13.0,13.0
2001-10-01,ZS,1.0,-2.0,False,False,1.0,1.0
2001-10-01,ZW,-3.0,-28.0,False,False,3.0,3.0
2001-10-11,GAS,0.0,-5.0,True,True,10.0,10.0
2001-10-15,HE,0.0,19.0,True,True,38.0,38.0
2001-10-19,FCE,0.0,-5.0,True,True,10.0,10.0
2001-10-22,CL,0.0,-5.0,True,True,10.0,10.0
2001-10-25,GF,0.0,-23.0,True,True,46.0,46.0
2001-10-31,BRN,0.0,-5.0,True,True,10.0,10.0
2001-10-31,HO,0.0,-5.0,True,True,10.0,10.0
2001-10-31,RS,0.0,100.0,True,True,200.0,200.0
2001-10-31,ZS,0.0,-2.0,True,True,4.0,4.0
2001-11-01,FSMI,-4.0,-8.0,False,False,4.0,4.0
2001-11-01,SNK,-2.0,-5.0,False,False,2.0,2.0
2001-11-01,SXF,-4.0,-11.0,False,False,4.0,4.0
2001-11-01,YAP,-4.0,-10.0,False,False,4.0,4.0
2001-11-01,FGBM,12.0,33.0,False,False,12.0,12.0
2001-11-01,FGBS,23.0,64.0,False,False,23.0,23.0
2001-11-01,SJB,15.0,37.0,False,False,15.0,15.0
2001-11-01,YXT,9.0,27.0,False,False,9.0,9.0
2001-11-01,YYT,9.0,31.0,False,False,9.0,9.0
2001-11-01,ZT,8.0,25.0,False,False,8.0,8.0
2001-11-01,ZN,1.0,14.0,False,False,1.0,1.0
2001-11-01,6E,3.0,10.0,False,False,3.0,3.0
2001-11-01,6J,1.0,-1.0,False,False,1.0,1.0
2001-11-01,6S,4.0,14.0,False,False,4.0,4.0
2001-11-01,BRN,-6.0,-11.0,False,False,6.0,6.0
2001-11-01,CL,-5.0,-10.0,False,False,5.0,5.0
2001-11-01,GAS,-6.0,-11.0,False,False,6.0,6.0
2001-11-01,HO,-4.0,-9.0,False,False,4.0,4.0
2001-11-01,GC,7.0,24.0,False,False,7.0,7.0
2001-11-01,SI,-5.0,-15.0,False,False,5.0,5.0
2001-11-01,CC,1.0,30.0,False,False,1.0,1.0
2001-11-01,CT,-10.0,-24.0,False,False,10.0,10.0
2001-11-01,GF,7.0,-16.0,False,False,7.0,7.0
2001-11-01,KC,-7.0,-19.0,False,False,7.0,7.0
2001-11-01,KE,-1.0,-31.0,False,False,1.0,1.0
2001-11-01,LE,-5.0,-5.0,False,False,5.0,5.0
2001-11-01,RS,66.0,166.0,False,False,66.0,66.0
2001-11-01,SB,-1.0,-15.0,False,False,1.0,1.0
2001-11-01,ZC,-20.0,-50.0,False,False,20.0,20.0
2001-11-01,ZL,-16.0,-38.0,False,False,16.0,16.0
2001-11-01,ZM,11.0,35.0,False,False,11.0,11.0
2001-11-01,ZS,2.0,0.0,False,False,2.0,2.0
2001-11-01,ZW,-1.0,-29.0,False,False,1.0,1.0
2001-11-12,GAS,0.0,-11.0,True,True,22.0,22.0
2001-11-15,GF,0.0,-16.0,True,True,32.0,32.0
2001-11-16,FCE,0.0,-5.0,True,True,10.0,10.0
2001-11-19,CL,0.0,-10.0,True,True,20.0,20.0
2001-11-20,CC,0.0,30.0,True,True,60.0,60.0
2001-11-26,CT,0.0,-24.0,True,True,48.0,48.0
2001-11-26,KC,0.0,-19.0,True,True,38.0,38.0
2001-11-28,CGB,0.0,14.0,True,True,28.0,28.0
2001-11-29,LLG,0.0,11.0,True,True,22.0,22.0
2001-11-30,ZT,0.0,25.0,True,True,50.0,50.0
2001-11-30,ZF,0.0,16.0,True,True,32.0,32.0
2001-11-30,ZN,0.0,14.0,True,True,28.0,28.0
2001-11-30,ZB,0.0,9.0,True,True,18.0,18.0
2001-11-30,BRN,0.0,-11.0,True,True,22.0,22.0
2001-11-30,HO,0.0,-9.0,True,True,18.0,18.0
2001-11-30,GC,0.0,24.0,True,True,48.0,48.0
2001-11-30,SI,0.0,-15.0,True,True,30.0,30.0
2001-11-30,KE,0.0,-31.0,True,True,62.0,62.0
2001-11-30,ZC,0.0,-50.0,True,True,100.0,100.0
2001-11-30,ZL,0.0,-38.0,True,True,76.0,76.0
2001-11-30,ZM,0.0,35.0,True,True,70.0,70.0
2001-11-30,ZW,0.0,-29.0,True,True,58.0,58.0
2001-12-03,ES,-3.0,-4.0,False,False,3.0,3.0
2001-12-03,FDAX,1.0,-1.0,False,False,1.0,1.0
2001-12-03,FESX,-2.0,-7.0,False,False,2.0,2.0
2001-12-03,LFT,-1.0,-3.0,False,False,1.0,1.0
2001-12-03,NKD,3.0,0.0,False,False,3.0,3.0
2001-12-03,SNK,2.0,-3.0,False,False,2.0,2.0
2001-12-03,FGBL,-16.0,5.0,False,False,16.0,16.0
2001-12-03,FGBM,-16.0,17.0,False,False,16.0,16.0
2001-12-03,FGBS,-29.0,35.0,False,False,29.0,29.0
2001-12-03,LLG,-6.0,5.0,False,False,6.0,6.0
2001-12-03,SJB,-37.0,0.0,False,False,37.0,37.0
2001-12-03,YXT,-12.0,15.0,False,False,12.0,12.0
2001-12-03,YYT,-1.0,30.0,False,False,1.0,1.0
2001-12-03,ZT,-11.0,14.0,False,False,11.0,11.0
2001-12-03,ZN,-5.0,9.0,False,False,5.0,5.0
2001-12-03,ZB,-3.0,6.0,False,False,3.0,3.0
2001-12-03,6B,-11.0,0.0,False,False,11.0,11.0
2001-12-03,6C,-6.0,-6.0,False,False,6.0,6.0
2001-12-03,6E,-1.0,9.0,False,False,1.0,1.0
2001-12-03,6J,-5.0,-6.0,False,False,5.0,5.0
2001-12-03,6M,8.0,23.0,False,False,8.0,8.0
2001-12-03,6S,-1.0,13.0,False,False,1.0,1.0
2001-12-03,BRN,4.0,-7.0,False,False,4.0,4.0
2001-12-03,CL,4.0,-6.0,False,False,4.0,4.0
2001-12-03,GAS,4.0,-7.0,False,False,4.0,4.0
2001-12-03,NG,-2.0,-2.0,False,False,2.0,2.0
2001-12-03,GC,-32.0,-8.0,False,False,32.0,32.0
2001-12-03,HG,-23.0,-23.0,False,False,23.0,23.0
2001-12-03,SI,5.0,-10.0,False,False,5.0,5.0
2001-12-03,CC,-1.0,29.0,False,False,1.0,1.0
2001-12-03,CT,17.0,-7.0,False,False,17.0,17.0
2001-12-03,GF,10.0,-6.0,False,False,10.0,10.0
2001-12-03,HE,-6.0,13.0,False,False,6.0,6.0
2001-12-03,KC,10.0,-9.0,False,False,10.0,10.0
2001-12-03,KE,22.0,-9.0,False,False,22.0,22.0
2001-12-03,LE,5.0,0.0,False,False,5.0,5.0
2001-12-03,RS,-47.0,119.0,False,False,47.0,47.0
2001-12-03,SB,10.0,-5.0,False,False,10.0,10.0
2001-12-03,ZC,2.0,-48.0,False,False,2.0,2.0
2001-12-03,ZL,12.0,-26.0,False,False,12.0,12.0
2001-12-03,ZM,-35.0,0.0,False,False,35.0,35.0
2001-12-03,ZW,21.0,-8.0,False,False,21.0,21.0
2001-12-06,FGBL,0.0,5.0,True,True,10.0,10.0
2001-12-06,FGBM,0.0,17.0,True,True,34.0,34.0
2001-12-06,FGBS,0.0,35.0,True,True,70.0,70.0
2001-12-12,GAS,0.0,-7.0,True,True,14.0,14.0
2001-12-13,SNK,0.0,-3.0,True,True,6.0,6.0
2001-12-14,HE,0.0,13.0,True,True,26.0,26.0
2001-12-17,YXT,0.0,15.0,True,True,30.0,30.0
2001-12-17,YYT,0.0,30.0,True,True,60.0,60.0
2001-12-17,6E,0.0,9.0,True,True,18.0,18.0
2001-12-17,6J,0.0,-6.0,True,True,12.0,12.0
2001-12-17,6M,0.0,23.0,True,True,46.0,46.0
2001-12-17,6S,0.0,13.0,True,True,26.0,26.0
2001-12-18,6C,0.0,-6.0,True,True,12.0,12.0
2001-12-18,CL,0.0,-6.0,True,True,12.0,12.0
2001-12-19,SXF,0.0,-11.0,True,True,22.0,22.0
2001-12-20,ES,0.0,-4.0,True,True,8.0,8.0
2001-12-21,FCE,0.0,-5.0,True,True,10.0,10.0
2001-12-21,FDAX,0.0,-1.0,True,True,2.0,2.0
2001-12-21,FESX,0.0,-7.0,True,True,14.0,14.0
2001-12-21,FSMI,0.0,-8.0,True,True,16.0,16.0
2001-12-21,LFT,0.0,-3.0,True,True,6.0,6.0
2001-12-21,NQ,0.0,-9.0,True,True,18.0,18.0
2001-12-27,NG,0.0,-2.0,True,True,4.0,4.0
2001-12-31,YAP,0.0,-10.0,True,True,20.0,20.0
2001-12-31,BRN,0.0,-7.0,True,True,14.0,14.0
2001-12-31,HO,0.0,-9.0,True,True,18.0,18.0
2001-12-31,RS,0.0,119.0,True,True,238.0,238.0
2001-12-31,ZL,0.0,-26.0,True,True,52.0,52.0
2002-01-02,ES,4.0,0.0,False,False,4.0,4.0
2002-01-02,FCE,-3.0,-8.0,False,False,3.0,3.0
2002-01-02,FESX,-5.0,-12.0,False,False,5.0,5.0
2002-01-02,FSMI,-2.0,-10.0,False,False,2.0,2.0
2002-01-02,HTW,-2.0,-2.0,False,False,2.0,2.0
2002-01-02,LFT,3.0,0.0,False,False,3.0,3.0
2002-01-02,NKD,-4.0,-4.0,False,False,4.0,4.0
2002-01-02,YAP,33.0,23.0,False,False,33.0,33.0
2002-01-02,FGBL,-13.0,-8.0,False,False,13.0,13.0
2002-01-02,FGBM,-5.0,12.0,False,False,5.0,5.0
2002-01-02,FGBS,-27.0,8.0,False,False,27.0,27.0
2002-01-02,LLG,-14.0,-9.0,False,False,14.0,14.0
2002-01-02,YXT,-26.0,-11.0,False,False,26.0,26.0
2002-01-02,YYT,-15.0,15.0,False,False,15.0,15.0
2002-01-02,ZT,6.0,20.0,False,False,6.0,6.0
2002-01-02,ZF,-1.0,15.0,False,False,1.0,1.0
2002-01-02,6C,6.0,0.0,False,False,6.0,6.0
2002-01-02,6E,-9.0,0.0,False,False,9.0,9.0
2002-01-02,6J,6.0,0.0,False,False,6.0,6.0
2002-01-02,6S,-13.0,0.0,False,False,13.0,13.0
2002-01-02,BRN,-5.0,-12.0,False,False,5.0,5.0
2002-01-02,CL,-4.0,-10.0,False,False,4.0,4.0
2002-01-02,GAS,-6.0,-13.0,False,False,6.0,6.0
2002-01-02,NG,-4.0,-6.0,False,False,4.0,4.0
2002-01-02,GC,43.0,35.0,False,False,43.0,43.0
2002-01-02,SI,-5.0,-15.0,False,False,5.0,5.0
2002-01-02,CC,-1.0,28.0,False,False,1.0,1.0
2002-01-02,GF,30.0,24.0,False,False,30.0,30.0
2002-01-02,HE,-1.0,12.0,False,False,1.0,1.0
2002-01-02,KC,-3.0,-12.0,False,False,3.0,3.0
2002-01-02,LE,-4.0,-4.0,False,False,4.0,4.0
2002-01-02,RS,51.0,170.0,False,False,51.0,51.0
2002-01-02,SB,5.0,0.0,False,False,5.0,5.0
2002-01-02,ZC,1.0,-47.0,False,False,1.0,1.0
2002-01-02,ZM,-5.0,-5.0,False,False,5.0,5.0
2002-01-04,SNK,-6.0,-9.0,False,False,6.0,6.0
2002-01-04,SJB,28.0,28.0,False,False,28.0,28.0
2002-01-10,GAS,0.0,-13.0,True,True,26.0,26.0
2002-01-18,FCE,0.0,-8.0,True,True,16.0,16.0
2002-01-22,CL,0.0,-10.0,True,True,20.0,20.0
2002-01-29,NG,0.0,-6.0,True,True,12.0,12.0
2002-01-30,HTW,0.0,-2.0,True,True,4.0,4.0
2002-01-31,BRN,0.0,-12.0,True,True,24.0,24.0
2002-01-31,HO,0.0,-9.0,True,True,18.0,18.0
2002-01-31,GC,0.0,35.0,True,True,70.0,70.0
2002-01-31,GF,0.0,24.0,True,True,48.0,48.0
2002-02-01,FESX,-6.0,-18.0,False,False,6.0,6.0
2002-02-01,FSMI,-9.0,-19.0,False,False,9.0,9.0
2002-02-01,HTW,-4.0,-6.0,False,False,4.0,4.0
2002-02-01,NQ,-5.0,-14.0,False,False,5.0,5.0
2002-02-01,SNK,-6.0,-15.0,False,False,6.0,6.0
2002-02-01,SXF,-7.0,-18.0,False,False,7.0,7.0
2002-02-01,YAP,10.0,33.0,False,False,10.0,10.0
2002-02-01,CGB,17.0,31.0,False,False,17.0,17.0
2002-02-01,FGBL,-8.0,-16.0,False,False,8.0,8.0
2002-02-01,FGBM,7.0,19.0,False,False,7.0,7.0
2002-02-01,LLG,-7.0,-16.0,False,False,7.0,7.0
2002-02-01,SJB,1.0,29.0,False,False,1.0,1.0
2002-02-01,YXT,-4.0,-15.0,False,False,4.0,4.0
2002-02-01,YYT,-76.0,-61.0,False,False,76.0,76.0
2002-02-01,ZT,9.0,29.0,False,False,9.0,9.0
2002-02-01,ZF,11.0,26.0,False,False,11.0,11.0
2002-02-01,ZN,9.0,18.0,False,False,9.0,9.0
2002-02-01,ZB,7.0,13.0,False,False,7.0,7.0
2002-02-01,BRN,-6.0,-18.0,False,False,6.0,6.0
2002-02-01,CL,-6.0,-16.0,False,False,6.0,6.0
2002-02-01,GAS,-8.0,-21.0,False,False,8.0,8.0
2002-02-01,HO,-5.0,-14.0,False,False,5.0,5.0
2002-02-01,NG,-3.0,-9.0,False,False,3.0,3.0
2002-02-01,GC,14.0,49.0,False,False,14.0,14.0
2002-02-01,CC,1.0,29.0,False,False,1.0,1.0
2002-02-01,CT,-10.0,-17.0,False,False,10.0,10.0
2002-02-01,GF,14.0,38.0,False,False,14.0,14.0
2002-02-01,HE,6.0,18.0,False,False,6.0,6.0
2002-02-01,KC,-14.0,-26.0,False,False,14.0,14.0
2002-02-01,LE,-25.0,-29.0,False,False,25.0,25.0
2002-02-01,RS,73.0,243.0,False,False,73.0,73.0
2002-02-01,ZC,-39.0,-86.0,False,False,39.0,39.0
2002-02-01,ZM,46.0,41.0,False,False,46.0,46.0
2002-02-04,LE,0.0,-29.0,True,True,58.0,58.0
2002-02-12,GAS,0.0,-21.0,True,True,42.0,42.0
2002-02-14,HE,0.0,18.0,True,True,36.0,36.0
2002-02-15,FCE,0.0,-8.0,True,True,16.0,16.0
2002-02-15,CC,0.0,29.0,True,True,58.0,58.0
2002-02-20,CL,0.0,-16.0,True,True,32.0,32.0
2002-02-20,KC,0.0,-26.0,True,True,52.0,52.0
2002-02-22,CT,0.0,-17.0,True,True,34.0,34.0
2002-02-26,HTW,0.0,-6.0,True,True,12.0,12.0
2002-02-26,CGB,0.0,31.0,True,True,62.0,62.0
2002-02-26,NG,0.0,-9.0,True,True,18.0,18.0
2002-02-27,LLG,0.0,-16.0,True,True,32.0,32.0
2002-02-28,ZT,0.0,29.0,True,True,58.0,58.0
2002-02-28,ZF,0.0,26.0,True,True,52.0,52.0
2002-02-28,ZN,0.0,18.0,True,True,36.0,36.0
2002-02-28,ZB,0.0,13.0,True,True,26.0,26.0
2002-02-28,BRN,0.0,-18.0,True,True,36.0,36.0
2002-02-28,HO,0.0,-14.0,True,True,28.0,28.0
2002-02-28,HG,0.0,-23.0,True,True,46.0,46.0
2002-02-28,SI,0.0,-15.0,True,True,30.0,30.0
2002-02-28,KE,0.0,-9.0,True,True,18.0,18.0
2002-02-28,RS,0.0,243.0,True,True,486.0,486.0
2002-02-28,ZC,0.0,-86.0,True,True,172.0,172.0
2002-02-28,ZL,0.0,-26.0,True,True,52.0,52.0
2002-02-28,ZM,0.0,41.0,True,True,82.0,82.0
2002-02-28,ZW,0.0,-8.0,True,True,16.0,16.0
2002-03-01,ES,-4.0,-4.0,False,False,4.0,4.0
2002-03-01,FDAX,-3.0,-4.0,False,False,3.0,3.0
2002-03-01,FESX,15.0,-3.0,False,False,15.0,15.0
2002-03-01,FSMI,8.0,-11.0,False,False,8.0,8.0
2002-03-01,HTW,-4.0,-10.0,False,False,4.0,4.0
2002-03-01,LFT,-5.0,-5.0,False,False,5.0,5.0
2002-03-01,NKD,4.0,0.0,False,False,4.0,4.0
2002-03-01,NQ,-6.0,-20.0,False,False,6.0,6.0
2002-03-01,SXF,-7.0,-25.0,False,False,7.0,7.0
2002-03-01,YAP,14.0,47.0,False,False,14.0,14.0
2002-03-01,CGB,17.0,48.0,False,False,17.0,17.0
2002-03-01,FGBL,-20.0,-36.0,False,False,20.0,20.0
2002-03-01,FGBM,11.0,30.0,False,False,11.0,11.0
2002-03-01,FGBS,121.0,129.0,False,False,121.0,121.0
2002-03-01,LLG,9.0,-7.0,False,False,9.0,9.0
2002-03-01,SJB,37.0,66.0,False,False,37.0,37.0
2002-03-01,YXT,-1.0,-16.0,False,False,1.0,1.0
2002-03-01,YYT,-1.0,-62.0,False,False,1.0,1.0
2002-03-01,ZT,16.0,45.0,False,False,16.0,16.0
2002-03-01,ZF,15.0,41.0,False,False,15.0,15.0
2002-03-01,ZN,10.0,28.0,False,False,10.0,10.0
2002-03-01,ZB,6.0,19.0,False,False,6.0,6.0
2002-03-01,6A,45.0,45.0,False,False,45.0,45.0
2002-03-01,6J,-9.0,-9.0,False,False,9.0,9.0
2002-03-01,6M,42.0,65.0,False,False,42.0,42.0
2002-03-01,BRN,-6.0,-24.0,False,False,6.0,6.0
2002-03-01,CL,-6.0,-22.0,False,False,6.0,6.0
2002-03-01,GAS,-8.0,-29.0,False,False,8.0,8.0
2002-03-01,HO,-5.0,-19.0,False,False,5.0,5.0
2002-03-01,NG,-5.0,-14.0,False,False,5.0,5.0
2002-03-01,HG,-24.0,-47.0,False,False,24.0,24.0
2002-03-01,CC,21.0,50.0,False,False,21.0,21.0
2002-03-01,CT,-8.0,-25.0,False,False,8.0,8.0
2002-03-01,GF,-55.0,-17.0,False,False,55.0,55.0
2002-03-01,HE,-62.0,-44.0,False,False,62.0,62.0
2002-03-01,KC,9.0,-17.0,False,False,9.0,9.0
2002-03-01,LE,-33.0,-62.0,False,False,33.0,33.0
2002-03-01,RS,95.0,338.0,False,False,95.0,95.0
2002-03-01,SB,-13.0,-13.0,False,False,13.0,13.0
2002-03-01,ZC,-34.0,-120.0,False,False,34.0,34.0
2002-03-01,ZL,14.0,-12.0,False,False,14.0,14.0
2002-03-01,ZM,19.0,60.0,False,False,19.0,19.0
2002-03-01,ZW,8.0,0.0,False,False,8.0,8.0
2002-03-07,SNK,0.0,-15.0,True,True,30.0,30.0
2002-03-07,FGBL,0.0,-36.0,True,True,72.0,72.0
2002-03-07,FGBM,0.0,30.0,True,True,60.0,60.0
2002-03-07,FGBS,0.0,129.0,True,True,258.0,258.0
2002-03-08,SJB,0.0,66.0,True,True,132.0,132.0
2002-03-12,GAS,0.0,-29.0,True,True,58.0,58.0
2002-03-13,SXF,0.0,-25.0,True,True,50.0,50.0
2002-03-14,ES,0.0,-4.0,True,True,8.0,8.0
2002-03-15,FCE,0.0,-8.0,True,True,16.0,16.0
2002-03-15,FDAX,0.0,-4.0,True,True,8.0,8.0
2002-03-15,FESX,0.0,-3.0,True,True,6.0,6.0
2002-03-15,FSMI,0.0,-11.0,True,True,22.0,22.0
2002-03-15,LFT,0.0,-5.0,True,True,10.0,10.0
2002-03-15,NQ,0.0,-20.0,True,True,40.0,40.0
2002-03-15,YXT,0.0,-16.0,True,True,32.0,32.0
2002-03-15,YYT,0.0,-62.0,True,True,124.0,124.0
2002-03-18,6A,0.0,45.0,True,True,90.0,90.0
2002-03-18,6J,0.0,-9.0,True,True,18.0,18.0
2002-03-18,6M,0.0,65.0,True,True,130.0,130.0
2002-03-20,CL,0.0,-22.0,True,True,44.0,44.0
2002-03-26,NG,0.0,-14.0,True,True,28.0,28.0
2002-03-28,HTW,0.0,-10.0,True,True,20.0,20.0
2002-03-28,YAP,0.0,47.0,True,True,94.0,94.0
2002-03-28,HO,0.0,-19.0,True,True,38.0,38.0
2002-03-28,GC,0.0,49.0,True,True,98.0,98.0
2002-03-28,GF,0.0,-17.0,True,True,34.0,34.0
2002-04-01,ES,4.0,0.0,False,False,4.0,4.0
2002-04-01,HTW,30.0,20.0,False,False,30.0,30.0
2002-04-01,NQ,1.0,-19.0,False,False,1.0,1.0
2002-04-01,SNK,9.0,-6.0,False,False,9.0,9.0
2002-04-01,SXF,1.0,-24.0,False,False,1.0,1.0
2002-04-01,CGB,-3.0,45.0,False,False,3.0,3.0
2002-04-01,SJB,-3.0,63.0,False,False,3.0,3.0
2002-04-01,ZT,-2.0,43.0,False,False,2.0,2.0
2002-04-01,ZF,-2.0,39.0,False,False,2.0,2.0
2002-04-01,ZN,-2.0,26.0,False,False,2.0,2.0
2002-04-01,ZB,-19.0,0.0,False,False,19.0,19.0
2002-04-01,6A,-3.0,42.0,False,False,3.0,3.0
2002-04-01,6B,37.0,37.0,False,False,37.0,37.0
2002-04-01,6J,8.0,-1.0,False,False,8.0,8.0
2002-04-01,6M,-65.0,0.0,False,False,65.0,65.0
2002-04-01,6S,26.0,26.0,False,False,26.0,26.0
2002-04-01,CL,1.0,-21.0,False,False,1.0,1.0
2002-04-01,HO,1.0,-18.0,False,False,1.0,1.0
2002-04-01,NG,5.0,-9.0,False,False,5.0,5.0
2002-04-01,GC,-2.0,47.0,False,False,2.0,2.0
2002-04-01,HG,3.0,-44.0,False,False,3.0,3.0
2002-04-01,SI,61.0,46.0,False,False,61.0,61.0
2002-04-01,CC,-3.0,47.0,False,False,3.0,3.0
2002-04-01,CT,1.0,-24.0,False,False,1.0,1.0
2002-04-01,GF,17.0,0.0,False,False,17.0,17.0
2002-04-01,HE,2.0,-42.0,False,False,2.0,2.0
2002-04-01,KC,1.0,-16.0,False,False,1.0,1.0
2002-04-01,KE,-5.0,-14.0,False,False,5.0,5.0
2002-04-01,LE,3.0,-59.0,False,False,3.0,3.0
2002-04-01,RS,-18.0,320.0,False,False,18.0,18.0
2002-04-01,SB,10.0,-3.0,False,False,10.0,10.0
2002-04-01,ZC,6.0,-114.0,False,False,6.0,6.0
2002-04-01,ZL,-5.0,-17.0,False,False,5.0,5.0
2002-04-01,ZM,-3.0,57.0,False,False,3.0,3.0
2002-04-01,ZS,47.0,47.0,False,False,47.0,47.0
2002-04-01,ZW,-8.0,-8.0,False,False,8.0,8.0
2002-04-02,FCE,8.0,0.0,False,False,8.0,8.0
2002-04-02,FESX,1.0,-2.0,False,False,1.0,1.0
2002-04-02,FSMI,11.0,0.0,False,False,11.0,11.0
2002-04-02,LFT,5.0,0.0,False,False,5.0,5.0
2002-04-02,YAP,-3.0,44.0,False,False,3.0,3.0
2002-04-02,FGBL,2.0,-34.0,False,False,2.0,2.0
2002-04-02,FGBM,-79.0,-49.0,False,False,79.0,79.0
2002-04-02,FGBS,-237.0,-108.0,False,False,237.0,237.0
2002-04-02,LLG,3.0,-4.0,False,False,3.0,3.0
2002-04-02,YXT,9.0,-7.0,False,False,9.0,9.0
2002-04-02,YYT,37.0,-25.0,False,False,37.0,37.0
2002-04-02,BRN,24.0,0.0,True,True,24.0,24.0
2002-04-02,GAS,1.0,-28.0,False,False,1.0,1.0
2002-04-08,LE,0.0,-59.0,True,True,118.0,118.0
2002-04-11,GAS,0.0,-28.0,True,True,56.0,56.0
2002-04-12,HE,0.0,-42.0,True,True,84.0,84.0
2002-04-17,CC,0.0,47.0,True,True,94.0,94.0
2002-04-22,CL,0.0,-21.0,True,True,42.0,42.0
2002-04-22,KC,0.0,-16.0,True,True,32.0,32.0
2002-04-24,CT,0.0,-24.0,True,True,48.0,48.0
2002-04-26,NG,0.0,-9.0,True,True,18.0,18.0
2002-04-29,HTW,0.0,20.0,True,True,40.0,40.0
2002-04-30,HO,0.0,-18.0,True,True,36.0,36.0
2002-04-30,HG,0.0,-44.0,True,True,88.0,88.0
2002-04-30,SI,0.0,46.0,True,True,92.0,92.0
2002-04-30,KE,0.0,-14.0,True,True,28.0,28.0
2002-04-30,RS,0.0,320.0,True,True,640.0,640.0
2002-04-30,SB,0.0,-3.0,True,True,6.0,6.0
2002-04-30,ZC,0.0,-114.0,True,True,228.0,228.0
2002-04-30,ZL,0.0,-17.0,True,True,34.0,34.0
2002-04-30,ZM,0.0,57.0,True,True,114.0,114.0
2002-04-30,ZS,0.0,47.0,True,True,94.0,94.0
2002-04-30,ZW,0.0,-8.0,True,True,16.0,16.0
2002-05-01,SNK,-1.0,-7.0,False,False,1.0,1.0
2002-05-01,SXF,-1.0,-25.0,False,False,1.0,1.0
2002-05-01,YAP,-51.0,-7.0,False,False,51.0,51.0
2002-05-01,CGB,2.0,47.0,False,False,2.0,2.0
2002-05-01,SJB,3.0,66.0,False,False,3.0,3.0
2002-05-01,YXT,-1.0,-8.0,False,False,1.0,1.0
2002-05-01,YYT,123.0,98.0,False,False,123.0,123.0
2002-05-01,ZT,2.0,45.0,False,False,2.0,2.0
2002-05-01,ZF,2.0,41.0,False,False,2.0,2.0
2002-05-01,ZN,2.0,28.0,False,False,2.0,2.0
2002-05-01,ZB,20.0,20.0,False,False,20.0,20.0
2002-05-01,6A,2.0,44.0,False,False,2.0,2.0
2002-05-01,6B,1.0,38.0,False,False,1.0,1.0
2002-05-01,6E,23.0,23.0,False,False,23.0,23.0
2002-05-01,6J,1.0,0.0,False,False,1.0,1.0
2002-05-01,6S,2.0,28.0,False,False,2.0,2.0
2002-05-01,BRN,-19.0,-19.0,False,False,19.0,19.0
2002-05-01,CL,-1.0,-22.0,False,False,1.0,1.0
2002-05-01,GAS,-1.0,-29.0,False,False,1.0,1.0
2002-05-01,HO,-1.0,-19.0,False,False,1.0,1.0
2002-05-01,NG,2.0,-7.0,False,False,2.0,2.0
2002-05-01,GC,2.0,49.0,False,False,2.0,2.0
2002-05-01,HG,-3.0,-47.0,False,False,3.0,3.0
2002-05-01,SI,2.0,48.0,False,False,2.0,2.0
2002-05-01,CC,3.0,50.0,False,False,3.0,3.0
2002-05-01,CT,7.0,-17.0,False,False,7.0,7.0
2002-05-01,GF,-8.0,-8.0,False,False,8.0,8.0
2002-05-01,HE,16.0,-26.0,False,False,16.0,16.0
2002-05-01,KC,-1.0,-17.0,False,False,1.0,1.0
2002-05-01,KE,-6.0,-20.0,False,False,6.0,6.0
2002-05-01,LE,28.0,-31.0,False,False,28.0,28.0
2002-05-01,RS,16.0,336.0,False,False,16.0,16.0
2002-05-01,SB,-71.0,-74.0,False,False,71.0,71.0
2002-05-01,ZC,-5.0,-119.0,False,False,5.0,5.0
2002-05-01,ZL,-1.0,-18.0,False,False,1.0,1.0
2002-05-01,ZM,3.0,60.0,False,False,3.0,3.0
2002-05-01,ZS,2.0,49.0,False,False,2.0,2.0
2002-05-01,ZW,7.0,-1.0,False,False,7.0,7.0
2002-05-02,FCE,-2.0,-2.0,False,False,2.0,2.0
2002-05-02,FDAX,1.0,-3.0,False,False,1.0,1.0
2002-05-02,FESX,-1.0,-3.0,False,False,1.0,1.0
2002-05-02,FSMI,-2.0,-2.0,False,False,2.0,2.0
2002-05-02,HTW,1.0,21.0,False,False,1.0,1.0
2002-05-02,FGBL,76.0,42.0,False,False,76.0,76.0
2002-05-02,FGBM,110.0,61.0,False,False,110.0,110.0
2002-05-02,FGBS,256.0,148.0,False,False,256.0,256.0
2002-05-10,GAS,0.0,-29.0,True,True,58.0,58.0
2002-05-17,FCE,0.0,-2.0,True,True,4.0,4.0
2002-05-21,CL,0.0,-22.0,True,True,44.0,44.0
2002-05-24,GF,0.0,-8.0,True,True,16.0,16.0
2002-05-29,CGB,0.0,47.0,True,True,94.0,94.0
2002-05-29,NG,0.0,-7.0,True,True,14.0,14.0
2002-05-30,HTW,0.0,21.0,True,True,42.0,42.0
2002-05-30,LLG,0.0,-4.0,True,True,8.0,8.0
2002-05-31,ZT,0.0,45.0,True,True,90.0,90.0
2002-05-31,ZF,0.0,41.0,True,True,82.0,82.0
2002-05-31,ZN,0.0,28.0,True,True,56.0,56.0
2002-05-31,ZB,0.0,20.0,True,True,40.0,40.0
2002-05-31,BRN,0.0,-19.0,True,True,38.0,38.0
2002-05-31,HO,0.0,-19.0,True,True,38.0,38.0
2002-05-31,GC,0.0,49.0,True,True,98.0,98.0
2002-06-03,ES,-2.0,-2.0,False,False,2.0,2.0
2002-06-03,FCE,-3.0,-5.0,False,False,3.0,3.0
2002-06-03,FDAX,-1.0,-4.0,False,False,1.0,1.0
2002-06-03,FESX,-4.0,-7.0,False,False,4.0,4.0
2002-06-03,FSMI,-13.0,-15.0,False,False,13.0,13.0
2002-06-03,HTW,-8.0,13.0,False,False,8.0,8.0
2002-06-03,NQ,18.0,-1.0,False,False,18.0,18.0
2002-06-03,SNK,5.0,-2.0,False,False,5.0,5.0
2002-06-03,SXF,10.0,-15.0,False,False,10.0,10.0
2002-06-03,YAP,3.0,-4.0,False,False,3.0,3.0
2002-06-03,CGB,-17.0,30.0,False,False,17.0,17.0
2002-06-03,FGBL,-18.0,24.0,False,False,18.0,18.0
2002-06-03,FGBM,-25.0,36.0,False,False,25.0,25.0
2002-06-03,FGBS,-63.0,85.0,False,False,63.0,63.0
2002-06-03,SJB,-25.0,41.0,False,False,25.0,25.0
2002-06-03,YXT,8.0,0.0,False,False,8.0,8.0
2002-06-03,YYT,-38.0,60.0,False,False,38.0,38.0
2002-06-03,ZT,-19.0,26.0,False,False,19.0,19.0
2002-06-03,ZF,-16.0,25.0,False,False,16.0,16.0
2002-06-03,ZN,-11.0,17.0,False,False,11.0,11.0
2002-06-03,ZB,-8.0,12.0,False,False,8.0,8.0
2002-06-03,6A,-19.0,25.0,False,False,19.0,19.0
2002-06-03,6B,-16.0,22.0,False,False,16.0,16.0
2002-06-03,6E,-13.0,10.0,False,False,13.0,13.0
2002-06-03,6J,-3.0,-3.0,False,False,3.0,3.0
2002-06-03,6M,30.0,30.0,False,False,30.0,30.0
2002-06-03,6S,-14.0,14.0,False,False,14.0,14.0
2002-06-03,CL,12.0,-10.0,False,False,12.0,12.0
2002-06-03,HO,9.0,-10.0,False,False,9.0,9.0
2002-06-03,NG,3.0,-4.0,False,False,3.0,3.0
2002-06-03,GC,-19.0,30.0,False,False,19.0,19.0
2002-06-03,HG,23.0,-24.0,False,False,23.0,23.0
2002-06-03,SI,-21.0,27.0,False,False,21.0,21.0
2002-06-03,CC,-22.0,28.0,False,False,22.0,22.0
2002-06-03,CT,-1.0,-18.0,False,False,1.0,1.0
2002-06-03,GF,8.0,0.0,False,False,8.0,8.0
2002-06-03,HE,12.0,-14.0,False,False,12.0,12.0
2002-06-03,KC,-2.0,-19.0,False,False,2.0,2.0
2002-06-03,KE,8.0,-12.0,False,False,8.0,8.0
2002-06-03,LE,16.0,-15.0,False,False,16.0,16.0
2002-06-03,RS,-176.0,160.0,False,False,176.0,176.0
2002-06-03,SB,29.0,-45.0,False,False,29.0,29.0
2002-06-03,ZC,75.0,-44.0,False,False,75.0,75.0
2002-06-03,ZL,65.0,47.0,False,False,65.0,65.0
2002-06-03,ZM,-21.0,39.0,False,False,21.0,21.0
2002-06-03,ZS,-19.0,30.0,False,False,19.0,19.0
2002-06-03,ZW,-2.0,-3.0,False,False,2.0,2.0
2002-06-05,LFT,-1.0,-1.0,False,False,1.0,1.0
2002-06-05,LLG,20.0,16.0,False,False,20.0,20.0
2002-06-05,BRN,7.0,-12.0,False,False,7.0,7.0
2002-06-05,GAS,13.0,-16.0,False,False,13.0,13.0
2002-06-06,FGBL,0.0,24.0,True,True,48.0,48.0
2002-06-06,FGBM,0.0,36.0,True,True,72.0,72.0
2002-06-06,FGBS,0.0,85.0,True,True,170.0,170.0
2002-06-10,SJB,0.0,41.0,True,True,82.0,82.0
2002-06-10,LE,0.0,-15.0,True,True,30.0,30.0
2002-06-12,GAS,0.0,-16.0,True,True,32.0,32.0
2002-06-13,SNK,0.0,-2.0,True,True,4.0,4.0
2002-06-14,HE,0.0,-14.0,True,True,28.0,28.0
2002-06-17,YYT,0.0,60.0,True,True,120.0,120.0
2002-06-17,6A,0.0,25.0,True,True,50.0,50.0
2002-06-17,6B,0.0,22.0,True,True,44.0,44.0
2002-06-17,6E,0.0,10.0,True,True,20.0,20.0
2002-06-17,6J,0.0,-3.0,True,True,6.0,6.0
2002-06-17,6M,0.0,30.0,True,True,60.0,60.0
2002-06-17,6S,0.0,14.0,True,True,28.0,28.0
2002-06-17,CC,0.0,28.0,True,True,56.0,56.0
2002-06-19,SXF,0.0,-15.0,True,True,30.0,30.0
2002-06-20,ES,0.0,-2.0,True,True,4.0,4.0
2002-06-20,CL,0.0,-10.0,True,True,20.0,20.0
2002-06-20,KC,0.0,-19.0,True,True,38.0,38.0
2002-06-21,FCE,0.0,-5.0,True,True,10.0,10.0
2002-06-21,FDAX,0.0,-4.0,True,True,8.0,8.0
2002-06-21,FESX,0.0,-7.0,True,True,14.0,14.0
2002-06-21,FSMI,0.0,-15.0,True,True,30.0,30.0
2002-06-21,LFT,0.0,-1.0,True,True,2.0,2.0
2002-06-21,NQ,0.0,-1.0,True,True,2.0,2.0
2002-06-24,CT,0.0,-18.0,True,True,36.0,36.0
2002-06-26,NG,0.0,-4.0,True,True,8.0,8.0
2002-06-27,HTW,0.0,13.0,True,True,26.0,26.0
2002-06-28,YAP,0.0,-4.0,True,True,8.0,8.0
2002-06-28,BRN,0.0,-12.0,True,True,24.0,24.0
2002-06-28,HO,0.0,-10.0,True,True,20.0,20.0
2002-06-28,HG,0.0,-24.0,True,True,48.0,48.0
2002-06-28,SI,0.0,27.0,True,True,54.0,54.0
2002-06-28,KE,0.0,-12.0,True,True,24.0,24.0
2002-06-28,RS,0.0,160.0,True,True,320.0,320.0
2002-06-28,SB,0.0,-45.0,True,True,90.0,90.0
2002-06-28,ZC,0.0,-44.0,True,True,88.0,88.0
2002-06-28,ZL,0.0,47.0,True,True,94.0,94.0
2002-06-28,ZM,0.0,39.0,True,True,78.0,78.0
2002-06-28,ZS,0.0,30.0,True,True,60.0,60.0
2002-06-28,ZW,0.0,-3.0,True,True,6.0,6.0
2002-07-01,ES,2.0,0.0,False,False,2.0,2.0
2002-07-01,FDAX,3.0,-1.0,False,False,3.0,3.0
2002-07-01,FESX,6.0,-1.0,False,False,6.0,6.0
2002-07-01,FSMI,13.0,-2.0,False,False,13.0,13.0
2002-07-01,LFT,1.0,0.0,False,False,1.0,1.0
2002-07-01,NQ,1.0,0.0,False,False,1.0,1.0
2002-07-01,SNK,-1.0,-3.0,False,False,1.0,1.0
2002-07-01,YAP,-4.0,-8.0,False,False,4.0,4.0
2002-07-01,FGBL,2.0,26.0,False,False,2.0,2.0
2002-07-01,FGBM,2.0,38.0,False,False,2.0,2.0
2002-07-01,FGBS,4.0,89.0,False,False,4.0,4.0
2002-07-01,LLG,-4.0,12.0,False,False,4.0,4.0
2002-07-01,SJB,2.0,43.0,False,False,2.0,2.0
2002-07-01,YXT,20.0,20.0,False,False,20.0,20.0
2002-07-01,YYT,-13.0,47.0,False,False,13.0,13.0
2002-07-01,ZT,1.0,27.0,False,False,1.0,1.0
2002-07-01,ZF,1.0,26.0,False,False,1.0,1.0
2002-07-01,ZN,1.0,18.0,False,False,1.0,1.0
2002-07-01,ZB,-3.0,9.0,False,False,3.0,3.0
2002-07-01,6A,-11.0,14.0,False,False,11.0,11.0
2002-07-01,6B,-8.0,14.0,False,False,8.0,8.0
2002-07-01,6C,33.0,33.0,False,False,33.0,33.0
2002-07-01,6E,1.0,11.0,False,False,1.0,1.0
2002-07-01,6J,13.0,10.0,False,False,13.0,13.0
2002-07-01,6M,-22.0,8.0,False,False,22.0,22.0
2002-07-01,BRN,12.0,0.0,False,False,12.0,12.0
2002-07-01,CL,-1.0,-11.0,False,False,1.0,1.0
2002-07-01,GAS,-1.0,-17.0,False,False,1.0,1.0
2002-07-01,NG,-1.0,-5.0,False,False,1.0,1.0
2002-07-01,GC,-8.0,22.0,False,False,8.0,8.0
2002-07-01,HG,56.0,32.0,False,False,56.0,56.0
2002-07-01,SI,2.0,29.0,False,False,2.0,2.0
2002-07-01,CC,-7.0,21.0,False,False,7.0,7.0
2002-07-01,CT,5.0,-13.0,False,False,5.0,5.0
2002-07-01,KC,12.0,-7.0,False,False,12.0,12.0
2002-07-01,KE,11.0,-1.0,False,False,11.0,11.0
2002-07-01,LE,-1.0,-16.0,False,False,1.0,1.0
2002-07-01,SB,22.0,-23.0,False,False,22.0,22.0
2002-07-01,ZC,-2.0,-46.0,False,False,2.0,2.0
2002-07-01,ZL,-48.0,-1.0,False,False,48.0,48.0
2002-07-01,ZM,-16.0,23.0,False,False,16.0,16.0
2002-07-01,ZS,-37.0,-7.0,False,False,37.0,37.0
2002-07-02,SXF,-1.0,-16.0,False,False,1.0,1.0
2002-07-02,CGB,1.0,31.0,False,False,1.0,1.0
2002-07-02,RS,-118.0,42.0,False,False,118.0,118.0
2002-07-11,GAS,0.0,-17.0,True,True,34.0,34.0
2002-07-15,HE,0.0,-14.0,True,True,28.0,28.0
2002-07-19,FCE,0.0,-5.0,True,True,10.0,10.0
2002-07-22,CL,0.0,-11.0,True,True,22.0,22.0
2002-07-29,NG,0.0,-5.0,True,True,10.0,10.0
2002-07-30,HTW,0.0,13.0,True,True,26.0,26.0
2002-07-31,HO,0.0,-10.0,True,True,20.0,20.0
2002-07-31,GC,0.0,22.0,True,True,44.0,44.0
2002-07-31,ZL,0.0,-1.0,True,True,2.0,2.0
2002-07-31,ZM,0.0,23.0,True,True,46.0,46.0
2002-07-31,ZS,0.0,-7.0,True,True,14.0,14.0
2002-08-01,FCE,2.0,-3.0,False,False,2.0,2.0
2002-08-01,HTW,-3.0,10.0,False,False,3.0,3.0
2002-08-01,LFT,-1.0,-1.0,False,False,1.0,1.0
2002-08-01,SXF,16.0,0.0,False,False,16.0,16.0
2002-08-01,CGB,-13.0,18.0,False,False,13.0,13.0
2002-08-01,FGBL,-7.0,19.0,False,False,7.0,7.0
2002-08-01,FGBM,-10.0,28.0,False,False,10.0,10.0
2002-08-01,FGBS,-32.0,57.0,False,False,32.0,32.0
2002-08-01,LLG,1.0,13.0,False,False,1.0,1.0
2002-08-01,SJB,1.0,44.0,False,False,1.0,1.0
2002-08-01,YYT,1.0,48.0,False,False,1.0,1.0
2002-08-01,ZT,-11.0,16.0,False,False,11.0,11.0
2002-08-01,ZF,-12.0,14.0,False,False,12.0,12.0
2002-08-01,ZN,-7.0,11.0,False,False,7.0,7.0
2002-08-01,6B,-7.0,7.0,False,False,7.0,7.0
2002-08-01,6C,-33.0,0.0,False,False,33.0,33.0
2002-08-01,6E,-6.0,5.0,False,False,6.0,6.0
2002-08-01,6J,-10.0,0.0,False,False,10.0,10.0
2002-08-01,6M,-29.0,-21.0,False,False,29.0,29.0
2002-08-01,6S,-7.0,7.0,False,False,7.0,7.0
2002-08-01,BRN,-14.0,-14.0,False,False,14.0,14.0
2002-08-01,NG,-2.0,-7.0,False,False,2.0,2.0
2002-08-01,GC,-7.0,15.0,False,False,7.0,7.0
2002-08-01,HG,-56.0,-24.0,False,False,56.0,56.0
2002-08-01,SI,-10.0,19.0,False,False,10.0,10.0
2002-08-01,CC,-9.0,12.0,False,False,9.0,9.0
2002-08-01,HE,-1.0,-15.0,False,False,1.0,1.0
2002-08-01,KC,-10.0,-17.0,False,False,10.0,10.0
2002-08-01,KE,27.0,26.0,False,False,27.0,27.0
2002-08-01,LE,-9.0,-25.0,False,False,9.0,9.0
2002-08-01,RS,2.0,44.0,False,False,2.0,2.0
2002-08-01,SB,-1.0,-24.0,False,False,1.0,1.0
2002-08-01,ZC,31.0,-15.0,False,False,31.0,31.0
2002-08-01,ZL,1.0,0.0,False,False,1.0,1.0
2002-08-01,ZM,-13.0,10.0,False,False,13.0,13.0
2002-08-01,ZS,16.0,9.0,False,False,16.0,16.0
2002-08-01,ZW,28.0,25.0,False,False,28.0,28.0
2002-08-05,LE,0.0,-25.0,True,True,50.0,50.0
2002-08-12,GAS,0.0,-17.0,True,True,34.0,34.0
2002-08-14,HE,0.0,-15.0,True,True,30.0,30.0
2002-08-16,FCE,0.0,-3.0,True,True,6.0,6.0
2002-08-20,CL,0.0,-11.0,True,True,22.0,22.0
2002-08-20,CC,0.0,12.0,True,True,24.0,24.0
2002-08-22,KC,0.0,-17.0,True,True,34.0,34.0
2002-08-28,CGB,0.0,18.0,True,True,36.0,36.0
2002-08-28,NG,0.0,-7.0,True,True,14.0,14.0
2002-08-29,HTW,0.0,10.0,True,True,20.0,20.0
2002-08-29,LLG,0.0,13.0,True,True,26.0,26.0
2002-08-30,ZT,0.0,16.0,True,True,32.0,32.0
2002-08-30,ZF,0.0,14.0,True,True,28.0,28.0
2002-08-30,ZN,0.0,11.0,True,True,22.0,22.0
2002-08-30,ZB,0.0,9.0,True,True,18.0,18.0
2002-08-30,BRN,0.0,-14.0,True,True,28.0,28.0
2002-08-30,HO,0.0,-10.0,True,True,20.0,20.0
2002-08-30,HG,0.0,-24.0,True,True,48.0,48.0
2002-08-30,SI,0.0,19.0,True,True,38.0,38.0
2002-08-30,KE,0.0,26.0,True,True,52.0,52.0
2002-08-30,ZC,0.0,-15.0,True,True,30.0,30.0
2002-08-30,ZM,0.0,10.0,True,True,20.0,20.0
2002-08-30,ZS,0.0,9.0,True,True,18.0,18.0
2002-08-30,ZW,0.0,25.0,True,True,50.0,50.0
2002-09-02,FDAX,-1.0,-2.0,False,False,1.0,1.0
2002-09-02,FESX,-3.0,-4.0,False,False,3.0,3.0
2002-09-02,FSMI,-2.0,-4.0,False,False,2.0,2.0
2002-09-02,LFT,-2.0,-3.0,False,False,2.0,2.0
2002-09-02,SNK,13.0,10.0,False,False,13.0,13.0
2002-09-02,YAP,2.0,-6.0,False,False,2.0,2.0
2002-09-02,FGBL,-6.0,13.0,False,False,6.0,6.0
2002-09-02,FGBM,1.0,29.0,False,False,1.0,1.0
2002-09-02,FGBS,2.0,59.0,False,False,2.0,2.0
2002-09-02,LLG,-8.0,5.0,False,False,8.0,8.0
2002-09-02,SJB,1.0,45.0,False,False,1.0,1.0
2002-09-02,YXT,1.0,21.0,False,False,1.0,1.0
2002-09-02,YYT,1.0,49.0,False,False,1.0,1.0
2002-09-02,BRN,14.0,0.0,False,False,14.0,14.0
2002-09-02,GAS,-1.0,-18.0,False,False,1.0,1.0
2002-09-03,ES,-2.0,-2.0,False,False,2.0,2.0
2002-09-03,NKD,-2.0,-2.0,False,False,2.0,2.0
2002-09-03,SXF,-1.0,-1.0,False,False,1.0,1.0
2002-09-03,CGB,1.0,19.0,False,False,1.0,1.0
2002-09-03,ZN,1.0,12.0,False,False,1.0,1.0
2002-09-03,ZB,-2.0,7.0,False,False,2.0,2.0
2002-09-03,6C,22.0,22.0,False,False,22.0,22.0
2002-09-03,6J,-2.0,-2.0,False,False,2.0,2.0
2002-09-03,6M,43.0,22.0,False,False,43.0,43.0
2002-09-03,CL,11.0,0.0,False,False,11.0,11.0
2002-09-03,HO,-1.0,-11.0,False,False,1.0,1.0
2002-09-03,HG,-14.0,-38.0,False,False,14.0,14.0
2002-09-03,CC,9.0,21.0,False,False,9.0,9.0
2002-09-03,CT,-1.0,-14.0,False,False,1.0,1.0
2002-09-03,KC,8.0,-9.0,False,False,8.0,8.0
2002-09-03,KE,1.0,27.0,False,False,1.0,1.0
2002-09-03,RS,17.0,61.0,False,False,17.0,17.0
2002-09-03,SB,-1.0,-25.0,False,False,1.0,1.0
2002-09-03,ZL,39.0,39.0,False,False,39.0,39.0
2002-09-03,ZM,13.0,23.0,False,False,13.0,13.0
2002-09-03,ZS,5.0,14.0,False,False,5.0,5.0
2002-09-03,ZW,1.0,26.0,False,False,1.0,1.0
2002-09-06,FGBL,0.0,13.0,True,True,26.0,26.0
2002-09-06,FGBM,0.0,29.0,True,True,58.0,58.0
2002-09-06,FGBS,0.0,59.0,True,True,118.0,118.0
2002-09-09,SJB,0.0,45.0,True,True,90.0,90.0
2002-09-12,NKD,0.0,-2.0,True,True,4.0,4.0
2002-09-12,SNK,0.0,10.0,True,True,20.0,20.0
2002-09-12,GAS,0.0,-18.0,True,True,36.0,36.0
2002-09-16,YXT,0.0,21.0,True,True,42.0,42.0
2002-09-16,YYT,0.0,49.0,True,True,98.0,98.0
2002-09-16,6A,0.0,14.0,True,True,28.0,28.0
2002-09-16,6B,0.0,7.0,True,True,14.0,14.0
2002-09-16,6E,0.0,5.0,True,True,10.0,10.0
2002-09-16,6J,0.0,-2.0,True,True,4.0,4.0
2002-09-16,6M,0.0,22.0,True,True,44.0,44.0
2002-09-16,6S,0.0,7.0,True,True,14.0,14.0
2002-09-17,6C,0.0,22.0,True,True,44.0,44.0
2002-09-18,SXF,0.0,-1.0,True,True,2.0,2.0
2002-09-19,ES,0.0,-2.0,True,True,4.0,4.0
2002-09-20,FCE,0.0,-3.0,True,True,6.0,6.0
2002-09-20,FDAX,0.0,-2.0,True,True,4.0,4.0
2002-09-20,FESX,0.0,-4.0,True,True,8.0,8.0
2002-09-20,FSMI,0.0,-4.0,True,True,8.0,8.0
2002-09-20,LFT,0.0,-3.0,True,True,6.0,6.0
2002-09-26,NG,0.0,-7.0,True,True,14.0,14.0
2002-09-27,HTW,0.0,10.0,True,True,20.0,20.0
2002-09-30,YAP,0.0,-6.0,True,True,12.0,12.0
2002-09-30,HO,0.0,-11.0,True,True,22.0,22.0
2002-09-30,SB,0.0,-25.0,True,True,50.0,50.0
2002-09-30,ZL,0.0,39.0,True,True,78.0,78.0
2002-09-30,ZM,0.0,23.0,True,True,46.0,46.0
2002-10-01,ES,2.0,0.0,False,False,2.0,2.0
2002-10-01,FESX,3.0,-1.0,False,False,3.0,3.0
2002-10-01,FSMI,2.0,-2.0,False,False,2.0,2.0
2002-10-01,HTW,9.0,19.0,False,False,9.0,9.0
2002-10-01,NKD,2.0,0.0,False,False,2.0,2.0
2002-10-01,SNK,-17.0,-7.0,False,False,17.0,17.0
2002-10-01,SXF,1.0,0.0,False,False,1.0,1.0
2002-10-01,YAP,-4.0,-10.0,False,False,4.0,4.0
2002-10-01,CGB,12.0,31.0,False,False,12.0,12.0
2002-10-01,FGBL,11.0,24.0,False,False,11.0,11.0
2002-10-01,FGBM,1.0,30.0,False,False,1.0,1.0
2002-10-01,FGBS,2.0,61.0,False,False,2.0,2.0
2002-10-01,LLG,2.0,7.0,False,False,2.0,2.0
2002-10-01,SJB,-29.0,16.0,False,False,29.0,29.0
2002-10-01,YYT,2.0,51.0,False,False,2.0,2.0
2002-10-01,ZT,11.0,27.0,False,False,11.0,11.0
2002-10-01,ZF,7.0,21.0,False,False,7.0,7.0
2002-10-01,ZN,4.0,16.0,False,False,4.0,4.0
2002-10-01,ZB,4.0,11.0,False,False,4.0,4.0
2002-10-01,6A,12.0,26.0,False,False,12.0,12.0
2002-10-01,6B,10.0,17.0,False,False,10.0,10.0
2002-10-01,6C,-31.0,-9.0,False,False,31.0,31.0
2002-10-01,6E,5.0,10.0,False,False,5.0,5.0
2002-10-01,6J,2.0,0.0,False,False,2.0,2.0
2002-10-01,6M,-49.0,-27.0,False,False,49.0,49.0
2002-10-01,6S,1.0,8.0,False,False,1.0,1.0
2002-10-01,CL,3.0,3.0,False,False,3.0,3.0
2002-10-01,GAS,18.0,0.0,False,False,18.0,18.0
2002-10-01,HO,11.0,0.0,False,False,11.0,11.0
2002-10-01,NG,9.0,2.0,False,False,9.0,9.0
2002-10-01,GC,16.0,31.0,False,False,16.0,16.0
2002-10-01,HG,-1.0,-39.0,False,False,1.0,1.0
2002-10-01,SI,-19.0,0.0,False,False,19.0,19.0
2002-10-01,CC,15.0,36.0,False,False,15.0,15.0
2002-10-01,CT,37.0,23.0,False,False,37.0,37.0
2002-10-01,HE,-1.0,-16.0,False,False,1.0,1.0
2002-10-01,KE,-10.0,17.0,False,False,10.0,10.0
2002-10-01,LE,-18.0,-43.0,False,False,18.0,18.0
2002-10-01,RS,85.0,146.0,False,False,85.0,85.0
2002-10-01,SB,83.0,58.0,False,False,83.0,83.0
2002-10-01,ZC,-9.0,-24.0,False,False,9.0,9.0
2002-10-01,ZL,23.0,62.0,False,False,23.0,23.0
2002-10-01,ZM,9.0,32.0,False,False,9.0,9.0
2002-10-01,ZS,7.0,21.0,False,False,7.0,7.0
2002-10-01,ZW,-9.0,17.0,False,False,9.0,9.0
2002-10-07,LE,0.0,-43.0,True,True,86.0,86.0
2002-10-14,HE,0.0,-16.0,True,True,32.0,32.0
2002-10-18,FCE,0.0,-3.0,True,True,6.0,6.0
2002-10-22,CL,0.0,3.0,True,True,6.0,6.0
2002-10-29,NG,0.0,2.0,True,True,4.0,4.0
2002-10-30,HTW,0.0,19.0,True,True,38.0,38.0
2002-10-31,RS,0.0,146.0,True,True,292.0,292.0
2002-10-31,ZS,0.0,21.0,True,True,42.0,42.0
2002-11-01,ES,-1.0,-1.0,False,False,1.0,1.0
2002-11-01,FCE,1.0,-2.0,False,False,1.0,1.0
2002-11-01,FESX,1.0,0.0,False,False,1.0,1.0
2002-11-01,FSMI,1.0,-1.0,False,False,1.0,1.0
2002-11-01,HTW,-1.0,18.0,False,False,1.0,1.0
2002-11-01,YAP,4.0,-6.0,False,False,4.0,4.0
2002-11-01,FGBS,-1.0,60.0,False,False,1.0,1.0
2002-11-01,SJB,8.0,24.0,False,False,8.0,8.0
2002-11-01,YXT,-21.0,0.0,False,False,21.0,21.0
2002-11-01,ZF,-1.0,20.0,False,False,1.0,1.0
2002-11-01,ZB,-1.0,10.0,False,False,1.0,1.0
2002-11-01,6C,39.0,30.0,False,False,39.0,39.0
2002-11-01,6S,6.0,14.0,False,False,6.0,6.0
2002-11-01,CL,5.0,8.0,False,False,5.0,5.0
2002-11-01,SI,35.0,35.0,False,False,35.0,35.0
2002-11-01,CC,-28.0,8.0,False,False,28.0,28.0
2002-11-01,GF,35.0,35.0,False,False,35.0,35.0
2002-11-01,HE,1.0,-15.0,False,False,1.0,1.0
2002-11-01,KC,16.0,7.0,False,False,16.0,16.0
2002-11-01,LE,44.0,1.0,False,False,44.0,44.0
2002-11-01,RS,-1.0,145.0,False,False,1.0,1.0
2002-11-01,SB,-1.0,57.0,False,False,1.0,1.0
2002-11-15,FCE,0.0,-2.0,True,True,4.0,4.0
2002-11-19,CC,0.0,8.0,True,True,16.0,16.0
2002-11-20,CL,0.0,8.0,True,True,16.0,16.0
2002-11-21,GF,0.0,35.0,True,True,70.0,70.0
2002-11-21,KC,0.0,7.0,True,True,14.0,14.0
2002-11-25,NG,0.0,2.0,True,True,4.0,4.0
2002-11-25,CT,0.0,23.0,True,True,46.0,46.0
2002-11-27,CGB,0.0,31.0,True,True,62.0,62.0
2002-11-27,GC,0.0,31.0,True,True,62.0,62.0
2002-11-27,HG,0.0,-39.0,True,True,78.0,78.0
2002-11-27,SI,0.0,35.0,True,True,70.0,70.0
2002-11-28,HTW,0.0,18.0,True,True,36.0,36.0
2002-11-28,LLG,0.0,7.0,True,True,14.0,14.0
2002-11-29,ZT,0.0,27.0,True,True,54.0,54.0
2002-11-29,ZF,0.0,20.0,True,True,40.0,40.0
2002-11-29,ZN,0.0,16.0,True,True,32.0,32.0
2002-11-29,ZB,0.0,10.0,True,True,20.0,20.0
2002-11-29,KE,0.0,17.0,True,True,34.0,34.0
2002-11-29,ZC,0.0,-24.0,True,True,48.0,48.0
2002-11-29,ZL,0.0,62.0,True,True,124.0,124.0
2002-11-29,ZM,0.0,32.0,True,True,64.0,64.0
2002-11-29,ZW,0.0,17.0,True,True,34.0,34.0
2002-12-02,ES,-5.0,-6.0,False,False,5.0,5.0
2002-12-02,FCE,2.0,0.0,False,False,2.0,2.0
2002-12-02,FDAX,-2.0,-4.0,False,False,2.0,2.0
2002-12-02,FESX,-10.0,-10.0,False,False,10.0,10.0
2002-12-02,FSMI,-1.0,-2.0,False,False,1.0,1.0
2002-12-02,HTW,-18.0,0.0,False,False,18.0,18.0
2002-12-02,LFT,-1.0,-4.0,False,False,1.0,1.0
2002-12-02,NQ,-9.0,-9.0,False,False,9.0,9.0
2002-12-02,SNK,-5.0,-12.0,False,False,5.0,5.0
2002-12-02,SXF,-5.0,-5.0,False,False,5.0,5.0
2002-12-02,YAP,4.0,-2.0,False,False,4.0,4.0
2002-12-02,CGB,-1.0,30.0,False,False,1.0,1.0
2002-12-02,FGBM,-1.0,29.0,False,False,1.0,1.0
2002-12-02,FGBS,28.0,88.0,False,False,28.0,28.0
2002-12-02,LLG,8.0,15.0,False,False,8.0,8.0
2002-12-02,SJB,-7.0,17.0,False,False,7.0,7.0
2002-12-02,YXT,25.0,25.0,False,False,25.0,25.0
2002-12-02,YYT,25.0,76.0,False,False,25.0,25.0
2002-12-02,ZT,-1.0,26.0,False,False,1.0,1.0
2002-12-02,ZN,-1.0,15.0,False,False,1.0,1.0
2002-12-02,6A,-1.0,25.0,False,False,1.0,1.0
2002-12-02,6E,6.0,16.0,False,False,6.0,6.0
2002-12-02,6J,17.0,17.0,False,False,17.0,17.0
2002-12-02,6M,1.0,-26.0,False,False,1.0,1.0
2002-12-02,6S,4.0,18.0,False,False,4.0,4.0
2002-12-02,BRN,12.0,12.0,False,False,12.0,12.0
2002-12-02,CL,11.0,19.0,False,False,11.0,11.0
2002-12-02,GC,10.0,41.0,False,False,10.0,10.0
2002-12-02,HG,87.0,48.0,False,False,87.0,87.0
2002-12-02,CC,4.0,12.0,False,False,4.0,4.0
2002-12-02,CT,-10.0,13.0,False,False,10.0,10.0
2002-12-02,GF,-16.0,19.0,False,False,16.0,16.0
2002-12-02,HE,-10.0,-25.0,False,False,10.0,10.0
2002-12-02,KC,7.0,14.0,False,False,7.0,7.0
2002-12-02,LE,7.0,8.0,False,False,7.0,7.0
2002-12-02,RS,-2.0,143.0,False,False,2.0,2.0
2002-12-02,ZC,15.0,-9.0,False,False,15.0,15.0
2002-12-02,ZL,-1.0,61.0,False,False,1.0,1.0
2002-12-02,ZM,-16.0,16.0,False,False,16.0,16.0
2002-12-02,ZS,9.0,30.0,False,False,9.0,9.0
2002-12-02,ZW,-1.0,16.0,False,False,1.0,1.0
2002-12-06,FGBL,0.0,24.0,True,True,48.0,48.0
2002-12-06,FGBM,0.0,29.0,True,True,58.0,58.0
2002-12-06,FGBS,0.0,88.0,True,True,176.0,176.0
2002-12-09,LE,0.0,8.0,True,True,16.0,16.0
2002-12-10,SJB,0.0,17.0,True,True,34.0,34.0
2002-12-12,SNK,0.0,-12.0,True,True,24.0,24.0
2002-12-13,HE,0.0,-25.0,True,True,50.0,50.0
2002-12-16,YXT,0.0,25.0,True,True,50.0,50.0
2002-12-16,YYT,0.0,76.0,True,True,152.0,152.0
2002-12-16,6A,0.0,25.0,True,True,50.0,50.0
2002-12-16,6B,0.0,17.0,True,True,34.0,34.0
2002-12-16,6E,0.0,16.0,True,True,32.0,32.0
2002-12-16,6J,0.0,17.0,True,True,34.0,34.0
2002-12-16,6M,0.0,-26.0,True,True,52.0,52.0
2002-12-16,6S,0.0,18.0,True,True,36.0,36.0
2002-12-17,6C,0.0,30.0,True,True,60.0,60.0
2002-12-18,SXF,0.0,-5.0,True,True,10.0,10.0
2002-12-19,ES,0.0,-6.0,True,True,12.0,12.0
2002-12-19,CL,0.0,19.0,True,True,38.0,38.0
2002-12-20,FDAX,0.0,-4.0,True,True,8.0,8.0
2002-12-20,FESX,0.0,-10.0,True,True,20.0,20.0
2002-12-20,FSMI,0.0,-2.0,True,True,4.0,4.0
2002-12-20,LFT,0.0,-4.0,True,True,8.0,8.0
2002-12-20,NQ,0.0,-9.0,True,True,18.0,18.0
2002-12-20,YAP,0.0,-2.0,True,True,4.0,4.0
2002-12-27,NG,0.0,2.0,True,True,4.0,4.0
2002-12-31,BRN,0.0,12.0,True,True,24.0,24.0
2002-12-31,RS,0.0,143.0,True,True,286.0,286.0
2002-12-31,ZL,0.0,61.0,True,True,122.0,122.0
2002-12-31,ZM,0.0,16.0,True,True,32.0,32.0
2002-12-31,ZS,0.0,30.0,True,True,60.0,60.0
2003-01-02,ES,-1.0,-7.0,False,False,1.0,1.0
2003-01-02,FESX,8.0,-2.0,False,False,8.0,8.0
2003-01-02,LFT,1.0,-3.0,False,False,1.0,1.0
2003-01-02,NQ,-1.0,-10.0,False,False,1.0,1.0
2003-01-02,SXF,-3.0,-8.0,False,False,3.0,3.0
2003-01-02,YAP,-10.0,-12.0,False,False,10.0,10.0
2003-01-02,CGB,22.0,52.0,False,False,22.0,22.0
2003-01-02,FGBL,2.0,26.0,False,False,2.0,2.0
2003-01-02,FGBM,22.0,51.0,False,False,22.0,22.0
2003-01-02,FGBS,41.0,129.0,False,False,41.0,41.0
2003-01-02,LLG,7.0,22.0,False,False,7.0,7.0
2003-01-02,YXT,13.0,38.0,False,False,13.0,13.0
2003-01-02,YYT,39.0,115.0,False,False,39.0,39.0
2003-01-02,ZT,22.0,48.0,False,False,22.0,22.0
2003-01-02,ZF,16.0,36.0,False,False,16.0,16.0
2003-01-02,ZN,10.0,25.0,False,False,10.0,10.0
2003-01-02,ZB,6.0,16.0,False,False,6.0,6.0
2003-01-02,6A,19.0,44.0,False,False,19.0,19.0
2003-01-02,6B,15.0,32.0,False,False,15.0,15.0
2003-01-02,6C,18.0,48.0,False,False,18.0,18.0
2003-01-02,6E,2.0,18.0,False,False,2.0,2.0
2003-01-02,6J,2.0,19.0,False,False,2.0,2.0
2003-01-02,6M,-17.0,-43.0,False,False,17.0,17.0
2003-01-02,6S,1.0,19.0,False,False,1.0,1.0
2003-01-02,BRN,6.0,18.0,False,False,6.0,6.0
2003-01-02,CL,2.0,21.0,False,False,2.0,2.0
2003-01-02,NG,6.0,8.0,False,False,6.0,6.0
2003-01-02,GC,3.0,44.0,False,False,3.0,3.0
2003-01-02,HG,-60.0,-12.0,False,False,60.0,60.0
2003-01-02,SI,-8.0,27.0,False,False,8.0,8.0
2003-01-02,CC,1.0,13.0,False,False,1.0,1.0
2003-01-02,CT,1.0,14.0,False,False,1.0,1.0
2003-01-02,GF,13.0,32.0,False,False,13.0,13.0
2003-01-02,HE,-2.0,-27.0,False,False,2.0,2.0
2003-01-02,KC,-29.0,-15.0,False,False,29.0,29.0
2003-01-02,KE,15.0,32.0,False,False,15.0,15.0
2003-01-02,LE,-8.0,0.0,False,False,8.0,8.0
2003-01-02,RS,-43.0,100.0,False,False,43.0,43.0
2003-01-02,SB,4.0,61.0,False,False,4.0,4.0
2003-01-02,ZC,5.0,-4.0,False,False,5.0,5.0
2003-01-02,ZL,4.0,65.0,False,False,4.0,4.0
2003-01-02,ZM,-16.0,0.0,False,False,16.0,16.0
2003-01-02,ZS,2.0,32.0,False,False,2.0,2.0
2003-01-02,ZW,-22.0,-6.0,False,False,22.0,22.0
2003-01-03,FSMI,2.0,0.0,False,False,2.0,2.0
2003-01-06,SNK,9.0,-3.0,False,False,9.0,9.0
2003-01-06,SJB,52.0,69.0,False,False,52.0,52.0
2003-01-21,CL,0.0,21.0,True,True,42.0,42.0
2003-01-29,NG,0.0,8.0,True,True,16.0,16.0
2003-01-30,GF,0.0,32.0,True,True,64.0,64.0
2003-01-31,BRN,0.0,18.0,True,True,36.0,36.0
2003-01-31,GC,0.0,44.0,True,True,88.0,88.0
2003-02-03,ES,2.0,-5.0,False,False,2.0,2.0
2003-02-03,FDAX,1.0,-3.0,False,False,1.0,1.0
2003-02-03,FESX,1.0,-1.0,False,False,1.0,1.0
2003-02-03,LFT,2.0,-1.0,False,False,2.0,2.0
2003-02-03,NQ,3.0,-7.0,False,False,3.0,3.0
2003-02-03,RTY,-40.0,-40.0,False,False,40.0,40.0
2003-02-03,SNK,3.0,0.0,False,False,3.0,3.0
2003-02-03,CGB,3.0,55.0,False,False,3.0,3.0
2003-02-03,FGBL,1.0,27.0,False,False,1.0,1.0
2003-02-03,FGBM,2.0,53.0,False,False,2.0,2.0
2003-02-03,FGBS,7.0,136.0,False,False,7.0,7.0
2003-02-03,LLG,1.0,23.0,False,False,1.0,1.0
2003-02-03,SJB,4.0,73.0,False,False,4.0,4.0
2003-02-03,YXT,-12.0,26.0,False,False,12.0,12.0
2003-02-03,YYT,-39.0,76.0,False,False,39.0,39.0
2003-02-03,ZT,3.0,51.0,False,False,3.0,3.0
2003-02-03,ZF,2.0,38.0,False,False,2.0,2.0
2003-02-03,ZN,1.0,26.0,False,False,1.0,1.0
2003-02-03,ZB,1.0,17.0,False,False,1.0,1.0
2003-02-03,6A,-12.0,32.0,False,False,12.0,12.0
2003-02-03,6B,-9.0,23.0,False,False,9.0,9.0
2003-02-03,6C,3.0,51.0,False,False,3.0,3.0
2003-02-03,6E,1.0,19.0,False,False,1.0,1.0
2003-02-03,6J,1.0,20.0,False,False,1.0,1.0
2003-02-03,6M,13.0,-30.0,False,False,13.0,13.0
2003-02-03,6S,2.0,21.0,False,False,2.0,2.0
2003-02-03,BRN,1.0,19.0,False,False,1.0,1.0
2003-02-03,CL,-5.0,16.0,False,False,5.0,5.0
2003-02-03,GAS,19.0,19.0,False,False,19.0,19.0
2003-02-03,HO,9.0,9.0,False,False,9.0,9.0
2003-02-03,NG,-2.0,6.0,False,False,2.0,2.0
2003-02-03,GC,-18.0,26.0,False,False,18.0,18.0
2003-02-03,HG,62.0,50.0,False,False,62.0,62.0
2003-02-03,SI,12.0,39.0,False,False,12.0,12.0
2003-02-03,CC,10.0,23.0,False,False,10.0,10.0
2003-02-03,CT,-6.0,8.0,False,False,6.0,6.0
2003-02-03,GF,-83.0,-51.0,False,False,83.0,83.0
2003-02-03,HE,-1.0,-28.0,False,False,1.0,1.0
2003-02-03,KC,28.0,13.0,False,False,28.0,28.0
2003-02-03,KE,2.0,34.0,False,False,2.0,2.0
2003-02-03,LE,21.0,21.0,False,False,21.0,21.0
2003-02-03,RS,5.0,105.0,False,False,5.0,5.0
2003-02-03,SB,3.0,64.0,False,False,3.0,3.0
2003-02-03,ZC,-2.0,-6.0,False,False,2.0,2.0
2003-02-03,ZL,4.0,69.0,False,False,4.0,4.0
2003-02-03,ZM,10.0,10.0,False,False,10.0,10.0
2003-02-03,ZS,2.0,34.0,False,False,2.0,2.0
2003-02-03,ZW,39.0,33.0,False,False,39.0,39.0
2003-02-10,LE,0.0,21.0,True,True,42.0,42.0
2003-02-12,GAS,0.0,19.0,True,True,38.0,38.0
2003-02-14,HE,0.0,-28.0,True,True,56.0,56.0
2003-02-19,CC,0.0,23.0,True,True,46.0,46.0
2003-02-20,CL,0.0,16.0,True,True,32.0,32.0
2003-02-20,KC,0.0,13.0,True,True,26.0,26.0
2003-02-24,CT,0.0,8.0,True,True,16.0,16.0
2003-02-26,CGB,0.0,55.0,True,True,110.0,110.0
2003-02-26,NG,0.0,6.0,True,True,12.0,12.0
2003-02-27,LLG,0.0,23.0,True,True,46.0,46.0
2003-02-28,ZT,0.0,51.0,True,True,102.0,102.0
2003-02-28,ZF,0.0,38.0,True,True,76.0,76.0
2003-02-28,ZN,0.0,26.0,True,True,52.0,52.0
2003-02-28,ZB,0.0,17.0,True,True,34.0,34.0
2003-02-28,BRN,0.0,19.0,True,True,38.0,38.0
2003-02-28,HO,0.0,9.0,True,True,18.0,18.0
2003-02-28,HG,0.0,50.0,True,True,100.0,100.0
2003-02-28,SI,0.0,39.0,True,True,78.0,78.0
2003-02-28,KE,0.0,34.0,True,True,68.0,68.0
2003-02-28,RS,0.0,105.0,True,True,210.0,210.0
2003-02-28,SB,0.0,64.0,True,True,128.0,128.0
2003-02-28,ZC,0.0,-6.0,True,True,12.0,12.0
2003-02-28,ZL,0.0,69.0,True,True,138.0,138.0
2003-02-28,ZM,0.0,10.0,True,True,20.0,20.0
2003-02-28,ZS,0.0,34.0,True,True,68.0,68.0
2003-02-28,ZW,0.0,33.0,True,True,66.0,66.0
2003-03-03,ES,-4.0,-9.0,False,False,4.0,4.0
2003-03-03,FESX,1.0,0.0,False,False,1.0,1.0
2003-03-03,LFT,-3.0,-4.0,False,False,3.0,3.0
2003-03-03,NQ,-10.0,-17.0,False,False,10.0,10.0
2003-03-03,RTY,-2.0,-42.0,False,False,2.0,2.0
2003-03-03,SNK,-18.0,-18.0,False,False,18.0,18.0
2003-03-03,SXF,-4.0,-12.0,False,False,4.0,4.0
2003-03-03,YAP,3.0,-9.0,False,False,3.0,3.0
2003-03-03,CGB,-18.0,37.0,False,False,18.0,18.0
2003-03-03,FGBL,-14.0,13.0,False,False,14.0,14.0
2003-03-03,FGBM,-32.0,21.0,False,False,32.0,32.0
2003-03-03,FGBS,-61.0,75.0,False,False,61.0,61.0
2003-03-03,LLG,-18.0,5.0,False,False,18.0,18.0
2003-03-03,SJB,-50.0,23.0,False,False,50.0,50.0
2003-03-03,YXT,1.0,27.0,False,False,1.0,1.0
2003-03-03,YYT,5.0,81.0,False,False,5.0,5.0
2003-03-03,ZT,-23.0,28.0,False,False,23.0,23.0
2003-03-03,ZF,-8.0,30.0,False,False,8.0,8.0
2003-03-03,ZN,-6.0,20.0,False,False,6.0,6.0
2003-03-03,ZB,-5.0,12.0,False,False,5.0,5.0
2003-03-03,6A,-10.0,22.0,False,False,10.0,10.0
2003-03-03,6B,-5.0,18.0,False,False,5.0,5.0
2003-03-03,6C,-18.0,33.0,False,False,18.0,18.0
2003-03-03,6E,-8.0,11.0,False,False,8.0,8.0
2003-03-03,6J,-10.0,10.0,False,False,10.0,10.0
2003-03-03,6M,13.0,-17.0,False,False,13.0,13.0
2003-03-03,6S,-8.0,13.0,False,False,8.0,8.0
2003-03-03,BRN,1.0,20.0,False,False,1.0,1.0
2003-03-03,CL,-4.0,12.0,False,False,4.0,4.0
2003-03-03,GAS,1.0,20.0,False,False,1.0,1.0
2003-03-03,HO,1.0,10.0,False,False,1.0,1.0
2003-03-03,NG,-5.0,1.0,False,False,5.0,5.0
2003-03-03,GC,-13.0,13.0,False,False,13.0,13.0
2003-03-03,HG,-16.0,34.0,False,False,16.0,16.0
2003-03-03,SI,-39.0,0.0,False,False,39.0,39.0
2003-03-03,CC,-12.0,11.0,False,False,12.0,12.0
2003-03-03,CT,-8.0,0.0,False,False,8.0,8.0
2003-03-03,GF,22.0,-29.0,False,False,22.0,22.0
2003-03-03,HE,-2.0,-30.0,False,False,2.0,2.0
2003-03-03,KC,-28.0,-15.0,False,False,28.0,28.0
2003-03-03,KE,2.0,36.0,False,False,2.0,2.0
2003-03-03,LE,1.0,22.0,False,False,1.0,1.0
2003-03-03,RS,-193.0,-88.0,False,False,193.0,193.0
2003-03-03,SB,-19.0,45.0,False,False,19.0,19.0
2003-03-03,ZC,6.0,0.0,False,False,6.0,6.0
2003-03-03,ZL,5.0,74.0,False,False,5.0,5.0
2003-03-03,ZM,1.0,11.0,False,False,1.0,1.0
2003-03-03,ZS,2.0,36.0,False,False,2.0,2.0
2003-03-03,ZW,3.0,36.0,False,False,3.0,3.0
2003-03-04,RS,-46.0,-134.0,False,False,46.0,46.0
2003-03-06,FGBL,0.0,13.0,True,True,26.0,26.0
2003-03-06,FGBM,0.0,21.0,True,True,42.0,42.0
2003-03-06,FGBS,0.0,75.0,True,True,150.0,150.0
2003-03-10,SJB,0.0,23.0,True,True,46.0,46.0
2003-03-12,GAS,0.0,20.0,True,True,40.0,40.0
2003-03-13,SNK,0.0,-18.0,True,True,36.0,36.0
2003-03-17,YXT,0.0,27.0,True,True,54.0,54.0
2003-03-17,YYT,0.0,81.0,True,True,162.0,162.0
2003-03-17,6A,0.0,22.0,True,True,44.0,44.0
2003-03-17,6B,0.0,18.0,True,True,36.0,36.0
2003-03-17,6E,0.0,11.0,True,True,22.0,22.0
2003-03-17,6J,0.0,10.0,True,True,20.0,20.0
2003-03-17,6M,0.0,-17.0,True,True,34.0,34.0
2003-03-17,6S,0.0,13.0,True,True,26.0,26.0
2003-03-18,6C,0.0,33.0,True,True,66.0,66.0
2003-03-19,SXF,0.0,-12.0,True,True,24.0,24.0
2003-03-20,ES,0.0,-9.0,True,True,18.0,18.0
2003-03-20,CL,0.0,12.0,True,True,24.0,24.0
2003-03-21,FDAX,0.0,-3.0,True,True,6.0,6.0
2003-03-21,LFT,0.0,-4.0,True,True,8.0,8.0
2003-03-21,NQ,0.0,-17.0,True,True,34.0,34.0
2003-03-21,RTY,0.0,-42.0,True,True,84.0,84.0
2003-03-27,NG,0.0,1.0,True,True,2.0,2.0
2003-03-27,GF,0.0,-29.0,True,True,58.0,58.0
2003-03-31,YAP,0.0,-9.0,True,True,18.0,18.0
2003-03-31,BRN,0.0,20.0,True,True,40.0,40.0
2003-03-31,HO,0.0,10.0,True,True,20.0,20.0
2003-03-31,GC,0.0,13.0,True,True,26.0,26.0
2003-04-01,ES,6.0,-3.0,False,False,6.0,6.0
2003-04-01,FDAX,3.0,0.0,False,False,3.0,3.0
2003-04-01,LFT,2.0,-2.0,False,False,2.0,2.0
2003-04-01,NQ,11.0,-6.0,False,False,11.0,11.0
2003-04-01,RTY,19.0,-23.0,False,False,19.0,19.0
2003-04-01,SNK,15.0,-3.0,False,False,15.0,15.0
2003-04-01,SXF,5.0,-7.0,False,False,5.0,5.0
2003-04-01,YAP,1.0,-8.0,False,False,1.0,1.0
2003-04-01,CGB,-20.0,17.0,False,False,20.0,20.0
2003-04-01,FGBL,-4.0,9.0,False,False,4.0,4.0
2003-04-01,FGBM,-9.0,12.0,False,False,9.0,9.0
2003-04-01,FGBS,-47.0,28.0,False,False,47.0,47.0
2003-04-01,LLG,-1.0,4.0,False,False,1.0,1.0
2003-04-01,SJB,-1.0,22.0,False,False,1.0,1.0
2003-04-01,YXT,-19.0,8.0,False,False,19.0,19.0
2003-04-01,YYT,-59.0,22.0,False,False,59.0,59.0
2003-04-01,ZT,-13.0,15.0,False,False,13.0,13.0
2003-04-01,ZF,-17.0,13.0,False,False,17.0,17.0
2003-04-01,ZN,-10.0,10.0,False,False,10.0,10.0
2003-04-01,ZB,-6.0,6.0,False,False,6.0,6.0
2003-04-01,6A,-11.0,11.0,False,False,11.0,11.0
2003-04-01,6B,-10.0,8.0,False,False,10.0,10.0
2003-04-01,6C,-16.0,17.0,False,False,16.0,16.0
2003-04-01,6E,-7.0,4.0,False,False,7.0,7.0
2003-04-01,6J,-3.0,7.0,False,False,3.0,3.0
2003-04-01,6M,1.0,-16.0,False,False,1.0,1.0
2003-04-01,6S,-7.0,6.0,False,False,7.0,7.0
2003-04-01,BRN,-16.0,4.0,False,False,16.0,16.0
2003-04-01,CL,-9.0,3.0,False,False,9.0,9.0
2003-04-01,GAS,-15.0,5.0,False,False,15.0,15.0
2003-04-01,HO,-6.0,4.0,False,False,6.0,6.0
2003-04-01,GC,-1.0,12.0,False,False,1.0,1.0
2003-04-01,HG,-42.0,-8.0,False,False,42.0,42.0
2003-04-01,CC,-1.0,10.0,False,False,1.0,1.0
2003-04-01,GF,41.0,12.0,False,False,41.0,41.0
2003-04-01,HE,30.0,0.0,False,False,30.0,30.0
2003-04-01,KC,1.0,-14.0,False,False,1.0,1.0
2003-04-01,KE,-14.0,22.0,False,False,14.0,14.0
2003-04-01,LE,-9.0,13.0,False,False,9.0,9.0
2003-04-01,RS,167.0,33.0,False,False,167.0,167.0
2003-04-01,SB,-18.0,27.0,False,False,18.0,18.0
2003-04-01,ZC,40.0,40.0,False,False,40.0,40.0
2003-04-01,ZL,-40.0,34.0,False,False,40.0,40.0
2003-04-01,ZM,-4.0,7.0,False,False,4.0,4.0
2003-04-01,ZS,-19.0,17.0,False,False,19.0,19.0
2003-04-01,ZW,-36.0,0.0,False,False,36.0,36.0
2003-04-07,LE,0.0,13.0,True,True,26.0,26.0
2003-04-10,GAS,0.0,5.0,True,True,10.0,10.0
2003-04-17,CC,0.0,10.0,True,True,20.0,20.0
2003-04-21,GF,0.0,12.0,True,True,24.0,24.0
2003-04-22,CL,0.0,3.0,True,True,6.0,6.0
2003-04-22,KC,0.0,-14.0,True,True,28.0,28.0
2003-04-28,NG,0.0,1.0,True,True,2.0,2.0
2003-04-30,BRN,0.0,4.0,True,True,8.0,8.0
2003-04-30,HO,0.0,4.0,True,True,8.0,8.0
2003-04-30,HG,0.0,-8.0,True,True,16.0,16.0
2003-04-30,KE,0.0,22.0,True,True,44.0,44.0
2003-04-30,RS,0.0,33.0,True,True,66.0,66.0
2003-04-30,SB,0.0,27.0,True,True,54.0,54.0
2003-04-30,ZC,0.0,40.0,True,True,80.0,80.0
2003-04-30,ZL,0.0,34.0,True,True,68.0,68.0
2003-04-30,ZM,0.0,7.0,True,True,14.0,14.0
2003-04-30,ZS,0.0,17.0,True,True,34.0,34.0
2003-05-01,EMD,-17.0,-17.0,False,False,17.0,17.0
2003-05-01,ES,1.0,-2.0,False,False,1.0,1.0
2003-05-01,LFT,2.0,0.0,False,False,2.0,2.0
2003-05-01,RTY,-17.0,-40.0,False,False,17.0,17.0
2003-05-01,SXF,-5.0,-12.0,False,False,5.0,5.0
2003-05-01,CGB,15.0,32.0,False,False,15.0,15.0
2003-05-01,LLG,1.0,5.0,False,False,1.0,1.0
2003-05-01,SJB,28.0,50.0,False,False,28.0,28.0
2003-05-01,YXT,9.0,17.0,False,False,9.0,9.0
2003-05-01,YYT,16.0,38.0,False,False,16.0,16.0
2003-05-01,ZT,16.0,31.0,False,False,16.0,16.0
2003-05-01,ZF,14.0,27.0,False,False,14.0,14.0
2003-05-01,ZN,10.0,20.0,False,False,10.0,10.0
2003-05-01,ZB,7.0,13.0,False,False,7.0,7.0
2003-05-01,6A,10.0,21.0,False,False,10.0,10.0
2003-05-01,6B,7.0,15.0,False,False,7.0,7.0
2003-05-01,6C,7.0,24.0,False,False,7.0,7.0
2003-05-01,6E,5.0,9.0,False,False,5.0,5.0
2003-05-01,6J,7.0,14.0,False,False,7.0,7.0
2003-05-01,6M,-12.0,-28.0,False,False,12.0,12.0
2003-05-01,6S,3.0,9.0,False,False,3.0,3.0
2003-05-01,BRN,4.0,8.0,False,False,4.0,4.0
2003-05-01,CL,5.0,8.0,False,False,5.0,5.0
2003-05-01,GAS,5.0,10.0,False,False,5.0,5.0
2003-05-01,HO,3.0,7.0,False,False,3.0,3.0
2003-05-01,NG,1.0,2.0,False,False,1.0,1.0
2003-05-01,GC,8.0,20.0,False,False,8.0,8.0
2003-05-01,HG,-13.0,-21.0,False,False,13.0,13.0
2003-05-01,CC,7.0,17.0,False,False,7.0,7.0
2003-05-01,CT,2.0,2.0,False,False,2.0,2.0
2003-05-01,HE,16.0,16.0,False,False,16.0,16.0
2003-05-01,KC,30.0,16.0,False,False,30.0,30.0
2003-05-01,KE,21.0,43.0,False,False,21.0,21.0
2003-05-01,LE,23.0,36.0,False,False,23.0,23.0
2003-05-01,SB,18.0,45.0,False,False,18.0,18.0
2003-05-01,ZC,-40.0,0.0,False,False,40.0,40.0
2003-05-01,ZL,24.0,58.0,False,False,24.0,24.0
2003-05-01,ZM,4.0,11.0,False,False,4.0,4.0
2003-05-01,ZS,8.0,25.0,False,False,8.0,8.0
2003-05-02,FGBL,6.0,15.0,False,False,6.0,6.0
2003-05-02,FGBM,9.0,21.0,False,False,9.0,9.0
2003-05-02,FGBS,19.0,47.0,False,False,19.0,19.0
2003-05-12,GAS,0.0,10.0,True,True,20.0,20.0
2003-05-20,CL,0.0,8.0,True,True,16.0,16.0
2003-05-23,GF,0.0,12.0,True,True,24.0,24.0
2003-05-28,CGB,0.0,32.0,True,True,64.0,64.0
2003-05-28,NG,0.0,2.0,True,True,4.0,4.0
2003-05-29,LLG,0.0,5.0,True,True,10.0,10.0
2003-05-30,ZT,0.0,31.0,True,True,62.0,62.0
2003-05-30,ZF,0.0,27.0,True,True,54.0,54.0
2003-05-30,ZN,0.0,20.0,True,True,40.0,40.0
2003-05-30,ZB,0.0,13.0,True,True,26.0,26.0
2003-05-30,BRN,0.0,8.0,True,True,16.0,16.0
2003-05-30,HO,0.0,7.0,True,True,14.0,14.0
2003-05-30,GC,0.0,20.0,True,True,40.0,40.0
2003-06-02,ES,-7.0,-9.0,False,False,7.0,7.0
2003-06-02,FDAX,-3.0,-3.0,False,False,3.0,3.0
2003-06-02,FESX,-4.0,-4.0,False,False,4.0,4.0
2003-06-02,LFT,-2.0,-2.0,False,False,2.0,2.0
2003-06-02,NQ,32.0,26.0,False,False,32.0,32.0
2003-06-02,RTY,-2.0,-42.0,False,False,2.0,2.0
2003-06-02,SXF,-14.0,-26.0,False,False,14.0,14.0
2003-06-02,YAP,8.0,0.0,False,False,8.0,8.0
2003-06-02,CGB,-17.0,15.0,False,False,17.0,17.0
2003-06-02,FGBS,1.0,48.0,False,False,1.0,1.0
2003-06-02,LLG,-3.0,2.0,False,False,3.0,3.0
2003-06-02,SJB,-50.0,0.0,False,False,50.0,50.0
2003-06-02,YXT,9.0,26.0,False,False,9.0,9.0
2003-06-02,YYT,20.0,58.0,False,False,20.0,20.0
2003-06-02,ZT,-13.0,18.0,False,False,13.0,13.0
2003-06-02,ZF,-6.0,21.0,False,False,6.0,6.0
2003-06-02,ZN,-5.0,15.0,False,False,5.0,5.0
2003-06-02,6A,1.0,22.0,False,False,1.0,1.0
2003-06-02,6C,-7.0,17.0,False,False,7.0,7.0
2003-06-02,6J,-4.0,10.0,False,False,4.0,4.0
2003-06-02,6M,48.0,20.0,False,False,48.0,48.0
2003-06-02,BRN,8.0,16.0,False,False,8.0,8.0
2003-06-02,CL,5.0,13.0,False,False,5.0,5.0
2003-06-02,GAS,6.0,16.0,False,False,6.0,6.0
2003-06-02,HO,3.0,10.0,False,False,3.0,3.0
2003-06-02,NG,2.0,4.0,False,False,2.0,2.0
2003-06-02,GC,1.0,21.0,False,False,1.0,1.0
2003-06-02,HG,-1.0,-22.0,False,False,1.0,1.0
2003-06-02,CT,-26.0,-24.0,False,False,26.0,26.0
2003-06-02,GF,-7.0,5.0,False,False,7.0,7.0
2003-06-02,HE,11.0,27.0,False,False,11.0,11.0
2003-06-02,KC,-34.0,-18.0,False,False,34.0,34.0
2003-06-02,KE,-13.0,30.0,False,False,13.0,13.0
2003-06-02,LE,1.0,37.0,False,False,1.0,1.0
2003-06-02,RS,-201.0,-168.0,False,False,201.0,201.0
2003-06-02,SB,2.0,47.0,False,False,2.0,2.0
2003-06-02,ZC,68.0,68.0,False,False,68.0,68.0
2003-06-02,ZL,3.0,61.0,False,False,3.0,3.0
2003-06-02,ZS,2.0,27.0,False,False,2.0,2.0
2003-06-02,ZW,31.0,31.0,False,False,31.0,31.0
2003-06-06,FGBL,0.0,15.0,True,True,30.0,30.0
2003-06-06,FGBM,0.0,21.0,True,True,42.0,42.0
2003-06-06,FGBS,0.0,48.0,True,True,96.0,96.0
2003-06-09,LE,0.0,37.0,True,True,74.0,74.0
2003-06-12,SNK,0.0,-3.0,True,True,6.0,6.0
2003-06-12,GAS,0.0,16.0,True,True,32.0,32.0
2003-06-13,HE,0.0,27.0,True,True,54.0,54.0
2003-06-16,YXT,0.0,26.0,True,True,52.0,52.0
2003-06-16,YYT,0.0,58.0,True,True,116.0,116.0
2003-06-16,6A,0.0,22.0,True,True,44.0,44.0
2003-06-16,6B,0.0,15.0,True,True,30.0,30.0
2003-06-16,6E,0.0,9.0,True,True,18.0,18.0
2003-06-16,6J,0.0,10.0,True,True,20.0,20.0
2003-06-16,6M,0.0,20.0,True,True,40.0,40.0
2003-06-16,6S,0.0,9.0,True,True,18.0,18.0
2003-06-17,6C,0.0,17.0,True,True,34.0,34.0
2003-06-17,CC,0.0,17.0,True,True,34.0,34.0
2003-06-18,SXF,0.0,-26.0,True,True,52.0,52.0
2003-06-19,ES,0.0,-9.0,True,True,18.0,18.0
2003-06-20,EMD,0.0,-17.0,True,True,34.0,34.0
2003-06-20,FDAX,0.0,-3.0,True,True,6.0,6.0
2003-06-20,FESX,0.0,-4.0,True,True,8.0,8.0
2003-06-20,LFT,0.0,-2.0,True,True,4.0,4.0
2003-06-20,NQ,0.0,26.0,True,True,52.0,52.0
2003-06-20,RTY,0.0,-42.0,True,True,84.0,84.0
2003-06-20,CL,0.0,13.0,True,True,26.0,26.0
2003-06-20,KC,0.0,-18.0,True,True,36.0,36.0
2003-06-24,CT,0.0,-24.0,True,True,48.0,48.0
2003-06-26,NG,0.0,4.0,True,True,8.0,8.0
2003-06-30,BRN,0.0,16.0,True,True,32.0,32.0
2003-06-30,HO,0.0,10.0,True,True,20.0,20.0
2003-06-30,HG,0.0,-22.0,True,True,44.0,44.0
2003-06-30,KE,0.0,30.0,True,True,60.0,60.0
2003-06-30,RS,0.0,-168.0,True,True,336.0,336.0
2003-06-30,SB,0.0,47.0,True,True,94.0,94.0
2003-06-30,ZC,0.0,68.0,True,True,136.0,136.0
2003-06-30,ZL,0.0,61.0,True,True,122.0,122.0
2003-06-30,ZM,0.0,11.0,True,True,22.0,22.0
2003-06-30,ZS,0.0,27.0,True,True,54.0,54.0
2003-06-30,ZW,0.0,31.0,True,True,62.0,62.0
2003-07-01,EMD,35.0,18.0,False,False,35.0,35.0
2003-07-01,ES,26.0,17.0,False,False,26.0,26.0
2003-07-01,FDAX,3.0,0.0,False,False,3.0,3.0
2003-07-01,FESX,4.0,0.0,False,False,4.0,4.0
2003-07-01,LFT,2.0,0.0,False,False,2.0,2.0
2003-07-01,RTY,75.0,33.0,False,False,75.0,75.0
2003-07-01,SNK,1.0,-2.0,False,False,1.0,1.0
2003-07-01,YM,18.0,18.0,False,False,18.0,18.0
2003-07-01,FGBL,-4.0,11.0,False,False,4.0,4.0
2003-07-01,FGBM,-5.0,16.0,False,False,5.0,5.0
2003-07-01,FGBS,-1.0,47.0,False,False,1.0,1.0
2003-07-01,SJB,18.0,18.0,False,False,18.0,18.0
2003-07-01,YXT,-11.0,15.0,False,False,11.0,11.0
2003-07-01,YYT,-31.0,27.0,False,False,31.0,31.0
2003-07-01,ZF,-1.0,20.0,False,False,1.0,1.0
2003-07-01,ZB,-5.0,8.0,False,False,5.0,5.0
2003-07-01,6J,-15.0,-5.0,False,False,15.0,15.0
2003-07-01,6M,-11.0,9.0,False,False,11.0,11.0
2003-07-01,CL,-1.0,12.0,False,False,1.0,1.0
2003-07-01,GAS,-1.0,15.0,False,False,1.0,1.0
2003-07-01,CC,-17.0,0.0,False,False,17.0,17.0
2003-07-01,CT,1.0,-23.0,False,False,1.0,1.0
2003-07-01,GF,4.0,9.0,False,False,4.0,4.0
2003-07-01,HE,-1.0,26.0,False,False,1.0,1.0
2003-07-01,KC,5.0,-13.0,False,False,5.0,5.0
2003-07-01,KE,-30.0,0.0,False,False,30.0,30.0
2003-07-01,SB,-27.0,20.0,False,False,27.0,27.0
2003-07-01,ZC,-68.0,0.0,False,False,68.0,68.0
2003-07-01,ZL,-2.0,59.0,False,False,2.0,2.0
2003-07-01,ZS,-1.0,26.0,False,False,1.0,1.0
2003-07-01,ZW,-31.0,0.0,False,False,31.0,31.0
2003-07-02,SXF,44.0,18.0,False,False,44.0,44.0
2003-07-02,CGB,-1.0,14.0,False,False,1.0,1.0
2003-07-02,RS,3.0,-165.0,False,False,3.0,3.0
2003-07-10,GAS,0.0,15.0,True,True,30.0,30.0
2003-07-15,HE,0.0,26.0,True,True,52.0,52.0
2003-07-22,CL,0.0,12.0,True,True,24.0,24.0
2003-07-29,NG,0.0,4.0,True,True,8.0,8.0
2003-07-31,BRN,0.0,16.0,True,True,32.0,32.0
2003-07-31,HO,0.0,10.0,True,True,20.0,20.0
2003-07-31,GC,0.0,21.0,True,True,42.0,42.0
2003-07-31,ZL,0.0,59.0,True,True,118.0,118.0
2003-07-31,ZM,0.0,11.0,True,True,22.0,22.0
2003-07-31,ZS,0.0,26.0,True,True,52.0,52.0
2003-08-01,EMD,-1.0,17.0,False,False,1.0,1.0
2003-08-01,ES,-1.0,16.0,False,False,1.0,1.0
2003-08-01,HTW,26.0,26.0,False,False,26.0,26.0
2003-08-01,NKD,14.0,14.0,False,False,14.0,14.0
2003-08-01,NQ,-1.0,25.0,False,False,1.0,1.0
2003-08-01,RTY,-1.0,32.0,False,False,1.0,1.0
2003-08-01,SNK,-3.0,-5.0,False,False,3.0,3.0
2003-08-01,SXF,8.0,26.0,False,False,8.0,8.0
2003-08-01,FGBL,-1.0,10.0,False,False,1.0,1.0
2003-08-01,FGBM,-1.0,15.0,False,False,1.0,1.0
2003-08-01,FGBS,14.0,61.0,False,False,14.0,14.0
2003-08-01,LLG,-2.0,0.0,False,False,2.0,2.0
2003-08-01,SJB,-1.0,17.0,False,False,1.0,1.0
2003-08-01,YXT,-1.0,14.0,False,False,1.0,1.0
2003-08-01,YYT,-1.0,26.0,False,False,1.0,1.0
2003-08-01,ZT,-1.0,17.0,False,False,1.0,1.0
2003-08-01,ZN,-1.0,14.0,False,False,1.0,1.0
2003-08-01,6A,-9.0,13.0,False,False,9.0,9.0
2003-08-01,6C,-1.0,16.0,False,False,1.0,1.0
2003-08-01,6M,3.0,12.0,False,False,3.0,3.0
2003-08-01,BRN,-1.0,15.0,False,False,1.0,1.0
2003-08-01,CL,5.0,17.0,False,False,5.0,5.0
2003-08-01,GAS,6.0,21.0,False,False,6.0,6.0
2003-08-01,HO,4.0,14.0,False,False,4.0,4.0
2003-08-01,NG,2.0,6.0,False,False,2.0,2.0
2003-08-01,GC,-1.0,20.0,False,False,1.0,1.0
2003-08-01,HG,66.0,44.0,False,False,66.0,66.0
2003-08-01,SI,26.0,26.0,False,False,26.0,26.0
2003-08-01,CC,-2.0,-2.0,False,False,2.0,2.0
2003-08-01,GF,-1.0,8.0,False,False,1.0,1.0
2003-08-01,HE,-1.0,25.0,False,False,1.0,1.0
2003-08-01,KC,17.0,4.0,False,False,17.0,17.0
2003-08-01,LE,-2.0,35.0,False,False,2.0,2.0
2003-08-01,RS,6.0,-159.0,False,False,6.0,6.0
2003-08-01,SB,19.0,39.0,False,False,19.0,19.0
2003-08-01,ZL,-59.0,0.0,False,False,59.0,59.0
2003-08-01,ZM,-53.0,-42.0,False,False,53.0,53.0
2003-08-01,ZS,-26.0,0.0,False,False,26.0,26.0
2003-08-04,LE,0.0,35.0,True,True,70.0,70.0
2003-08-12,GAS,0.0,21.0,True,True,42.0,42.0
2003-08-14,HE,0.0,25.0,True,True,50.0,50.0
2003-08-18,CC,0.0,-2.0,True,True,4.0,4.0
2003-08-20,CL,0.0,17.0,True,True,34.0,34.0
2003-08-21,KC,0.0,4.0,True,True,8.0,8.0
2003-08-27,CGB,0.0,14.0,True,True,28.0,28.0
2003-08-27,NG,0.0,6.0,True,True,12.0,12.0
2003-08-28,HTW,0.0,26.0,True,True,52.0,52.0
2003-08-28,GF,0.0,8.0,True,True,16.0,16.0
2003-08-29,ZT,0.0,17.0,True,True,34.0,34.0
2003-08-29,ZF,0.0,20.0,True,True,40.0,40.0
2003-08-29,ZN,0.0,14.0,True,True,28.0,28.0
2003-08-29,ZB,0.0,8.0,True,True,16.0,16.0
2003-08-29,BRN,0.0,15.0,True,True,30.0,30.0
2003-08-29,HO,0.0,14.0,True,True,28.0,28.0
2003-08-29,HG,0.0,44.0,True,True,88.0,88.0
2003-08-29,SI,0.0,26.0,True,True,52.0,52.0
2003-08-29,ZM,0.0,-42.0,True,True,84.0,84.0
2003-09-01,FDAX,-1.0,-1.0,False,False,1.0,1.0
2003-09-01,FSMI,-7.0,-7.0,False,False,7.0,7.0
2003-09-01,SNK,30.0,25.0,False,False,30.0,30.0
2003-09-01,YAP,43.0,43.0,False,False,43.0,43.0
2003-09-01,FGBM,-13.0,2.0,False,False,13.0,13.0
2003-09-01,LLG,17.0,17.0,False,False,17.0,17.0
2003-09-01,SJB,-44.0,-27.0,False,False,44.0,44.0
2003-09-01,YXT,15.0,29.0,False,False,15.0,15.0
2003-09-01,YYT,28.0,54.0,False,False,28.0,28.0
2003-09-01,BRN,9.0,24.0,False,False,9.0,9.0
2003-09-01,GAS,7.0,28.0,False,False,7.0,7.0
2003-09-02,EMD,12.0,29.0,False,False,12.0,12.0
2003-09-02,ES,14.0,30.0,False,False,14.0,14.0
2003-09-02,NKD,6.0,20.0,False,False,6.0,6.0
2003-09-02,SXF,1.0,27.0,False,False,1.0,1.0
2003-09-02,YM,16.0,34.0,False,False,16.0,16.0
2003-09-02,CGB,7.0,21.0,False,False,7.0,7.0
2003-09-02,ZT,13.0,30.0,False,False,13.0,13.0
2003-09-02,ZF,7.0,27.0,False,False,7.0,7.0
2003-09-02,6A,10.0,23.0,False,False,10.0,10.0
2003-09-02,6B,10.0,25.0,False,False,10.0,10.0
2003-09-02,6C,9.0,25.0,False,False,9.0,9.0
2003-09-02,6E,5.0,14.0,False,False,5.0,5.0
2003-09-02,6J,31.0,26.0,False,False,31.0,31.0
2003-09-02,6M,-36.0,-24.0,False,False,36.0,36.0
2003-09-02,6S,-3.0,6.0,False,False,3.0,3.0
2003-09-02,GC,7.0,27.0,False,False,7.0,7.0
2003-09-02,CC,2.0,0.0,False,False,2.0,2.0
2003-09-02,CT,-8.0,-31.0,False,False,8.0,8.0
2003-09-02,HE,-7.0,18.0,False,False,7.0,7.0
2003-09-02,KC,-23.0,-19.0,False,False,23.0,23.0
2003-09-02,KE,-4.0,-4.0,False,False,4.0,4.0
2003-09-02,LE,1.0,36.0,False,False,1.0,1.0
2003-09-02,RS,-96.0,-255.0,False,False,96.0,96.0
2003-09-02,SB,1.0,40.0,False,False,1.0,1.0
2003-09-02,ZM,59.0,17.0,False,False,59.0,59.0
2003-09-02,ZS,12.0,12.0,False,False,12.0,12.0
2003-09-02,ZW,-5.0,-5.0,False,False,5.0,5.0
2003-09-08,FGBL,0.0,10.0,True,True,20.0,20.0
2003-09-08,FGBM,0.0,2.0,True,True,4.0,4.0
2003-09-08,FGBS,0.0,61.0,True,True,122.0,122.0
2003-09-09,SJB,0.0,-27.0,True,True,54.0,54.0
2003-09-11,NKD,0.0,20.0,True,True,40.0,40.0
2003-09-11,SNK,0.0,25.0,True,True,50.0,50.0
2003-09-11,GAS,0.0,28.0,True,True,56.0,56.0
2003-09-15,YXT,0.0,29.0,True,True,58.0,58.0
2003-09-15,YYT,0.0,54.0,True,True,108.0,108.0
2003-09-15,6A,0.0,23.0,True,True,46.0,46.0
2003-09-15,6B,0.0,25.0,True,True,50.0,50.0
2003-09-15,6E,0.0,14.0,True,True,28.0,28.0
2003-09-15,6J,0.0,26.0,True,True,52.0,52.0
2003-09-15,6M,0.0,-24.0,True,True,48.0,48.0
2003-09-15,6S,0.0,6.0,True,True,12.0,12.0
2003-09-16,6C,0.0,25.0,True,True,50.0,50.0
2003-09-17,SXF,0.0,27.0,True,True,54.0,54.0
2003-09-18,ES,0.0,30.0,True,True,60.0,60.0
2003-09-18,YAP,0.0,43.0,True,True,86.0,86.0
2003-09-18,YM,0.0,34.0,True,True,68.0,68.0
2003-09-19,EMD,0.0,29.0,True,True,58.0,58.0
2003-09-19,FDAX,0.0,-1.0,True,True,2.0,2.0
2003-09-19,FSMI,0.0,-7.0,True,True,14.0,14.0
2003-09-19,NQ,0.0,25.0,True,True,50.0,50.0
2003-09-19,RTY,0.0,32.0,True,True,64.0,64.0
2003-09-22,CL,0.0,17.0,True,True,34.0,34.0
2003-09-25,GF,0.0,8.0,True,True,16.0,16.0
2003-09-26,NG,0.0,6.0,True,True,12.0,12.0
2003-09-29,HTW,0.0,26.0,True,True,52.0,52.0
2003-09-30,BRN,0.0,24.0,True,True,48.0,48.0
2003-09-30,HO,0.0,14.0,True,True,28.0,28.0
2003-09-30,SB,0.0,40.0,True,True,80.0,80.0
2003-09-30,ZM,0.0,17.0,True,True,34.0,34.0
2003-10-01,EMD,1.0,30.0,False,False,1.0,1.0
2003-10-01,ES,1.0,31.0,False,False,1.0,1.0
2003-10-01,FCE,32.0,32.0,False,False,32.0,32.0
2003-10-01,FDAX,10.0,9.0,False,False,10.0,10.0
2003-10-01,FESX,36.0,36.0,False,False,36.0,36.0
2003-10-01,FSMI,42.0,35.0,False,False,42.0,42.0
2003-10-01,HTW,20.0,46.0,False,False,20.0,20.0
2003-10-01,LFT,25.0,25.0,False,False,25.0,25.0
2003-10-01,NKD,-7.0,13.0,False,False,7.0,7.0
2003-10-01,NQ,1.0,26.0,False,False,1.0,1.0
2003-10-01,RTY,1.0,33.0,False,False,1.0,1.0
2003-10-01,SNK,-6.0,19.0,False,False,6.0,6.0
2003-10-01,SXF,1.0,28.0,False,False,1.0,1.0
2003-10-01,YAP,2.0,45.0,False,False,2.0,2.0
2003-10-01,YM,1.0,35.0,False,False,1.0,1.0
2003-10-01,CGB,1.0,22.0,False,False,1.0,1.0
2003-10-01,FGBL,17.0,27.0,False,False,17.0,17.0
2003-10-01,FGBM,23.0,25.0,False,False,23.0,23.0
2003-10-01,FGBS,37.0,98.0,False,False,37.0,37.0
2003-10-01,LLG,1.0,18.0,False,False,1.0,1.0
2003-10-01,SJB,-1.0,-28.0,False,False,1.0,1.0
2003-10-01,YXT,1.0,30.0,False,False,1.0,1.0
2003-10-01,YYT,-14.0,40.0,False,False,14.0,14.0
2003-10-01,ZT,1.0,31.0,False,False,1.0,1.0
2003-10-01,ZF,1.0,28.0,False,False,1.0,1.0
2003-10-01,ZN,1.0,15.0,False,False,1.0,1.0
2003-10-01,ZB,4.0,12.0,False,False,4.0,4.0
2003-10-01,6B,1.0,26.0,False,False,1.0,1.0
2003-10-01,6C,11.0,36.0,False,False,11.0,11.0
2003-10-01,6E,1.0,15.0,False,False,1.0,1.0
2003-10-01,6M,-22.0,-46.0,False,False,22.0,22.0
2003-10-01,6S,7.0,13.0,False,False,7.0,7.0
2003-10-01,BRN,1.0,25.0,False,False,1.0,1.0
2003-10-01,CL,7.0,24.0,False,False,7.0,7.0
2003-10-01,GAS,1.0,29.0,False,False,1.0,1.0
2003-10-01,HO,6.0,20.0,False,False,6.0,6.0
2003-10-01,NG,4.0,10.0,False,False,4.0,4.0
2003-10-01,GC,13.0,40.0,False,False,13.0,13.0
2003-10-01,HG,23.0,67.0,False,False,23.0,23.0
2003-10-01,SI,1.0,27.0,False,False,1.0,1.0
2003-10-01,CT,35.0,4.0,False,False,35.0,35.0
2003-10-01,GF,17.0,25.0,False,False,17.0,17.0
2003-10-01,HE,15.0,33.0,False,False,15.0,15.0
2003-10-01,KC,-1.0,-20.0,False,False,1.0,1.0
2003-10-01,KE,4.0,0.0,False,False,4.0,4.0
2003-10-01,LE,1.0,37.0,False,False,1.0,1.0
2003-10-01,RS,-8.0,-263.0,False,False,8.0,8.0
2003-10-01,SB,-40.0,0.0,False,False,40.0,40.0
2003-10-01,ZL,74.0,74.0,False,False,74.0,74.0
2003-10-01,ZM,12.0,29.0,False,False,12.0,12.0
2003-10-01,ZS,1.0,13.0,False,False,1.0,1.0
2003-10-06,LE,0.0,37.0,True,True,74.0,74.0
2003-10-10,GAS,0.0,29.0,True,True,58.0,58.0
2003-10-15,HE,0.0,33.0,True,True,66.0,66.0
2003-10-17,FCE,0.0,32.0,True,True,64.0,64.0
2003-10-21,CL,0.0,24.0,True,True,48.0,48.0
2003-10-29,NG,0.0,10.0,True,True,20.0,20.0
2003-10-30,HTW,0.0,46.0,True,True,92.0,92.0
2003-10-30,GF,0.0,25.0,True,True,50.0,50.0
2003-10-31,BRN,0.0,25.0,True,True,50.0,50.0
2003-10-31,HO,0.0,20.0,True,True,40.0,40.0
2003-10-31,RS,0.0,-263.0,True,True,526.0,526.0
2003-10-31,ZS,0.0,13.0,True,True,26.0,26.0
2003-11-03,EMD,-6.0,24.0,False,False,6.0,6.0
2003-11-03,ES,2.0,33.0,False,False,2.0,2.0
2003-11-03,FCE,2.0,34.0,False,False,2.0,2.0
2003-11-03,FDAX,1.0,10.0,False,False,1.0,1.0
2003-11-03,FESX,-8.0,28.0,False,False,8.0,8.0
2003-11-03,FSMI,3.0,38.0,False,False,3.0,3.0
2003-11-03,HTW,-10.0,36.0,False,False,10.0,10.0
2003-11-03,LFT,-5.0,20.0,False,False,5.0,5.0
2003-11-03,NKD,-4.0,9.0,False,False,4.0,4.0
2003-11-03,NQ,2.0,28.0,False,False,2.0,2.0
2003-11-03,RTY,2.0,35.0,False,False,2.0,2.0
2003-11-03,SXF,1.0,29.0,False,False,1.0,1.0
2003-11-03,YAP,3.0,48.0,False,False,3.0,3.0
2003-11-03,YM,3.0,38.0,False,False,3.0,3.0
2003-11-03,CGB,-5.0,17.0,False,False,5.0,5.0
2003-11-03,FGBL,1.0,28.0,False,False,1.0,1.0
2003-11-03,FGBM,2.0,27.0,False,False,2.0,2.0
2003-11-03,FGBS,-21.0,77.0,False,False,21.0,21.0
2003-11-03,LLG,-25.0,-7.0,False,False,25.0,25.0
2003-11-03,YXT,-59.0,-29.0,False,False,59.0,59.0
2003-11-03,YYT,-132.0,-92.0,False,False,132.0,132.0
2003-11-03,ZT,-6.0,25.0,False,False,6.0,6.0
2003-11-03,ZF,2.0,30.0,False,False,2.0,2.0
2003-11-03,ZN,1.0,16.0,False,False,1.0,1.0
2003-11-03,ZB,1.0,13.0,False,False,1.0,1.0
2003-11-03,6A,2.0,25.0,False,False,2.0,2.0
2003-11-03,6B,1.0,27.0,False,False,1.0,1.0
2003-11-03,6C,2.0,38.0,False,False,2.0,2.0
2003-11-03,6E,-4.0,11.0,False,False,4.0,4.0
2003-11-03,6J,-10.0,16.0,False,False,10.0,10.0
2003-11-03,6M,-2.0,-48.0,False,False,2.0,2.0
2003-11-03,6S,-7.0,6.0,False,False,7.0,7.0
2003-11-03,BRN,2.0,27.0,False,False,2.0,2.0
2003-11-03,CL,2.0,26.0,False,False,2.0,2.0
2003-11-03,GAS,-12.0,17.0,False,False,12.0,12.0
2003-11-03,HO,1.0,21.0,False,False,1.0,1.0
2003-11-03,NG,-3.0,7.0,False,False,3.0,3.0
2003-11-03,GC,-11.0,29.0,False,False,11.0,11.0
2003-11-03,HG,-25.0,42.0,False,False,25.0,25.0
2003-11-03,SI,2.0,29.0,False,False,2.0,2.0
2003-11-03,CT,-3.0,1.0,False,False,3.0,3.0
2003-11-03,GF,2.0,27.0,False,False,2.0,2.0
2003-11-03,HE,-62.0,-29.0,False,False,62.0,62.0
2003-11-03,KC,-1.0,-21.0,False,False,1.0,1.0
2003-11-03,LE,-17.0,20.0,False,False,17.0,17.0
2003-11-03,RS,115.0,-148.0,False,False,115.0,115.0
2003-11-03,SB,-92.0,-92.0,False,False,92.0,92.0
2003-11-03,ZL,-32.0,42.0,False,False,32.0,32.0
2003-11-03,ZM,-11.0,18.0,False,False,11.0,11.0
2003-11-03,ZW,-4.0,-9.0,False,False,4.0,4.0
2003-11-04,SNK,-8.0,11.0,False,False,8.0,8.0
2003-11-04,SJB,-2.0,-30.0,False,False,2.0,2.0
2003-11-12,GAS,0.0,17.0,True,True,34.0,34.0
2003-11-20,CL,0.0,26.0,True,True,52.0,52.0
2003-11-20,GF,0.0,27.0,True,True,54.0,54.0
2003-11-20,KC,0.0,-21.0,True,True,42.0,42.0
2003-11-21,FCE,0.0,34.0,True,True,68.0,68.0
2003-11-24,NG,0.0,7.0,True,True,14.0,14.0
2003-11-24,CT,0.0,1.0,True,True,2.0,2.0
2003-11-26,CGB,0.0,17.0,True,True,34.0,34.0
2003-11-26,HO,0.0,21.0,True,True,42.0,42.0
2003-11-26,GC,0.0,29.0,True,True,58.0,58.0
2003-11-26,HG,0.0,42.0,True,True,84.0,84.0
2003-11-26,SI,0.0,29.0,True,True,58.0,58.0
2003-11-27,HTW,0.0,36.0,True,True,72.0,72.0
2003-11-27,LLG,0.0,-7.0,True,True,14.0,14.0
2003-11-28,ZT,0.0,25.0,True,True,50.0,50.0
2003-11-28,ZF,0.0,30.0,True,True,60.0,60.0
2003-11-28,ZN,0.0,16.0,True,True,32.0,32.0
2003-11-28,ZB,0.0,13.0,True,True,26.0,26.0
2003-11-28,BRN,0.0,27.0,True,True,54.0,54.0
2003-11-28,ZL,0.0,42.0,True,True,84.0,84.0
2003-11-28,ZM,0.0,18.0,True,True,36.0,36.0
2003-11-28,ZW,0.0,-9.0,True,True,18.0,18.0
2003-12-01,ES,1.0,34.0,False,False,1.0,1.0
2003-12-01,FCE,-10.0,24.0,False,False,10.0,10.0
2003-12-01,FDAX,-4.0,6.0,False,False,4.0,4.0
2003-12-01,FESX,1.0,29.0,False,False,1.0,1.0
2003-12-01,FSMI,-17.0,21.0,False,False,17.0,17.0
2003-12-01,HTW,-10.0,26.0,False,False,10.0,10.0
2003-12-01,NKD,1.0,10.0,False,False,1.0,1.0
2003-12-01,RTY,1.0,36.0,False,False,1.0,1.0
2003-12-01,SNK,-2.0,9.0,False,False,2.0,2.0
2003-12-01,SXF,-7.0,22.0,False,False,7.0,7.0
2003-12-01,YAP,-13.0,35.0,False,False,13.0,13.0
2003-12-01,CGB,1.0,18.0,False,False,1.0,1.0
2003-12-01,FGBL,-9.0,19.0,False,False,9.0,9.0
2003-12-01,FGBM,1.0,28.0,False,False,1.0,1.0
2003-12-01,FGBS,-24.0,53.0,False,False,24.0,24.0
2003-12-01,LLG,7.0,0.0,False,False,7.0,7.0
2003-12-01,SJB,-1.0,-31.0,False,False,1.0,1.0
2003-12-01,YXT,11.0,-18.0,False,False,11.0,11.0
2003-12-01,YYT,-3.0,-95.0,False,False,3.0,3.0
2003-12-01,6B,1.0,28.0,False,False,1.0,1.0
2003-12-01,6C,-16.0,22.0,False,False,16.0,16.0
2003-12-01,6E,1.0,12.0,False,False,1.0,1.0
2003-12-01,6J,-7.0,9.0,False,False,7.0,7.0
2003-12-01,6M,28.0,-20.0,False,False,28.0,28.0
2003-12-01,6S,-4.0,2.0,False,False,4.0,4.0
2003-12-01,BRN,-9.0,18.0,False,False,9.0,9.0
2003-12-01,CL,-10.0,16.0,False,False,10.0,10.0
2003-12-01,HO,-8.0,13.0,False,False,8.0,8.0
2003-12-01,NG,1.0,8.0,False,False,1.0,1.0
2003-12-01,GC,1.0,30.0,False,False,1.0,1.0
2003-12-01,HG,-20.0,22.0,False,False,20.0,20.0
2003-12-01,SI,-10.0,19.0,False,False,10.0,10.0
2003-12-01,CT,2.0,3.0,False,False,2.0,2.0
2003-12-01,GF,1.0,28.0,False,False,1.0,1.0
2003-12-01,KC,17.0,-4.0,False,False,17.0,17.0
2003-12-01,KE,30.0,30.0,False,False,30.0,30.0
2003-12-01,RS,49.0,-99.0,False,False,49.0,49.0
2003-12-01,SB,-2.0,-94.0,False,False,2.0,2.0
2003-12-01,ZL,-12.0,30.0,False,False,12.0,12.0
2003-12-01,ZM,10.0,28.0,False,False,10.0,10.0
2003-12-01,ZS,1.0,14.0,False,False,1.0,1.0
2003-12-01,ZW,33.0,24.0,False,False,33.0,33.0
2003-12-08,FGBL,0.0,19.0,True,True,38.0,38.0
2003-12-08,FGBM,0.0,28.0,True,True,56.0,56.0
2003-12-08,FGBS,0.0,53.0,True,True,106.0,106.0
2003-12-08,LE,0.0,20.0,True,True,40.0,40.0
2003-12-10,SJB,0.0,-31.0,True,True,62.0,62.0
2003-12-11,NKD,0.0,10.0,True,True,20.0,20.0
2003-12-11,SNK,0.0,9.0,True,True,18.0,18.0
2003-12-11,GAS,0.0,17.0,True,True,34.0,34.0
2003-12-12,HE,0.0,-29.0,True,True,58.0,58.0
2003-12-15,YXT,0.0,-18.0,True,True,36.0,36.0
2003-12-15,YYT,0.0,-95.0,True,True,190.0,190.0
2003-12-15,6A,0.0,25.0,True,True,50.0,50.0
2003-12-15,6B,0.0,28.0,True,True,56.0,56.0
2003-12-15,6E,0.0,12.0,True,True,24.0,24.0
2003-12-15,6J,0.0,9.0,True,True,18.0,18.0
2003-12-15,6M,0.0,-20.0,True,True,40.0,40.0
2003-12-15,6S,0.0,2.0,True,True,4.0,4.0
2003-12-16,6C,0.0,22.0,True,True,44.0,44.0
2003-12-17,SXF,0.0,22.0,True,True,44.0,44.0
2003-12-18,ES,0.0,34.0,True,True,68.0,68.0
2003-12-18,YAP,0.0,35.0,True,True,70.0,70.0
2003-12-18,YM,0.0,38.0,True,True,76.0,76.0
2003-12-19,EMD,0.0,24.0,True,True,48.0,48.0
2003-12-19,FCE,0.0,24.0,True,True,48.0,48.0
2003-12-19,FDAX,0.0,6.0,True,True,12.0,12.0
2003-12-19,FESX,0.0,29.0,True,True,58.0,58.0
2003-12-19,FSMI,0.0,21.0,True,True,42.0,42.0
2003-12-19,LFT,0.0,20.0,True,True,40.0,40.0
2003-12-19,NQ,0.0,28.0,True,True,56.0,56.0
2003-12-19,RTY,0.0,36.0,True,True,72.0,72.0
2003-12-19,CL,0.0,16.0,True,True,32.0,32.0
2003-12-29,NG,0.0,8.0,True,True,16.0,16.0
2003-12-30,HTW,0.0,26.0,True,True,52.0,52.0
2003-12-31,BRN,0.0,18.0,True,True,36.0,36.0
2003-12-31,HO,0.0,13.0,True,True,26.0,26.0
2003-12-31,RS,0.0,-99.0,True,True,198.0,198.0
2003-12-31,ZL,0.0,30.0,True,True,60.0,60.0
2003-12-31,ZM,0.0,28.0,True,True,56.0,56.0
2003-12-31,ZS,0.0,14.0,True,True,28.0,28.0
2004-01-02,EMD,2.0,26.0,False,False,2.0,2.0
2004-01-02,ES,2.0,36.0,False,False,2.0,2.0
2004-01-02,FCE,15.0,39.0,False,False,15.0,15.0
2004-01-02,FDAX,4.0,10.0,False,False,4.0,4.0
2004-01-02,FESX,13.0,42.0,False,False,13.0,13.0
2004-01-02,HTW,1.0,27.0,False,False,1.0,1.0
2004-01-02,LFT,2.0,22.0,False,False,2.0,2.0
2004-01-02,NKD,5.0,15.0,False,False,5.0,5.0
2004-01-02,NQ,13.0,41.0,False,False,13.0,13.0
2004-01-02,RTY,2.0,38.0,False,False,2.0,2.0
2004-01-02,SXF,1.0,23.0,False,False,1.0,1.0
2004-01-02,YAP,-9.0,26.0,False,False,9.0,9.0
2004-01-02,YM,3.0,41.0,False,False,3.0,3.0
2004-01-02,CGB,1.0,19.0,False,False,1.0,1.0
2004-01-02,FGBL,15.0,34.0,False,False,15.0,15.0
2004-01-02,FGBM,20.0,48.0,False,False,20.0,20.0
2004-01-02,FGBS,63.0,116.0,False,False,63.0,63.0
2004-01-02,YXT,-20.0,-38.0,False,False,20.0,20.0
2004-01-02,YYT,-5.0,-100.0,False,False,5.0,5.0
2004-01-02,ZT,2.0,27.0,False,False,2.0,2.0
2004-01-02,ZF,2.0,32.0,False,False,2.0,2.0
2004-01-02,ZN,1.0,17.0,False,False,1.0,1.0
2004-01-02,ZB,1.0,14.0,False,False,1.0,1.0
2004-01-02,6A,2.0,27.0,False,False,2.0,2.0
2004-01-02,6B,1.0,29.0,False,False,1.0,1.0
2004-01-02,6C,2.0,24.0,False,False,2.0,2.0
2004-01-02,6J,17.0,26.0,False,False,17.0,17.0
2004-01-02,6M,-42.0,-62.0,False,False,42.0,42.0
2004-01-02,6S,4.0,6.0,False,False,4.0,4.0
2004-01-02,BRN,1.0,19.0,False,False,1.0,1.0
2004-01-02,GAS,1.0,18.0,False,False,1.0,1.0
2004-01-02,GF,-18.0,10.0,False,False,18.0,18.0
2004-01-02,HE,-2.0,-31.0,False,False,2.0,2.0
2004-01-02,KE,2.0,32.0,False,False,2.0,2.0
2004-01-02,LE,-7.0,13.0,False,False,7.0,7.0
2004-01-02,RS,-6.0,-105.0,False,False,6.0,6.0
2004-01-02,ZC,83.0,83.0,False,False,83.0,83.0
2004-01-02,ZL,29.0,59.0,False,False,29.0,29.0
2004-01-02,ZM,1.0,29.0,False,False,1.0,1.0
2004-01-02,ZS,1.0,15.0,False,False,1.0,1.0
2004-01-02,ZW,11.0,35.0,False,False,11.0,11.0
2004-01-05,FSMI,15.0,36.0,False,False,15.0,15.0
2004-01-05,SNK,6.0,15.0,False,False,6.0,6.0
2004-01-05,SJB,-1.0,-32.0,False,False,1.0,1.0
2004-01-05,CL,1.0,17.0,False,False,1.0,1.0
2004-01-05,HO,1.0,14.0,False,False,1.0,1.0
2004-01-05,NG,-4.0,4.0,False,False,4.0,4.0
2004-01-05,GC,15.0,45.0,False,False,15.0,15.0
2004-01-05,HG,11.0,33.0,False,False,11.0,11.0
2004-01-05,SI,22.0,41.0,False,False,22.0,22.0
2004-01-05,CT,-1.0,2.0,False,False,1.0,1.0
2004-01-05,KC,-4.0,-8.0,False,False,4.0,4.0
2004-01-05,SB,-6.0,-100.0,False,False,6.0,6.0
2004-01-12,GAS,0.0,18.0,True,True,36.0,36.0
2004-01-16,FCE,0.0,39.0,True,True,78.0,78.0
2004-01-20,CL,0.0,17.0,True,True,34.0,34.0
2004-01-28,NG,0.0,4.0,True,True,8.0,8.0
2004-01-29,HTW,0.0,27.0,True,True,54.0,54.0
2004-01-29,GF,0.0,10.0,True,True,20.0,20.0
2004-01-30,BRN,0.0,19.0,True,True,38.0,38.0
2004-01-30,HO,0.0,14.0,True,True,28.0,28.0
2004-01-30,GC,0.0,45.0,True,True,90.0,90.0
2004-02-02,EMD,1.0,27.0,False,False,1.0,1.0
2004-02-02,ES,-12.0,24.0,False,False,12.0,12.0
2004-02-02,FCE,-13.0,26.0,False,False,13.0,13.0
2004-02-02,FDAX,-3.0,7.0,False,False,3.0,3.0
2004-02-02,FESX,-13.0,29.0,False,False,13.0,13.0
2004-02-02,FSMI,-10.0,26.0,False,False,10.0,10.0
2004-02-02,HTW,-9.0,18.0,False,False,9.0,9.0
2004-02-02,NKD,-5.0,10.0,False,False,5.0,5.0
2004-02-02,NQ,-15.0,26.0,False,False,15.0,15.0
2004-02-02,RTY,-9.0,29.0,False,False,9.0,9.0
2004-02-02,SNK,1.0,16.0,False,False,1.0,1.0
2004-02-02,SXF,-8.0,15.0,False,False,8.0,8.0
2004-02-02,YAP,-9.0,17.0,False,False,9.0,9.0
2004-02-02,YM,-17.0,24.0,False,False,17.0,17.0
2004-02-02,CGB,-13.0,6.0,False,False,13.0,13.0
2004-02-02,FGBL,-15.0,19.0,False,False,15.0,15.0
2004-02-02,FGBM,-21.0,27.0,False,False,21.0,21.0
2004-02-02,FGBS,-54.0,62.0,False,False,54.0,54.0
2004-02-02,SJB,-2.0,-34.0,False,False,2.0,2.0
2004-02-02,YXT,19.0,-19.0,False,False,19.0,19.0
2004-02-02,YYT,37.0,-63.0,False,False,37.0,37.0
2004-02-02,ZT,-10.0,17.0,False,False,10.0,10.0
2004-02-02,ZF,-12.0,20.0,False,False,12.0,12.0
2004-02-02,ZN,-4.0,13.0,False,False,4.0,4.0
2004-02-02,6A,-12.0,15.0,False,False,12.0,12.0
2004-02-02,6B,-19.0,10.0,False,False,19.0,19.0
2004-02-02,6C,-10.0,14.0,False,False,10.0,10.0
2004-02-02,6E,-6.0,6.0,False,False,6.0,6.0
2004-02-02,6J,-8.0,18.0,False,False,8.0,8.0
2004-02-02,6M,65.0,3.0,False,False,65.0,65.0
2004-02-02,6S,-1.0,5.0,False,False,1.0,1.0
2004-02-02,BRN,-8.0,11.0,False,False,8.0,8.0
2004-02-02,CL,-5.0,12.0,False,False,5.0,5.0
2004-02-02,GAS,-4.0,14.0,False,False,4.0,4.0
2004-02-02,HO,-6.0,8.0,False,False,6.0,6.0
2004-02-02,NG,-2.0,2.0,False,False,2.0,2.0
2004-02-02,GC,-30.0,15.0,False,False,30.0,30.0
2004-02-02,HG,-13.0,20.0,False,False,13.0,13.0
2004-02-02,SI,-32.0,9.0,False,False,32.0,32.0
2004-02-02,CT,-2.0,0.0,False,False,2.0,2.0
2004-02-02,HE,8.0,-23.0,False,False,8.0,8.0
2004-02-02,KC,-8.0,-16.0,False,False,8.0,8.0
2004-02-02,KE,-7.0,25.0,False,False,7.0,7.0
2004-02-02,LE,1.0,14.0,False,False,1.0,1.0
2004-02-02,RS,-4.0,-109.0,False,False,4.0,4.0
2004-02-02,SB,23.0,-77.0,False,False,23.0,23.0
2004-02-02,ZC,-39.0,44.0,False,False,39.0,39.0
2004-02-02,ZL,-25.0,34.0,False,False,25.0,25.0
2004-02-02,ZM,-12.0,17.0,False,False,12.0,12.0
2004-02-02,ZS,-5.0,10.0,False,False,5.0,5.0
2004-02-02,ZW,-14.0,21.0,False,False,14.0,14.0
2004-02-09,LE,0.0,14.0,True,True,28.0,28.0
2004-02-12,GAS,0.0,14.0,True,True,28.0,28.0
2004-02-13,HE,0.0,-23.0,True,True,46.0,46.0
2004-02-19,KC,0.0,-16.0,True,True,32.0,32.0
2004-02-20,FCE,0.0,26.0,True,True,52.0,52.0
2004-02-20,CL,0.0,12.0,True,True,24.0,24.0
2004-02-25,CGB,0.0,6.0,True,True,12.0,12.0
2004-02-25,NG,0.0,2.0,True,True,4.0,4.0
2004-02-26,HTW,0.0,18.0,True,True,36.0,36.0
2004-02-27,ZT,0.0,17.0,True,True,34.0,34.0
2004-02-27,ZF,0.0,20.0,True,True,40.0,40.0
2004-02-27,ZN,0.0,13.0,True,True,26.0,26.0
2004-02-27,ZB,0.0,14.0,True,True,28.0,28.0
2004-02-27,BRN,0.0,11.0,True,True,22.0,22.0
2004-02-27,HO,0.0,8.0,True,True,16.0,16.0
2004-02-27,HG,0.0,20.0,True,True,40.0,40.0
2004-02-27,SI,0.0,9.0,True,True,18.0,18.0
2004-02-27,KE,0.0,25.0,True,True,50.0,50.0
2004-02-27,RS,0.0,-109.0,True,True,218.0,218.0
2004-02-27,SB,0.0,-77.0,True,True,154.0,154.0
2004-02-27,ZC,0.0,44.0,True,True,88.0,88.0
2004-02-27,ZL,0.0,34.0,True,True,68.0,68.0
2004-02-27,ZM,0.0,17.0,True,True,34.0,34.0
2004-02-27,ZS,0.0,10.0,True,True,20.0,20.0
2004-02-27,ZW,0.0,21.0,True,True,42.0,42.0
2004-03-01,EMD,-7.0,20.0,False,False,7.0,7.0
2004-03-01,ES,1.0,25.0,False,False,1.0,1.0
2004-03-01,FCE,1.0,27.0,False,False,1.0,1.0
2004-03-01,FDAX,1.0,8.0,False,False,1.0,1.0
2004-03-01,FSMI,1.0,27.0,False,False,1.0,1.0
2004-03-01,HTW,-7.0,11.0,False,False,7.0,7.0
2004-03-01,LFT,-10.0,12.0,False,False,10.0,10.0
2004-03-01,NKD,1.0,11.0,False,False,1.0,1.0
2004-03-01,NQ,1.0,27.0,False,False,1.0,1.0
2004-03-01,RTY,1.0,30.0,False,False,1.0,1.0
2004-03-01,SXF,1.0,16.0,False,False,1.0,1.0
2004-03-01,YM,1.0,25.0,False,False,1.0,1.0
2004-03-01,CGB,7.0,13.0,False,False,7.0,7.0
2004-03-01,FGBL,-17.0,2.0,False,False,17.0,17.0
2004-03-01,FGBM,-17.0,10.0,False,False,17.0,17.0
2004-03-01,FGBS,2.0,64.0,False,False,2.0,2.0
2004-03-01,SJB,-1.0,-35.0,False,False,1.0,1.0
2004-03-01,YXT,-1.0,-20.0,False,False,1.0,1.0
2004-03-01,YYT,-2.0,-65.0,False,False,2.0,2.0
2004-03-01,ZT,22.0,39.0,False,False,22.0,22.0
2004-03-01,ZF,7.0,27.0,False,False,7.0,7.0
2004-03-01,ZB,1.0,15.0,False,False,1.0,1.0
2004-03-01,6A,-5.0,10.0,False,False,5.0,5.0
2004-03-01,6C,1.0,15.0,False,False,1.0,1.0
2004-03-01,6J,-10.0,8.0,False,False,10.0,10.0
2004-03-01,6M,24.0,27.0,False,False,24.0,24.0
2004-03-01,6S,-1.0,4.0,False,False,1.0,1.0
2004-03-01,BRN,-3.0,8.0,False,False,3.0,3.0
2004-03-01,CL,1.0,13.0,False,False,1.0,1.0
2004-03-01,GAS,-8.0,6.0,False,False,8.0,8.0
2004-03-01,NG,-6.0,-4.0,False,False,6.0,6.0
2004-03-01,GC,1.0,16.0,False,False,1.0,1.0
2004-03-01,CC,-12.0,-12.0,False,False,12.0,12.0
2004-03-01,CT,13.0,13.0,False,False,13.0,13.0
2004-03-01,GF,1.0,11.0,False,False,1.0,1.0
2004-03-01,HE,40.0,17.0,False,False,40.0,40.0
2004-03-01,KC,31.0,15.0,False,False,31.0,31.0
2004-03-01,RS,242.0,133.0,False,False,242.0,242.0
2004-03-01,SB,-2.0,-79.0,False,False,2.0,2.0
2004-03-01,ZC,1.0,45.0,False,False,1.0,1.0
2004-03-01,ZL,1.0,35.0,False,False,1.0,1.0
2004-03-01,ZM,-5.0,12.0,False,False,5.0,5.0
2004-03-01,ZS,1.0,11.0,False,False,1.0,1.0
2004-03-01,ZW,-9.0,12.0,False,False,9.0,9.0
2004-03-08,FGBL,0.0,2.0,True,True,4.0,4.0
2004-03-08,FGBM,0.0,10.0,True,True,20.0,20.0
2004-03-08,FGBS,0.0,64.0,True,True,128.0,128.0
2004-03-10,SJB,0.0,-35.0,True,True,70.0,70.0
2004-03-11,NKD,0.0,11.0,True,True,22.0,22.0
2004-03-11,SNK,0.0,16.0,True,True,32.0,32.0
2004-03-11,GAS,0.0,6.0,True,True,12.0,12.0
2004-03-15,YXT,0.0,-20.0,True,True,40.0,40.0
2004-03-15,YYT,0.0,-65.0,True,True,130.0,130.0
2004-03-15,6A,0.0,10.0,True,True,20.0,20.0
2004-03-15,6B,0.0,10.0,True,True,20.0,20.0
2004-03-15,6E,0.0,6.0,True,True,12.0,12.0
2004-03-15,6J,0.0,8.0,True,True,16.0,16.0
2004-03-15,6M,0.0,27.0,True,True,54.0,54.0
2004-03-15,6S,0.0,4.0,True,True,8.0,8.0
2004-03-16,6C,0.0,15.0,True,True,30.0,30.0
2004-03-17,SXF,0.0,16.0,True,True,32.0,32.0
2004-03-18,ES,0.0,25.0,True,True,50.0,50.0
2004-03-18,YAP,0.0,17.0,True,True,34.0,34.0
2004-03-18,YM,0.0,25.0,True,True,50.0,50.0
2004-03-19,EMD,0.0,20.0,True,True,40.0,40.0
2004-03-19,FCE,0.0,27.0,True,True,54.0,54.0
2004-03-19,FDAX,0.0,8.0,True,True,16.0,16.0
2004-03-19,FESX,0.0,29.0,True,True,58.0,58.0
2004-03-19,FSMI,0.0,27.0,True,True,54.0,54.0
2004-03-19,LFT,0.0,12.0,True,True,24.0,24.0
2004-03-19,NQ,0.0,27.0,True,True,54.0,54.0
2004-03-19,RTY,0.0,30.0,True,True,60.0,60.0
2004-03-22,CL,0.0,13.0,True,True,26.0,26.0
2004-03-25,GF,0.0,11.0,True,True,22.0,22.0
2004-03-29,NG,0.0,-4.0,True,True,8.0,8.0
2004-03-30,HTW,0.0,11.0,True,True,22.0,22.0
2004-03-31,BRN,0.0,8.0,True,True,16.0,16.0
2004-03-31,HO,0.0,8.0,True,True,16.0,16.0
2004-03-31,GC,0.0,16.0,True,True,32.0,32.0
2004-04-01,EMD,-6.0,14.0,False,False,6.0,6.0
2004-04-01,ES,-8.0,17.0,False,False,8.0,8.0
2004-04-01,FCE,-11.0,16.0,False,False,11.0,11.0
2004-04-01,FDAX,-3.0,5.0,False,False,3.0,3.0
2004-04-01,FESX,-7.0,22.0,False,False,7.0,7.0
2004-04-01,FSMI,-13.0,14.0,False,False,13.0,13.0
2004-04-01,HTW,-4.0,7.0,False,False,4.0,4.0
2004-04-01,LFT,-5.0,7.0,False,False,5.0,5.0
2004-04-01,NKD,-4.0,7.0,False,False,4.0,4.0
2004-04-01,RTY,-9.0,21.0,False,False,9.0,9.0
2004-04-01,SNK,-8.0,8.0,False,False,8.0,8.0
2004-04-01,YM,-6.0,19.0,False,False,6.0,6.0
2004-04-01,CGB,-5.0,8.0,False,False,5.0,5.0
2004-04-01,FGBL,21.0,23.0,False,False,21.0,21.0
2004-04-01,FGBM,18.0,28.0,False,False,18.0,18.0
2004-04-01,FGBS,1.0,65.0,False,False,1.0,1.0
2004-04-01,LLG,-1.0,-1.0,False,False,1.0,1.0
2004-04-01,SJB,16.0,-19.0,False,False,16.0,16.0
2004-04-01,YYT,17.0,-48.0,False,False,17.0,17.0
2004-04-01,ZF,1.0,28.0,False,False,1.0,1.0
2004-04-01,6B,-3.0,7.0,False,False,3.0,3.0
2004-04-01,6E,-1.0,5.0,False,False,1.0,1.0
2004-04-01,6M,-27.0,0.0,False,False,27.0,27.0
2004-04-01,6S,5.0,9.0,False,False,5.0,5.0
2004-04-01,HO,-4.0,4.0,False,False,4.0,4.0
2004-04-01,NG,-1.0,-5.0,False,False,1.0,1.0
2004-04-01,HG,-10.0,10.0,False,False,10.0,10.0
2004-04-01,PA,2.0,2.0,False,False,2.0,2.0
2004-04-01,CC,12.0,0.0,False,False,12.0,12.0
2004-04-01,CT,-24.0,-11.0,False,False,24.0,24.0
2004-04-01,GF,9.0,20.0,False,False,9.0,9.0
2004-04-01,HE,6.0,23.0,False,False,6.0,6.0
2004-04-01,KE,-7.0,18.0,False,False,7.0,7.0
2004-04-01,RS,1.0,134.0,False,False,1.0,1.0
2004-04-01,SB,51.0,-28.0,False,False,51.0,51.0
2004-04-01,ZC,-13.0,32.0,False,False,13.0,13.0
2004-04-01,ZL,-16.0,19.0,False,False,16.0,16.0
2004-04-05,LE,0.0,14.0,True,True,28.0,28.0
2004-04-13,GAS,0.0,6.0,True,True,12.0,12.0
2004-04-15,HE,0.0,23.0,True,True,46.0,46.0
2004-04-16,FCE,0.0,16.0,True,True,32.0,32.0
2004-04-20,CL,0.0,13.0,True,True,26.0,26.0
2004-04-22,KC,0.0,15.0,True,True,30.0,30.0
2004-04-26,CT,0.0,-11.0,True,True,22.0,22.0
2004-04-28,NG,0.0,-5.0,True,True,10.0,10.0
2004-04-29,HTW,0.0,7.0,True,True,14.0,14.0
2004-04-29,GF,0.0,20.0,True,True,40.0,40.0
2004-04-30,BRN,0.0,8.0,True,True,16.0,16.0
2004-04-30,HO,0.0,4.0,True,True,8.0,8.0
2004-04-30,HG,0.0,10.0,True,True,20.0,20.0
2004-04-30,SI,0.0,9.0,True,True,18.0,18.0
2004-04-30,KE,0.0,18.0,True,True,36.0,36.0
2004-04-30,RS,0.0,134.0,True,True,268.0,268.0
2004-04-30,SB,0.0,-28.0,True,True,56.0,56.0
2004-04-30,ZC,0.0,32.0,True,True,64.0,64.0
2004-04-30,ZL,0.0,19.0,True,True,38.0,38.0
2004-04-30,ZM,0.0,12.0,True,True,24.0,24.0
2004-04-30,ZS,0.0,11.0,True,True,22.0,22.0
2004-04-30,ZW,0.0,12.0,True,True,24.0,24.0
2004-05-03,ES,-1.0,16.0,False,False,1.0,1.0
2004-05-03,FCE,-1.0,15.0,False,False,1.0,1.0
2004-05-03,FDAX,-1.0,4.0,False,False,1.0,1.0
2004-05-03,FESX,-1.0,21.0,False,False,1.0,1.0
2004-05-03,FSMI,5.0,19.0,False,False,5.0,5.0
2004-05-03,HTW,2.0,9.0,False,False,2.0,2.0
2004-05-03,NQ,-1.0,26.0,False,False,1.0,1.0
2004-05-03,RTY,-1.0,20.0,False,False,1.0,1.0
2004-05-03,SXF,-6.0,10.0,False,False,6.0,6.0
2004-05-03,YM,-1.0,18.0,False,False,1.0,1.0
2004-05-03,CGB,-8.0,0.0,False,False,8.0,8.0
2004-05-03,FGBL,-1.0,22.0,False,False,1.0,1.0
2004-05-03,FGBM,-1.0,27.0,False,False,1.0,1.0
2004-05-03,FGBS,-3.0,62.0,False,False,3.0,3.0
2004-05-03,YXT,1.0,-19.0,False,False,1.0,1.0
2004-05-03,YYT,2.0,-46.0,False,False,2.0,2.0
2004-05-03,ZT,-1.0,38.0,False,False,1.0,1.0
2004-05-03,ZF,-34.0,-6.0,False,False,34.0,34.0
2004-05-03,ZN,-30.0,-17.0,False,False,30.0,30.0
2004-05-03,ZB,-20.0,-5.0,False,False,20.0,20.0
2004-05-03,6C,5.0,20.0,False,False,5.0,5.0
2004-05-03,6E,-1.0,4.0,False,False,1.0,1.0
2004-05-03,6M,-38.0,-38.0,False,False,38.0,38.0
2004-05-03,HO,-1.0,3.0,False,False,1.0,1.0
2004-05-03,GC,-1.0,15.0,False,False,1.0,1.0
2004-05-03,PA,2.0,4.0,False,False,2.0,2.0
2004-05-03,PL,6.0,6.0,False,False,6.0,6.0
2004-05-03,SI,-3.0,6.0,False,False,3.0,3.0
2004-05-03,CC,-27.0,-27.0,False,False,27.0,27.0
2004-05-03,CT,4.0,-7.0,False,False,4.0,4.0
2004-05-03,GF,6.0,26.0,False,False,6.0,6.0
2004-05-03,HE,-10.0,13.0,False,False,10.0,10.0
2004-05-03,KC,-18.0,-3.0,False,False,18.0,18.0
2004-05-03,KE,-11.0,7.0,False,False,11.0,11.0
2004-05-03,LE,4.0,18.0,False,False,4.0,4.0
2004-05-03,RS,-63.0,71.0,False,False,63.0,63.0
2004-05-03,SB,-11.0,-39.0,False,False,11.0,11.0
2004-05-03,ZC,-11.0,21.0,False,False,11.0,11.0
2004-05-03,ZL,-1.0,18.0,False,False,1.0,1.0
2004-05-03,ZW,-7.0,5.0,False,False,7.0,7.0
2004-05-04,LFT,3.0,10.0,False,False,3.0,3.0
2004-05-04,LLG,1.0,0.0,False,False,1.0,1.0
2004-05-04,BRN,7.0,15.0,False,False,7.0,7.0
2004-05-04,GAS,3.0,9.0,False,False,3.0,3.0
2004-05-06,SJB,1.0,-18.0,False,False,1.0,1.0
2004-05-12,GAS,0.0,9.0,True,True,18.0,18.0
2004-05-20,CL,0.0,13.0,True,True,26.0,26.0
2004-05-21,FCE,0.0,15.0,True,True,30.0,30.0
2004-05-26,NG,0.0,-5.0,True,True,10.0,10.0
2004-05-27,GF,0.0,26.0,True,True,52.0,52.0
2004-05-28,HTW,0.0,9.0,True,True,18.0,18.0
2004-05-28,ZT,0.0,38.0,True,True,76.0,76.0
2004-05-28,ZF,0.0,-6.0,True,True,12.0,12.0
2004-05-28,ZN,0.0,-17.0,True,True,34.0,34.0
2004-05-28,ZB,0.0,-5.0,True,True,10.0,10.0
2004-05-28,HO,0.0,3.0,True,True,6.0,6.0
2004-05-28,GC,0.0,15.0,True,True,30.0,30.0
2004-05-28,PA,0.0,4.0,True,True,8.0,8.0
2004-06-01,FDAX,-2.0,2.0,False,False,2.0,2.0
2004-06-01,NQ,-8.0,18.0,False,False,8.0,8.0
2004-06-01,SXF,-7.0,3.0,False,False,7.0,7.0
2004-06-01,FGBL,-41.0,-19.0,False,False,41.0,41.0
2004-06-01,FGBM,-39.0,-12.0,False,False,39.0,39.0
2004-06-01,FGBS,-62.0,0.0,False,False,62.0,62.0
2004-06-01,YXT,-8.0,-27.0,False,False,8.0,8.0
2004-06-01,ZT,-39.0,-1.0,False,False,39.0,39.0
2004-06-01,ZF,6.0,0.0,False,False,6.0,6.0
2004-06-01,ZN,17.0,0.0,False,False,17.0,17.0
2004-06-01,6B,4.0,11.0,False,False,4.0,4.0
2004-06-01,6C,-1.0,19.0,False,False,1.0,1.0
2004-06-01,6E,4.0,8.0,False,False,4.0,4.0
2004-06-01,6J,-2.0,6.0,False,False,2.0,2.0
2004-06-01,BRN,0.0,15.0,True,True,30.0,30.0
2004-06-01,CL,-5.0,8.0,False,False,5.0,5.0
2004-06-01,HO,2.0,5.0,False,False,2.0,2.0
2004-06-01,HG,5.0,15.0,False,False,5.0,5.0
2004-06-01,PA,-4.0,0.0,False,False,4.0,4.0
2004-06-01,PL,-6.0,0.0,False,False,6.0,6.0
2004-06-01,SI,2.0,8.0,False,False,2.0,2.0
2004-06-01,CT,-8.0,-15.0,False,False,8.0,8.0
2004-06-01,KC,16.0,13.0,False,False,16.0,16.0
2004-06-01,KE,2.0,9.0,False,False,2.0,2.0
2004-06-01,RS,-114.0,-43.0,False,False,114.0,114.0
2004-06-01,ZS,-4.0,7.0,False,False,4.0,4.0
2004-06-01,ZW,-28.0,-23.0,False,False,28.0,28.0
2004-06-07,LE,0.0,18.0,True,True,36.0,36.0
2004-06-08,FGBL,0.0,-19.0,True,True,38.0,38.0
2004-06-08,FGBM,0.0,-12.0,True,True,24.0,24.0
2004-06-09,SJB,0.0,-18.0,True,True,36.0,36.0
2004-06-10,NKD,0.0,7.0,True,True,14.0,14.0
2004-06-10,SNK,0.0,8.0,True,True,16.0,16.0
2004-06-10,GAS,0.0,9.0,True,True,18.0,18.0
2004-06-14,YXT,0.0,-27.0,True,True,54.0,54.0
2004-06-14,YYT,0.0,-46.0,True,True,92.0,92.0
2004-06-14,6A,0.0,10.0,True,True,20.0,20.0
2004-06-14,6B,0.0,11.0,True,True,22.0,22.0
2004-06-14,6E,0.0,8.0,True,True,16.0,16.0
2004-06-14,6J,0.0,6.0,True,True,12.0,12.0
2004-06-14,6M,0.0,-38.0,True,True,76.0,76.0
2004-06-14,6S,0.0,9.0,True,True,18.0,18.0
2004-06-15,6C,0.0,19.0,True,True,38.0,38.0
2004-06-15,HE,0.0,13.0,True,True,26.0,26.0
2004-06-16,SXF,0.0,3.0,True,True,6.0,6.0
2004-06-17,ES,0.0,16.0,True,True,32.0,32.0
2004-06-17,YAP,0.0,17.0,True,True,34.0,34.0
2004-06-17,YM,0.0,18.0,True,True,36.0,36.0
2004-06-17,CC,0.0,-27.0,True,True,54.0,54.0
2004-06-18,EMD,0.0,14.0,True,True,28.0,28.0
2004-06-18,FCE,0.0,15.0,True,True,30.0,30.0
2004-06-18,FDAX,0.0,2.0,True,True,4.0,4.0
2004-06-18,FESX,0.0,21.0,True,True,42.0,42.0
2004-06-18,FSMI,0.0,19.0,True,True,38.0,38.0
2004-06-18,LFT,0.0,10.0,True,True,20.0,20.0
2004-06-18,NQ,0.0,18.0,True,True,36.0,36.0
2004-06-18,RTY,0.0,20.0,True,True,40.0,40.0
2004-06-22,CL,0.0,8.0,True,True,16.0,16.0
2004-06-22,KC,0.0,13.0,True,True,26.0,26.0
2004-06-24,CT,0.0,-15.0,True,True,30.0,30.0
2004-06-28,NG,0.0,-5.0,True,True,10.0,10.0
2004-06-29,HTW,0.0,9.0,True,True,18.0,18.0
2004-06-30,BRN,0.0,15.0,True,True,30.0,30.0
2004-06-30,HO,0.0,5.0,True,True,10.0,10.0
2004-06-30,HG,0.0,15.0,True,True,30.0,30.0
2004-06-30,SI,0.0,8.0,True,True,16.0,16.0
2004-06-30,KE,0.0,9.0,True,True,18.0,18.0
2004-06-30,RS,0.0,-43.0,True,True,86.0,86.0
2004-06-30,SB,0.0,-39.0,True,True,78.0,78.0
2004-06-30,ZC,0.0,21.0,True,True,42.0,42.0
2004-06-30,ZL,0.0,18.0,True,True,36.0,36.0
2004-06-30,ZM,0.0,12.0,True,True,24.0,24.0
2004-06-30,ZS,0.0,7.0,True,True,14.0,14.0
2004-06-30,ZW,0.0,-23.0,True,True,46.0,46.0
2004-07-01,EMD,9.0,23.0,False,False,9.0,9.0
2004-07-01,ES,8.0,24.0,False,False,8.0,8.0
2004-07-01,FCE,14.0,29.0,False,False,14.0,14.0
2004-07-01,FDAX,5.0,7.0,False,False,5.0,5.0
2004-07-01,FESX,9.0,30.0,False,False,9.0,9.0
2004-07-01,FSMI,14.0,33.0,False,False,14.0,14.0
2004-07-01,HTW,10.0,19.0,False,False,10.0,10.0
2004-07-01,LFT,-3.0,7.0,False,False,3.0,3.0
2004-07-01,NQ,12.0,30.0,False,False,12.0,12.0
2004-07-01,RTY,17.0,37.0,False,False,17.0,17.0
2004-07-01,SNK,5.0,13.0,False,False,5.0,5.0
2004-07-01,YAP,10.0,27.0,False,False,10.0,10.0
2004-07-01,YM,20.0,38.0,False,False,20.0,20.0
2004-07-01,FGBL,12.0,-7.0,False,False,12.0,12.0
2004-07-01,FGBM,12.0,0.0,False,False,12.0,12.0
2004-07-01,FGBS,110.0,110.0,False,False,110.0,110.0
2004-07-01,SJB,14.0,-4.0,False,False,14.0,14.0
2004-07-01,YXT,-13.0,-40.0,False,False,13.0,13.0
2004-07-01,YYT,-17.0,-63.0,False,False,17.0,17.0
2004-07-01,ZT,-8.0,-9.0,False,False,8.0,8.0
2004-07-01,ZN,-1.0,-1.0,False,False,1.0,1.0
2004-07-01,ZB,-5.0,-10.0,False,False,5.0,5.0
2004-07-01,6A,6.0,16.0,False,False,6.0,6.0
2004-07-01,6B,5.0,16.0,False,False,5.0,5.0
2004-07-01,6C,-5.0,14.0,False,False,5.0,5.0
2004-07-01,6E,-5.0,3.0,False,False,5.0,5.0
2004-07-01,6J,3.0,9.0,False,False,3.0,3.0
2004-07-01,6M,-19.0,-57.0,False,False,19.0,19.0
2004-07-01,GAS,6.0,15.0,False,False,6.0,6.0
2004-07-01,HO,2.0,7.0,False,False,2.0,2.0
2004-07-01,GC,11.0,26.0,False,False,11.0,11.0
2004-07-01,SI,3.0,11.0,False,False,3.0,3.0
2004-07-01,CC,-18.0,-45.0,False,False,18.0,18.0
2004-07-01,GF,-13.0,13.0,False,False,13.0,13.0
2004-07-01,HE,21.0,34.0,False,False,21.0,21.0
2004-07-01,KC,-23.0,-10.0,False,False,23.0,23.0
2004-07-01,KE,1.0,10.0,False,False,1.0,1.0
2004-07-01,LE,1.0,19.0,False,False,1.0,1.0
2004-07-01,SB,-32.0,-71.0,False,False,32.0,32.0
2004-07-01,ZL,13.0,31.0,False,False,13.0,13.0
2004-07-01,ZM,4.0,16.0,False,False,4.0,4.0
2004-07-01,ZS,4.0,11.0,False,False,4.0,4.0
2004-07-01,ZW,-10.0,-33.0,False,False,10.0,10.0
2004-07-02,SXF,17.0,20.0,False,False,17.0,17.0
2004-07-02,CGB,39.0,39.0,False,False,39.0,39.0
2004-07-02,RS,171.0,128.0,False,False,171.0,171.0
2004-07-12,GAS,0.0,15.0,True,True,30.0,30.0
2004-07-15,HE,0.0,34.0,True,True,68.0,68.0
2004-07-16,FCE,0.0,29.0,True,True,58.0,58.0
2004-07-20,CL,0.0,8.0,True,True,16.0,16.0
2004-07-28,NG,0.0,-5.0,True,True,10.0,10.0
2004-07-29,HTW,0.0,19.0,True,True,38.0,38.0
2004-07-30,BRN,0.0,15.0,True,True,30.0,30.0
2004-07-30,HO,0.0,7.0,True,True,14.0,14.0
2004-07-30,GC,0.0,26.0,True,True,52.0,52.0
2004-07-30,ZL,0.0,31.0,True,True,62.0,62.0
2004-07-30,ZM,0.0,16.0,True,True,32.0,32.0
2004-07-30,ZS,0.0,11.0,True,True,22.0,22.0
2004-08-02,EMD,-1.0,22.0,False,False,1.0,1.0
2004-08-02,ES,9.0,33.0,False,False,9.0,9.0
2004-08-02,FCE,-1.0,28.0,False,False,1.0,1.0
2004-08-02,FDAX,3.0,10.0,False,False,3.0,3.0
2004-08-02,FESX,11.0,41.0,False,False,11.0,11.0
2004-08-02,FSMI,12.0,45.0,False,False,12.0,12.0
2004-08-02,HTW,10.0,29.0,False,False,10.0,10.0
2004-08-02,LFT,4.0,11.0,False,False,4.0,4.0
2004-08-02,NKD,-2.0,5.0,False,False,2.0,2.0
2004-08-02,NQ,-1.0,29.0,False,False,1.0,1.0
2004-08-02,RTY,-1.0,36.0,False,False,1.0,1.0
2004-08-02,SNK,4.0,17.0,False,False,4.0,4.0
2004-08-02,YAP,-1.0,26.0,False,False,1.0,1.0
2004-08-02,YM,-1.0,37.0,False,False,1.0,1.0
2004-08-02,FGBL,50.0,43.0,False,False,50.0,50.0
2004-08-02,FGBM,59.0,59.0,False,False,59.0,59.0
2004-08-02,FGBS,37.0,147.0,False,False,37.0,37.0
2004-08-02,YXT,-12.0,-52.0,False,False,12.0,12.0
2004-08-02,YYT,-27.0,-90.0,False,False,27.0,27.0
2004-08-02,ZT,71.0,62.0,False,False,71.0,71.0
2004-08-02,ZF,50.0,50.0,False,False,50.0,50.0
2004-08-02,ZN,34.0,33.0,False,False,34.0,34.0
2004-08-02,ZB,32.0,22.0,False,False,32.0,32.0
2004-08-02,6A,6.0,22.0,False,False,6.0,6.0
2004-08-02,6B,5.0,21.0,False,False,5.0,5.0
2004-08-02,6C,13.0,27.0,False,False,13.0,13.0
2004-08-02,6J,5.0,14.0,False,False,5.0,5.0
2004-08-02,6M,-24.0,-81.0,False,False,24.0,24.0
2004-08-02,6S,6.0,15.0,False,False,6.0,6.0
2004-08-02,CL,4.0,12.0,False,False,4.0,4.0
2004-08-02,GAS,6.0,21.0,False,False,6.0,6.0
2004-08-02,HO,-1.0,6.0,False,False,1.0,1.0
2004-08-02,NG,-7.0,-12.0,False,False,7.0,7.0
2004-08-02,GC,-19.0,7.0,False,False,19.0,19.0
2004-08-02,HG,10.0,25.0,False,False,10.0,10.0
2004-08-02,SI,6.0,17.0,False,False,6.0,6.0
2004-08-02,CC,52.0,7.0,False,False,52.0,52.0
2004-08-02,CT,-7.0,-22.0,False,False,7.0,7.0
2004-08-02,HE,11.0,45.0,False,False,11.0,11.0
2004-08-02,KC,-20.0,-30.0,False,False,20.0,20.0
2004-08-02,KE,-66.0,-56.0,False,False,66.0,66.0
2004-08-02,LE,-1.0,18.0,False,False,1.0,1.0
2004-08-02,SB,71.0,0.0,False,False,71.0,71.0
2004-08-02,ZC,-88.0,-67.0,False,False,88.0,88.0
2004-08-02,ZL,15.0,46.0,False,False,15.0,15.0
2004-08-02,ZW,-16.0,-49.0,False,False,16.0,16.0
2004-08-03,SXF,9.0,29.0,False,False,9.0,9.0
2004-08-03,CGB,11.0,50.0,False,False,11.0,11.0
2004-08-03,RS,-175.0,-47.0,False,False,175.0,175.0
2004-08-09,LE,0.0,18.0,True,True,36.0,36.0
2004-08-12,GAS,0.0,21.0,True,True,42.0,42.0
2004-08-13,HE,0.0,45.0,True,True,90.0,90.0
2004-08-18,CC,0.0,7.0,True,True,14.0,14.0
2004-08-20,FCE,0.0,28.0,True,True,56.0,56.0
2004-08-20,CL,0.0,12.0,True,True,24.0,24.0
2004-08-23,KC,0.0,-30.0,True,True,60.0,60.0
2004-08-26,GF,0.0,13.0,True,True,26.0,26.0
2004-08-27,CGB,0.0,50.0,True,True,100.0,100.0
2004-08-27,NG,0.0,-12.0,True,True,24.0,24.0
2004-08-30,HTW,0.0,29.0,True,True,58.0,58.0
2004-08-31,ZT,0.0,62.0,True,True,124.0,124.0
2004-08-31,ZF,0.0,50.0,True,True,100.0,100.0
2004-08-31,ZN,0.0,33.0,True,True,66.0,66.0
2004-08-31,ZB,0.0,22.0,True,True,44.0,44.0
2004-08-31,BRN,0.0,15.0,True,True,30.0,30.0
2004-08-31,HO,0.0,6.0,True,True,12.0,12.0
2004-08-31,HG,0.0,25.0,True,True,50.0,50.0
2004-08-31,SI,0.0,17.0,True,True,34.0,34.0
2004-08-31,KE,0.0,-56.0,True,True,112.0,112.0
2004-08-31,ZC,0.0,-67.0,True,True,134.0,134.0
2004-08-31,ZL,0.0,46.0,True,True,92.0,92.0
2004-08-31,ZM,0.0,16.0,True,True,32.0,32.0
2004-08-31,ZS,0.0,11.0,True,True,22.0,22.0
2004-08-31,ZW,0.0,-49.0,True,True,98.0,98.0
2004-09-01,EMD,11.0,33.0,False,False,11.0,11.0
2004-09-01,FCE,12.0,40.0,False,False,12.0,12.0
2004-09-01,FDAX,-3.0,7.0,False,False,3.0,3.0
2004-09-01,FESX,1.0,42.0,False,False,1.0,1.0
2004-09-01,FSMI,1.0,46.0,False,False,1.0,1.0
2004-09-01,HTW,13.0,42.0,False,False,13.0,13.0
2004-09-01,LFT,-10.0,1.0,False,False,10.0,10.0
2004-09-01,NKD,-5.0,0.0,False,False,5.0,5.0
2004-09-01,NQ,-85.0,-56.0,False,False,85.0,85.0
2004-09-01,RTY,19.0,55.0,False,False,19.0,19.0
2004-09-01,SNK,-13.0,4.0,False,False,13.0,13.0
2004-09-01,YAP,12.0,38.0,False,False,12.0,12.0
2004-09-01,YM,15.0,52.0,False,False,15.0,15.0
2004-09-01,CGB,1.0,51.0,False,False,1.0,1.0
2004-09-01,FGBL,-43.0,0.0,False,False,43.0,43.0
2004-09-01,FGBM,1.0,60.0,False,False,1.0,1.0
2004-09-01,FGBS,3.0,150.0,False,False,3.0,3.0
2004-09-01,SJB,54.0,50.0,False,False,54.0,54.0
2004-09-01,YXT,73.0,21.0,False,False,73.0,73.0
2004-09-01,YYT,301.0,211.0,False,False,301.0,301.0
2004-09-01,ZT,1.0,63.0,False,False,1.0,1.0
2004-09-01,ZF,1.0,51.0,False,False,1.0,1.0
2004-09-01,ZN,1.0,34.0,False,False,1.0,1.0
2004-09-01,ZB,8.0,30.0,False,False,8.0,8.0
2004-09-01,6A,1.0,23.0,False,False,1.0,1.0
2004-09-01,6B,1.0,22.0,False,False,1.0,1.0
2004-09-01,6C,15.0,42.0,False,False,15.0,15.0
2004-09-01,6E,16.0,19.0,False,False,16.0,16.0
2004-09-01,6J,-6.0,8.0,False,False,6.0,6.0
2004-09-01,6M,148.0,67.0,False,False,148.0,148.0
2004-09-01,6S,-15.0,0.0,False,False,15.0,15.0
2004-09-01,BRN,6.0,21.0,False,False,6.0,6.0
2004-09-01,GAS,1.0,22.0,False,False,1.0,1.0
2004-09-01,HO,4.0,10.0,False,False,4.0,4.0
2004-09-01,GC,5.0,12.0,False,False,5.0,5.0
2004-09-01,SI,-8.0,9.0,False,False,8.0,8.0
2004-09-01,CC,-4.0,3.0,False,False,4.0,4.0
2004-09-01,GF,19.0,32.0,False,False,19.0,19.0
2004-09-01,HE,1.0,46.0,False,False,1.0,1.0
2004-09-01,KE,-2.0,-58.0,False,False,2.0,2.0
2004-09-01,LE,9.0,27.0,False,False,9.0,9.0
2004-09-01,RS,202.0,155.0,False,False,202.0,202.0
2004-09-01,ZC,-1.0,-68.0,False,False,1.0,1.0
2004-09-01,ZL,1.0,47.0,False,False,1.0,1.0
2004-09-01,ZM,12.0,28.0,False,False,12.0,12.0
2004-09-01,ZS,9.0,20.0,False,False,9.0,9.0
2004-09-01,ZW,-1.0,-50.0,False,False,1.0,1.0
2004-09-02,RS,16.0,171.0,False,False,16.0,16.0
2004-09-08,FGBM,0.0,60.0,True,True,120.0,120.0
2004-09-08,FGBS,0.0,150.0,True,True,300.0,300.0
2004-09-08,SJB,0.0,50.0,True,True,100.0,100.0
2004-09-09,SNK,0.0,4.0,True,True,8.0,8.0
2004-09-10,GAS,0.0,22.0,True,True,44.0,44.0
2004-09-13,6A,0.0,23.0,True,True,46.0,46.0
2004-09-13,6B,0.0,22.0,True,True,44.0,44.0
2004-09-13,6E,0.0,19.0,True,True,38.0,38.0
2004-09-13,6J,0.0,8.0,True,True,16.0,16.0
2004-09-13,6M,0.0,67.0,True,True,134.0,134.0
2004-09-14,6C,0.0,42.0,True,True,84.0,84.0
2004-09-15,SXF,0.0,29.0,True,True,58.0,58.0
2004-09-15,YXT,0.0,21.0,True,True,42.0,42.0
2004-09-15,YYT,0.0,211.0,True,True,422.0,422.0
2004-09-16,ES,0.0,33.0,True,True,66.0,66.0
2004-09-16,YAP,0.0,38.0,True,True,76.0,76.0
2004-09-16,YM,0.0,52.0,True,True,104.0,104.0
2004-09-17,EMD,0.0,33.0,True,True,66.0,66.0
2004-09-17,FCE,0.0,40.0,True,True,80.0,80.0
2004-09-17,FDAX,0.0,7.0,True,True,14.0,14.0
2004-09-17,FESX,0.0,42.0,True,True,84.0,84.0
2004-09-17,FSMI,0.0,46.0,True,True,92.0,92.0
2004-09-17,LFT,0.0,1.0,True,True,2.0,2.0
2004-09-17,NQ,0.0,-56.0,True,True,112.0,112.0
2004-09-17,RTY,0.0,55.0,True,True,110.0,110.0
2004-09-21,CL,0.0,12.0,True,True,24.0,24.0
2004-09-28,NG,0.0,-12.0,True,True,24.0,24.0
2004-09-29,HTW,0.0,42.0,True,True,84.0,84.0
2004-09-30,BRN,0.0,21.0,True,True,42.0,42.0
2004-09-30,HO,0.0,10.0,True,True,20.0,20.0
2004-09-30,GF,0.0,32.0,True,True,64.0,64.0
2004-09-30,ZL,0.0,47.0,True,True,94.0,94.0
2004-09-30,ZM,0.0,28.0,True,True,56.0,56.0
2004-10-01,EMD,2.0,35.0,False,False,2.0,2.0
2004-10-01,ES,2.0,35.0,False,False,2.0,2.0
2004-10-01,FCE,1.0,41.0,False,False,1.0,1.0
2004-10-01,FDAX,7.0,14.0,False,False,7.0,7.0
2004-10-01,FESX,30.0,72.0,False,False,30.0,30.0
2004-10-01,FSMI,2.0,48.0,False,False,2.0,2.0
2004-10-01,HTW,-53.0,-11.0,False,False,53.0,53.0
2004-10-01,LFT,-1.0,0.0,False,False,1.0,1.0
2004-10-01,NKD,-33.0,-33.0,False,False,33.0,33.0
2004-10-01,NQ,-2.0,-58.0,False,False,2.0,2.0
2004-10-01,RTY,2.0,57.0,False,False,2.0,2.0
2004-10-01,SNK,-38.0,-34.0,False,False,38.0,38.0
2004-10-01,SXF,1.0,30.0,False,False,1.0,1.0
2004-10-01,YAP,-26.0,12.0,False,False,26.0,26.0
2004-10-01,YM,2.0,54.0,False,False,2.0,2.0
2004-10-01,CGB,3.0,54.0,False,False,3.0,3.0
2004-10-01,FGBL,60.0,60.0,False,False,60.0,60.0
2004-10-01,FGBM,28.0,88.0,False,False,28.0,28.0
2004-10-01,FGBS,64.0,214.0,False,False,64.0,64.0
2004-10-01,LLG,44.0,44.0,False,False,44.0,44.0
2004-10-01,SJB,22.0,72.0,False,False,22.0,22.0
2004-10-01,YXT,-14.0,7.0,False,False,14.0,14.0
2004-10-01,YYT,9.0,220.0,False,False,9.0,9.0
2004-10-01,ZT,2.0,65.0,False,False,2.0,2.0
2004-10-01,ZF,2.0,53.0,False,False,2.0,2.0
2004-10-01,ZN,1.0,35.0,False,False,1.0,1.0
2004-10-01,ZB,1.0,31.0,False,False,1.0,1.0
2004-10-01,6A,11.0,34.0,False,False,11.0,11.0
2004-10-01,6B,1.0,23.0,False,False,1.0,1.0
2004-10-01,6C,-23.0,19.0,False,False,23.0,23.0
2004-10-01,6E,-19.0,0.0,False,False,19.0,19.0
2004-10-01,6J,-39.0,-31.0,False,False,39.0,39.0
2004-10-01,6M,-56.0,11.0,False,False,56.0,56.0
2004-10-01,BRN,1.0,22.0,False,False,1.0,1.0
2004-10-01,CL,1.0,13.0,False,False,1.0,1.0
2004-10-01,GAS,1.0,23.0,False,False,1.0,1.0
2004-10-01,HO,1.0,11.0,False,False,1.0,1.0
2004-10-01,NG,4.0,-8.0,False,False,4.0,4.0
2004-10-01,GC,1.0,13.0,False,False,1.0,1.0
2004-10-01,HG,15.0,40.0,False,False,15.0,15.0
2004-10-01,CC,-60.0,-57.0,False,False,60.0,60.0
2004-10-01,CT,-1.0,-23.0,False,False,1.0,1.0
2004-10-01,GF,2.0,34.0,False,False,2.0,2.0
2004-10-01,HE,2.0,48.0,False,False,2.0,2.0
2004-10-01,KC,59.0,29.0,False,False,59.0,59.0
2004-10-01,KE,-2.0,-60.0,False,False,2.0,2.0
2004-10-01,LE,1.0,28.0,False,False,1.0,1.0
2004-10-01,RS,-194.0,-23.0,False,False,194.0,194.0
2004-10-01,ZC,-48.0,-116.0,False,False,48.0,48.0
2004-10-01,ZL,-47.0,0.0,False,False,47.0,47.0
2004-10-01,ZM,-47.0,-19.0,False,False,47.0,47.0
2004-10-01,ZS,-20.0,0.0,False,False,20.0,20.0
2004-10-01,ZW,-2.0,-52.0,False,False,2.0,2.0
2004-10-04,LE,0.0,28.0,True,True,56.0,56.0
2004-10-12,GAS,0.0,23.0,True,True,46.0,46.0
2004-10-15,FCE,0.0,41.0,True,True,82.0,82.0
2004-10-15,HE,0.0,48.0,True,True,96.0,96.0
2004-10-20,CL,0.0,13.0,True,True,26.0,26.0
2004-10-27,NG,0.0,-8.0,True,True,16.0,16.0
2004-10-28,HTW,0.0,-11.0,True,True,22.0,22.0
2004-10-28,GF,0.0,34.0,True,True,68.0,68.0
2004-10-29,BRN,0.0,22.0,True,True,44.0,44.0
2004-10-29,HO,0.0,11.0,True,True,22.0,22.0
2004-10-29,RS,0.0,-23.0,True,True,46.0,46.0
2004-11-01,EMD,1.0,36.0,False,False,1.0,1.0
2004-11-01,ES,1.0,36.0,False,False,1.0,1.0
2004-11-01,FCE,-9.0,32.0,False,False,9.0,9.0
2004-11-01,FDAX,1.0,15.0,False,False,1.0,1.0
2004-11-01,FESX,3.0,75.0,False,False,3.0,3.0
2004-11-01,FSMI,2.0,50.0,False,False,2.0,2.0
2004-11-01,HTW,7.0,-4.0,False,False,7.0,7.0
2004-11-01,NKD,33.0,0.0,False,False,33.0,33.0
2004-11-01,NQ,87.0,29.0,False,False,87.0,87.0
2004-11-01,RTY,2.0,59.0,False,False,2.0,2.0
2004-11-01,SNK,70.0,36.0,False,False,70.0,70.0
2004-11-01,SXF,2.0,32.0,False,False,2.0,2.0
2004-11-01,YM,3.0,57.0,False,False,3.0,3.0
2004-11-01,CGB,2.0,56.0,False,False,2.0,2.0
2004-11-01,FGBL,2.0,62.0,False,False,2.0,2.0
2004-11-01,FGBM,4.0,92.0,False,False,4.0,4.0
2004-11-01,FGBS,9.0,223.0,False,False,9.0,9.0
2004-11-01,LLG,2.0,46.0,False,False,2.0,2.0
2004-11-01,SJB,3.0,75.0,False,False,3.0,3.0
2004-11-01,YXT,-7.0,0.0,False,False,7.0,7.0
2004-11-01,YYT,9.0,229.0,False,False,9.0,9.0
2004-11-01,ZT,3.0,68.0,False,False,3.0,3.0
2004-11-01,ZF,2.0,55.0,False,False,2.0,2.0
2004-11-01,ZN,2.0,37.0,False,False,2.0,2.0
2004-11-01,ZB,2.0,33.0,False,False,2.0,2.0
2004-11-01,6A,1.0,35.0,False,False,1.0,1.0
2004-11-01,6B,1.0,24.0,False,False,1.0,1.0
2004-11-01,6C,1.0,20.0,False,False,1.0,1.0
2004-11-01,6J,45.0,14.0,False,False,45.0,45.0
2004-11-01,6M,7.0,18.0,False,False,7.0,7.0
2004-11-01,BRN,-6.0,16.0,False,False,6.0,6.0
2004-11-01,GAS,-8.0,15.0,False,False,8.0,8.0
2004-11-01,HO,-3.0,8.0,False,False,3.0,3.0
2004-11-01,NG,10.0,2.0,False,False,10.0,10.0
2004-11-01,HG,-26.0,14.0,False,False,26.0,26.0
2004-11-01,SI,-3.0,6.0,False,False,3.0,3.0
2004-11-01,CC,-2.0,-59.0,False,False,2.0,2.0
2004-11-01,CT,-1.0,-24.0,False,False,1.0,1.0
2004-11-01,GF,1.0,35.0,False,False,1.0,1.0
2004-11-01,HE,2.0,50.0,False,False,2.0,2.0
2004-11-01,KC,-21.0,8.0,False,False,21.0,21.0
2004-11-01,KE,-2.0,-62.0,False,False,2.0,2.0
2004-11-01,LE,-76.0,-48.0,False,False,76.0,76.0
2004-11-01,RS,23.0,0.0,False,False,23.0,23.0
2004-11-01,ZC,-4.0,-120.0,False,False,4.0,4.0
2004-11-01,ZW,-2.0,-54.0,False,False,2.0,2.0
2004-11-11,GAS,0.0,15.0,True,True,30.0,30.0
2004-11-17,CC,0.0,-59.0,True,True,118.0,118.0
2004-11-18,GF,0.0,35.0,True,True,70.0,70.0
2004-11-19,FCE,0.0,32.0,True,True,64.0,64.0
2004-11-19,CL,0.0,13.0,True,True,26.0,26.0
2004-11-22,KC,0.0,8.0,True,True,16.0,16.0
2004-11-24,NG,0.0,2.0,True,True,4.0,4.0
2004-11-24,CT,0.0,-24.0,True,True,48.0,48.0
2004-11-26,CGB,0.0,56.0,True,True,112.0,112.0
2004-11-29,HTW,0.0,-4.0,True,True,8.0,8.0
2004-11-29,LLG,0.0,46.0,True,True,92.0,92.0
2004-11-30,ZT,0.0,68.0,True,True,136.0,136.0
2004-11-30,ZF,0.0,55.0,True,True,110.0,110.0
2004-11-30,ZN,0.0,37.0,True,True,74.0,74.0
2004-11-30,ZB,0.0,33.0,True,True,66.0,66.0
2004-11-30,BRN,0.0,16.0,True,True,32.0,32.0
2004-11-30,HO,0.0,8.0,True,True,16.0,16.0
2004-11-30,GC,0.0,13.0,True,True,26.0,26.0
2004-11-30,HG,0.0,14.0,True,True,28.0,28.0
2004-11-30,SI,0.0,6.0,True,True,12.0,12.0
2004-11-30,KE,0.0,-62.0,True,True,124.0,124.0
2004-11-30,ZC,0.0,-120.0,True,True,240.0,240.0
2004-11-30,ZM,0.0,-19.0,True,True,38.0,38.0
2004-11-30,ZW,0.0,-54.0,True,True,108.0,108.0
2004-12-01,EMD,2.0,38.0,False,False,2.0,2.0
2004-12-01,ES,2.0,38.0,False,False,2.0,2.0
2004-12-01,FCE,2.0,34.0,False,False,2.0,2.0
2004-12-01,FDAX,-10.0,5.0,False,False,10.0,10.0
2004-12-01,FESX,-42.0,33.0,False,False,42.0,42.0
2004-12-01,FSMI,3.0,53.0,False,False,3.0,3.0
2004-12-01,HTW,-3.0,-7.0,False,False,3.0,3.0
2004-12-01,LFT,8.0,8.0,False,False,8.0,8.0
2004-12-01,NKD,26.0,26.0,False,False,26.0,26.0
2004-12-01,NQ,-17.0,12.0,False,False,17.0,17.0
2004-12-01,RTY,3.0,62.0,False,False,3.0,3.0
2004-12-01,SNK,-15.0,21.0,False,False,15.0,15.0
2004-12-01,SXF,1.0,33.0,False,False,1.0,1.0
2004-12-01,YAP,-8.0,4.0,False,False,8.0,8.0
2004-12-01,YM,2.0,59.0,False,False,2.0,2.0
2004-12-01,CGB,2.0,58.0,False,False,2.0,2.0
2004-12-01,FGBL,-39.0,23.0,False,False,39.0,39.0
2004-12-01,FGBM,-52.0,40.0,False,False,52.0,52.0
2004-12-01,FGBS,-131.0,92.0,False,False,131.0,131.0
2004-12-01,LLG,-46.0,0.0,False,False,46.0,46.0
2004-12-01,SJB,-19.0,56.0,False,False,19.0,19.0
2004-12-01,YXT,59.0,59.0,False,False,59.0,59.0
2004-12-01,YYT,-57.0,172.0,False,False,57.0,57.0
2004-12-01,ZT,3.0,71.0,False,False,3.0,3.0
2004-12-01,ZF,3.0,58.0,False,False,3.0,3.0
2004-12-01,ZN,1.0,38.0,False,False,1.0,1.0
2004-12-01,ZB,-17.0,16.0,False,False,17.0,17.0
2004-12-01,6A,2.0,37.0,False,False,2.0,2.0
2004-12-01,6B,1.0,25.0,False,False,1.0,1.0
2004-12-01,6C,1.0,21.0,False,False,1.0,1.0
2004-12-01,6E,14.0,14.0,False,False,14.0,14.0
2004-12-01,6J,-12.0,2.0,False,False,12.0,12.0
2004-12-01,6M,90.0,108.0,False,False,90.0,90.0
2004-12-01,BRN,-9.0,7.0,False,False,9.0,9.0
2004-12-01,CL,1.0,14.0,False,False,1.0,1.0
2004-12-01,HO,-1.0,7.0,False,False,1.0,1.0
2004-12-01,NG,-6.0,-4.0,False,False,6.0,6.0
2004-12-01,GC,-13.0,0.0,False,False,13.0,13.0
2004-12-01,SI,-6.0,0.0,False,False,6.0,6.0
2004-12-01,CC,30.0,-29.0,False,False,30.0,30.0
2004-12-01,CT,24.0,0.0,False,False,24.0,24.0
2004-12-01,GF,2.0,37.0,False,False,2.0,2.0
2004-12-01,HE,3.0,53.0,False,False,3.0,3.0
2004-12-01,KC,1.0,9.0,False,False,1.0,1.0
2004-12-01,KE,-4.0,-66.0,False,False,4.0,4.0
2004-12-01,LE,53.0,5.0,False,False,53.0,53.0
2004-12-01,ZC,-6.0,-126.0,False,False,6.0,6.0
2004-12-01,ZM,-32.0,-51.0,False,False,32.0,32.0
2004-12-01,ZW,-3.0,-57.0,False,False,3.0,3.0
2004-12-06,LE,0.0,5.0,True,True,10.0,10.0
2004-12-08,FGBL,0.0,23.0,True,True,46.0,46.0
2004-12-08,FGBM,0.0,40.0,True,True,80.0,80.0
2004-12-08,FGBS,0.0,92.0,True,True,184.0,184.0
2004-12-08,SJB,0.0,56.0,True,True,112.0,112.0
2004-12-09,NKD,0.0,26.0,True,True,52.0,52.0
2004-12-09,SNK,0.0,21.0,True,True,42.0,42.0
2004-12-10,GAS,0.0,15.0,True,True,30.0,30.0
2004-12-13,6A,0.0,37.0,True,True,74.0,74.0
2004-12-13,6B,0.0,25.0,True,True,50.0,50.0
2004-12-13,6E,0.0,14.0,True,True,28.0,28.0
2004-12-13,6J,0.0,2.0,True,True,4.0,4.0
2004-12-13,6M,0.0,108.0,True,True,216.0,216.0
2004-12-14,6C,0.0,21.0,True,True,42.0,42.0
2004-12-14,HE,0.0,53.0,True,True,106.0,106.0
2004-12-15,SXF,0.0,33.0,True,True,66.0,66.0
2004-12-15,YXT,0.0,59.0,True,True,118.0,118.0
2004-12-15,YYT,0.0,172.0,True,True,344.0,344.0
2004-12-16,ES,0.0,38.0,True,True,76.0,76.0
2004-12-16,YAP,0.0,4.0,True,True,8.0,8.0
2004-12-16,YM,0.0,59.0,True,True,118.0,118.0
2004-12-17,EMD,0.0,38.0,True,True,76.0,76.0
2004-12-17,FCE,0.0,34.0,True,True,68.0,68.0
2004-12-17,FDAX,0.0,5.0,True,True,10.0,10.0
2004-12-17,FESX,0.0,33.0,True,True,66.0,66.0
2004-12-17,FSMI,0.0,53.0,True,True,106.0,106.0
2004-12-17,LFT,0.0,8.0,True,True,16.0,16.0
2004-12-17,NQ,0.0,12.0,True,True,24.0,24.0
2004-12-17,RTY,0.0,62.0,True,True,124.0,124.0
2004-12-20,CL,0.0,14.0,True,True,28.0,28.0
2004-12-28,NG,0.0,-4.0,True,True,8.0,8.0
2004-12-30,HTW,0.0,-7.0,True,True,14.0,14.0
2004-12-30,HO,0.0,7.0,True,True,14.0,14.0
2004-12-30,ZM,0.0,-51.0,True,True,102.0,102.0
2004-12-31,BRN,0.0,7.0,True,True,14.0,14.0
2005-01-03,EMD,-38.0,0.0,False,False,38.0,38.0
2005-01-03,ES,-38.0,0.0,False,False,38.0,38.0
2005-01-03,FCE,22.0,56.0,False,False,22.0,22.0
2005-01-03,FDAX,7.0,12.0,False,False,7.0,7.0
2005-01-03,FESX,35.0,68.0,False,False,35.0,35.0
2005-01-03,FSMI,1.0,54.0,False,False,1.0,1.0
2005-01-03,HTW,-13.0,-20.0,False,False,13.0,13.0
2005-01-03,NKD,-9.0,17.0,False,False,9.0,9.0
2005-01-03,NQ,-12.0,0.0,False,False,12.0,12.0
2005-01-03,RTY,-62.0,0.0,False,False,62.0,62.0
2005-01-03,YM,2.0,61.0,False,False,2.0,2.0
2005-01-03,FGBL,24.0,47.0,False,False,24.0,24.0
2005-01-03,FGBM,1.0,41.0,False,False,1.0,1.0
2005-01-03,FGBS,2.0,94.0,False,False,2.0,2.0
2005-01-03,ZT,-159.0,-88.0,False,False,159.0,159.0
2005-01-03,ZF,33.0,91.0,False,False,33.0,33.0
2005-01-03,ZN,2.0,40.0,False,False,2.0,2.0
2005-01-03,6A,-13.0,24.0,False,False,13.0,13.0
2005-01-03,6B,1.0,26.0,False,False,1.0,1.0
2005-01-03,6C,-15.0,6.0,False,False,15.0,15.0
2005-01-03,6E,-14.0,0.0,False,False,14.0,14.0
2005-01-03,6J,2.0,4.0,False,False,2.0,2.0
2005-01-03,6M,3.0,111.0,False,False,3.0,3.0
2005-01-03,NG,-3.0,-7.0,False,False,3.0,3.0
2005-01-03,GC,10.0,10.0,False,False,10.0,10.0
2005-01-03,HG,11.0,25.0,False,False,11.0,11.0
2005-01-03,PL,10.0,10.0,False,False,10.0,10.0
2005-01-03,SI,1.0,1.0,False,False,1.0,1.0
2005-01-03,CC,-24.0,-53.0,False,False,24.0,24.0
2005-01-03,HE,1.0,54.0,False,False,1.0,1.0
2005-01-03,KE,-34.0,-100.0,False,False,34.0,34.0
2005-01-03,LE,3.0,8.0,False,False,3.0,3.0
2005-01-03,ZC,-50.0,-176.0,False,False,50.0,50.0
2005-01-03,ZM,36.0,-15.0,False,False,36.0,36.0
2005-01-03,ZW,-36.0,-93.0,False,False,36.0,36.0
2005-01-04,LFT,-8.0,0.0,False,False,8.0,8.0
2005-01-04,SXF,17.0,50.0,False,False,17.0,17.0
2005-01-04,YAP,5.0,9.0,False,False,5.0,5.0
2005-01-04,CGB,2.0,60.0,False,False,2.0,2.0
2005-01-04,LLG,8.0,8.0,False,False,8.0,8.0
2005-01-04,SJB,27.0,83.0,False,False,27.0,27.0
2005-01-04,YXT,2.0,61.0,False,False,2.0,2.0
2005-01-04,YYT,5.0,177.0,False,False,5.0,5.0
2005-01-04,BRN,-3.0,4.0,False,False,3.0,3.0
2005-01-04,GAS,1.0,16.0,False,False,1.0,1.0
2005-01-12,GAS,0.0,16.0,True,True,32.0,32.0
2005-01-20,CL,0.0,14.0,True,True,28.0,28.0
2005-01-21,FCE,0.0,56.0,True,True,112.0,112.0
2005-01-27,NG,0.0,-7.0,True,True,14.0,14.0
2005-01-27,GF,0.0,37.0,True,True,74.0,74.0
2005-01-28,HTW,0.0,-20.0,True,True,40.0,40.0
2005-01-31,BRN,0.0,4.0,True,True,8.0,8.0
2005-01-31,HO,0.0,7.0,True,True,14.0,14.0
2005-01-31,GC,0.0,10.0,True,True,20.0,20.0
2005-02-01,ES,5.0,5.0,False,False,5.0,5.0
2005-02-01,FCE,23.0,79.0,False,False,23.0,23.0
2005-02-01,FDAX,1.0,13.0,False,False,1.0,1.0
2005-02-01,FESX,29.0,97.0,False,False,29.0,29.0
2005-02-01,FSMI,-147.0,-93.0,False,False,147.0,147.0
2005-02-01,HTW,7.0,-13.0,False,False,7.0,7.0
2005-02-01,RTY,24.0,24.0,False,False,24.0,24.0
2005-02-01,SXF,1.0,51.0,False,False,1.0,1.0
2005-02-01,YAP,-4.0,5.0,False,False,4.0,4.0
2005-02-01,YM,-148.0,-87.0,False,False,148.0,148.0
2005-02-01,CGB,49.0,109.0,False,False,49.0,49.0
2005-02-01,FGBL,27.0,74.0,False,False,27.0,27.0
2005-02-01,FGBM,42.0,83.0,False,False,42.0,42.0
2005-02-01,FGBS,132.0,226.0,False,False,132.0,132.0
2005-02-01,LLG,9.0,17.0,False,False,9.0,9.0
2005-02-01,SJB,48.0,131.0,False,False,48.0,48.0
2005-02-01,YXT,1.0,62.0,False,False,1.0,1.0
2005-02-01,YYT,2.0,179.0,False,False,2.0,2.0
2005-02-01,ZT,-41.0,-129.0,False,False,41.0,41.0
2005-02-01,ZF,43.0,134.0,False,False,43.0,43.0
2005-02-01,ZN,25.0,65.0,False,False,25.0,25.0
2005-02-01,ZB,13.0,29.0,False,False,13.0,13.0
2005-02-01,6A,12.0,36.0,False,False,12.0,12.0
2005-02-01,6B,10.0,36.0,False,False,10.0,10.0
2005-02-01,6C,5.0,11.0,False,False,5.0,5.0
2005-02-01,6J,3.0,7.0,False,False,3.0,3.0
2005-02-01,6M,1.0,112.0,False,False,1.0,1.0
2005-02-01,BRN,-4.0,0.0,False,False,4.0,4.0
2005-02-01,GAS,6.0,22.0,False,False,6.0,6.0
2005-02-01,HO,-4.0,3.0,False,False,4.0,4.0
2005-02-01,NG,-3.0,-10.0,False,False,3.0,3.0
2005-02-01,GC,-10.0,0.0,False,False,10.0,10.0
2005-02-01,HG,14.0,39.0,False,False,14.0,14.0
2005-02-01,PL,-10.0,0.0,False,False,10.0,10.0
2005-02-01,SI,-37.0,-36.0,False,False,37.0,37.0
2005-02-01,CC,-32.0,-85.0,False,False,32.0,32.0
2005-02-01,CT,-15.0,-15.0,False,False,15.0,15.0
2005-02-01,GF,1.0,38.0,False,False,1.0,1.0
2005-02-01,HE,1.0,55.0,False,False,1.0,1.0
2005-02-01,KE,-1.0,-101.0,False,False,1.0,1.0
2005-02-01,ZC,-3.0,-179.0,False,False,3.0,3.0
2005-02-01,ZM,-5.0,-20.0,False,False,5.0,5.0
2005-02-01,ZW,-33.0,-126.0,False,False,33.0,33.0
2005-02-07,LE,0.0,8.0,True,True,16.0,16.0
2005-02-10,GAS,0.0,22.0,True,True,44.0,44.0
2005-02-14,HE,0.0,55.0,True,True,110.0,110.0
2005-02-15,CC,0.0,-85.0,True,True,170.0,170.0
2005-02-18,FCE,0.0,79.0,True,True,158.0,158.0
2005-02-18,KC,0.0,9.0,True,True,18.0,18.0
2005-02-22,CL,0.0,14.0,True,True,28.0,28.0
2005-02-22,CT,0.0,-15.0,True,True,30.0,30.0
2005-02-24,HTW,0.0,-13.0,True,True,26.0,26.0
2005-02-24,CGB,0.0,109.0,True,True,218.0,218.0
2005-02-24,NG,0.0,-10.0,True,True,20.0,20.0
2005-02-25,LLG,0.0,17.0,True,True,34.0,34.0
2005-02-28,ZT,0.0,-129.0,True,True,258.0,258.0
2005-02-28,ZF,0.0,134.0,True,True,268.0,268.0
2005-02-28,ZN,0.0,65.0,True,True,130.0,130.0
2005-02-28,ZB,0.0,29.0,True,True,58.0,58.0
2005-02-28,HO,0.0,3.0,True,True,6.0,6.0
2005-02-28,HG,0.0,39.0,True,True,78.0,78.0
2005-02-28,SI,0.0,-36.0,True,True,72.0,72.0
2005-02-28,KE,0.0,-101.0,True,True,202.0,202.0
2005-02-28,ZC,0.0,-179.0,True,True,358.0,358.0
2005-02-28,ZM,0.0,-20.0,True,True,40.0,40.0
2005-02-28,ZW,0.0,-126.0,True,True,252.0,252.0
2005-03-01,ES,11.0,16.0,False,False,11.0,11.0
2005-03-01,FCE,-3.0,76.0,False,False,3.0,3.0
2005-03-01,FDAX,-13.0,0.0,False,False,13.0,13.0
2005-03-01,FESX,-5.0,92.0,False,False,5.0,5.0
2005-03-01,FSMI,179.0,86.0,False,False,179.0,179.0
2005-03-01,HTW,13.0,0.0,False,False,13.0,13.0
2005-03-01,NKD,-17.0,0.0,False,False,17.0,17.0
2005-03-01,RTY,19.0,43.0,False,False,19.0,19.0
2005-03-01,SNK,-21.0,0.0,False,False,21.0,21.0
2005-03-01,SXF,-3.0,48.0,False,False,3.0,3.0
2005-03-01,YAP,-4.0,1.0,False,False,4.0,4.0
2005-03-01,YM,101.0,14.0,False,False,101.0,101.0
2005-03-01,CGB,-5.0,104.0,False,False,5.0,5.0
2005-03-01,FGBL,-65.0,9.0,False,False,65.0,65.0
2005-03-01,FGBM,-33.0,50.0,False,False,33.0,33.0
2005-03-01,FGBS,-201.0,25.0,False,False,201.0,201.0
2005-03-01,LLG,-61.0,-44.0,False,False,61.0,61.0
2005-03-01,SJB,-45.0,86.0,False,False,45.0,45.0
2005-03-01,YXT,-139.0,-77.0,False,False,139.0,139.0
2005-03-01,YYT,-448.0,-269.0,False,False,448.0,448.0
2005-03-01,ZT,6.0,-123.0,False,False,6.0,6.0
2005-03-01,ZF,-249.0,-115.0,False,False,249.0,249.0
2005-03-01,ZN,-141.0,-76.0,False,False,141.0,141.0
2005-03-01,ZB,-23.0,6.0,False,False,23.0,23.0
2005-03-01,6A,-2.0,34.0,False,False,2.0,2.0
2005-03-01,6B,-1.0,35.0,False,False,1.0,1.0
2005-03-01,6C,8.0,19.0,False,False,8.0,8.0
2005-03-01,6E,2.0,2.0,False,False,2.0,2.0
2005-03-01,6J,-7.0,0.0,False,False,7.0,7.0
2005-03-01,6M,-5.0,107.0,False,False,5.0,5.0
2005-03-01,CL,-14.0,0.0,False,False,14.0,14.0
2005-03-01,GAS,-1.0,21.0,False,False,1.0,1.0
2005-03-01,HG,-2.0,37.0,False,False,2.0,2.0
2005-03-01,SI,36.0,0.0,False,False,36.0,36.0
2005-03-01,CC,85.0,0.0,False,False,85.0,85.0
2005-03-01,CT,15.0,0.0,False,False,15.0,15.0
2005-03-01,GF,-2.0,36.0,False,False,2.0,2.0
2005-03-01,HE,-3.0,52.0,False,False,3.0,3.0
2005-03-01,KC,10.0,19.0,False,False,10.0,10.0
2005-03-01,KE,56.0,-45.0,False,False,56.0,56.0
2005-03-01,LE,3.0,11.0,False,False,3.0,3.0
2005-03-01,ZC,8.0,-171.0,False,False,8.0,8.0
2005-03-01,ZL,-39.0,-39.0,False,False,39.0,39.0
2005-03-01,ZM,20.0,0.0,False,False,20.0,20.0
2005-03-01,ZW,48.0,-78.0,False,False,48.0,48.0
2005-03-08,FGBL,0.0,9.0,True,True,18.0,18.0
2005-03-08,FGBM,0.0,50.0,True,True,100.0,100.0
2005-03-08,FGBS,0.0,25.0,True,True,50.0,50.0
2005-03-09,SJB,0.0,86.0,True,True,172.0,172.0
2005-03-10,GAS,0.0,21.0,True,True,42.0,42.0
2005-03-14,6A,0.0,34.0,True,True,68.0,68.0
2005-03-14,6B,0.0,35.0,True,True,70.0,70.0
2005-03-14,6E,0.0,2.0,True,True,4.0,4.0
2005-03-14,6M,0.0,107.0,True,True,214.0,214.0
2005-03-15,YXT,0.0,-77.0,True,True,154.0,154.0
2005-03-15,YYT,0.0,-269.0,True,True,538.0,538.0
2005-03-15,6C,0.0,19.0,True,True,38.0,38.0
2005-03-16,SXF,0.0,48.0,True,True,96.0,96.0
2005-03-17,ES,0.0,16.0,True,True,32.0,32.0
2005-03-17,YAP,0.0,1.0,True,True,2.0,2.0
2005-03-17,YM,0.0,14.0,True,True,28.0,28.0
2005-03-18,FCE,0.0,76.0,True,True,152.0,152.0
2005-03-18,FESX,0.0,92.0,True,True,184.0,184.0
2005-03-18,FSMI,0.0,86.0,True,True,172.0,172.0
2005-03-18,RTY,0.0,43.0,True,True,86.0,86.0
2005-03-28,GF,0.0,36.0,True,True,72.0,72.0
2005-03-29,NG,0.0,-10.0,True,True,20.0,20.0
2005-03-31,HO,0.0,3.0,True,True,6.0,6.0
2005-04-01,ES,-16.0,0.0,False,False,16.0,16.0
2005-04-01,FCE,30.0,106.0,False,False,30.0,30.0
2005-04-01,FDAX,14.0,14.0,False,False,14.0,14.0
2005-04-01,FESX,2.0,94.0,False,False,2.0,2.0
2005-04-01,FSMI,1.0,87.0,False,False,1.0,1.0
2005-04-01,NKD,-35.0,-35.0,False,False,35.0,35.0
2005-04-01,NQ,-127.0,-127.0,False,False,127.0,127.0
2005-04-01,RTY,-43.0,0.0,False,False,43.0,43.0
2005-04-01,SNK,-66.0,-66.0,False,False,66.0,66.0
2005-04-01,SXF,-19.0,29.0,False,False,19.0,19.0
2005-04-01,YAP,-1.0,0.0,False,False,1.0,1.0
2005-04-01,YM,-14.0,0.0,False,False,14.0,14.0
2005-04-01,CGB,2.0,106.0,False,False,2.0,2.0
2005-04-01,FGBL,65.0,74.0,False,False,65.0,65.0
2005-04-01,FGBM,88.0,138.0,False,False,88.0,88.0
2005-04-01,FGBS,196.0,221.0,False,False,196.0,196.0
2005-04-01,LLG,72.0,28.0,False,False,72.0,72.0
2005-04-01,SJB,75.0,161.0,False,False,75.0,75.0
2005-04-01,YXT,208.0,131.0,False,False,208.0,208.0
2005-04-01,YYT,-137.0,-406.0,False,False,137.0,137.0
2005-04-01,ZT,-98.0,-221.0,False,False,98.0,98.0
2005-04-01,ZF,-2.0,-117.0,False,False,2.0,2.0
2005-04-01,ZN,106.0,30.0,False,False,106.0,106.0
2005-04-01,ZB,8.0,14.0,False,False,8.0,8.0
2005-04-01,6A,1.0,35.0,False,False,1.0,1.0
2005-04-01,6C,-19.0,0.0,False,False,19.0,19.0
2005-04-01,6E,-2.0,0.0,False,False,2.0,2.0
2005-04-01,6J,-47.0,-47.0,False,False,47.0,47.0
2005-04-01,6M,71.0,178.0,False,False,71.0,71.0
2005-04-01,GAS,8.0,29.0,False,False,8.0,8.0
2005-04-01,HO,15.0,18.0,False,False,15.0,15.0
2005-04-01,NG,-9.0,-19.0,False,False,9.0,9.0
2005-04-01,HG,25.0,62.0,False,False,25.0,25.0
2005-04-01,SI,-53.0,-53.0,False,False,53.0,53.0
2005-04-01,CC,17.0,17.0,False,False,17.0,17.0
2005-04-01,CT,-10.0,-10.0,False,False,10.0,10.0
2005-04-01,GF,30.0,66.0,False,False,30.0,30.0
2005-04-01,HE,21.0,73.0,False,False,21.0,21.0
2005-04-01,KE,-23.0,-68.0,False,False,23.0,23.0
2005-04-01,LE,-6.0,5.0,False,False,6.0,6.0
2005-04-01,ZC,-3.0,-174.0,False,False,3.0,3.0
2005-04-01,ZL,-14.0,-53.0,False,False,14.0,14.0
2005-04-01,ZM,-1.0,-1.0,False,False,1.0,1.0
2005-04-01,ZS,-9.0,-9.0,False,False,9.0,9.0
2005-04-01,ZW,-2.0,-80.0,False,False,2.0,2.0
2005-04-04,LE,0.0,5.0,True,True,10.0,10.0
2005-04-12,GAS,0.0,29.0,True,True,58.0,58.0
2005-04-14,HE,0.0,73.0,True,True,146.0,146.0
2005-04-15,FCE,0.0,106.0,True,True,212.0,212.0
2005-04-19,CC,0.0,17.0,True,True,34.0,34.0
2005-04-21,KC,0.0,19.0,True,True,38.0,38.0
2005-04-25,CT,0.0,-10.0,True,True,20.0,20.0
2005-04-27,NG,0.0,-19.0,True,True,38.0,38.0
2005-04-28,GF,0.0,66.0,True,True,132.0,132.0
2005-04-29,HO,0.0,18.0,True,True,36.0,36.0
2005-04-29,HG,0.0,62.0,True,True,124.0,124.0
2005-04-29,SI,0.0,-53.0,True,True,106.0,106.0
2005-04-29,KE,0.0,-68.0,True,True,136.0,136.0
2005-04-29,ZC,0.0,-174.0,True,True,348.0,348.0
2005-04-29,ZL,0.0,-53.0,True,True,106.0,106.0
2005-04-29,ZM,0.0,-1.0,True,True,2.0,2.0
2005-04-29,ZS,0.0,-9.0,True,True,18.0,18.0
2005-04-29,ZW,0.0,-80.0,True,True,160.0,160.0
2005-05-02,FCE,-61.0,45.0,False,False,61.0,61.0
2005-05-02,FESX,3.0,97.0,False,False,3.0,3.0
2005-05-02,FSMI,3.0,90.0,False,False,3.0,3.0
2005-05-02,NKD,-1.0,-36.0,False,False,1.0,1.0
2005-05-02,NQ,-4.0,-131.0,False,False,4.0,4.0
2005-05-02,RTY,30.0,30.0,False,False,30.0,30.0
2005-05-02,SNK,-2.0,-68.0,False,False,2.0,2.0
2005-05-02,SXF,21.0,50.0,False,False,21.0,21.0
2005-05-02,YM,3.0,3.0,False,False,3.0,3.0
2005-05-02,CGB,101.0,207.0,False,False,101.0,101.0
2005-05-02,FGBL,52.0,126.0,False,False,52.0,52.0
2005-05-02,FGBM,98.0,236.0,False,False,98.0,98.0
2005-05-02,FGBS,139.0,360.0,False,False,139.0,139.0
2005-05-02,SJB,67.0,228.0,False,False,67.0,67.0
2005-05-02,YXT,4.0,135.0,False,False,4.0,4.0
2005-05-02,YYT,489.0,83.0,False,False,489.0,489.0
2005-05-02,ZT,369.0,148.0,False,False,369.0,369.0
2005-05-02,ZF,161.0,44.0,False,False,161.0,161.0
2005-05-02,ZN,15.0,45.0,False,False,15.0,15.0
2005-05-02,6A,21.0,56.0,False,False,21.0,21.0
2005-05-02,6B,32.0,67.0,False,False,32.0,32.0
2005-05-02,6J,47.0,0.0,False,False,47.0,47.0
2005-05-02,6M,99.0,277.0,False,False,99.0,99.0
2005-05-02,HO,14.0,32.0,False,False,14.0,14.0
2005-05-02,NG,-10.0,-29.0,False,False,10.0,10.0
2005-05-02,HG,24.0,86.0,False,False,24.0,24.0
2005-05-02,SI,53.0,0.0,False,False,53.0,53.0
2005-05-02,CC,-17.0,0.0,False,False,17.0,17.0
2005-05-02,CT,6.0,-4.0,False,False,6.0,6.0
2005-05-02,GF,57.0,123.0,False,False,57.0,57.0
2005-05-02,HE,45.0,118.0,False,False,45.0,45.0
2005-05-02,KC,9.0,28.0,False,False,9.0,9.0
2005-05-02,KE,54.0,-14.0,False,False,54.0,54.0
2005-05-02,LE,6.0,11.0,False,False,6.0,6.0
2005-05-02,SB,63.0,63.0,False,False,63.0,63.0
2005-05-02,ZC,-130.0,-304.0,False,False,130.0,130.0
2005-05-02,ZL,-151.0,-204.0,False,False,151.0,151.0
2005-05-02,ZM,-16.0,-17.0,False,False,16.0,16.0
2005-05-02,ZS,-15.0,-24.0,False,False,15.0,15.0
2005-05-02,ZW,-37.0,-117.0,False,False,37.0,37.0
2005-05-03,HTW,197.0,197.0,False,False,197.0,197.0
2005-05-03,LLG,11.0,39.0,False,False,11.0,11.0
2005-05-03,GAS,1.0,30.0,False,False,1.0,1.0
2005-05-12,GAS,0.0,30.0,True,True,60.0,60.0
2005-05-20,FCE,0.0,45.0,True,True,90.0,90.0
2005-05-26,NG,0.0,-29.0,True,True,58.0,58.0
2005-05-26,GF,0.0,123.0,True,True,246.0,246.0
2005-05-27,CGB,0.0,207.0,True,True,414.0,414.0
2005-05-27,LLG,0.0,39.0,True,True,78.0,78.0
2005-05-30,HTW,0.0,197.0,True,True,394.0,394.0
2005-05-31,ZT,0.0,148.0,True,True,296.0,296.0
2005-05-31,ZF,0.0,44.0,True,True,88.0,88.0
2005-05-31,ZN,0.0,45.0,True,True,90.0,90.0
2005-05-31,ZB,0.0,14.0,True,True,28.0,28.0
2005-05-31,HO,0.0,32.0,True,True,64.0,64.0
2005-06-01,FCE,24.0,69.0,False,False,24.0,24.0
2005-06-01,FDAX,-14.0,0.0,False,False,14.0,14.0
2005-06-01,FESX,5.0,102.0,False,False,5.0,5.0
2005-06-01,FSMI,5.0,95.0,False,False,5.0,5.0
2005-06-01,HTW,-68.0,129.0,False,False,68.0,68.0
2005-06-01,NKD,30.0,-6.0,False,False,30.0,30.0
2005-06-01,NQ,131.0,0.0,False,False,131.0,131.0
2005-06-01,RTY,1.0,31.0,False,False,1.0,1.0
2005-06-01,SNK,17.0,-51.0,False,False,17.0,17.0
2005-06-01,SXF,-30.0,20.0,False,False,30.0,30.0
2005-06-01,CGB,-207.0,0.0,False,False,207.0,207.0
2005-06-01,FGBL,-89.0,37.0,False,False,89.0,89.0
2005-06-01,FGBM,-236.0,0.0,False,False,236.0,236.0
2005-06-01,FGBS,-360.0,0.0,False,False,360.0,360.0
2005-06-01,LLG,-14.0,25.0,False,False,14.0,14.0
2005-06-01,SJB,-146.0,82.0,False,False,146.0,146.0
2005-06-01,YXT,8.0,143.0,False,False,8.0,8.0
2005-06-01,YYT,5.0,88.0,False,False,5.0,5.0
2005-06-01,ZT,-148.0,0.0,False,False,148.0,148.0
2005-06-01,ZF,-44.0,0.0,False,False,44.0,44.0
2005-06-01,ZN,-45.0,0.0,False,False,45.0,45.0
2005-06-01,ZB,-14.0,0.0,False,False,14.0,14.0
2005-06-01,6A,4.0,60.0,False,False,4.0,4.0
2005-06-01,6B,3.0,70.0,False,False,3.0,3.0
2005-06-01,6J,-52.0,-52.0,False,False,52.0,52.0
2005-06-01,6M,-70.0,207.0,False,False,70.0,70.0
2005-06-01,6S,-47.0,-47.0,False,False,47.0,47.0
2005-06-01,GAS,-12.0,18.0,False,False,12.0,12.0
2005-06-01,HO,-7.0,25.0,False,False,7.0,7.0
2005-06-01,NG,-1.0,-30.0,False,False,1.0,1.0
2005-06-01,HG,-28.0,58.0,False,False,28.0,28.0
2005-06-01,CC,-120.0,-120.0,False,False,120.0,120.0
2005-06-01,CT,-15.0,-19.0,False,False,15.0,15.0
2005-06-01,GF,-46.0,77.0,False,False,46.0,46.0
2005-06-01,HE,-31.0,87.0,False,False,31.0,31.0
2005-06-01,KC,-18.0,10.0,False,False,18.0,18.0
2005-06-01,KE,-33.0,-47.0,False,False,33.0,33.0
2005-06-01,LE,-125.0,-114.0,False,False,125.0,125.0
2005-06-01,SB,3.0,66.0,False,False,3.0,3.0
2005-06-01,ZC,142.0,-162.0,False,False,142.0,142.0
2005-06-01,ZL,60.0,-144.0,False,False,60.0,60.0
2005-06-01,ZM,11.0,-6.0,False,False,11.0,11.0
2005-06-01,ZS,18.0,-6.0,False,False,18.0,18.0
2005-06-01,ZW,42.0,-75.0,False,False,42.0,42.0
2005-06-02,SJB,-82.0,0.0,False,False,82.0,82.0
2005-06-06,LE,0.0,-114.0,True,True,228.0,228.0
2005-06-08,FGBL,0.0,37.0,True,True,74.0,74.0
2005-06-09,NKD,0.0,-6.0,True,True,12.0,12.0
2005-06-09,SNK,0.0,-51.0,True,True,102.0,102.0
2005-06-10,GAS,0.0,18.0,True,True,36.0,36.0
2005-06-13,6A,0.0,60.0,True,True,120.0,120.0
2005-06-13,6B,0.0,70.0,True,True,140.0,140.0
2005-06-13,6J,0.0,-52.0,True,True,104.0,104.0
2005-06-13,6M,0.0,207.0,True,True,414.0,414.0
2005-06-13,6S,0.0,-47.0,True,True,94.0,94.0
2005-06-14,HE,0.0,87.0,True,True,174.0,174.0
2005-06-15,SXF,0.0,20.0,True,True,40.0,40.0
2005-06-15,YXT,0.0,143.0,True,True,286.0,286.0
2005-06-15,YYT,0.0,88.0,True,True,176.0,176.0
2005-06-16,YM,0.0,3.0,True,True,6.0,6.0
2005-06-17,FCE,0.0,69.0,True,True,138.0,138.0
2005-06-17,FESX,0.0,102.0,True,True,204.0,204.0
2005-06-17,FSMI,0.0,95.0,True,True,190.0,190.0
2005-06-17,RTY,0.0,31.0,True,True,62.0,62.0
2005-06-17,CC,0.0,-120.0,True,True,240.0,240.0
2005-06-22,KC,0.0,10.0,True,True,20.0,20.0
2005-06-24,CT,0.0,-19.0,True,True,38.0,38.0
2005-06-28,NG,0.0,-30.0,True,True,60.0,60.0
2005-06-29,HTW,0.0,129.0,True,True,258.0,258.0
2005-06-30,HO,0.0,25.0,True,True,50.0,50.0
2005-06-30,HG,0.0,58.0,True,True,116.0,116.0
2005-06-30,KE,0.0,-47.0,True,True,94.0,94.0
2005-06-30,SB,0.0,66.0,True,True,132.0,132.0
2005-06-30,ZC,0.0,-162.0,True,True,324.0,324.0
2005-06-30,ZL,0.0,-144.0,True,True,288.0,288.0
2005-06-30,ZM,0.0,-6.0,True,True,12.0,12.0
2005-06-30,ZS,0.0,-6.0,True,True,12.0,12.0
2005-06-30,ZW,0.0,-75.0,True,True,150.0,150.0
2005-07-01,FCE,4.0,73.0,False,False,4.0,4.0
2005-07-01,FDAX,16.0,16.0,False,False,16.0,16.0
2005-07-01,FESX,5.0,107.0,False,False,5.0,5.0
2005-07-01,FSMI,4.0,99.0,False,False,4.0,4.0
2005-07-01,HTW,-107.0,22.0,False,False,107.0,107.0
2005-07-01,NKD,-9.0,-15.0,False,False,9.0,9.0
2005-07-01,RTY,-31.0,0.0,False,False,31.0,31.0
2005-07-01,SNK,133.0,82.0,False,False,133.0,133.0
2005-07-01,YM,-3.0,0.0,False,False,3.0,3.0
2005-07-01,FGBL,1.0,38.0,False,False,1.0,1.0
2005-07-01,FGBM,29.0,29.0,False,False,29.0,29.0
2005-07-01,FGBS,125.0,125.0,False,False,125.0,125.0
2005-07-01,LLG,1.0,26.0,False,False,1.0,1.0
2005-07-01,SJB,37.0,37.0,False,False,37.0,37.0
2005-07-01,YXT,-143.0,0.0,False,False,143.0,143.0
2005-07-01,YYT,-88.0,0.0,False,False,88.0,88.0
2005-07-01,ZT,-173.0,-173.0,False,False,173.0,173.0
2005-07-01,6A,-37.0,23.0,False,False,37.0,37.0
2005-07-01,6B,-127.0,-57.0,False,False,127.0,127.0
2005-07-01,6E,-32.0,-32.0,False,False,32.0,32.0
2005-07-01,6J,-2.0,-54.0,False,False,2.0,2.0
2005-07-01,6M,10.0,217.0,False,False,10.0,10.0
2005-07-01,6S,-2.0,-49.0,False,False,2.0,2.0
2005-07-01,GAS,1.0,19.0,False,False,1.0,1.0
2005-07-01,HO,2.0,27.0,False,False,2.0,2.0
2005-07-01,NG,9.0,-21.0,False,False,9.0,9.0
2005-07-01,HG,3.0,61.0,False,False,3.0,3.0
2005-07-01,CC,-5.0,-125.0,False,False,5.0,5.0
2005-07-01,CT,80.0,61.0,False,False,80.0,80.0
2005-07-01,GF,3.0,80.0,False,False,3.0,3.0
2005-07-01,HE,-92.0,-5.0,False,False,92.0,92.0
2005-07-01,KC,6.0,16.0,False,False,6.0,6.0
2005-07-01,KE,-2.0,-49.0,False,False,2.0,2.0
2005-07-01,LE,-5.0,-119.0,False,False,5.0,5.0
2005-07-01,SB,191.0,257.0,False,False,191.0,191.0
2005-07-01,ZC,42.0,-120.0,False,False,42.0,42.0
2005-07-01,ZL,52.0,-92.0,False,False,52.0,52.0
2005-07-01,ZM,-63.0,-69.0,False,False,63.0,63.0
2005-07-01,ZS,-34.0,-40.0,False,False,34.0,34.0
2005-07-01,ZW,-3.0,-78.0,False,False,3.0,3.0
2005-07-04,SXF,-9.0,11.0,False,False,9.0,9.0
2005-07-04,CGB,17.0,17.0,False,False,17.0,17.0
2005-07-04,RS,-116.0,-116.0,False,False,116.0,116.0
2005-07-05,RS,-251.0,-367.0,False,False,251.0,251.0
2005-07-12,GAS,0.0,19.0,True,True,38.0,38.0
2005-07-15,FCE,0.0,73.0,True,True,146.0,146.0
2005-07-15,HE,0.0,-5.0,True,True,10.0,10.0
2005-07-27,NG,0.0,-21.0,True,True,42.0,42.0
2005-07-28,HTW,0.0,22.0,True,True,44.0,44.0
2005-07-29,HO,0.0,27.0,True,True,54.0,54.0
2005-07-29,ZL,0.0,-92.0,True,True,184.0,184.0
2005-07-29,ZM,0.0,-69.0,True,True,138.0,138.0
2005-07-29,ZS,0.0,-40.0,True,True,80.0,80.0
2005-08-01,FCE,2.0,75.0,False,False,2.0,2.0
2005-08-01,FDAX,1.0,17.0,False,False,1.0,1.0
2005-08-01,FESX,3.0,110.0,False,False,3.0,3.0
2005-08-01,FSMI,-23.0,76.0,False,False,23.0,23.0
2005-08-01,HTW,-9.0,13.0,False,False,9.0,9.0
2005-08-01,NKD,82.0,67.0,False,False,82.0,82.0
2005-08-01,SNK,2.0,84.0,False,False,2.0,2.0
2005-08-01,FGBL,15.0,53.0,False,False,15.0,15.0
2005-08-01,FGBM,1.0,30.0,False,False,1.0,1.0
2005-08-01,FGBS,-29.0,96.0,False,False,29.0,29.0
2005-08-01,LLG,-6.0,20.0,False,False,6.0,6.0
2005-08-01,SJB,15.0,52.0,False,False,15.0,15.0
2005-08-01,YXT,7.0,7.0,False,False,7.0,7.0
2005-08-01,YYT,17.0,17.0,False,False,17.0,17.0
2005-08-01,ZT,-5.0,-178.0,False,False,5.0,5.0
2005-08-01,ZF,-128.0,-128.0,False,False,128.0,128.0
2005-08-01,6B,-1.0,-58.0,False,False,1.0,1.0
2005-08-01,6J,13.0,-41.0,False,False,13.0,13.0
2005-08-01,6M,6.0,223.0,False,False,6.0,6.0
2005-08-01,6S,-2.0,-51.0,False,False,2.0,2.0
2005-08-01,GAS,-9.0,10.0,False,False,9.0,9.0
2005-08-01,HO,-10.0,17.0,False,False,10.0,10.0
2005-08-01,NG,-1.0,-22.0,False,False,1.0,1.0
2005-08-01,HG,1.0,62.0,False,False,1.0,1.0
2005-08-01,CC,-4.0,-129.0,False,False,4.0,4.0
2005-08-01,CT,2.0,63.0,False,False,2.0,2.0
2005-08-01,GF,-25.0,55.0,False,False,25.0,25.0
2005-08-01,HE,5.0,0.0,False,False,5.0,5.0
2005-08-01,KC,-16.0,0.0,False,False,16.0,16.0
2005-08-01,KE,162.0,113.0,False,False,162.0,162.0
2005-08-01,LE,-4.0,-123.0,False,False,4.0,4.0
2005-08-01,SB,8.0,265.0,False,False,8.0,8.0
2005-08-01,ZC,45.0,-75.0,False,False,45.0,45.0
2005-08-01,ZL,109.0,17.0,False,False,109.0,109.0
2005-08-01,ZM,69.0,0.0,False,False,69.0,69.0
2005-08-01,ZS,47.0,7.0,False,False,47.0,47.0
2005-08-01,ZW,-2.0,-80.0,False,False,2.0,2.0
2005-08-02,SXF,8.0,19.0,False,False,8.0,8.0
2005-08-02,CGB,17.0,34.0,False,False,17.0,17.0
2005-08-02,RS,-10.0,-377.0,False,False,10.0,10.0
2005-08-08,LE,0.0,-123.0,True,True,246.0,246.0
2005-08-11,GAS,0.0,10.0,True,True,20.0,20.0
2005-08-18,CC,0.0,-129.0,True,True,258.0,258.0
2005-08-19,FCE,0.0,75.0,True,True,150.0,150.0
2005-08-25,GF,0.0,55.0,True,True,110.0,110.0
2005-08-29,CGB,0.0,34.0,True,True,68.0,68.0
2005-08-29,NG,0.0,-22.0,True,True,44.0,44.0
2005-08-30,HTW,0.0,13.0,True,True,26.0,26.0
2005-08-30,LLG,0.0,20.0,True,True,40.0,40.0
2005-08-31,ZT,0.0,-178.0,True,True,356.0,356.0
2005-08-31,ZF,0.0,-128.0,True,True,256.0,256.0
2005-08-31,HO,0.0,17.0,True,True,34.0,34.0
2005-08-31,HG,0.0,62.0,True,True,124.0,124.0
2005-08-31,KE,0.0,113.0,True,True,226.0,226.0
2005-08-31,ZC,0.0,-75.0,True,True,150.0,150.0
2005-08-31,ZL,0.0,17.0,True,True,34.0,34.0
2005-08-31,ZS,0.0,7.0,True,True,14.0,14.0
2005-08-31,ZW,0.0,-80.0,True,True,160.0,160.0
2005-09-01,FCE,-1.0,74.0,False,False,1.0,1.0
2005-09-01,FDAX,-17.0,0.0,False,False,17.0,17.0
2005-09-01,FSMI,-1.0,75.0,False,False,1.0,1.0
2005-09-01,SNK,-84.0,0.0,False,False,84.0,84.0
2005-09-01,FGBL,-53.0,0.0,False,False,53.0,53.0
2005-09-01,FGBM,-30.0,0.0,False,False,30.0,30.0
2005-09-01,FGBS,-79.0,17.0,False,False,79.0,79.0
2005-09-01,YXT,75.0,82.0,False,False,75.0,75.0
2005-09-01,YYT,73.0,90.0,False,False,73.0,73.0
2005-09-01,ZT,1.0,-177.0,False,False,1.0,1.0
2005-09-01,ZN,3.0,3.0,False,False,3.0,3.0
2005-09-01,6A,-23.0,0.0,False,False,23.0,23.0
2005-09-01,6B,58.0,0.0,False,False,58.0,58.0
2005-09-01,6E,32.0,0.0,False,False,32.0,32.0
2005-09-01,6J,1.0,-40.0,False,False,1.0,1.0
2005-09-01,6M,-139.0,84.0,False,False,139.0,139.0
2005-09-01,6S,1.0,-50.0,False,False,1.0,1.0
2005-09-01,GAS,-8.0,2.0,False,False,8.0,8.0
2005-09-01,NG,23.0,1.0,False,False,23.0,23.0
2005-09-01,CC,-58.0,-187.0,False,False,58.0,58.0
2005-09-01,CT,29.0,92.0,False,False,29.0,29.0
2005-09-01,HE,124.0,124.0,False,False,124.0,124.0
2005-09-01,KC,14.0,14.0,False,False,14.0,14.0
2005-09-01,KE,43.0,156.0,False,False,43.0,43.0
2005-09-01,LE,136.0,13.0,False,False,136.0,136.0
2005-09-01,RS,-147.0,-524.0,False,False,147.0,147.0
2005-09-01,SB,-2.0,263.0,False,False,2.0,2.0
2005-09-01,ZC,-94.0,-169.0,False,False,94.0,94.0
2005-09-01,ZL,-166.0,-149.0,False,False,166.0,166.0
2005-09-01,ZS,-65.0,-58.0,False,False,65.0,65.0
2005-09-01,ZW,-73.0,-153.0,False,False,73.0,73.0
2005-09-02,HTW,21.0,34.0,False,False,21.0,21.0
2005-09-07,SJB,0.0,52.0,True,True,104.0,104.0
2005-09-08,NKD,0.0,67.0,True,True,134.0,134.0
2005-09-08,FGBS,0.0,17.0,True,True,34.0,34.0
2005-09-12,GAS,0.0,2.0,True,True,4.0,4.0
2005-09-14,SXF,0.0,19.0,True,True,38.0,38.0
2005-09-15,YXT,0.0,82.0,True,True,164.0,164.0
2005-09-15,YYT,0.0,90.0,True,True,180.0,180.0
2005-09-16,FCE,0.0,74.0,True,True,148.0,148.0
2005-09-16,FESX,0.0,110.0,True,True,220.0,220.0
2005-09-16,FSMI,0.0,75.0,True,True,150.0,150.0
2005-09-19,6J,0.0,-40.0,True,True,80.0,80.0
2005-09-19,6M,0.0,84.0,True,True,168.0,168.0
2005-09-19,6S,0.0,-50.0,True,True,100.0,100.0
2005-09-28,NG,0.0,1.0,True,True,2.0,2.0
2005-09-29,HTW,0.0,34.0,True,True,68.0,68.0
2005-09-29,GF,0.0,55.0,True,True,110.0,110.0
2005-09-30,HO,0.0,17.0,True,True,34.0,34.0
2005-09-30,SB,0.0,263.0,True,True,526.0,526.0
2005-09-30,ZL,0.0,-149.0,True,True,298.0,298.0
2005-10-03,FCE,7.0,81.0,False,False,7.0,7.0
2005-10-03,FDAX,16.0,16.0,False,False,16.0,16.0
2005-10-03,FESX,9.0,119.0,False,False,9.0,9.0
2005-10-03,FSMI,36.0,111.0,False,False,36.0,36.0
2005-10-03,HTW,23.0,57.0,False,False,23.0,23.0
2005-10-03,LFT,22.0,22.0,False,False,22.0,22.0
2005-10-03,NKD,6.0,73.0,False,False,6.0,6.0
2005-10-03,SNK,71.0,71.0,False,False,71.0,71.0
2005-10-03,SXF,-4.0,15.0,False,False,4.0,4.0
2005-10-03,YAP,56.0,56.0,False,False,56.0,56.0
2005-10-03,CGB,3.0,37.0,False,False,3.0,3.0
2005-10-03,FGBL,85.0,85.0,False,False,85.0,85.0
2005-10-03,FGBM,79.0,79.0,False,False,79.0,79.0
2005-10-03,FGBS,58.0,75.0,False,False,58.0,58.0
2005-10-03,LLG,-13.0,7.0,False,False,13.0,13.0
2005-10-03,SJB,33.0,85.0,False,False,33.0,33.0
2005-10-03,YXT,-82.0,0.0,False,False,82.0,82.0
2005-10-03,YYT,-516.0,-426.0,False,False,516.0,516.0
2005-10-03,ZT,-15.0,-192.0,False,False,15.0,15.0
2005-10-03,ZF,-76.0,-204.0,False,False,76.0,76.0
2005-10-03,ZN,-132.0,-129.0,False,False,132.0,132.0
2005-10-03,6A,7.0,7.0,False,False,7.0,7.0
2005-10-03,6B,4.0,4.0,False,False,4.0,4.0
2005-10-03,6E,-52.0,-52.0,False,False,52.0,52.0
2005-10-03,6J,-34.0,-74.0,False,False,34.0,34.0
2005-10-03,6M,85.0,169.0,False,False,85.0,85.0
2005-10-03,6S,-5.0,-55.0,False,False,5.0,5.0
2005-10-03,GAS,-2.0,0.0,False,False,2.0,2.0
2005-10-03,HO,-6.0,11.0,False,False,6.0,6.0
2005-10-03,NG,3.0,4.0,False,False,3.0,3.0
2005-10-03,HG,5.0,67.0,False,False,5.0,5.0
2005-10-03,CC,39.0,-148.0,False,False,39.0,39.0
2005-10-03,CT,8.0,100.0,False,False,8.0,8.0
2005-10-03,GF,-40.0,15.0,False,False,40.0,40.0
2005-10-03,HE,11.0,135.0,False,False,11.0,11.0
2005-10-03,KC,1.0,15.0,False,False,1.0,1.0
2005-10-03,KE,14.0,170.0,False,False,14.0,14.0
2005-10-03,LE,113.0,126.0,False,False,113.0,113.0
2005-10-03,RS,-245.0,-769.0,False,False,245.0,245.0
2005-10-03,SB,-63.0,200.0,False,False,63.0,63.0
2005-10-03,ZC,-79.0,-248.0,False,False,79.0,79.0
2005-10-03,ZL,178.0,29.0,False,False,178.0,178.0
2005-10-03,ZS,81.0,23.0,False,False,81.0,81.0
2005-10-03,ZW,-14.0,-167.0,False,False,14.0,14.0
2005-10-10,LE,0.0,126.0,True,True,252.0,252.0
2005-10-17,HE,0.0,135.0,True,True,270.0,270.0
2005-10-21,FCE,0.0,81.0,True,True,162.0,162.0
2005-10-27,NG,0.0,4.0,True,True,8.0,8.0
2005-10-27,GF,0.0,15.0,True,True,30.0,30.0
2005-10-28,HTW,0.0,57.0,True,True,114.0,114.0
2005-10-31,HO,0.0,11.0,True,True,22.0,22.0
2005-10-31,RS,0.0,-769.0,True,True,1538.0,1538.0
2005-10-31,ZS,0.0,23.0,True,True,46.0,46.0
2005-11-01,FCE,-51.0,30.0,False,False,51.0,51.0
2005-11-01,FDAX,-8.0,8.0,False,False,8.0,8.0
2005-11-01,FESX,-70.0,49.0,False,False,70.0,70.0
2005-11-01,FSMI,-75.0,36.0,False,False,75.0,75.0
2005-11-01,HTW,-126.0,-69.0,False,False,126.0,126.0
2005-11-01,LFT,-7.0,15.0,False,False,7.0,7.0
2005-11-01,NKD,-51.0,22.0,False,False,51.0,51.0
2005-11-01,SNK,-49.0,22.0,False,False,49.0,49.0
2005-11-01,SXF,-5.0,10.0,False,False,5.0,5.0
2005-11-01,YAP,-35.0,21.0,False,False,35.0,35.0
2005-11-01,YM,-52.0,-52.0,False,False,52.0,52.0
2005-11-01,CGB,-16.0,21.0,False,False,16.0,16.0
2005-11-01,FGBL,-42.0,43.0,False,False,42.0,42.0
2005-11-01,FGBM,-43.0,36.0,False,False,43.0,43.0
2005-11-01,FGBS,-382.0,-307.0,False,False,382.0,382.0
2005-11-01,LLG,-7.0,0.0,False,False,7.0,7.0
2005-11-01,SJB,-43.0,42.0,False,False,43.0,43.0
2005-11-01,YYT,426.0,0.0,False,False,426.0,426.0
2005-11-01,ZT,1.0,-191.0,False,False,1.0,1.0
2005-11-01,ZF,88.0,-116.0,False,False,88.0,88.0
2005-11-01,ZN,58.0,-71.0,False,False,58.0,58.0
2005-11-01,6A,-7.0,0.0,False,False,7.0,7.0
2005-11-01,6B,-35.0,-31.0,False,False,35.0,35.0
2005-11-01,6E,30.0,-22.0,False,False,30.0,30.0
2005-11-01,6J,36.0,-38.0,False,False,36.0,36.0
2005-11-01,6M,-80.0,89.0,False,False,80.0,80.0
2005-11-01,6S,23.0,-32.0,False,False,23.0,23.0
2005-11-01,HO,-6.0,5.0,False,False,6.0,6.0
2005-11-01,HG,-37.0,30.0,False,False,37.0,37.0
2005-11-01,SI,-44.0,-44.0,False,False,44.0,44.0
2005-11-01,CC,74.0,-74.0,False,False,74.0,74.0
2005-11-01,CT,-64.0,36.0,False,False,64.0,64.0
2005-11-01,GF,42.0,57.0,False,False,42.0,42.0
2005-11-01,HE,-202.0,-67.0,False,False,202.0,202.0
2005-11-01,KC,-38.0,-23.0,False,False,38.0,38.0
2005-11-01,KE,-80.0,90.0,False,False,80.0,80.0
2005-11-01,LE,-63.0,63.0,False,False,63.0,63.0
2005-11-01,RS,314.0,-455.0,False,False,314.0,314.0
2005-11-01,SB,-113.0,87.0,False,False,113.0,113.0
2005-11-01,ZC,89.0,-159.0,False,False,89.0,89.0
2005-11-01,ZL,-17.0,12.0,False,False,17.0,17.0
2005-11-01,ZS,-11.0,12.0,False,False,11.0,11.0
2005-11-01,ZW,75.0,-92.0,False,False,75.0,75.0
2005-11-17,CC,0.0,-74.0,True,True,148.0,148.0
2005-11-17,GF,0.0,57.0,True,True,114.0,114.0
2005-11-18,FCE,0.0,30.0,True,True,60.0,60.0
2005-11-22,KC,0.0,-23.0,True,True,46.0,46.0
2005-11-28,CGB,0.0,21.0,True,True,42.0,42.0
2005-11-28,NG,0.0,4.0,True,True,8.0,8.0
2005-11-28,CT,0.0,36.0,True,True,72.0,72.0
2005-11-29,HTW,0.0,-69.0,True,True,138.0,138.0
2005-11-30,ZT,0.0,-191.0,True,True,382.0,382.0
2005-11-30,ZF,0.0,-116.0,True,True,232.0,232.0
2005-11-30,ZN,0.0,-71.0,True,True,142.0,142.0
2005-11-30,HO,0.0,5.0,True,True,10.0,10.0
2005-11-30,HG,0.0,30.0,True,True,60.0,60.0
2005-11-30,SI,0.0,-44.0,True,True,88.0,88.0
2005-11-30,KE,0.0,90.0,True,True,180.0,180.0
2005-11-30,ZC,0.0,-159.0,True,True,318.0,318.0
2005-11-30,ZL,0.0,12.0,True,True,24.0,24.0
2005-11-30,ZW,0.0,-92.0,True,True,184.0,184.0
2005-12-01,FCE,19.0,49.0,False,False,19.0,19.0
2005-12-01,FDAX,-8.0,0.0,False,False,8.0,8.0
2005-12-01,FESX,19.0,68.0,False,False,19.0,19.0
2005-12-01,FSMI,31.0,67.0,False,False,31.0,31.0
2005-12-01,HTW,110.0,41.0,False,False,110.0,110.0
2005-12-01,LFT,15.0,30.0,False,False,15.0,15.0
2005-12-01,NKD,20.0,42.0,False,False,20.0,20.0
2005-12-01,SNK,32.0,54.0,False,False,32.0,32.0
2005-12-01,SXF,-2.0,8.0,False,False,2.0,2.0
2005-12-01,YAP,-4.0,17.0,False,False,4.0,4.0
2005-12-01,YM,52.0,0.0,False,False,52.0,52.0
2005-12-01,CGB,1.0,22.0,False,False,1.0,1.0
2005-12-01,FGBL,-33.0,10.0,False,False,33.0,33.0
2005-12-01,FGBM,27.0,63.0,False,False,27.0,27.0
2005-12-01,FGBS,-11.0,-318.0,False,False,11.0,11.0
2005-12-01,LLG,49.0,49.0,False,False,49.0,49.0
2005-12-01,SJB,-23.0,19.0,False,False,23.0,23.0
2005-12-01,YXT,-101.0,-101.0,False,False,101.0,101.0
2005-12-01,YYT,-331.0,-331.0,False,False,331.0,331.0
2005-12-01,ZT,-7.0,-198.0,False,False,7.0,7.0
2005-12-01,ZF,-4.0,-120.0,False,False,4.0,4.0
2005-12-01,ZN,-3.0,-74.0,False,False,3.0,3.0
2005-12-01,6A,-70.0,-70.0,False,False,70.0,70.0
2005-12-01,6B,-14.0,-45.0,False,False,14.0,14.0
2005-12-01,6E,-1.0,-23.0,False,False,1.0,1.0
2005-12-01,6J,-15.0,-53.0,False,False,15.0,15.0
2005-12-01,6M,-25.0,64.0,False,False,25.0,25.0
2005-12-01,6S,-14.0,-46.0,False,False,14.0,14.0
2005-12-01,NG,2.0,6.0,False,False,2.0,2.0
2005-12-01,HG,1.0,31.0,False,False,1.0,1.0
2005-12-01,SI,44.0,0.0,False,False,44.0,44.0
2005-12-01,CC,-46.0,-120.0,False,False,46.0,46.0
2005-12-01,CT,-20.0,16.0,False,False,20.0,20.0
2005-12-01,GF,-40.0,17.0,False,False,40.0,40.0
2005-12-01,HE,-2.0,-69.0,False,False,2.0,2.0
2005-12-01,KC,-1.0,-24.0,False,False,1.0,1.0
2005-12-01,KE,4.0,94.0,False,False,4.0,4.0
2005-12-01,LE,38.0,101.0,False,False,38.0,38.0
2005-12-01,RS,-225.0,-680.0,False,False,225.0,225.0
2005-12-01,SB,39.0,126.0,False,False,39.0,39.0
2005-12-01,ZC,-117.0,-276.0,False,False,117.0,117.0
2005-12-01,ZL,-149.0,-137.0,False,False,149.0,149.0
2005-12-01,ZM,11.0,11.0,False,False,11.0,11.0
2005-12-01,ZS,-75.0,-63.0,False,False,75.0,75.0
2005-12-01,ZW,-59.0,-151.0,False,False,59.0,59.0
2005-12-05,LE,0.0,101.0,True,True,202.0,202.0
2005-12-08,NKD,0.0,42.0,True,True,84.0,84.0
2005-12-08,SNK,0.0,54.0,True,True,108.0,108.0
2005-12-08,FGBL,0.0,10.0,True,True,20.0,20.0
2005-12-08,FGBM,0.0,63.0,True,True,126.0,126.0
2005-12-08,FGBS,0.0,-318.0,True,True,636.0,636.0
2005-12-08,SJB,0.0,19.0,True,True,38.0,38.0
2005-12-14,SXF,0.0,8.0,True,True,16.0,16.0
2005-12-14,HE,0.0,-69.0,True,True,138.0,138.0
2005-12-15,YAP,0.0,17.0,True,True,34.0,34.0
2005-12-15,YXT,0.0,-101.0,True,True,202.0,202.0
2005-12-15,YYT,0.0,-331.0,True,True,662.0,662.0
2005-12-16,FCE,0.0,49.0,True,True,98.0,98.0
2005-12-16,FESX,0.0,68.0,True,True,136.0,136.0
2005-12-16,FSMI,0.0,67.0,True,True,134.0,134.0
2005-12-16,LFT,0.0,30.0,True,True,60.0,60.0
2005-12-19,6A,0.0,-70.0,True,True,140.0,140.0
2005-12-19,6B,0.0,-45.0,True,True,90.0,90.0
2005-12-19,6E,0.0,-23.0,True,True,46.0,46.0
2005-12-19,6J,0.0,-53.0,True,True,106.0,106.0
2005-12-19,6M,0.0,64.0,True,True,128.0,128.0
2005-12-19,6S,0.0,-46.0,True,True,92.0,92.0
2005-12-28,NG,0.0,6.0,True,True,12.0,12.0
2005-12-29,HTW,0.0,41.0,True,True,82.0,82.0
2005-12-30,HO,0.0,5.0,True,True,10.0,10.0
2005-12-30,RS,0.0,-680.0,True,True,1360.0,1360.0
2005-12-30,ZL,0.0,-137.0,True,True,274.0,274.0
2005-12-30,ZM,0.0,11.0,True,True,22.0,22.0
2005-12-30,ZS,0.0,-63.0,True,True,126.0,126.0
2006-01-02,FCE,1.0,50.0,False,False,1.0,1.0
2006-01-02,FDAX,3.0,3.0,False,False,3.0,3.0
2006-01-02,FESX,1.0,69.0,False,False,1.0,1.0
2006-01-02,HTW,1.0,42.0,False,False,1.0,1.0
2006-01-02,FGBL,-7.0,3.0,False,False,7.0,7.0
2006-01-02,FGBM,-20.0,43.0,False,False,20.0,20.0
2006-01-02,FGBS,-5.0,-323.0,False,False,5.0,5.0
2006-01-03,FSMI,1.0,68.0,False,False,1.0,1.0
2006-01-03,NKD,-25.0,17.0,False,False,25.0,25.0
2006-01-03,SXF,-8.0,0.0,False,False,8.0,8.0
2006-01-03,YAP,26.0,43.0,False,False,26.0,26.0
2006-01-03,YM,-88.0,-88.0,False,False,88.0,88.0
2006-01-03,LLG,1.0,50.0,False,False,1.0,1.0
2006-01-03,YXT,109.0,8.0,False,False,109.0,109.0
2006-01-03,YYT,-5.0,-336.0,False,False,5.0,5.0
2006-01-03,ZT,-3.0,-201.0,False,False,3.0,3.0
2006-01-03,ZF,-2.0,-122.0,False,False,2.0,2.0
2006-01-03,ZN,-1.0,-75.0,False,False,1.0,1.0
2006-01-03,6A,-1.0,-71.0,False,False,1.0,1.0
2006-01-03,6E,-1.0,-24.0,False,False,1.0,1.0
2006-01-03,6J,18.0,-35.0,False,False,18.0,18.0
2006-01-03,6M,25.0,89.0,False,False,25.0,25.0
2006-01-03,6S,-1.0,-47.0,False,False,1.0,1.0
2006-01-03,HO,-3.0,2.0,False,False,3.0,3.0
2006-01-03,NG,-2.0,4.0,False,False,2.0,2.0
2006-01-03,HG,1.0,32.0,False,False,1.0,1.0
2006-01-03,CC,-2.0,-122.0,False,False,2.0,2.0
2006-01-03,CT,18.0,34.0,False,False,18.0,18.0
2006-01-03,GF,-13.0,4.0,False,False,13.0,13.0
2006-01-03,HE,-1.0,-70.0,False,False,1.0,1.0
2006-01-03,KE,1.0,95.0,False,False,1.0,1.0
2006-01-03,LE,1.0,102.0,False,False,1.0,1.0
2006-01-03,RS,-10.0,-690.0,False,False,10.0,10.0
2006-01-03,SB,2.0,128.0,False,False,2.0,2.0
2006-01-03,ZC,69.0,-207.0,False,False,69.0,69.0
2006-01-03,ZL,142.0,5.0,False,False,142.0,142.0
2006-01-03,ZM,3.0,14.0,False,False,3.0,3.0
2006-01-03,ZS,71.0,8.0,False,False,71.0,71.0
2006-01-03,ZW,-3.0,-154.0,False,False,3.0,3.0
2006-01-04,SNK,-31.0,23.0,False,False,31.0,31.0
2006-01-04,SJB,17.0,36.0,False,False,17.0,17.0
2006-01-20,FCE,0.0,50.0,True,True,100.0,100.0
2006-01-25,HTW,0.0,42.0,True,True,84.0,84.0
2006-01-26,GF,0.0,4.0,True,True,8.0,8.0
2006-01-27,NG,0.0,4.0,True,True,8.0,8.0
2006-01-31,HO,0.0,2.0,True,True,4.0,4.0
2006-02-01,FCE,-15.0,35.0,False,False,15.0,15.0
2006-02-01,FDAX,3.0,6.0,False,False,3.0,3.0
2006-02-01,FESX,2.0,71.0,False,False,2.0,2.0
2006-02-01,FSMI,-21.0,47.0,False,False,21.0,21.0
2006-02-01,LFT,-11.0,19.0,False,False,11.0,11.0
2006-02-01,NKD,-6.0,11.0,False,False,6.0,6.0
2006-02-01,SNK,-7.0,16.0,False,False,7.0,7.0
2006-02-01,YAP,1.0,44.0,False,False,1.0,1.0
2006-02-01,YM,21.0,-67.0,False,False,21.0,21.0
2006-02-01,CGB,31.0,53.0,False,False,31.0,31.0
2006-02-01,FGBM,-142.0,-99.0,False,False,142.0,142.0
2006-02-01,FGBS,-8.0,-331.0,False,False,8.0,8.0
2006-02-01,LLG,1.0,51.0,False,False,1.0,1.0
2006-02-01,SJB,-126.0,-90.0,False,False,126.0,126.0
2006-02-01,YXT,-5.0,3.0,False,False,5.0,5.0
2006-02-01,YYT,374.0,38.0,False,False,374.0,374.0
2006-02-01,ZT,-4.0,-205.0,False,False,4.0,4.0
2006-02-01,ZF,-3.0,-125.0,False,False,3.0,3.0
2006-02-01,ZN,-2.0,-77.0,False,False,2.0,2.0
2006-02-01,ZB,-47.0,-47.0,False,False,47.0,47.0
2006-02-01,6A,17.0,-54.0,False,False,17.0,17.0
2006-02-01,6B,-1.0,-46.0,False,False,1.0,1.0
2006-02-01,6J,-1.0,-36.0,False,False,1.0,1.0
2006-02-01,6M,2.0,91.0,False,False,2.0,2.0
2006-02-01,6S,14.0,-33.0,False,False,14.0,14.0
2006-02-01,HO,-2.0,0.0,False,False,2.0,2.0
2006-02-01,PA,22.0,22.0,False,False,22.0,22.0
2006-02-01,CC,47.0,-75.0,False,False,47.0,47.0
2006-02-01,CT,1.0,35.0,False,False,1.0,1.0
2006-02-01,GF,-4.0,0.0,False,False,4.0,4.0
2006-02-01,HE,-2.0,-72.0,False,False,2.0,2.0
2006-02-01,KC,-1.0,-25.0,False,False,1.0,1.0
2006-02-01,KE,2.0,97.0,False,False,2.0,2.0
2006-02-01,LE,-36.0,66.0,False,False,36.0,36.0
2006-02-01,RS,284.0,-406.0,False,False,284.0,284.0
2006-02-01,SB,-86.0,42.0,False,False,86.0,86.0
2006-02-01,ZC,-5.0,-212.0,False,False,5.0,5.0
2006-02-01,ZL,-5.0,0.0,False,False,5.0,5.0
2006-02-01,ZM,-6.0,8.0,False,False,6.0,6.0
2006-02-01,ZW,52.0,-102.0,False,False,52.0,52.0
2006-02-03,HTW,1.0,43.0,False,False,1.0,1.0
2006-02-06,LE,0.0,66.0,True,True,132.0,132.0
2006-02-14,HE,0.0,-72.0,True,True,144.0,144.0
2006-02-15,CC,0.0,-75.0,True,True,150.0,150.0
2006-02-17,FCE,0.0,35.0,True,True,70.0,70.0
2006-02-21,KC,0.0,-25.0,True,True,50.0,50.0
2006-02-22,CT,0.0,35.0,True,True,70.0,70.0
2006-02-24,HTW,0.0,43.0,True,True,86.0,86.0
2006-02-24,CGB,0.0,53.0,True,True,106.0,106.0
2006-02-24,NG,0.0,4.0,True,True,8.0,8.0
2006-02-27,LLG,0.0,51.0,True,True,102.0,102.0
2006-02-28,ZT,0.0,-205.0,True,True,410.0,410.0
2006-02-28,ZF,0.0,-125.0,True,True,250.0,250.0
2006-02-28,ZN,0.0,-77.0,True,True,154.0,154.0
2006-02-28,ZB,0.0,-47.0,True,True,94.0,94.0
2006-02-28,HG,0.0,32.0,True,True,64.0,64.0
2006-02-28,PA,0.0,22.0,True,True,44.0,44.0
2006-02-28,KE,0.0,97.0,True,True,194.0,194.0
2006-02-28,RS,0.0,-406.0,True,True,812.0,812.0
2006-02-28,SB,0.0,42.0,True,True,84.0,84.0
2006-02-28,ZC,0.0,-212.0,True,True,424.0,424.0
2006-02-28,ZM,0.0,8.0,True,True,16.0,16.0
2006-02-28,ZS,0.0,8.0,True,True,16.0,16.0
2006-02-28,ZW,0.0,-102.0,True,True,204.0,204.0
2006-03-01,FDAX,-6.0,0.0,False,False,6.0,6.0
2006-03-01,FSMI,16.0,63.0,False,False,16.0,16.0
2006-03-01,LFT,1.0,20.0,False,False,1.0,1.0
2006-03-01,NKD,-3.0,8.0,False,False,3.0,3.0
2006-03-01,SNK,-12.0,4.0,False,False,12.0,12.0
2006-03-01,YAP,-14.0,30.0,False,False,14.0,14.0
2006-03-01,YM,67.0,0.0,False,False,67.0,67.0
2006-03-01,CGB,-53.0,0.0,False,False,53.0,53.0
2006-03-01,FGBL,-3.0,0.0,False,False,3.0,3.0
2006-03-01,FGBM,99.0,0.0,False,False,99.0,99.0
2006-03-01,FGBS,-2.0,-333.0,False,False,2.0,2.0
2006-03-01,YXT,12.0,15.0,False,False,12.0,12.0
2006-03-01,YYT,239.0,277.0,False,False,239.0,239.0
2006-03-01,ZT,-2.0,-207.0,False,False,2.0,2.0
2006-03-01,ZF,-48.0,-173.0,False,False,48.0,48.0
2006-03-01,ZN,77.0,0.0,False,False,77.0,77.0
2006-03-01,ZB,47.0,0.0,False,False,47.0,47.0
2006-03-01,6B,-1.0,-47.0,False,False,1.0,1.0
2006-03-01,6E,-12.0,-36.0,False,False,12.0,12.0
2006-03-01,6M,78.0,169.0,False,False,78.0,78.0
2006-03-01,6S,-15.0,-48.0,False,False,15.0,15.0
2006-03-01,CL,-21.0,-21.0,False,False,21.0,21.0
2006-03-01,GAS,-24.0,-24.0,False,False,24.0,24.0
2006-03-01,HO,-17.0,-17.0,False,False,17.0,17.0
2006-03-01,NG,-8.0,-4.0,False,False,8.0,8.0
2006-03-01,HG,-9.0,23.0,False,False,9.0,9.0
2006-03-01,PA,-12.0,10.0,False,False,12.0,12.0
2006-03-01,CC,-26.0,-101.0,False,False,26.0,26.0
2006-03-01,CT,-99.0,-64.0,False,False,99.0,99.0
2006-03-01,KE,-55.0,42.0,False,False,55.0,55.0
2006-03-01,LE,39.0,105.0,False,False,39.0,39.0
2006-03-01,RS,-190.0,-596.0,False,False,190.0,190.0
2006-03-01,ZC,-1.0,-213.0,False,False,1.0,1.0
2006-03-01,ZL,-122.0,-122.0,False,False,122.0,122.0
2006-03-01,ZM,-103.0,-95.0,False,False,103.0,103.0
2006-03-01,ZS,-71.0,-63.0,False,False,71.0,71.0
2006-03-08,FGBS,0.0,-333.0,True,True,666.0,666.0
2006-03-08,SJB,0.0,-90.0,True,True,180.0,180.0
2006-03-09,NKD,0.0,8.0,True,True,16.0,16.0
2006-03-09,SNK,0.0,4.0,True,True,8.0,8.0
2006-03-10,GAS,0.0,-24.0,True,True,48.0,48.0
2006-03-13,6A,0.0,-54.0,True,True,108.0,108.0
2006-03-13,6B,0.0,-47.0,True,True,94.0,94.0
2006-03-13,6E,0.0,-36.0,True,True,72.0,72.0
2006-03-13,6J,0.0,-36.0,True,True,72.0,72.0
2006-03-13,6M,0.0,169.0,True,True,338.0,338.0
2006-03-13,6S,0.0,-48.0,True,True,96.0,96.0
2006-03-15,YXT,0.0,15.0,True,True,30.0,30.0
2006-03-15,YYT,0.0,277.0,True,True,554.0,554.0
2006-03-16,YAP,0.0,30.0,True,True,60.0,60.0
2006-03-17,FCE,0.0,35.0,True,True,70.0,70.0
2006-03-17,FESX,0.0,71.0,True,True,142.0,142.0
2006-03-17,FSMI,0.0,63.0,True,True,126.0,126.0
2006-03-17,LFT,0.0,20.0,True,True,40.0,40.0
2006-03-21,CL,0.0,-21.0,True,True,42.0,42.0
2006-03-29,NG,0.0,-4.0,True,True,8.0,8.0
2006-03-30,HTW,0.0,43.0,True,True,86.0,86.0
2006-03-31,HO,0.0,-17.0,True,True,34.0,34.0
2006-04-03,FCE,34.0,69.0,False,False,34.0,34.0
2006-04-03,FESX,1.0,72.0,False,False,1.0,1.0
2006-04-03,FSMI,-16.0,47.0,False,False,16.0,16.0
2006-04-03,HTW,-29.0,14.0,False,False,29.0,29.0
2006-04-03,LFT,25.0,45.0,False,False,25.0,25.0
2006-04-03,NKD,18.0,26.0,False,False,18.0,18.0
2006-04-03,SNK,31.0,35.0,False,False,31.0,31.0
2006-04-03,YAP,17.0,47.0,False,False,17.0,17.0
2006-04-03,FGBL,-81.0,-81.0,False,False,81.0,81.0
2006-04-03,FGBM,-139.0,-139.0,False,False,139.0,139.0
2006-04-03,FGBS,-6.0,-339.0,False,False,6.0,6.0
2006-04-03,LLG,1.0,52.0,False,False,1.0,1.0
2006-04-03,SJB,-2.0,-92.0,False,False,2.0,2.0
2006-04-03,YXT,-15.0,0.0,False,False,15.0,15.0
2006-04-03,YYT,-130.0,147.0,False,False,130.0,130.0
2006-04-03,ZT,-3.0,-210.0,False,False,3.0,3.0
2006-04-03,ZF,-3.0,-176.0,False,False,3.0,3.0
2006-04-03,ZN,-108.0,-108.0,False,False,108.0,108.0
2006-04-03,ZB,-66.0,-66.0,False,False,66.0,66.0
2006-04-03,6A,-1.0,-55.0,False,False,1.0,1.0
2006-04-03,6B,-1.0,-48.0,False,False,1.0,1.0
2006-04-03,6E,-1.0,-37.0,False,False,1.0,1.0
2006-04-03,6J,-1.0,-37.0,False,False,1.0,1.0
2006-04-03,6M,-97.0,72.0,False,False,97.0,97.0
2006-04-03,CL,21.0,0.0,False,False,21.0,21.0
2006-04-03,GAS,24.0,0.0,False,False,24.0,24.0
2006-04-03,HO,17.0,0.0,False,False,17.0,17.0
2006-04-03,NG,-3.0,-7.0,False,False,3.0,3.0
2006-04-03,HG,1.0,24.0,False,False,1.0,1.0
2006-04-03,CC,-2.0,-103.0,False,False,2.0,2.0
2006-04-03,CT,-1.0,-65.0,False,False,1.0,1.0
2006-04-03,GF,8.0,8.0,False,False,8.0,8.0
2006-04-03,HE,-1.0,-73.0,False,False,1.0,1.0
2006-04-03,KC,-13.0,-38.0,False,False,13.0,13.0
2006-04-03,KE,1.0,43.0,False,False,1.0,1.0
2006-04-03,LE,-234.0,-129.0,False,False,234.0,234.0
2006-04-03,RS,-330.0,-926.0,False,False,330.0,330.0
2006-04-03,SB,1.0,43.0,False,False,1.0,1.0
2006-04-03,ZC,67.0,-146.0,False,False,67.0,67.0
2006-04-03,ZL,-3.0,-125.0,False,False,3.0,3.0
2006-04-03,ZM,-1.0,-96.0,False,False,1.0,1.0
2006-04-03,ZS,-2.0,-65.0,False,False,2.0,2.0
2006-04-03,ZW,-2.0,-104.0,False,False,2.0,2.0
2006-04-10,LE,0.0,-129.0,True,True,258.0,258.0
2006-04-17,CC,0.0,-103.0,True,True,206.0,206.0
2006-04-17,HE,0.0,-73.0,True,True,146.0,146.0
2006-04-20,KC,0.0,-38.0,True,True,76.0,76.0
2006-04-21,FCE,0.0,69.0,True,True,138.0,138.0
2006-04-24,CT,0.0,-65.0,True,True,130.0,130.0
2006-04-26,NG,0.0,-7.0,True,True,14.0,14.0
2006-04-27,HTW,0.0,14.0,True,True,28.0,28.0
2006-04-27,GF,0.0,8.0,True,True,16.0,16.0
2006-04-28,HG,0.0,24.0,True,True,48.0,48.0
2006-04-28,KE,0.0,43.0,True,True,86.0,86.0
2006-04-28,RS,0.0,-926.0,True,True,1852.0,1852.0
2006-04-28,SB,0.0,43.0,True,True,86.0,86.0
2006-04-28,ZC,0.0,-146.0,True,True,292.0,292.0
2006-04-28,ZL,0.0,-125.0,True,True,250.0,250.0
2006-04-28,ZM,0.0,-96.0,True,True,192.0,192.0
2006-04-28,ZS,0.0,-65.0,True,True,130.0,130.0
2006-04-28,ZW,0.0,-104.0,True,True,208.0,208.0
2006-05-01,NKD,-8.0,18.0,False,False,8.0,8.0
2006-05-01,SNK,-13.0,22.0,False,False,13.0,13.0
2006-05-01,YAP,-21.0,26.0,False,False,21.0,21.0
2006-05-01,CGB,-75.0,-75.0,False,False,75.0,75.0
2006-05-01,SJB,28.0,-64.0,False,False,28.0,28.0
2006-05-01,YXT,-78.0,-78.0,False,False,78.0,78.0
2006-05-01,YYT,-386.0,-239.0,False,False,386.0,386.0
2006-05-01,ZT,89.0,-121.0,False,False,89.0,89.0
2006-05-01,ZF,69.0,-107.0,False,False,69.0,69.0
2006-05-01,ZN,36.0,-72.0,False,False,36.0,36.0
2006-05-01,ZB,22.0,-44.0,False,False,22.0,22.0
2006-05-01,6A,19.0,-36.0,False,False,19.0,19.0
2006-05-01,6B,15.0,-33.0,False,False,15.0,15.0
2006-05-01,6E,13.0,-24.0,False,False,13.0,13.0
2006-05-01,6J,1.0,-36.0,False,False,1.0,1.0
2006-05-01,6M,-22.0,50.0,False,False,22.0,22.0
2006-05-01,6S,17.0,-31.0,False,False,17.0,17.0
2006-05-01,NG,2.0,-5.0,False,False,2.0,2.0
2006-05-01,HG,-17.0,7.0,False,False,17.0,17.0
2006-05-01,SI,2.0,2.0,False,False,2.0,2.0
2006-05-01,CC,53.0,-50.0,False,False,53.0,53.0
2006-05-01,CT,1.0,-64.0,False,False,1.0,1.0
2006-05-01,GF,-51.0,-43.0,False,False,51.0,51.0
2006-05-01,KC,15.0,-23.0,False,False,15.0,15.0
2006-05-01,KE,-29.0,14.0,False,False,29.0,29.0
2006-05-01,LE,84.0,-45.0,False,False,84.0,84.0
2006-05-01,RS,318.0,-608.0,False,False,318.0,318.0
2006-05-01,ZC,2.0,-144.0,False,False,2.0,2.0
2006-05-01,ZL,125.0,0.0,False,False,125.0,125.0
2006-05-01,ZM,1.0,-95.0,False,False,1.0,1.0
2006-05-01,ZS,1.0,-64.0,False,False,1.0,1.0
2006-05-01,ZW,1.0,-103.0,False,False,1.0,1.0
2006-05-02,FCE,-26.0,43.0,False,False,26.0,26.0
2006-05-02,FESX,-24.0,48.0,False,False,24.0,24.0
2006-05-02,FSMI,-15.0,32.0,False,False,15.0,15.0
2006-05-02,HTW,-14.0,0.0,False,False,14.0,14.0
2006-05-02,LFT,-17.0,28.0,False,False,17.0,17.0
2006-05-02,FGBL,24.0,-57.0,False,False,24.0,24.0
2006-05-02,FGBM,41.0,-98.0,False,False,41.0,41.0
2006-05-02,FGBS,4.0,-335.0,False,False,4.0,4.0
2006-05-02,LLG,-90.0,-38.0,False,False,90.0,90.0
2006-05-19,FCE,0.0,43.0,True,True,86.0,86.0
2006-05-25,GF,0.0,-43.0,True,True,86.0,86.0
2006-05-26,NG,0.0,-5.0,True,True,10.0,10.0
2006-05-29,CGB,0.0,-75.0,True,True,150.0,150.0
2006-05-30,LLG,0.0,-38.0,True,True,76.0,76.0
2006-05-31,ZT,0.0,-121.0,True,True,242.0,242.0
2006-05-31,ZF,0.0,-107.0,True,True,214.0,214.0
2006-05-31,ZN,0.0,-72.0,True,True,144.0,144.0
2006-05-31,ZB,0.0,-44.0,True,True,88.0,88.0
2006-05-31,PA,0.0,10.0,True,True,20.0,20.0
2006-06-01,FCE,-32.0,11.0,False,False,32.0,32.0
2006-06-01,FESX,-30.0,18.0,False,False,30.0,30.0
2006-06-01,FSMI,-18.0,14.0,False,False,18.0,18.0
2006-06-01,LFT,-22.0,6.0,False,False,22.0,22.0
2006-06-01,NKD,-7.0,11.0,False,False,7.0,7.0
2006-06-01,NQ,-42.0,-42.0,False,False,42.0,42.0
2006-06-01,SNK,-8.0,14.0,False,False,8.0,8.0
2006-06-01,YAP,-15.0,11.0,False,False,15.0,15.0
2006-06-01,CGB,23.0,-52.0,False,False,23.0,23.0
2006-06-01,FGBL,23.0,-34.0,False,False,23.0,23.0
2006-06-01,FGBM,56.0,-42.0,False,False,56.0,56.0
2006-06-01,FGBS,142.0,-193.0,False,False,142.0,142.0
2006-06-01,LLG,18.0,-20.0,False,False,18.0,18.0
2006-06-01,SJB,2.0,-62.0,False,False,2.0,2.0
2006-06-01,YXT,3.0,-75.0,False,False,3.0,3.0
2006-06-01,YYT,9.0,-230.0,False,False,9.0,9.0
2006-06-01,ZT,5.0,-116.0,False,False,5.0,5.0
2006-06-01,ZF,4.0,-103.0,False,False,4.0,4.0
2006-06-01,ZN,3.0,-69.0,False,False,3.0,3.0
2006-06-01,ZB,1.0,-43.0,False,False,1.0,1.0
2006-06-01,6A,36.0,0.0,False,False,36.0,36.0
2006-06-01,6B,33.0,0.0,False,False,33.0,33.0
2006-06-01,6E,24.0,0.0,False,False,24.0,24.0
2006-06-01,6J,24.0,-12.0,False,False,24.0,24.0
2006-06-01,6M,-40.0,10.0,False,False,40.0,40.0
2006-06-01,6S,35.0,4.0,False,False,35.0,35.0
2006-06-01,HG,-5.0,2.0,False,False,5.0,5.0
2006-06-01,PA,-10.0,0.0,False,False,10.0,10.0
2006-06-01,CC,-20.0,-70.0,False,False,20.0,20.0
2006-06-01,CT,25.0,-39.0,False,False,25.0,25.0
2006-06-01,GF,43.0,0.0,False,False,43.0,43.0
2006-06-01,HE,85.0,12.0,False,False,85.0,85.0
2006-06-01,KC,1.0,-22.0,False,False,1.0,1.0
2006-06-01,KE,4.0,18.0,False,False,4.0,4.0
2006-06-01,LE,84.0,39.0,False,False,84.0,84.0
2006-06-01,RS,206.0,-402.0,False,False,206.0,206.0
2006-06-01,SB,-2.0,41.0,False,False,2.0,2.0
2006-06-01,ZC,78.0,-66.0,False,False,78.0,78.0
2006-06-01,ZM,3.0,-92.0,False,False,3.0,3.0
2006-06-01,ZS,3.0,-61.0,False,False,3.0,3.0
2006-06-01,ZW,113.0,10.0,False,False,113.0,113.0
2006-06-05,LE,0.0,39.0,True,True,78.0,78.0
2006-06-08,NKD,0.0,11.0,True,True,22.0,22.0
2006-06-08,SNK,0.0,14.0,True,True,28.0,28.0
2006-06-08,FGBL,0.0,-34.0,True,True,68.0,68.0
2006-06-08,FGBM,0.0,-42.0,True,True,84.0,84.0
2006-06-08,FGBS,0.0,-193.0,True,True,386.0,386.0
2006-06-08,SJB,0.0,-62.0,True,True,124.0,124.0
2006-06-14,HE,0.0,12.0,True,True,24.0,24.0
2006-06-15,YAP,0.0,11.0,True,True,22.0,22.0
2006-06-15,YXT,0.0,-75.0,True,True,150.0,150.0
2006-06-15,YYT,0.0,-230.0,True,True,460.0,460.0
2006-06-16,FCE,0.0,11.0,True,True,22.0,22.0
2006-06-16,FESX,0.0,18.0,True,True,36.0,36.0
2006-06-16,FSMI,0.0,14.0,True,True,28.0,28.0
2006-06-16,LFT,0.0,6.0,True,True,12.0,12.0
2006-06-16,NQ,0.0,-42.0,True,True,84.0,84.0
2006-06-19,6J,0.0,-12.0,True,True,24.0,24.0
2006-06-19,6M,0.0,10.0,True,True,20.0,20.0
2006-06-19,6S,0.0,4.0,True,True,8.0,8.0
2006-06-20,CC,0.0,-70.0,True,True,140.0,140.0
2006-06-22,KC,0.0,-22.0,True,True,44.0,44.0
2006-06-26,CT,0.0,-39.0,True,True,78.0,78.0
2006-06-28,NG,0.0,-5.0,True,True,10.0,10.0
2006-06-30,HG,0.0,2.0,True,True,4.0,4.0
2006-06-30,SI,0.0,2.0,True,True,4.0,4.0
2006-06-30,KE,0.0,18.0,True,True,36.0,36.0
2006-06-30,RS,0.0,-402.0,True,True,804.0,804.0
2006-06-30,SB,0.0,41.0,True,True,82.0,82.0
2006-06-30,ZC,0.0,-66.0,True,True,132.0,132.0
2006-06-30,ZM,0.0,-92.0,True,True,184.0,184.0
2006-06-30,ZS,0.0,-61.0,True,True,122.0,122.0
2006-06-30,ZW,0.0,10.0,True,True,20.0,20.0
2006-07-03,HTW,8.0,8.0,False,False,8.0,8.0
2006-07-03,LFT,5.0,11.0,False,False,5.0,5.0
2006-07-03,NQ,-1.0,-43.0,False,False,1.0,1.0
2006-07-03,SNK,-3.0,11.0,False,False,3.0,3.0
2006-07-03,FGBM,-1.0,-43.0,False,False,1.0,1.0
2006-07-03,FGBS,-4.0,-197.0,False,False,4.0,4.0
2006-07-03,SJB,42.0,-20.0,False,False,42.0,42.0
2006-07-03,YXT,29.0,-46.0,False,False,29.0,29.0
2006-07-03,YYT,84.0,-146.0,False,False,84.0,84.0
2006-07-03,ZT,-2.0,-118.0,False,False,2.0,2.0
2006-07-03,ZF,-2.0,-105.0,False,False,2.0,2.0
2006-07-03,ZN,21.0,-48.0,False,False,21.0,21.0
2006-07-03,6J,-11.0,-23.0,False,False,11.0,11.0
2006-07-03,6M,-71.0,-61.0,False,False,71.0,71.0
2006-07-03,6S,-4.0,0.0,False,False,4.0,4.0
2006-07-03,CC,162.0,92.0,False,False,162.0,162.0
2006-07-03,CT,-1.0,-40.0,False,False,1.0,1.0
2006-07-03,HE,17.0,29.0,False,False,17.0,17.0
2006-07-03,KC,9.0,-13.0,False,False,9.0,9.0
2006-07-03,KE,1.0,19.0,False,False,1.0,1.0
2006-07-03,LE,1.0,40.0,False,False,1.0,1.0
2006-07-03,SB,1.0,42.0,False,False,1.0,1.0
2006-07-03,ZC,-1.0,-67.0,False,False,1.0,1.0
2006-07-03,ZL,-76.0,-76.0,False,False,76.0,76.0
2006-07-03,ZM,37.0,-55.0,False,False,37.0,37.0
2006-07-03,ZS,21.0,-40.0,False,False,21.0,21.0
2006-07-03,ZW,-56.0,-46.0,False,False,56.0,56.0
2006-07-04,CGB,-1.0,-53.0,False,False,1.0,1.0
2006-07-04,RS,-7.0,-409.0,False,False,7.0,7.0
2006-07-05,HO,-10.0,-10.0,False,False,10.0,10.0
2006-07-05,GC,1.0,1.0,False,False,1.0,1.0
2006-07-05,HG,1.0,3.0,False,False,1.0,1.0
2006-07-05,PA,2.0,2.0,False,False,2.0,2.0
2006-07-17,HE,0.0,29.0,True,True,58.0,58.0
2006-07-21,FCE,0.0,11.0,True,True,22.0,22.0
2006-07-27,NG,0.0,-5.0,True,True,10.0,10.0
2006-07-28,HTW,0.0,8.0,True,True,16.0,16.0
2006-07-31,HO,0.0,-10.0,True,True,20.0,20.0
2006-07-31,GC,0.0,1.0,True,True,2.0,2.0
2006-07-31,ZL,0.0,-76.0,True,True,152.0,152.0
2006-07-31,ZM,0.0,-55.0,True,True,110.0,110.0
2006-07-31,ZS,0.0,-40.0,True,True,80.0,80.0
2006-08-01,FCE,12.0,23.0,False,False,12.0,12.0
2006-08-01,FESX,10.0,28.0,False,False,10.0,10.0
2006-08-01,HTW,23.0,31.0,False,False,23.0,23.0
2006-08-01,LFT,6.0,17.0,False,False,6.0,6.0
2006-08-01,NQ,-14.0,-57.0,False,False,14.0,14.0
2006-08-01,SNK,7.0,18.0,False,False,7.0,7.0
2006-08-01,YAP,7.0,18.0,False,False,7.0,7.0
2006-08-01,CGB,-18.0,-71.0,False,False,18.0,18.0
2006-08-01,FGBL,-21.0,-55.0,False,False,21.0,21.0
2006-08-01,FGBM,-28.0,-71.0,False,False,28.0,28.0
2006-08-01,FGBS,5.0,-192.0,False,False,5.0,5.0
2006-08-01,LLG,-15.0,-35.0,False,False,15.0,15.0
2006-08-01,SJB,-23.0,-43.0,False,False,23.0,23.0
2006-08-01,YXT,-14.0,-60.0,False,False,14.0,14.0
2006-08-01,YYT,-60.0,-206.0,False,False,60.0,60.0
2006-08-01,ZT,3.0,-115.0,False,False,3.0,3.0
2006-08-01,ZF,2.0,-103.0,False,False,2.0,2.0
2006-08-01,ZN,-25.0,-73.0,False,False,25.0,25.0
2006-08-01,ZB,1.0,-42.0,False,False,1.0,1.0
2006-08-01,6J,-9.0,-32.0,False,False,9.0,9.0
2006-08-01,6M,80.0,19.0,False,False,80.0,80.0
2006-08-01,6S,-36.0,-36.0,False,False,36.0,36.0
2006-08-01,CL,-20.0,-20.0,False,False,20.0,20.0
2006-08-01,GAS,-19.0,-19.0,False,False,19.0,19.0
2006-08-01,HO,-5.0,-15.0,False,False,5.0,5.0
2006-08-01,GC,-1.0,0.0,False,False,1.0,1.0
2006-08-01,HG,4.0,7.0,False,False,4.0,4.0
2006-08-01,PA,-2.0,0.0,False,False,2.0,2.0
2006-08-01,SI,2.0,4.0,False,False,2.0,2.0
2006-08-01,CC,-61.0,31.0,False,False,61.0,61.0
2006-08-01,CT,1.0,-39.0,False,False,1.0,1.0
2006-08-01,HE,38.0,67.0,False,False,38.0,38.0
2006-08-01,KC,-25.0,-38.0,False,False,25.0,25.0
2006-08-01,KE,10.0,29.0,False,False,10.0,10.0
2006-08-01,LE,-1.0,39.0,False,False,1.0,1.0
2006-08-01,RS,156.0,-253.0,False,False,156.0,156.0
2006-08-01,SB,13.0,55.0,False,False,13.0,13.0
2006-08-01,ZC,1.0,-66.0,False,False,1.0,1.0
2006-08-01,ZL,76.0,0.0,False,False,76.0,76.0
2006-08-01,ZM,-25.0,-80.0,False,False,25.0,25.0
2006-08-01,ZS,1.0,-39.0,False,False,1.0,1.0
2006-08-01,ZW,1.0,-45.0,False,False,1.0,1.0
2006-08-02,FSMI,7.0,21.0,False,False,7.0,7.0
2006-08-07,LE,0.0,39.0,True,True,78.0,78.0
2006-08-10,GAS,0.0,-19.0,True,True,38.0,38.0
2006-08-14,HE,0.0,67.0,True,True,134.0,134.0
2006-08-18,FCE,0.0,23.0,True,True,46.0,46.0
2006-08-18,CC,0.0,31.0,True,True,62.0,62.0
2006-08-22,CL,0.0,-20.0,True,True,40.0,40.0
2006-08-23,KC,0.0,-38.0,True,True,76.0,76.0
2006-08-29,CGB,0.0,-71.0,True,True,142.0,142.0
2006-08-29,NG,0.0,-5.0,True,True,10.0,10.0
2006-08-30,HTW,0.0,31.0,True,True,62.0,62.0
2006-08-30,LLG,0.0,-35.0,True,True,70.0,70.0
2006-08-31,ZT,0.0,-115.0,True,True,230.0,230.0
2006-08-31,ZF,0.0,-103.0,True,True,206.0,206.0
2006-08-31,ZN,0.0,-73.0,True,True,146.0,146.0
2006-08-31,ZB,0.0,-42.0,True,True,84.0,84.0
2006-08-31,HO,0.0,-15.0,True,True,30.0,30.0
2006-08-31,HG,0.0,7.0,True,True,14.0,14.0
2006-08-31,SI,0.0,4.0,True,True,8.0,8.0
2006-08-31,KE,0.0,29.0,True,True,58.0,58.0
2006-08-31,ZC,0.0,-66.0,True,True,132.0,132.0
2006-08-31,ZM,0.0,-80.0,True,True,160.0,160.0
2006-08-31,ZS,0.0,-39.0,True,True,78.0,78.0
2006-08-31,ZW,0.0,-45.0,True,True,90.0,90.0
2006-09-01,FCE,10.0,33.0,False,False,10.0,10.0
2006-09-01,LFT,-9.0,8.0,False,False,9.0,9.0
2006-09-01,NKD,-9.0,2.0,False,False,9.0,9.0
2006-09-01,SNK,-16.0,2.0,False,False,16.0,16.0
2006-09-01,YAP,6.0,24.0,False,False,6.0,6.0
2006-09-01,CGB,-32.0,-103.0,False,False,32.0,32.0
2006-09-01,FGBM,-39.0,-110.0,False,False,39.0,39.0
2006-09-01,FGBS,1.0,-191.0,False,False,1.0,1.0
2006-09-01,YXT,18.0,-42.0,False,False,18.0,18.0
2006-09-01,ZT,-63.0,-178.0,False,False,63.0,63.0
2006-09-01,ZF,-60.0,-163.0,False,False,60.0,60.0
2006-09-01,ZN,-33.0,-106.0,False,False,33.0,33.0
2006-09-01,ZB,-29.0,-71.0,False,False,29.0,29.0
2006-09-01,6J,-12.0,-44.0,False,False,12.0,12.0
2006-09-01,6M,32.0,51.0,False,False,32.0,32.0
2006-09-01,BRN,1.0,1.0,False,False,1.0,1.0
2006-09-01,HG,4.0,11.0,False,False,4.0,4.0
2006-09-01,SI,-4.0,0.0,False,False,4.0,4.0
2006-09-01,CC,-64.0,-33.0,False,False,64.0,64.0
2006-09-01,CT,-28.0,-67.0,False,False,28.0,28.0
2006-09-01,HE,-50.0,17.0,False,False,50.0,50.0
2006-09-01,KC,75.0,37.0,False,False,75.0,75.0
2006-09-01,KE,-8.0,21.0,False,False,8.0,8.0
2006-09-01,LE,-34.0,5.0,False,False,34.0,34.0
2006-09-01,RS,-110.0,-363.0,False,False,110.0,110.0
2006-09-01,ZC,-25.0,-91.0,False,False,25.0,25.0
2006-09-01,ZL,18.0,18.0,False,False,18.0,18.0
2006-09-01,ZM,-55.0,-135.0,False,False,55.0,55.0
2006-09-01,ZS,-37.0,-76.0,False,False,37.0,37.0
2006-09-01,ZW,45.0,0.0,False,False,45.0,45.0
2006-09-07,NKD,0.0,2.0,True,True,4.0,4.0
2006-09-07,SNK,0.0,2.0,True,True,4.0,4.0
2006-09-07,FGBL,0.0,-55.0,True,True,110.0,110.0
2006-09-07,FGBM,0.0,-110.0,True,True,220.0,220.0
2006-09-07,FGBS,0.0,-191.0,True,True,382.0,382.0
2006-09-07,SJB,0.0,-43.0,True,True,86.0,86.0
2006-09-12,GAS,0.0,-19.0,True,True,38.0,38.0
2006-09-15,FCE,0.0,33.0,True,True,66.0,66.0
2006-09-15,FESX,0.0,28.0,True,True,56.0,56.0
2006-09-15,FSMI,0.0,21.0,True,True,42.0,42.0
2006-09-15,LFT,0.0,8.0,True,True,16.0,16.0
2006-09-15,NQ,0.0,-57.0,True,True,114.0,114.0
2006-09-15,YXT,0.0,-42.0,True,True,84.0,84.0
2006-09-15,YYT,0.0,-206.0,True,True,412.0,412.0
2006-09-18,6J,0.0,-44.0,True,True,88.0,88.0
2006-09-18,6M,0.0,51.0,True,True,102.0,102.0
2006-09-18,6S,0.0,-36.0,True,True,72.0,72.0
2006-09-20,CL,0.0,-20.0,True,True,40.0,40.0
2006-09-21,YAP,0.0,24.0,True,True,48.0,48.0
2006-09-27,NG,0.0,-5.0,True,True,10.0,10.0
2006-09-28,HTW,0.0,31.0,True,True,62.0,62.0
2006-09-29,BRN,0.0,1.0,True,True,2.0,2.0
2006-09-29,HO,0.0,-15.0,True,True,30.0,30.0
2006-09-29,SB,0.0,55.0,True,True,110.0,110.0
2006-09-29,ZL,0.0,18.0,True,True,36.0,36.0
2006-09-29,ZM,0.0,-135.0,True,True,270.0,270.0
2006-10-02,FSMI,-17.0,4.0,False,False,17.0,17.0
2006-10-02,LFT,14.0,22.0,False,False,14.0,14.0
2006-10-02,NKD,11.0,13.0,False,False,11.0,11.0
2006-10-02,NQ,57.0,0.0,False,False,57.0,57.0
2006-10-02,SNK,28.0,30.0,False,False,28.0,28.0
2006-10-02,YAP,1.0,25.0,False,False,1.0,1.0
2006-10-02,CGB,112.0,9.0,False,False,112.0,112.0
2006-10-02,FGBM,-1.0,-111.0,False,False,1.0,1.0
2006-10-02,FGBS,-2.0,-193.0,False,False,2.0,2.0
2006-10-02,SJB,124.0,81.0,False,False,124.0,124.0
2006-10-02,YYT,-2.0,-208.0,False,False,2.0,2.0
2006-10-02,ZT,-2.0,-180.0,False,False,2.0,2.0
2006-10-02,ZF,-1.0,-164.0,False,False,1.0,1.0
2006-10-02,ZN,-1.0,-107.0,False,False,1.0,1.0
2006-10-02,6A,-55.0,-55.0,False,False,55.0,55.0
2006-10-02,6C,5.0,5.0,False,False,5.0,5.0
2006-10-02,6M,-51.0,0.0,False,False,51.0,51.0
2006-10-02,6S,-13.0,-49.0,False,False,13.0,13.0
2006-10-02,BRN,-21.0,-20.0,False,False,21.0,21.0
2006-10-02,NG,-3.0,-8.0,False,False,3.0,3.0
2006-10-02,CC,83.0,50.0,False,False,83.0,83.0
2006-10-02,GF,-59.0,-59.0,False,False,59.0,59.0
2006-10-02,HE,-82.0,-65.0,False,False,82.0,82.0
2006-10-02,KC,-56.0,-19.0,False,False,56.0,56.0
2006-10-02,KE,1.0,22.0,False,False,1.0,1.0
2006-10-02,LE,-73.0,-68.0,False,False,73.0,73.0
2006-10-02,RS,-3.0,-366.0,False,False,3.0,3.0
2006-10-02,SB,-107.0,-52.0,False,False,107.0,107.0
2006-10-02,ZC,-1.0,-92.0,False,False,1.0,1.0
2006-10-02,ZL,-147.0,-129.0,False,False,147.0,147.0
2006-10-02,ZM,36.0,-99.0,False,False,36.0,36.0
2006-10-02,ZS,-1.0,-77.0,False,False,1.0,1.0
2006-10-02,ZW,2.0,2.0,False,False,2.0,2.0
2006-10-09,LE,0.0,-68.0,True,True,136.0,136.0
2006-10-12,GAS,0.0,-19.0,True,True,38.0,38.0
2006-10-16,HE,0.0,-65.0,True,True,130.0,130.0
2006-10-20,FCE,0.0,33.0,True,True,66.0,66.0
2006-10-20,CL,0.0,-20.0,True,True,40.0,40.0
2006-10-26,GF,0.0,-59.0,True,True,118.0,118.0
2006-10-27,NG,0.0,-8.0,True,True,16.0,16.0
2006-10-30,HTW,0.0,31.0,True,True,62.0,62.0
2006-10-31,BRN,0.0,-20.0,True,True,40.0,40.0
2006-10-31,HO,0.0,-15.0,True,True,30.0,30.0
2006-10-31,RS,0.0,-366.0,True,True,732.0,732.0
2006-10-31,ZS,0.0,-77.0,True,True,154.0,154.0
2006-11-01,FSMI,-1.0,3.0,False,False,1.0,1.0
2006-11-01,SNK,-1.0,29.0,False,False,1.0,1.0
2006-11-01,YAP,-1.0,24.0,False,False,1.0,1.0
2006-11-01,FGBL,1.0,-54.0,False,False,1.0,1.0
2006-11-01,FGBM,2.0,-109.0,False,False,2.0,2.0
2006-11-01,FGBS,84.0,-109.0,False,False,84.0,84.0
2006-11-01,LLG,35.0,0.0,False,False,35.0,35.0
2006-11-01,SJB,-1.0,80.0,False,False,1.0,1.0
2006-11-01,YYT,4.0,-204.0,False,False,4.0,4.0
2006-11-01,ZT,67.0,-113.0,False,False,67.0,67.0
2006-11-01,ZF,62.0,-102.0,False,False,62.0,62.0
2006-11-01,ZN,107.0,0.0,False,False,107.0,107.0
2006-11-01,ZB,71.0,0.0,False,False,71.0,71.0
2006-11-01,6A,55.0,0.0,False,False,55.0,55.0
2006-11-01,6C,-2.0,3.0,False,False,2.0,2.0
2006-11-01,6J,1.0,-43.0,False,False,1.0,1.0
2006-11-01,6S,49.0,0.0,False,False,49.0,49.0
2006-11-01,GAS,6.0,-13.0,False,False,6.0,6.0
2006-11-01,HO,1.0,-14.0,False,False,1.0,1.0
2006-11-01,NG,2.0,-6.0,False,False,2.0,2.0
2006-11-01,CC,28.0,78.0,False,False,28.0,28.0
2006-11-01,CT,1.0,-66.0,False,False,1.0,1.0
2006-11-01,GF,1.0,-58.0,False,False,1.0,1.0
2006-11-01,HE,2.0,-63.0,False,False,2.0,2.0
2006-11-01,KC,-12.0,-31.0,False,False,12.0,12.0
2006-11-01,KE,-7.0,15.0,False,False,7.0,7.0
2006-11-01,LE,2.0,-66.0,False,False,2.0,2.0
2006-11-01,RS,366.0,0.0,False,False,366.0,366.0
2006-11-01,SB,1.0,-51.0,False,False,1.0,1.0
2006-11-01,ZC,118.0,26.0,False,False,118.0,118.0
2006-11-01,ZL,162.0,33.0,False,False,162.0,162.0
2006-11-01,ZM,38.0,-61.0,False,False,38.0,38.0
2006-11-01,ZS,35.0,-42.0,False,False,35.0,35.0
2006-11-01,ZW,7.0,9.0,False,False,7.0,7.0
2006-11-10,GAS,0.0,-13.0,True,True,26.0,26.0
2006-11-16,GF,0.0,-58.0,True,True,116.0,116.0
2006-11-17,FCE,0.0,33.0,True,True,66.0,66.0
2006-11-17,CC,0.0,78.0,True,True,156.0,156.0
2006-11-20,CL,0.0,-20.0,True,True,40.0,40.0
2006-11-22,KC,0.0,-31.0,True,True,62.0,62.0
2006-11-27,CT,0.0,-66.0,True,True,132.0,132.0
2006-11-28,CGB,0.0,9.0,True,True,18.0,18.0
2006-11-28,NG,0.0,-6.0,True,True,12.0,12.0
2006-11-29,HTW,0.0,31.0,True,True,62.0,62.0
2006-11-30,ZT,0.0,-113.0,True,True,226.0,226.0
2006-11-30,ZF,0.0,-102.0,True,True,204.0,204.0
2006-11-30,BRN,0.0,-20.0,True,True,40.0,40.0
2006-11-30,HO,0.0,-14.0,True,True,28.0,28.0
2006-11-30,HG,0.0,11.0,True,True,22.0,22.0
2006-11-30,KE,0.0,15.0,True,True,30.0,30.0
2006-11-30,ZC,0.0,26.0,True,True,52.0,52.0
2006-11-30,ZL,0.0,33.0,True,True,66.0,66.0
2006-11-30,ZM,0.0,-61.0,True,True,122.0,122.0
2006-11-30,ZW,0.0,9.0,True,True,18.0,18.0
2006-12-01,FCE,-26.0,7.0,False,False,26.0,26.0
2006-12-01,FESX,-1.0,27.0,False,False,1.0,1.0
2006-12-01,FSMI,20.0,23.0,False,False,20.0,20.0
2006-12-01,HTW,-1.0,30.0,False,False,1.0,1.0
2006-12-01,LFT,-1.0,21.0,False,False,1.0,1.0
2006-12-01,NKD,6.0,19.0,False,False,6.0,6.0
2006-12-01,CGB,10.0,19.0,False,False,10.0,10.0
2006-12-01,FGBL,1.0,-53.0,False,False,1.0,1.0
2006-12-01,FGBM,36.0,-73.0,False,False,36.0,36.0
2006-12-01,FGBS,-203.0,-312.0,False,False,203.0,203.0
2006-12-01,FGBX,-38.0,-38.0,False,False,38.0,38.0
2006-12-01,LLG,-11.0,-11.0,False,False,11.0,11.0
2006-12-01,SJB,-2.0,78.0,False,False,2.0,2.0
2006-12-01,YXT,-21.0,-63.0,False,False,21.0,21.0
2006-12-01,YYT,4.0,-200.0,False,False,4.0,4.0
2006-12-01,ZT,2.0,-111.0,False,False,2.0,2.0
2006-12-01,ZF,108.0,6.0,False,False,108.0,108.0
2006-12-01,ZN,7.0,7.0,False,False,7.0,7.0
2006-12-01,6C,-66.0,-63.0,False,False,66.0,66.0
2006-12-01,6J,1.0,-42.0,False,False,1.0,1.0
2006-12-01,6M,-118.0,-118.0,False,False,118.0,118.0
2006-12-01,NG,-3.0,-9.0,False,False,3.0,3.0
2006-12-01,CC,-163.0,-85.0,False,False,163.0,163.0
2006-12-01,CT,1.0,-65.0,False,False,1.0,1.0
2006-12-01,GF,1.0,-57.0,False,False,1.0,1.0
2006-12-01,HE,1.0,-62.0,False,False,1.0,1.0
2006-12-01,KC,66.0,35.0,False,False,66.0,66.0
2006-12-01,KE,-7.0,8.0,False,False,7.0,7.0
2006-12-01,LE,1.0,-65.0,False,False,1.0,1.0
2006-12-01,SB,1.0,-50.0,False,False,1.0,1.0
2006-12-01,ZC,19.0,45.0,False,False,19.0,19.0
2006-12-01,ZM,-33.0,-94.0,False,False,33.0,33.0
2006-12-01,ZS,74.0,32.0,False,False,74.0,74.0
2006-12-01,ZW,-9.0,0.0,False,False,9.0,9.0
2006-12-04,LE,0.0,-65.0,True,True,130.0,130.0
2006-12-07,NKD,0.0,19.0,True,True,38.0,38.0
2006-12-07,SNK,0.0,29.0,True,True,58.0,58.0
2006-12-07,FGBL,0.0,-53.0,True,True,106.0,106.0
2006-12-07,FGBM,0.0,-73.0,True,True,146.0,146.0
2006-12-07,FGBS,0.0,-312.0,True,True,624.0,624.0
2006-12-07,FGBX,0.0,-38.0,True,True,76.0,76.0
2006-12-08,SJB,0.0,78.0,True,True,156.0,156.0
2006-12-12,GAS,0.0,-13.0,True,True,26.0,26.0
2006-12-14,HE,0.0,-62.0,True,True,124.0,124.0
2006-12-15,FCE,0.0,7.0,True,True,14.0,14.0
2006-12-15,FESX,0.0,27.0,True,True,54.0,54.0
2006-12-15,FSMI,0.0,23.0,True,True,46.0,46.0
2006-12-15,LFT,0.0,21.0,True,True,42.0,42.0
2006-12-15,YXT,0.0,-63.0,True,True,126.0,126.0
2006-12-15,YYT,0.0,-200.0,True,True,400.0,400.0
2006-12-18,6J,0.0,-42.0,True,True,84.0,84.0
2006-12-18,6M,0.0,-118.0,True,True,236.0,236.0
2006-12-19,6C,0.0,-63.0,True,True,126.0,126.0
2006-12-19,CL,0.0,-20.0,True,True,40.0,40.0
2006-12-21,YAP,0.0,24.0,True,True,48.0,48.0
2006-12-27,NG,0.0,-9.0,True,True,18.0,18.0
2006-12-28,HTW,0.0,30.0,True,True,60.0,60.0
2006-12-29,BRN,0.0,-20.0,True,True,40.0,40.0
2006-12-29,HO,0.0,-14.0,True,True,28.0,28.0
2006-12-29,ZL,0.0,33.0,True,True,66.0,66.0
2006-12-29,ZM,0.0,-94.0,True,True,188.0,188.0
2006-12-29,ZS,0.0,32.0,True,True,64.0,64.0
2007-01-02,FCE,-3.0,4.0,False,False,3.0,3.0
2007-01-02,FESX,2.0,29.0,False,False,2.0,2.0
2007-01-02,HTW,45.0,75.0,False,False,45.0,45.0
2007-01-02,LFT,14.0,35.0,False,False,14.0,14.0
2007-01-02,YAP,1.0,25.0,False,False,1.0,1.0
2007-01-02,CGB,1.0,20.0,False,False,1.0,1.0
2007-01-02,FGBL,-45.0,-98.0,False,False,45.0,45.0
2007-01-02,FGBM,-103.0,-176.0,False,False,103.0,103.0
2007-01-02,FGBS,-180.0,-492.0,False,False,180.0,180.0
2007-01-02,FGBX,-20.0,-58.0,False,False,20.0,20.0
2007-01-02,YXT,-61.0,-124.0,False,False,61.0,61.0
2007-01-02,YYT,-171.0,-371.0,False,False,171.0,171.0
2007-01-02,ZT,-47.0,-158.0,False,False,47.0,47.0
2007-01-02,ZF,-165.0,-159.0,False,False,165.0,165.0
2007-01-02,ZN,-117.0,-110.0,False,False,117.0,117.0
2007-01-02,ZB,-72.0,-72.0,False,False,72.0,72.0
2007-01-02,6C,-35.0,-98.0,False,False,35.0,35.0
2007-01-02,6J,-31.0,-73.0,False,False,31.0,31.0
2007-01-02,6M,118.0,0.0,False,False,118.0,118.0
2007-01-02,BRN,-12.0,-32.0,False,False,12.0,12.0
2007-01-02,GAS,-11.0,-24.0,False,False,11.0,11.0
2007-01-02,HO,-9.0,-23.0,False,False,9.0,9.0
2007-01-03,FSMI,-23.0,0.0,False,False,23.0,23.0
2007-01-03,NKD,-19.0,0.0,False,False,19.0,19.0
2007-01-03,NQ,-111.0,-111.0,False,False,111.0,111.0
2007-01-03,CL,-12.0,-32.0,False,False,12.0,12.0
2007-01-03,RB,-21.0,-21.0,False,False,21.0,21.0
2007-01-03,PL,6.0,6.0,False,False,6.0,6.0
2007-01-03,CC,-4.0,-89.0,False,False,4.0,4.0
2007-01-03,CT,-34.0,-99.0,False,False,34.0,34.0
2007-01-03,GF,-3.0,-60.0,False,False,3.0,3.0
2007-01-03,HE,110.0,48.0,False,False,110.0,110.0
2007-01-03,KC,-59.0,-24.0,False,False,59.0,59.0
2007-01-03,KE,-8.0,0.0,False,False,8.0,8.0
2007-01-03,LE,-34.0,-99.0,False,False,34.0,34.0
2007-01-03,SB,-56.0,-106.0,False,False,56.0,56.0
2007-01-03,ZC,31.0,76.0,False,False,31.0,31.0
2007-01-03,ZL,-19.0,14.0,False,False,19.0,19.0
2007-01-03,ZM,-45.0,-139.0,False,False,45.0,45.0
2007-01-03,ZS,19.0,51.0,False,False,19.0,19.0
2007-01-04,SNK,29.0,58.0,False,False,29.0,29.0
2007-01-04,SJB,-105.0,-27.0,False,False,105.0,105.0
2007-01-11,GAS,0.0,-24.0,True,True,48.0,48.0
2007-01-19,FCE,0.0,4.0,True,True,8.0,8.0
2007-01-22,CL,0.0,-32.0,True,True,64.0,64.0
2007-01-25,GF,0.0,-60.0,True,True,120.0,120.0
2007-01-29,NG,0.0,-9.0,True,True,18.0,18.0
2007-01-30,HTW,0.0,75.0,True,True,150.0,150.0
2007-01-31,BRN,0.0,-32.0,True,True,64.0,64.0
2007-01-31,HO,0.0,-23.0,True,True,46.0,46.0
2007-01-31,RB,0.0,-21.0,True,True,42.0,42.0
2007-02-01,FESX,1.0,30.0,False,False,1.0,1.0
2007-02-01,HTW,-23.0,52.0,False,False,23.0,23.0
2007-02-01,LFT,-11.0,24.0,False,False,11.0,11.0
2007-02-01,NKD,3.0,3.0,False,False,3.0,3.0
2007-02-01,NQ,111.0,0.0,False,False,111.0,111.0
2007-02-01,SNK,3.0,61.0,False,False,3.0,3.0
2007-02-01,YAP,1.0,26.0,False,False,1.0,1.0
2007-02-01,CGB,98.0,118.0,False,False,98.0,98.0
2007-02-01,FGBL,-4.0,-102.0,False,False,4.0,4.0
2007-02-01,FGBM,-8.0,-184.0,False,False,8.0,8.0
2007-02-01,FGBS,-23.0,-515.0,False,False,23.0,23.0
2007-02-01,FGBX,12.0,-46.0,False,False,12.0,12.0
2007-02-01,LLG,5.0,-6.0,False,False,5.0,5.0
2007-02-01,SJB,134.0,107.0,False,False,134.0,134.0
2007-02-01,YXT,-6.0,-130.0,False,False,6.0,6.0
2007-02-01,YYT,85.0,-286.0,False,False,85.0,85.0
2007-02-01,ZT,-7.0,-165.0,False,False,7.0,7.0
2007-02-01,ZF,-7.0,-166.0,False,False,7.0,7.0
2007-02-01,ZN,-5.0,-115.0,False,False,5.0,5.0
2007-02-01,ZB,-4.0,-76.0,False,False,4.0,4.0
2007-02-01,6C,-4.0,-102.0,False,False,4.0,4.0
2007-02-01,6J,-3.0,-76.0,False,False,3.0,3.0
2007-02-01,6M,-142.0,-142.0,False,False,142.0,142.0
2007-02-01,6N,54.0,54.0,False,False,54.0,54.0
2007-02-01,BRN,16.0,-16.0,False,False,16.0,16.0
2007-02-01,CL,16.0,-16.0,False,False,16.0,16.0
2007-02-01,GAS,-1.0,-25.0,False,False,1.0,1.0
2007-02-01,HO,8.0,-15.0,False,False,8.0,8.0
2007-02-01,NG,3.0,-6.0,False,False,3.0,3.0
2007-02-01,RB,6.0,-15.0,False,False,6.0,6.0
2007-02-01,HG,1.0,12.0,False,False,1.0,1.0
2007-02-01,PL,-6.0,0.0,False,False,6.0,6.0
2007-02-01,CC,191.0,102.0,False,False,191.0,191.0
2007-02-01,CT,-5.0,-104.0,False,False,5.0,5.0
2007-02-01,GF,-3.0,-63.0,False,False,3.0,3.0
2007-02-01,HE,-30.0,18.0,False,False,30.0,30.0
2007-02-01,KC,-12.0,-36.0,False,False,12.0,12.0
2007-02-01,LE,-5.0,-104.0,False,False,5.0,5.0
2007-02-01,RS,14.0,14.0,False,False,14.0,14.0
2007-02-01,SB,-5.0,-111.0,False,False,5.0,5.0
2007-02-01,ZC,-27.0,49.0,False,False,27.0,27.0
2007-02-01,ZL,1.0,15.0,False,False,1.0,1.0
2007-02-01,ZM,170.0,31.0,False,False,170.0,170.0
2007-02-01,ZS,2.0,53.0,False,False,2.0,2.0
2007-02-02,6N,5.0,59.0,False,False,5.0,5.0
2007-02-05,LE,0.0,-104.0,True,True,208.0,208.0
2007-02-12,GAS,0.0,-25.0,True,True,50.0,50.0
2007-02-14,CC,0.0,102.0,True,True,204.0,204.0
2007-02-14,HE,0.0,18.0,True,True,36.0,36.0
2007-02-16,FCE,0.0,4.0,True,True,8.0,8.0
2007-02-20,CL,0.0,-16.0,True,True,32.0,32.0
2007-02-20,KC,0.0,-36.0,True,True,72.0,72.0
2007-02-22,CT,0.0,-104.0,True,True,208.0,208.0
2007-02-26,HTW,0.0,52.0,True,True,104.0,104.0
2007-02-26,CGB,0.0,118.0,True,True,236.0,236.0
2007-02-26,NG,0.0,-6.0,True,True,12.0,12.0
2007-02-27,LLG,0.0,-6.0,True,True,12.0,12.0
2007-02-28,ZT,0.0,-165.0,True,True,330.0,330.0
2007-02-28,ZF,0.0,-166.0,True,True,332.0,332.0
2007-02-28,ZN,0.0,-115.0,True,True,230.0,230.0
2007-02-28,ZB,0.0,-76.0,True,True,152.0,152.0
2007-02-28,BRN,0.0,-16.0,True,True,32.0,32.0
2007-02-28,HO,0.0,-15.0,True,True,30.0,30.0
2007-02-28,RB,0.0,-15.0,True,True,30.0,30.0
2007-02-28,HG,0.0,12.0,True,True,24.0,24.0
2007-02-28,RS,0.0,14.0,True,True,28.0,28.0
2007-02-28,SB,0.0,-111.0,True,True,222.0,222.0
2007-02-28,ZC,0.0,49.0,True,True,98.0,98.0
2007-02-28,ZL,0.0,15.0,True,True,30.0,30.0
2007-02-28,ZM,0.0,31.0,True,True,62.0,62.0
2007-02-28,ZS,0.0,53.0,True,True,106.0,106.0
2007-03-01,FCE,2.0,6.0,False,False,2.0,2.0
2007-03-01,FESX,-1.0,29.0,False,False,1.0,1.0
2007-03-01,FSMI,26.0,26.0,False,False,26.0,26.0
2007-03-01,HTW,-15.0,37.0,False,False,15.0,15.0
2007-03-01,LFT,-24.0,0.0,False,False,24.0,24.0
2007-03-01,NKD,-3.0,0.0,False,False,3.0,3.0
2007-03-01,SNK,-61.0,0.0,False,False,61.0,61.0
2007-03-01,YAP,-17.0,9.0,False,False,17.0,17.0
2007-03-01,CGB,-83.0,35.0,False,False,83.0,83.0
2007-03-01,FGBL,48.0,-54.0,False,False,48.0,48.0
2007-03-01,FGBM,84.0,-100.0,False,False,84.0,84.0
2007-03-01,FGBS,208.0,-307.0,False,False,208.0,208.0
2007-03-01,FGBX,15.0,-31.0,False,False,15.0,15.0
2007-03-01,LLG,-32.0,-38.0,False,False,32.0,32.0
2007-03-01,SJB,-51.0,56.0,False,False,51.0,51.0
2007-03-01,YXT,63.0,-67.0,False,False,63.0,63.0
2007-03-01,YYT,88.0,-198.0,False,False,88.0,88.0
2007-03-01,ZT,61.0,-104.0,False,False,61.0,61.0
2007-03-01,ZF,171.0,5.0,False,False,171.0,171.0
2007-03-01,ZN,132.0,17.0,False,False,132.0,132.0
2007-03-01,ZB,86.0,10.0,False,False,86.0,86.0
2007-03-01,6C,52.0,-50.0,False,False,52.0,52.0
2007-03-01,6E,30.0,30.0,False,False,30.0,30.0
2007-03-01,6J,69.0,-7.0,False,False,69.0,69.0
2007-03-01,6M,44.0,-98.0,False,False,44.0,44.0
2007-03-01,6N,-18.0,41.0,False,False,18.0,18.0
2007-03-01,6S,40.0,40.0,False,False,40.0,40.0
2007-03-01,BRN,1.0,-15.0,False,False,1.0,1.0
2007-03-01,CL,1.0,-15.0,False,False,1.0,1.0
2007-03-01,GAS,11.0,-14.0,False,False,11.0,11.0
2007-03-01,HO,4.0,-11.0,False,False,4.0,4.0
2007-03-01,RB,1.0,-14.0,False,False,1.0,1.0
2007-03-01,HG,-5.0,7.0,False,False,5.0,5.0
2007-03-01,CC,-64.0,38.0,False,False,64.0,64.0
2007-03-01,CT,48.0,-56.0,False,False,48.0,48.0
2007-03-01,GF,63.0,0.0,False,False,63.0,63.0
2007-03-01,HE,43.0,61.0,False,False,43.0,43.0
2007-03-01,KC,2.0,-34.0,False,False,2.0,2.0
2007-03-01,LE,104.0,0.0,False,False,104.0,104.0
2007-03-01,RS,38.0,52.0,False,False,38.0,38.0
2007-03-01,SB,47.0,-64.0,False,False,47.0,47.0
2007-03-01,ZC,-15.0,34.0,False,False,15.0,15.0
2007-03-01,ZL,-9.0,6.0,False,False,9.0,9.0
2007-03-01,ZM,-13.0,18.0,False,False,13.0,13.0
2007-03-01,ZS,-20.0,33.0,False,False,20.0,20.0
2007-03-08,FGBL,0.0,-54.0,True,True,108.0,108.0
2007-03-08,FGBM,0.0,-100.0,True,True,200.0,200.0
2007-03-08,FGBS,0.0,-307.0,True,True,614.0,614.0
2007-03-08,FGBX,0.0,-31.0,True,True,62.0,62.0
2007-03-08,SJB,0.0,56.0,True,True,112.0,112.0
2007-03-12,GAS,0.0,-14.0,True,True,28.0,28.0
2007-03-15,YAP,0.0,9.0,True,True,18.0,18.0
2007-03-15,YXT,0.0,-67.0,True,True,134.0,134.0
2007-03-15,YYT,0.0,-198.0,True,True,396.0,396.0
2007-03-16,FCE,0.0,6.0,True,True,12.0,12.0
2007-03-16,FESX,0.0,29.0,True,True,58.0,58.0
2007-03-16,FSMI,0.0,26.0,True,True,52.0,52.0
2007-03-19,6E,0.0,30.0,True,True,60.0,60.0
2007-03-19,6J,0.0,-7.0,True,True,14.0,14.0
2007-03-19,6M,0.0,-98.0,True,True,196.0,196.0
2007-03-19,6N,0.0,41.0,True,True,82.0,82.0
2007-03-19,6S,0.0,40.0,True,True,80.0,80.0
2007-03-20,6C,0.0,-50.0,True,True,100.0,100.0
2007-03-20,CL,0.0,-15.0,True,True,30.0,30.0
2007-03-28,NG,0.0,-6.0,True,True,12.0,12.0
2007-03-29,HTW,0.0,37.0,True,True,74.0,74.0
2007-03-30,BRN,0.0,-15.0,True,True,30.0,30.0
2007-03-30,HO,0.0,-11.0,True,True,22.0,22.0
2007-03-30,RB,0.0,-14.0,True,True,28.0,28.0
2007-04-02,EMD,1.0,1.0,False,False,1.0,1.0
2007-04-02,ES,8.0,8.0,False,False,8.0,8.0
2007-04-02,FCE,17.0,23.0,False,False,17.0,17.0
2007-04-02,FESX,-15.0,14.0,False,False,15.0,15.0
2007-04-02,FSMI,-18.0,8.0,False,False,18.0,18.0
2007-04-02,LFT,3.0,3.0,False,False,3.0,3.0
2007-04-02,NKD,2.0,2.0,False,False,2.0,2.0
2007-04-02,NQ,-54.0,-54.0,False,False,54.0,54.0
2007-04-02,SNK,5.0,5.0,False,False,5.0,5.0
2007-04-02,YM,2.0,2.0,False,False,2.0,2.0
2007-04-02,FGBS,-1.0,-308.0,False,False,1.0,1.0
2007-04-02,SJB,40.0,96.0,False,False,40.0,40.0
2007-04-02,YYT,-1.0,-199.0,False,False,1.0,1.0
2007-04-02,ZT,104.0,0.0,False,False,104.0,104.0
2007-04-02,ZF,-5.0,0.0,False,False,5.0,5.0
2007-04-02,6A,9.0,9.0,False,False,9.0,9.0
2007-04-02,6E,1.0,31.0,False,False,1.0,1.0
2007-04-02,6J,-12.0,-19.0,False,False,12.0,12.0
2007-04-02,6M,98.0,0.0,False,False,98.0,98.0
2007-04-02,6N,1.0,42.0,False,False,1.0,1.0
2007-04-02,6S,-11.0,29.0,False,False,11.0,11.0
2007-04-02,CL,-1.0,-16.0,False,False,1.0,1.0
2007-04-02,NG,-4.0,-10.0,False,False,4.0,4.0
2007-04-02,PL,31.0,31.0,False,False,31.0,31.0
2007-04-02,CC,-38.0,0.0,False,False,38.0,38.0
2007-04-02,CT,-21.0,-77.0,False,False,21.0,21.0
2007-04-02,HE,-41.0,20.0,False,False,41.0,41.0
2007-04-02,KE,-58.0,-58.0,False,False,58.0,58.0
2007-04-02,SB,-24.0,-88.0,False,False,24.0,24.0
2007-04-02,ZL,-6.0,0.0,False,False,6.0,6.0
2007-04-02,ZW,-50.0,-50.0,False,False,50.0,50.0
2007-04-12,GAS,0.0,-14.0,True,True,28.0,28.0
2007-04-16,HE,0.0,20.0,True,True,40.0,40.0
2007-04-20,FCE,0.0,23.0,True,True,46.0,46.0
2007-04-20,CL,0.0,-16.0,True,True,32.0,32.0
2007-04-20,KC,0.0,-34.0,True,True,68.0,68.0
2007-04-24,CT,0.0,-77.0,True,True,154.0,154.0
2007-04-26,NG,0.0,-10.0,True,True,20.0,20.0
2007-04-27,HTW,0.0,37.0,True,True,74.0,74.0
2007-04-30,BRN,0.0,-15.0,True,True,30.0,30.0
2007-04-30,HO,0.0,-11.0,True,True,22.0,22.0
2007-04-30,RB,0.0,-14.0,True,True,28.0,28.0
2007-04-30,HG,0.0,7.0,True,True,14.0,14.0
2007-04-30,KE,0.0,-58.0,True,True,116.0,116.0
2007-04-30,RS,0.0,52.0,True,True,104.0,104.0
2007-04-30,SB,0.0,-88.0,True,True,176.0,176.0
2007-04-30,ZC,0.0,34.0,True,True,68.0,68.0
2007-04-30,ZM,0.0,18.0,True,True,36.0,36.0
2007-04-30,ZS,0.0,33.0,True,True,66.0,66.0
2007-04-30,ZW,0.0,-50.0,True,True,100.0,100.0
2007-05-01,EMD,-1.0,0.0,False,False,1.0,1.0
2007-05-01,ES,-3.0,5.0,False,False,3.0,3.0
2007-05-01,LFT,-1.0,2.0,False,False,1.0,1.0
2007-05-01,NKD,-2.0,0.0,False,False,2.0,2.0
2007-05-01,NQ,54.0,0.0,False,False,54.0,54.0
2007-05-01,SNK,3.0,8.0,False,False,3.0,3.0
2007-05-01,YAP,5.0,14.0,False,False,5.0,5.0
2007-05-01,YM,-2.0,0.0,False,False,2.0,2.0
2007-05-01,LLG,-24.0,-62.0,False,False,24.0,24.0
2007-05-01,SJB,55.0,151.0,False,False,55.0,55.0
2007-05-01,YXT,-55.0,-122.0,False,False,55.0,55.0
2007-05-01,YYT,-134.0,-333.0,False,False,134.0,134.0
2007-05-01,ZN,-17.0,0.0,False,False,17.0,17.0
2007-05-01,6A,14.0,23.0,False,False,14.0,14.0
2007-05-01,6C,-1.0,-51.0,False,False,1.0,1.0
2007-05-01,6E,11.0,42.0,False,False,11.0,11.0
2007-05-01,6J,-19.0,-38.0,False,False,19.0,19.0
2007-05-01,6N,25.0,67.0,False,False,25.0,25.0
2007-05-01,6S,-103.0,-74.0,False,False,103.0,103.0
2007-05-01,BRN,-13.0,-28.0,False,False,13.0,13.0
2007-05-01,CL,-9.0,-25.0,False,False,9.0,9.0
2007-05-01,GAS,-7.0,-21.0,False,False,7.0,7.0
2007-05-01,HO,-6.0,-17.0,False,False,6.0,6.0
2007-05-01,NG,-6.0,-16.0,False,False,6.0,6.0
2007-05-01,RB,-1.0,-15.0,False,False,1.0,1.0
2007-05-01,GC,-48.0,-48.0,False,False,48.0,48.0
2007-05-01,HG,-25.0,-18.0,False,False,25.0,25.0
2007-05-01,PA,-53.0,-53.0,False,False,53.0,53.0
2007-05-01,PL,-60.0,-29.0,False,False,60.0,60.0
2007-05-01,SI,-28.0,-28.0,False,False,28.0,28.0
2007-05-01,CC,20.0,20.0,False,False,20.0,20.0
2007-05-01,CT,-1.0,-78.0,False,False,1.0,1.0
2007-05-01,GF,3.0,3.0,False,False,3.0,3.0
2007-05-01,HE,82.0,102.0,False,False,82.0,82.0
2007-05-01,KC,-17.0,-51.0,False,False,17.0,17.0
2007-05-01,KE,-1.0,-59.0,False,False,1.0,1.0
2007-05-01,RS,44.0,96.0,False,False,44.0,44.0
2007-05-01,SB,-1.0,-89.0,False,False,1.0,1.0
2007-05-01,ZC,28.0,62.0,False,False,28.0,28.0
2007-05-01,ZL,18.0,18.0,False,False,18.0,18.0
2007-05-01,ZM,-125.0,-107.0,False,False,125.0,125.0
2007-05-01,ZS,26.0,59.0,False,False,26.0,26.0
2007-05-01,ZW,61.0,11.0,False,False,61.0,61.0
2007-05-02,FCE,1.0,24.0,False,False,1.0,1.0
2007-05-02,FESX,6.0,20.0,False,False,6.0,6.0
2007-05-02,HTW,31.0,68.0,False,False,31.0,31.0
2007-05-02,FGBL,54.0,0.0,False,False,54.0,54.0
2007-05-02,FGBM,-65.0,-165.0,False,False,65.0,65.0
2007-05-02,FGBS,-222.0,-530.0,False,False,222.0,222.0
2007-05-02,FGBX,74.0,43.0,False,False,74.0,74.0
2007-05-02,PA,-15.0,-68.0,False,False,15.0,15.0
2007-05-02,PL,-7.0,-36.0,False,False,7.0,7.0
2007-05-10,GAS,0.0,-21.0,True,True,42.0,42.0
2007-05-18,FCE,0.0,24.0,True,True,48.0,48.0
2007-05-22,CL,0.0,-25.0,True,True,50.0,50.0
2007-05-29,CGB,0.0,35.0,True,True,70.0,70.0
2007-05-29,NG,0.0,-16.0,True,True,32.0,32.0
2007-05-29,GF,0.0,3.0,True,True,6.0,6.0
2007-05-30,HTW,0.0,68.0,True,True,136.0,136.0
2007-05-30,LLG,0.0,-62.0,True,True,124.0,124.0
2007-05-31,ZB,0.0,10.0,True,True,20.0,20.0
2007-05-31,BRN,0.0,-28.0,True,True,56.0,56.0
2007-05-31,HO,0.0,-17.0,True,True,34.0,34.0
2007-05-31,RB,0.0,-15.0,True,True,30.0,30.0
2007-05-31,GC,0.0,-48.0,True,True,96.0,96.0
2007-05-31,PA,0.0,-68.0,True,True,136.0,136.0
2007-06-01,ES,-5.0,0.0,False,False,5.0,5.0
2007-06-01,FCE,-24.0,0.0,False,False,24.0,24.0
2007-06-01,FESX,18.0,38.0,False,False,18.0,18.0
2007-06-01,FSMI,-8.0,0.0,False,False,8.0,8.0
2007-06-01,HTW,2.0,70.0,False,False,2.0,2.0
2007-06-01,LFT,-2.0,0.0,False,False,2.0,2.0
2007-06-01,NKD,22.0,22.0,False,False,22.0,22.0
2007-06-01,SNK,22.0,30.0,False,False,22.0,22.0
2007-06-01,YAP,1.0,15.0,False,False,1.0,1.0
2007-06-01,CGB,-195.0,-160.0,False,False,195.0,195.0
2007-06-01,FGBL,-116.0,-116.0,False,False,116.0,116.0
2007-06-01,FGBM,-66.0,-231.0,False,False,66.0,66.0
2007-06-01,FGBS,-14.0,-544.0,False,False,14.0,14.0
2007-06-01,FGBX,-111.0,-68.0,False,False,111.0,111.0
2007-06-01,LLG,-29.0,-91.0,False,False,29.0,29.0
2007-06-01,SJB,-151.0,0.0,False,False,151.0,151.0
2007-06-01,YXT,-50.0,-172.0,False,False,50.0,50.0
2007-06-01,YYT,-141.0,-474.0,False,False,141.0,141.0
2007-06-01,ZT,-278.0,-278.0,False,False,278.0,278.0
2007-06-01,ZF,-253.0,-253.0,False,False,253.0,253.0
2007-06-01,ZB,-10.0,0.0,False,False,10.0,10.0
2007-06-01,6A,69.0,92.0,False,False,69.0,69.0
2007-06-01,6B,45.0,45.0,False,False,45.0,45.0
2007-06-01,6C,83.0,32.0,False,False,83.0,83.0
2007-06-01,6E,-28.0,14.0,False,False,28.0,28.0
2007-06-01,6J,-55.0,-93.0,False,False,55.0,55.0
2007-06-01,6M,39.0,39.0,False,False,39.0,39.0
2007-06-01,6N,31.0,98.0,False,False,31.0,31.0
2007-06-01,6S,-38.0,-112.0,False,False,38.0,38.0
2007-06-01,BRN,-1.0,-29.0,False,False,1.0,1.0
2007-06-01,CL,-1.0,-26.0,False,False,1.0,1.0
2007-06-01,GAS,-1.0,-22.0,False,False,1.0,1.0
2007-06-01,HO,-1.0,-18.0,False,False,1.0,1.0
2007-06-01,NG,-9.0,-25.0,False,False,9.0,9.0
2007-06-01,RB,31.0,16.0,False,False,31.0,31.0
2007-06-01,GC,48.0,0.0,False,False,48.0,48.0
2007-06-01,HG,22.0,4.0,False,False,22.0,22.0
2007-06-01,PA,35.0,-33.0,False,False,35.0,35.0
2007-06-01,PL,68.0,32.0,False,False,68.0,68.0
2007-06-01,SI,28.0,0.0,False,False,28.0,28.0
2007-06-01,CC,-13.0,7.0,False,False,13.0,13.0
2007-06-01,CT,-2.0,-80.0,False,False,2.0,2.0
2007-06-01,GF,63.0,66.0,False,False,63.0,63.0
2007-06-01,HE,48.0,150.0,False,False,48.0,48.0
2007-06-01,KC,52.0,1.0,False,False,52.0,52.0
2007-06-01,KE,-26.0,-85.0,False,False,26.0,26.0
2007-06-01,RS,-96.0,0.0,False,False,96.0,96.0
2007-06-01,SB,-67.0,-156.0,False,False,67.0,67.0
2007-06-01,ZC,1.0,63.0,False,False,1.0,1.0
2007-06-01,ZL,-18.0,0.0,False,False,18.0,18.0
2007-06-01,ZM,107.0,0.0,False,False,107.0,107.0
2007-06-01,ZS,2.0,61.0,False,False,2.0,2.0
2007-06-04,PA,54.0,21.0,False,False,54.0,54.0
2007-06-04,PL,23.0,55.0,False,False,23.0,23.0
2007-06-05,PA,3.0,24.0,False,False,3.0,3.0
2007-06-07,NKD,0.0,22.0,True,True,44.0,44.0
2007-06-07,SNK,0.0,30.0,True,True,60.0,60.0
2007-06-07,FGBL,0.0,-116.0,True,True,232.0,232.0
2007-06-07,FGBM,0.0,-231.0,True,True,462.0,462.0
2007-06-07,FGBS,0.0,-544.0,True,True,1088.0,1088.0
2007-06-07,FGBX,0.0,-68.0,True,True,136.0,136.0
2007-06-12,GAS,0.0,-22.0,True,True,44.0,44.0
2007-06-14,HE,0.0,150.0,True,True,300.0,300.0
2007-06-15,FESX,0.0,38.0,True,True,76.0,76.0
2007-06-15,YXT,0.0,-172.0,True,True,344.0,344.0
2007-06-15,YYT,0.0,-474.0,True,True,948.0,948.0
2007-06-18,6A,0.0,92.0,True,True,184.0,184.0
2007-06-18,6B,0.0,45.0,True,True,90.0,90.0
2007-06-18,6E,0.0,14.0,True,True,28.0,28.0
2007-06-18,6J,0.0,-93.0,True,True,186.0,186.0
2007-06-18,6M,0.0,39.0,True,True,78.0,78.0
2007-06-18,6N,0.0,98.0,True,True,196.0,196.0
2007-06-18,6S,0.0,-112.0,True,True,224.0,224.0
2007-06-19,6C,0.0,32.0,True,True,64.0,64.0
2007-06-19,CC,0.0,7.0,True,True,14.0,14.0
2007-06-20,CL,0.0,-26.0,True,True,52.0,52.0
2007-06-21,YAP,0.0,15.0,True,True,30.0,30.0
2007-06-21,KC,0.0,1.0,True,True,2.0,2.0
2007-06-25,CT,0.0,-80.0,True,True,160.0,160.0
2007-06-27,NG,0.0,-25.0,True,True,50.0,50.0
2007-06-28,HTW,0.0,70.0,True,True,140.0,140.0
2007-06-29,BRN,0.0,-29.0,True,True,58.0,58.0
2007-06-29,HO,0.0,-18.0,True,True,36.0,36.0
2007-06-29,RB,0.0,16.0,True,True,32.0,32.0
2007-06-29,HG,0.0,4.0,True,True,8.0,8.0
2007-06-29,PL,0.0,55.0,True,True,110.0,110.0
2007-06-29,KE,0.0,-85.0,True,True,170.0,170.0
2007-06-29,SB,0.0,-156.0,True,True,312.0,312.0
2007-06-29,ZC,0.0,63.0,True,True,126.0,126.0
2007-06-29,ZS,0.0,61.0,True,True,122.0,122.0
2007-06-29,ZW,0.0,11.0,True,True,22.0,22.0
2007-07-02,EMD,6.0,6.0,False,False,6.0,6.0
2007-07-02,ES,12.0,12.0,False,False,12.0,12.0
2007-07-02,FESX,-38.0,0.0,False,False,38.0,38.0
2007-07-02,HTW,-45.0,25.0,False,False,45.0,45.0
2007-07-02,NKD,-22.0,0.0,False,False,22.0,22.0
2007-07-02,NQ,7.0,7.0,False,False,7.0,7.0
2007-07-02,RTY,3.0,3.0,False,False,3.0,3.0
2007-07-02,SNK,-24.0,6.0,False,False,24.0,24.0
2007-07-02,YAP,-15.0,0.0,False,False,15.0,15.0
2007-07-02,YM,9.0,9.0,False,False,9.0,9.0
2007-07-02,FGBL,71.0,-45.0,False,False,71.0,71.0
2007-07-02,FGBM,132.0,-99.0,False,False,132.0,132.0
2007-07-02,FGBS,239.0,-305.0,False,False,239.0,239.0
2007-07-02,FGBX,40.0,-28.0,False,False,40.0,40.0
2007-07-02,LLG,51.0,-40.0,False,False,51.0,51.0
2007-07-02,SJB,22.0,22.0,False,False,22.0,22.0
2007-07-02,YXT,97.0,-75.0,False,False,97.0,97.0
2007-07-02,YYT,259.0,-215.0,False,False,259.0,259.0
2007-07-02,ZT,154.0,-124.0,False,False,154.0,154.0
2007-07-02,ZF,253.0,0.0,False,False,253.0,253.0
2007-07-02,ZB,5.0,5.0,False,False,5.0,5.0
2007-07-02,6A,-43.0,49.0,False,False,43.0,43.0
2007-07-02,6B,1.0,46.0,False,False,1.0,1.0
2007-07-02,6E,24.0,38.0,False,False,24.0,24.0
2007-07-02,6J,41.0,-52.0,False,False,41.0,41.0
2007-07-02,6M,-39.0,0.0,False,False,39.0,39.0
2007-07-02,6N,-54.0,44.0,False,False,54.0,54.0
2007-07-02,6S,81.0,-31.0,False,False,81.0,81.0
2007-07-02,BRN,9.0,-20.0,False,False,9.0,9.0
2007-07-02,CL,7.0,-19.0,False,False,7.0,7.0
2007-07-02,GAS,10.0,-12.0,False,False,10.0,10.0
2007-07-02,HO,9.0,-9.0,False,False,9.0,9.0
2007-07-02,NG,13.0,-12.0,False,False,13.0,13.0
2007-07-02,RB,-5.0,11.0,False,False,5.0,5.0
2007-07-02,GC,-32.0,-32.0,False,False,32.0,32.0
2007-07-02,HG,-16.0,-12.0,False,False,16.0,16.0
2007-07-02,PA,-10.0,14.0,False,False,10.0,10.0
2007-07-02,PL,-45.0,10.0,False,False,45.0,45.0
2007-07-02,CC,7.0,14.0,False,False,7.0,7.0
2007-07-02,CT,58.0,-22.0,False,False,58.0,58.0
2007-07-02,GF,-33.0,33.0,False,False,33.0,33.0
2007-07-02,HE,-231.0,-81.0,False,False,231.0,231.0
2007-07-02,KC,-33.0,-32.0,False,False,33.0,33.0
2007-07-02,KE,95.0,10.0,False,False,95.0,95.0
2007-07-02,SB,119.0,-37.0,False,False,119.0,119.0
2007-07-02,ZC,-22.0,41.0,False,False,22.0,22.0
2007-07-02,ZS,-38.0,23.0,False,False,38.0,38.0
2007-07-02,ZW,13.0,24.0,False,False,13.0,13.0
2007-07-03,SXF,1.0,1.0,False,False,1.0,1.0
2007-07-03,CGB,185.0,25.0,False,False,185.0,185.0
2007-07-03,PL,-38.0,-28.0,False,False,38.0,38.0
2007-07-03,RS,184.0,184.0,False,False,184.0,184.0
2007-07-05,PL,-6.0,-34.0,False,False,6.0,6.0
2007-07-12,GAS,0.0,-12.0,True,True,24.0,24.0
2007-07-16,HE,0.0,-81.0,True,True,162.0,162.0
2007-07-20,CL,0.0,-19.0,True,True,38.0,38.0
2007-07-27,NG,0.0,-12.0,True,True,24.0,24.0
2007-07-30,HTW,0.0,25.0,True,True,50.0,50.0
2007-07-31,BRN,0.0,-20.0,True,True,40.0,40.0
2007-07-31,HO,0.0,-9.0,True,True,18.0,18.0
2007-07-31,RB,0.0,11.0,True,True,22.0,22.0
2007-07-31,GC,0.0,-32.0,True,True,64.0,64.0
2007-07-31,ZS,0.0,23.0,True,True,46.0,46.0
2007-08-01,ES,-1.0,11.0,False,False,1.0,1.0
2007-08-01,FCE,2.0,2.0,False,False,2.0,2.0
2007-08-01,FESX,6.0,6.0,False,False,6.0,6.0
2007-08-01,HTW,-15.0,10.0,False,False,15.0,15.0
2007-08-01,NQ,6.0,13.0,False,False,6.0,6.0
2007-08-01,RTY,5.0,8.0,False,False,5.0,5.0
2007-08-01,SNK,2.0,8.0,False,False,2.0,2.0
2007-08-01,SXF,1.0,2.0,False,False,1.0,1.0
2007-08-01,YAP,3.0,3.0,False,False,3.0,3.0
2007-08-01,YM,4.0,13.0,False,False,4.0,4.0
2007-08-01,CGB,-83.0,-58.0,False,False,83.0,83.0
2007-08-01,FGBL,15.0,-30.0,False,False,15.0,15.0
2007-08-01,FGBM,39.0,-60.0,False,False,39.0,39.0
2007-08-01,FGBS,144.0,-161.0,False,False,144.0,144.0
2007-08-01,FGBX,1.0,-27.0,False,False,1.0,1.0
2007-08-01,LLG,18.0,-22.0,False,False,18.0,18.0
2007-08-01,SJB,9.0,31.0,False,False,9.0,9.0
2007-08-01,YXT,37.0,-38.0,False,False,37.0,37.0
2007-08-01,YYT,75.0,-140.0,False,False,75.0,75.0
2007-08-01,ZT,86.0,-38.0,False,False,86.0,86.0
2007-08-01,6A,-22.0,27.0,False,False,22.0,22.0
2007-08-01,6B,-2.0,44.0,False,False,2.0,2.0
2007-08-01,6C,-1.0,31.0,False,False,1.0,1.0
2007-08-01,6E,-2.0,36.0,False,False,2.0,2.0
2007-08-01,6J,18.0,-34.0,False,False,18.0,18.0
2007-08-01,6M,7.0,7.0,False,False,7.0,7.0
2007-08-01,6N,-24.0,20.0,False,False,24.0,24.0
2007-08-01,6S,69.0,38.0,False,False,69.0,69.0
2007-08-01,BRN,1.0,-19.0,False,False,1.0,1.0
2007-08-01,CL,1.0,-18.0,False,False,1.0,1.0
2007-08-01,HO,3.0,-6.0,False,False,3.0,3.0
2007-08-01,NG,1.0,-11.0,False,False,1.0,1.0
2007-08-01,RB,-1.0,10.0,False,False,1.0,1.0
2007-08-01,GC,1.0,-31.0,False,False,1.0,1.0
2007-08-01,HG,12.0,0.0,False,False,12.0,12.0
2007-08-01,PA,-14.0,0.0,False,False,14.0,14.0
2007-08-01,PL,44.0,10.0,False,False,44.0,44.0
2007-08-01,CC,-14.0,0.0,False,False,14.0,14.0
2007-08-01,CT,1.0,-21.0,False,False,1.0,1.0
2007-08-01,GF,-1.0,32.0,False,False,1.0,1.0
2007-08-01,HE,4.0,-77.0,False,False,4.0,4.0
2007-08-01,KC,1.0,-31.0,False,False,1.0,1.0
2007-08-01,KE,-1.0,9.0,False,False,1.0,1.0
2007-08-01,LE,64.0,64.0,False,False,64.0,64.0
2007-08-01,RS,-8.0,176.0,False,False,8.0,8.0
2007-08-01,SB,2.0,-35.0,False,False,2.0,2.0
2007-08-01,ZC,-2.0,39.0,False,False,2.0,2.0
2007-08-01,ZM,6.0,6.0,False,False,6.0,6.0
2007-08-01,ZS,-1.0,22.0,False,False,1.0,1.0
2007-08-01,ZW,-1.0,23.0,False,False,1.0,1.0
2007-08-06,LE,0.0,64.0,True,True,128.0,128.0
2007-08-10,GAS,0.0,-12.0,True,True,24.0,24.0
2007-08-14,HE,0.0,-77.0,True,True,154.0,154.0
2007-08-17,FCE,0.0,2.0,True,True,4.0,4.0
2007-08-21,CL,0.0,-18.0,True,True,36.0,36.0
2007-08-23,KC,0.0,-31.0,True,True,62.0,62.0
2007-08-29,CGB,0.0,-58.0,True,True,116.0,116.0
2007-08-29,NG,0.0,-11.0,True,True,22.0,22.0
2007-08-30,HTW,0.0,10.0,True,True,20.0,20.0
2007-08-30,LLG,0.0,-22.0,True,True,44.0,44.0
2007-08-30,GF,0.0,32.0,True,True,64.0,64.0
2007-08-31,ZT,0.0,-38.0,True,True,76.0,76.0
2007-08-31,ZB,0.0,5.0,True,True,10.0,10.0
2007-08-31,BRN,0.0,-19.0,True,True,38.0,38.0
2007-08-31,HO,0.0,-6.0,True,True,12.0,12.0
2007-08-31,RB,0.0,10.0,True,True,20.0,20.0
2007-08-31,KE,0.0,9.0,True,True,18.0,18.0
2007-08-31,ZC,0.0,39.0,True,True,78.0,78.0
2007-08-31,ZM,0.0,6.0,True,True,12.0,12.0
2007-08-31,ZS,0.0,22.0,True,True,44.0,44.0
2007-08-31,ZW,0.0,23.0,True,True,46.0,46.0
2007-09-03,FESX,-3.0,3.0,False,False,3.0,3.0
2007-09-03,HTW,5.0,15.0,False,False,5.0,5.0
2007-09-03,SNK,-5.0,3.0,False,False,5.0,5.0
2007-09-03,FGBS,81.0,-80.0,False,False,81.0,81.0
2007-09-03,SJB,-8.0,23.0,False,False,8.0,8.0
2007-09-03,YYT,46.0,-94.0,False,False,46.0,46.0
2007-09-03,BRN,22.0,3.0,False,False,22.0,22.0
2007-09-03,GAS,30.0,18.0,False,False,30.0,30.0
2007-09-03,HO,17.0,11.0,True,True,17.0,17.0
2007-09-04,EMD,-3.0,3.0,False,False,3.0,3.0
2007-09-04,ES,-3.0,8.0,False,False,3.0,3.0
2007-09-04,NQ,-11.0,2.0,False,False,11.0,11.0
2007-09-04,RTY,-4.0,4.0,False,False,4.0,4.0
2007-09-04,SXF,7.0,9.0,False,False,7.0,7.0
2007-09-04,YM,-4.0,9.0,False,False,4.0,4.0
2007-09-04,CGB,19.0,-39.0,False,False,19.0,19.0
2007-09-04,ZT,44.0,6.0,False,False,44.0,44.0
2007-09-04,ZF,14.0,14.0,False,False,14.0,14.0
2007-09-04,ZN,26.0,26.0,False,False,26.0,26.0
2007-09-04,ZB,17.0,22.0,False,False,17.0,17.0
2007-09-04,6A,-14.0,13.0,False,False,14.0,14.0
2007-09-04,6B,-16.0,28.0,False,False,16.0,16.0
2007-09-04,6C,-16.0,15.0,False,False,16.0,16.0
2007-09-04,6E,-22.0,14.0,False,False,22.0,22.0
2007-09-04,6J,16.0,-18.0,False,False,16.0,16.0
2007-09-04,6M,57.0,64.0,False,False,57.0,57.0
2007-09-04,6N,-9.0,11.0,False,False,9.0,9.0
2007-09-04,6S,-16.0,22.0,False,False,16.0,16.0
2007-09-04,CL,6.0,-12.0,False,False,6.0,6.0
2007-09-04,HO,0.0,11.0,True,True,22.0,22.0
2007-09-04,NG,6.0,-5.0,False,False,6.0,6.0
2007-09-04,RB,-2.0,8.0,False,False,2.0,2.0
2007-09-04,GC,46.0,15.0,False,False,46.0,46.0
2007-09-04,HG,-10.0,-10.0,False,False,10.0,10.0
2007-09-04,PL,-3.0,7.0,False,False,3.0,3.0
2007-09-04,CC,49.0,49.0,False,False,49.0,49.0
2007-09-04,HE,44.0,-33.0,False,False,44.0,44.0
2007-09-04,KC,9.0,-22.0,False,False,9.0,9.0
2007-09-04,KE,13.0,22.0,False,False,13.0,13.0
2007-09-04,LE,-49.0,15.0,False,False,49.0,49.0
2007-09-04,RS,-1.0,175.0,False,False,1.0,1.0
2007-09-04,ZM,-6.0,0.0,False,False,6.0,6.0
2007-09-06,FGBL,0.0,-30.0,True,True,60.0,60.0
2007-09-06,FGBM,0.0,-60.0,True,True,120.0,120.0
2007-09-06,FGBS,0.0,-80.0,True,True,160.0,160.0
2007-09-06,FGBX,0.0,-27.0,True,True,54.0,54.0
2007-09-07,SJB,0.0,23.0,True,True,46.0,46.0
2007-09-12,GAS,0.0,18.0,True,True,36.0,36.0
2007-09-13,SNK,0.0,3.0,True,True,6.0,6.0
2007-09-17,YXT,0.0,-38.0,True,True,76.0,76.0
2007-09-17,YYT,0.0,-94.0,True,True,188.0,188.0
2007-09-17,6A,0.0,13.0,True,True,26.0,26.0
2007-09-17,6B,0.0,28.0,True,True,56.0,56.0
2007-09-17,6E,0.0,14.0,True,True,28.0,28.0
2007-09-17,6J,0.0,-18.0,True,True,36.0,36.0
2007-09-17,6M,0.0,64.0,True,True,128.0,128.0
2007-09-17,6N,0.0,11.0,True,True,22.0,22.0
2007-09-17,6S,0.0,22.0,True,True,44.0,44.0
2007-09-18,6C,0.0,15.0,True,True,30.0,30.0
2007-09-19,SXF,0.0,9.0,True,True,18.0,18.0
2007-09-20,ES,0.0,8.0,True,True,16.0,16.0
2007-09-20,YAP,0.0,3.0,True,True,6.0,6.0
2007-09-20,YM,0.0,9.0,True,True,18.0,18.0
2007-09-20,CL,0.0,-12.0,True,True,24.0,24.0
2007-09-21,EMD,0.0,3.0,True,True,6.0,6.0
2007-09-21,FCE,0.0,2.0,True,True,4.0,4.0
2007-09-21,FESX,0.0,3.0,True,True,6.0,6.0
2007-09-21,NQ,0.0,2.0,True,True,4.0,4.0
2007-09-21,RTY,0.0,4.0,True,True,8.0,8.0
2007-09-26,NG,0.0,-5.0,True,True,10.0,10.0
2007-09-27,HTW,0.0,15.0,True,True,30.0,30.0
2007-09-27,GF,0.0,32.0,True,True,64.0,64.0
2007-09-28,BRN,0.0,3.0,True,True,6.0,6.0
2007-09-28,HO,0.0,11.0,True,True,22.0,22.0
2007-09-28,RB,0.0,8.0,True,True,16.0,16.0
2007-09-28,PL,0.0,7.0,True,True,14.0,14.0
2007-09-28,SB,0.0,-35.0,True,True,70.0,70.0
2007-10-01,EMD,11.0,14.0,False,False,11.0,11.0
2007-10-01,ES,11.0,19.0,False,False,11.0,11.0
2007-10-01,FCE,1.0,3.0,False,False,1.0,1.0
2007-10-01,FESX,2.0,5.0,False,False,2.0,2.0
2007-10-01,HTW,16.0,31.0,False,False,16.0,16.0
2007-10-01,NQ,22.0,24.0,False,False,22.0,22.0
2007-10-01,RTY,22.0,26.0,False,False,22.0,22.0
2007-10-01,SNK,12.0,15.0,False,False,12.0,12.0
2007-10-01,SXF,-6.0,3.0,False,False,6.0,6.0
2007-10-01,YAP,-3.0,0.0,False,False,3.0,3.0
2007-10-01,YM,14.0,23.0,False,False,14.0,14.0
2007-10-01,CGB,-2.0,-41.0,False,False,2.0,2.0
2007-10-01,FGBL,-12.0,-42.0,False,False,12.0,12.0
2007-10-01,FGBM,-3.0,-63.0,False,False,3.0,3.0
2007-10-01,FGBS,-57.0,-137.0,False,False,57.0,57.0
2007-10-01,FGBX,-1.0,-28.0,False,False,1.0,1.0
2007-10-01,LLG,-1.0,-23.0,False,False,1.0,1.0
2007-10-01,SJB,19.0,42.0,False,False,19.0,19.0
2007-10-01,YXT,-2.0,-40.0,False,False,2.0,2.0
2007-10-01,YYT,-5.0,-99.0,False,False,5.0,5.0
2007-10-01,ZT,8.0,14.0,False,False,8.0,8.0
2007-10-01,ZF,8.0,22.0,False,False,8.0,8.0
2007-10-01,ZN,1.0,27.0,False,False,1.0,1.0
2007-10-01,ZB,1.0,23.0,False,False,1.0,1.0
2007-10-01,6A,10.0,23.0,False,False,10.0,10.0
2007-10-01,6B,1.0,29.0,False,False,1.0,1.0
2007-10-01,6C,25.0,40.0,False,False,25.0,25.0
2007-10-01,6E,17.0,31.0,False,False,17.0,17.0
2007-10-01,6J,-1.0,-19.0,False,False,1.0,1.0
2007-10-01,6M,2.0,66.0,False,False,2.0,2.0
2007-10-01,6N,8.0,19.0,False,False,8.0,8.0
2007-10-01,6S,25.0,47.0,False,False,25.0,25.0
2007-10-01,BRN,13.0,16.0,False,False,13.0,13.0
2007-10-01,CL,21.0,9.0,False,False,21.0,21.0
2007-10-01,GAS,9.0,27.0,False,False,9.0,9.0
2007-10-01,HO,5.0,16.0,False,False,5.0,5.0
2007-10-01,NG,3.0,-2.0,False,False,3.0,3.0
2007-10-01,RB,4.0,12.0,False,False,4.0,4.0
2007-10-01,GC,9.0,24.0,False,False,9.0,9.0
2007-10-01,HG,10.0,0.0,False,False,10.0,10.0
2007-10-01,PL,29.0,36.0,False,False,29.0,29.0
2007-10-01,CC,27.0,76.0,False,False,27.0,27.0
2007-10-01,CT,68.0,47.0,False,False,68.0,68.0
2007-10-01,GF,1.0,33.0,False,False,1.0,1.0
2007-10-01,HE,-15.0,-48.0,False,False,15.0,15.0
2007-10-01,KC,33.0,11.0,False,False,33.0,33.0
2007-10-01,KE,1.0,23.0,False,False,1.0,1.0
2007-10-01,LE,-15.0,0.0,False,False,15.0,15.0
2007-10-01,RS,8.0,183.0,False,False,8.0,8.0
2007-10-01,SB,35.0,0.0,False,False,35.0,35.0
2007-10-01,ZC,17.0,56.0,False,False,17.0,17.0
2007-10-01,ZS,1.0,23.0,False,False,1.0,1.0
2007-10-01,ZW,1.0,24.0,False,False,1.0,1.0
2007-10-11,GAS,0.0,27.0,True,True,54.0,54.0
2007-10-15,HE,0.0,-48.0,True,True,96.0,96.0
2007-10-19,FCE,0.0,3.0,True,True,6.0,6.0
2007-10-22,CL,0.0,9.0,True,True,18.0,18.0
2007-10-25,GF,0.0,33.0,True,True,66.0,66.0
2007-10-29,NG,0.0,-2.0,True,True,4.0,4.0
2007-10-30,HTW,0.0,31.0,True,True,62.0,62.0
2007-10-31,BRN,0.0,16.0,True,True,32.0,32.0
2007-10-31,HO,0.0,16.0,True,True,32.0,32.0
2007-10-31,RB,0.0,12.0,True,True,24.0,24.0
2007-10-31,RS,0.0,183.0,True,True,366.0,366.0
2007-10-31,ZS,0.0,23.0,True,True,46.0,46.0
2007-11-01,EMD,-4.0,10.0,False,False,4.0,4.0
2007-11-01,ES,-5.0,14.0,False,False,5.0,5.0
2007-11-01,FESX,-5.0,0.0,False,False,5.0,5.0
2007-11-01,HTW,2.0,33.0,False,False,2.0,2.0
2007-11-01,NQ,-7.0,17.0,False,False,7.0,7.0
2007-11-01,RTY,-6.0,20.0,False,False,6.0,6.0
2007-11-01,SXF,-1.0,2.0,False,False,1.0,1.0
2007-11-01,YM,-6.0,17.0,False,False,6.0,6.0
2007-11-01,CGB,-1.0,-42.0,False,False,1.0,1.0
2007-11-01,FGBL,11.0,-31.0,False,False,11.0,11.0
2007-11-01,FGBM,17.0,-46.0,False,False,17.0,17.0
2007-11-01,FGBS,-5.0,-142.0,False,False,5.0,5.0
2007-11-01,FGBX,10.0,-18.0,False,False,10.0,10.0
2007-11-01,LLG,-1.0,-24.0,False,False,1.0,1.0
2007-11-01,SJB,-10.0,32.0,False,False,10.0,10.0
2007-11-01,YXT,-2.0,-42.0,False,False,2.0,2.0
2007-11-01,YYT,-3.0,-102.0,False,False,3.0,3.0
2007-11-01,ZT,6.0,20.0,False,False,6.0,6.0
2007-11-01,ZF,1.0,23.0,False,False,1.0,1.0
2007-11-01,ZN,1.0,28.0,False,False,1.0,1.0
2007-11-01,ZB,-20.0,3.0,False,False,20.0,20.0
2007-11-01,6A,-5.0,18.0,False,False,5.0,5.0
2007-11-01,6B,1.0,30.0,False,False,1.0,1.0
2007-11-01,6C,-19.0,21.0,False,False,19.0,19.0
2007-11-01,6E,-10.0,21.0,False,False,10.0,10.0
2007-11-01,6M,3.0,69.0,False,False,3.0,3.0
2007-11-01,6N,1.0,20.0,False,False,1.0,1.0
2007-11-01,6S,-11.0,36.0,False,False,11.0,11.0
2007-11-01,BRN,-5.0,11.0,False,False,5.0,5.0
2007-11-01,GAS,-11.0,16.0,False,False,11.0,11.0
2007-11-01,HO,-6.0,10.0,False,False,6.0,6.0
2007-11-01,RB,-4.0,8.0,False,False,4.0,4.0
2007-11-01,GC,-5.0,19.0,False,False,5.0,5.0
2007-11-01,PA,15.0,15.0,False,False,15.0,15.0
2007-11-01,PL,-15.0,21.0,False,False,15.0,15.0
2007-11-01,CC,-27.0,49.0,False,False,27.0,27.0
2007-11-01,CT,2.0,49.0,False,False,2.0,2.0
2007-11-01,GF,-15.0,18.0,False,False,15.0,15.0
2007-11-01,HE,-1.0,-49.0,False,False,1.0,1.0
2007-11-01,KC,-27.0,-16.0,False,False,27.0,27.0
2007-11-01,KE,-10.0,13.0,False,False,10.0,10.0
2007-11-01,LE,-56.0,-56.0,False,False,56.0,56.0
2007-11-01,RS,-49.0,134.0,False,False,49.0,49.0
2007-11-01,ZC,-101.0,-45.0,False,False,101.0,101.0
2007-11-01,ZS,-6.0,17.0,False,False,6.0,6.0
2007-11-01,ZW,-11.0,13.0,False,False,11.0,11.0
2007-11-12,GAS,0.0,16.0,True,True,32.0,32.0
2007-11-15,GF,0.0,18.0,True,True,36.0,36.0
2007-11-16,FCE,0.0,3.0,True,True,6.0,6.0
2007-11-19,CL,0.0,9.0,True,True,18.0,18.0
2007-11-19,CC,0.0,49.0,True,True,98.0,98.0
2007-11-21,KC,0.0,-16.0,True,True,32.0,32.0
2007-11-26,CT,0.0,49.0,True,True,98.0,98.0
2007-11-28,CGB,0.0,-42.0,True,True,84.0,84.0
2007-11-28,NG,0.0,-2.0,True,True,4.0,4.0
2007-11-29,HTW,0.0,33.0,True,True,66.0,66.0
2007-11-29,LLG,0.0,-24.0,True,True,48.0,48.0
2007-11-30,ZT,0.0,20.0,True,True,40.0,40.0
2007-11-30,ZF,0.0,23.0,True,True,46.0,46.0
2007-11-30,ZN,0.0,28.0,True,True,56.0,56.0
2007-11-30,ZB,0.0,3.0,True,True,6.0,6.0
2007-11-30,BRN,0.0,11.0,True,True,22.0,22.0
2007-11-30,HO,0.0,10.0,True,True,20.0,20.0
2007-11-30,RB,0.0,8.0,True,True,16.0,16.0
2007-11-30,GC,0.0,19.0,True,True,38.0,38.0
2007-11-30,PA,0.0,15.0,True,True,30.0,30.0
2007-11-30,KE,0.0,13.0,True,True,26.0,26.0
2007-11-30,ZC,0.0,-45.0,True,True,90.0,90.0
2007-11-30,ZW,0.0,13.0,True,True,26.0,26.0
2007-12-03,EMD,-5.0,5.0,False,False,5.0,5.0
2007-12-03,ES,-6.0,8.0,False,False,6.0,6.0
2007-12-03,FSMI,1.0,1.0,False,False,1.0,1.0
2007-12-03,HTW,-10.0,23.0,False,False,10.0,10.0
2007-12-03,NKD,-11.0,-11.0,False,False,11.0,11.0
2007-12-03,NQ,-12.0,5.0,False,False,12.0,12.0
2007-12-03,RTY,-42.0,-22.0,False,False,42.0,42.0
2007-12-03,SNK,-29.0,-14.0,False,False,29.0,29.0
2007-12-03,SXF,6.0,8.0,False,False,6.0,6.0
2007-12-03,YM,-6.0,11.0,False,False,6.0,6.0
2007-12-03,CGB,67.0,25.0,False,False,67.0,67.0
2007-12-03,FGBL,1.0,-30.0,False,False,1.0,1.0
2007-12-03,FGBM,1.0,-45.0,False,False,1.0,1.0
2007-12-03,FGBS,53.0,-89.0,False,False,53.0,53.0
2007-12-03,FGBX,1.0,-17.0,False,False,1.0,1.0
2007-12-03,LLG,1.0,-23.0,False,False,1.0,1.0
2007-12-03,SJB,-15.0,17.0,False,False,15.0,15.0
2007-12-03,YXT,2.0,-40.0,False,False,2.0,2.0
2007-12-03,YYT,3.0,-99.0,False,False,3.0,3.0
2007-12-03,ZT,25.0,45.0,False,False,25.0,25.0
2007-12-03,ZF,25.0,48.0,False,False,25.0,25.0
2007-12-03,ZN,-1.0,27.0,False,False,1.0,1.0
2007-12-03,ZB,17.0,20.0,False,False,17.0,17.0
2007-12-03,6A,-1.0,17.0,False,False,1.0,1.0
2007-12-03,6B,-10.0,20.0,False,False,10.0,10.0
2007-12-03,6C,-11.0,10.0,False,False,11.0,11.0
2007-12-03,6E,-7.0,14.0,False,False,7.0,7.0
2007-12-03,6J,32.0,13.0,False,False,32.0,32.0
2007-12-03,6M,30.0,99.0,False,False,30.0,30.0
2007-12-03,6N,-1.0,19.0,False,False,1.0,1.0
2007-12-03,6S,-21.0,15.0,False,False,21.0,21.0
2007-12-03,BRN,-1.0,10.0,False,False,1.0,1.0
2007-12-03,GAS,-7.0,9.0,False,False,7.0,7.0
2007-12-03,HO,-3.0,7.0,False,False,3.0,3.0
2007-12-03,NG,-1.0,-3.0,False,False,1.0,1.0
2007-12-03,GC,-7.0,12.0,False,False,7.0,7.0
2007-12-03,HG,2.0,2.0,False,False,2.0,2.0
2007-12-03,PA,18.0,33.0,False,False,18.0,18.0
2007-12-03,PL,-7.0,14.0,False,False,7.0,7.0
2007-12-03,SI,-11.0,-11.0,False,False,11.0,11.0
2007-12-03,CC,-2.0,47.0,False,False,2.0,2.0
2007-12-03,CT,-75.0,-26.0,False,False,75.0,75.0
2007-12-03,GF,-18.0,0.0,False,False,18.0,18.0
2007-12-03,HE,1.0,-48.0,False,False,1.0,1.0
2007-12-03,KC,1.0,-15.0,False,False,1.0,1.0
2007-12-03,LE,2.0,-54.0,False,False,2.0,2.0
2007-12-03,RS,-4.0,130.0,False,False,4.0,4.0
2007-12-03,ZC,1.0,-44.0,False,False,1.0,1.0
2007-12-03,ZL,3.0,3.0,False,False,3.0,3.0
2007-12-03,ZS,-1.0,16.0,False,False,1.0,1.0
2007-12-03,ZW,-1.0,12.0,False,False,1.0,1.0
2007-12-06,FGBL,0.0,-30.0,True,True,60.0,60.0
2007-12-06,FGBM,0.0,-45.0,True,True,90.0,90.0
2007-12-06,FGBS,0.0,-89.0,True,True,178.0,178.0
2007-12-06,FGBX,0.0,-17.0,True,True,34.0,34.0
2007-12-10,SJB,0.0,17.0,True,True,34.0,34.0
2007-12-10,LE,0.0,-54.0,True,True,108.0,108.0
2007-12-12,GAS,0.0,9.0,True,True,18.0,18.0
2007-12-13,NKD,0.0,-11.0,True,True,22.0,22.0
2007-12-13,SNK,0.0,-14.0,True,True,28.0,28.0
2007-12-14,HE,0.0,-48.0,True,True,96.0,96.0
2007-12-17,YXT,0.0,-40.0,True,True,80.0,80.0
2007-12-17,YYT,0.0,-99.0,True,True,198.0,198.0
2007-12-17,6A,0.0,17.0,True,True,34.0,34.0
2007-12-17,6B,0.0,20.0,True,True,40.0,40.0
2007-12-17,6E,0.0,14.0,True,True,28.0,28.0
2007-12-17,6J,0.0,13.0,True,True,26.0,26.0
2007-12-17,6M,0.0,99.0,True,True,198.0,198.0
2007-12-17,6N,0.0,19.0,True,True,38.0,38.0
2007-12-17,6S,0.0,15.0,True,True,30.0,30.0
2007-12-18,6C,0.0,10.0,True,True,20.0,20.0
2007-12-19,SXF,0.0,8.0,True,True,16.0,16.0
2007-12-19,CL,0.0,9.0,True,True,18.0,18.0
2007-12-20,ES,0.0,8.0,True,True,16.0,16.0
2007-12-20,YM,0.0,11.0,True,True,22.0,22.0
2007-12-21,EMD,0.0,5.0,True,True,10.0,10.0
2007-12-21,FCE,0.0,3.0,True,True,6.0,6.0
2007-12-21,FSMI,0.0,1.0,True,True,2.0,2.0
2007-12-21,NQ,0.0,5.0,True,True,10.0,10.0
2007-12-21,RTY,0.0,-22.0,True,True,44.0,44.0
2007-12-27,NG,0.0,-3.0,True,True,6.0,6.0
2007-12-28,HTW,0.0,23.0,True,True,46.0,46.0
2007-12-31,BRN,0.0,10.0,True,True,20.0,20.0
2007-12-31,HO,0.0,7.0,True,True,14.0,14.0
2007-12-31,RB,0.0,8.0,True,True,16.0,16.0
2007-12-31,PL,0.0,14.0,True,True,28.0,28.0
2007-12-31,RS,0.0,130.0,True,True,260.0,260.0
2007-12-31,ZL,0.0,3.0,True,True,6.0,6.0
2007-12-31,ZS,0.0,16.0,True,True,32.0,32.0
2008-01-02,EMD,12.0,17.0,False,False,12.0,12.0
2008-01-02,ES,-34.0,-26.0,False,False,34.0,34.0
2008-01-02,FCE,-29.0,-26.0,False,False,29.0,29.0
2008-01-02,FESX,4.0,4.0,False,False,4.0,4.0
2008-01-02,HTW,15.0,38.0,False,False,15.0,15.0
2008-01-02,NKD,-7.0,-18.0,False,False,7.0,7.0
2008-01-02,NQ,23.0,28.0,False,False,23.0,23.0
2008-01-02,SXF,-4.0,4.0,False,False,4.0,4.0
2008-01-02,YM,15.0,26.0,False,False,15.0,15.0
2008-01-02,CGB,13.0,38.0,False,False,13.0,13.0
2008-01-02,FGBL,-15.0,-45.0,False,False,15.0,15.0
2008-01-02,FGBM,-27.0,-72.0,False,False,27.0,27.0
2008-01-02,FGBS,-78.0,-167.0,False,False,78.0,78.0
2008-01-02,FGBX,-12.0,-29.0,False,False,12.0,12.0
2008-01-02,LLG,24.0,1.0,False,False,24.0,24.0
2008-01-02,YXT,-1.0,-41.0,False,False,1.0,1.0
2008-01-02,YYT,-51.0,-150.0,False,False,51.0,51.0
2008-01-02,ZT,20.0,65.0,False,False,20.0,20.0
2008-01-02,ZF,1.0,49.0,False,False,1.0,1.0
2008-01-02,ZN,17.0,44.0,False,False,17.0,17.0
2008-01-02,ZB,1.0,21.0,False,False,1.0,1.0
2008-01-02,6A,15.0,32.0,False,False,15.0,15.0
2008-01-02,6B,13.0,33.0,False,False,13.0,13.0
2008-01-02,6C,19.0,29.0,False,False,19.0,19.0
2008-01-02,6E,8.0,22.0,False,False,8.0,8.0
2008-01-02,6J,19.0,32.0,False,False,19.0,19.0
2008-01-02,6M,81.0,180.0,False,False,81.0,81.0
2008-01-02,6N,12.0,31.0,False,False,12.0,12.0
2008-01-02,6S,20.0,35.0,False,False,20.0,20.0
2008-01-02,BRN,4.0,14.0,False,False,4.0,4.0
2008-01-02,GAS,10.0,19.0,False,False,10.0,10.0
2008-01-02,HO,6.0,13.0,False,False,6.0,6.0
2008-01-02,NG,-2.0,-5.0,False,False,2.0,2.0
2008-01-02,RB,3.0,11.0,False,False,3.0,3.0
2008-01-02,GC,10.0,22.0,False,False,10.0,10.0
2008-01-02,PA,26.0,59.0,False,False,26.0,26.0
2008-01-02,PL,19.0,33.0,False,False,19.0,19.0
2008-01-02,SI,22.0,11.0,False,False,22.0,22.0
2008-01-02,CC,41.0,88.0,False,False,41.0,41.0
2008-01-02,CT,94.0,68.0,False,False,94.0,94.0
2008-01-02,HE,-18.0,-66.0,False,False,18.0,18.0
2008-01-02,KC,-20.0,-35.0,False,False,20.0,20.0
2008-01-02,KE,14.0,27.0,False,False,14.0,14.0
2008-01-02,LE,-36.0,-90.0,False,False,36.0,36.0
2008-01-02,RS,63.0,193.0,False,False,63.0,63.0
2008-01-02,SB,-10.0,-10.0,False,False,10.0,10.0
2008-01-02,ZC,119.0,75.0,False,False,119.0,119.0
2008-01-02,ZL,-1.0,2.0,False,False,1.0,1.0
2008-01-02,ZS,12.0,28.0,False,False,12.0,12.0
2008-01-02,ZW,13.0,25.0,False,False,13.0,13.0
2008-01-03,FSMI,-31.0,-30.0,False,False,31.0,31.0
2008-01-04,SNK,-10.0,-24.0,False,False,10.0,10.0
2008-01-04,SJB,17.0,34.0,False,False,17.0,17.0
2008-01-10,GAS,0.0,19.0,True,True,38.0,38.0
2008-01-18,FCE,0.0,-26.0,True,True,52.0,52.0
2008-01-22,CL,0.0,9.0,True,True,18.0,18.0
2008-01-29,NG,0.0,-5.0,True,True,10.0,10.0
2008-01-30,HTW,0.0,38.0,True,True,76.0,76.0
2008-01-31,BRN,0.0,14.0,True,True,28.0,28.0
2008-01-31,HO,0.0,13.0,True,True,26.0,26.0
2008-01-31,RB,0.0,11.0,True,True,22.0,22.0
2008-01-31,GC,0.0,22.0,True,True,44.0,44.0
2008-02-01,EMD,-31.0,-14.0,False,False,31.0,31.0
2008-02-01,ES,7.0,-19.0,False,False,7.0,7.0
2008-02-01,FCE,15.0,-11.0,False,False,15.0,15.0
2008-02-01,FDAX,-4.0,-4.0,False,False,4.0,4.0
2008-02-01,FESX,-15.0,-11.0,False,False,15.0,15.0
2008-02-01,FSMI,18.0,-12.0,False,False,18.0,18.0
2008-02-01,HTW,-45.0,-7.0,False,False,45.0,45.0
2008-02-01,LFT,-10.0,-10.0,False,False,10.0,10.0
2008-02-01,NKD,-1.0,-19.0,False,False,1.0,1.0
2008-02-01,NQ,-59.0,-31.0,False,False,59.0,59.0
2008-02-01,RTY,-1.0,-23.0,False,False,1.0,1.0
2008-02-01,SNK,14.0,-10.0,False,False,14.0,14.0
2008-02-01,SXF,-12.0,-8.0,False,False,12.0,12.0
2008-02-01,YAP,-7.0,-7.0,False,False,7.0,7.0
2008-02-01,YM,-50.0,-24.0,False,False,50.0,50.0
2008-02-01,CGB,2.0,40.0,False,False,2.0,2.0
2008-02-01,FGBL,50.0,5.0,False,False,50.0,50.0
2008-02-01,FGBM,77.0,5.0,False,False,77.0,77.0
2008-02-01,FGBS,167.0,0.0,False,False,167.0,167.0
2008-02-01,FGBX,12.0,-17.0,False,False,12.0,12.0
2008-02-01,LLG,-1.0,0.0,False,False,1.0,1.0
2008-02-01,SJB,-10.0,24.0,False,False,10.0,10.0
2008-02-01,YXT,9.0,-32.0,False,False,9.0,9.0
2008-02-01,YYT,66.0,-84.0,False,False,66.0,66.0
2008-02-01,ZT,3.0,68.0,False,False,3.0,3.0
2008-02-01,ZF,2.0,51.0,False,False,2.0,2.0
2008-02-01,ZN,-16.0,28.0,False,False,16.0,16.0
2008-02-01,ZB,1.0,22.0,False,False,1.0,1.0
2008-02-01,6A,1.0,33.0,False,False,1.0,1.0
2008-02-01,6B,1.0,34.0,False,False,1.0,1.0
2008-02-01,6C,1.0,30.0,False,False,1.0,1.0
2008-02-01,6E,-5.0,17.0,False,False,5.0,5.0
2008-02-01,6J,2.0,34.0,False,False,2.0,2.0
2008-02-01,6M,8.0,188.0,False,False,8.0,8.0
2008-02-01,6N,1.0,32.0,False,False,1.0,1.0
2008-02-01,6S,-11.0,24.0,False,False,11.0,11.0
2008-02-01,BRN,1.0,15.0,False,False,1.0,1.0
2008-02-01,CL,1.0,10.0,False,False,1.0,1.0
2008-02-01,GAS,-6.0,13.0,False,False,6.0,6.0
2008-02-01,GC,1.0,23.0,False,False,1.0,1.0
2008-02-01,HG,-1.0,1.0,False,False,1.0,1.0
2008-02-01,PA,3.0,62.0,False,False,3.0,3.0
2008-02-01,PL,-22.0,11.0,False,False,22.0,22.0
2008-02-01,CC,-20.0,68.0,False,False,20.0,20.0
2008-02-01,CT,-36.0,32.0,False,False,36.0,36.0
2008-02-01,GF,-47.0,-47.0,False,False,47.0,47.0
2008-02-01,HE,-3.0,-69.0,False,False,3.0,3.0
2008-02-01,KC,49.0,14.0,False,False,49.0,49.0
2008-02-01,KE,-8.0,19.0,False,False,8.0,8.0
2008-02-01,LE,53.0,-37.0,False,False,53.0,53.0
2008-02-01,RS,-79.0,114.0,False,False,79.0,79.0
2008-02-01,SB,77.0,67.0,False,False,77.0,77.0
2008-02-01,ZC,-41.0,34.0,False,False,41.0,41.0
2008-02-01,ZL,10.0,12.0,False,False,10.0,10.0
2008-02-01,ZS,-11.0,17.0,False,False,11.0,11.0
2008-02-01,ZW,-6.0,19.0,False,False,6.0,6.0
2008-02-04,LE,0.0,-37.0,True,True,74.0,74.0
2008-02-12,GAS,0.0,13.0,True,True,26.0,26.0
2008-02-14,HE,0.0,-69.0,True,True,138.0,138.0
2008-02-15,FCE,0.0,-11.0,True,True,22.0,22.0
2008-02-19,CC,0.0,68.0,True,True,136.0,136.0
2008-02-20,CL,0.0,10.0,True,True,20.0,20.0
2008-02-21,KC,0.0,14.0,True,True,28.0,28.0
2008-02-25,CT,0.0,32.0,True,True,64.0,64.0
2008-02-27,CGB,0.0,40.0,True,True,80.0,80.0
2008-02-27,NG,0.0,-5.0,True,True,10.0,10.0
2008-02-29,HTW,0.0,-7.0,True,True,14.0,14.0
2008-02-29,ZT,0.0,68.0,True,True,136.0,136.0
2008-02-29,ZF,0.0,51.0,True,True,102.0,102.0
2008-02-29,ZN,0.0,28.0,True,True,56.0,56.0
2008-02-29,ZB,0.0,22.0,True,True,44.0,44.0
2008-02-29,BRN,0.0,15.0,True,True,30.0,30.0
2008-02-29,HO,0.0,13.0,True,True,26.0,26.0
2008-02-29,RB,0.0,11.0,True,True,22.0,22.0
2008-02-29,HG,0.0,1.0,True,True,2.0,2.0
2008-02-29,PA,0.0,62.0,True,True,124.0,124.0
2008-02-29,SI,0.0,11.0,True,True,22.0,22.0
2008-02-29,KE,0.0,19.0,True,True,38.0,38.0
2008-02-29,RS,0.0,114.0,True,True,228.0,228.0
2008-02-29,SB,0.0,67.0,True,True,134.0,134.0
2008-02-29,ZC,0.0,34.0,True,True,68.0,68.0
2008-02-29,ZL,0.0,12.0,True,True,24.0,24.0
2008-02-29,ZS,0.0,17.0,True,True,34.0,34.0
2008-02-29,ZW,0.0,19.0,True,True,38.0,38.0
2008-03-03,EMD,-2.0,-16.0,False,False,2.0,2.0
2008-03-03,ES,-2.0,-21.0,False,False,2.0,2.0
2008-03-03,FCE,-2.0,-13.0,False,False,2.0,2.0
2008-03-03,FESX,5.0,-6.0,False,False,5.0,5.0
2008-03-03,FSMI,4.0,-8.0,False,False,4.0,4.0
2008-03-03,HTW,35.0,28.0,False,False,35.0,35.0
2008-03-03,LFT,-1.0,-11.0,False,False,1.0,1.0
2008-03-03,NKD,-3.0,-22.0,False,False,3.0,3.0
2008-03-03,NQ,-4.0,-35.0,False,False,4.0,4.0
2008-03-03,RTY,-4.0,-27.0,False,False,4.0,4.0
2008-03-03,SNK,-1.0,-11.0,False,False,1.0,1.0
2008-03-03,SXF,14.0,6.0,False,False,14.0,14.0
2008-03-03,YAP,-1.0,-8.0,False,False,1.0,1.0
2008-03-03,YM,-3.0,-27.0,False,False,3.0,3.0
2008-03-03,CGB,6.0,46.0,False,False,6.0,6.0
2008-03-03,FGBL,-5.0,0.0,False,False,5.0,5.0
2008-03-03,FGBM,1.0,6.0,False,False,1.0,1.0
2008-03-03,FGBS,5.0,5.0,False,False,5.0,5.0
2008-03-03,FGBX,-3.0,-20.0,False,False,3.0,3.0
2008-03-03,LLG,21.0,21.0,False,False,21.0,21.0
2008-03-03,SJB,-19.0,5.0,False,False,19.0,19.0
2008-03-03,YXT,-4.0,-36.0,False,False,4.0,4.0
2008-03-03,YYT,-12.0,-96.0,False,False,12.0,12.0
2008-03-03,ZT,-14.0,54.0,False,False,14.0,14.0
2008-03-03,ZF,8.0,59.0,False,False,8.0,8.0
2008-03-03,ZN,4.0,32.0,False,False,4.0,4.0
2008-03-03,ZB,3.0,25.0,False,False,3.0,3.0
2008-03-03,6A,-7.0,26.0,False,False,7.0,7.0
2008-03-03,6B,5.0,39.0,False,False,5.0,5.0
2008-03-03,6C,-10.0,20.0,False,False,10.0,10.0
2008-03-03,6E,-3.0,14.0,False,False,3.0,3.0
2008-03-03,6J,-20.0,14.0,False,False,20.0,20.0
2008-03-03,6M,27.0,215.0,False,False,27.0,27.0
2008-03-03,6N,-4.0,28.0,False,False,4.0,4.0
2008-03-03,6S,-8.0,16.0,False,False,8.0,8.0
2008-03-03,BRN,-3.0,12.0,False,False,3.0,3.0
2008-03-03,CL,1.0,11.0,False,False,1.0,1.0
2008-03-03,GAS,1.0,14.0,False,False,1.0,1.0
2008-03-03,HO,-3.0,10.0,False,False,3.0,3.0
2008-03-03,NG,-1.0,-6.0,False,False,1.0,1.0
2008-03-03,RB,2.0,13.0,False,False,2.0,2.0
2008-03-03,GC,-4.0,19.0,False,False,4.0,4.0
2008-03-03,HG,2.0,3.0,False,False,2.0,2.0
2008-03-03,PA,-54.0,8.0,False,False,54.0,54.0
2008-03-03,PL,-2.0,9.0,False,False,2.0,2.0
2008-03-03,SI,2.0,13.0,False,False,2.0,2.0
2008-03-03,CC,-25.0,43.0,False,False,25.0,25.0
2008-03-03,CT,-15.0,17.0,False,False,15.0,15.0
2008-03-03,GF,-7.0,-54.0,False,False,7.0,7.0
2008-03-03,HE,12.0,-57.0,False,False,12.0,12.0
2008-03-03,KC,2.0,16.0,False,False,2.0,2.0
2008-03-03,KE,-13.0,6.0,False,False,13.0,13.0
2008-03-03,LE,-24.0,-61.0,False,False,24.0,24.0
2008-03-03,RS,-44.0,70.0,False,False,44.0,44.0
2008-03-03,SB,-29.0,38.0,False,False,29.0,29.0
2008-03-03,ZC,5.0,39.0,False,False,5.0,5.0
2008-03-03,ZL,1.0,13.0,False,False,1.0,1.0
2008-03-03,ZS,2.0,19.0,False,False,2.0,2.0
2008-03-03,ZW,-14.0,5.0,False,False,14.0,14.0
2008-03-06,FGBM,0.0,6.0,True,True,12.0,12.0
2008-03-06,FGBS,0.0,5.0,True,True,10.0,10.0
2008-03-06,FGBX,0.0,-20.0,True,True,40.0,40.0
2008-03-10,SJB,0.0,5.0,True,True,10.0,10.0
2008-03-12,GAS,0.0,14.0,True,True,28.0,28.0
2008-03-13,NKD,0.0,-22.0,True,True,44.0,44.0
2008-03-13,SNK,0.0,-11.0,True,True,22.0,22.0
2008-03-17,YXT,0.0,-36.0,True,True,72.0,72.0
2008-03-17,YYT,0.0,-96.0,True,True,192.0,192.0
2008-03-17,6A,0.0,26.0,True,True,52.0,52.0
2008-03-17,6B,0.0,39.0,True,True,78.0,78.0
2008-03-17,6E,0.0,14.0,True,True,28.0,28.0
2008-03-17,6J,0.0,14.0,True,True,28.0,28.0
2008-03-17,6M,0.0,215.0,True,True,430.0,430.0
2008-03-17,6N,0.0,28.0,True,True,56.0,56.0
2008-03-17,6S,0.0,16.0,True,True,32.0,32.0
2008-03-18,6C,0.0,20.0,True,True,40.0,40.0
2008-03-19,SXF,0.0,6.0,True,True,12.0,12.0
2008-03-19,CL,0.0,11.0,True,True,22.0,22.0
2008-03-20,ES,0.0,-21.0,True,True,42.0,42.0
2008-03-20,YAP,0.0,-8.0,True,True,16.0,16.0
2008-03-20,YM,0.0,-27.0,True,True,54.0,54.0
2008-03-24,EMD,0.0,-16.0,True,True,32.0,32.0
2008-03-24,NQ,0.0,-35.0,True,True,70.0,70.0
2008-03-24,RTY,0.0,-27.0,True,True,54.0,54.0
2008-03-24,GF,0.0,-54.0,True,True,108.0,108.0
2008-03-25,FCE,0.0,-13.0,True,True,26.0,26.0
2008-03-25,FDAX,0.0,-4.0,True,True,8.0,8.0
2008-03-25,FESX,0.0,-6.0,True,True,12.0,12.0
2008-03-25,FSMI,0.0,-8.0,True,True,16.0,16.0
2008-03-25,LFT,0.0,-11.0,True,True,22.0,22.0
2008-03-27,NG,0.0,-6.0,True,True,12.0,12.0
2008-03-28,HTW,0.0,28.0,True,True,56.0,56.0
2008-03-31,BRN,0.0,12.0,True,True,24.0,24.0
2008-03-31,HO,0.0,10.0,True,True,20.0,20.0
2008-03-31,RB,0.0,13.0,True,True,26.0,26.0
2008-03-31,GC,0.0,19.0,True,True,38.0,38.0
2008-03-31,PL,0.0,9.0,True,True,18.0,18.0
2008-04-01,EMD,6.0,-10.0,False,False,6.0,6.0
2008-04-01,ES,12.0,-9.0,False,False,12.0,12.0
2008-04-01,FCE,9.0,-4.0,False,False,9.0,9.0
2008-04-01,FDAX,1.0,-3.0,False,False,1.0,1.0
2008-04-01,FESX,-3.0,-9.0,False,False,3.0,3.0
2008-04-01,HTW,-7.0,21.0,False,False,7.0,7.0
2008-04-01,LFT,6.0,-5.0,False,False,6.0,6.0
2008-04-01,NKD,12.0,-10.0,False,False,12.0,12.0
2008-04-01,NQ,12.0,-23.0,False,False,12.0,12.0
2008-04-01,RTY,20.0,-7.0,False,False,20.0,20.0
2008-04-01,SNK,7.0,-4.0,False,False,7.0,7.0
2008-04-01,SXF,-12.0,-6.0,False,False,12.0,12.0
2008-04-01,YAP,3.0,-5.0,False,False,3.0,3.0
2008-04-01,YM,16.0,-11.0,False,False,16.0,16.0
2008-04-01,CGB,-1.0,45.0,False,False,1.0,1.0
2008-04-01,FGBL,5.0,5.0,False,False,5.0,5.0
2008-04-01,FGBM,-3.0,3.0,False,False,3.0,3.0
2008-04-01,FGBS,-5.0,0.0,False,False,5.0,5.0
2008-04-01,FGBX,9.0,-11.0,False,False,9.0,9.0
2008-04-01,LLG,-7.0,14.0,False,False,7.0,7.0
2008-04-01,SJB,-1.0,4.0,False,False,1.0,1.0
2008-04-01,YXT,21.0,-15.0,False,False,21.0,21.0
2008-04-01,YYT,45.0,-51.0,False,False,45.0,45.0
2008-04-01,ZT,-19.0,35.0,False,False,19.0,19.0
2008-04-01,ZF,-31.0,28.0,False,False,31.0,31.0
2008-04-01,ZN,-13.0,19.0,False,False,13.0,13.0
2008-04-01,ZB,-11.0,14.0,False,False,11.0,11.0
2008-04-01,6A,-10.0,16.0,False,False,10.0,10.0
2008-04-01,6B,-20.0,19.0,False,False,20.0,20.0
2008-04-01,6C,-1.0,19.0,False,False,1.0,1.0
2008-04-01,6M,-123.0,92.0,False,False,123.0,123.0
2008-04-01,6N,-11.0,17.0,False,False,11.0,11.0
2008-04-01,BRN,-7.0,5.0,False,False,7.0,7.0
2008-04-01,CL,-6.0,5.0,False,False,6.0,6.0
2008-04-01,GAS,-8.0,6.0,False,False,8.0,8.0
2008-04-01,HO,-5.0,5.0,False,False,5.0,5.0
2008-04-01,NG,2.0,-4.0,False,False,2.0,2.0
2008-04-01,RB,-9.0,4.0,False,False,9.0,9.0
2008-04-01,GC,-11.0,8.0,False,False,11.0,11.0
2008-04-01,HG,-1.0,2.0,False,False,1.0,1.0
2008-04-01,PA,-3.0,5.0,False,False,3.0,3.0
2008-04-01,PL,-6.0,3.0,False,False,6.0,6.0
2008-04-01,SI,-10.0,3.0,False,False,10.0,10.0
2008-04-01,CC,-33.0,10.0,False,False,33.0,33.0
2008-04-01,CT,-10.0,7.0,False,False,10.0,10.0
2008-04-01,GF,1.0,-53.0,False,False,1.0,1.0
2008-04-01,HE,22.0,-35.0,False,False,22.0,22.0
2008-04-01,KC,-24.0,-8.0,False,False,24.0,24.0
2008-04-01,LE,19.0,-42.0,False,False,19.0,19.0
2008-04-01,RS,-51.0,19.0,False,False,51.0,51.0
2008-04-01,SB,-23.0,15.0,False,False,23.0,23.0
2008-04-01,ZC,-22.0,17.0,False,False,22.0,22.0
2008-04-01,ZL,-5.0,8.0,False,False,5.0,5.0
2008-04-01,ZM,6.0,6.0,False,False,6.0,6.0
2008-04-01,ZS,-14.0,5.0,False,False,14.0,14.0
2008-04-07,LE,0.0,-42.0,True,True,84.0,84.0
2008-04-10,GAS,0.0,6.0,True,True,12.0,12.0
2008-04-14,HE,0.0,-35.0,True,True,70.0,70.0
2008-04-17,CC,0.0,10.0,True,True,20.0,20.0
2008-04-18,FCE,0.0,-4.0,True,True,8.0,8.0
2008-04-22,CL,0.0,5.0,True,True,10.0,10.0
2008-04-22,KC,0.0,-8.0,True,True,16.0,16.0
2008-04-24,CT,0.0,7.0,True,True,14.0,14.0
2008-04-24,GF,0.0,-53.0,True,True,106.0,106.0
2008-04-28,NG,0.0,-4.0,True,True,8.0,8.0
2008-04-29,HTW,0.0,21.0,True,True,42.0,42.0
2008-04-30,BRN,0.0,5.0,True,True,10.0,10.0
2008-04-30,HO,0.0,5.0,True,True,10.0,10.0
2008-04-30,RB,0.0,4.0,True,True,8.0,8.0
2008-04-30,HG,0.0,2.0,True,True,4.0,4.0
2008-04-30,SI,0.0,3.0,True,True,6.0,6.0
2008-04-30,KE,0.0,6.0,True,True,12.0,12.0
2008-04-30,RS,0.0,19.0,True,True,38.0,38.0
2008-04-30,SB,0.0,15.0,True,True,30.0,30.0
2008-04-30,ZC,0.0,17.0,True,True,34.0,34.0
2008-04-30,ZL,0.0,8.0,True,True,16.0,16.0
2008-04-30,ZM,0.0,6.0,True,True,12.0,12.0
2008-04-30,ZS,0.0,5.0,True,True,10.0,10.0
2008-04-30,ZW,0.0,5.0,True,True,10.0,10.0
2008-05-01,EMD,-5.0,-15.0,False,False,5.0,5.0
2008-05-01,ES,-5.0,-14.0,False,False,5.0,5.0
2008-05-01,LFT,-6.0,-11.0,False,False,6.0,6.0
2008-05-01,NKD,-5.0,-15.0,False,False,5.0,5.0
2008-05-01,NQ,-8.0,-31.0,False,False,8.0,8.0
2008-05-01,SNK,-6.0,-10.0,False,False,6.0,6.0
2008-05-01,SXF,10.0,4.0,False,False,10.0,10.0
2008-05-01,YAP,-3.0,-8.0,False,False,3.0,3.0
2008-05-01,YM,-7.0,-18.0,False,False,7.0,7.0
2008-05-01,CGB,-1.0,44.0,False,False,1.0,1.0
2008-05-01,YXT,-10.0,-25.0,False,False,10.0,10.0
2008-05-01,YYT,-31.0,-82.0,False,False,31.0,31.0
2008-05-01,ZF,11.0,39.0,False,False,11.0,11.0
2008-05-01,ZN,10.0,29.0,False,False,10.0,10.0
2008-05-01,ZB,7.0,21.0,False,False,7.0,7.0
2008-05-01,6A,6.0,22.0,False,False,6.0,6.0
2008-05-01,6M,-2.0,90.0,False,False,2.0,2.0
2008-05-01,6N,8.0,25.0,False,False,8.0,8.0
2008-05-01,6S,-1.0,15.0,False,False,1.0,1.0
2008-05-01,BRN,3.0,8.0,False,False,3.0,3.0
2008-05-01,CL,2.0,7.0,False,False,2.0,2.0
2008-05-01,GAS,3.0,9.0,False,False,3.0,3.0
2008-05-01,HO,2.0,7.0,False,False,2.0,2.0
2008-05-01,NG,12.0,8.0,False,False,12.0,12.0
2008-05-01,RB,3.0,7.0,False,False,3.0,3.0
2008-05-01,GC,2.0,10.0,False,False,2.0,2.0
2008-05-01,HG,6.0,8.0,False,False,6.0,6.0
2008-05-01,PA,4.0,9.0,False,False,4.0,4.0
2008-05-01,PL,2.0,5.0,False,False,2.0,2.0
2008-05-01,SI,3.0,6.0,False,False,3.0,3.0
2008-05-01,CC,12.0,22.0,False,False,12.0,12.0
2008-05-01,CT,9.0,16.0,False,False,9.0,9.0
2008-05-01,GF,1.0,-52.0,False,False,1.0,1.0
2008-05-01,KC,18.0,10.0,False,False,18.0,18.0
2008-05-01,KE,3.0,9.0,False,False,3.0,3.0
2008-05-01,LE,1.0,-41.0,False,False,1.0,1.0
2008-05-01,RS,12.0,31.0,False,False,12.0,12.0
2008-05-01,SB,-58.0,-43.0,False,False,58.0,58.0
2008-05-01,ZM,6.0,12.0,False,False,6.0,6.0
2008-05-01,ZS,3.0,8.0,False,False,3.0,3.0
2008-05-01,ZW,3.0,8.0,False,False,3.0,3.0
2008-05-02,FCE,-2.0,-6.0,False,False,2.0,2.0
2008-05-02,FDAX,-2.0,-5.0,False,False,2.0,2.0
2008-05-02,FESX,-11.0,-20.0,False,False,11.0,11.0
2008-05-02,FSMI,-7.0,-15.0,False,False,7.0,7.0
2008-05-02,HTW,11.0,32.0,False,False,11.0,11.0
2008-05-02,FGBL,-5.0,0.0,False,False,5.0,5.0
2008-05-02,FGBM,-1.0,2.0,False,False,1.0,1.0
2008-05-02,FGBS,-77.0,-77.0,False,False,77.0,77.0
2008-05-02,FGBX,-6.0,-17.0,False,False,6.0,6.0
2008-05-12,GAS,0.0,9.0,True,True,18.0,18.0
2008-05-16,FCE,0.0,-6.0,True,True,12.0,12.0
2008-05-20,CL,0.0,7.0,True,True,14.0,14.0
2008-05-23,GF,0.0,-52.0,True,True,104.0,104.0
2008-05-28,CGB,0.0,44.0,True,True,88.0,88.0
2008-05-28,NG,0.0,8.0,True,True,16.0,16.0
2008-05-29,HTW,0.0,32.0,True,True,64.0,64.0
2008-05-29,LLG,0.0,14.0,True,True,28.0,28.0
2008-05-30,ZT,0.0,35.0,True,True,70.0,70.0
2008-05-30,ZF,0.0,39.0,True,True,78.0,78.0
2008-05-30,ZN,0.0,29.0,True,True,58.0,58.0
2008-05-30,ZB,0.0,21.0,True,True,42.0,42.0
2008-05-30,BRN,0.0,8.0,True,True,16.0,16.0
2008-05-30,HO,0.0,7.0,True,True,14.0,14.0
2008-05-30,RB,0.0,7.0,True,True,14.0,14.0
2008-05-30,GC,0.0,10.0,True,True,20.0,20.0
2008-05-30,PA,0.0,9.0,True,True,18.0,18.0
2008-06-02,ES,-10.0,-24.0,False,False,10.0,10.0
2008-06-02,FCE,-13.0,-19.0,False,False,13.0,13.0
2008-06-02,HTW,1.0,33.0,False,False,1.0,1.0
2008-06-02,NQ,31.0,0.0,False,False,31.0,31.0
2008-06-02,RTY,-14.0,-21.0,False,False,14.0,14.0
2008-06-02,SNK,5.0,-5.0,False,False,5.0,5.0
2008-06-02,SXF,4.0,8.0,False,False,4.0,4.0
2008-06-02,YM,-10.0,-28.0,False,False,10.0,10.0
2008-06-02,CGB,1.0,45.0,False,False,1.0,1.0
2008-06-02,FGBM,2.0,4.0,False,False,2.0,2.0
2008-06-02,FGBS,-1.0,-78.0,False,False,1.0,1.0
2008-06-02,FGBX,33.0,16.0,False,False,33.0,33.0
2008-06-02,SJB,-4.0,0.0,False,False,4.0,4.0
2008-06-02,YYT,-1.0,-83.0,False,False,1.0,1.0
2008-06-02,ZT,15.0,50.0,False,False,15.0,15.0
2008-06-02,ZF,1.0,40.0,False,False,1.0,1.0
2008-06-02,6A,1.0,23.0,False,False,1.0,1.0
2008-06-02,6B,8.0,27.0,False,False,8.0,8.0
2008-06-02,6J,-5.0,9.0,False,False,5.0,5.0
2008-06-02,6M,1.0,91.0,False,False,1.0,1.0
2008-06-02,6S,-4.0,11.0,False,False,4.0,4.0
2008-06-02,CL,1.0,8.0,False,False,1.0,1.0
2008-06-02,HO,-2.0,5.0,False,False,2.0,2.0
2008-06-02,GC,1.0,11.0,False,False,1.0,1.0
2008-06-02,PA,9.0,18.0,False,False,9.0,9.0
2008-06-02,CT,-42.0,-26.0,False,False,42.0,42.0
2008-06-02,GF,-1.0,-53.0,False,False,1.0,1.0
2008-06-02,KE,5.0,14.0,False,False,5.0,5.0
2008-06-02,ZM,1.0,13.0,False,False,1.0,1.0
2008-06-02,ZW,5.0,13.0,False,False,5.0,5.0
2008-06-06,FGBM,0.0,4.0,True,True,8.0,8.0
2008-06-06,FGBS,0.0,-78.0,True,True,156.0,156.0
2008-06-06,FGBX,0.0,16.0,True,True,32.0,32.0
2008-06-09,LE,0.0,-41.0,True,True,82.0,82.0
2008-06-12,NKD,0.0,-15.0,True,True,30.0,30.0
2008-06-12,SNK,0.0,-5.0,True,True,10.0,10.0
2008-06-12,GAS,0.0,9.0,True,True,18.0,18.0
2008-06-13,HE,0.0,-35.0,True,True,70.0,70.0
2008-06-16,YXT,0.0,-25.0,True,True,50.0,50.0
2008-06-16,YYT,0.0,-83.0,True,True,166.0,166.0
2008-06-16,6A,0.0,23.0,True,True,46.0,46.0
2008-06-16,6B,0.0,27.0,True,True,54.0,54.0
2008-06-16,6E,0.0,14.0,True,True,28.0,28.0
2008-06-16,6J,0.0,9.0,True,True,18.0,18.0
2008-06-16,6M,0.0,91.0,True,True,182.0,182.0
2008-06-16,6N,0.0,25.0,True,True,50.0,50.0
2008-06-16,6S,0.0,11.0,True,True,22.0,22.0
2008-06-17,6C,0.0,19.0,True,True,38.0,38.0
2008-06-17,CC,0.0,22.0,True,True,44.0,44.0
2008-06-18,SXF,0.0,8.0,True,True,16.0,16.0
2008-06-19,ES,0.0,-24.0,True,True,48.0,48.0
2008-06-19,YAP,0.0,-8.0,True,True,16.0,16.0
2008-06-19,YM,0.0,-28.0,True,True,56.0,56.0
2008-06-20,EMD,0.0,-15.0,True,True,30.0,30.0
2008-06-20,FCE,0.0,-19.0,True,True,38.0,38.0
2008-06-20,FDAX,0.0,-5.0,True,True,10.0,10.0
2008-06-20,FESX,0.0,-20.0,True,True,40.0,40.0
2008-06-20,FSMI,0.0,-15.0,True,True,30.0,30.0
2008-06-20,LFT,0.0,-11.0,True,True,22.0,22.0
2008-06-20,RTY,0.0,-21.0,True,True,42.0,42.0
2008-06-20,CL,0.0,8.0,True,True,16.0,16.0
2008-06-20,KC,0.0,10.0,True,True,20.0,20.0
2008-06-24,CT,0.0,-26.0,True,True,52.0,52.0
2008-06-26,NG,0.0,8.0,True,True,16.0,16.0
2008-06-27,HTW,0.0,33.0,True,True,66.0,66.0
2008-06-30,BRN,0.0,8.0,True,True,16.0,16.0
2008-06-30,HO,0.0,5.0,True,True,10.0,10.0
2008-06-30,RB,0.0,7.0,True,True,14.0,14.0
2008-06-30,HG,0.0,8.0,True,True,16.0,16.0
2008-06-30,PL,0.0,5.0,True,True,10.0,10.0
2008-06-30,SI,0.0,6.0,True,True,12.0,12.0
2008-06-30,KE,0.0,14.0,True,True,28.0,28.0
2008-06-30,RS,0.0,31.0,True,True,62.0,62.0
2008-06-30,SB,0.0,-43.0,True,True,86.0,86.0
2008-06-30,ZC,0.0,17.0,True,True,34.0,34.0
2008-06-30,ZL,0.0,8.0,True,True,16.0,16.0
2008-06-30,ZM,0.0,13.0,True,True,26.0,26.0
2008-06-30,ZS,0.0,8.0,True,True,16.0,16.0
2008-06-30,ZW,0.0,13.0,True,True,26.0,26.0
2008-07-01,EMD,7.0,-8.0,False,False,7.0,7.0
2008-07-01,ES,24.0,0.0,False,False,24.0,24.0
2008-07-01,FCE,-1.0,-20.0,False,False,1.0,1.0
2008-07-01,FESX,-2.0,-22.0,False,False,2.0,2.0
2008-07-01,FSMI,-1.0,-16.0,False,False,1.0,1.0
2008-07-01,HTW,-33.0,0.0,False,False,33.0,33.0
2008-07-01,LFT,3.0,-8.0,False,False,3.0,3.0
2008-07-01,NKD,-1.0,-16.0,False,False,1.0,1.0
2008-07-01,NQ,-20.0,-20.0,False,False,20.0,20.0
2008-07-01,RTY,21.0,0.0,False,False,21.0,21.0
2008-07-01,SNK,-3.0,-8.0,False,False,3.0,3.0
2008-07-01,YAP,-1.0,-9.0,False,False,1.0,1.0
2008-07-01,YM,28.0,0.0,False,False,28.0,28.0
2008-07-01,FGBM,-32.0,-28.0,False,False,32.0,32.0
2008-07-01,FGBS,-4.0,-82.0,False,False,4.0,4.0
2008-07-01,FGBX,-29.0,-13.0,False,False,29.0,29.0
2008-07-01,LLG,1.0,15.0,False,False,1.0,1.0
2008-07-01,SJB,9.0,9.0,False,False,9.0,9.0
2008-07-01,YXT,-2.0,-27.0,False,False,2.0,2.0
2008-07-01,YYT,23.0,-60.0,False,False,23.0,23.0
2008-07-01,ZT,-14.0,36.0,False,False,14.0,14.0
2008-07-01,ZF,2.0,42.0,False,False,2.0,2.0
2008-07-01,ZN,2.0,31.0,False,False,2.0,2.0
2008-07-01,ZB,1.0,22.0,False,False,1.0,1.0
2008-07-01,6A,1.0,24.0,False,False,1.0,1.0
2008-07-01,6B,-27.0,0.0,False,False,27.0,27.0
2008-07-01,6C,1.0,20.0,False,False,1.0,1.0
2008-07-01,6E,1.0,15.0,False,False,1.0,1.0
2008-07-01,6J,9.0,18.0,False,False,9.0,9.0
2008-07-01,6M,5.0,96.0,False,False,5.0,5.0
2008-07-01,6N,2.0,27.0,False,False,2.0,2.0
2008-07-01,6S,1.0,12.0,False,False,1.0,1.0
2008-07-01,BRN,-4.0,4.0,False,False,4.0,4.0
2008-07-01,CL,-4.0,4.0,False,False,4.0,4.0
2008-07-01,GAS,-4.0,5.0,False,False,4.0,4.0
2008-07-01,HO,-2.0,3.0,False,False,2.0,2.0
2008-07-01,RB,-3.0,4.0,False,False,3.0,3.0
2008-07-01,PA,1.0,19.0,False,False,1.0,1.0
2008-07-01,PL,3.0,8.0,False,False,3.0,3.0
2008-07-01,CC,9.0,31.0,False,False,9.0,9.0
2008-07-01,CT,6.0,-20.0,False,False,6.0,6.0
2008-07-01,GF,22.0,-31.0,False,False,22.0,22.0
2008-07-01,HE,-2.0,-37.0,False,False,2.0,2.0
2008-07-01,KC,1.0,11.0,False,False,1.0,1.0
2008-07-01,KE,1.0,15.0,False,False,1.0,1.0
2008-07-01,LE,-3.0,-44.0,False,False,3.0,3.0
2008-07-01,SB,-3.0,-46.0,False,False,3.0,3.0
2008-07-01,ZC,1.0,18.0,False,False,1.0,1.0
2008-07-01,ZS,1.0,9.0,False,False,1.0,1.0
2008-07-01,ZW,1.0,14.0,False,False,1.0,1.0
2008-07-02,SXF,1.0,9.0,False,False,1.0,1.0
2008-07-02,CGB,2.0,47.0,False,False,2.0,2.0
2008-07-02,RS,2.0,33.0,False,False,2.0,2.0
2008-07-10,GAS,0.0,5.0,True,True,10.0,10.0
2008-07-15,HE,0.0,-37.0,True,True,74.0,74.0
2008-07-18,FCE,0.0,-20.0,True,True,40.0,40.0
2008-07-22,CL,0.0,4.0,True,True,8.0,8.0
2008-07-29,NG,0.0,8.0,True,True,16.0,16.0
2008-07-31,BRN,0.0,4.0,True,True,8.0,8.0
2008-07-31,HO,0.0,3.0,True,True,6.0,6.0
2008-07-31,RB,0.0,4.0,True,True,8.0,8.0
2008-07-31,GC,0.0,11.0,True,True,22.0,22.0
2008-07-31,ZL,0.0,8.0,True,True,16.0,16.0
2008-07-31,ZM,0.0,13.0,True,True,26.0,26.0
2008-07-31,ZS,0.0,9.0,True,True,18.0,18.0
2008-08-01,EMD,1.0,-7.0,False,False,1.0,1.0
2008-08-01,ES,-2.0,-2.0,False,False,2.0,2.0
2008-08-01,FCE,6.0,-14.0,False,False,6.0,6.0
2008-08-01,FESX,1.0,-21.0,False,False,1.0,1.0
2008-08-01,NKD,1.0,-15.0,False,False,1.0,1.0
2008-08-01,NQ,1.0,-19.0,False,False,1.0,1.0
2008-08-01,SXF,-1.0,8.0,False,False,1.0,1.0
2008-08-01,YM,-3.0,-3.0,False,False,3.0,3.0
2008-08-01,CGB,-13.0,34.0,False,False,13.0,13.0
2008-08-01,FGBL,-21.0,-21.0,False,False,21.0,21.0
2008-08-01,FGBM,1.0,-27.0,False,False,1.0,1.0
2008-08-01,FGBS,3.0,-79.0,False,False,3.0,3.0
2008-08-01,FGBX,1.0,-12.0,False,False,1.0,1.0
2008-08-01,LLG,-1.0,14.0,False,False,1.0,1.0
2008-08-01,YXT,1.0,-26.0,False,False,1.0,1.0
2008-08-01,YYT,121.0,61.0,False,False,121.0,121.0
2008-08-01,ZT,-2.0,34.0,False,False,2.0,2.0
2008-08-01,ZF,-2.0,40.0,False,False,2.0,2.0
2008-08-01,ZN,-1.0,30.0,False,False,1.0,1.0
2008-08-01,ZB,-1.0,21.0,False,False,1.0,1.0
2008-08-01,6A,-1.0,23.0,False,False,1.0,1.0
2008-08-01,6B,27.0,27.0,False,False,27.0,27.0
2008-08-01,6C,10.0,30.0,False,False,10.0,10.0
2008-08-01,6E,-1.0,14.0,False,False,1.0,1.0
2008-08-01,6J,-1.0,17.0,False,False,1.0,1.0
2008-08-01,6M,-4.0,92.0,False,False,4.0,4.0
2008-08-01,6N,-1.0,26.0,False,False,1.0,1.0
2008-08-01,6S,5.0,17.0,False,False,5.0,5.0
2008-08-01,NG,-9.0,-1.0,False,False,9.0,9.0
2008-08-01,PA,-1.0,18.0,False,False,1.0,1.0
2008-08-01,SI,3.0,9.0,False,False,3.0,3.0
2008-08-01,CC,-10.0,21.0,False,False,10.0,10.0
2008-08-01,CT,1.0,-19.0,False,False,1.0,1.0
2008-08-01,GF,1.0,-30.0,False,False,1.0,1.0
2008-08-01,HE,1.0,-36.0,False,False,1.0,1.0
2008-08-01,KC,-4.0,7.0,False,False,4.0,4.0
2008-08-01,KE,-1.0,14.0,False,False,1.0,1.0
2008-08-01,LE,2.0,-42.0,False,False,2.0,2.0
2008-08-01,RS,-1.0,32.0,False,False,1.0,1.0
2008-08-01,SB,62.0,16.0,False,False,62.0,62.0
2008-08-01,ZC,-1.0,17.0,False,False,1.0,1.0
2008-08-01,ZW,-1.0,13.0,False,False,1.0,1.0
2008-08-04,LE,0.0,-42.0,True,True,84.0,84.0
2008-08-12,GAS,0.0,5.0,True,True,10.0,10.0
2008-08-14,HE,0.0,-36.0,True,True,72.0,72.0
2008-08-15,FCE,0.0,-14.0,True,True,28.0,28.0
2008-08-19,CC,0.0,21.0,True,True,42.0,42.0
2008-08-20,CL,0.0,4.0,True,True,8.0,8.0
2008-08-21,KC,0.0,7.0,True,True,14.0,14.0
2008-08-27,CGB,0.0,34.0,True,True,68.0,68.0
2008-08-27,NG,0.0,-1.0,True,True,2.0,2.0
2008-08-28,LLG,0.0,14.0,True,True,28.0,28.0
2008-08-28,GF,0.0,-30.0,True,True,60.0,60.0
2008-08-29,ZT,0.0,34.0,True,True,68.0,68.0
2008-08-29,ZF,0.0,40.0,True,True,80.0,80.0
2008-08-29,ZN,0.0,30.0,True,True,60.0,60.0
2008-08-29,ZB,0.0,21.0,True,True,42.0,42.0
2008-08-29,BRN,0.0,4.0,True,True,8.0,8.0
2008-08-29,HO,0.0,3.0,True,True,6.0,6.0
2008-08-29,RB,0.0,4.0,True,True,8.0,8.0
2008-08-29,HG,0.0,8.0,True,True,16.0,16.0
2008-08-29,PA,0.0,18.0,True,True,36.0,36.0
2008-08-29,SI,0.0,9.0,True,True,18.0,18.0
2008-08-29,KE,0.0,14.0,True,True,28.0,28.0
2008-08-29,ZC,0.0,17.0,True,True,34.0,34.0
2008-08-29,ZL,0.0,8.0,True,True,16.0,16.0
2008-08-29,ZM,0.0,13.0,True,True,26.0,26.0
2008-08-29,ZS,0.0,9.0,True,True,18.0,18.0
2008-08-29,ZW,0.0,13.0,True,True,26.0,26.0
2008-09-01,FCE,4.0,-10.0,False,False,4.0,4.0
2008-09-01,FESX,1.0,-20.0,False,False,1.0,1.0
2008-09-01,FSMI,1.0,-15.0,False,False,1.0,1.0
2008-09-01,LFT,1.0,-7.0,False,False,1.0,1.0
2008-09-01,SNK,8.0,0.0,False,False,8.0,8.0
2008-09-01,YAP,1.0,-8.0,False,False,1.0,1.0
2008-09-01,FGBL,1.0,-20.0,False,False,1.0,1.0
2008-09-01,FGBM,1.0,-26.0,False,False,1.0,1.0
2008-09-01,FGBS,3.0,-76.0,False,False,3.0,3.0
2008-09-01,FGBX,4.0,-8.0,False,False,4.0,4.0
2008-09-01,SJB,-8.0,1.0,False,False,8.0,8.0
2008-09-01,YXT,46.0,20.0,False,False,46.0,46.0
2008-09-01,YYT,-61.0,0.0,False,False,61.0,61.0
2008-09-02,EMD,-4.0,-11.0,False,False,4.0,4.0
2008-09-02,ES,-6.0,-8.0,False,False,6.0,6.0
2008-09-02,NQ,1.0,-18.0,False,False,1.0,1.0
2008-09-02,RTY,-5.0,-5.0,False,False,5.0,5.0
2008-09-02,SXF,-5.0,3.0,False,False,5.0,5.0
2008-09-02,YM,-5.0,-8.0,False,False,5.0,5.0
2008-09-02,CGB,-2.0,32.0,False,False,2.0,2.0
2008-09-02,ZT,-1.0,33.0,False,False,1.0,1.0
2008-09-02,ZF,-1.0,39.0,False,False,1.0,1.0
2008-09-02,ZN,-2.0,28.0,False,False,2.0,2.0
2008-09-02,ZB,-1.0,20.0,False,False,1.0,1.0
2008-09-02,6A,-1.0,22.0,False,False,1.0,1.0
2008-09-02,6B,-27.0,0.0,False,False,27.0,27.0
2008-09-02,6C,-30.0,0.0,False,False,30.0,30.0
2008-09-02,6E,-4.0,10.0,False,False,4.0,4.0
2008-09-02,6J,-7.0,10.0,False,False,7.0,7.0
2008-09-02,6M,-45.0,47.0,False,False,45.0,45.0
2008-09-02,6N,-1.0,25.0,False,False,1.0,1.0
2008-09-02,NG,1.0,0.0,False,False,1.0,1.0
2008-09-02,RB,-3.0,1.0,False,False,3.0,3.0
2008-09-02,GC,-1.0,10.0,False,False,1.0,1.0
2008-09-02,PA,-23.0,-5.0,False,False,23.0,23.0
2008-09-02,PL,-2.0,6.0,False,False,2.0,2.0
2008-09-02,SI,-3.0,6.0,False,False,3.0,3.0
2008-09-02,CC,-11.0,10.0,False,False,11.0,11.0
2008-09-02,GF,1.0,-29.0,False,False,1.0,1.0
2008-09-02,HE,22.0,-14.0,False,False,22.0,22.0
2008-09-02,KC,6.0,13.0,False,False,6.0,6.0
2008-09-02,KE,-19.0,-5.0,False,False,19.0,19.0
2008-09-02,LE,2.0,-40.0,False,False,2.0,2.0
2008-09-02,RS,-1.0,31.0,False,False,1.0,1.0
2008-09-02,SB,-45.0,-29.0,False,False,45.0,45.0
2008-09-02,ZC,-7.0,10.0,False,False,7.0,7.0
2008-09-02,ZL,-1.0,7.0,False,False,1.0,1.0
2008-09-02,ZM,-1.0,12.0,False,False,1.0,1.0
2008-09-02,ZS,-1.0,8.0,False,False,1.0,1.0
2008-09-02,ZW,-17.0,-4.0,False,False,17.0,17.0
2008-09-08,FGBL,0.0,-20.0,True,True,40.0,40.0
2008-09-08,FGBM,0.0,-26.0,True,True,52.0,52.0
2008-09-08,FGBS,0.0,-76.0,True,True,152.0,152.0
2008-09-08,FGBX,0.0,-8.0,True,True,16.0,16.0
2008-09-10,SJB,0.0,1.0,True,True,2.0,2.0
2008-09-11,NKD,0.0,-15.0,True,True,30.0,30.0
2008-09-11,GAS,0.0,5.0,True,True,10.0,10.0
2008-09-15,YXT,0.0,20.0,True,True,40.0,40.0
2008-09-15,6A,0.0,22.0,True,True,44.0,44.0
2008-09-15,6E,0.0,10.0,True,True,20.0,20.0
2008-09-15,6J,0.0,10.0,True,True,20.0,20.0
2008-09-15,6M,0.0,47.0,True,True,94.0,94.0
2008-09-15,6N,0.0,25.0,True,True,50.0,50.0
2008-09-15,6S,0.0,17.0,True,True,34.0,34.0
2008-09-17,SXF,0.0,3.0,True,True,6.0,6.0
2008-09-18,ES,0.0,-8.0,True,True,16.0,16.0
2008-09-18,YAP,0.0,-8.0,True,True,16.0,16.0
2008-09-18,YM,0.0,-8.0,True,True,16.0,16.0
2008-09-19,EMD,0.0,-11.0,True,True,22.0,22.0
2008-09-19,FCE,0.0,-10.0,True,True,20.0,20.0
2008-09-19,FDAX,0.0,-5.0,True,True,10.0,10.0
2008-09-19,FESX,0.0,-20.0,True,True,40.0,40.0
2008-09-19,FSMI,0.0,-15.0,True,True,30.0,30.0
2008-09-19,LFT,0.0,-7.0,True,True,14.0,14.0
2008-09-19,NQ,0.0,-18.0,True,True,36.0,36.0
2008-09-19,RTY,0.0,-5.0,True,True,10.0,10.0
2008-09-22,CL,0.0,4.0,True,True,8.0,8.0
2008-09-25,GF,0.0,-29.0,True,True,58.0,58.0
2008-09-30,BRN,0.0,4.0,True,True,8.0,8.0
2008-09-30,HO,0.0,3.0,True,True,6.0,6.0
2008-09-30,RB,0.0,1.0,True,True,2.0,2.0
2008-09-30,PL,0.0,6.0,True,True,12.0,12.0
2008-09-30,SB,0.0,-29.0,True,True,58.0,58.0
2008-09-30,ZL,0.0,7.0,True,True,14.0,14.0
2008-09-30,ZM,0.0,12.0,True,True,24.0,24.0
2008-10-01,EMD,9.0,-2.0,False,False,9.0,9.0
2008-10-01,ES,6.0,-2.0,False,False,6.0,6.0
2008-10-01,FCE,4.0,-6.0,False,False,4.0,4.0
2008-10-01,FDAX,4.0,-1.0,False,False,4.0,4.0
2008-10-01,FESX,15.0,-5.0,False,False,15.0,15.0
2008-10-01,FSMI,9.0,-6.0,False,False,9.0,9.0
2008-10-01,HTW,-1.0,-1.0,False,False,1.0,1.0
2008-10-01,LFT,5.0,-2.0,False,False,5.0,5.0
2008-10-01,NKD,10.0,-5.0,False,False,10.0,10.0
2008-10-01,NQ,12.0,-6.0,False,False,12.0,12.0
2008-10-01,RTY,4.0,-1.0,False,False,4.0,4.0
2008-10-01,SNK,-10.0,-10.0,False,False,10.0,10.0
2008-10-01,SXF,-4.0,-1.0,False,False,4.0,4.0
2008-10-01,YAP,5.0,-3.0,False,False,5.0,5.0
2008-10-01,YM,6.0,-2.0,False,False,6.0,6.0
2008-10-01,CGB,-25.0,7.0,False,False,25.0,25.0
2008-10-01,FGBL,20.0,0.0,False,False,20.0,20.0
2008-10-01,FGBM,26.0,0.0,False,False,26.0,26.0
2008-10-01,FGBS,76.0,0.0,False,False,76.0,76.0
2008-10-01,FGBX,15.0,7.0,False,False,15.0,15.0
2008-10-01,LLG,-7.0,7.0,False,False,7.0,7.0
2008-10-01,SJB,1.0,2.0,False,False,1.0,1.0
2008-10-01,YXT,-7.0,13.0,False,False,7.0,7.0
2008-10-01,ZT,-24.0,9.0,False,False,24.0,24.0
2008-10-01,ZF,-29.0,10.0,False,False,29.0,29.0
2008-10-01,ZN,-20.0,8.0,False,False,20.0,20.0
2008-10-01,ZB,-14.0,6.0,False,False,14.0,14.0
2008-10-01,6A,-22.0,0.0,False,False,22.0,22.0
2008-10-01,6E,-5.0,5.0,False,False,5.0,5.0
2008-10-01,6J,-2.0,8.0,False,False,2.0,2.0
2008-10-01,6M,-32.0,15.0,False,False,32.0,32.0
2008-10-01,6N,-25.0,0.0,False,False,25.0,25.0
2008-10-01,6S,-9.0,8.0,False,False,9.0,9.0
2008-10-01,BRN,-2.0,2.0,False,False,2.0,2.0
2008-10-01,CL,-2.0,2.0,False,False,2.0,2.0
2008-10-01,GC,-6.0,4.0,False,False,6.0,6.0
2008-10-01,HG,-13.0,-5.0,False,False,13.0,13.0
2008-10-01,PL,-8.0,-2.0,False,False,8.0,8.0
2008-10-01,SI,-8.0,-2.0,False,False,8.0,8.0
2008-10-01,CT,1.0,-18.0,False,False,1.0,1.0
2008-10-01,GF,1.0,-28.0,False,False,1.0,1.0
2008-10-01,HE,1.0,-13.0,False,False,1.0,1.0
2008-10-01,KC,-19.0,-6.0,False,False,19.0,19.0
2008-10-01,LE,17.0,-23.0,False,False,17.0,17.0
2008-10-01,RS,-73.0,-42.0,False,False,73.0,73.0
2008-10-01,ZM,-17.0,-5.0,False,False,17.0,17.0
2008-10-06,LE,0.0,-23.0,True,True,46.0,46.0
2008-10-10,GAS,0.0,5.0,True,True,10.0,10.0
2008-10-15,HE,0.0,-13.0,True,True,26.0,26.0
2008-10-17,FCE,0.0,-6.0,True,True,12.0,12.0
2008-10-21,CL,0.0,2.0,True,True,4.0,4.0
2008-10-30,HTW,0.0,-1.0,True,True,2.0,2.0
2008-10-30,GF,0.0,-28.0,True,True,56.0,56.0
2008-10-31,BRN,0.0,2.0,True,True,4.0,4.0
2008-10-31,HO,0.0,3.0,True,True,6.0,6.0
2008-10-31,RB,0.0,1.0,True,True,2.0,2.0
2008-10-31,RS,0.0,-42.0,True,True,84.0,84.0
2008-10-31,ZS,0.0,8.0,True,True,16.0,16.0
2008-11-03,EMD,-1.0,-3.0,False,False,1.0,1.0
2008-11-03,ES,-2.0,-4.0,False,False,2.0,2.0
2008-11-03,FESX,-3.0,-8.0,False,False,3.0,3.0
2008-11-03,LFT,-2.0,-4.0,False,False,2.0,2.0
2008-11-03,NKD,1.0,-4.0,False,False,1.0,1.0
2008-11-03,NQ,-2.0,-8.0,False,False,2.0,2.0
2008-11-03,RTY,-2.0,-3.0,False,False,2.0,2.0
2008-11-03,SXF,-1.0,-2.0,False,False,1.0,1.0
2008-11-03,YAP,-1.0,-4.0,False,False,1.0,1.0
2008-11-03,YM,-2.0,-4.0,False,False,2.0,2.0
2008-11-03,CGB,10.0,17.0,False,False,10.0,10.0
2008-11-03,FGBL,3.0,3.0,False,False,3.0,3.0
2008-11-03,FGBX,-13.0,-6.0,False,False,13.0,13.0
2008-11-03,LLG,4.0,11.0,False,False,4.0,4.0
2008-11-03,ZT,12.0,21.0,False,False,12.0,12.0
2008-11-03,ZF,13.0,23.0,False,False,13.0,13.0
2008-11-03,ZN,6.0,14.0,False,False,6.0,6.0
2008-11-03,ZB,4.0,10.0,False,False,4.0,4.0
2008-11-03,6A,-2.0,-2.0,False,False,2.0,2.0
2008-11-03,6C,-3.0,-3.0,False,False,3.0,3.0
2008-11-03,6E,-5.0,0.0,False,False,5.0,5.0
2008-11-03,6J,-3.0,5.0,False,False,3.0,3.0
2008-11-03,6M,-20.0,-5.0,False,False,20.0,20.0
2008-11-03,6N,-1.0,-1.0,False,False,1.0,1.0
2008-11-03,6S,-8.0,0.0,False,False,8.0,8.0
2008-11-03,BRN,-5.0,-3.0,False,False,5.0,5.0
2008-11-03,CL,-3.0,-1.0,False,False,3.0,3.0
2008-11-03,GAS,-5.0,0.0,False,False,5.0,5.0
2008-11-03,HO,-4.0,-1.0,False,False,4.0,4.0
2008-11-03,RB,-5.0,-4.0,False,False,5.0,5.0
2008-11-03,GC,-8.0,-4.0,False,False,8.0,8.0
2008-11-03,PA,-3.0,-8.0,False,False,3.0,3.0
2008-11-03,PL,-2.0,-4.0,False,False,2.0,2.0
2008-11-03,SI,-1.0,-3.0,False,False,1.0,1.0
2008-11-03,CC,12.0,22.0,False,False,12.0,12.0
2008-11-03,CT,-1.0,-19.0,False,False,1.0,1.0
2008-11-03,GF,-1.0,-29.0,False,False,1.0,1.0
2008-11-03,HE,-8.0,-21.0,False,False,8.0,8.0
2008-11-03,KC,-11.0,-17.0,False,False,11.0,11.0
2008-11-03,KE,-3.0,-8.0,False,False,3.0,3.0
2008-11-03,RS,-25.0,-67.0,False,False,25.0,25.0
2008-11-03,ZC,-29.0,-19.0,False,False,29.0,29.0
2008-11-03,ZL,-26.0,-19.0,False,False,26.0,26.0
2008-11-03,ZM,-3.0,-8.0,False,False,3.0,3.0
2008-11-03,ZS,-8.0,0.0,False,False,8.0,8.0
2008-11-03,ZW,-4.0,-8.0,False,False,4.0,4.0
2008-11-04,SNK,6.0,-4.0,False,False,6.0,6.0
2008-11-04,SJB,2.0,4.0,False,False,2.0,2.0
2008-11-14,CC,0.0,22.0,True,True,44.0,44.0
2008-11-19,KC,0.0,-17.0,True,True,34.0,34.0
2008-11-20,CL,0.0,-1.0,True,True,2.0,2.0
2008-11-20,GF,0.0,-29.0,True,True,58.0,58.0
2008-11-21,FCE,0.0,-6.0,True,True,12.0,12.0
2008-11-21,CT,0.0,-19.0,True,True,38.0,38.0
2008-11-26,CGB,0.0,17.0,True,True,34.0,34.0
2008-11-27,HTW,0.0,-1.0,True,True,2.0,2.0
2008-11-27,LLG,0.0,11.0,True,True,22.0,22.0
2008-11-28,ZT,0.0,21.0,True,True,42.0,42.0
2008-11-28,ZF,0.0,23.0,True,True,46.0,46.0
2008-11-28,ZN,0.0,14.0,True,True,28.0,28.0
2008-11-28,ZB,0.0,10.0,True,True,20.0,20.0
2008-11-28,BRN,0.0,-3.0,True,True,6.0,6.0
2008-11-28,HO,0.0,-1.0,True,True,2.0,2.0
2008-11-28,RB,0.0,-4.0,True,True,8.0,8.0
2008-11-28,GC,0.0,-4.0,True,True,8.0,8.0
2008-11-28,HG,0.0,-5.0,True,True,10.0,10.0
2008-11-28,PA,0.0,-8.0,True,True,16.0,16.0
2008-11-28,SI,0.0,-3.0,True,True,6.0,6.0
2008-11-28,KE,0.0,-8.0,True,True,16.0,16.0
2008-11-28,ZC,0.0,-19.0,True,True,38.0,38.0
2008-11-28,ZL,0.0,-19.0,True,True,38.0,38.0
2008-11-28,ZM,0.0,-8.0,True,True,16.0,16.0
2008-11-28,ZW,0.0,-8.0,True,True,16.0,16.0
2008-12-01,EMD,-3.0,-6.0,False,False,3.0,3.0
2008-12-01,ES,-2.0,-6.0,False,False,2.0,2.0
2008-12-01,FDAX,-1.0,-2.0,False,False,1.0,1.0
2008-12-01,FESX,-6.0,-14.0,False,False,6.0,6.0
2008-12-01,FSMI,-2.0,-8.0,False,False,2.0,2.0
2008-12-01,HTW,1.0,0.0,False,False,1.0,1.0
2008-12-01,LFT,-1.0,-5.0,False,False,1.0,1.0
2008-12-01,NKD,-2.0,-6.0,False,False,2.0,2.0
2008-12-01,NQ,-8.0,-16.0,False,False,8.0,8.0
2008-12-01,RTY,-1.0,-4.0,False,False,1.0,1.0
2008-12-01,SNK,-2.0,-6.0,False,False,2.0,2.0
2008-12-01,SXF,-2.0,-4.0,False,False,2.0,2.0
2008-12-01,YAP,-3.0,-7.0,False,False,3.0,3.0
2008-12-01,YM,-2.0,-6.0,False,False,2.0,2.0
2008-12-01,CGB,15.0,32.0,False,False,15.0,15.0
2008-12-01,FGBL,25.0,28.0,False,False,25.0,25.0
2008-12-01,FGBX,14.0,8.0,False,False,14.0,14.0
2008-12-01,LLG,9.0,20.0,False,False,9.0,9.0
2008-12-01,SJB,-4.0,0.0,False,False,4.0,4.0
2008-12-01,YXT,1.0,14.0,False,False,1.0,1.0
2008-12-01,ZT,12.0,33.0,False,False,12.0,12.0
2008-12-01,ZN,1.0,15.0,False,False,1.0,1.0
2008-12-01,6C,-3.0,-6.0,False,False,3.0,3.0
2008-12-01,6N,1.0,0.0,False,False,1.0,1.0
2008-12-01,BRN,-2.0,-5.0,False,False,2.0,2.0
2008-12-01,CL,-1.0,-2.0,False,False,1.0,1.0
2008-12-01,HO,-1.0,-2.0,False,False,1.0,1.0
2008-12-01,RB,-2.0,-6.0,False,False,2.0,2.0
2008-12-01,HG,-1.0,-6.0,False,False,1.0,1.0
2008-12-01,PA,8.0,0.0,False,False,8.0,8.0
2008-12-01,PL,-1.0,-5.0,False,False,1.0,1.0
2008-12-01,SI,3.0,0.0,False,False,3.0,3.0
2008-12-01,CC,10.0,32.0,False,False,10.0,10.0
2008-12-01,CT,5.0,-14.0,False,False,5.0,5.0
2008-12-01,HE,-18.0,-39.0,False,False,18.0,18.0
2008-12-01,KE,-13.0,-21.0,False,False,13.0,13.0
2008-12-01,LE,-1.0,-24.0,False,False,1.0,1.0
2008-12-01,RS,-50.0,-117.0,False,False,50.0,50.0
2008-12-01,SB,-22.0,-51.0,False,False,22.0,22.0
2008-12-01,ZC,-8.0,-27.0,False,False,8.0,8.0
2008-12-01,ZL,-7.0,-26.0,False,False,7.0,7.0
2008-12-01,ZW,-4.0,-12.0,False,False,4.0,4.0
2008-12-08,FGBL,0.0,28.0,True,True,56.0,56.0
2008-12-08,FGBX,0.0,8.0,True,True,16.0,16.0
2008-12-08,LE,0.0,-24.0,True,True,48.0,48.0
2008-12-11,NKD,0.0,-6.0,True,True,12.0,12.0
2008-12-11,SNK,0.0,-6.0,True,True,12.0,12.0
2008-12-12,HE,0.0,-39.0,True,True,78.0,78.0
2008-12-15,YXT,0.0,14.0,True,True,28.0,28.0
2008-12-15,6A,0.0,-2.0,True,True,4.0,4.0
2008-12-15,6J,0.0,5.0,True,True,10.0,10.0
2008-12-15,6M,0.0,-5.0,True,True,10.0,10.0
2008-12-16,6C,0.0,-6.0,True,True,12.0,12.0
2008-12-17,SXF,0.0,-4.0,True,False,0.0,0.0
2008-12-18,ES,0.0,-6.0,True,True,12.0,12.0
2008-12-18,SXF,0.0,-4.0,False,True,8.0,8.0
2008-12-18,YAP,0.0,-7.0,True,True,14.0,14.0
2008-12-18,YM,0.0,-6.0,True,True,12.0,12.0
2008-12-19,EMD,0.0,-6.0,True,True,12.0,12.0
2008-12-19,FCE,0.0,-6.0,True,True,12.0,12.0
2008-12-19,FDAX,0.0,-2.0,True,True,4.0,4.0
2008-12-19,FESX,0.0,-14.0,True,True,28.0,28.0
2008-12-19,FSMI,0.0,-8.0,True,True,16.0,16.0
2008-12-19,LFT,0.0,-5.0,True,True,10.0,10.0
2008-12-19,NQ,0.0,-16.0,True,True,32.0,32.0
2008-12-19,RTY,0.0,-4.0,True,True,8.0,8.0
2008-12-19,CL,0.0,-2.0,True,True,4.0,4.0
2008-12-31,BRN,0.0,-5.0,True,True,10.0,10.0
2008-12-31,HO,0.0,-2.0,True,True,4.0,4.0
2008-12-31,RB,0.0,-6.0,True,True,12.0,12.0
2008-12-31,PL,0.0,-5.0,True,True,10.0,10.0
2008-12-31,RS,0.0,-117.0,True,True,234.0,234.0
2008-12-31,ZL,0.0,-26.0,True,True,52.0,52.0
2008-12-31,ZM,0.0,-8.0,True,True,16.0,16.0
2009-01-02,EMD,5.0,-1.0,False,False,5.0,5.0
2009-01-02,ES,6.0,0.0,False,False,6.0,6.0
2009-01-02,FESX,7.0,-7.0,False,False,7.0,7.0
2009-01-02,LFT,4.0,-1.0,False,False,4.0,4.0
2009-01-02,NKD,-7.0,-13.0,False,False,7.0,7.0
2009-01-02,NQ,11.0,-5.0,False,False,11.0,11.0
2009-01-02,RTY,4.0,0.0,False,False,4.0,4.0
2009-01-02,SXF,3.0,-1.0,False,False,3.0,3.0
2009-01-02,YAP,-6.0,-13.0,False,False,6.0,6.0
2009-01-02,YM,6.0,0.0,False,False,6.0,6.0
2009-01-02,CGB,13.0,45.0,False,False,13.0,13.0
2009-01-02,FGBL,-8.0,20.0,False,False,8.0,8.0
2009-01-02,FGBX,5.0,13.0,False,False,5.0,5.0
2009-01-02,LLG,8.0,28.0,False,False,8.0,8.0
2009-01-02,YXT,30.0,44.0,False,False,30.0,30.0
2009-01-02,YYT,141.0,141.0,False,False,141.0,141.0
2009-01-02,ZT,34.0,67.0,False,False,34.0,34.0
2009-01-02,ZF,28.0,51.0,False,False,28.0,28.0
2009-01-02,ZN,14.0,29.0,False,False,14.0,14.0
2009-01-02,ZB,7.0,17.0,False,False,7.0,7.0
2009-01-02,6A,-2.0,-4.0,False,False,2.0,2.0
2009-01-02,6B,-2.0,-2.0,False,False,2.0,2.0
2009-01-02,6C,2.0,-4.0,False,False,2.0,2.0
2009-01-02,6J,13.0,18.0,False,False,13.0,13.0
2009-01-02,6M,2.0,-3.0,False,False,2.0,2.0
2009-01-02,6S,16.0,16.0,False,False,16.0,16.0
2009-01-02,BRN,-3.0,-8.0,False,False,3.0,3.0
2009-01-02,CL,-6.0,-8.0,False,False,6.0,6.0
2009-01-02,HO,-4.0,-6.0,False,False,4.0,4.0
2009-01-02,RB,-2.0,-8.0,False,False,2.0,2.0
2009-01-02,HG,-3.0,-9.0,False,False,3.0,3.0
2009-01-02,PL,-12.0,-17.0,False,False,12.0,12.0
2009-01-02,CC,1.0,33.0,False,False,1.0,1.0
2009-01-02,CT,-11.0,-25.0,False,False,11.0,11.0
2009-01-02,GF,-1.0,-30.0,False,False,1.0,1.0
2009-01-02,HE,-1.0,-40.0,False,False,1.0,1.0
2009-01-02,KC,-9.0,-26.0,False,False,9.0,9.0
2009-01-02,KE,-10.0,-31.0,False,False,10.0,10.0
2009-01-02,LE,-18.0,-42.0,False,False,18.0,18.0
2009-01-02,RS,-2.0,-119.0,False,False,2.0,2.0
2009-01-02,SB,-1.0,-52.0,False,False,1.0,1.0
2009-01-02,ZC,-1.0,-28.0,False,False,1.0,1.0
2009-01-02,ZL,-1.0,-27.0,False,False,1.0,1.0
2009-01-02,ZM,8.0,0.0,False,False,8.0,8.0
2009-01-02,ZW,-4.0,-16.0,False,False,4.0,4.0
2009-01-16,FCE,0.0,-6.0,True,True,12.0,12.0
2009-01-20,CL,0.0,-8.0,True,True,16.0,16.0
2009-01-29,GF,0.0,-30.0,True,True,60.0,60.0
2009-01-30,BRN,0.0,-8.0,True,True,16.0,16.0
2009-01-30,HO,0.0,-6.0,True,True,12.0,12.0
2009-01-30,RB,0.0,-8.0,True,True,16.0,16.0
2009-01-30,GC,0.0,-4.0,True,True,8.0,8.0
2009-02-02,EMD,1.0,0.0,False,False,1.0,1.0
2009-02-02,FCE,4.0,-2.0,False,False,4.0,4.0
2009-02-02,FSMI,-6.0,-14.0,False,False,6.0,6.0
2009-02-02,LFT,1.0,0.0,False,False,1.0,1.0
2009-02-02,NQ,3.0,-2.0,False,False,3.0,3.0
2009-02-02,SNK,-4.0,-10.0,False,False,4.0,4.0
2009-02-02,SXF,1.0,0.0,False,False,1.0,1.0
2009-02-02,FGBL,-1.0,19.0,False,False,1.0,1.0
2009-02-02,LLG,-1.0,27.0,False,False,1.0,1.0
2009-02-02,YYT,-1.0,140.0,False,False,1.0,1.0
2009-02-02,ZT,-1.0,66.0,False,False,1.0,1.0
2009-02-02,ZF,-1.0,50.0,False,False,1.0,1.0
2009-02-02,ZN,-1.0,28.0,False,False,1.0,1.0
2009-02-02,6A,3.0,-1.0,False,False,3.0,3.0
2009-02-02,6B,-2.0,-4.0,False,False,2.0,2.0
2009-02-02,6C,4.0,0.0,False,False,4.0,4.0
2009-02-02,6M,3.0,0.0,False,False,3.0,3.0
2009-02-02,6N,-11.0,-11.0,False,False,11.0,11.0
2009-02-02,6S,-16.0,0.0,False,False,16.0,16.0
2009-02-02,GC,4.0,0.0,False,False,4.0,4.0
2009-02-02,GF,9.0,-21.0,False,False,9.0,9.0
2009-02-02,HE,1.0,-39.0,False,False,1.0,1.0
2009-02-02,RS,1.0,-118.0,False,False,1.0,1.0
2009-02-02,SB,-18.0,-70.0,False,False,18.0,18.0
2009-02-02,ZC,-9.0,-37.0,False,False,9.0,9.0
2009-02-02,ZL,-13.0,-40.0,False,False,13.0,13.0
2009-02-09,LE,0.0,-42.0,True,True,84.0,84.0
2009-02-13,HE,0.0,-39.0,True,True,78.0,78.0
2009-02-17,CC,0.0,33.0,True,True,66.0,66.0
2009-02-19,KC,0.0,-26.0,True,True,52.0,52.0
2009-02-20,FCE,0.0,-2.0,True,True,4.0,4.0
2009-02-20,CL,0.0,-8.0,True,True,16.0,16.0
2009-02-23,CT,0.0,-25.0,True,True,50.0,50.0
2009-02-25,CGB,0.0,45.0,True,True,90.0,90.0
2009-02-26,LLG,0.0,27.0,True,True,54.0,54.0
2009-02-27,ZT,0.0,66.0,True,True,132.0,132.0
2009-02-27,ZF,0.0,50.0,True,True,100.0,100.0
2009-02-27,ZN,0.0,28.0,True,True,56.0,56.0
2009-02-27,ZB,0.0,17.0,True,True,34.0,34.0
2009-02-27,BRN,0.0,-8.0,True,True,16.0,16.0
2009-02-27,HO,0.0,-6.0,True,True,12.0,12.0
2009-02-27,RB,0.0,-8.0,True,True,16.0,16.0
2009-02-27,HG,0.0,-9.0,True,True,18.0,18.0
2009-02-27,KE,0.0,-31.0,True,True,62.0,62.0
2009-02-27,RS,0.0,-118.0,True,True,236.0,236.0
2009-02-27,SB,0.0,-70.0,True,True,140.0,140.0
2009-02-27,ZC,0.0,-37.0,True,True,74.0,74.0
2009-02-27,ZL,0.0,-40.0,True,True,80.0,80.0
2009-02-27,ZW,0.0,-16.0,True,True,32.0,32.0
2009-03-02,EMD,-3.0,-3.0,False,False,3.0,3.0
2009-03-02,FCE,2.0,0.0,False,False,2.0,2.0
2009-03-02,FDAX,-3.0,-5.0,False,False,3.0,3.0
2009-03-02,FESX,7.0,0.0,False,False,7.0,7.0
2009-03-02,FSMI,12.0,-2.0,False,False,12.0,12.0
2009-03-02,HTW,-41.0,-41.0,False,False,41.0,41.0
2009-03-02,NQ,-12.0,-14.0,False,False,12.0,12.0
2009-03-02,SNK,10.0,0.0,False,False,10.0,10.0
2009-03-02,SXF,-2.0,-2.0,False,False,2.0,2.0
2009-03-02,YAP,-7.0,-20.0,False,False,7.0,7.0
2009-03-02,FGBL,-10.0,9.0,False,False,10.0,10.0
2009-03-02,FGBM,24.0,24.0,False,False,24.0,24.0
2009-03-02,FGBS,119.0,119.0,False,False,119.0,119.0
2009-03-02,LLG,-12.0,15.0,False,False,12.0,12.0
2009-03-02,SJB,-55.0,-55.0,False,False,55.0,55.0
2009-03-02,ZT,1.0,67.0,False,False,1.0,1.0
2009-03-02,6A,1.0,0.0,False,False,1.0,1.0
2009-03-02,6B,1.0,-3.0,False,False,1.0,1.0
2009-03-02,6N,5.0,-6.0,False,False,5.0,5.0
2009-03-02,GAS,-12.0,-12.0,False,False,12.0,12.0
2009-03-02,HG,3.0,-6.0,False,False,3.0,3.0
2009-03-02,CC,-33.0,0.0,False,False,33.0,33.0
2009-03-02,CT,-11.0,-36.0,False,False,11.0,11.0
2009-03-02,HE,15.0,-24.0,False,False,15.0,15.0
2009-03-02,RS,118.0,0.0,False,False,118.0,118.0
2009-03-02,ZL,36.0,-4.0,False,False,36.0,36.0
2009-03-02,ZW,-13.0,-29.0,False,False,13.0,13.0
2009-03-06,FGBL,0.0,9.0,True,True,18.0,18.0
2009-03-06,FGBM,0.0,24.0,True,True,48.0,48.0
2009-03-06,FGBS,0.0,119.0,True,True,238.0,238.0
2009-03-06,FGBX,0.0,13.0,True,True,26.0,26.0
2009-03-10,SJB,0.0,-55.0,True,True,110.0,110.0
2009-03-12,NKD,0.0,-13.0,True,True,26.0,26.0
2009-03-12,GAS,0.0,-12.0,True,True,24.0,24.0
2009-03-16,YXT,0.0,44.0,True,True,88.0,88.0
2009-03-16,YYT,0.0,140.0,True,True,280.0,280.0
2009-03-16,6B,0.0,-3.0,True,True,6.0,6.0
2009-03-16,6J,0.0,18.0,True,True,36.0,36.0
2009-03-16,6N,0.0,-6.0,True,True,12.0,12.0
2009-03-18,SXF,0.0,-2.0,True,True,4.0,4.0
2009-03-19,YAP,0.0,-20.0,True,True,40.0,40.0
2009-03-20,EMD,0.0,-3.0,True,True,6.0,6.0
2009-03-20,FDAX,0.0,-5.0,True,True,10.0,10.0
2009-03-20,FSMI,0.0,-2.0,True,True,4.0,4.0
2009-03-20,NQ,0.0,-14.0,True,True,28.0,28.0
2009-03-20,CL,0.0,-8.0,True,True,16.0,16.0
2009-03-26,GF,0.0,-21.0,True,True,42.0,42.0
2009-03-30,HTW,0.0,-41.0,True,True,82.0,82.0
2009-03-31,BRN,0.0,-8.0,True,True,16.0,16.0
2009-03-31,HO,0.0,-6.0,True,True,12.0,12.0
2009-03-31,RB,0.0,-8.0,True,True,16.0,16.0
2009-03-31,PL,0.0,-17.0,True,True,34.0,34.0
2009-04-01,EMD,3.0,0.0,False,False,3.0,3.0
2009-04-01,FDAX,5.0,0.0,False,False,5.0,5.0
2009-04-01,FESX,-11.0,-11.0,False,False,11.0,11.0
2009-04-01,FSMI,2.0,0.0,False,False,2.0,2.0
2009-04-01,HTW,1.0,-40.0,False,False,1.0,1.0
2009-04-01,NQ,14.0,0.0,False,False,14.0,14.0
2009-04-01,SNK,-16.0,-16.0,False,False,16.0,16.0
2009-04-01,SXF,2.0,0.0,False,False,2.0,2.0
2009-04-01,YAP,18.0,-2.0,False,False,18.0,18.0
2009-04-01,CGB,-12.0,33.0,False,False,12.0,12.0
2009-04-01,FGBL,11.0,20.0,False,False,11.0,11.0
2009-04-01,FGBM,14.0,38.0,False,False,14.0,14.0
2009-04-01,SJB,1.0,-54.0,False,False,1.0,1.0
2009-04-01,YXT,-11.0,33.0,False,False,11.0,11.0
2009-04-01,ZT,-1.0,66.0,False,False,1.0,1.0
2009-04-01,ZF,-20.0,30.0,False,False,20.0,20.0
2009-04-01,ZN,-12.0,16.0,False,False,12.0,12.0
2009-04-01,ZB,-5.0,12.0,False,False,5.0,5.0
2009-04-01,6A,-11.0,-11.0,False,False,11.0,11.0
2009-04-01,6B,-14.0,-17.0,False,False,14.0,14.0
2009-04-01,6C,-16.0,-16.0,False,False,16.0,16.0
2009-04-01,6J,-5.0,13.0,False,False,5.0,5.0
2009-04-01,6N,-14.0,-20.0,False,False,14.0,14.0
2009-04-01,HG,4.0,-2.0,False,False,4.0,4.0
2009-04-01,PL,8.0,-9.0,False,False,8.0,8.0
2009-04-01,CC,29.0,29.0,False,False,29.0,29.0
2009-04-01,HE,-9.0,-33.0,False,False,9.0,9.0
2009-04-01,ZL,-6.0,-10.0,False,False,6.0,6.0
2009-04-06,LE,0.0,-42.0,True,True,84.0,84.0
2009-04-09,GAS,0.0,-12.0,True,True,24.0,24.0
2009-04-15,HE,0.0,-33.0,True,True,66.0,66.0
2009-04-17,CC,0.0,29.0,True,True,58.0,58.0
2009-04-21,CL,0.0,-8.0,True,True,16.0,16.0
2009-04-22,KC,0.0,-26.0,True,True,52.0,52.0
2009-04-24,CT,0.0,-36.0,True,True,72.0,72.0
2009-04-29,HTW,0.0,-40.0,True,True,80.0,80.0
2009-04-30,BRN,0.0,-8.0,True,True,16.0,16.0
2009-04-30,HO,0.0,-6.0,True,True,12.0,12.0
2009-04-30,RB,0.0,-8.0,True,True,16.0,16.0
2009-04-30,HG,0.0,-2.0,True,True,4.0,4.0
2009-04-30,GF,0.0,-21.0,True,True,42.0,42.0
2009-04-30,KE,0.0,-31.0,True,True,62.0,62.0
2009-04-30,SB,0.0,-70.0,True,True,140.0,140.0
2009-04-30,ZC,0.0,-37.0,True,True,74.0,74.0
2009-04-30,ZL,0.0,-10.0,True,True,20.0,20.0
2009-04-30,ZW,0.0,-29.0,True,True,58.0,58.0
2009-05-01,YAP,-1.0,-3.0,False,False,1.0,1.0
2009-05-01,CGB,-1.0,32.0,False,False,1.0,1.0
2009-05-01,LLG,-1.0,14.0,False,False,1.0,1.0
2009-05-01,SJB,54.0,0.0,False,False,54.0,54.0
2009-05-01,YXT,-1.0,32.0,False,False,1.0,1.0
2009-05-01,YYT,-4.0,136.0,False,False,4.0,4.0
2009-05-01,ZT,-1.0,65.0,False,False,1.0,1.0
2009-05-01,ZF,-1.0,29.0,False,False,1.0,1.0
2009-05-01,ZB,-1.0,11.0,False,False,1.0,1.0
2009-05-01,6C,1.0,-15.0,False,False,1.0,1.0
2009-05-01,6J,-1.0,12.0,False,False,1.0,1.0
2009-05-01,HO,-3.0,-9.0,False,False,3.0,3.0
2009-05-01,GC,11.0,11.0,False,False,11.0,11.0
2009-05-01,HG,-6.0,-8.0,False,False,6.0,6.0
2009-05-01,CC,-46.0,-17.0,False,False,46.0,46.0
2009-05-01,CT,19.0,-17.0,False,False,19.0,19.0
2009-05-01,GF,12.0,-9.0,False,False,12.0,12.0
2009-05-01,HE,14.0,-19.0,False,False,14.0,14.0
2009-05-01,KC,1.0,-25.0,False,False,1.0,1.0
2009-05-01,KE,1.0,-30.0,False,False,1.0,1.0
2009-05-01,LE,1.0,-41.0,False,False,1.0,1.0
2009-05-01,SB,98.0,28.0,False,False,98.0,98.0
2009-05-01,ZC,18.0,-19.0,False,False,18.0,18.0
2009-05-01,ZL,10.0,0.0,False,False,10.0,10.0
2009-05-01,ZM,25.0,25.0,False,False,25.0,25.0
2009-05-01,ZW,1.0,-28.0,False,False,1.0,1.0
2009-05-04,HTW,16.0,-24.0,False,False,16.0,16.0
2009-05-04,FGBL,-1.0,19.0,False,False,1.0,1.0
2009-05-04,FGBM,-1.0,37.0,False,False,1.0,1.0
2009-05-04,FGBS,-3.0,116.0,False,False,3.0,3.0
2009-05-12,GAS,0.0,-12.0,True,True,24.0,24.0
2009-05-19,CL,0.0,-8.0,True,True,16.0,16.0
2009-05-22,GF,0.0,-9.0,True,True,18.0,18.0
2009-05-26,HTW,0.0,-24.0,True,True,48.0,48.0
2009-05-27,CGB,0.0,32.0,True,True,64.0,64.0
2009-05-28,LLG,0.0,14.0,True,True,28.0,28.0
2009-05-29,ZT,0.0,65.0,True,True,130.0,130.0
2009-05-29,ZF,0.0,29.0,True,True,58.0,58.0
2009-05-29,ZN,0.0,16.0,True,True,32.0,32.0
2009-05-29,ZB,0.0,11.0,True,True,22.0,22.0
2009-05-29,BRN,0.0,-8.0,True,True,16.0,16.0
2009-05-29,HO,0.0,-9.0,True,True,18.0,18.0
2009-05-29,RB,0.0,-8.0,True,True,16.0,16.0
2009-05-29,GC,0.0,11.0,True,True,22.0,22.0
2009-06-01,FDAX,-3.0,-3.0,False,False,3.0,3.0
2009-06-01,FESX,-11.0,-22.0,False,False,11.0,11.0
2009-06-01,HTW,1.0,-23.0,False,False,1.0,1.0
2009-06-01,NKD,-8.0,-21.0,False,False,8.0,8.0
2009-06-01,SNK,-6.0,-22.0,False,False,6.0,6.0
2009-06-01,YAP,-2.0,-5.0,False,False,2.0,2.0
2009-06-01,CGB,-1.0,31.0,False,False,1.0,1.0
2009-06-01,FGBL,-1.0,18.0,False,False,1.0,1.0
2009-06-01,FGBM,-2.0,35.0,False,False,2.0,2.0
2009-06-01,FGBS,-7.0,109.0,False,False,7.0,7.0
2009-06-01,FGBX,3.0,16.0,False,False,3.0,3.0
2009-06-01,YXT,-2.0,30.0,False,False,2.0,2.0
2009-06-01,YYT,-7.0,129.0,False,False,7.0,7.0
2009-06-01,ZT,35.0,100.0,False,False,35.0,35.0
2009-06-01,ZF,18.0,47.0,False,False,18.0,18.0
2009-06-01,ZN,10.0,26.0,False,False,10.0,10.0
2009-06-01,ZB,5.0,16.0,False,False,5.0,5.0
2009-06-01,6A,1.0,-10.0,False,False,1.0,1.0
2009-06-01,6B,-5.0,-22.0,False,False,5.0,5.0
2009-06-01,6C,-8.0,-23.0,False,False,8.0,8.0
2009-06-01,6E,-3.0,-3.0,False,False,3.0,3.0
2009-06-01,6N,1.0,-19.0,False,False,1.0,1.0
2009-06-01,6S,-5.0,-5.0,False,False,5.0,5.0
2009-06-01,BRN,-4.0,-12.0,False,False,4.0,4.0
2009-06-01,CL,-3.0,-11.0,False,False,3.0,3.0
2009-06-01,GAS,-4.0,-16.0,False,False,4.0,4.0
2009-06-01,HO,1.0,-8.0,False,False,1.0,1.0
2009-06-01,RB,-3.0,-11.0,False,False,3.0,3.0
2009-06-01,GC,4.0,15.0,False,False,4.0,4.0
2009-06-01,HG,3.0,-5.0,False,False,3.0,3.0
2009-06-01,PL,-4.0,-13.0,False,False,4.0,4.0
2009-06-01,CC,-7.0,-24.0,False,False,7.0,7.0
2009-06-01,CT,-14.0,-31.0,False,False,14.0,14.0
2009-06-01,GF,64.0,55.0,False,False,64.0,64.0
2009-06-01,HE,1.0,-18.0,False,False,1.0,1.0
2009-06-01,KC,1.0,-24.0,False,False,1.0,1.0
2009-06-01,KE,2.0,-28.0,False,False,2.0,2.0
2009-06-01,LE,41.0,0.0,False,False,41.0,41.0
2009-06-01,SB,11.0,39.0,False,False,11.0,11.0
2009-06-01,ZC,1.0,-18.0,False,False,1.0,1.0
2009-06-01,ZM,-2.0,23.0,False,False,2.0,2.0
2009-06-01,ZW,2.0,-26.0,False,False,2.0,2.0
2009-06-02,FSMI,-4.0,-4.0,False,False,4.0,4.0
2009-06-08,FGBL,0.0,18.0,True,True,36.0,36.0
2009-06-08,FGBM,0.0,35.0,True,True,70.0,70.0
2009-06-08,FGBS,0.0,109.0,True,True,218.0,218.0
2009-06-08,FGBX,0.0,16.0,True,True,32.0,32.0
2009-06-11,NKD,0.0,-21.0,True,True,42.0,42.0
2009-06-11,SNK,0.0,-22.0,True,True,44.0,44.0
2009-06-11,GAS,0.0,-16.0,True,True,32.0,32.0
2009-06-12,HE,0.0,-18.0,True,True,36.0,36.0
2009-06-15,YXT,0.0,30.0,True,True,60.0,60.0
2009-06-15,YYT,0.0,129.0,True,True,258.0,258.0
2009-06-15,6A,0.0,-10.0,True,True,20.0,20.0
2009-06-15,6B,0.0,-22.0,True,True,44.0,44.0
2009-06-15,6E,0.0,-3.0,True,True,6.0,6.0
2009-06-15,6J,0.0,12.0,True,True,24.0,24.0
2009-06-15,6N,0.0,-19.0,True,True,38.0,38.0
2009-06-15,6S,0.0,-5.0,True,True,10.0,10.0
2009-06-16,6C,0.0,-23.0,True,True,46.0,46.0
2009-06-17,CC,0.0,-24.0,True,True,48.0,48.0
2009-06-18,YAP,0.0,-5.0,True,True,10.0,10.0
2009-06-19,FDAX,0.0,-3.0,True,True,6.0,6.0
2009-06-19,FESX,0.0,-22.0,True,True,44.0,44.0
2009-06-19,FSMI,0.0,-4.0,True,True,8.0,8.0
2009-06-22,CL,0.0,-11.0,True,True,22.0,22.0
2009-06-22,KC,0.0,-24.0,True,True,48.0,48.0
2009-06-24,CT,0.0,-31.0,True,True,62.0,62.0
2009-06-29,HTW,0.0,-23.0,True,True,46.0,46.0
2009-06-30,BRN,0.0,-12.0,True,True,24.0,24.0
2009-06-30,HO,0.0,-8.0,True,True,16.0,16.0
2009-06-30,RB,0.0,-11.0,True,True,22.0,22.0
2009-06-30,HG,0.0,-5.0,True,True,10.0,10.0
2009-06-30,PL,0.0,-13.0,True,True,26.0,26.0
2009-06-30,KE,0.0,-28.0,True,True,56.0,56.0
2009-06-30,SB,0.0,39.0,True,True,78.0,78.0
2009-06-30,ZC,0.0,-18.0,True,True,36.0,36.0
2009-06-30,ZM,0.0,23.0,True,True,46.0,46.0
2009-06-30,ZW,0.0,-26.0,True,True,52.0,52.0
2009-07-01,FDAX,3.0,0.0,False,False,3.0,3.0
2009-07-01,FESX,22.0,0.0,False,False,22.0,22.0
2009-07-01,FSMI,4.0,0.0,False,False,4.0,4.0
2009-07-01,HTW,-11.0,-34.0,False,False,11.0,11.0
2009-07-01,YAP,5.0,0.0,False,False,5.0,5.0
2009-07-01,FGBL,1.0,19.0,False,False,1.0,1.0
2009-07-01,FGBM,1.0,36.0,False,False,1.0,1.0
2009-07-01,FGBS,2.0,111.0,False,False,2.0,2.0
2009-07-01,FGBX,1.0,17.0,False,False,1.0,1.0
2009-07-01,YXT,1.0,31.0,False,False,1.0,1.0
2009-07-01,YYT,-57.0,72.0,False,False,57.0,57.0
2009-07-01,ZT,-63.0,37.0,False,False,63.0,63.0
2009-07-01,ZF,1.0,48.0,False,False,1.0,1.0
2009-07-01,6A,-6.0,-16.0,False,False,6.0,6.0
2009-07-01,6C,-1.0,-24.0,False,False,1.0,1.0
2009-07-01,6E,-7.0,-10.0,False,False,7.0,7.0
2009-07-01,HO,-1.0,-9.0,False,False,1.0,1.0
2009-07-01,RB,5.0,-6.0,False,False,5.0,5.0
2009-07-01,GC,-15.0,0.0,False,False,15.0,15.0
2009-07-01,HG,-6.0,-11.0,False,False,6.0,6.0
2009-07-01,CT,30.0,-1.0,False,False,30.0,30.0
2009-07-01,GF,-63.0,-8.0,False,False,63.0,63.0
2009-07-01,KC,10.0,-14.0,False,False,10.0,10.0
2009-07-01,KE,7.0,-21.0,False,False,7.0,7.0
2009-07-01,LE,-20.0,-20.0,False,False,20.0,20.0
2009-07-01,SB,1.0,40.0,False,False,1.0,1.0
2009-07-01,ZC,10.0,-8.0,False,False,10.0,10.0
2009-07-01,ZM,-23.0,0.0,False,False,23.0,23.0
2009-07-01,ZW,-1.0,-27.0,False,False,1.0,1.0
2009-07-10,GAS,0.0,-16.0,True,True,32.0,32.0
2009-07-15,HE,0.0,-18.0,True,True,36.0,36.0
2009-07-21,CL,0.0,-11.0,True,True,22.0,22.0
2009-07-30,HTW,0.0,-34.0,True,True,68.0,68.0
2009-07-31,BRN,0.0,-12.0,True,True,24.0,24.0
2009-07-31,HO,0.0,-9.0,True,True,18.0,18.0
2009-07-31,RB,0.0,-6.0,True,True,12.0,12.0
2009-08-03,FGBL,-1.0,18.0,False,False,1.0,1.0
2009-08-03,FGBS,-1.0,110.0,False,False,1.0,1.0
2009-08-03,YXT,-1.0,30.0,False,False,1.0,1.0
2009-08-03,ZF,-13.0,35.0,False,False,13.0,13.0
2009-08-03,6C,1.0,-23.0,False,False,1.0,1.0
2009-08-03,6S,20.0,15.0,False,False,20.0,20.0
2009-08-03,GAS,4.0,-12.0,False,False,4.0,4.0
2009-08-03,HO,1.0,-8.0,False,False,1.0,1.0
2009-08-03,RB,2.0,-4.0,False,False,2.0,2.0
2009-08-03,GC,15.0,15.0,False,False,15.0,15.0
2009-08-03,CC,49.0,25.0,False,False,49.0,49.0
2009-08-03,CT,-2.0,-3.0,False,False,2.0,2.0
2009-08-03,GF,3.0,-5.0,False,False,3.0,3.0
2009-08-03,KE,-7.0,-28.0,False,False,7.0,7.0
2009-08-03,LE,20.0,0.0,False,False,20.0,20.0
2009-08-03,SB,-1.0,39.0,False,False,1.0,1.0
2009-08-03,ZL,-3.0,-3.0,False,False,3.0,3.0
2009-08-03,ZM,17.0,17.0,False,False,17.0,17.0
2009-08-12,GAS,0.0,-12.0,True,True,24.0,24.0
2009-08-14,HE,0.0,-18.0,True,True,36.0,36.0
2009-08-18,CC,0.0,25.0,True,True,50.0,50.0
2009-08-20,CL,0.0,-11.0,True,True,22.0,22.0
2009-08-21,KC,0.0,-14.0,True,True,28.0,28.0
2009-08-27,CGB,0.0,31.0,True,True,62.0,62.0
2009-08-27,LLG,0.0,14.0,True,True,28.0,28.0
2009-08-27,GF,0.0,-5.0,True,True,10.0,10.0
2009-08-28,HTW,0.0,-34.0,True,True,68.0,68.0
2009-08-31,ZT,0.0,37.0,True,True,74.0,74.0
2009-08-31,ZF,0.0,35.0,True,True,70.0,70.0
2009-08-31,ZN,0.0,26.0,True,True,52.0,52.0
2009-08-31,ZB,0.0,16.0,True,True,32.0,32.0
2009-08-31,BRN,0.0,-12.0,True,True,24.0,24.0
2009-08-31,HO,0.0,-8.0,True,True,16.0,16.0
2009-08-31,RB,0.0,-4.0,True,True,8.0,8.0
2009-08-31,HG,0.0,-11.0,True,True,22.0,22.0
2009-08-31,KE,0.0,-28.0,True,True,56.0,56.0
2009-08-31,ZC,0.0,-8.0,True,True,16.0,16.0
2009-08-31,ZL,0.0,-3.0,True,True,6.0,6.0
2009-08-31,ZM,0.0,17.0,True,True,34.0,34.0
2009-08-31,ZW,0.0,-27.0,True,True,54.0,54.0
2009-09-01,FDAX,-1.0,-1.0,False,False,1.0,1.0
2009-09-01,FESX,-7.0,-7.0,False,False,7.0,7.0
2009-09-01,FSMI,-1.0,-1.0,False,False,1.0,1.0
2009-09-01,HTW,62.0,28.0,False,False,62.0,62.0
2009-09-01,SNK,-1.0,-23.0,False,False,1.0,1.0
2009-09-01,YAP,-8.0,-8.0,False,False,8.0,8.0
2009-09-01,CGB,1.0,32.0,False,False,1.0,1.0
2009-09-01,FGBL,11.0,29.0,False,False,11.0,11.0
2009-09-01,FGBS,3.0,113.0,False,False,3.0,3.0
2009-09-01,LLG,6.0,20.0,False,False,6.0,6.0
2009-09-01,SJB,58.0,58.0,False,False,58.0,58.0
2009-09-01,YXT,1.0,31.0,False,False,1.0,1.0
2009-09-01,YYT,1.0,73.0,False,False,1.0,1.0
2009-09-01,ZT,21.0,58.0,False,False,21.0,21.0
2009-09-01,ZF,14.0,49.0,False,False,14.0,14.0
2009-09-01,ZN,1.0,27.0,False,False,1.0,1.0
2009-09-01,6A,31.0,15.0,False,False,31.0,31.0
2009-09-01,6C,-1.0,-24.0,False,False,1.0,1.0
2009-09-01,6E,24.0,14.0,False,False,24.0,24.0
2009-09-01,6J,6.0,18.0,False,False,6.0,6.0
2009-09-01,6N,32.0,13.0,False,False,32.0,32.0
2009-09-01,6S,5.0,20.0,False,False,5.0,5.0
2009-09-01,HO,-1.0,-9.0,False,False,1.0,1.0
2009-09-01,RB,-2.0,-6.0,False,False,2.0,2.0
2009-09-01,GC,5.0,20.0,False,False,5.0,5.0
2009-09-01,PA,38.0,38.0,False,False,38.0,38.0
2009-09-01,PL,14.0,1.0,False,False,14.0,14.0
2009-09-01,SI,13.0,13.0,False,False,13.0,13.0
2009-09-01,CC,1.0,26.0,False,False,1.0,1.0
2009-09-01,HE,-24.0,-42.0,False,False,24.0,24.0
2009-09-01,KE,-1.0,-29.0,False,False,1.0,1.0
2009-09-01,LE,-9.0,-9.0,False,False,9.0,9.0
2009-09-01,SB,-13.0,26.0,False,False,13.0,13.0
2009-09-01,ZC,8.0,0.0,False,False,8.0,8.0
2009-09-01,ZL,-1.0,-4.0,False,False,1.0,1.0
2009-09-01,ZS,14.0,14.0,False,False,14.0,14.0
2009-09-08,FGBL,0.0,29.0,True,True,58.0,58.0
2009-09-08,FGBM,0.0,36.0,True,True,72.0,72.0
2009-09-08,FGBS,0.0,113.0,True,True,226.0,226.0
2009-09-08,FGBX,0.0,17.0,True,True,34.0,34.0
2009-09-09,SJB,0.0,58.0,True,True,116.0,116.0
2009-09-10,NKD,0.0,-21.0,True,True,42.0,42.0
2009-09-10,SNK,0.0,-23.0,True,True,46.0,46.0
2009-09-10,GAS,0.0,-12.0,True,True,24.0,24.0
2009-09-14,6A,0.0,15.0,True,True,30.0,30.0
2009-09-14,6B,0.0,-22.0,True,True,44.0,44.0
2009-09-14,6E,0.0,14.0,True,True,28.0,28.0
2009-09-14,6J,0.0,18.0,True,True,36.0,36.0
2009-09-14,6N,0.0,13.0,True,True,26.0,26.0
2009-09-14,6S,0.0,20.0,True,True,40.0,40.0
2009-09-15,YXT,0.0,31.0,True,True,62.0,62.0
2009-09-15,YYT,0.0,73.0,True,True,146.0,146.0
2009-09-15,6C,0.0,-24.0,True,True,48.0,48.0
2009-09-17,YAP,0.0,-8.0,True,True,16.0,16.0
2009-09-18,FDAX,0.0,-1.0,True,True,2.0,2.0
2009-09-18,FESX,0.0,-7.0,True,True,14.0,14.0
2009-09-18,FSMI,0.0,-1.0,True,True,2.0,2.0
2009-09-22,CL,0.0,-11.0,True,True,22.0,22.0
2009-09-24,GF,0.0,-5.0,True,True,10.0,10.0
2009-09-29,HTW,0.0,28.0,True,True,56.0,56.0
2009-09-30,BRN,0.0,-12.0,True,True,24.0,24.0
2009-09-30,HO,0.0,-9.0,True,True,18.0,18.0
2009-09-30,RB,0.0,-6.0,True,True,12.0,12.0
2009-09-30,PL,0.0,1.0,True,True,2.0,2.0
2009-09-30,SB,0.0,26.0,True,True,52.0,52.0
2009-09-30,ZL,0.0,-4.0,True,True,8.0,8.0
2009-09-30,ZM,0.0,17.0,True,True,34.0,34.0
2009-10-01,EMD,31.0,31.0,False,False,31.0,31.0
2009-10-01,ES,49.0,49.0,False,False,49.0,49.0
2009-10-01,FCE,41.0,41.0,False,False,41.0,41.0
2009-10-01,FDAX,11.0,10.0,False,False,11.0,11.0
2009-10-01,FESX,61.0,54.0,False,False,61.0,61.0
2009-10-01,FSMI,54.0,53.0,False,False,54.0,54.0
2009-10-01,HTW,18.0,46.0,False,False,18.0,18.0
2009-10-01,LFT,35.0,35.0,False,False,35.0,35.0
2009-10-01,NKD,21.0,0.0,False,False,21.0,21.0
2009-10-01,NQ,79.0,79.0,False,False,79.0,79.0
2009-10-01,RTY,65.0,65.0,False,False,65.0,65.0
2009-10-01,SNK,58.0,35.0,False,False,58.0,58.0
2009-10-01,SXF,16.0,16.0,False,False,16.0,16.0
2009-10-01,YAP,31.0,23.0,False,False,31.0,31.0
2009-10-01,YM,63.0,63.0,False,False,63.0,63.0
2009-10-01,CGB,36.0,68.0,False,False,36.0,36.0
2009-10-01,FGBL,15.0,44.0,False,False,15.0,15.0
2009-10-01,FGBM,41.0,77.0,False,False,41.0,41.0
2009-10-01,FGBS,104.0,217.0,False,False,104.0,104.0
2009-10-01,FGBX,12.0,29.0,False,False,12.0,12.0
2009-10-01,LLG,13.0,33.0,False,False,13.0,13.0
2009-10-01,SJB,41.0,99.0,False,False,41.0,41.0
2009-10-01,YXT,15.0,46.0,False,False,15.0,15.0
2009-10-01,YYT,50.0,123.0,False,False,50.0,50.0
2009-10-01,ZT,74.0,132.0,False,False,74.0,74.0
2009-10-01,ZF,33.0,82.0,False,False,33.0,33.0
2009-10-01,ZN,24.0,51.0,False,False,24.0,24.0
2009-10-01,ZB,13.0,29.0,False,False,13.0,13.0
2009-10-01,6A,-11.0,4.0,False,False,11.0,11.0
2009-10-01,6B,-11.0,-33.0,False,False,11.0,11.0
2009-10-01,6C,35.0,11.0,False,False,35.0,35.0
2009-10-01,6E,-8.0,6.0,False,False,8.0,8.0
2009-10-01,6J,9.0,27.0,False,False,9.0,9.0
2009-10-01,6M,-34.0,-34.0,False,False,34.0,34.0
2009-10-01,6N,-13.0,0.0,False,False,13.0,13.0
2009-10-01,6S,15.0,35.0,False,False,15.0,15.0
2009-10-01,BRN,-1.0,-13.0,False,False,1.0,1.0
2009-10-01,CL,-1.0,-12.0,False,False,1.0,1.0
2009-10-01,GAS,-7.0,-19.0,False,False,7.0,7.0
2009-10-01,HO,-3.0,-12.0,False,False,3.0,3.0
2009-10-01,NG,-14.0,-14.0,False,False,14.0,14.0
2009-10-01,RB,-5.0,-11.0,False,False,5.0,5.0
2009-10-01,GC,1.0,21.0,False,False,1.0,1.0
2009-10-01,HG,12.0,1.0,False,False,12.0,12.0
2009-10-01,PA,19.0,57.0,False,False,19.0,19.0
2009-10-01,PL,6.0,7.0,False,False,6.0,6.0
2009-10-01,CC,18.0,44.0,False,False,18.0,18.0
2009-10-01,CT,46.0,43.0,False,False,46.0,46.0
2009-10-01,GF,84.0,79.0,False,False,84.0,84.0
2009-10-01,HE,-21.0,-63.0,False,False,21.0,21.0
2009-10-01,KC,-7.0,-21.0,False,False,7.0,7.0
2009-10-01,KE,-28.0,-57.0,False,False,28.0,28.0
2009-10-01,LE,9.0,0.0,False,False,9.0,9.0
2009-10-01,SB,1.0,27.0,False,False,1.0,1.0
2009-10-01,ZL,4.0,0.0,False,False,4.0,4.0
2009-10-01,ZM,16.0,33.0,False,False,16.0,16.0
2009-10-01,ZS,10.0,24.0,False,False,10.0,10.0
2009-10-01,ZW,-23.0,-50.0,False,False,23.0,23.0
2009-10-12,GAS,0.0,-19.0,True,True,38.0,38.0
2009-10-14,HE,0.0,-63.0,True,True,126.0,126.0
2009-10-16,FCE,0.0,41.0,True,True,82.0,82.0
2009-10-20,CL,0.0,-12.0,True,True,24.0,24.0
2009-10-28,NG,0.0,-14.0,True,True,28.0,28.0
2009-10-29,HTW,0.0,46.0,True,True,92.0,92.0
2009-10-29,GF,0.0,79.0,True,True,158.0,158.0
2009-10-30,BRN,0.0,-13.0,True,True,26.0,26.0
2009-10-30,HO,0.0,-12.0,True,True,24.0,24.0
2009-10-30,RB,0.0,-11.0,True,True,22.0,22.0
2009-10-30,ZS,0.0,24.0,True,True,48.0,48.0
2009-11-02,EMD,-9.0,22.0,False,False,9.0,9.0
2009-11-02,ES,-15.0,34.0,False,False,15.0,15.0
2009-11-02,FCE,-12.0,29.0,False,False,12.0,12.0
2009-11-02,FDAX,-3.0,7.0,False,False,3.0,3.0
2009-11-02,FESX,-16.0,38.0,False,False,16.0,16.0
2009-11-02,FSMI,-15.0,38.0,False,False,15.0,15.0
2009-11-02,HTW,-25.0,21.0,False,False,25.0,25.0
2009-11-02,LFT,-11.0,24.0,False,False,11.0,11.0
2009-11-02,NQ,-24.0,55.0,False,False,24.0,24.0
2009-11-02,RTY,-17.0,48.0,False,False,17.0,17.0
2009-11-02,SNK,-1.0,34.0,False,False,1.0,1.0
2009-11-02,YM,-20.0,43.0,False,False,20.0,20.0
2009-11-02,CGB,-21.0,47.0,False,False,21.0,21.0
2009-11-02,FGBL,-1.0,43.0,False,False,1.0,1.0
2009-11-02,FGBM,-2.0,75.0,False,False,2.0,2.0
2009-11-02,FGBS,-6.0,211.0,False,False,6.0,6.0
2009-11-02,FGBX,-1.0,28.0,False,False,1.0,1.0
2009-11-02,LLG,-1.0,32.0,False,False,1.0,1.0
2009-11-02,SJB,-2.0,97.0,False,False,2.0,2.0
2009-11-02,YXT,-46.0,0.0,False,False,46.0,46.0
2009-11-02,YYT,-123.0,0.0,False,False,123.0,123.0
2009-11-02,ZT,-4.0,128.0,False,False,4.0,4.0
2009-11-02,ZF,-2.0,80.0,False,False,2.0,2.0
2009-11-02,ZN,-1.0,50.0,False,False,1.0,1.0
2009-11-02,ZB,-1.0,28.0,False,False,1.0,1.0
2009-11-02,6A,4.0,8.0,False,False,4.0,4.0
2009-11-02,6B,35.0,2.0,False,False,35.0,35.0
2009-11-02,6C,-1.0,10.0,False,False,1.0,1.0
2009-11-02,6M,99.0,65.0,False,False,99.0,99.0
2009-11-02,6N,7.0,7.0,False,False,7.0,7.0
2009-11-02,6S,-1.0,34.0,False,False,1.0,1.0
2009-11-02,BRN,14.0,1.0,False,False,14.0,14.0
2009-11-02,CL,12.0,0.0,False,False,12.0,12.0
2009-11-02,NG,1.0,-13.0,False,False,1.0,1.0
2009-11-02,RB,22.0,11.0,False,False,22.0,22.0
2009-11-02,GC,-1.0,20.0,False,False,1.0,1.0
2009-11-02,HG,2.0,3.0,False,False,2.0,2.0
2009-11-02,PA,-16.0,41.0,False,False,16.0,16.0
2009-11-02,CC,-18.0,26.0,False,False,18.0,18.0
2009-11-02,CT,-1.0,42.0,False,False,1.0,1.0
2009-11-02,GF,-2.0,77.0,False,False,2.0,2.0
2009-11-02,HE,2.0,-61.0,False,False,2.0,2.0
2009-11-02,KC,24.0,3.0,False,False,24.0,24.0
2009-11-02,KE,19.0,-38.0,False,False,19.0,19.0
2009-11-02,LE,-8.0,-8.0,False,False,8.0,8.0
2009-11-02,SB,-1.0,26.0,False,False,1.0,1.0
2009-11-02,ZC,-7.0,-7.0,False,False,7.0,7.0
2009-11-02,ZL,58.0,58.0,False,False,58.0,58.0
2009-11-02,ZS,-1.0,23.0,False,False,1.0,1.0
2009-11-02,ZW,17.0,-33.0,False,False,17.0,17.0
2009-11-12,GAS,0.0,-19.0,True,True,38.0,38.0
2009-11-16,CC,0.0,26.0,True,True,52.0,52.0
2009-11-19,GF,0.0,77.0,True,True,154.0,154.0
2009-11-19,KC,0.0,3.0,True,True,6.0,6.0
2009-11-20,FCE,0.0,29.0,True,True,58.0,58.0
2009-11-23,CT,0.0,42.0,True,True,84.0,84.0
2009-11-25,NG,0.0,-13.0,True,True,26.0,26.0
2009-11-26,CGB,0.0,47.0,True,True,94.0,94.0
2009-11-27,HTW,0.0,21.0,True,True,42.0,42.0
2009-11-27,LLG,0.0,32.0,True,True,64.0,64.0
2009-11-30,ZT,0.0,128.0,True,True,256.0,256.0
2009-11-30,ZF,0.0,80.0,True,True,160.0,160.0
2009-11-30,ZN,0.0,50.0,True,True,100.0,100.0
2009-11-30,ZB,0.0,28.0,True,True,56.0,56.0
2009-11-30,BRN,0.0,1.0,True,True,2.0,2.0
2009-11-30,HO,0.0,-12.0,True,True,24.0,24.0
2009-11-30,RB,0.0,11.0,True,True,22.0,22.0
2009-11-30,GC,0.0,20.0,True,True,40.0,40.0
2009-11-30,HG,0.0,3.0,True,True,6.0,6.0
2009-11-30,PA,0.0,41.0,True,True,82.0,82.0
2009-11-30,SI,0.0,13.0,True,True,26.0,26.0
2009-11-30,KE,0.0,-38.0,True,True,76.0,76.0
2009-11-30,ZC,0.0,-7.0,True,True,14.0,14.0
2009-11-30,ZL,0.0,58.0,True,True,116.0,116.0
2009-11-30,ZM,0.0,33.0,True,True,66.0,66.0
2009-11-30,ZW,0.0,-33.0,True,True,66.0,66.0
2009-12-01,EMD,2.0,24.0,False,False,2.0,2.0
2009-12-01,ES,2.0,36.0,False,False,2.0,2.0
2009-12-01,FCE,2.0,31.0,False,False,2.0,2.0
2009-12-01,FDAX,1.0,8.0,False,False,1.0,1.0
2009-12-01,FESX,2.0,40.0,False,False,2.0,2.0
2009-12-01,FSMI,3.0,41.0,False,False,3.0,3.0
2009-12-01,HTW,2.0,23.0,False,False,2.0,2.0
2009-12-01,LFT,2.0,26.0,False,False,2.0,2.0
2009-12-01,NKD,37.0,37.0,False,False,37.0,37.0
2009-12-01,NQ,4.0,59.0,False,False,4.0,4.0
2009-12-01,RTY,-10.0,38.0,False,False,10.0,10.0
2009-12-01,SNK,3.0,37.0,False,False,3.0,3.0
2009-12-01,SXF,1.0,17.0,False,False,1.0,1.0
2009-12-01,YAP,-6.0,17.0,False,False,6.0,6.0
2009-12-01,YM,3.0,46.0,False,False,3.0,3.0
2009-12-01,CGB,3.0,50.0,False,False,3.0,3.0
2009-12-01,FGBL,3.0,46.0,False,False,3.0,3.0
2009-12-01,FGBM,6.0,81.0,False,False,6.0,6.0
2009-12-01,FGBS,16.0,227.0,False,False,16.0,16.0
2009-12-01,FGBX,3.0,31.0,False,False,3.0,3.0
2009-12-01,LLG,2.0,34.0,False,False,2.0,2.0
2009-12-01,SJB,7.0,104.0,False,False,7.0,7.0
2009-12-01,ZT,10.0,138.0,False,False,10.0,10.0
2009-12-01,ZF,-28.0,52.0,False,False,28.0,28.0
2009-12-01,ZN,-24.0,26.0,False,False,24.0,24.0
2009-12-01,ZB,-38.0,-10.0,False,False,38.0,38.0
2009-12-01,6A,5.0,13.0,False,False,5.0,5.0
2009-12-01,6B,2.0,4.0,False,False,2.0,2.0
2009-12-01,6C,1.0,11.0,False,False,1.0,1.0
2009-12-01,6E,1.0,7.0,False,False,1.0,1.0
2009-12-01,6J,2.0,29.0,False,False,2.0,2.0
2009-12-01,6M,5.0,70.0,False,False,5.0,5.0
2009-12-01,6N,6.0,13.0,False,False,6.0,6.0
2009-12-01,6S,-22.0,12.0,False,False,22.0,22.0
2009-12-01,BRN,3.0,4.0,False,False,3.0,3.0
2009-12-01,GAS,20.0,1.0,False,False,20.0,20.0
2009-12-01,HO,12.0,0.0,False,False,12.0,12.0
2009-12-01,NG,-1.0,-14.0,False,False,1.0,1.0
2009-12-01,RB,1.0,12.0,False,False,1.0,1.0
2009-12-01,GC,2.0,22.0,False,False,2.0,2.0
2009-12-01,HG,-1.0,2.0,False,False,1.0,1.0
2009-12-01,PA,-9.0,32.0,False,False,9.0,9.0
2009-12-01,SI,1.0,14.0,False,False,1.0,1.0
2009-12-01,CC,2.0,28.0,False,False,2.0,2.0
2009-12-01,CT,3.0,45.0,False,False,3.0,3.0
2009-12-01,GF,6.0,83.0,False,False,6.0,6.0
2009-12-01,HE,-5.0,-66.0,False,False,5.0,5.0
2009-12-01,KC,19.0,22.0,False,False,19.0,19.0
2009-12-01,KE,10.0,-28.0,False,False,10.0,10.0
2009-12-01,LE,-15.0,-23.0,False,False,15.0,15.0
2009-12-01,RS,251.0,251.0,False,False,251.0,251.0
2009-12-01,SB,12.0,38.0,False,False,12.0,12.0
2009-12-01,ZC,58.0,51.0,False,False,58.0,58.0
2009-12-01,ZL,4.0,62.0,False,False,4.0,4.0
2009-12-01,ZM,2.0,35.0,False,False,2.0,2.0
2009-12-01,ZS,2.0,25.0,False,False,2.0,2.0
2009-12-01,ZW,-3.0,-36.0,False,False,3.0,3.0
2009-12-07,LE,0.0,-23.0,True,True,46.0,46.0
2009-12-08,FGBL,0.0,46.0,True,True,92.0,92.0
2009-12-08,FGBM,0.0,81.0,True,True,162.0,162.0
2009-12-08,FGBS,0.0,227.0,True,True,454.0,454.0
2009-12-08,FGBX,0.0,31.0,True,True,62.0,62.0
2009-12-09,SJB,0.0,104.0,True,True,208.0,208.0
2009-12-10,NKD,0.0,37.0,True,True,74.0,74.0
2009-12-10,SNK,0.0,37.0,True,True,74.0,74.0
2009-12-10,GAS,0.0,1.0,True,True,2.0,2.0
2009-12-14,6A,0.0,13.0,True,True,26.0,26.0
2009-12-14,6B,0.0,4.0,True,True,8.0,8.0
2009-12-14,6E,0.0,7.0,True,True,14.0,14.0
2009-12-14,6J,0.0,29.0,True,True,58.0,58.0
2009-12-14,6M,0.0,70.0,True,True,140.0,140.0
2009-12-14,6N,0.0,13.0,True,True,26.0,26.0
2009-12-14,6S,0.0,12.0,True,True,24.0,24.0
2009-12-14,HE,0.0,-66.0,True,True,132.0,132.0
2009-12-15,6C,0.0,11.0,True,True,22.0,22.0
2009-12-16,SXF,0.0,17.0,True,True,34.0,34.0
2009-12-17,ES,0.0,36.0,True,True,72.0,72.0
2009-12-17,YAP,0.0,17.0,True,True,34.0,34.0
2009-12-17,YM,0.0,46.0,True,True,92.0,92.0
2009-12-18,EMD,0.0,24.0,True,True,48.0,48.0
2009-12-18,FCE,0.0,31.0,True,True,62.0,62.0
2009-12-18,FDAX,0.0,8.0,True,True,16.0,16.0
2009-12-18,FESX,0.0,40.0,True,True,80.0,80.0
2009-12-18,FSMI,0.0,41.0,True,True,82.0,82.0
2009-12-18,LFT,0.0,26.0,True,True,52.0,52.0
2009-12-18,NQ,0.0,59.0,True,True,118.0,118.0
2009-12-18,RTY,0.0,38.0,True,True,76.0,76.0
2009-12-29,NG,0.0,-14.0,True,True,28.0,28.0
2009-12-30,HTW,0.0,23.0,True,True,46.0,46.0
2009-12-31,BRN,0.0,4.0,True,True,8.0,8.0
2009-12-31,RB,0.0,12.0,True,True,24.0,24.0
2009-12-31,PL,0.0,7.0,True,True,14.0,14.0
2009-12-31,RS,0.0,251.0,True,True,502.0,502.0
2009-12-31,ZL,0.0,62.0,True,True,124.0,124.0
2009-12-31,ZM,0.0,35.0,True,True,70.0,70.0
2009-12-31,ZS,0.0,25.0,True,True,50.0,50.0
2010-01-04,EMD,9.0,33.0,False,False,9.0,9.0
2010-01-04,ES,14.0,50.0,False,False,14.0,14.0
2010-01-04,FCE,-1.0,30.0,False,False,1.0,1.0
2010-01-04,HTW,13.0,36.0,False,False,13.0,13.0
2010-01-04,LFT,-1.0,25.0,False,False,1.0,1.0
2010-01-04,SNK,-1.0,36.0,False,False,1.0,1.0
2010-01-04,CGB,-50.0,0.0,False,False,50.0,50.0
2010-01-04,FGBL,-46.0,0.0,False,False,46.0,46.0
2010-01-04,FGBM,-1.0,80.0,False,False,1.0,1.0
2010-01-04,FGBS,-1.0,226.0,False,False,1.0,1.0
2010-01-04,FGBX,-1.0,30.0,False,False,1.0,1.0
2010-01-04,LLG,-34.0,0.0,False,False,34.0,34.0
2010-01-04,SJB,-1.0,103.0,False,False,1.0,1.0
2010-01-04,ZT,-1.0,137.0,False,False,1.0,1.0
2010-01-04,ZF,-110.0,-58.0,False,False,110.0,110.0
2010-01-04,ZN,-68.0,-42.0,False,False,68.0,68.0
2010-01-04,ZB,-3.0,-13.0,False,False,3.0,3.0
2010-01-04,6B,-4.0,0.0,False,False,4.0,4.0
2010-01-04,6E,-3.0,4.0,False,False,3.0,3.0
2010-01-04,6J,-29.0,0.0,False,False,29.0,29.0
2010-01-04,6M,-52.0,18.0,False,False,52.0,52.0
2010-01-04,6N,-8.0,5.0,False,False,8.0,8.0
2010-01-04,6S,18.0,30.0,False,False,18.0,18.0
2010-01-04,BRN,12.0,16.0,False,False,12.0,12.0
2010-01-04,GAS,-1.0,0.0,False,False,1.0,1.0
2010-01-04,GC,-7.0,15.0,False,False,7.0,7.0
2010-01-04,PA,-14.0,18.0,False,False,14.0,14.0
2010-01-04,PL,11.0,18.0,False,False,11.0,11.0
2010-01-04,GF,-89.0,-6.0,False,False,89.0,89.0
2010-01-04,HE,1.0,-65.0,False,False,1.0,1.0
2010-01-04,LE,-14.0,-37.0,False,False,14.0,14.0
2010-01-04,RS,-251.0,0.0,False,False,251.0,251.0
2010-01-04,SB,-1.0,37.0,False,False,1.0,1.0
2010-01-04,ZC,-1.0,50.0,False,False,1.0,1.0
2010-01-15,FCE,0.0,30.0,True,True,60.0,60.0
2010-01-27,NG,0.0,-14.0,True,True,28.0,28.0
2010-01-28,HTW,0.0,36.0,True,True,72.0,72.0
2010-01-28,GF,0.0,-6.0,True,True,12.0,12.0
2010-01-29,BRN,0.0,16.0,True,True,32.0,32.0
2010-01-29,RB,0.0,12.0,True,True,24.0,24.0
2010-01-29,GC,0.0,15.0,True,True,30.0,30.0
2010-02-01,EMD,-1.0,32.0,False,False,1.0,1.0
2010-02-01,ES,-2.0,48.0,False,False,2.0,2.0
2010-02-01,FCE,-1.0,29.0,False,False,1.0,1.0
2010-02-01,FESX,-1.0,39.0,False,False,1.0,1.0
2010-02-01,FSMI,-2.0,39.0,False,False,2.0,2.0
2010-02-01,HTW,-20.0,16.0,False,False,20.0,20.0
2010-02-01,LFT,-1.0,24.0,False,False,1.0,1.0
2010-02-01,NKD,-2.0,35.0,False,False,2.0,2.0
2010-02-01,NQ,-2.0,57.0,False,False,2.0,2.0
2010-02-01,RTY,-2.0,36.0,False,False,2.0,2.0
2010-02-01,SNK,-10.0,26.0,False,False,10.0,10.0
2010-02-01,SXF,-1.0,16.0,False,False,1.0,1.0
2010-02-01,YM,-2.0,44.0,False,False,2.0,2.0
2010-02-01,CGB,57.0,57.0,False,False,57.0,57.0
2010-02-01,FGBL,45.0,45.0,False,False,45.0,45.0
2010-02-01,FGBM,-3.0,77.0,False,False,3.0,3.0
2010-02-01,FGBS,-9.0,217.0,False,False,9.0,9.0
2010-02-01,FGBX,-1.0,29.0,False,False,1.0,1.0
2010-02-01,LLG,26.0,26.0,False,False,26.0,26.0
2010-02-01,SJB,-4.0,99.0,False,False,4.0,4.0
2010-02-01,ZT,-5.0,132.0,False,False,5.0,5.0
2010-02-01,ZF,133.0,75.0,False,False,133.0,133.0
2010-02-01,ZN,81.0,39.0,False,False,81.0,81.0
2010-02-01,ZB,1.0,-12.0,False,False,1.0,1.0
2010-02-01,6A,-4.0,9.0,False,False,4.0,4.0
2010-02-01,6C,-7.0,4.0,False,False,7.0,7.0
2010-02-01,6E,-2.0,2.0,False,False,2.0,2.0
2010-02-01,6M,8.0,26.0,False,False,8.0,8.0
2010-02-01,6N,-5.0,0.0,False,False,5.0,5.0
2010-02-01,6S,-1.0,29.0,False,False,1.0,1.0
2010-02-01,BRN,-1.0,15.0,False,False,1.0,1.0
2010-02-01,CL,15.0,15.0,False,False,15.0,15.0
2010-02-01,NG,4.0,-10.0,False,False,4.0,4.0
2010-02-01,RB,-1.0,11.0,False,False,1.0,1.0
2010-02-01,GC,-1.0,14.0,False,False,1.0,1.0
2010-02-01,HG,1.0,3.0,False,False,1.0,1.0
2010-02-01,PA,-1.0,17.0,False,False,1.0,1.0
2010-02-01,PL,-1.0,17.0,False,False,1.0,1.0
2010-02-01,SI,-1.0,13.0,False,False,1.0,1.0
2010-02-01,CC,-16.0,12.0,False,False,16.0,16.0
2010-02-01,CT,-2.0,43.0,False,False,2.0,2.0
2010-02-01,GF,-40.0,-46.0,False,False,40.0,40.0
2010-02-01,HE,2.0,-63.0,False,False,2.0,2.0
2010-02-01,KC,-9.0,13.0,False,False,9.0,9.0
2010-02-01,KE,-10.0,-38.0,False,False,10.0,10.0
2010-02-01,LE,27.0,-10.0,False,False,27.0,27.0
2010-02-01,SB,-1.0,36.0,False,False,1.0,1.0
2010-02-01,ZC,-50.0,0.0,False,False,50.0,50.0
2010-02-01,ZL,-3.0,59.0,False,False,3.0,3.0
2010-02-01,ZM,-2.0,33.0,False,False,2.0,2.0
2010-02-01,ZS,-1.0,24.0,False,False,1.0,1.0
2010-02-01,ZW,2.0,-34.0,False,False,2.0,2.0
2010-02-08,LE,0.0,-10.0,True,True,20.0,20.0
2010-02-12,CC,0.0,12.0,True,True,24.0,24.0
2010-02-12,HE,0.0,-63.0,True,True,126.0,126.0
2010-02-18,KC,0.0,13.0,True,True,26.0,26.0
2010-02-19,FCE,0.0,29.0,True,True,58.0,58.0
2010-02-22,CL,0.0,15.0,True,True,30.0,30.0
2010-02-22,CT,0.0,43.0,True,True,86.0,86.0
2010-02-24,CGB,0.0,57.0,True,True,114.0,114.0
2010-02-24,NG,0.0,-10.0,True,True,20.0,20.0
2010-02-25,HTW,0.0,16.0,True,True,32.0,32.0
2010-02-25,LLG,0.0,26.0,True,True,52.0,52.0
2010-02-26,ZT,0.0,132.0,True,True,264.0,264.0
2010-02-26,ZF,0.0,75.0,True,True,150.0,150.0
2010-02-26,ZN,0.0,39.0,True,True,78.0,78.0
2010-02-26,ZB,0.0,-12.0,True,True,24.0,24.0
2010-02-26,BRN,0.0,15.0,True,True,30.0,30.0
2010-02-26,RB,0.0,11.0,True,True,22.0,22.0
2010-02-26,HG,0.0,3.0,True,True,6.0,6.0
2010-02-26,PA,0.0,17.0,True,True,34.0,34.0
2010-02-26,SI,0.0,13.0,True,True,26.0,26.0
2010-02-26,KE,0.0,-38.0,True,True,76.0,76.0
2010-02-26,SB,0.0,36.0,True,True,72.0,72.0
2010-02-26,ZL,0.0,59.0,True,True,118.0,118.0
2010-02-26,ZM,0.0,33.0,True,True,66.0,66.0
2010-02-26,ZS,0.0,24.0,True,True,48.0,48.0
2010-02-26,ZW,0.0,-34.0,True,True,68.0,68.0
2010-03-01,EMD,1.0,33.0,False,False,1.0,1.0
2010-03-01,ES,-12.0,36.0,False,False,12.0,12.0
2010-03-01,FCE,1.0,30.0,False,False,1.0,1.0
2010-03-01,FESX,1.0,40.0,False,False,1.0,1.0
2010-03-01,FSMI,1.0,40.0,False,False,1.0,1.0
2010-03-01,HTW,37.0,53.0,False,False,37.0,37.0
2010-03-01,LFT,1.0,25.0,False,False,1.0,1.0
2010-03-01,NKD,-9.0,26.0,False,False,9.0,9.0
2010-03-01,NQ,2.0,59.0,False,False,2.0,2.0
2010-03-01,RTY,18.0,54.0,False,False,18.0,18.0
2010-03-01,SNK,1.0,27.0,False,False,1.0,1.0
2010-03-01,SXF,1.0,17.0,False,False,1.0,1.0
2010-03-01,YM,2.0,46.0,False,False,2.0,2.0
2010-03-01,CGB,-57.0,0.0,False,False,57.0,57.0
2010-03-01,FGBL,-11.0,34.0,False,False,11.0,11.0
2010-03-01,FGBM,3.0,80.0,False,False,3.0,3.0
2010-03-01,FGBS,8.0,225.0,False,False,8.0,8.0
2010-03-01,FGBX,1.0,30.0,False,False,1.0,1.0
2010-03-01,LLG,-26.0,0.0,False,False,26.0,26.0
2010-03-01,SJB,4.0,103.0,False,False,4.0,4.0
2010-03-01,ZT,-55.0,77.0,False,False,55.0,55.0
2010-03-01,ZF,3.0,78.0,False,False,3.0,3.0
2010-03-01,ZN,-11.0,28.0,False,False,11.0,11.0
2010-03-01,ZB,-1.0,-13.0,False,False,1.0,1.0
2010-03-01,6A,14.0,23.0,False,False,14.0,14.0
2010-03-01,6B,2.0,2.0,False,False,2.0,2.0
2010-03-01,6C,5.0,9.0,False,False,5.0,5.0
2010-03-01,6E,5.0,7.0,False,False,5.0,5.0
2010-03-01,6J,19.0,19.0,False,False,19.0,19.0
2010-03-01,6M,32.0,58.0,False,False,32.0,32.0
2010-03-01,6N,12.0,12.0,False,False,12.0,12.0
2010-03-01,6S,1.0,30.0,False,False,1.0,1.0
2010-03-01,BRN,1.0,16.0,False,False,1.0,1.0
2010-03-01,CL,1.0,16.0,False,False,1.0,1.0
2010-03-01,RB,-7.0,4.0,False,False,7.0,7.0
2010-03-01,GC,-3.0,11.0,False,False,3.0,3.0
2010-03-01,HG,1.0,4.0,False,False,1.0,1.0
2010-03-01,PA,-6.0,11.0,False,False,6.0,6.0
2010-03-01,PL,-5.0,12.0,False,False,5.0,5.0
2010-03-01,SI,-3.0,10.0,False,False,3.0,3.0
2010-03-01,CC,-12.0,0.0,False,False,12.0,12.0
2010-03-01,CT,-12.0,31.0,False,False,12.0,12.0
2010-03-01,GF,79.0,33.0,False,False,79.0,79.0
2010-03-01,HE,19.0,-44.0,False,False,19.0,19.0
2010-03-01,KC,10.0,23.0,False,False,10.0,10.0
2010-03-01,KE,11.0,-27.0,False,False,11.0,11.0
2010-03-01,LE,-8.0,-18.0,False,False,8.0,8.0
2010-03-01,RS,-52.0,-52.0,False,False,52.0,52.0
2010-03-01,SB,-15.0,21.0,False,False,15.0,15.0
2010-03-01,ZC,-6.0,-6.0,False,False,6.0,6.0
2010-03-01,ZL,2.0,61.0,False,False,2.0,2.0
2010-03-01,ZM,2.0,35.0,False,False,2.0,2.0
2010-03-01,ZS,1.0,25.0,False,False,1.0,1.0
2010-03-01,ZW,-1.0,-35.0,False,False,1.0,1.0
2010-03-08,FGBL,0.0,34.0,True,True,68.0,68.0
2010-03-08,FGBM,0.0,80.0,True,True,160.0,160.0
2010-03-08,FGBS,0.0,225.0,True,True,450.0,450.0
2010-03-08,FGBX,0.0,30.0,True,True,60.0,60.0
2010-03-10,SJB,0.0,103.0,True,True,206.0,206.0
2010-03-11,NKD,0.0,26.0,True,True,52.0,52.0
2010-03-11,SNK,0.0,27.0,True,True,54.0,54.0
2010-03-15,6A,0.0,23.0,True,True,46.0,46.0
2010-03-15,6B,0.0,2.0,True,True,4.0,4.0
2010-03-15,6E,0.0,7.0,True,True,14.0,14.0
2010-03-15,6J,0.0,19.0,True,True,38.0,38.0
2010-03-15,6M,0.0,58.0,True,True,116.0,116.0
2010-03-15,6N,0.0,12.0,True,True,24.0,24.0
2010-03-15,6S,0.0,30.0,True,True,60.0,60.0
2010-03-16,6C,0.0,9.0,True,True,18.0,18.0
2010-03-17,SXF,0.0,17.0,True,True,34.0,34.0
2010-03-18,ES,0.0,36.0,True,True,72.0,72.0
2010-03-18,YAP,0.0,17.0,True,True,34.0,34.0
2010-03-18,YM,0.0,46.0,True,True,92.0,92.0
2010-03-19,EMD,0.0,33.0,True,True,66.0,66.0
2010-03-19,FCE,0.0,30.0,True,True,60.0,60.0
2010-03-19,FDAX,0.0,8.0,True,True,16.0,16.0
2010-03-19,FESX,0.0,40.0,True,True,80.0,80.0
2010-03-19,FSMI,0.0,40.0,True,True,80.0,80.0
2010-03-19,LFT,0.0,25.0,True,True,50.0,50.0
2010-03-19,NQ,0.0,59.0,True,True,118.0,118.0
2010-03-19,RTY,0.0,54.0,True,True,108.0,108.0
2010-03-22,CL,0.0,16.0,True,True,32.0,32.0
2010-03-25,GF,0.0,33.0,True,True,66.0,66.0
2010-03-29,NG,0.0,-10.0,True,True,20.0,20.0
2010-03-30,HTW,0.0,53.0,True,True,106.0,106.0
2010-03-31,BRN,0.0,16.0,True,True,32.0,32.0
2010-03-31,RB,0.0,4.0,True,True,8.0,8.0
2010-03-31,GC,0.0,11.0,True,True,22.0,22.0
2010-03-31,PL,0.0,12.0,True,True,24.0,24.0
2010-04-01,EMD,1.0,34.0,False,False,1.0,1.0
2010-04-01,ES,21.0,57.0,False,False,21.0,21.0
2010-04-01,FCE,2.0,32.0,False,False,2.0,2.0
2010-04-01,FDAX,5.0,13.0,False,False,5.0,5.0
2010-04-01,FESX,2.0,42.0,False,False,2.0,2.0
2010-04-01,FSMI,2.0,42.0,False,False,2.0,2.0
2010-04-01,HTW,2.0,55.0,False,False,2.0,2.0
2010-04-01,LFT,2.0,27.0,False,False,2.0,2.0
2010-04-01,NKD,17.0,43.0,False,False,17.0,17.0
2010-04-01,NQ,2.0,61.0,False,False,2.0,2.0
2010-04-01,RTY,2.0,56.0,False,False,2.0,2.0
2010-04-01,SNK,1.0,28.0,False,False,1.0,1.0
2010-04-01,SXF,6.0,23.0,False,False,6.0,6.0
2010-04-01,YAP,7.0,24.0,False,False,7.0,7.0
2010-04-01,YM,21.0,67.0,False,False,21.0,21.0
2010-04-01,FGBL,22.0,56.0,False,False,22.0,22.0
2010-04-01,FGBM,4.0,84.0,False,False,4.0,4.0
2010-04-01,FGBS,11.0,236.0,False,False,11.0,11.0
2010-04-01,FGBX,2.0,32.0,False,False,2.0,2.0
2010-04-01,SJB,5.0,108.0,False,False,5.0,5.0
2010-04-01,ZT,55.0,132.0,False,False,55.0,55.0
2010-04-01,ZF,3.0,81.0,False,False,3.0,3.0
2010-04-01,ZN,-86.0,-58.0,False,False,86.0,86.0
2010-04-01,6A,12.0,35.0,False,False,12.0,12.0
2010-04-01,6B,4.0,6.0,False,False,4.0,4.0
2010-04-01,6C,11.0,20.0,False,False,11.0,11.0
2010-04-01,6J,1.0,20.0,False,False,1.0,1.0
2010-04-01,6M,-42.0,16.0,False,False,42.0,42.0
2010-04-01,6N,-7.0,5.0,False,False,7.0,7.0
2010-04-01,6S,2.0,32.0,False,False,2.0,2.0
2010-04-01,BRN,1.0,17.0,False,False,1.0,1.0
2010-04-01,NG,-9.0,-19.0,False,False,9.0,9.0
2010-04-01,RB,6.0,10.0,False,False,6.0,6.0
2010-04-01,GC,8.0,19.0,False,False,8.0,8.0
2010-04-01,HG,-4.0,0.0,False,False,4.0,4.0
2010-04-01,PA,7.0,18.0,False,False,7.0,7.0
2010-04-01,PL,-4.0,8.0,False,False,4.0,4.0
2010-04-01,SI,5.0,15.0,False,False,5.0,5.0
2010-04-01,CT,2.0,33.0,False,False,2.0,2.0
2010-04-01,GF,1.0,34.0,False,False,1.0,1.0
2010-04-01,HE,-19.0,-63.0,False,False,19.0,19.0
2010-04-01,KC,1.0,24.0,False,False,1.0,1.0
2010-04-01,KE,-16.0,-43.0,False,False,16.0,16.0
2010-04-01,LE,-31.0,-49.0,False,False,31.0,31.0
2010-04-01,RS,18.0,-34.0,False,False,18.0,18.0
2010-04-01,SB,1.0,22.0,False,False,1.0,1.0
2010-04-01,ZC,6.0,0.0,False,False,6.0,6.0
2010-04-01,ZL,-68.0,-7.0,False,False,68.0,68.0
2010-04-01,ZM,1.0,36.0,False,False,1.0,1.0
2010-04-01,ZS,1.0,26.0,False,False,1.0,1.0
2010-04-01,ZW,-2.0,-37.0,False,False,2.0,2.0
2010-04-05,LE,0.0,-49.0,True,True,98.0,98.0
2010-04-15,HE,0.0,-63.0,True,True,126.0,126.0
2010-04-16,FCE,0.0,32.0,True,True,64.0,64.0
2010-04-20,CL,0.0,16.0,True,True,32.0,32.0
2010-04-22,KC,0.0,24.0,True,True,48.0,48.0
2010-04-26,CT,0.0,33.0,True,True,66.0,66.0
2010-04-28,NG,0.0,-19.0,True,True,38.0,38.0
2010-04-29,HTW,0.0,55.0,True,True,110.0,110.0
2010-04-29,GF,0.0,34.0,True,True,68.0,68.0
2010-04-30,BRN,0.0,17.0,True,True,34.0,34.0
2010-04-30,RB,0.0,10.0,True,True,20.0,20.0
2010-04-30,SI,0.0,15.0,True,True,30.0,30.0
2010-04-30,KE,0.0,-43.0,True,True,86.0,86.0
2010-04-30,RS,0.0,-34.0,True,True,68.0,68.0
2010-04-30,SB,0.0,22.0,True,True,44.0,44.0
2010-04-30,ZL,0.0,-7.0,True,True,14.0,14.0
2010-04-30,ZM,0.0,36.0,True,True,72.0,72.0
2010-04-30,ZS,0.0,26.0,True,True,52.0,52.0
2010-04-30,ZW,0.0,-37.0,True,True,74.0,74.0
2010-05-03,EMD,-16.0,18.0,False,False,16.0,16.0
2010-05-03,ES,-22.0,35.0,False,False,22.0,22.0
2010-05-03,FDAX,-4.0,9.0,False,False,4.0,4.0
2010-05-03,FESX,1.0,43.0,False,False,1.0,1.0
2010-05-03,FSMI,-11.0,31.0,False,False,11.0,11.0
2010-05-03,HTW,1.0,56.0,False,False,1.0,1.0
2010-05-03,NKD,-14.0,29.0,False,False,14.0,14.0
2010-05-03,NQ,2.0,63.0,False,False,2.0,2.0
2010-05-03,RTY,-14.0,42.0,False,False,14.0,14.0
2010-05-03,SXF,1.0,24.0,False,False,1.0,1.0
2010-05-03,YAP,1.0,25.0,False,False,1.0,1.0
2010-05-03,YM,-20.0,47.0,False,False,20.0,20.0
2010-05-03,FGBL,2.0,58.0,False,False,2.0,2.0
2010-05-03,FGBM,1.0,85.0,False,False,1.0,1.0
2010-05-03,FGBS,5.0,241.0,False,False,5.0,5.0
2010-05-03,ZT,-36.0,96.0,False,False,36.0,36.0
2010-05-03,ZF,-22.0,59.0,False,False,22.0,22.0
2010-05-03,ZN,81.0,23.0,False,False,81.0,81.0
2010-05-03,ZB,40.0,27.0,False,False,40.0,40.0
2010-05-03,6A,1.0,36.0,False,False,1.0,1.0
2010-05-03,6B,-6.0,0.0,False,False,6.0,6.0
2010-05-03,6C,-7.0,13.0,False,False,7.0,7.0
2010-05-03,6E,-27.0,-20.0,False,False,27.0,27.0
2010-05-03,6J,1.0,21.0,False,False,1.0,1.0
2010-05-03,6M,9.0,25.0,False,False,9.0,9.0
2010-05-03,6N,-5.0,0.0,False,False,5.0,5.0
2010-05-03,CL,1.0,17.0,False,False,1.0,1.0
2010-05-03,GAS,11.0,11.0,False,False,11.0,11.0
2010-05-03,NG,5.0,-14.0,False,False,5.0,5.0
2010-05-03,PA,1.0,19.0,False,False,1.0,1.0
2010-05-03,PL,-3.0,5.0,False,False,3.0,3.0
2010-05-03,CC,10.0,10.0,False,False,10.0,10.0
2010-05-03,CT,-10.0,23.0,False,False,10.0,10.0
2010-05-03,GF,-15.0,19.0,False,False,15.0,15.0
2010-05-03,HE,87.0,24.0,False,False,87.0,87.0
2010-05-03,KC,-27.0,-3.0,False,False,27.0,27.0
2010-05-03,KE,19.0,-24.0,False,False,19.0,19.0
2010-05-03,LE,112.0,63.0,False,False,112.0,112.0
2010-05-03,RS,-279.0,-313.0,False,False,279.0,279.0
2010-05-03,SB,-30.0,-8.0,False,False,30.0,30.0
2010-05-03,ZC,-9.0,-9.0,False,False,9.0,9.0
2010-05-03,ZL,-30.0,-37.0,False,False,30.0,30.0
2010-05-03,ZM,1.0,37.0,False,False,1.0,1.0
2010-05-03,ZW,-1.0,-38.0,False,False,1.0,1.0
2010-05-04,LLG,30.0,30.0,False,False,30.0,30.0
2010-05-06,SNK,1.0,29.0,False,False,1.0,1.0
2010-05-06,SJB,2.0,110.0,False,False,2.0,2.0
2010-05-12,GAS,0.0,11.0,True,True,22.0,22.0
2010-05-20,CL,0.0,17.0,True,True,34.0,34.0
2010-05-21,FCE,0.0,32.0,True,True,64.0,64.0
2010-05-26,NG,0.0,-14.0,True,True,28.0,28.0
2010-05-27,LLG,0.0,30.0,True,True,60.0,60.0
2010-05-27,GF,0.0,19.0,True,True,38.0,38.0
2010-05-28,HTW,0.0,56.0,True,True,112.0,112.0
2010-05-28,ZT,0.0,96.0,True,True,192.0,192.0
2010-05-28,ZF,0.0,59.0,True,True,118.0,118.0
2010-05-28,ZN,0.0,23.0,True,True,46.0,46.0
2010-05-28,ZB,0.0,27.0,True,True,54.0,54.0
2010-05-28,RB,0.0,10.0,True,True,20.0,20.0
2010-05-28,GC,0.0,19.0,True,True,38.0,38.0
2010-05-28,PA,0.0,19.0,True,True,38.0,38.0
2010-05-31,BRN,0.0,17.0,True,True,34.0,34.0
2010-06-01,EMD,-13.0,5.0,False,False,13.0,13.0
2010-06-01,ES,-25.0,10.0,False,False,25.0,25.0
2010-06-01,FCE,-24.0,8.0,False,False,24.0,24.0
2010-06-01,FDAX,-7.0,2.0,False,False,7.0,7.0
2010-06-01,FESX,-33.0,10.0,False,False,33.0,33.0
2010-06-01,FSMI,-20.0,11.0,False,False,20.0,20.0
2010-06-01,HTW,-22.0,34.0,False,False,22.0,22.0
2010-06-01,LFT,-19.0,8.0,False,False,19.0,19.0
2010-06-01,NKD,-32.0,-3.0,False,False,32.0,32.0
2010-06-01,NQ,-53.0,10.0,False,False,53.0,53.0
2010-06-01,RTY,-28.0,14.0,False,False,28.0,28.0
2010-06-01,SNK,-36.0,-7.0,False,False,36.0,36.0
2010-06-01,SXF,-15.0,9.0,False,False,15.0,15.0
2010-06-01,YAP,-18.0,7.0,False,False,18.0,18.0
2010-06-01,YM,-34.0,13.0,False,False,34.0,34.0
2010-06-01,CGB,21.0,21.0,False,False,21.0,21.0
2010-06-01,FGBL,-44.0,14.0,False,False,44.0,44.0
2010-06-01,FGBM,-58.0,27.0,False,False,58.0,58.0
2010-06-01,FGBS,-125.0,116.0,False,False,125.0,125.0
2010-06-01,FGBX,-26.0,6.0,False,False,26.0,26.0
2010-06-01,LLG,-12.0,18.0,False,False,12.0,12.0
2010-06-01,SJB,-67.0,43.0,False,False,67.0,67.0
2010-06-01,YXT,33.0,33.0,False,False,33.0,33.0
2010-06-01,YYT,71.0,71.0,False,False,71.0,71.0
2010-06-01,ZT,-48.0,48.0,False,False,48.0,48.0
2010-06-01,ZF,-25.0,34.0,False,False,25.0,25.0
2010-06-01,ZN,-14.0,9.0,False,False,14.0,14.0
2010-06-01,ZB,-21.0,6.0,False,False,21.0,21.0
2010-06-01,6A,-23.0,13.0,False,False,23.0,23.0
2010-06-01,6B,-19.0,-19.0,False,False,19.0,19.0
2010-06-01,6C,-1.0,12.0,False,False,1.0,1.0
2010-06-01,6E,12.0,-8.0,False,False,12.0,12.0
2010-06-01,6J,-17.0,4.0,False,False,17.0,17.0
2010-06-01,6M,-1.0,24.0,False,False,1.0,1.0
2010-06-01,6N,17.0,17.0,False,False,17.0,17.0
2010-06-01,6S,-38.0,-6.0,False,False,38.0,38.0
2010-06-01,BRN,-20.0,-3.0,False,False,20.0,20.0
2010-06-01,CL,-22.0,-5.0,False,False,22.0,22.0
2010-06-01,GAS,-20.0,-9.0,False,False,20.0,20.0
2010-06-01,HO,-7.0,-7.0,False,False,7.0,7.0
2010-06-01,NG,1.0,-13.0,False,False,1.0,1.0
2010-06-01,RB,-17.0,-7.0,False,False,17.0,17.0
2010-06-01,GC,-9.0,10.0,False,False,9.0,9.0
2010-06-01,PA,-15.0,4.0,False,False,15.0,15.0
2010-06-01,SI,-9.0,6.0,False,False,9.0,9.0
2010-06-01,CC,-5.0,5.0,False,False,5.0,5.0
2010-06-01,CT,-23.0,0.0,False,False,23.0,23.0
2010-06-01,GF,-1.0,18.0,False,False,1.0,1.0
2010-06-01,HE,-8.0,16.0,False,False,8.0,8.0
2010-06-01,KC,-16.0,-19.0,False,False,16.0,16.0
2010-06-01,KE,9.0,-15.0,False,False,9.0,9.0
2010-06-01,LE,-33.0,30.0,False,False,33.0,33.0
2010-06-01,RS,100.0,-213.0,False,False,100.0,100.0
2010-06-01,SB,5.0,-3.0,False,False,5.0,5.0
2010-06-01,ZC,9.0,0.0,False,False,9.0,9.0
2010-06-01,ZL,2.0,-35.0,False,False,2.0,2.0
2010-06-01,ZM,-1.0,36.0,False,False,1.0,1.0
2010-06-01,ZS,-26.0,0.0,False,False,26.0,26.0
2010-06-01,ZW,1.0,-37.0,False,False,1.0,1.0
2010-06-07,LE,0.0,30.0,True,True,60.0,60.0
2010-06-08,FGBL,0.0,14.0,True,True,28.0,28.0
2010-06-08,FGBM,0.0,27.0,True,True,54.0,54.0
2010-06-08,FGBS,0.0,116.0,True,True,232.0,232.0
2010-06-08,FGBX,0.0,6.0,True,True,12.0,12.0
2010-06-09,SJB,0.0,43.0,True,True,86.0,86.0
2010-06-10,NKD,0.0,-3.0,True,True,6.0,6.0
2010-06-10,SNK,0.0,-7.0,True,True,14.0,14.0
2010-06-10,GAS,0.0,-9.0,True,True,18.0,18.0
2010-06-14,6A,0.0,13.0,True,True,26.0,26.0
2010-06-14,6B,0.0,-19.0,True,True,38.0,38.0
2010-06-14,6E,0.0,-8.0,True,True,16.0,16.0
2010-06-14,6J,0.0,4.0,True,True,8.0,8.0
2010-06-14,6M,0.0,24.0,True,True,48.0,48.0
2010-06-14,6N,0.0,17.0,True,True,34.0,34.0
2010-06-14,6S,0.0,-6.0,True,True,12.0,12.0
2010-06-14,HE,0.0,16.0,True,True,32.0,32.0
2010-06-15,YXT,0.0,33.0,True,True,66.0,66.0
2010-06-15,YYT,0.0,71.0,True,True,142.0,142.0
2010-06-15,6C,0.0,12.0,True,True,24.0,24.0
2010-06-16,SXF,0.0,9.0,True,True,18.0,18.0
2010-06-17,ES,0.0,10.0,True,True,20.0,20.0
2010-06-17,YAP,0.0,7.0,True,True,14.0,14.0
2010-06-17,YM,0.0,13.0,True,True,26.0,26.0
2010-06-17,CC,0.0,5.0,True,True,10.0,10.0
2010-06-18,EMD,0.0,5.0,True,True,10.0,10.0
2010-06-18,FCE,0.0,8.0,True,True,16.0,16.0
2010-06-18,FDAX,0.0,2.0,True,True,4.0,4.0
2010-06-18,FESX,0.0,10.0,True,True,20.0,20.0
2010-06-18,FSMI,0.0,11.0,True,True,22.0,22.0
2010-06-18,LFT,0.0,8.0,True,True,16.0,16.0
2010-06-18,NQ,0.0,10.0,True,True,20.0,20.0
2010-06-18,RTY,0.0,14.0,True,True,28.0,28.0
2010-06-22,CL,0.0,-5.0,True,True,10.0,10.0
2010-06-22,KC,0.0,-19.0,True,True,38.0,38.0
2010-06-28,NG,0.0,-13.0,True,True,26.0,26.0
2010-06-29,HTW,0.0,34.0,True,True,68.0,68.0
2010-06-30,BRN,0.0,-3.0,True,True,6.0,6.0
2010-06-30,HO,0.0,-7.0,True,True,14.0,14.0
2010-06-30,RB,0.0,-7.0,True,True,14.0,14.0
2010-06-30,PL,0.0,5.0,True,True,10.0,10.0
2010-06-30,SI,0.0,6.0,True,True,12.0,12.0
2010-06-30,KE,0.0,-15.0,True,True,30.0,30.0
2010-06-30,RS,0.0,-213.0,True,True,426.0,426.0
2010-06-30,SB,0.0,-3.0,True,True,6.0,6.0
2010-06-30,ZL,0.0,-35.0,True,True,70.0,70.0
2010-06-30,ZM,0.0,36.0,True,True,72.0,72.0
2010-06-30,ZW,0.0,-37.0,True,True,74.0,74.0
2010-07-01,EMD,3.0,8.0,False,False,3.0,3.0
2010-07-01,ES,4.0,14.0,False,False,4.0,4.0
2010-07-01,FCE,7.0,15.0,False,False,7.0,7.0
2010-07-01,FDAX,3.0,5.0,False,False,3.0,3.0
2010-07-01,FESX,9.0,19.0,False,False,9.0,9.0
2010-07-01,FSMI,7.0,18.0,False,False,7.0,7.0
2010-07-01,HTW,28.0,62.0,False,False,28.0,28.0
2010-07-01,LFT,6.0,14.0,False,False,6.0,6.0
2010-07-01,NKD,-5.0,-8.0,False,False,5.0,5.0
2010-07-01,NQ,8.0,18.0,False,False,8.0,8.0
2010-07-01,RTY,7.0,21.0,False,False,7.0,7.0
2010-07-01,SNK,26.0,19.0,False,False,26.0,26.0
2010-07-01,YM,5.0,18.0,False,False,5.0,5.0
2010-07-01,FGBL,14.0,28.0,False,False,14.0,14.0
2010-07-01,FGBM,25.0,52.0,False,False,25.0,25.0
2010-07-01,FGBS,77.0,193.0,False,False,77.0,77.0
2010-07-01,FGBX,3.0,9.0,False,False,3.0,3.0
2010-07-01,LLG,14.0,32.0,False,False,14.0,14.0
2010-07-01,SJB,37.0,80.0,False,False,37.0,37.0
2010-07-01,YXT,26.0,59.0,False,False,26.0,26.0
2010-07-01,YYT,61.0,132.0,False,False,61.0,61.0
2010-07-01,ZT,58.0,106.0,False,False,58.0,58.0
2010-07-01,ZF,27.0,61.0,False,False,27.0,27.0
2010-07-01,ZN,10.0,19.0,False,False,10.0,10.0
2010-07-01,ZB,5.0,11.0,False,False,5.0,5.0
2010-07-01,6A,9.0,22.0,False,False,9.0,9.0
2010-07-01,6B,-12.0,-31.0,False,False,12.0,12.0
2010-07-01,6C,13.0,25.0,False,False,13.0,13.0
2010-07-01,6E,-10.0,-18.0,False,False,10.0,10.0
2010-07-01,6J,7.0,11.0,False,False,7.0,7.0
2010-07-01,6N,7.0,24.0,False,False,7.0,7.0
2010-07-01,6S,38.0,32.0,False,False,38.0,38.0
2010-07-01,BRN,18.0,15.0,False,False,18.0,18.0
2010-07-01,CL,17.0,12.0,False,False,17.0,17.0
2010-07-01,GAS,26.0,17.0,False,False,26.0,26.0
2010-07-01,HO,18.0,11.0,False,False,18.0,18.0
2010-07-01,RB,16.0,9.0,False,False,16.0,16.0
2010-07-01,GC,7.0,17.0,False,False,7.0,7.0
2010-07-01,PA,7.0,11.0,False,False,7.0,7.0
2010-07-01,PL,12.0,17.0,False,False,12.0,12.0
2010-07-01,SI,2.0,8.0,False,False,2.0,2.0
2010-07-01,CC,8.0,13.0,False,False,8.0,8.0
2010-07-01,CT,40.0,40.0,False,False,40.0,40.0
2010-07-01,GF,22.0,40.0,False,False,22.0,22.0
2010-07-01,HE,37.0,53.0,False,False,37.0,37.0
2010-07-01,KC,33.0,14.0,False,False,33.0,33.0
2010-07-01,KE,-36.0,-51.0,False,False,36.0,36.0
2010-07-01,LE,-51.0,-21.0,False,False,51.0,51.0
2010-07-01,SB,3.0,0.0,False,False,3.0,3.0
2010-07-01,ZC,-31.0,-31.0,False,False,31.0,31.0
2010-07-01,ZL,124.0,89.0,False,False,124.0,124.0
2010-07-01,ZM,18.0,54.0,False,False,18.0,18.0
2010-07-01,ZS,47.0,47.0,False,False,47.0,47.0
2010-07-01,ZW,1.0,-36.0,False,False,1.0,1.0
2010-07-02,CGB,14.0,35.0,False,False,14.0,14.0
2010-07-02,RS,64.0,-149.0,False,False,64.0,64.0
2010-07-12,GAS,0.0,17.0,True,True,34.0,34.0
2010-07-15,HE,0.0,53.0,True,True,106.0,106.0
2010-07-16,FCE,0.0,15.0,True,True,30.0,30.0
2010-07-20,CL,0.0,12.0,True,True,24.0,24.0
2010-07-28,NG,0.0,-13.0,True,True,26.0,26.0
2010-07-29,HTW,0.0,62.0,True,True,124.0,124.0
2010-07-30,BRN,0.0,15.0,True,True,30.0,30.0
2010-07-30,HO,0.0,11.0,True,True,22.0,22.0
2010-07-30,RB,0.0,9.0,True,True,18.0,18.0
2010-07-30,GC,0.0,17.0,True,True,34.0,34.0
2010-07-30,ZL,0.0,89.0,True,True,178.0,178.0
2010-07-30,ZM,0.0,54.0,True,True,108.0,108.0
2010-07-30,ZS,0.0,47.0,True,True,94.0,94.0
2010-08-02,EMD,6.0,14.0,False,False,6.0,6.0
2010-08-02,ES,9.0,23.0,False,False,9.0,9.0
2010-08-02,FCE,7.0,22.0,False,False,7.0,7.0
2010-08-02,FDAX,2.0,7.0,False,False,2.0,2.0
2010-08-02,FESX,12.0,31.0,False,False,12.0,12.0
2010-08-02,FSMI,10.0,28.0,False,False,10.0,10.0
2010-08-02,HTW,1.0,63.0,False,False,1.0,1.0
2010-08-02,NKD,-6.0,-14.0,False,False,6.0,6.0
2010-08-02,NQ,16.0,34.0,False,False,16.0,16.0
2010-08-02,RTY,1.0,22.0,False,False,1.0,1.0
2010-08-02,SNK,-33.0,-14.0,False,False,33.0,33.0
2010-08-02,YAP,3.0,10.0,False,False,3.0,3.0
2010-08-02,YM,9.0,27.0,False,False,9.0,9.0
2010-08-02,FGBL,15.0,43.0,False,False,15.0,15.0
2010-08-02,FGBM,1.0,53.0,False,False,1.0,1.0
2010-08-02,FGBS,4.0,197.0,False,False,4.0,4.0
2010-08-02,FGBX,6.0,15.0,False,False,6.0,6.0
2010-08-02,LLG,1.0,33.0,False,False,1.0,1.0
2010-08-02,SJB,2.0,82.0,False,False,2.0,2.0
2010-08-02,YXT,1.0,60.0,False,False,1.0,1.0
2010-08-02,YYT,3.0,135.0,False,False,3.0,3.0
2010-08-02,ZT,39.0,145.0,False,False,39.0,39.0
2010-08-02,ZF,2.0,63.0,False,False,2.0,2.0
2010-08-02,ZN,1.0,20.0,False,False,1.0,1.0
2010-08-02,ZB,1.0,12.0,False,False,1.0,1.0
2010-08-02,6B,-1.0,-32.0,False,False,1.0,1.0
2010-08-02,6C,1.0,26.0,False,False,1.0,1.0
2010-08-02,6J,4.0,15.0,False,False,4.0,4.0
2010-08-02,6M,1.0,25.0,False,False,1.0,1.0
2010-08-02,6N,1.0,25.0,False,False,1.0,1.0
2010-08-02,6S,1.0,33.0,False,False,1.0,1.0
2010-08-02,BRN,-21.0,-6.0,False,False,21.0,21.0
2010-08-02,CL,-23.0,-11.0,False,False,23.0,23.0
2010-08-02,GAS,-36.0,-19.0,False,False,36.0,36.0
2010-08-02,HO,-27.0,-16.0,False,False,27.0,27.0
2010-08-02,NG,-7.0,-20.0,False,False,7.0,7.0
2010-08-02,RB,-9.0,0.0,False,False,9.0,9.0
2010-08-02,GC,-4.0,13.0,False,False,4.0,4.0
2010-08-02,PA,6.0,17.0,False,False,6.0,6.0
2010-08-02,PL,7.0,24.0,False,False,7.0,7.0
2010-08-02,SI,4.0,12.0,False,False,4.0,4.0
2010-08-02,CC,1.0,14.0,False,False,1.0,1.0
2010-08-02,CT,1.0,41.0,False,False,1.0,1.0
2010-08-02,GF,1.0,41.0,False,False,1.0,1.0
2010-08-02,HE,1.0,54.0,False,False,1.0,1.0
2010-08-02,KC,-5.0,9.0,False,False,5.0,5.0
2010-08-02,KE,96.0,45.0,False,False,96.0,96.0
2010-08-02,LE,111.0,90.0,False,False,111.0,111.0
2010-08-02,ZC,94.0,63.0,False,False,94.0,94.0
2010-08-02,ZL,-184.0,-95.0,False,False,184.0,184.0
2010-08-02,ZM,1.0,55.0,False,False,1.0,1.0
2010-08-02,ZS,-27.0,20.0,False,False,27.0,27.0
2010-08-02,ZW,68.0,32.0,False,False,68.0,68.0
2010-08-03,SXF,5.0,14.0,False,False,5.0,5.0
2010-08-03,CGB,1.0,36.0,False,False,1.0,1.0
2010-08-03,RS,276.0,127.0,False,False,276.0,276.0
2010-08-09,LE,0.0,90.0,True,True,180.0,180.0
2010-08-12,GAS,0.0,-19.0,True,True,38.0,38.0
2010-08-13,HE,0.0,54.0,True,True,108.0,108.0
2010-08-18,CC,0.0,14.0,True,True,28.0,28.0
2010-08-20,FCE,0.0,22.0,True,True,44.0,44.0
2010-08-20,CL,0.0,-11.0,True,True,22.0,22.0
2010-08-23,KC,0.0,9.0,True,True,18.0,18.0
2010-08-26,GF,0.0,41.0,True,True,82.0,82.0
2010-08-27,CGB,0.0,36.0,True,True,72.0,72.0
2010-08-27,LLG,0.0,33.0,True,True,66.0,66.0
2010-08-27,NG,0.0,-20.0,True,True,40.0,40.0
2010-08-30,HTW,0.0,63.0,True,True,126.0,126.0
2010-08-31,ZT,0.0,145.0,True,True,290.0,290.0
2010-08-31,ZF,0.0,63.0,True,True,126.0,126.0
2010-08-31,ZN,0.0,20.0,True,True,40.0,40.0
2010-08-31,ZB,0.0,12.0,True,True,24.0,24.0
2010-08-31,BRN,0.0,-6.0,True,True,12.0,12.0
2010-08-31,HO,0.0,-16.0,True,True,32.0,32.0
2010-08-31,PA,0.0,17.0,True,True,34.0,34.0
2010-08-31,SI,0.0,12.0,True,True,24.0,24.0
2010-08-31,KE,0.0,45.0,True,True,90.0,90.0
2010-08-31,ZC,0.0,63.0,True,True,126.0,126.0
2010-08-31,ZL,0.0,-95.0,True,True,190.0,190.0
2010-08-31,ZM,0.0,55.0,True,True,110.0,110.0
2010-08-31,ZS,0.0,20.0,True,True,40.0,40.0
2010-08-31,ZW,0.0,32.0,True,True,64.0,64.0
2010-09-01,EMD,19.0,33.0,False,False,19.0,19.0
2010-09-01,ES,31.0,54.0,False,False,31.0,31.0
2010-09-01,FCE,-62.0,-40.0,False,False,62.0,62.0
2010-09-01,FDAX,9.0,16.0,False,False,9.0,9.0
2010-09-01,FESX,-67.0,-36.0,False,False,67.0,67.0
2010-09-01,FSMI,28.0,56.0,False,False,28.0,28.0
2010-09-01,HTW,62.0,125.0,False,False,62.0,62.0
2010-09-01,LFT,28.0,42.0,False,False,28.0,28.0
2010-09-01,NKD,10.0,-4.0,False,False,10.0,10.0
2010-09-01,NQ,45.0,79.0,False,False,45.0,45.0
2010-09-01,RTY,43.0,65.0,False,False,43.0,43.0
2010-09-01,SNK,-29.0,-43.0,False,False,29.0,29.0
2010-09-01,SXF,12.0,26.0,False,False,12.0,12.0
2010-09-01,YAP,-42.0,-32.0,False,False,42.0,42.0
2010-09-01,YM,37.0,64.0,False,False,37.0,37.0
2010-09-01,CGB,27.0,63.0,False,False,27.0,27.0
2010-09-01,FGBL,-15.0,28.0,False,False,15.0,15.0
2010-09-01,FGBM,3.0,56.0,False,False,3.0,3.0
2010-09-01,FGBS,127.0,324.0,False,False,127.0,127.0
2010-09-01,FGBX,1.0,16.0,False,False,1.0,1.0
2010-09-01,LLG,2.0,35.0,False,False,2.0,2.0
2010-09-01,SJB,4.0,86.0,False,False,4.0,4.0
2010-09-01,YXT,52.0,112.0,False,False,52.0,52.0
2010-09-01,YYT,142.0,277.0,False,False,142.0,142.0
2010-09-01,ZT,-145.0,0.0,False,False,145.0,145.0
2010-09-01,ZF,3.0,66.0,False,False,3.0,3.0
2010-09-01,ZN,1.0,21.0,False,False,1.0,1.0
2010-09-01,ZB,12.0,24.0,False,False,12.0,12.0
2010-09-01,6A,26.0,48.0,False,False,26.0,26.0
2010-09-01,6B,-2.0,-34.0,False,False,2.0,2.0
2010-09-01,6C,28.0,54.0,False,False,28.0,28.0
2010-09-01,6E,-10.0,-28.0,False,False,10.0,10.0
2010-09-01,6J,19.0,34.0,False,False,19.0,19.0
2010-09-01,6M,74.0,99.0,False,False,74.0,74.0
2010-09-01,6N,33.0,58.0,False,False,33.0,33.0
2010-09-01,6S,16.0,49.0,False,False,16.0,16.0
2010-09-01,BRN,-5.0,-11.0,False,False,5.0,5.0
2010-09-01,CL,-1.0,-12.0,False,False,1.0,1.0
2010-09-01,GAS,52.0,33.0,False,False,52.0,52.0
2010-09-01,HO,36.0,20.0,False,False,36.0,36.0
2010-09-01,NG,-15.0,-35.0,False,False,15.0,15.0
2010-09-01,RB,-24.0,-24.0,False,False,24.0,24.0
2010-09-01,GC,21.0,34.0,False,False,21.0,21.0
2010-09-01,HG,12.0,12.0,False,False,12.0,12.0
2010-09-01,PA,12.0,29.0,False,False,12.0,12.0
2010-09-01,PL,21.0,45.0,False,False,21.0,21.0
2010-09-01,SI,9.0,21.0,False,False,9.0,9.0
2010-09-01,CC,-91.0,-77.0,False,False,91.0,91.0
2010-09-01,CT,46.0,87.0,False,False,46.0,46.0
2010-09-01,GF,26.0,67.0,False,False,26.0,26.0
2010-09-01,HE,39.0,93.0,False,False,39.0,39.0
2010-09-01,KC,1.0,10.0,False,False,1.0,1.0
2010-09-01,KE,-19.0,26.0,False,False,19.0,19.0
2010-09-01,LE,46.0,136.0,False,False,46.0,46.0
2010-09-01,RS,66.0,193.0,False,False,66.0,66.0
2010-09-01,ZC,-16.0,47.0,False,False,16.0,16.0
2010-09-01,ZL,211.0,116.0,False,False,211.0,211.0
2010-09-01,ZM,-47.0,8.0,False,False,47.0,47.0
2010-09-01,ZS,-20.0,0.0,False,False,20.0,20.0
2010-09-01,ZW,2.0,34.0,False,False,2.0,2.0
2010-09-08,FGBL,0.0,28.0,True,True,56.0,56.0
2010-09-08,FGBM,0.0,56.0,True,True,112.0,112.0
2010-09-08,FGBS,0.0,324.0,True,True,648.0,648.0
2010-09-08,FGBX,0.0,16.0,True,True,32.0,32.0
2010-09-08,SJB,0.0,86.0,True,True,172.0,172.0
2010-09-09,NKD,0.0,-4.0,True,True,8.0,8.0
2010-09-09,SNK,0.0,-43.0,True,True,86.0,86.0
2010-09-10,GAS,0.0,33.0,True,True,66.0,66.0
2010-09-13,6A,0.0,48.0,True,True,96.0,96.0
2010-09-13,6B,0.0,-34.0,True,True,68.0,68.0
2010-09-13,6E,0.0,-28.0,True,True,56.0,56.0
2010-09-13,6J,0.0,34.0,True,True,68.0,68.0
2010-09-13,6M,0.0,99.0,True,True,198.0,198.0
2010-09-13,6N,0.0,58.0,True,True,116.0,116.0
2010-09-13,6S,0.0,49.0,True,True,98.0,98.0
2010-09-14,6C,0.0,54.0,True,True,108.0,108.0
2010-09-15,SXF,0.0,26.0,True,True,52.0,52.0
2010-09-15,YXT,0.0,112.0,True,True,224.0,224.0
2010-09-15,YYT,0.0,277.0,True,True,554.0,554.0
2010-09-16,ES,0.0,54.0,True,True,108.0,108.0
2010-09-16,YAP,0.0,-32.0,True,True,64.0,64.0
2010-09-16,YM,0.0,64.0,True,True,128.0,128.0
2010-09-17,EMD,0.0,33.0,True,True,66.0,66.0
2010-09-17,FCE,0.0,-40.0,True,True,80.0,80.0
2010-09-17,FDAX,0.0,16.0,True,True,32.0,32.0
2010-09-17,FESX,0.0,-36.0,True,True,72.0,72.0
2010-09-17,FSMI,0.0,56.0,True,True,112.0,112.0
2010-09-17,LFT,0.0,42.0,True,True,84.0,84.0
2010-09-17,NQ,0.0,79.0,True,True,158.0,158.0
2010-09-17,RTY,0.0,65.0,True,True,130.0,130.0
2010-09-21,CL,0.0,-12.0,True,True,24.0,24.0
2010-09-28,NG,0.0,-35.0,True,True,70.0,70.0
2010-09-29,HTW,0.0,125.0,True,True,250.0,250.0
2010-09-30,BRN,0.0,-11.0,True,True,22.0,22.0
2010-09-30,HO,0.0,20.0,True,True,40.0,40.0
2010-09-30,RB,0.0,-24.0,True,True,48.0,48.0
2010-09-30,PL,0.0,45.0,True,True,90.0,90.0
2010-09-30,GF,0.0,67.0,True,True,134.0,134.0
2010-09-30,ZL,0.0,116.0,True,True,232.0,232.0
2010-09-30,ZM,0.0,8.0,True,True,16.0,16.0
2010-10-01,EMD,3.0,36.0,False,False,3.0,3.0
2010-10-01,ES,4.0,58.0,False,False,4.0,4.0
2010-10-01,FCE,97.0,57.0,False,False,97.0,97.0
2010-10-01,FDAX,1.0,17.0,False,False,1.0,1.0
2010-10-01,FESX,-31.0,-67.0,False,False,31.0,31.0
2010-10-01,FSMI,4.0,60.0,False,False,4.0,4.0
2010-10-01,HTW,9.0,134.0,False,False,9.0,9.0
2010-10-01,LFT,3.0,45.0,False,False,3.0,3.0
2010-10-01,NKD,4.0,0.0,False,False,4.0,4.0
2010-10-01,NQ,6.0,85.0,False,False,6.0,6.0
2010-10-01,RTY,4.0,69.0,False,False,4.0,4.0
2010-10-01,SNK,43.0,0.0,False,False,43.0,43.0
2010-10-01,SXF,2.0,28.0,False,False,2.0,2.0
2010-10-01,YAP,-3.0,-35.0,False,False,3.0,3.0
2010-10-01,YM,5.0,69.0,False,False,5.0,5.0
2010-10-01,CGB,5.0,68.0,False,False,5.0,5.0
2010-10-01,FGBL,2.0,30.0,False,False,2.0,2.0
2010-10-01,FGBM,31.0,87.0,False,False,31.0,31.0
2010-10-01,FGBS,23.0,347.0,False,False,23.0,23.0
2010-10-01,FGBX,1.0,17.0,False,False,1.0,1.0
2010-10-01,LLG,2.0,37.0,False,False,2.0,2.0
2010-10-01,SJB,6.0,92.0,False,False,6.0,6.0
2010-10-01,YXT,-60.0,52.0,False,False,60.0,60.0
2010-10-01,YYT,-128.0,149.0,False,False,128.0,128.0
2010-10-01,ZF,-24.0,42.0,False,False,24.0,24.0
2010-10-01,ZN,-10.0,11.0,False,False,10.0,10.0
2010-10-01,ZB,2.0,26.0,False,False,2.0,2.0
2010-10-01,6A,4.0,52.0,False,False,4.0,4.0
2010-10-01,6B,-26.0,-60.0,False,False,26.0,26.0
2010-10-01,6C,3.0,57.0,False,False,3.0,3.0
2010-10-01,6E,-2.0,-30.0,False,False,2.0,2.0
2010-10-01,6J,3.0,37.0,False,False,3.0,3.0
2010-10-01,6M,-97.0,2.0,False,False,97.0,97.0
2010-10-01,6N,4.0,62.0,False,False,4.0,4.0
2010-10-01,6S,3.0,52.0,False,False,3.0,3.0
2010-10-01,BRN,44.0,33.0,False,False,44.0,44.0
2010-10-01,CL,-1.0,-13.0,False,False,1.0,1.0
2010-10-01,GAS,3.0,36.0,False,False,3.0,3.0
2010-10-01,HO,1.0,21.0,False,False,1.0,1.0
2010-10-01,NG,24.0,-11.0,False,False,24.0,24.0
2010-10-01,RB,24.0,0.0,False,False,24.0,24.0
2010-10-01,GC,2.0,36.0,False,False,2.0,2.0
2010-10-01,PA,2.0,31.0,False,False,2.0,2.0
2010-10-01,PL,-9.0,36.0,False,False,9.0,9.0
2010-10-01,SI,9.0,30.0,False,False,9.0,9.0
2010-10-01,CC,-6.0,-83.0,False,False,6.0,6.0
2010-10-01,CT,-58.0,29.0,False,False,58.0,58.0
2010-10-01,GF,5.0,72.0,False,False,5.0,5.0
2010-10-01,HE,7.0,100.0,False,False,7.0,7.0
2010-10-01,KC,9.0,19.0,False,False,9.0,9.0
2010-10-01,KE,2.0,28.0,False,False,2.0,2.0
2010-10-01,LE,10.0,146.0,False,False,10.0,10.0
2010-10-01,RS,181.0,374.0,False,False,181.0,181.0
2010-10-01,SB,60.0,60.0,False,False,60.0,60.0
2010-10-01,ZC,3.0,50.0,False,False,3.0,3.0
2010-10-01,ZL,8.0,124.0,False,False,8.0,8.0
2010-10-01,ZM,18.0,26.0,False,False,18.0,18.0
2010-10-01,ZS,17.0,17.0,False,False,17.0,17.0
2010-10-01,ZW,3.0,37.0,False,False,3.0,3.0
2010-10-04,LE,0.0,146.0,True,True,292.0,292.0
2010-10-12,GAS,0.0,36.0,True,True,72.0,72.0
2010-10-14,HE,0.0,100.0,True,True,200.0,200.0
2010-10-15,FCE,0.0,57.0,True,True,114.0,114.0
2010-10-20,CL,0.0,-13.0,True,True,26.0,26.0
2010-10-27,NG,0.0,-11.0,True,True,22.0,22.0
2010-10-28,HTW,0.0,134.0,True,True,268.0,268.0
2010-10-28,GF,0.0,72.0,True,True,144.0,144.0
2010-10-29,BRN,0.0,33.0,True,True,66.0,66.0
2010-10-29,HO,0.0,21.0,True,True,42.0,42.0
2010-10-29,RS,0.0,374.0,True,True,748.0,748.0
2010-10-29,ZS,0.0,17.0,True,True,34.0,34.0
2010-11-01,EMD,2.0,38.0,False,False,2.0,2.0
2010-11-01,ES,3.0,61.0,False,False,3.0,3.0
2010-11-01,FCE,-15.0,42.0,False,False,15.0,15.0
2010-11-01,FDAX,-4.0,13.0,False,False,4.0,4.0
2010-11-01,FESX,126.0,59.0,False,False,126.0,126.0
2010-11-01,FSMI,4.0,64.0,False,False,4.0,4.0
2010-11-01,HTW,-48.0,86.0,False,False,48.0,48.0
2010-11-01,LFT,-12.0,33.0,False,False,12.0,12.0
2010-11-01,NQ,-20.0,65.0,False,False,20.0,20.0
2010-11-01,RTY,-15.0,54.0,False,False,15.0,15.0
2010-11-01,SXF,2.0,30.0,False,False,2.0,2.0
2010-11-01,YAP,14.0,-21.0,False,False,14.0,14.0
2010-11-01,YM,4.0,73.0,False,False,4.0,4.0
2010-11-01,CGB,-29.0,39.0,False,False,29.0,29.0
2010-11-01,FGBL,2.0,32.0,False,False,2.0,2.0
2010-11-01,FGBM,5.0,92.0,False,False,5.0,5.0
2010-11-01,FGBS,-112.0,235.0,False,False,112.0,112.0
2010-11-01,FGBX,1.0,18.0,False,False,1.0,1.0
2010-11-01,LLG,-16.0,21.0,False,False,16.0,16.0
2010-11-01,SJB,-19.0,73.0,False,False,19.0,19.0
2010-11-01,YXT,3.0,55.0,False,False,3.0,3.0
2010-11-01,YYT,9.0,158.0,False,False,9.0,9.0
2010-11-01,ZF,-42.0,0.0,False,False,42.0,42.0
2010-11-01,ZN,-11.0,0.0,False,False,11.0,11.0
2010-11-01,ZB,-12.0,14.0,False,False,12.0,12.0
2010-11-01,6A,-26.0,26.0,False,False,26.0,26.0
2010-11-01,6B,24.0,-36.0,False,False,24.0,24.0
2010-11-01,6C,-22.0,35.0,False,False,22.0,22.0
2010-11-01,6E,16.0,-14.0,False,False,16.0,16.0
2010-11-01,6J,-11.0,26.0,False,False,11.0,11.0
2010-11-01,6M,-2.0,0.0,False,False,2.0,2.0
2010-11-01,6N,-24.0,38.0,False,False,24.0,24.0
2010-11-01,6S,-31.0,21.0,False,False,31.0,31.0
2010-11-01,BRN,-35.0,-2.0,False,False,35.0,35.0
2010-11-01,CL,5.0,-8.0,False,False,5.0,5.0
2010-11-01,GAS,-11.0,25.0,False,False,11.0,11.0
2010-11-01,HO,-37.0,-16.0,False,False,37.0,37.0
2010-11-01,NG,8.0,-3.0,False,False,8.0,8.0
2010-11-01,RB,-16.0,-16.0,False,False,16.0,16.0
2010-11-01,GC,-18.0,18.0,False,False,18.0,18.0
2010-11-01,HG,1.0,13.0,False,False,1.0,1.0
2010-11-01,PA,-17.0,14.0,False,False,17.0,17.0
2010-11-01,PL,-14.0,22.0,False,False,14.0,14.0
2010-11-01,SI,-18.0,12.0,False,False,18.0,18.0
2010-11-01,CC,28.0,-55.0,False,False,28.0,28.0
2010-11-01,CT,-21.0,8.0,False,False,21.0,21.0
2010-11-01,GF,4.0,76.0,False,False,4.0,4.0
2010-11-01,HE,-41.0,59.0,False,False,41.0,41.0
2010-11-01,KC,-12.0,7.0,False,False,12.0,12.0
2010-11-01,KE,-7.0,21.0,False,False,7.0,7.0
2010-11-01,LE,-82.0,64.0,False,False,82.0,82.0
2010-11-01,RS,-164.0,210.0,False,False,164.0,164.0
2010-11-01,SB,-23.0,37.0,False,False,23.0,23.0
2010-11-01,ZC,-19.0,31.0,False,False,19.0,19.0
2010-11-01,ZL,-78.0,46.0,False,False,78.0,78.0
2010-11-01,ZM,2.0,28.0,False,False,2.0,2.0
2010-11-01,ZS,1.0,18.0,False,False,1.0,1.0
2010-11-01,ZW,-15.0,22.0,False,False,15.0,15.0
2010-11-11,GAS,0.0,25.0,True,True,50.0,50.0
2010-11-16,CC,0.0,-55.0,True,True,110.0,110.0
2010-11-18,GF,0.0,76.0,True,True,152.0,152.0
2010-11-19,FCE,0.0,42.0,True,True,84.0,84.0
2010-11-19,CL,0.0,-8.0,True,True,16.0,16.0
2010-11-19,KC,0.0,7.0,True,True,14.0,14.0
2010-11-23,CT,0.0,8.0,True,True,16.0,16.0
2010-11-26,CGB,0.0,39.0,True,True,78.0,78.0
2010-11-26,NG,0.0,-3.0,True,True,6.0,6.0
2010-11-29,HTW,0.0,86.0,True,True,172.0,172.0
2010-11-29,LLG,0.0,21.0,True,True,42.0,42.0
2010-11-30,ZB,0.0,14.0,True,True,28.0,28.0
2010-11-30,BRN,0.0,-2.0,True,True,4.0,4.0
2010-11-30,HO,0.0,-16.0,True,True,32.0,32.0
2010-11-30,RB,0.0,-16.0,True,True,32.0,32.0
2010-11-30,GC,0.0,18.0,True,True,36.0,36.0
2010-11-30,HG,0.0,13.0,True,True,26.0,26.0
2010-11-30,PA,0.0,14.0,True,True,28.0,28.0
2010-11-30,SI,0.0,12.0,True,True,24.0,24.0
2010-11-30,KE,0.0,21.0,True,True,42.0,42.0
2010-11-30,ZC,0.0,31.0,True,True,62.0,62.0
2010-11-30,ZL,0.0,46.0,True,True,92.0,92.0
2010-11-30,ZM,0.0,28.0,True,True,56.0,56.0
2010-11-30,ZW,0.0,22.0,True,True,44.0,44.0
2010-12-01,EMD,-17.0,21.0,False,False,17.0,17.0
2010-12-01,ES,-29.0,32.0,False,False,29.0,29.0
2010-12-01,FCE,-71.0,-29.0,False,False,71.0,71.0
2010-12-01,FDAX,-6.0,7.0,False,False,6.0,6.0
2010-12-01,FESX,-100.0,-41.0,False,False,100.0,100.0
2010-12-01,FSMI,-34.0,30.0,False,False,34.0,34.0
2010-12-01,LFT,-12.0,21.0,False,False,12.0,12.0
2010-12-01,NQ,-22.0,43.0,False,False,22.0,22.0
2010-12-01,SNK,-6.0,-6.0,False,False,6.0,6.0
2010-12-01,SXF,-14.0,16.0,False,False,14.0,14.0
2010-12-01,YM,-34.0,39.0,False,False,34.0,34.0
2010-12-01,CGB,-14.0,25.0,False,False,14.0,14.0
2010-12-01,FGBL,-12.0,20.0,False,False,12.0,12.0
2010-12-01,FGBM,-54.0,38.0,False,False,54.0,54.0
2010-12-01,FGBS,-152.0,83.0,False,False,152.0,152.0
2010-12-01,FGBX,-10.0,8.0,False,False,10.0,10.0
2010-12-01,SJB,-51.0,22.0,False,False,51.0,51.0
2010-12-01,ZF,29.0,29.0,False,False,29.0,29.0
2010-12-01,ZN,7.0,7.0,False,False,7.0,7.0
2010-12-01,6B,10.0,-26.0,False,False,10.0,10.0
2010-12-01,6E,4.0,-10.0,False,False,4.0,4.0
2010-12-01,6J,-8.0,18.0,False,False,8.0,8.0
2010-12-01,6M,72.0,72.0,False,False,72.0,72.0
2010-12-01,6N,-11.0,27.0,False,False,11.0,11.0
2010-12-01,6S,-10.0,11.0,False,False,10.0,10.0
2010-12-01,BRN,15.0,13.0,False,False,15.0,15.0
2010-12-01,CL,21.0,13.0,False,False,21.0,21.0
2010-12-01,GAS,-7.0,18.0,False,False,7.0,7.0
2010-12-01,HO,27.0,11.0,False,False,27.0,27.0
2010-12-01,RB,25.0,9.0,False,False,25.0,25.0
2010-12-01,GC,-10.0,8.0,False,False,10.0,10.0
2010-12-01,PA,-5.0,9.0,False,False,5.0,5.0
2010-12-01,PL,-10.0,12.0,False,False,10.0,10.0
2010-12-01,SI,-8.0,4.0,False,False,8.0,8.0
2010-12-01,CC,17.0,-38.0,False,False,17.0,17.0
2010-12-01,CT,-2.0,6.0,False,False,2.0,2.0
2010-12-01,GF,-46.0,30.0,False,False,46.0,46.0
2010-12-01,RS,-119.0,91.0,False,False,119.0,119.0
2010-12-01,SB,-27.0,10.0,False,False,27.0,27.0
2010-12-01,ZC,-9.0,22.0,False,False,9.0,9.0
2010-12-01,ZL,-21.0,25.0,False,False,21.0,21.0
2010-12-01,ZM,-13.0,15.0,False,False,13.0,13.0
2010-12-01,ZS,-8.0,10.0,False,False,8.0,8.0
2010-12-06,LE,0.0,64.0,True,True,128.0,128.0
2010-12-08,FGBL,0.0,20.0,True,True,40.0,40.0
2010-12-08,FGBM,0.0,38.0,True,True,76.0,76.0
2010-12-08,FGBS,0.0,83.0,True,True,166.0,166.0
2010-12-08,FGBX,0.0,8.0,True,True,16.0,16.0
2010-12-08,SJB,0.0,22.0,True,True,44.0,44.0
2010-12-09,SNK,0.0,-6.0,True,True,12.0,12.0
2010-12-10,GAS,0.0,18.0,True,True,36.0,36.0
2010-12-13,6A,0.0,26.0,True,True,52.0,52.0
2010-12-13,6B,0.0,-26.0,True,True,52.0,52.0
2010-12-13,6E,0.0,-10.0,True,True,20.0,20.0
2010-12-13,6J,0.0,18.0,True,True,36.0,36.0
2010-12-13,6M,0.0,72.0,True,True,144.0,144.0
2010-12-13,6N,0.0,27.0,True,True,54.0,54.0
2010-12-13,6S,0.0,11.0,True,True,22.0,22.0
2010-12-14,6C,0.0,35.0,True,True,70.0,70.0
2010-12-14,HE,0.0,59.0,True,True,118.0,118.0
2010-12-15,SXF,0.0,16.0,True,True,32.0,32.0
2010-12-15,YXT,0.0,55.0,True,True,110.0,110.0
2010-12-15,YYT,0.0,158.0,True,True,316.0,316.0
2010-12-16,ES,0.0,32.0,True,True,64.0,64.0
2010-12-16,YAP,0.0,-21.0,True,True,42.0,42.0
2010-12-16,YM,0.0,39.0,True,True,78.0,78.0
2010-12-17,EMD,0.0,21.0,True,True,42.0,42.0
2010-12-17,FCE,0.0,-29.0,True,True,58.0,58.0
2010-12-17,FDAX,0.0,7.0,True,True,14.0,14.0
2010-12-17,FESX,0.0,-41.0,True,True,82.0,82.0
2010-12-17,FSMI,0.0,30.0,True,True,60.0,60.0
2010-12-17,LFT,0.0,21.0,True,True,42.0,42.0
2010-12-17,NQ,0.0,43.0,True,True,86.0,86.0
2010-12-17,RTY,0.0,54.0,True,True,108.0,108.0
2010-12-20,CL,0.0,13.0,True,True,26.0,26.0
2010-12-29,NG,0.0,-3.0,True,True,6.0,6.0
2010-12-30,HTW,0.0,86.0,True,True,172.0,172.0
2010-12-31,BRN,0.0,13.0,True,True,26.0,26.0
2010-12-31,HO,0.0,11.0,True,True,22.0,22.0
2010-12-31,RB,0.0,9.0,True,True,18.0,18.0
2010-12-31,PL,0.0,12.0,True,True,24.0,24.0
2010-12-31,RS,0.0,91.0,True,True,182.0,182.0
2010-12-31,ZL,0.0,25.0,True,True,50.0,50.0
2010-12-31,ZM,0.0,15.0,True,True,30.0,30.0
2010-12-31,ZS,0.0,10.0,True,True,20.0,20.0
2011-01-03,EMD,16.0,37.0,False,False,16.0,16.0
2011-01-03,ES,25.0,57.0,False,False,25.0,25.0
2011-01-03,FCE,-18.0,-47.0,False,False,18.0,18.0
2011-01-03,FDAX,4.0,11.0,False,False,4.0,4.0
2011-01-03,FESX,-22.0,-63.0,False,False,22.0,22.0
2011-01-03,FSMI,2.0,32.0,False,False,2.0,2.0
2011-01-03,HTW,38.0,124.0,False,False,38.0,38.0
2011-01-03,NQ,33.0,76.0,False,False,33.0,33.0
2011-01-03,RTY,3.0,57.0,False,False,3.0,3.0
2011-01-03,YM,28.0,67.0,False,False,28.0,28.0
2011-01-03,FGBL,15.0,35.0,False,False,15.0,15.0
2011-01-03,FGBM,19.0,57.0,False,False,19.0,19.0
2011-01-03,FGBS,57.0,140.0,False,False,57.0,57.0
2011-01-03,FGBX,7.0,15.0,False,False,7.0,7.0
2011-01-03,ZT,38.0,38.0,False,False,38.0,38.0
2011-01-03,ZF,2.0,31.0,False,False,2.0,2.0
2011-01-03,ZN,6.0,13.0,False,False,6.0,6.0
2011-01-03,ZB,8.0,22.0,False,False,8.0,8.0
2011-01-03,6A,1.0,27.0,False,False,1.0,1.0
2011-01-03,6B,-11.0,-37.0,False,False,11.0,11.0
2011-01-03,6C,2.0,37.0,False,False,2.0,2.0
2011-01-03,6E,-10.0,-20.0,False,False,10.0,10.0
2011-01-03,6J,11.0,29.0,False,False,11.0,11.0
2011-01-03,6M,-72.0,0.0,False,False,72.0,72.0
2011-01-03,6N,1.0,28.0,False,False,1.0,1.0
2011-01-03,6S,7.0,18.0,False,False,7.0,7.0
2011-01-03,BRN,10.0,23.0,False,False,10.0,10.0
2011-01-03,CL,8.0,21.0,False,False,8.0,8.0
2011-01-03,GAS,12.0,30.0,False,False,12.0,12.0
2011-01-03,HO,8.0,19.0,False,False,8.0,8.0
2011-01-03,NG,-5.0,-8.0,False,False,5.0,5.0
2011-01-03,GC,6.0,14.0,False,False,6.0,6.0
2011-01-03,HG,1.0,14.0,False,False,1.0,1.0
2011-01-03,PA,4.0,13.0,False,False,4.0,4.0
2011-01-03,PL,15.0,27.0,False,False,15.0,15.0
2011-01-03,SI,2.0,6.0,False,False,2.0,2.0
2011-01-03,CT,5.0,11.0,False,False,5.0,5.0
2011-01-03,GF,-7.0,23.0,False,False,7.0,7.0
2011-01-03,HE,3.0,62.0,False,False,3.0,3.0
2011-01-03,KE,11.0,32.0,False,False,11.0,11.0
2011-01-03,LE,3.0,67.0,False,False,3.0,3.0
2011-01-03,ZC,13.0,35.0,False,False,13.0,13.0
2011-01-03,ZL,17.0,42.0,False,False,17.0,17.0
2011-01-03,ZM,1.0,16.0,False,False,1.0,1.0
2011-01-03,ZS,6.0,16.0,False,False,6.0,6.0
2011-01-03,ZW,1.0,23.0,False,False,1.0,1.0
2011-01-04,LFT,1.0,22.0,False,False,1.0,1.0
2011-01-04,SNK,6.0,0.0,False,False,6.0,6.0
2011-01-04,SXF,1.0,17.0,False,False,1.0,1.0
2011-01-04,YAP,-2.0,-23.0,False,False,2.0,2.0
2011-01-04,CGB,1.0,26.0,False,False,1.0,1.0
2011-01-04,LLG,1.0,22.0,False,False,1.0,1.0
2011-01-04,SJB,12.0,34.0,False,False,12.0,12.0
2011-01-04,YXT,-28.0,27.0,False,False,28.0,28.0
2011-01-04,YYT,-67.0,91.0,False,False,67.0,67.0
2011-01-04,CC,-2.0,-40.0,False,False,2.0,2.0
2011-01-04,KC,8.0,15.0,False,False,8.0,8.0
2011-01-04,RS,63.0,154.0,False,False,63.0,63.0
2011-01-12,GAS,0.0,30.0,True,True,60.0,60.0
2011-01-20,CL,0.0,21.0,True,True,42.0,42.0
2011-01-21,FCE,0.0,-47.0,True,True,94.0,94.0
2011-01-27,HTW,0.0,124.0,True,True,248.0,248.0
2011-01-27,NG,0.0,-8.0,True,True,16.0,16.0
2011-01-27,GF,0.0,23.0,True,True,46.0,46.0
2011-01-31,BRN,0.0,23.0,True,True,46.0,46.0
2011-01-31,HO,0.0,19.0,True,True,38.0,38.0
2011-01-31,RB,0.0,9.0,True,True,18.0,18.0
2011-01-31,GC,0.0,14.0,True,True,28.0,28.0
2011-02-01,ES,1.0,58.0,False,False,1.0,1.0
2011-02-01,FCE,83.0,36.0,False,False,83.0,83.0
2011-02-01,FESX,107.0,44.0,False,False,107.0,107.0
2011-02-01,NKD,45.0,45.0,False,False,45.0,45.0
2011-02-01,NQ,-20.0,56.0,False,False,20.0,20.0
2011-02-01,SNK,43.0,43.0,False,False,43.0,43.0
2011-02-01,YAP,31.0,8.0,False,False,31.0,31.0
2011-02-01,YM,1.0,68.0,False,False,1.0,1.0
2011-02-01,CGB,1.0,27.0,False,False,1.0,1.0
2011-02-01,FGBL,1.0,36.0,False,False,1.0,1.0
2011-02-01,FGBM,1.0,58.0,False,False,1.0,1.0
2011-02-01,FGBS,1.0,141.0,False,False,1.0,1.0
2011-02-01,LLG,9.0,31.0,False,False,9.0,9.0
2011-02-01,YYT,1.0,92.0,False,False,1.0,1.0
2011-02-01,ZT,-11.0,27.0,False,False,11.0,11.0
2011-02-01,ZN,-7.0,6.0,False,False,7.0,7.0
2011-02-01,6B,76.0,39.0,False,False,76.0,76.0
2011-02-01,6C,16.0,53.0,False,False,16.0,16.0
2011-02-01,6E,37.0,17.0,False,False,37.0,37.0
2011-02-01,6N,14.0,42.0,False,False,14.0,14.0
2011-02-01,CL,-9.0,12.0,False,False,9.0,9.0
2011-02-01,GAS,-7.0,23.0,False,False,7.0,7.0
2011-02-01,CC,49.0,9.0,False,False,49.0,49.0
2011-02-01,GF,42.0,65.0,False,False,42.0,42.0
2011-02-01,HE,1.0,63.0,False,False,1.0,1.0
2011-02-01,KC,-6.0,9.0,False,False,6.0,6.0
2011-02-01,KE,1.0,33.0,False,False,1.0,1.0
2011-02-01,LE,1.0,68.0,False,False,1.0,1.0
2011-02-01,RS,1.0,155.0,False,False,1.0,1.0
2011-02-01,SB,5.0,15.0,False,False,5.0,5.0
2011-02-07,LE,0.0,68.0,True,True,136.0,136.0
2011-02-08,HTW,1.0,125.0,False,False,1.0,1.0
2011-02-10,GAS,0.0,23.0,True,True,46.0,46.0
2011-02-14,CC,0.0,9.0,True,True,18.0,18.0
2011-02-14,HE,0.0,63.0,True,True,126.0,126.0
2011-02-17,KC,0.0,9.0,True,True,18.0,18.0
2011-02-18,FCE,0.0,36.0,True,True,72.0,72.0
2011-02-22,CL,0.0,12.0,True,True,24.0,24.0
2011-02-22,CT,0.0,11.0,True,True,22.0,22.0
2011-02-24,HTW,0.0,125.0,True,True,250.0,250.0
2011-02-24,CGB,0.0,27.0,True,True,54.0,54.0
2011-02-24,NG,0.0,-8.0,True,True,16.0,16.0
2011-02-25,LLG,0.0,31.0,True,True,62.0,62.0
2011-02-28,ZT,0.0,27.0,True,True,54.0,54.0
2011-02-28,ZF,0.0,31.0,True,True,62.0,62.0
2011-02-28,ZN,0.0,6.0,True,True,12.0,12.0
2011-02-28,ZB,0.0,22.0,True,True,44.0,44.0
2011-02-28,BRN,0.0,23.0,True,True,46.0,46.0
2011-02-28,HO,0.0,19.0,True,True,38.0,38.0
2011-02-28,RB,0.0,9.0,True,True,18.0,18.0
2011-02-28,HG,0.0,14.0,True,True,28.0,28.0
2011-02-28,PA,0.0,13.0,True,True,26.0,26.0
2011-02-28,SI,0.0,6.0,True,True,12.0,12.0
2011-02-28,KE,0.0,33.0,True,True,66.0,66.0
2011-02-28,RS,0.0,155.0,True,True,310.0,310.0
2011-02-28,SB,0.0,15.0,True,True,30.0,30.0
2011-02-28,ZC,0.0,35.0,True,True,70.0,70.0
2011-02-28,ZL,0.0,42.0,True,True,84.0,84.0
2011-02-28,ZM,0.0,16.0,True,True,32.0,32.0
2011-02-28,ZS,0.0,16.0,True,True,32.0,32.0
2011-02-28,ZW,0.0,23.0,True,True,46.0,46.0
2011-03-01,EMD,-13.0,24.0,False,False,13.0,13.0
2011-03-01,ES,-15.0,43.0,False,False,15.0,15.0
2011-03-01,FCE,2.0,38.0,False,False,2.0,2.0
2011-03-01,FDAX,-3.0,8.0,False,False,3.0,3.0
2011-03-01,FESX,1.0,45.0,False,False,1.0,1.0
2011-03-01,FSMI,-32.0,0.0,False,False,32.0,32.0
2011-03-01,HTW,-80.0,45.0,False,False,80.0,80.0
2011-03-01,LFT,1.0,23.0,False,False,1.0,1.0
2011-03-01,NKD,-45.0,0.0,False,False,45.0,45.0
2011-03-01,NQ,2.0,58.0,False,False,2.0,2.0
2011-03-01,RTY,2.0,59.0,False,False,2.0,2.0
2011-03-01,SNK,-31.0,12.0,False,False,31.0,31.0
2011-03-01,SXF,1.0,18.0,False,False,1.0,1.0
2011-03-01,YAP,-33.0,-25.0,False,False,33.0,33.0
2011-03-01,YM,2.0,70.0,False,False,2.0,2.0
2011-03-01,FGBL,-17.0,19.0,False,False,17.0,17.0
2011-03-01,FGBM,-29.0,29.0,False,False,29.0,29.0
2011-03-01,FGBS,-44.0,97.0,False,False,44.0,44.0
2011-03-01,FGBX,-8.0,7.0,False,False,8.0,8.0
2011-03-01,LLG,1.0,32.0,False,False,1.0,1.0
2011-03-01,SJB,1.0,35.0,False,False,1.0,1.0
2011-03-01,YXT,1.0,28.0,False,False,1.0,1.0
2011-03-01,YYT,3.0,95.0,False,False,3.0,3.0
2011-03-01,ZT,-13.0,14.0,False,False,13.0,13.0
2011-03-01,ZF,-10.0,21.0,False,False,10.0,10.0
2011-03-01,ZN,-4.0,2.0,False,False,4.0,4.0
2011-03-01,ZB,1.0,23.0,False,False,1.0,1.0
2011-03-01,6A,1.0,28.0,False,False,1.0,1.0
2011-03-01,6B,2.0,41.0,False,False,2.0,2.0
2011-03-01,6C,2.0,55.0,False,False,2.0,2.0
2011-03-01,6E,1.0,18.0,False,False,1.0,1.0
2011-03-01,6J,-11.0,18.0,False,False,11.0,11.0
2011-03-01,6M,101.0,101.0,False,False,101.0,101.0
2011-03-01,6N,1.0,43.0,False,False,1.0,1.0
2011-03-01,6S,-10.0,8.0,False,False,10.0,10.0
2011-03-01,BRN,-11.0,12.0,False,False,11.0,11.0
2011-03-01,CL,-6.0,6.0,False,False,6.0,6.0
2011-03-01,HO,-7.0,12.0,False,False,7.0,7.0
2011-03-01,RB,-3.0,6.0,False,False,3.0,3.0
2011-03-01,GC,1.0,15.0,False,False,1.0,1.0
2011-03-01,PA,1.0,14.0,False,False,1.0,1.0
2011-03-01,PL,1.0,28.0,False,False,1.0,1.0
2011-03-01,CC,12.0,21.0,False,False,12.0,12.0
2011-03-01,CT,-4.0,7.0,False,False,4.0,4.0
2011-03-01,GF,-18.0,47.0,False,False,18.0,18.0
2011-03-01,HE,-17.0,46.0,False,False,17.0,17.0
2011-03-01,KC,1.0,10.0,False,False,1.0,1.0
2011-03-01,KE,-13.0,20.0,False,False,13.0,13.0
2011-03-01,LE,2.0,70.0,False,False,2.0,2.0
2011-03-01,RS,-56.0,99.0,False,False,56.0,56.0
2011-03-01,SB,1.0,16.0,False,False,1.0,1.0
2011-03-01,ZC,1.0,36.0,False,False,1.0,1.0
2011-03-01,ZL,-18.0,24.0,False,False,18.0,18.0
2011-03-01,ZM,1.0,17.0,False,False,1.0,1.0
2011-03-01,ZS,-4.0,12.0,False,False,4.0,4.0
2011-03-01,ZW,-12.0,11.0,False,False,12.0,12.0
2011-03-08,FGBL,0.0,19.0,True,True,38.0,38.0
2011-03-08,FGBM,0.0,29.0,True,True,58.0,58.0
2011-03-08,FGBS,0.0,97.0,True,True,194.0,194.0
2011-03-08,FGBX,0.0,7.0,True,True,14.0,14.0
2011-03-09,SJB,0.0,35.0,True,True,70.0,70.0
2011-03-10,SNK,0.0,12.0,True,True,24.0,24.0
2011-03-10,GAS,0.0,23.0,True,True,46.0,46.0
2011-03-14,6A,0.0,28.0,True,True,56.0,56.0
2011-03-14,6B,0.0,41.0,True,True,82.0,82.0
2011-03-14,6E,0.0,18.0,True,True,36.0,36.0
2011-03-14,6J,0.0,18.0,True,True,36.0,36.0
2011-03-14,6M,0.0,101.0,True,True,202.0,202.0
2011-03-14,6N,0.0,43.0,True,True,86.0,86.0
2011-03-14,6S,0.0,8.0,True,True,16.0,16.0
2011-03-15,YXT,0.0,28.0,True,True,56.0,56.0
2011-03-15,YYT,0.0,95.0,True,True,190.0,190.0
2011-03-15,6C,0.0,55.0,True,True,110.0,110.0
2011-03-16,SXF,0.0,18.0,True,True,36.0,36.0
2011-03-17,ES,0.0,43.0,True,True,86.0,86.0
2011-03-17,YAP,0.0,-25.0,True,True,50.0,50.0
2011-03-17,YM,0.0,70.0,True,True,140.0,140.0
2011-03-18,EMD,0.0,24.0,True,True,48.0,48.0
2011-03-18,FCE,0.0,38.0,True,True,76.0,76.0
2011-03-18,FDAX,0.0,8.0,True,True,16.0,16.0
2011-03-18,FESX,0.0,45.0,True,True,90.0,90.0
2011-03-18,LFT,0.0,23.0,True,True,46.0,46.0
2011-03-18,NQ,0.0,58.0,True,True,116.0,116.0
2011-03-18,RTY,0.0,59.0,True,True,118.0,118.0
2011-03-22,CL,0.0,6.0,True,True,12.0,12.0
2011-03-29,NG,0.0,-8.0,True,True,16.0,16.0
2011-03-30,HTW,0.0,45.0,True,True,90.0,90.0
2011-03-31,BRN,0.0,12.0,True,True,24.0,24.0
2011-03-31,HO,0.0,12.0,True,True,24.0,24.0
2011-03-31,RB,0.0,6.0,True,True,12.0,12.0
2011-03-31,GC,0.0,15.0,True,True,30.0,30.0
2011-03-31,PL,0.0,28.0,True,True,56.0,56.0
2011-03-31,GF,0.0,47.0,True,True,94.0,94.0
2011-04-01,EMD,-9.0,15.0,False,False,9.0,9.0
2011-04-01,ES,-19.0,24.0,False,False,19.0,19.0
2011-04-01,FDAX,-3.0,5.0,False,False,3.0,3.0
2011-04-01,FESX,-13.0,32.0,False,False,13.0,13.0
2011-04-01,FSMI,-10.0,-10.0,False,False,10.0,10.0
2011-04-01,NKD,-3.0,-3.0,False,False,3.0,3.0
2011-04-01,NQ,-29.0,29.0,False,False,29.0,29.0
2011-04-01,RTY,-30.0,29.0,False,False,30.0,30.0
2011-04-01,SNK,-16.0,-4.0,False,False,16.0,16.0
2011-04-01,SXF,-8.0,10.0,False,False,8.0,8.0
2011-04-01,YAP,8.0,-17.0,False,False,8.0,8.0
2011-04-01,YM,-42.0,28.0,False,False,42.0,42.0
2011-04-01,CGB,-15.0,12.0,False,False,15.0,15.0
2011-04-01,FGBL,11.0,30.0,False,False,11.0,11.0
2011-04-01,FGBM,11.0,40.0,False,False,11.0,11.0
2011-04-01,FGBS,-208.0,-111.0,False,False,208.0,208.0
2011-04-01,LLG,-9.0,23.0,False,False,9.0,9.0
2011-04-01,SJB,14.0,49.0,False,False,14.0,14.0
2011-04-01,YXT,-13.0,15.0,False,False,13.0,13.0
2011-04-01,YYT,-71.0,24.0,False,False,71.0,71.0
2011-04-01,ZT,-6.0,8.0,False,False,6.0,6.0
2011-04-01,ZN,-2.0,0.0,False,False,2.0,2.0
2011-04-01,6C,-16.0,39.0,False,False,16.0,16.0
2011-04-01,6J,-5.0,13.0,False,False,5.0,5.0
2011-04-01,6M,-101.0,0.0,False,False,101.0,101.0
2011-04-01,6N,-12.0,31.0,False,False,12.0,12.0
2011-04-01,6S,4.0,12.0,False,False,4.0,4.0
2011-04-01,BRN,-4.0,8.0,False,False,4.0,4.0
2011-04-01,CL,-2.0,4.0,False,False,2.0,2.0
2011-04-01,GAS,-9.0,14.0,False,False,9.0,9.0
2011-04-01,HO,-4.0,8.0,False,False,4.0,4.0
2011-04-01,RB,-1.0,5.0,False,False,1.0,1.0
2011-04-01,HG,-4.0,10.0,False,False,4.0,4.0
2011-04-01,PA,-4.0,10.0,False,False,4.0,4.0
2011-04-01,PL,-10.0,18.0,False,False,10.0,10.0
2011-04-01,CC,-42.0,-21.0,False,False,42.0,42.0
2011-04-01,CT,-2.0,5.0,False,False,2.0,2.0
2011-04-01,GF,-15.0,32.0,False,False,15.0,15.0
2011-04-01,HE,-24.0,22.0,False,False,24.0,24.0
2011-04-01,KC,-4.0,6.0,False,False,4.0,4.0
2011-04-01,KE,-7.0,13.0,False,False,7.0,7.0
2011-04-01,LE,-55.0,15.0,False,False,55.0,55.0
2011-04-01,RS,-30.0,69.0,False,False,30.0,30.0
2011-04-01,ZC,-18.0,18.0,False,False,18.0,18.0
2011-04-01,ZL,1.0,25.0,False,False,1.0,1.0
2011-04-01,ZM,-5.0,12.0,False,False,5.0,5.0
2011-04-04,LE,0.0,15.0,True,True,30.0,30.0
2011-04-12,GAS,0.0,14.0,True,True,28.0,28.0
2011-04-14,HE,0.0,22.0,True,True,44.0,44.0
2011-04-15,FCE,0.0,38.0,True,True,76.0,76.0
2011-04-18,CC,0.0,-21.0,True,True,42.0,42.0
2011-04-19,CL,0.0,4.0,True,True,8.0,8.0
2011-04-20,KC,0.0,6.0,True,True,12.0,12.0
2011-04-25,CT,0.0,5.0,True,True,10.0,10.0
2011-04-25,GF,0.0,32.0,True,True,64.0,64.0
2011-04-27,NG,0.0,-8.0,True,True,16.0,16.0
2011-04-28,HTW,0.0,45.0,True,True,90.0,90.0
2011-04-29,BRN,0.0,8.0,True,True,16.0,16.0
2011-04-29,HO,0.0,8.0,True,True,16.0,16.0
2011-04-29,RB,0.0,5.0,True,True,10.0,10.0
2011-04-29,HG,0.0,10.0,True,True,20.0,20.0
2011-04-29,SI,0.0,6.0,True,True,12.0,12.0
2011-04-29,KE,0.0,13.0,True,True,26.0,26.0
2011-04-29,RS,0.0,69.0,True,True,138.0,138.0
2011-04-29,SB,0.0,16.0,True,True,32.0,32.0
2011-04-29,ZC,0.0,18.0,True,True,36.0,36.0
2011-04-29,ZL,0.0,25.0,True,True,50.0,50.0
2011-04-29,ZM,0.0,12.0,True,True,24.0,24.0
2011-04-29,ZS,0.0,12.0,True,True,24.0,24.0
2011-04-29,ZW,0.0,11.0,True,True,22.0,22.0
2011-05-02,EMD,12.0,27.0,False,False,12.0,12.0
2011-05-02,ES,25.0,49.0,False,False,25.0,25.0
2011-05-02,FCE,1.0,39.0,False,False,1.0,1.0
2011-05-02,FESX,15.0,47.0,False,False,15.0,15.0
2011-05-02,FSMI,51.0,41.0,False,False,51.0,51.0
2011-05-02,NKD,1.0,-2.0,False,False,1.0,1.0
2011-05-02,NQ,28.0,57.0,False,False,28.0,28.0
2011-05-02,RTY,27.0,56.0,False,False,27.0,27.0
2011-05-02,SNK,-2.0,-6.0,False,False,2.0,2.0
2011-05-02,YAP,24.0,7.0,False,False,24.0,24.0
2011-05-02,YM,22.0,50.0,False,False,22.0,22.0
2011-05-02,CGB,-9.0,3.0,False,False,9.0,9.0
2011-05-02,FGBL,1.0,31.0,False,False,1.0,1.0
2011-05-02,FGBM,-86.0,-46.0,False,False,86.0,86.0
2011-05-02,FGBS,-58.0,-169.0,False,False,58.0,58.0
2011-05-02,FGBX,-5.0,2.0,False,False,5.0,5.0
2011-05-02,SJB,35.0,84.0,False,False,35.0,35.0
2011-05-02,YYT,-17.0,7.0,False,False,17.0,17.0
2011-05-02,ZT,-8.0,0.0,False,False,8.0,8.0
2011-05-02,ZF,-7.0,14.0,False,False,7.0,7.0
2011-05-02,ZB,18.0,41.0,False,False,18.0,18.0
2011-05-02,6A,13.0,41.0,False,False,13.0,13.0
2011-05-02,6B,2.0,43.0,False,False,2.0,2.0
2011-05-02,6C,28.0,67.0,False,False,28.0,28.0
2011-05-02,6E,7.0,25.0,False,False,7.0,7.0
2011-05-02,6J,5.0,18.0,False,False,5.0,5.0
2011-05-02,6N,16.0,47.0,False,False,16.0,16.0
2011-05-02,6S,7.0,19.0,False,False,7.0,7.0
2011-05-02,BRN,6.0,14.0,False,False,6.0,6.0
2011-05-02,CL,6.0,10.0,False,False,6.0,6.0
2011-05-02,GAS,1.0,15.0,False,False,1.0,1.0
2011-05-02,HO,7.0,15.0,False,False,7.0,7.0
2011-05-02,NG,-1.0,-9.0,False,False,1.0,1.0
2011-05-02,RB,6.0,11.0,False,False,6.0,6.0
2011-05-02,GC,1.0,16.0,False,False,1.0,1.0
2011-05-02,HG,6.0,16.0,False,False,6.0,6.0
2011-05-02,PA,6.0,16.0,False,False,6.0,6.0
2011-05-02,PL,11.0,29.0,False,False,11.0,11.0
2011-05-02,CC,62.0,41.0,False,False,62.0,62.0
2011-05-02,CT,6.0,11.0,False,False,6.0,6.0
2011-05-02,GF,1.0,33.0,False,False,1.0,1.0
2011-05-02,HE,-71.0,-49.0,False,False,71.0,71.0
2011-05-02,KC,3.0,9.0,False,False,3.0,3.0
2011-05-02,KE,1.0,14.0,False,False,1.0,1.0
2011-05-02,LE,15.0,30.0,False,False,15.0,15.0
2011-05-02,RS,45.0,114.0,False,False,45.0,45.0
2011-05-02,SB,17.0,33.0,False,False,17.0,17.0
2011-05-02,ZC,8.0,26.0,False,False,8.0,8.0
2011-05-02,ZM,1.0,13.0,False,False,1.0,1.0
2011-05-02,ZW,-7.0,4.0,False,False,7.0,7.0
2011-05-03,HTW,2.0,47.0,False,False,2.0,2.0
2011-05-03,LFT,1.0,24.0,False,False,1.0,1.0
2011-05-03,LLG,1.0,24.0,False,False,1.0,1.0
2011-05-12,GAS,0.0,15.0,True,True,30.0,30.0
2011-05-20,FCE,0.0,39.0,True,True,78.0,78.0
2011-05-20,CL,0.0,10.0,True,True,20.0,20.0
2011-05-26,NG,0.0,-9.0,True,True,18.0,18.0
2011-05-26,GF,0.0,33.0,True,True,66.0,66.0
2011-05-27,CGB,0.0,3.0,True,True,6.0,6.0
2011-05-27,LLG,0.0,24.0,True,True,48.0,48.0
2011-05-30,HTW,0.0,47.0,True,True,94.0,94.0
2011-05-31,ZF,0.0,14.0,True,True,28.0,28.0
2011-05-31,ZB,0.0,41.0,True,True,82.0,82.0
2011-05-31,BRN,0.0,14.0,True,True,28.0,28.0
2011-05-31,HO,0.0,15.0,True,True,30.0,30.0
2011-05-31,RB,0.0,11.0,True,True,22.0,22.0
2011-05-31,GC,0.0,16.0,True,True,32.0,32.0
2011-05-31,PA,0.0,16.0,True,True,32.0,32.0
2011-06-01,EMD,-1.0,26.0,False,False,1.0,1.0
2011-06-01,ES,-1.0,48.0,False,False,1.0,1.0
2011-06-01,FCE,-1.0,38.0,False,False,1.0,1.0
2011-06-01,FDAX,-2.0,3.0,False,False,2.0,2.0
2011-06-01,FESX,-1.0,46.0,False,False,1.0,1.0
2011-06-01,FSMI,-1.0,40.0,False,False,1.0,1.0
2011-06-01,HTW,-1.0,46.0,False,False,1.0,1.0
2011-06-01,NKD,2.0,0.0,False,False,2.0,2.0
2011-06-01,NQ,-1.0,56.0,False,False,1.0,1.0
2011-06-01,RTY,-18.0,38.0,False,False,18.0,18.0
2011-06-01,SNK,28.0,22.0,False,False,28.0,28.0
2011-06-01,SXF,4.0,14.0,False,False,4.0,4.0
2011-06-01,YM,-1.0,49.0,False,False,1.0,1.0
2011-06-01,CGB,22.0,25.0,False,False,22.0,22.0
2011-06-01,FGBL,-62.0,-31.0,False,False,62.0,62.0
2011-06-01,FGBM,2.0,-44.0,False,False,2.0,2.0
2011-06-01,FGBS,5.0,-164.0,False,False,5.0,5.0
2011-06-01,FGBX,-12.0,-10.0,False,False,12.0,12.0
2011-06-01,SJB,-2.0,82.0,False,False,2.0,2.0
2011-06-01,YXT,7.0,22.0,False,False,7.0,7.0
2011-06-01,YYT,52.0,59.0,False,False,52.0,52.0
2011-06-01,ZF,12.0,26.0,False,False,12.0,12.0
2011-06-01,ZN,35.0,35.0,False,False,35.0,35.0
2011-06-01,ZB,-1.0,40.0,False,False,1.0,1.0
2011-06-01,6A,-17.0,24.0,False,False,17.0,17.0
2011-06-01,6B,-2.0,41.0,False,False,2.0,2.0
2011-06-01,6C,-26.0,41.0,False,False,26.0,26.0
2011-06-01,6E,-11.0,14.0,False,False,11.0,11.0
2011-06-01,6J,-9.0,9.0,False,False,9.0,9.0
2011-06-01,6M,86.0,86.0,False,False,86.0,86.0
2011-06-01,6N,-17.0,30.0,False,False,17.0,17.0
2011-06-01,6S,-12.0,7.0,False,False,12.0,12.0
2011-06-01,BRN,-8.0,6.0,False,False,8.0,8.0
2011-06-01,CL,-1.0,9.0,False,False,1.0,1.0
2011-06-01,GAS,-7.0,8.0,False,False,7.0,7.0
2011-06-01,HO,-10.0,5.0,False,False,10.0,10.0
2011-06-01,NG,3.0,-6.0,False,False,3.0,3.0
2011-06-01,RB,-5.0,6.0,False,False,5.0,5.0
2011-06-01,GC,-1.0,15.0,False,False,1.0,1.0
2011-06-01,HG,-6.0,10.0,False,False,6.0,6.0
2011-06-01,PA,-1.0,15.0,False,False,1.0,1.0
2011-06-01,PL,-9.0,20.0,False,False,9.0,9.0
2011-06-01,SI,-4.0,2.0,False,False,4.0,4.0
2011-06-01,CC,-38.0,3.0,False,False,38.0,38.0
2011-06-01,GF,-10.0,23.0,False,False,10.0,10.0
2011-06-01,HE,15.0,-34.0,False,False,15.0,15.0
2011-06-01,KC,-6.0,3.0,False,False,6.0,6.0
2011-06-01,KE,-1.0,13.0,False,False,1.0,1.0
2011-06-01,LE,-20.0,10.0,False,False,20.0,20.0
2011-06-01,RS,-3.0,111.0,False,False,3.0,3.0
2011-06-01,SB,-1.0,32.0,False,False,1.0,1.0
2011-06-01,ZC,-1.0,25.0,False,False,1.0,1.0
2011-06-01,ZL,-11.0,14.0,False,False,11.0,11.0
2011-06-01,ZM,-13.0,0.0,False,False,13.0,13.0
2011-06-01,ZS,-7.0,5.0,False,False,7.0,7.0
2011-06-01,ZW,-3.0,1.0,False,False,3.0,3.0
2011-06-06,LE,0.0,10.0,True,True,20.0,20.0
2011-06-08,FGBL,0.0,-31.0,True,True,62.0,62.0
2011-06-08,FGBM,0.0,-44.0,True,True,88.0,88.0
2011-06-08,FGBS,0.0,-164.0,True,True,328.0,328.0
2011-06-08,FGBX,0.0,-10.0,True,True,20.0,20.0
2011-06-08,SJB,0.0,82.0,True,True,164.0,164.0
2011-06-09,SNK,0.0,22.0,True,True,44.0,44.0
2011-06-10,GAS,0.0,8.0,True,True,16.0,16.0
2011-06-13,6A,0.0,24.0,True,True,48.0,48.0
2011-06-13,6B,0.0,41.0,True,True,82.0,82.0
2011-06-13,6E,0.0,14.0,True,True,28.0,28.0
2011-06-13,6J,0.0,9.0,True,True,18.0,18.0
2011-06-13,6M,0.0,86.0,True,True,172.0,172.0
2011-06-13,6N,0.0,30.0,True,True,60.0,60.0
2011-06-13,6S,0.0,7.0,True,True,14.0,14.0
2011-06-14,6C,0.0,41.0,True,True,82.0,82.0
2011-06-14,HE,0.0,-34.0,True,True,68.0,68.0
2011-06-15,SXF,0.0,14.0,True,True,28.0,28.0
2011-06-15,YXT,0.0,22.0,True,True,44.0,44.0
2011-06-15,YYT,0.0,59.0,True,True,118.0,118.0
2011-06-16,ES,0.0,48.0,True,True,96.0,96.0
2011-06-16,YAP,0.0,7.0,True,True,14.0,14.0
2011-06-16,YM,0.0,49.0,True,True,98.0,98.0
2011-06-17,EMD,0.0,26.0,True,True,52.0,52.0
2011-06-17,FCE,0.0,38.0,True,True,76.0,76.0
2011-06-17,FDAX,0.0,3.0,True,True,6.0,6.0
2011-06-17,FESX,0.0,46.0,True,True,92.0,92.0
2011-06-17,FSMI,0.0,40.0,True,True,80.0,80.0
2011-06-17,LFT,0.0,24.0,True,True,48.0,48.0
2011-06-17,NQ,0.0,56.0,True,True,112.0,112.0
2011-06-17,RTY,0.0,38.0,True,True,76.0,76.0
2011-06-17,CC,0.0,3.0,True,True,6.0,6.0
2011-06-21,CL,0.0,9.0,True,True,18.0,18.0
2011-06-22,KC,0.0,3.0,True,True,6.0,6.0
2011-06-24,CT,0.0,11.0,True,True,22.0,22.0
2011-06-28,NG,0.0,-6.0,True,True,12.0,12.0
2011-06-29,HTW,0.0,46.0,True,True,92.0,92.0
2011-06-30,BRN,0.0,6.0,True,True,12.0,12.0
2011-06-30,HO,0.0,5.0,True,True,10.0,10.0
2011-06-30,RB,0.0,6.0,True,True,12.0,12.0
2011-06-30,HG,0.0,10.0,True,True,20.0,20.0
2011-06-30,PL,0.0,20.0,True,True,40.0,40.0
2011-06-30,SI,0.0,2.0,True,True,4.0,4.0
2011-06-30,KE,0.0,13.0,True,True,26.0,26.0
2011-06-30,RS,0.0,111.0,True,True,222.0,222.0
2011-06-30,SB,0.0,32.0,True,True,64.0,64.0
2011-06-30,ZC,0.0,25.0,True,True,50.0,50.0
2011-06-30,ZL,0.0,14.0,True,True,28.0,28.0
2011-06-30,ZS,0.0,5.0,True,True,10.0,10.0
2011-06-30,ZW,0.0,1.0,True,True,2.0,2.0
2011-07-01,EMD,-10.0,16.0,False,False,10.0,10.0
2011-07-01,ES,-23.0,25.0,False,False,23.0,23.0
2011-07-01,FCE,-15.0,23.0,False,False,15.0,15.0
2011-07-01,FDAX,-2.0,1.0,False,False,2.0,2.0
2011-07-01,FESX,-16.0,30.0,False,False,16.0,16.0
2011-07-01,FSMI,-16.0,24.0,False,False,16.0,16.0
2011-07-01,HTW,-23.0,23.0,False,False,23.0,23.0
2011-07-01,LFT,-7.0,17.0,False,False,7.0,7.0
2011-07-01,NKD,29.0,29.0,False,False,29.0,29.0
2011-07-01,NQ,-23.0,33.0,False,False,23.0,23.0
2011-07-01,RTY,-1.0,37.0,False,False,1.0,1.0
2011-07-01,YAP,4.0,11.0,False,False,4.0,4.0
2011-07-01,YM,-20.0,29.0,False,False,20.0,20.0
2011-07-01,FGBL,56.0,25.0,False,False,56.0,56.0
2011-07-01,FGBM,80.0,36.0,False,False,80.0,80.0
2011-07-01,FGBS,69.0,-95.0,False,False,69.0,69.0
2011-07-01,FGBX,6.0,-4.0,False,False,6.0,6.0
2011-07-01,LLG,-1.0,23.0,False,False,1.0,1.0
2011-07-01,SJB,-2.0,80.0,False,False,2.0,2.0
2011-07-01,YXT,-59.0,-37.0,False,False,59.0,59.0
2011-07-01,YYT,-29.0,30.0,False,False,29.0,29.0
2011-07-01,ZN,-1.0,34.0,False,False,1.0,1.0
2011-07-01,ZB,-17.0,23.0,False,False,17.0,17.0
2011-07-01,6A,-1.0,23.0,False,False,1.0,1.0
2011-07-01,6B,-11.0,30.0,False,False,11.0,11.0
2011-07-01,6C,-18.0,23.0,False,False,18.0,18.0
2011-07-01,6J,12.0,21.0,False,False,12.0,12.0
2011-07-01,6M,-59.0,27.0,False,False,59.0,59.0
2011-07-01,6S,12.0,19.0,False,False,12.0,12.0
2011-07-01,CL,-2.0,7.0,False,False,2.0,2.0
2011-07-01,GAS,-1.0,7.0,False,False,1.0,1.0
2011-07-01,NG,3.0,-3.0,False,False,3.0,3.0
2011-07-01,PL,-1.0,19.0,False,False,1.0,1.0
2011-07-01,SI,1.0,3.0,False,False,1.0,1.0
2011-07-01,CC,28.0,31.0,False,False,28.0,28.0
2011-07-01,CT,-1.0,10.0,False,False,1.0,1.0
2011-07-01,HE,62.0,28.0,False,False,62.0,62.0
2011-07-01,KE,-4.0,9.0,False,False,4.0,4.0
2011-07-01,LE,4.0,14.0,False,False,4.0,4.0
2011-07-01,SB,-9.0,23.0,False,False,9.0,9.0
2011-07-01,ZL,-9.0,5.0,False,False,9.0,9.0
2011-07-01,ZS,-5.0,0.0,False,False,5.0,5.0
2011-07-01,ZW,-16.0,-15.0,False,False,16.0,16.0
2011-07-04,SXF,-7.0,7.0,False,False,7.0,7.0
2011-07-04,RS,-51.0,60.0,False,False,51.0,51.0
2011-07-12,GAS,0.0,7.0,True,True,14.0,14.0
2011-07-15,FCE,0.0,23.0,True,True,46.0,46.0
2011-07-15,HE,0.0,28.0,True,True,56.0,56.0
2011-07-20,CL,0.0,7.0,True,True,14.0,14.0
2011-07-27,NG,0.0,-3.0,True,True,6.0,6.0
2011-07-28,HTW,0.0,23.0,True,True,46.0,46.0
2011-07-29,BRN,0.0,6.0,True,True,12.0,12.0
2011-07-29,HO,0.0,5.0,True,True,10.0,10.0
2011-07-29,RB,0.0,6.0,True,True,12.0,12.0
2011-07-29,GC,0.0,15.0,True,True,30.0,30.0
2011-07-29,ZL,0.0,5.0,True,True,10.0,10.0
2011-08-01,ES,1.0,26.0,False,False,1.0,1.0
2011-08-01,FCE,11.0,34.0,False,False,11.0,11.0
2011-08-01,FDAX,-1.0,0.0,False,False,1.0,1.0
2011-08-01,FESX,1.0,31.0,False,False,1.0,1.0
2011-08-01,HTW,19.0,42.0,False,False,19.0,19.0
2011-08-01,LFT,6.0,23.0,False,False,6.0,6.0
2011-08-01,NKD,15.0,44.0,False,False,15.0,15.0
2011-08-01,NQ,1.0,34.0,False,False,1.0,1.0
2011-08-01,RTY,1.0,38.0,False,False,1.0,1.0
2011-08-01,SNK,13.0,35.0,False,False,13.0,13.0
2011-08-01,YAP,-28.0,-17.0,False,False,28.0,28.0
2011-08-01,FGBM,1.0,37.0,False,False,1.0,1.0
2011-08-01,FGBS,148.0,53.0,False,False,148.0,148.0
2011-08-01,FGBX,-3.0,-7.0,False,False,3.0,3.0
2011-08-01,LLG,-5.0,18.0,False,False,5.0,5.0
2011-08-01,SJB,2.0,82.0,False,False,2.0,2.0
2011-08-01,YXT,49.0,12.0,False,False,49.0,49.0
2011-08-01,ZF,10.0,36.0,False,False,10.0,10.0
2011-08-01,ZN,1.0,35.0,False,False,1.0,1.0
2011-08-01,6A,1.0,24.0,False,False,1.0,1.0
2011-08-01,6B,14.0,44.0,False,False,14.0,14.0
2011-08-01,6C,12.0,35.0,False,False,12.0,12.0
2011-08-01,6J,9.0,30.0,False,False,9.0,9.0
2011-08-01,6M,12.0,39.0,False,False,12.0,12.0
2011-08-01,BRN,4.0,10.0,False,False,4.0,4.0
2011-08-01,CL,4.0,11.0,False,False,4.0,4.0
2011-08-01,GAS,7.0,14.0,False,False,7.0,7.0
2011-08-01,HO,6.0,11.0,False,False,6.0,6.0
2011-08-01,NG,3.0,0.0,False,False,3.0,3.0
2011-08-01,RB,4.0,10.0,False,False,4.0,4.0
2011-08-01,HG,8.0,18.0,False,False,8.0,8.0
2011-08-01,PL,9.0,28.0,False,False,9.0,9.0
2011-08-01,SI,2.0,5.0,False,False,2.0,2.0
2011-08-01,CC,13.0,44.0,False,False,13.0,13.0
2011-08-01,CT,1.0,11.0,False,False,1.0,1.0
2011-08-01,HE,26.0,54.0,False,False,26.0,26.0
2011-08-01,KC,-3.0,0.0,False,False,3.0,3.0
2011-08-01,KE,-35.0,-26.0,False,False,35.0,35.0
2011-08-01,LE,8.0,22.0,False,False,8.0,8.0
2011-08-01,ZL,-5.0,0.0,False,False,5.0,5.0
2011-08-01,ZW,-8.0,-23.0,False,False,8.0,8.0
2011-08-02,FSMI,-40.0,-16.0,False,False,40.0,40.0
2011-08-02,RS,22.0,82.0,False,False,22.0,22.0
2011-08-08,LE,0.0,22.0,True,True,44.0,44.0
2011-08-11,GAS,0.0,14.0,True,True,28.0,28.0
2011-08-12,HE,0.0,54.0,True,True,108.0,108.0
2011-08-18,CC,0.0,44.0,True,True,88.0,88.0
2011-08-19,FCE,0.0,34.0,True,True,68.0,68.0
2011-08-22,CL,0.0,11.0,True,True,22.0,22.0
2011-08-25,GF,0.0,23.0,True,True,46.0,46.0
2011-08-29,CGB,0.0,25.0,True,True,50.0,50.0
2011-08-30,HTW,0.0,42.0,True,True,84.0,84.0
2011-08-30,LLG,0.0,18.0,True,True,36.0,36.0
2011-08-31,ZF,0.0,36.0,True,True,72.0,72.0
2011-08-31,ZN,0.0,35.0,True,True,70.0,70.0
2011-08-31,ZB,0.0,23.0,True,True,46.0,46.0
2011-08-31,BRN,0.0,10.0,True,True,20.0,20.0
2011-08-31,HO,0.0,11.0,True,True,22.0,22.0
2011-08-31,RB,0.0,10.0,True,True,20.0,20.0
2011-08-31,HG,0.0,18.0,True,True,36.0,36.0
2011-08-31,PA,0.0,15.0,True,True,30.0,30.0
2011-08-31,SI,0.0,5.0,True,True,10.0,10.0
2011-08-31,KE,0.0,-26.0,True,True,52.0,52.0
2011-08-31,ZC,0.0,25.0,True,True,50.0,50.0
2011-08-31,ZW,0.0,-23.0,True,True,46.0,46.0
2011-09-01,EMD,-9.0,7.0,False,False,9.0,9.0
2011-09-01,ES,-13.0,13.0,False,False,13.0,13.0
2011-09-01,FCE,-50.0,-16.0,False,False,50.0,50.0
2011-09-01,FDAX,-4.0,-4.0,False,False,4.0,4.0
2011-09-01,FESX,-47.0,-16.0,False,False,47.0,47.0
2011-09-01,FSMI,7.0,-9.0,False,False,7.0,7.0
2011-09-01,HTW,-15.0,27.0,False,False,15.0,15.0
2011-09-01,LFT,-31.0,-8.0,False,False,31.0,31.0
2011-09-01,NKD,-49.0,-5.0,False,False,49.0,49.0
2011-09-01,NQ,-18.0,16.0,False,False,18.0,18.0
2011-09-01,RTY,-21.0,17.0,False,False,21.0,21.0
2011-09-01,SNK,-59.0,-24.0,False,False,59.0,59.0
2011-09-01,YAP,7.0,-10.0,False,False,7.0,7.0
2011-09-01,YM,-13.0,16.0,False,False,13.0,13.0
2011-09-01,FGBL,-22.0,3.0,False,False,22.0,22.0
2011-09-01,FGBM,-28.0,9.0,False,False,28.0,28.0
2011-09-01,FGBS,-1.0,52.0,False,False,1.0,1.0
2011-09-01,FGBX,18.0,11.0,False,False,18.0,18.0
2011-09-01,LLG,-7.0,11.0,False,False,7.0,7.0
2011-09-01,SJB,-1.0,81.0,False,False,1.0,1.0
2011-09-01,YXT,7.0,19.0,False,False,7.0,7.0
2011-09-01,ZF,17.0,53.0,False,False,17.0,17.0
2011-09-01,ZB,-15.0,8.0,False,False,15.0,15.0
2011-09-01,6A,-16.0,8.0,False,False,16.0,16.0
2011-09-01,6J,-11.0,19.0,False,False,11.0,11.0
2011-09-01,6M,-25.0,14.0,False,False,25.0,25.0
2011-09-01,6N,-26.0,4.0,False,False,26.0,26.0
2011-09-01,6S,-14.0,5.0,False,False,14.0,14.0
2011-09-01,CL,-4.0,7.0,False,False,4.0,4.0
2011-09-01,RB,-3.0,7.0,False,False,3.0,3.0
2011-09-01,GC,-12.0,3.0,False,False,12.0,12.0
2011-09-01,HG,-7.0,11.0,False,False,7.0,7.0
2011-09-01,PL,-12.0,16.0,False,False,12.0,12.0
2011-09-01,SI,-3.0,2.0,False,False,3.0,3.0
2011-09-01,GF,10.0,33.0,False,False,10.0,10.0
2011-09-01,HE,-1.0,53.0,False,False,1.0,1.0
2011-09-01,KC,3.0,3.0,False,False,3.0,3.0
2011-09-01,KE,26.0,0.0,False,False,26.0,26.0
2011-09-01,LE,-17.0,5.0,False,False,17.0,17.0
2011-09-01,RS,-1.0,81.0,False,False,1.0,1.0
2011-09-01,ZS,16.0,16.0,False,False,16.0,16.0
2011-09-07,SJB,0.0,81.0,True,True,162.0,162.0
2011-09-08,NKD,0.0,-5.0,True,True,10.0,10.0
2011-09-08,SNK,0.0,-24.0,True,True,48.0,48.0
2011-09-08,FGBL,0.0,3.0,True,True,6.0,6.0
2011-09-08,FGBM,0.0,9.0,True,True,18.0,18.0
2011-09-08,FGBS,0.0,52.0,True,True,104.0,104.0
2011-09-08,FGBX,0.0,11.0,True,True,22.0,22.0
2011-09-12,GAS,0.0,14.0,True,True,28.0,28.0
2011-09-14,SXF,0.0,7.0,True,True,14.0,14.0
2011-09-15,ES,0.0,13.0,True,True,26.0,26.0
2011-09-15,YAP,0.0,-10.0,True,True,20.0,20.0
2011-09-15,YM,0.0,16.0,True,True,32.0,32.0
2011-09-15,YXT,0.0,19.0,True,True,38.0,38.0
2011-09-15,YYT,0.0,30.0,True,True,60.0,60.0
2011-09-16,EMD,0.0,7.0,True,True,14.0,14.0
2011-09-16,FCE,0.0,-16.0,True,True,32.0,32.0
2011-09-16,FDAX,0.0,-4.0,True,True,8.0,8.0
2011-09-16,FESX,0.0,-16.0,True,True,32.0,32.0
2011-09-16,FSMI,0.0,-9.0,True,True,18.0,18.0
2011-09-16,LFT,0.0,-8.0,True,True,16.0,16.0
2011-09-16,NQ,0.0,16.0,True,True,32.0,32.0
2011-09-16,RTY,0.0,17.0,True,True,34.0,34.0
2011-09-19,6A,0.0,8.0,True,True,16.0,16.0
2011-09-19,6B,0.0,44.0,True,True,88.0,88.0
2011-09-19,6E,0.0,14.0,True,True,28.0,28.0
2011-09-19,6J,0.0,19.0,True,True,38.0,38.0
2011-09-19,6M,0.0,14.0,True,True,28.0,28.0
2011-09-19,6N,0.0,4.0,True,True,8.0,8.0
2011-09-19,6S,0.0,5.0,True,True,10.0,10.0
2011-09-20,6C,0.0,35.0,True,True,70.0,70.0
2011-09-20,CL,0.0,7.0,True,True,14.0,14.0
2011-09-29,HTW,0.0,27.0,True,True,54.0,54.0
2011-09-29,GF,0.0,33.0,True,True,66.0,66.0
2011-09-30,BRN,0.0,10.0,True,True,20.0,20.0
2011-09-30,HO,0.0,11.0,True,True,22.0,22.0
2011-09-30,RB,0.0,7.0,True,True,14.0,14.0
2011-09-30,PL,0.0,16.0,True,True,32.0,32.0
2011-09-30,SB,0.0,23.0,True,True,46.0,46.0
2011-10-03,EMD,-14.0,-7.0,False,False,14.0,14.0
2011-10-03,ES,-22.0,-9.0,False,False,22.0,22.0
2011-10-03,FCE,1.0,-15.0,False,False,1.0,1.0
2011-10-03,FESX,-7.0,-23.0,False,False,7.0,7.0
2011-10-03,FSMI,-4.0,-13.0,False,False,4.0,4.0
2011-10-03,HTW,-70.0,-43.0,False,False,70.0,70.0
2011-10-03,LFT,-3.0,-11.0,False,False,3.0,3.0
2011-10-03,NKD,3.0,-2.0,False,False,3.0,3.0
2011-10-03,NQ,9.0,25.0,False,False,9.0,9.0
2011-10-03,RTY,-26.0,-9.0,False,False,26.0,26.0
2011-10-03,SNK,13.0,-11.0,False,False,13.0,13.0
2011-10-03,SXF,-18.0,-11.0,False,False,18.0,18.0
2011-10-03,CGB,-1.0,24.0,False,False,1.0,1.0
2011-10-03,FGBL,13.0,16.0,False,False,13.0,13.0
2011-10-03,FGBM,21.0,30.0,False,False,21.0,21.0
2011-10-03,FGBS,16.0,68.0,False,False,16.0,16.0
2011-10-03,FGBX,-1.0,10.0,False,False,1.0,1.0
2011-10-03,SJB,26.0,107.0,False,False,26.0,26.0
2011-10-03,YXT,-1.0,18.0,False,False,1.0,1.0
2011-10-03,YYT,-1.0,29.0,False,False,1.0,1.0
2011-10-03,ZF,21.0,74.0,False,False,21.0,21.0
2011-10-03,ZN,-2.0,33.0,False,False,2.0,2.0
2011-10-03,6A,5.0,13.0,False,False,5.0,5.0
2011-10-03,6B,-44.0,0.0,False,False,44.0,44.0
2011-10-03,6C,-36.0,-1.0,False,False,36.0,36.0
2011-10-03,6E,-15.0,-1.0,False,False,15.0,15.0
2011-10-03,6J,-1.0,18.0,False,False,1.0,1.0
2011-10-03,6M,-58.0,-44.0,False,False,58.0,58.0
2011-10-03,6N,11.0,15.0,False,False,11.0,11.0
2011-10-03,6S,-2.0,3.0,False,False,2.0,2.0
2011-10-03,BRN,-1.0,9.0,False,False,1.0,1.0
2011-10-03,CL,-17.0,-10.0,False,False,17.0,17.0
2011-10-03,GAS,-1.0,13.0,False,False,1.0,1.0
2011-10-03,HO,-1.0,10.0,False,False,1.0,1.0
2011-10-03,NG,-2.0,-2.0,False,False,2.0,2.0
2011-10-03,RB,2.0,9.0,False,False,2.0,2.0
2011-10-03,HG,-15.0,-4.0,False,False,15.0,15.0
2011-10-03,PL,-18.0,-2.0,False,False,18.0,18.0
2011-10-03,CC,-48.0,-4.0,False,False,48.0,48.0
2011-10-03,CT,7.0,18.0,False,False,7.0,7.0
2011-10-03,GF,-28.0,5.0,False,False,28.0,28.0
2011-10-03,HE,-2.0,51.0,False,False,2.0,2.0
2011-10-03,KC,2.0,5.0,False,False,2.0,2.0
2011-10-03,KE,-26.0,-26.0,False,False,26.0,26.0
2011-10-03,LE,18.0,23.0,False,False,18.0,18.0
2011-10-03,RS,-3.0,78.0,False,False,3.0,3.0
2011-10-03,SB,-1.0,22.0,False,False,1.0,1.0
2011-10-03,ZC,-1.0,24.0,False,False,1.0,1.0
2011-10-03,ZL,-54.0,-54.0,False,False,54.0,54.0
2011-10-03,ZM,-43.0,-43.0,False,False,43.0,43.0
2011-10-03,ZS,-40.0,-24.0,False,False,40.0,40.0
2011-10-03,ZW,1.0,-22.0,False,False,1.0,1.0
2011-10-10,LE,0.0,23.0,True,True,46.0,46.0
2011-10-12,GAS,0.0,13.0,True,True,26.0,26.0
2011-10-14,HE,0.0,51.0,True,True,102.0,102.0
2011-10-20,CL,0.0,-10.0,True,True,20.0,20.0
2011-10-21,FCE,0.0,-15.0,True,True,30.0,30.0
2011-10-27,NG,0.0,-2.0,True,True,4.0,4.0
2011-10-27,GF,0.0,5.0,True,True,10.0,10.0
2011-10-28,HTW,0.0,-43.0,True,True,86.0,86.0
2011-10-31,BRN,0.0,9.0,True,True,18.0,18.0
2011-10-31,HO,0.0,10.0,True,True,20.0,20.0
2011-10-31,RB,0.0,9.0,True,True,18.0,18.0
2011-10-31,RS,0.0,78.0,True,True,156.0,156.0
2011-10-31,ZS,0.0,-24.0,True,True,48.0,48.0
2011-11-01,EMD,17.0,10.0,False,False,17.0,17.0
2011-11-01,ES,27.0,18.0,False,False,27.0,27.0
2011-11-01,FCE,-6.0,-21.0,False,False,6.0,6.0
2011-11-01,FDAX,-1.0,-5.0,False,False,1.0,1.0
2011-11-01,FESX,1.0,-22.0,False,False,1.0,1.0
2011-11-01,FSMI,-6.0,-19.0,False,False,6.0,6.0
2011-11-01,HTW,-17.0,-60.0,False,False,17.0,17.0
2011-11-01,NKD,2.0,0.0,False,False,2.0,2.0
2011-11-01,NQ,-1.0,24.0,False,False,1.0,1.0
2011-11-01,RTY,34.0,25.0,False,False,34.0,34.0
2011-11-01,SNK,-7.0,-18.0,False,False,7.0,7.0
2011-11-01,FGBL,-1.0,15.0,False,False,1.0,1.0
2011-11-01,FGBS,-29.0,39.0,False,False,29.0,29.0
2011-11-01,LLG,3.0,14.0,False,False,3.0,3.0
2011-11-01,SJB,-2.0,105.0,False,False,2.0,2.0
2011-11-01,YYT,9.0,38.0,False,False,9.0,9.0
2011-11-01,ZF,-2.0,72.0,False,False,2.0,2.0
2011-11-01,ZB,5.0,13.0,False,False,5.0,5.0
2011-11-01,6A,-1.0,12.0,False,False,1.0,1.0
2011-11-01,6B,48.0,48.0,False,False,48.0,48.0
2011-11-01,6C,30.0,29.0,False,False,30.0,30.0
2011-11-01,6E,19.0,18.0,False,False,19.0,19.0
2011-11-01,6M,1.0,-43.0,False,False,1.0,1.0
2011-11-01,BRN,4.0,13.0,False,False,4.0,4.0
2011-11-01,GAS,4.0,17.0,False,False,4.0,4.0
2011-11-01,HO,4.0,14.0,False,False,4.0,4.0
2011-11-01,NG,-15.0,-17.0,False,False,15.0,15.0
2011-11-01,GC,2.0,5.0,False,False,2.0,2.0
2011-11-01,PA,-21.0,-6.0,False,False,21.0,21.0
2011-11-01,PL,1.0,-1.0,False,False,1.0,1.0
2011-11-01,CC,-10.0,-14.0,False,False,10.0,10.0
2011-11-01,CT,7.0,25.0,False,False,7.0,7.0
2011-11-01,GF,-5.0,0.0,False,False,5.0,5.0
2011-11-01,HE,18.0,69.0,False,False,18.0,18.0
2011-11-01,KC,-3.0,2.0,False,False,3.0,3.0
2011-11-01,KE,1.0,-25.0,False,False,1.0,1.0
2011-11-01,RS,-310.0,-232.0,False,False,310.0,310.0
2011-11-01,SB,14.0,36.0,False,False,14.0,14.0
2011-11-01,ZC,16.0,40.0,False,False,16.0,16.0
2011-11-01,ZL,1.0,-53.0,False,False,1.0,1.0
2011-11-01,ZM,1.0,-42.0,False,False,1.0,1.0
2011-11-01,ZW,-9.0,-31.0,False,False,9.0,9.0
2011-11-10,GAS,0.0,17.0,True,True,34.0,34.0
2011-11-16,CC,0.0,-14.0,True,True,28.0,28.0
2011-11-18,FCE,0.0,-21.0,True,True,42.0,42.0
2011-11-21,CL,0.0,-10.0,True,True,20.0,20.0
2011-11-21,KC,0.0,2.0,True,True,4.0,4.0
2011-11-23,CT,0.0,25.0,True,True,50.0,50.0
2011-11-28,CGB,0.0,24.0,True,True,48.0,48.0
2011-11-28,NG,0.0,-17.0,True,True,34.0,34.0
2011-11-29,HTW,0.0,-60.0,True,True,120.0,120.0
2011-11-29,LLG,0.0,14.0,True,True,28.0,28.0
2011-11-30,ZF,0.0,72.0,True,True,144.0,144.0
2011-11-30,ZN,0.0,33.0,True,True,66.0,66.0
2011-11-30,ZB,0.0,13.0,True,True,26.0,26.0
2011-11-30,BRN,0.0,13.0,True,True,26.0,26.0
2011-11-30,HO,0.0,14.0,True,True,28.0,28.0
2011-11-30,RB,0.0,9.0,True,True,18.0,18.0
2011-11-30,GC,0.0,5.0,True,True,10.0,10.0
2011-11-30,HG,0.0,-4.0,True,True,8.0,8.0
2011-11-30,PA,0.0,-6.0,True,True,12.0,12.0
2011-11-30,SI,0.0,2.0,True,True,4.0,4.0
2011-11-30,KE,0.0,-25.0,True,True,50.0,50.0
2011-11-30,ZC,0.0,40.0,True,True,80.0,80.0
2011-11-30,ZL,0.0,-53.0,True,True,106.0,106.0
2011-11-30,ZM,0.0,-42.0,True,True,84.0,84.0
2011-11-30,ZW,0.0,-31.0,True,True,62.0,62.0
2011-12-01,EMD,-15.0,-5.0,False,False,15.0,15.0
2011-12-01,ES,17.0,35.0,False,False,17.0,17.0
2011-12-01,FCE,-18.0,-39.0,False,False,18.0,18.0
2011-12-01,FDAX,-3.0,-8.0,False,False,3.0,3.0
2011-12-01,FESX,-27.0,-49.0,False,False,27.0,27.0
2011-12-01,FSMI,19.0,0.0,False,False,19.0,19.0
2011-12-01,HTW,-31.0,-91.0,False,False,31.0,31.0
2011-12-01,NQ,24.0,48.0,False,False,24.0,24.0
2011-12-01,RTY,-25.0,0.0,False,False,25.0,25.0
2011-12-01,SNK,-28.0,-46.0,False,False,28.0,28.0
2011-12-01,YAP,-8.0,-18.0,False,False,8.0,8.0
2011-12-01,YM,24.0,40.0,False,False,24.0,24.0
2011-12-01,CGB,34.0,58.0,False,False,34.0,34.0
2011-12-01,FGBL,1.0,16.0,False,False,1.0,1.0
2011-12-01,FGBM,11.0,41.0,False,False,11.0,11.0
2011-12-01,FGBX,4.0,14.0,False,False,4.0,4.0
2011-12-01,LLG,20.0,34.0,False,False,20.0,20.0
2011-12-01,SJB,-100.0,5.0,False,False,100.0,100.0
2011-12-01,YXT,46.0,64.0,False,False,46.0,46.0
2011-12-01,YYT,74.0,112.0,False,False,74.0,74.0
2011-12-01,ZF,75.0,147.0,False,False,75.0,75.0
2011-12-01,ZN,43.0,76.0,False,False,43.0,43.0
2011-12-01,6B,-57.0,-9.0,False,False,57.0,57.0
2011-12-01,6C,-32.0,-3.0,False,False,32.0,32.0
2011-12-01,6E,11.0,29.0,False,False,11.0,11.0
2011-12-01,6J,29.0,47.0,False,False,29.0,29.0
2011-12-01,6M,-39.0,-82.0,False,False,39.0,39.0
2011-12-01,6S,19.0,22.0,False,False,19.0,19.0
2011-12-01,BRN,9.0,22.0,False,False,9.0,9.0
2011-12-01,CL,32.0,22.0,False,False,32.0,32.0
2011-12-01,GAS,15.0,32.0,False,False,15.0,15.0
2011-12-01,HO,8.0,22.0,False,False,8.0,8.0
2011-12-01,NG,-20.0,-37.0,False,False,20.0,20.0
2011-12-01,RB,8.0,17.0,False,False,8.0,8.0
2011-12-01,GC,3.0,8.0,False,False,3.0,3.0
2011-12-01,HG,-13.0,-17.0,False,False,13.0,13.0
2011-12-01,PA,-11.0,-17.0,False,False,11.0,11.0
2011-12-01,PL,1.0,0.0,False,False,1.0,1.0
2011-12-01,CC,-66.0,-80.0,False,False,66.0,66.0
2011-12-01,CT,15.0,40.0,False,False,15.0,15.0
2011-12-01,HE,55.0,124.0,False,False,55.0,55.0
2011-12-01,KC,-1.0,1.0,False,False,1.0,1.0
2011-12-01,KE,-34.0,-59.0,False,False,34.0,34.0
2011-12-01,LE,45.0,68.0,False,False,45.0,45.0
2011-12-01,RS,-153.0,-385.0,False,False,153.0,153.0
2011-12-01,SB,36.0,72.0,False,False,36.0,36.0
2011-12-01,ZC,30.0,70.0,False,False,30.0,30.0
2011-12-01,ZL,-37.0,-90.0,False,False,37.0,37.0
2011-12-01,ZM,-46.0,-88.0,False,False,46.0,46.0
2011-12-01,ZS,-25.0,-49.0,False,False,25.0,25.0
2011-12-01,ZW,-24.0,-55.0,False,False,24.0,24.0
2011-12-02,SJB,-5.0,0.0,False,False,5.0,5.0
2011-12-05,LE,0.0,68.0,True,True,136.0,136.0
2011-12-08,SNK,0.0,-46.0,True,True,92.0,92.0
2011-12-08,FGBL,0.0,16.0,True,True,32.0,32.0
2011-12-08,FGBM,0.0,41.0,True,True,82.0,82.0
2011-12-08,FGBS,0.0,39.0,True,True,78.0,78.0
2011-12-08,FGBX,0.0,14.0,True,True,28.0,28.0
2011-12-12,GAS,0.0,32.0,True,True,64.0,64.0
2011-12-14,SXF,0.0,-11.0,True,True,22.0,22.0
2011-12-14,HE,0.0,124.0,True,True,248.0,248.0
2011-12-15,ES,0.0,35.0,True,True,70.0,70.0
2011-12-15,YAP,0.0,-18.0,True,True,36.0,36.0
2011-12-15,YM,0.0,40.0,True,True,80.0,80.0
2011-12-15,YXT,0.0,64.0,True,True,128.0,128.0
2011-12-15,YYT,0.0,112.0,True,True,224.0,224.0
2011-12-16,EMD,0.0,-5.0,True,True,10.0,10.0
2011-12-16,FCE,0.0,-39.0,True,True,78.0,78.0
2011-12-16,FDAX,0.0,-8.0,True,True,16.0,16.0
2011-12-16,FESX,0.0,-49.0,True,True,98.0,98.0
2011-12-16,LFT,0.0,-11.0,True,True,22.0,22.0
2011-12-16,NQ,0.0,48.0,True,True,96.0,96.0
2011-12-19,6A,0.0,12.0,True,True,24.0,24.0
2011-12-19,6B,0.0,-9.0,True,True,18.0,18.0
2011-12-19,6E,0.0,29.0,True,True,58.0,58.0
2011-12-19,6J,0.0,47.0,True,True,94.0,94.0
2011-12-19,6M,0.0,-82.0,True,True,164.0,164.0
2011-12-19,6N,0.0,15.0,True,True,30.0,30.0
2011-12-19,6S,0.0,22.0,True,True,44.0,44.0
2011-12-20,6C,0.0,-3.0,True,True,6.0,6.0
2011-12-20,CL,0.0,22.0,True,True,44.0,44.0
2011-12-28,NG,0.0,-37.0,True,True,74.0,74.0
2011-12-29,HTW,0.0,-91.0,True,True,182.0,182.0
2011-12-30,BRN,0.0,22.0,True,True,44.0,44.0
2011-12-30,HO,0.0,22.0,True,True,44.0,44.0
2011-12-30,RB,0.0,17.0,True,True,34.0,34.0
2011-12-30,RS,0.0,-385.0,True,True,770.0,770.0
2011-12-30,ZL,0.0,-90.0,True,True,180.0,180.0
2011-12-30,ZM,0.0,-88.0,True,True,176.0,176.0
2011-12-30,ZS,0.0,-49.0,True,True,98.0,98.0
2012-01-02,FCE,-33.0,-72.0,False,False,33.0,33.0
2012-01-02,FDAX,-8.0,-16.0,False,False,8.0,8.0
2012-01-02,FESX,-35.0,-84.0,False,False,35.0,35.0
2012-01-02,HTW,-46.0,-137.0,False,False,46.0,46.0
2012-01-02,FGBL,13.0,29.0,False,False,13.0,13.0
2012-01-02,FGBS,154.0,193.0,False,False,154.0,154.0
2012-01-02,FGBX,20.0,34.0,False,False,20.0,20.0
2012-01-03,EMD,-13.0,-18.0,False,False,13.0,13.0
2012-01-03,ES,-66.0,-31.0,False,False,66.0,66.0
2012-01-03,FSMI,-46.0,-46.0,False,False,46.0,46.0
2012-01-03,LFT,-33.0,-44.0,False,False,33.0,33.0
2012-01-03,NQ,-48.0,0.0,False,False,48.0,48.0
2012-01-03,SXF,-22.0,-33.0,False,False,22.0,22.0
2012-01-03,YM,32.0,72.0,False,False,32.0,32.0
2012-01-03,CGB,35.0,93.0,False,False,35.0,35.0
2012-01-03,LLG,30.0,64.0,False,False,30.0,30.0
2012-01-03,YXT,-42.0,22.0,False,False,42.0,42.0
2012-01-03,YYT,-76.0,36.0,False,False,76.0,76.0
2012-01-03,ZF,96.0,243.0,False,False,96.0,96.0
2012-01-03,ZN,52.0,128.0,False,False,52.0,52.0
2012-01-03,ZB,20.0,33.0,False,False,20.0,20.0
2012-01-03,6A,43.0,55.0,False,False,43.0,43.0
2012-01-03,6B,9.0,0.0,False,False,9.0,9.0
2012-01-03,6C,-29.0,-32.0,False,False,29.0,29.0
2012-01-03,6E,-35.0,-6.0,False,False,35.0,35.0
2012-01-03,6J,-31.0,16.0,False,False,31.0,31.0
2012-01-03,6M,-84.0,-166.0,False,False,84.0,84.0
2012-01-03,6N,57.0,72.0,False,False,57.0,57.0
2012-01-03,6S,-22.0,0.0,False,False,22.0,22.0
2012-01-03,BRN,13.0,35.0,False,False,13.0,13.0
2012-01-03,CL,-45.0,-23.0,False,False,45.0,45.0
2012-01-03,GAS,19.0,51.0,False,False,19.0,19.0
2012-01-03,HO,14.0,36.0,False,False,14.0,14.0
2012-01-03,NG,-15.0,-52.0,False,False,15.0,15.0
2012-01-03,RB,12.0,29.0,False,False,12.0,12.0
2012-01-03,GC,6.0,14.0,False,False,6.0,6.0
2012-01-03,HG,-15.0,-32.0,False,False,15.0,15.0
2012-01-03,PA,-15.0,-32.0,False,False,15.0,15.0
2012-01-03,SI,-14.0,-12.0,False,False,14.0,14.0
2012-01-03,CC,-32.0,-112.0,False,False,32.0,32.0
2012-01-03,CT,30.0,70.0,False,False,30.0,30.0
2012-01-03,HE,1.0,125.0,False,False,1.0,1.0
2012-01-03,KC,-38.0,-37.0,False,False,38.0,38.0
2012-01-03,KE,-37.0,-96.0,False,False,37.0,37.0
2012-01-03,RS,385.0,0.0,False,False,385.0,385.0
2012-01-03,SB,-89.0,-17.0,False,False,89.0,89.0
2012-01-03,ZC,32.0,102.0,False,False,32.0,32.0
2012-01-03,ZM,-48.0,-136.0,False,False,48.0,48.0
2012-01-03,ZS,-29.0,-78.0,False,False,29.0,29.0
2012-01-03,ZW,-41.0,-96.0,False,False,41.0,41.0
2012-01-04,SJB,72.0,72.0,False,False,72.0,72.0
2012-01-12,GAS,0.0,51.0,True,True,102.0,102.0
2012-01-20,FCE,0.0,-72.0,True,True,144.0,144.0
2012-01-20,CL,0.0,-23.0,True,True,46.0,46.0
2012-01-27,NG,0.0,-52.0,True,True,104.0,104.0
2012-01-30,HTW,0.0,-137.0,True,True,274.0,274.0
2012-01-31,BRN,0.0,35.0,True,True,70.0,70.0
2012-01-31,HO,0.0,36.0,True,True,72.0,72.0
2012-01-31,RB,0.0,29.0,True,True,58.0,58.0
2012-01-31,GC,0.0,14.0,True,True,28.0,28.0
2012-02-01,EMD,6.0,-12.0,False,False,6.0,6.0
2012-02-01,ES,97.0,66.0,False,False,97.0,97.0
2012-02-01,FESX,-1.0,-85.0,False,False,1.0,1.0
2012-02-01,FSMI,11.0,-35.0,False,False,11.0,11.0
2012-02-01,HTW,-1.0,-138.0,False,False,1.0,1.0
2012-02-01,NQ,91.0,91.0,False,False,91.0,91.0
2012-02-01,SNK,13.0,-33.0,False,False,13.0,13.0
2012-02-01,YAP,6.0,-12.0,False,False,6.0,6.0
2012-02-01,YM,1.0,73.0,False,False,1.0,1.0
2012-02-01,CGB,1.0,94.0,False,False,1.0,1.0
2012-02-01,FGBM,1.0,42.0,False,False,1.0,1.0
2012-02-01,FGBS,-111.0,82.0,False,False,111.0,111.0
2012-02-01,SJB,1.0,73.0,False,False,1.0,1.0
2012-02-01,YXT,1.0,23.0,False,False,1.0,1.0
2012-02-01,YYT,-10.0,26.0,False,False,10.0,10.0
2012-02-01,ZF,3.0,246.0,False,False,3.0,3.0
2012-02-01,ZN,1.0,129.0,False,False,1.0,1.0
2012-02-01,ZB,1.0,34.0,False,False,1.0,1.0
2012-02-01,6A,1.0,56.0,False,False,1.0,1.0
2012-02-01,6E,5.0,-1.0,False,False,5.0,5.0
2012-02-01,6M,-2.0,-168.0,False,False,2.0,2.0
2012-02-01,6N,1.0,73.0,False,False,1.0,1.0
2012-02-01,CL,53.0,30.0,False,False,53.0,53.0
2012-02-01,GAS,1.0,52.0,False,False,1.0,1.0
2012-02-01,NG,17.0,-35.0,False,False,17.0,17.0
2012-02-01,GC,-13.0,1.0,False,False,13.0,13.0
2012-02-01,SI,13.0,1.0,False,False,13.0,13.0
2012-02-01,CC,38.0,-74.0,False,False,38.0,38.0
2012-02-01,CT,-70.0,0.0,False,False,70.0,70.0
2012-02-01,HE,1.0,126.0,False,False,1.0,1.0
2012-02-01,KC,-1.0,-38.0,False,False,1.0,1.0
2012-02-01,KE,-2.0,-98.0,False,False,2.0,2.0
2012-02-01,LE,50.0,118.0,False,False,50.0,50.0
2012-02-01,RS,-46.0,-46.0,False,False,46.0,46.0
2012-02-01,ZC,-102.0,0.0,False,False,102.0,102.0
2012-02-01,ZL,-1.0,-91.0,False,False,1.0,1.0
2012-02-01,ZM,59.0,-77.0,False,False,59.0,59.0
2012-02-01,ZS,24.0,-54.0,False,False,24.0,24.0
2012-02-01,ZW,-1.0,-97.0,False,False,1.0,1.0
2012-02-06,LE,0.0,118.0,True,True,236.0,236.0
2012-02-10,GAS,0.0,52.0,True,True,104.0,104.0
2012-02-14,HE,0.0,126.0,True,True,252.0,252.0
2012-02-15,CC,0.0,-74.0,True,True,148.0,148.0
2012-02-17,FCE,0.0,-72.0,True,True,144.0,144.0
2012-02-21,CL,0.0,30.0,True,True,60.0,60.0
2012-02-21,KC,0.0,-38.0,True,True,76.0,76.0
2012-02-24,HTW,0.0,-138.0,True,True,276.0,276.0
2012-02-27,CGB,0.0,94.0,True,True,188.0,188.0
2012-02-27,NG,0.0,-35.0,True,True,70.0,70.0
2012-02-28,LLG,0.0,64.0,True,True,128.0,128.0
2012-02-29,ZF,0.0,246.0,True,True,492.0,492.0
2012-02-29,ZN,0.0,129.0,True,True,258.0,258.0
2012-02-29,ZB,0.0,34.0,True,True,68.0,68.0
2012-02-29,BRN,0.0,35.0,True,True,70.0,70.0
2012-02-29,HO,0.0,36.0,True,True,72.0,72.0
2012-02-29,RB,0.0,29.0,True,True,58.0,58.0
2012-02-29,HG,0.0,-32.0,True,True,64.0,64.0
2012-02-29,PA,0.0,-32.0,True,True,64.0,64.0
2012-02-29,SI,0.0,1.0,True,True,2.0,2.0
2012-02-29,KE,0.0,-98.0,True,True,196.0,196.0
2012-02-29,RS,0.0,-46.0,True,True,92.0,92.0
2012-02-29,SB,0.0,-17.0,True,True,34.0,34.0
2012-02-29,ZL,0.0,-91.0,True,True,182.0,182.0
2012-02-29,ZM,0.0,-77.0,True,True,154.0,154.0
2012-02-29,ZS,0.0,-54.0,True,True,108.0,108.0
2012-02-29,ZW,0.0,-97.0,True,True,194.0,194.0
2012-03-01,EMD,65.0,53.0,False,False,65.0,65.0
2012-03-01,ES,30.0,96.0,False,False,30.0,30.0
2012-03-01,FESX,85.0,0.0,False,False,85.0,85.0
2012-03-01,FSMI,35.0,0.0,False,False,35.0,35.0
2012-03-01,HTW,230.0,92.0,False,False,230.0,230.0
2012-03-01,LFT,108.0,64.0,False,False,108.0,108.0
2012-03-01,NQ,32.0,123.0,False,False,32.0,32.0
2012-03-01,RTY,101.0,101.0,False,False,101.0,101.0
2012-03-01,SNK,33.0,0.0,False,False,33.0,33.0
2012-03-01,SXF,24.0,-9.0,False,False,24.0,24.0
2012-03-01,YAP,-14.0,-26.0,False,False,14.0,14.0
2012-03-01,YM,37.0,110.0,False,False,37.0,37.0
2012-03-01,CGB,-1.0,93.0,False,False,1.0,1.0
2012-03-01,FGBL,-29.0,0.0,False,False,29.0,29.0
2012-03-01,FGBM,-42.0,0.0,False,False,42.0,42.0
2012-03-01,FGBS,-82.0,0.0,False,False,82.0,82.0
2012-03-01,SJB,-73.0,0.0,False,False,73.0,73.0
2012-03-01,YXT,25.0,48.0,False,False,25.0,25.0
2012-03-01,YYT,75.0,101.0,False,False,75.0,75.0
2012-03-01,ZF,-180.0,66.0,False,False,180.0,180.0
2012-03-01,ZN,-44.0,85.0,False,False,44.0,44.0
2012-03-01,6A,-35.0,21.0,False,False,35.0,35.0
2012-03-01,6B,-44.0,-44.0,False,False,44.0,44.0
2012-03-01,6E,-25.0,-26.0,False,False,25.0,25.0
2012-03-01,6J,51.0,67.0,False,False,51.0,51.0
2012-03-01,6M,2.0,-166.0,False,False,2.0,2.0
2012-03-01,6N,-73.0,0.0,False,False,73.0,73.0
2012-03-01,6S,13.0,13.0,False,False,13.0,13.0
2012-03-01,NG,1.0,-34.0,False,False,1.0,1.0
2012-03-01,GC,4.0,5.0,False,False,4.0,4.0
2012-03-01,SI,-13.0,-12.0,False,False,13.0,13.0
2012-03-01,CC,1.0,-73.0,False,False,1.0,1.0
2012-03-01,HE,-1.0,125.0,False,False,1.0,1.0
2012-03-01,KC,1.0,-37.0,False,False,1.0,1.0
2012-03-01,KE,1.0,-97.0,False,False,1.0,1.0
2012-03-01,LE,-1.0,117.0,False,False,1.0,1.0
2012-03-01,RS,675.0,629.0,False,False,675.0,675.0
2012-03-01,SB,82.0,65.0,False,False,82.0,82.0
2012-03-01,ZL,50.0,-41.0,False,False,50.0,50.0
2012-03-01,ZM,1.0,-76.0,False,False,1.0,1.0
2012-03-01,ZS,-23.0,-77.0,False,False,23.0,23.0
2012-03-01,ZW,39.0,-58.0,False,False,39.0,39.0
2012-03-08,FGBX,0.0,34.0,True,True,68.0,68.0
2012-03-12,GAS,0.0,52.0,True,True,104.0,104.0
2012-03-14,SXF,0.0,-9.0,True,True,18.0,18.0
2012-03-15,ES,0.0,96.0,True,True,192.0,192.0
2012-03-15,YAP,0.0,-26.0,True,True,52.0,52.0
2012-03-15,YM,0.0,110.0,True,True,220.0,220.0
2012-03-15,YXT,0.0,48.0,True,True,96.0,96.0
2012-03-15,YYT,0.0,101.0,True,True,202.0,202.0
2012-03-16,EMD,0.0,53.0,True,True,106.0,106.0
2012-03-16,FCE,0.0,-72.0,True,True,144.0,144.0
2012-03-16,FDAX,0.0,-16.0,True,True,32.0,32.0
2012-03-16,LFT,0.0,64.0,True,True,128.0,128.0
2012-03-16,NQ,0.0,123.0,True,True,246.0,246.0
2012-03-16,RTY,0.0,101.0,True,True,202.0,202.0
2012-03-19,6A,0.0,21.0,True,True,42.0,42.0
2012-03-19,6B,0.0,-44.0,True,True,88.0,88.0
2012-03-19,6E,0.0,-26.0,True,True,52.0,52.0
2012-03-19,6J,0.0,67.0,True,True,134.0,134.0
2012-03-19,6M,0.0,-166.0,True,True,332.0,332.0
2012-03-19,6S,0.0,13.0,True,True,26.0,26.0
2012-03-20,6C,0.0,-32.0,True,True,64.0,64.0
2012-03-20,CL,0.0,30.0,True,True,60.0,60.0
2012-03-28,NG,0.0,-34.0,True,True,68.0,68.0
2012-03-29,HTW,0.0,92.0,True,True,184.0,184.0
2012-03-30,BRN,0.0,35.0,True,True,70.0,70.0
2012-03-30,HO,0.0,36.0,True,True,72.0,72.0
2012-03-30,RB,0.0,29.0,True,True,58.0,58.0
2012-03-30,GC,0.0,5.0,True,True,10.0,10.0
2012-04-02,FCE,72.0,0.0,False,False,72.0,72.0
2012-04-02,FESX,-121.0,-121.0,False,False,121.0,121.0
2012-04-02,FSMI,98.0,98.0,False,False,98.0,98.0
2012-04-02,HTW,-241.0,-149.0,False,False,241.0,241.0
2012-04-02,LFT,-103.0,-39.0,False,False,103.0,103.0
2012-04-02,NKD,110.0,110.0,False,False,110.0,110.0
2012-04-02,SNK,92.0,92.0,False,False,92.0,92.0
2012-04-02,SXF,-22.0,-31.0,False,False,22.0,22.0
2012-04-02,YAP,23.0,-3.0,False,False,23.0,23.0
2012-04-02,FGBL,42.0,42.0,False,False,42.0,42.0
2012-04-02,FGBM,66.0,66.0,False,False,66.0,66.0
2012-04-02,SJB,42.0,42.0,False,False,42.0,42.0
2012-04-02,YXT,-31.0,17.0,False,False,31.0,31.0
2012-04-02,YYT,-101.0,0.0,False,False,101.0,101.0
2012-04-02,ZB,-1.0,33.0,False,False,1.0,1.0
2012-04-02,6A,45.0,66.0,False,False,45.0,45.0
2012-04-02,6B,44.0,0.0,False,False,44.0,44.0
2012-04-02,6C,-42.0,-74.0,False,False,42.0,42.0
2012-04-02,6J,-37.0,30.0,False,False,37.0,37.0
2012-04-02,6N,77.0,77.0,False,False,77.0,77.0
2012-04-02,6S,-68.0,-55.0,False,False,68.0,68.0
2012-04-02,CL,-30.0,0.0,False,False,30.0,30.0
2012-04-02,HO,-36.0,0.0,False,False,36.0,36.0
2012-04-02,GC,-5.0,0.0,False,False,5.0,5.0
2012-04-02,PL,-15.0,-15.0,False,False,15.0,15.0
2012-04-02,GF,28.0,28.0,False,False,28.0,28.0
2012-04-02,KE,39.0,-58.0,False,False,39.0,39.0
2012-04-02,LE,-231.0,-114.0,False,False,231.0,231.0
2012-04-02,RS,-210.0,419.0,False,False,210.0,210.0
2012-04-02,ZL,-19.0,-60.0,False,False,19.0,19.0
2012-04-02,ZM,101.0,25.0,False,False,101.0,101.0
2012-04-02,ZS,119.0,42.0,False,False,119.0,119.0
2012-04-02,ZW,17.0,-41.0,False,False,17.0,17.0
2012-04-09,LE,0.0,-114.0,True,True,228.0,228.0
2012-04-12,GAS,0.0,52.0,True,True,104.0,104.0
2012-04-16,HE,0.0,125.0,True,True,250.0,250.0
2012-04-17,CC,0.0,-73.0,True,True,146.0,146.0
2012-04-20,KC,0.0,-37.0,True,True,74.0,74.0
2012-04-26,NG,0.0,-34.0,True,True,68.0,68.0
2012-04-26,GF,0.0,28.0,True,True,56.0,56.0
2012-04-27,HTW,0.0,-149.0,True,True,298.0,298.0
2012-04-30,BRN,0.0,35.0,True,True,70.0,70.0
2012-04-30,RB,0.0,29.0,True,True,58.0,58.0
2012-04-30,HG,0.0,-32.0,True,True,64.0,64.0
2012-04-30,SI,0.0,-12.0,True,True,24.0,24.0
2012-04-30,KE,0.0,-58.0,True,True,116.0,116.0
2012-04-30,RS,0.0,419.0,True,True,838.0,838.0
2012-04-30,SB,0.0,65.0,True,True,130.0,130.0
2012-04-30,ZL,0.0,-60.0,True,True,120.0,120.0
2012-04-30,ZM,0.0,25.0,True,True,50.0,50.0
2012-04-30,ZS,0.0,42.0,True,True,84.0,84.0
2012-04-30,ZW,0.0,-41.0,True,True,82.0,82.0
2012-05-01,EMD,-55.0,-2.0,False,False,55.0,55.0
2012-05-01,ES,2.0,98.0,False,False,2.0,2.0
2012-05-01,LFT,-1.0,-40.0,False,False,1.0,1.0
2012-05-01,NKD,-110.0,0.0,False,False,110.0,110.0
2012-05-01,NQ,3.0,126.0,False,False,3.0,3.0
2012-05-01,RTY,-101.0,0.0,False,False,101.0,101.0
2012-05-01,SNK,-159.0,-67.0,False,False,159.0,159.0
2012-05-01,SXF,-1.0,-32.0,False,False,1.0,1.0
2012-05-01,YAP,3.0,0.0,False,False,3.0,3.0
2012-05-01,YM,2.0,112.0,False,False,2.0,2.0
2012-05-01,CGB,2.0,95.0,False,False,2.0,2.0
2012-05-01,LLG,1.0,65.0,False,False,1.0,1.0
2012-05-01,SJB,1.0,43.0,False,False,1.0,1.0
2012-05-01,YXT,-17.0,0.0,False,False,17.0,17.0
2012-05-01,ZF,1.0,67.0,False,False,1.0,1.0
2012-05-01,ZN,2.0,87.0,False,False,2.0,2.0
2012-05-01,ZB,14.0,47.0,False,False,14.0,14.0
2012-05-01,6A,1.0,67.0,False,False,1.0,1.0
2012-05-01,6B,134.0,134.0,False,False,134.0,134.0
2012-05-01,6C,-1.0,-75.0,False,False,1.0,1.0
2012-05-01,6J,1.0,31.0,False,False,1.0,1.0
2012-05-01,6M,-4.0,-170.0,False,False,4.0,4.0
2012-05-01,6N,2.0,79.0,False,False,2.0,2.0
2012-05-01,6S,-1.0,-56.0,False,False,1.0,1.0
2012-05-01,BRN,1.0,36.0,False,False,1.0,1.0
2012-05-01,CL,42.0,42.0,False,False,42.0,42.0
2012-05-01,GAS,1.0,53.0,False,False,1.0,1.0
2012-05-01,HO,40.0,40.0,False,False,40.0,40.0
2012-05-01,NG,-27.0,-61.0,False,False,27.0,27.0
2012-05-01,RB,1.0,30.0,False,False,1.0,1.0
2012-05-01,HG,10.0,-22.0,False,False,10.0,10.0
2012-05-01,PA,-14.0,-46.0,False,False,14.0,14.0
2012-05-01,PL,-1.0,-16.0,False,False,1.0,1.0
2012-05-01,CC,-31.0,-104.0,False,False,31.0,31.0
2012-05-01,CT,-54.0,-54.0,False,False,54.0,54.0
2012-05-01,GF,30.0,58.0,False,False,30.0,30.0
2012-05-01,HE,3.0,128.0,False,False,3.0,3.0
2012-05-01,KC,-1.0,-38.0,False,False,1.0,1.0
2012-05-01,KE,-37.0,-95.0,False,False,37.0,37.0
2012-05-01,LE,-2.0,-116.0,False,False,2.0,2.0
2012-05-01,RS,10.0,429.0,False,False,10.0,10.0
2012-05-01,SB,-50.0,15.0,False,False,50.0,50.0
2012-05-01,ZL,25.0,-35.0,False,False,25.0,25.0
2012-05-01,ZM,29.0,54.0,False,False,29.0,29.0
2012-05-01,ZS,1.0,43.0,False,False,1.0,1.0
2012-05-01,ZW,27.0,-14.0,False,False,27.0,27.0
2012-05-02,FCE,-10.0,-10.0,False,False,10.0,10.0
2012-05-02,FESX,-3.0,-124.0,False,False,3.0,3.0
2012-05-02,FSMI,-198.0,-100.0,False,False,198.0,198.0
2012-05-02,HTW,-4.0,-153.0,False,False,4.0,4.0
2012-05-02,FGBL,1.0,43.0,False,False,1.0,1.0
2012-05-02,FGBM,2.0,68.0,False,False,2.0,2.0
2012-05-02,FGBX,1.0,35.0,False,False,1.0,1.0
2012-05-10,GAS,0.0,53.0,True,True,106.0,106.0
2012-05-18,FCE,0.0,-10.0,True,True,20.0,20.0
2012-05-22,CL,0.0,42.0,True,True,84.0,84.0
2012-05-25,GF,0.0,58.0,True,True,116.0,116.0
2012-05-29,CGB,0.0,95.0,True,True,190.0,190.0
2012-05-29,NG,0.0,-61.0,True,True,122.0,122.0
2012-05-30,HTW,0.0,-153.0,True,True,306.0,306.0
2012-05-30,LLG,0.0,65.0,True,True,130.0,130.0
2012-05-31,ZF,0.0,67.0,True,True,134.0,134.0
2012-05-31,ZN,0.0,87.0,True,True,174.0,174.0
2012-05-31,ZB,0.0,47.0,True,True,94.0,94.0
2012-05-31,BRN,0.0,36.0,True,True,72.0,72.0
2012-05-31,HO,0.0,40.0,True,True,80.0,80.0
2012-05-31,RB,0.0,30.0,True,True,60.0,60.0
2012-05-31,PA,0.0,-46.0,True,True,92.0,92.0
2012-06-01,EMD,2.0,0.0,False,False,2.0,2.0
2012-06-01,ES,2.0,100.0,False,False,2.0,2.0
2012-06-01,FCE,-75.0,-85.0,False,False,75.0,75.0
2012-06-01,FESX,-2.0,-126.0,False,False,2.0,2.0
2012-06-01,FSMI,-1.0,-101.0,False,False,1.0,1.0
2012-06-01,HTW,-2.0,-155.0,False,False,2.0,2.0
2012-06-01,LFT,40.0,0.0,False,False,40.0,40.0
2012-06-01,NQ,-43.0,83.0,False,False,43.0,43.0
2012-06-01,SNK,-1.0,-68.0,False,False,1.0,1.0
2012-06-01,SXF,31.0,-1.0,False,False,31.0,31.0
2012-06-01,YM,2.0,114.0,False,False,2.0,2.0
2012-06-01,CGB,-95.0,0.0,False,False,95.0,95.0
2012-06-01,FGBL,-15.0,28.0,False,False,15.0,15.0
2012-06-01,FGBM,-68.0,0.0,False,False,68.0,68.0
2012-06-01,FGBX,-24.0,11.0,False,False,24.0,24.0
2012-06-01,LLG,1.0,66.0,False,False,1.0,1.0
2012-06-01,SJB,1.0,44.0,False,False,1.0,1.0
2012-06-01,ZF,-67.0,0.0,False,False,67.0,67.0
2012-06-01,ZN,-87.0,0.0,False,False,87.0,87.0
2012-06-01,ZB,-39.0,8.0,False,False,39.0,39.0
2012-06-01,6A,-148.0,-81.0,False,False,148.0,148.0
2012-06-01,6B,-270.0,-136.0,False,False,270.0,270.0
2012-06-01,6C,-55.0,-130.0,False,False,55.0,55.0
2012-06-01,6E,-44.0,-70.0,False,False,44.0,44.0
2012-06-01,6J,-20.0,11.0,False,False,20.0,20.0
2012-06-01,6M,-3.0,-173.0,False,False,3.0,3.0
2012-06-01,6N,-169.0,-90.0,False,False,169.0,169.0
2012-06-01,6S,-24.0,-80.0,False,False,24.0,24.0
2012-06-01,BRN,-36.0,0.0,False,False,36.0,36.0
2012-06-01,CL,-46.0,-4.0,False,False,46.0,46.0
2012-06-01,GAS,-53.0,0.0,False,False,53.0,53.0
2012-06-01,HO,-40.0,0.0,False,False,40.0,40.0
2012-06-01,NG,-1.0,-62.0,False,False,1.0,1.0
2012-06-01,PA,-1.0,-47.0,False,False,1.0,1.0
2012-06-01,SI,-5.0,-17.0,False,False,5.0,5.0
2012-06-01,CC,-1.0,-105.0,False,False,1.0,1.0
2012-06-01,CT,16.0,-38.0,False,False,16.0,16.0
2012-06-01,GF,-58.0,0.0,False,False,58.0,58.0
2012-06-01,HE,2.0,130.0,False,False,2.0,2.0
2012-06-01,KC,-1.0,-39.0,False,False,1.0,1.0
2012-06-01,KE,23.0,-72.0,False,False,23.0,23.0
2012-06-01,LE,241.0,125.0,False,False,241.0,241.0
2012-06-01,RS,8.0,437.0,False,False,8.0,8.0
2012-06-01,SB,-168.0,-153.0,False,False,168.0,168.0
2012-06-01,ZL,-15.0,-50.0,False,False,15.0,15.0
2012-06-01,ZM,1.0,55.0,False,False,1.0,1.0
2012-06-01,ZS,-101.0,-58.0,False,False,101.0,101.0
2012-06-01,ZW,-20.0,-34.0,False,False,20.0,20.0
2012-06-04,LE,0.0,125.0,True,True,250.0,250.0
2012-06-07,SNK,0.0,-68.0,True,True,136.0,136.0
2012-06-07,FGBL,0.0,28.0,True,True,56.0,56.0
2012-06-07,FGBX,0.0,11.0,True,True,22.0,22.0
2012-06-08,SJB,0.0,44.0,True,True,88.0,88.0
2012-06-13,SXF,0.0,-1.0,True,True,2.0,2.0
2012-06-14,ES,0.0,100.0,True,True,200.0,200.0
2012-06-14,YM,0.0,114.0,True,True,228.0,228.0
2012-06-14,HE,0.0,130.0,True,True,260.0,260.0
2012-06-15,FCE,0.0,-85.0,True,True,170.0,170.0
2012-06-15,FDAX,0.0,-16.0,True,True,32.0,32.0
2012-06-15,FESX,0.0,-126.0,True,True,252.0,252.0
2012-06-15,FSMI,0.0,-101.0,True,True,202.0,202.0
2012-06-15,NQ,0.0,83.0,True,True,166.0,166.0
2012-06-18,6A,0.0,-81.0,True,True,162.0,162.0
2012-06-18,6B,0.0,-136.0,True,True,272.0,272.0
2012-06-18,6E,0.0,-70.0,True,True,140.0,140.0
2012-06-18,6J,0.0,11.0,True,True,22.0,22.0
2012-06-18,6M,0.0,-173.0,True,True,346.0,346.0
2012-06-18,6N,0.0,-90.0,True,True,180.0,180.0
2012-06-18,6S,0.0,-80.0,True,True,160.0,160.0
2012-06-19,6C,0.0,-130.0,True,True,260.0,260.0
2012-06-19,CC,0.0,-105.0,True,True,210.0,210.0
2012-06-20,CL,0.0,-4.0,True,True,8.0,8.0
2012-06-21,KC,0.0,-39.0,True,True,78.0,78.0
2012-06-25,CT,0.0,-38.0,True,True,76.0,76.0
2012-06-27,NG,0.0,-62.0,True,True,124.0,124.0
2012-06-28,HTW,0.0,-155.0,True,True,310.0,310.0
2012-06-29,RB,0.0,30.0,True,True,60.0,60.0
2012-06-29,HG,0.0,-22.0,True,True,44.0,44.0
2012-06-29,PL,0.0,-16.0,True,True,32.0,32.0
2012-06-29,SI,0.0,-17.0,True,True,34.0,34.0
2012-06-29,KE,0.0,-72.0,True,True,144.0,144.0
2012-06-29,RS,0.0,437.0,True,True,874.0,874.0
2012-06-29,SB,0.0,-153.0,True,True,306.0,306.0
2012-06-29,ZL,0.0,-50.0,True,True,100.0,100.0
2012-06-29,ZM,0.0,55.0,True,True,110.0,110.0
2012-06-29,ZS,0.0,-58.0,True,True,116.0,116.0
2012-06-29,ZW,0.0,-34.0,True,True,68.0,68.0
2012-07-02,EMD,-1.0,-1.0,False,False,1.0,1.0
2012-07-02,ES,-74.0,26.0,False,False,74.0,74.0
2012-07-02,FCE,54.0,-31.0,False,False,54.0,54.0
2012-07-02,FDAX,14.0,-2.0,False,False,14.0,14.0
2012-07-02,FESX,88.0,-38.0,False,False,88.0,88.0
2012-07-02,FSMI,149.0,48.0,False,False,149.0,149.0
2012-07-02,HTW,96.0,-59.0,False,False,96.0,96.0
2012-07-02,LFT,-17.0,-17.0,False,False,17.0,17.0
2012-07-02,NQ,-55.0,28.0,False,False,55.0,55.0
2012-07-02,SNK,35.0,-33.0,False,False,35.0,35.0
2012-07-02,YM,-86.0,28.0,False,False,86.0,86.0
2012-07-02,FGBL,-2.0,26.0,False,False,2.0,2.0
2012-07-02,FGBX,-1.0,10.0,False,False,1.0,1.0
2012-07-02,LLG,-38.0,28.0,False,False,38.0,38.0
2012-07-02,SJB,-3.0,41.0,False,False,3.0,3.0
2012-07-02,YXT,24.0,24.0,False,False,24.0,24.0
2012-07-02,ZN,7.0,7.0,False,False,7.0,7.0
2012-07-02,6A,50.0,-31.0,False,False,50.0,50.0
2012-07-02,6B,82.0,-54.0,False,False,82.0,82.0
2012-07-02,6C,86.0,-44.0,False,False,86.0,86.0
2012-07-02,6E,44.0,-26.0,False,False,44.0,44.0
2012-07-02,6J,-41.0,-30.0,False,False,41.0,41.0
2012-07-02,6M,100.0,-73.0,False,False,100.0,100.0
2012-07-02,6N,56.0,-34.0,False,False,56.0,56.0
2012-07-02,6S,49.0,-31.0,False,False,49.0,49.0
2012-07-02,NG,38.0,-24.0,False,False,38.0,38.0
2012-07-02,RB,-30.0,0.0,False,False,30.0,30.0
2012-07-02,HG,18.0,-4.0,False,False,18.0,18.0
2012-07-02,PA,24.0,-23.0,False,False,24.0,24.0
2012-07-02,PL,-5.0,-21.0,False,False,5.0,5.0
2012-07-02,SI,9.0,-8.0,False,False,9.0,9.0
2012-07-02,CC,50.0,-55.0,False,False,50.0,50.0
2012-07-02,CT,16.0,-22.0,False,False,16.0,16.0
2012-07-02,GF,-40.0,-40.0,False,False,40.0,40.0
2012-07-02,HE,-78.0,52.0,False,False,78.0,78.0
2012-07-02,KC,28.0,-11.0,False,False,28.0,28.0
2012-07-02,KE,48.0,-24.0,False,False,48.0,48.0
2012-07-02,LE,-159.0,-34.0,False,False,159.0,159.0
2012-07-02,SB,102.0,-51.0,False,False,102.0,102.0
2012-07-02,ZL,26.0,-24.0,False,False,26.0,26.0
2012-07-02,ZM,-24.0,31.0,False,False,24.0,24.0
2012-07-02,ZS,79.0,21.0,False,False,79.0,79.0
2012-07-02,ZW,24.0,-10.0,False,False,24.0,24.0
2012-07-03,SXF,-8.0,-9.0,False,False,8.0,8.0
2012-07-03,RS,-238.0,199.0,False,False,238.0,238.0
2012-07-16,HE,0.0,52.0,True,True,104.0,104.0
2012-07-20,FCE,0.0,-31.0,True,True,62.0,62.0
2012-07-20,CL,0.0,-4.0,True,True,8.0,8.0
2012-07-27,NG,0.0,-24.0,True,True,48.0,48.0
2012-07-30,HTW,0.0,-59.0,True,True,118.0,118.0
2012-07-31,ZL,0.0,-24.0,True,True,48.0,48.0
2012-07-31,ZM,0.0,31.0,True,True,62.0,62.0
2012-07-31,ZS,0.0,21.0,True,True,42.0,42.0
2012-08-01,EMD,28.0,27.0,False,False,28.0,28.0
2012-08-01,ES,17.0,43.0,False,False,17.0,17.0
2012-08-01,FCE,83.0,52.0,False,False,83.0,83.0
2012-08-01,FDAX,13.0,11.0,False,False,13.0,13.0
2012-08-01,FESX,110.0,72.0,False,False,110.0,110.0
2012-08-01,HTW,128.0,69.0,False,False,128.0,128.0
2012-08-01,LFT,53.0,36.0,False,False,53.0,53.0
2012-08-01,NQ,18.0,46.0,False,False,18.0,18.0
2012-08-01,RTY,60.0,60.0,False,False,60.0,60.0
2012-08-01,YAP,33.0,33.0,False,False,33.0,33.0
2012-08-01,YM,15.0,43.0,False,False,15.0,15.0
2012-08-01,FGBL,16.0,42.0,False,False,16.0,16.0
2012-08-01,FGBX,5.0,15.0,False,False,5.0,5.0
2012-08-01,LLG,15.0,43.0,False,False,15.0,15.0
2012-08-01,YXT,1.0,25.0,False,False,1.0,1.0
2012-08-01,ZN,6.0,13.0,False,False,6.0,6.0
2012-08-01,ZB,-2.0,6.0,False,False,2.0,2.0
2012-08-01,6A,51.0,20.0,False,False,51.0,51.0
2012-08-01,6B,-1.0,-55.0,False,False,1.0,1.0
2012-08-01,6C,-24.0,-68.0,False,False,24.0,24.0
2012-08-01,6E,-1.0,-27.0,False,False,1.0,1.0
2012-08-01,6J,-17.0,-47.0,False,False,17.0,17.0
2012-08-01,6M,-1.0,-74.0,False,False,1.0,1.0
2012-08-01,6N,-15.0,-49.0,False,False,15.0,15.0
2012-08-01,6S,-1.0,-32.0,False,False,1.0,1.0
2012-08-01,BRN,17.0,17.0,False,False,17.0,17.0
2012-08-01,CL,-1.0,-5.0,False,False,1.0,1.0
2012-08-01,GAS,26.0,26.0,False,False,26.0,26.0
2012-08-01,RB,17.0,17.0,False,False,17.0,17.0
2012-08-01,GC,-17.0,-17.0,False,False,17.0,17.0
2012-08-01,HG,2.0,-2.0,False,False,2.0,2.0
2012-08-01,PA,-10.0,-33.0,False,False,10.0,10.0
2012-08-01,PL,-10.0,-31.0,False,False,10.0,10.0
2012-08-01,SI,-4.0,-12.0,False,False,4.0,4.0
2012-08-01,CC,-1.0,-56.0,False,False,1.0,1.0
2012-08-01,CT,-13.0,-35.0,False,False,13.0,13.0
2012-08-01,GF,-1.0,-41.0,False,False,1.0,1.0
2012-08-01,KC,-11.0,-22.0,False,False,11.0,11.0
2012-08-01,KE,36.0,12.0,False,False,36.0,36.0
2012-08-01,LE,34.0,0.0,False,False,34.0,34.0
2012-08-01,RS,-56.0,143.0,False,False,56.0,56.0
2012-08-01,SB,-1.0,-52.0,False,False,1.0,1.0
2012-08-01,ZC,38.0,38.0,False,False,38.0,38.0
2012-08-01,ZM,1.0,32.0,False,False,1.0,1.0
2012-08-01,ZW,42.0,32.0,False,False,42.0,42.0
2012-08-02,FSMI,1.0,49.0,False,False,1.0,1.0
2012-08-10,GAS,0.0,26.0,True,True,52.0,52.0
2012-08-14,HE,0.0,52.0,True,True,104.0,104.0
2012-08-17,FCE,0.0,52.0,True,True,104.0,104.0
2012-08-21,CL,0.0,-5.0,True,True,10.0,10.0
2012-08-21,CC,0.0,-56.0,True,True,112.0,112.0
2012-08-23,KC,0.0,-22.0,True,True,44.0,44.0
2012-08-29,NG,0.0,-24.0,True,True,48.0,48.0
2012-08-30,HTW,0.0,69.0,True,True,138.0,138.0
2012-08-30,LLG,0.0,43.0,True,True,86.0,86.0
2012-08-30,GF,0.0,-41.0,True,True,82.0,82.0
2012-08-31,ZN,0.0,13.0,True,True,26.0,26.0
2012-08-31,ZB,0.0,6.0,True,True,12.0,12.0
2012-08-31,BRN,0.0,17.0,True,True,34.0,34.0
2012-08-31,RB,0.0,17.0,True,True,34.0,34.0
2012-08-31,HG,0.0,-2.0,True,True,4.0,4.0
2012-08-31,PA,0.0,-33.0,True,True,66.0,66.0
2012-08-31,SI,0.0,-12.0,True,True,24.0,24.0
2012-08-31,KE,0.0,12.0,True,True,24.0,24.0
2012-08-31,ZC,0.0,38.0,True,True,76.0,76.0
2012-08-31,ZL,0.0,-24.0,True,True,48.0,48.0
2012-08-31,ZM,0.0,32.0,True,True,64.0,64.0
2012-08-31,ZS,0.0,21.0,True,True,42.0,42.0
2012-08-31,ZW,0.0,32.0,True,True,64.0,64.0
2012-09-03,FCE,32.0,84.0,False,False,32.0,32.0
2012-09-03,FDAX,8.0,19.0,False,False,8.0,8.0
2012-09-03,FESX,48.0,120.0,False,False,48.0,48.0
2012-09-03,FSMI,65.0,114.0,False,False,65.0,65.0
2012-09-03,HTW,27.0,96.0,False,False,27.0,27.0
2012-09-03,LFT,30.0,66.0,False,False,30.0,30.0
2012-09-03,RTY,55.0,115.0,False,False,55.0,55.0
2012-09-03,SNK,33.0,0.0,False,False,33.0,33.0
2012-09-03,YAP,28.0,61.0,False,False,28.0,28.0
2012-09-03,FGBL,-42.0,0.0,False,False,42.0,42.0
2012-09-03,FGBX,1.0,16.0,False,False,1.0,1.0
2012-09-03,LLG,20.0,63.0,False,False,20.0,20.0
2012-09-03,SJB,-36.0,5.0,False,False,36.0,36.0
2012-09-03,YXT,64.0,89.0,False,False,64.0,64.0
2012-09-03,BRN,16.0,33.0,False,False,16.0,16.0
2012-09-03,GAS,24.0,50.0,False,False,24.0,24.0
2012-09-04,EMD,28.0,55.0,False,False,28.0,28.0
2012-09-04,ES,46.0,89.0,False,False,46.0,46.0
2012-09-04,NKD,109.0,109.0,False,False,109.0,109.0
2012-09-04,NQ,53.0,99.0,False,False,53.0,53.0
2012-09-04,SXF,-34.0,-43.0,False,False,34.0,34.0
2012-09-04,YM,56.0,99.0,False,False,56.0,56.0
2012-09-04,CGB,20.0,20.0,False,False,20.0,20.0
2012-09-04,ZN,15.0,28.0,False,False,15.0,15.0
2012-09-04,ZB,-6.0,0.0,False,False,6.0,6.0
2012-09-04,6A,65.0,85.0,False,False,65.0,65.0
2012-09-04,6B,118.0,63.0,False,False,118.0,118.0
2012-09-04,6C,185.0,117.0,False,False,185.0,185.0
2012-09-04,6E,-21.0,-48.0,False,False,21.0,21.0
2012-09-04,6J,-29.0,-76.0,False,False,29.0,29.0
2012-09-04,6M,258.0,184.0,False,False,258.0,258.0
2012-09-04,6N,152.0,103.0,False,False,152.0,152.0
2012-09-04,6S,-31.0,-63.0,False,False,31.0,31.0
2012-09-04,CL,37.0,32.0,False,False,37.0,37.0
2012-09-04,HO,33.0,33.0,False,False,33.0,33.0
2012-09-04,NG,-32.0,-56.0,False,False,32.0,32.0
2012-09-04,RB,10.0,27.0,False,False,10.0,10.0
2012-09-04,GC,-14.0,-31.0,False,False,14.0,14.0
2012-09-04,HG,2.0,0.0,False,False,2.0,2.0
2012-09-04,PL,-13.0,-44.0,False,False,13.0,13.0
2012-09-04,SI,-8.0,-20.0,False,False,8.0,8.0
2012-09-04,CC,-60.0,-116.0,False,False,60.0,60.0
2012-09-04,CT,-29.0,-64.0,False,False,29.0,29.0
2012-09-04,GF,-32.0,-73.0,False,False,32.0,32.0
2012-09-04,HE,63.0,115.0,False,False,63.0,63.0
2012-09-04,KE,32.0,44.0,False,False,32.0,32.0
2012-09-04,LE,-42.0,-42.0,False,False,42.0,42.0
2012-09-04,RS,119.0,262.0,False,False,119.0,119.0
2012-09-04,SB,-68.0,-120.0,False,False,68.0,68.0
2012-09-04,ZC,29.0,67.0,False,False,29.0,29.0
2012-09-04,ZL,-23.0,-47.0,False,False,23.0,23.0
2012-09-04,ZM,21.0,53.0,False,False,21.0,21.0
2012-09-04,ZS,15.0,36.0,False,False,15.0,15.0
2012-09-04,ZW,22.0,54.0,False,False,22.0,22.0
2012-09-06,FGBX,0.0,16.0,True,True,32.0,32.0
2012-09-07,SJB,0.0,5.0,True,True,10.0,10.0
2012-09-12,GAS,0.0,50.0,True,True,100.0,100.0
2012-09-13,NKD,0.0,109.0,True,True,218.0,218.0
2012-09-17,YXT,0.0,89.0,True,True,178.0,178.0
2012-09-17,6A,0.0,85.0,True,True,170.0,170.0
2012-09-17,6B,0.0,63.0,True,True,126.0,126.0
2012-09-17,6E,0.0,-48.0,True,True,96.0,96.0
2012-09-17,6J,0.0,-76.0,True,True,152.0,152.0
2012-09-17,6M,0.0,184.0,True,True,368.0,368.0
2012-09-17,6N,0.0,103.0,True,True,206.0,206.0
2012-09-17,6S,0.0,-63.0,True,True,126.0,126.0
2012-09-18,6C,0.0,117.0,True,True,234.0,234.0
2012-09-19,SXF,0.0,-43.0,True,True,86.0,86.0
2012-09-20,ES,0.0,89.0,True,True,178.0,178.0
2012-09-20,YAP,0.0,61.0,True,True,122.0,122.0
2012-09-20,YM,0.0,99.0,True,True,198.0,198.0
2012-09-20,CL,0.0,32.0,True,True,64.0,64.0
2012-09-21,EMD,0.0,55.0,True,True,110.0,110.0
2012-09-21,FCE,0.0,84.0,True,True,168.0,168.0
2012-09-21,FDAX,0.0,19.0,True,True,38.0,38.0
2012-09-21,FESX,0.0,120.0,True,True,240.0,240.0
2012-09-21,FSMI,0.0,114.0,True,True,228.0,228.0
2012-09-21,LFT,0.0,66.0,True,True,132.0,132.0
2012-09-21,NQ,0.0,99.0,True,True,198.0,198.0
2012-09-21,RTY,0.0,115.0,True,True,230.0,230.0
2012-09-26,NG,0.0,-56.0,True,True,112.0,112.0
2012-09-27,HTW,0.0,96.0,True,True,192.0,192.0
2012-09-27,GF,0.0,-73.0,True,True,146.0,146.0
2012-09-28,BRN,0.0,33.0,True,True,66.0,66.0
2012-09-28,HO,0.0,33.0,True,True,66.0,66.0
2012-09-28,RB,0.0,27.0,True,True,54.0,54.0
2012-09-28,PL,0.0,-44.0,True,True,88.0,88.0
2012-09-28,SB,0.0,-120.0,True,True,240.0,240.0
2012-09-28,ZL,0.0,-47.0,True,True,94.0,94.0
2012-09-28,ZM,0.0,53.0,True,True,106.0,106.0
2012-10-01,FSMI,-40.0,74.0,False,False,40.0,40.0
2012-10-01,HTW,-57.0,39.0,False,False,57.0,57.0
2012-10-01,NQ,1.0,100.0,False,False,1.0,1.0
2012-10-01,SNK,66.0,66.0,False,False,66.0,66.0
2012-10-01,SXF,81.0,38.0,False,False,81.0,81.0
2012-10-01,YM,1.0,100.0,False,False,1.0,1.0
2012-10-01,CGB,-7.0,13.0,False,False,7.0,7.0
2012-10-01,FGBL,39.0,39.0,False,False,39.0,39.0
2012-10-01,FGBM,35.0,35.0,False,False,35.0,35.0
2012-10-01,FGBX,6.0,22.0,False,False,6.0,6.0
2012-10-01,LLG,-19.0,44.0,False,False,19.0,19.0
2012-10-01,SJB,12.0,17.0,False,False,12.0,12.0
2012-10-01,YXT,-84.0,5.0,False,False,84.0,84.0
2012-10-01,6A,-63.0,22.0,False,False,63.0,63.0
2012-10-01,6B,-36.0,27.0,False,False,36.0,36.0
2012-10-01,6C,-40.0,77.0,False,False,40.0,40.0
2012-10-01,6M,-46.0,138.0,False,False,46.0,46.0
2012-10-01,6N,-45.0,58.0,False,False,45.0,45.0
2012-10-01,6S,-1.0,-64.0,False,False,1.0,1.0
2012-10-01,GAS,-15.0,35.0,False,False,15.0,15.0
2012-10-01,RB,-7.0,20.0,False,False,7.0,7.0
2012-10-01,GC,31.0,0.0,False,False,31.0,31.0
2012-10-01,HG,34.0,34.0,False,False,34.0,34.0
2012-10-01,PA,62.0,29.0,False,False,62.0,62.0
2012-10-01,PL,76.0,32.0,False,False,76.0,76.0
2012-10-01,SI,20.0,0.0,False,False,20.0,20.0
2012-10-01,CC,-1.0,-117.0,False,False,1.0,1.0
2012-10-01,KC,-1.0,-23.0,False,False,1.0,1.0
2012-10-01,LE,-24.0,-66.0,False,False,24.0,24.0
2012-10-01,RS,-87.0,175.0,False,False,87.0,87.0
2012-10-01,ZC,-17.0,50.0,False,False,17.0,17.0
2012-10-01,ZS,-9.0,27.0,False,False,9.0,9.0
2012-10-01,ZW,-17.0,37.0,False,False,17.0,17.0
2012-10-08,LE,0.0,-66.0,True,True,132.0,132.0
2012-10-11,GAS,0.0,35.0,True,True,70.0,70.0
2012-10-15,HE,0.0,115.0,True,True,230.0,230.0
2012-10-19,FCE,0.0,84.0,True,True,168.0,168.0
2012-10-22,CL,0.0,32.0,True,True,64.0,64.0
2012-10-25,GF,0.0,-73.0,True,True,146.0,146.0
2012-10-29,NG,0.0,-56.0,True,True,112.0,112.0
2012-10-30,HTW,0.0,39.0,True,True,78.0,78.0
2012-10-31,BRN,0.0,33.0,True,True,66.0,66.0
2012-10-31,HO,0.0,33.0,True,True,66.0,66.0
2012-10-31,RB,0.0,20.0,True,True,40.0,40.0
2012-10-31,RS,0.0,175.0,True,True,350.0,350.0
2012-10-31,ZS,0.0,27.0,True,True,54.0,54.0
2012-11-01,EMD,-16.0,39.0,False,False,16.0,16.0
2012-11-01,ES,-31.0,58.0,False,False,31.0,31.0
2012-11-01,FCE,-30.0,54.0,False,False,30.0,30.0
2012-11-01,FDAX,-5.0,14.0,False,False,5.0,5.0
2012-11-01,FESX,-40.0,80.0,False,False,40.0,40.0
2012-11-01,FSMI,-1.0,73.0,False,False,1.0,1.0
2012-11-01,HTW,-32.0,7.0,False,False,32.0,32.0
2012-11-01,LFT,-21.0,45.0,False,False,21.0,21.0
2012-11-01,NKD,-45.0,64.0,False,False,45.0,45.0
2012-11-01,NQ,-37.0,63.0,False,False,37.0,37.0
2012-11-01,RTY,-2.0,113.0,False,False,2.0,2.0
2012-11-01,SNK,-1.0,65.0,False,False,1.0,1.0
2012-11-01,SXF,-1.0,37.0,False,False,1.0,1.0
2012-11-01,YAP,-1.0,60.0,False,False,1.0,1.0
2012-11-01,YM,-33.0,67.0,False,False,33.0,33.0
2012-11-01,CGB,-5.0,8.0,False,False,5.0,5.0
2012-11-01,FGBL,-1.0,38.0,False,False,1.0,1.0
2012-11-01,FGBM,-24.0,11.0,False,False,24.0,24.0
2012-11-01,FGBX,-1.0,21.0,False,False,1.0,1.0
2012-11-01,LLG,-1.0,43.0,False,False,1.0,1.0
2012-11-01,SJB,-17.0,0.0,False,False,17.0,17.0
2012-11-01,YXT,-5.0,0.0,False,False,5.0,5.0
2012-11-01,ZN,-12.0,16.0,False,False,12.0,12.0
2012-11-01,6A,-1.0,21.0,False,False,1.0,1.0
2012-11-01,6B,-1.0,26.0,False,False,1.0,1.0
2012-11-01,6C,-20.0,57.0,False,False,20.0,20.0
2012-11-01,6E,1.0,-47.0,False,False,1.0,1.0
2012-11-01,6J,27.0,-49.0,False,False,27.0,27.0
2012-11-01,6M,-3.0,135.0,False,False,3.0,3.0
2012-11-01,6N,-1.0,57.0,False,False,1.0,1.0
2012-11-01,6S,2.0,-62.0,False,False,2.0,2.0
2012-11-01,BRN,-12.0,21.0,False,False,12.0,12.0
2012-11-01,CL,-36.0,-4.0,False,False,36.0,36.0
2012-11-01,GAS,-22.0,13.0,False,False,22.0,22.0
2012-11-01,HO,-33.0,0.0,False,False,33.0,33.0
2012-11-01,NG,19.0,-37.0,False,False,19.0,19.0
2012-11-01,RB,-5.0,15.0,False,False,5.0,5.0
2012-11-01,GC,-24.0,-24.0,False,False,24.0,24.0
2012-11-01,HG,-34.0,0.0,False,False,34.0,34.0
2012-11-01,PA,-52.0,-23.0,False,False,52.0,52.0
2012-11-01,PL,-62.0,-30.0,False,False,62.0,62.0
2012-11-01,SI,-13.0,-13.0,False,False,13.0,13.0
2012-11-01,CC,42.0,-75.0,False,False,42.0,42.0
2012-11-01,CT,1.0,-63.0,False,False,1.0,1.0
2012-11-01,GF,1.0,-72.0,False,False,1.0,1.0
2012-11-01,HE,-2.0,113.0,False,False,2.0,2.0
2012-11-01,KC,1.0,-22.0,False,False,1.0,1.0
2012-11-01,KE,-1.0,43.0,False,False,1.0,1.0
2012-11-01,LE,-31.0,-97.0,False,False,31.0,31.0
2012-11-01,RS,-3.0,172.0,False,False,3.0,3.0
2012-11-01,SB,32.0,-88.0,False,False,32.0,32.0
2012-11-01,ZC,-1.0,49.0,False,False,1.0,1.0
2012-11-01,ZL,15.0,-32.0,False,False,15.0,15.0
2012-11-01,ZM,-14.0,39.0,False,False,14.0,14.0
2012-11-01,ZW,-1.0,36.0,False,False,1.0,1.0
2012-11-12,GAS,0.0,13.0,True,True,26.0,26.0
2012-11-15,GF,0.0,-72.0,True,True,144.0,144.0
2012-11-16,FCE,0.0,54.0,True,True,108.0,108.0
2012-11-19,CL,0.0,-4.0,True,True,8.0,8.0
2012-11-19,CC,0.0,-75.0,True,True,150.0,150.0
2012-11-21,KC,0.0,-22.0,True,True,44.0,44.0
2012-11-26,CT,0.0,-63.0,True,True,126.0,126.0
2012-11-28,CGB,0.0,8.0,True,True,16.0,16.0
2012-11-28,NG,0.0,-37.0,True,True,74.0,74.0
2012-11-29,HTW,0.0,7.0,True,True,14.0,14.0
2012-11-29,LLG,0.0,43.0,True,True,86.0,86.0
2012-11-30,ZN,0.0,16.0,True,True,32.0,32.0
2012-11-30,BRN,0.0,21.0,True,True,42.0,42.0
2012-11-30,RB,0.0,15.0,True,True,30.0,30.0
2012-11-30,GC,0.0,-24.0,True,True,48.0,48.0
2012-11-30,PA,0.0,-23.0,True,True,46.0,46.0
2012-11-30,SI,0.0,-13.0,True,True,26.0,26.0
2012-11-30,KE,0.0,43.0,True,True,86.0,86.0
2012-11-30,ZC,0.0,49.0,True,True,98.0,98.0
2012-11-30,ZL,0.0,-32.0,True,True,64.0,64.0
2012-11-30,ZM,0.0,39.0,True,True,78.0,78.0
2012-11-30,ZW,0.0,36.0,True,True,72.0,72.0
2012-12-03,EMD,1.0,40.0,False,False,1.0,1.0
2012-12-03,ES,1.0,59.0,False,False,1.0,1.0
2012-12-03,FCE,2.0,56.0,False,False,2.0,2.0
2012-12-03,FESX,2.0,82.0,False,False,2.0,2.0
2012-12-03,FSMI,1.0,74.0,False,False,1.0,1.0
2012-12-03,HTW,10.0,17.0,False,False,10.0,10.0
2012-12-03,LFT,1.0,46.0,False,False,1.0,1.0
2012-12-03,NKD,2.0,66.0,False,False,2.0,2.0
2012-12-03,NQ,1.0,64.0,False,False,1.0,1.0
2012-12-03,RTY,-35.0,78.0,False,False,35.0,35.0
2012-12-03,SNK,-28.0,37.0,False,False,28.0,28.0
2012-12-03,SXF,-29.0,8.0,False,False,29.0,29.0
2012-12-03,YAP,-16.0,44.0,False,False,16.0,16.0
2012-12-03,YM,1.0,68.0,False,False,1.0,1.0
2012-12-03,CGB,-3.0,5.0,False,False,3.0,3.0
2012-12-03,FGBL,17.0,55.0,False,False,17.0,17.0
2012-12-03,FGBM,95.0,106.0,False,False,95.0,95.0
2012-12-03,FGBX,-5.0,16.0,False,False,5.0,5.0
2012-12-03,LLG,-43.0,0.0,False,False,43.0,43.0
2012-12-03,YXT,45.0,45.0,False,False,45.0,45.0
2012-12-03,ZN,-10.0,6.0,False,False,10.0,10.0
2012-12-03,ZB,14.0,14.0,False,False,14.0,14.0
2012-12-03,6A,45.0,66.0,False,False,45.0,45.0
2012-12-03,6B,31.0,57.0,False,False,31.0,31.0
2012-12-03,6C,37.0,94.0,False,False,37.0,37.0
2012-12-03,6E,-2.0,-49.0,False,False,2.0,2.0
2012-12-03,6J,-1.0,-50.0,False,False,1.0,1.0
2012-12-03,6M,4.0,139.0,False,False,4.0,4.0
2012-12-03,6N,1.0,58.0,False,False,1.0,1.0
2012-12-03,6S,66.0,4.0,False,False,66.0,66.0
2012-12-03,BRN,1.0,22.0,False,False,1.0,1.0
2012-12-03,GAS,11.0,24.0,False,False,11.0,11.0
2012-12-03,HO,19.0,19.0,False,False,19.0,19.0
2012-12-03,NG,-1.0,-38.0,False,False,1.0,1.0
2012-12-03,GC,32.0,8.0,False,False,32.0,32.0
2012-12-03,HG,33.0,33.0,False,False,33.0,33.0
2012-12-03,PA,52.0,29.0,False,False,52.0,52.0
2012-12-03,PL,58.0,28.0,False,False,58.0,58.0
2012-12-03,SI,15.0,2.0,False,False,15.0,15.0
2012-12-03,CC,161.0,86.0,False,False,161.0,161.0
2012-12-03,CT,-1.0,-64.0,False,False,1.0,1.0
2012-12-03,GF,-2.0,-74.0,False,False,2.0,2.0
2012-12-03,HE,3.0,116.0,False,False,3.0,3.0
2012-12-03,KC,-1.0,-23.0,False,False,1.0,1.0
2012-12-03,KE,1.0,44.0,False,False,1.0,1.0
2012-12-03,LE,-2.0,-99.0,False,False,2.0,2.0
2012-12-03,RS,4.0,176.0,False,False,4.0,4.0
2012-12-03,SB,-2.0,-90.0,False,False,2.0,2.0
2012-12-03,ZC,1.0,50.0,False,False,1.0,1.0
2012-12-03,ZL,-1.0,-33.0,False,False,1.0,1.0
2012-12-03,ZM,1.0,40.0,False,False,1.0,1.0
2012-12-03,ZW,1.0,37.0,False,False,1.0,1.0
2012-12-06,FGBL,0.0,55.0,True,True,110.0,110.0
2012-12-06,FGBM,0.0,106.0,True,True,212.0,212.0
2012-12-06,FGBX,0.0,16.0,True,True,32.0,32.0
2012-12-10,LE,0.0,-99.0,True,True,198.0,198.0
2012-12-12,GAS,0.0,24.0,True,True,48.0,48.0
2012-12-13,NKD,0.0,66.0,True,True,132.0,132.0
2012-12-13,SNK,0.0,37.0,True,True,74.0,74.0
2012-12-14,HE,0.0,116.0,True,True,232.0,232.0
2012-12-17,YXT,0.0,45.0,True,True,90.0,90.0
2012-12-17,6A,0.0,66.0,True,True,132.0,132.0
2012-12-17,6B,0.0,57.0,True,True,114.0,114.0
2012-12-17,6E,0.0,-49.0,True,True,98.0,98.0
2012-12-17,6J,0.0,-50.0,True,True,100.0,100.0
2012-12-17,6M,0.0,139.0,True,True,278.0,278.0
2012-12-17,6N,0.0,58.0,True,True,116.0,116.0
2012-12-17,6S,0.0,4.0,True,True,8.0,8.0
2012-12-18,6C,0.0,94.0,True,True,188.0,188.0
2012-12-19,SXF,0.0,8.0,True,True,16.0,16.0
2012-12-19,CL,0.0,-4.0,True,True,8.0,8.0
2012-12-20,ES,0.0,59.0,True,True,118.0,118.0
2012-12-20,YAP,0.0,44.0,True,True,88.0,88.0
2012-12-20,YM,0.0,68.0,True,True,136.0,136.0
2012-12-21,EMD,0.0,40.0,True,True,80.0,80.0
2012-12-21,FCE,0.0,56.0,True,True,112.0,112.0
2012-12-21,FDAX,0.0,14.0,True,True,28.0,28.0
2012-12-21,FESX,0.0,82.0,True,True,164.0,164.0
2012-12-21,FSMI,0.0,74.0,True,True,148.0,148.0
2012-12-21,LFT,0.0,46.0,True,True,92.0,92.0
2012-12-21,NQ,0.0,64.0,True,True,128.0,128.0
2012-12-21,RTY,0.0,78.0,True,True,156.0,156.0
2012-12-27,HTW,0.0,17.0,True,True,34.0,34.0
2012-12-27,NG,0.0,-38.0,True,True,76.0,76.0
2012-12-31,BRN,0.0,22.0,True,True,44.0,44.0
2012-12-31,HO,0.0,19.0,True,True,38.0,38.0
2012-12-31,RB,0.0,15.0,True,True,30.0,30.0
2012-12-31,PL,0.0,28.0,True,True,56.0,56.0
2012-12-31,RS,0.0,176.0,True,True,352.0,352.0
2012-12-31,ZL,0.0,-33.0,True,True,66.0,66.0
2012-12-31,ZM,0.0,40.0,True,True,80.0,80.0
2012-12-31,ZS,0.0,27.0,True,True,54.0,54.0
2013-01-02,EMD,-14.0,26.0,False,False,14.0,14.0
2013-01-02,ES,-26.0,33.0,False,False,26.0,26.0
2013-01-02,FCE,27.0,83.0,False,False,27.0,27.0
2013-01-02,FDAX,6.0,20.0,False,False,6.0,6.0
2013-01-02,FESX,1.0,83.0,False,False,1.0,1.0
2013-01-02,HTW,-13.0,4.0,False,False,13.0,13.0
2013-01-02,NQ,-19.0,45.0,False,False,19.0,19.0
2013-01-02,RTY,-24.0,54.0,False,False,24.0,24.0
2013-01-02,SNK,15.0,52.0,False,False,15.0,15.0
2013-01-02,SXF,24.0,32.0,False,False,24.0,24.0
2013-01-02,YM,-28.0,40.0,False,False,28.0,28.0
2013-01-02,CGB,-5.0,0.0,False,False,5.0,5.0
2013-01-02,FGBL,-24.0,31.0,False,False,24.0,24.0
2013-01-02,FGBM,-106.0,0.0,False,False,106.0,106.0
2013-01-02,FGBX,-16.0,0.0,False,False,16.0,16.0
2013-01-02,LLG,4.0,4.0,False,False,4.0,4.0
2013-01-02,YXT,43.0,88.0,False,False,43.0,43.0
2013-01-02,ZN,-6.0,0.0,False,False,6.0,6.0
2013-01-02,6A,-63.0,3.0,False,False,63.0,63.0
2013-01-02,6B,-52.0,5.0,False,False,52.0,52.0
2013-01-02,6E,49.0,0.0,False,False,49.0,49.0
2013-01-02,6J,35.0,-15.0,False,False,35.0,35.0
2013-01-02,6S,56.0,60.0,False,False,56.0,56.0
2013-01-02,CL,-4.0,-8.0,False,False,4.0,4.0
2013-01-02,GAS,-34.0,-10.0,False,False,34.0,34.0
2013-01-02,HO,1.0,20.0,False,False,1.0,1.0
2013-01-02,RB,5.0,20.0,False,False,5.0,5.0
2013-01-02,HG,-33.0,0.0,False,False,33.0,33.0
2013-01-02,PL,-7.0,21.0,False,False,7.0,7.0
2013-01-02,SI,-14.0,-12.0,False,False,14.0,14.0
2013-01-02,CT,-1.0,-65.0,False,False,1.0,1.0
2013-01-02,HE,1.0,117.0,False,False,1.0,1.0
2013-01-02,KC,-7.0,-30.0,False,False,7.0,7.0
2013-01-02,LE,-1.0,-100.0,False,False,1.0,1.0
2013-01-02,RS,66.0,242.0,False,False,66.0,66.0
2013-01-02,SB,-1.0,-91.0,False,False,1.0,1.0
2013-01-02,ZC,26.0,76.0,False,False,26.0,26.0
2013-01-02,ZL,-64.0,-97.0,False,False,64.0,64.0
2013-01-02,ZM,16.0,56.0,False,False,16.0,16.0
2013-01-02,ZS,1.0,28.0,False,False,1.0,1.0
2013-01-02,ZW,22.0,59.0,False,False,22.0,22.0
2013-01-03,FSMI,1.0,75.0,False,False,1.0,1.0
2013-01-10,GAS,0.0,-10.0,True,True,20.0,20.0
2013-01-18,FCE,0.0,83.0,True,True,166.0,166.0
2013-01-22,CL,0.0,-8.0,True,True,16.0,16.0
2013-01-29,NG,0.0,-38.0,True,True,76.0,76.0
2013-01-30,HTW,0.0,4.0,True,True,8.0,8.0
2013-01-31,BRN,0.0,22.0,True,True,44.0,44.0
2013-01-31,HO,0.0,20.0,True,True,40.0,40.0
2013-01-31,RB,0.0,20.0,True,True,40.0,40.0
2013-01-31,GC,0.0,8.0,True,True,16.0,16.0
2013-01-31,GF,0.0,-74.0,True,True,148.0,148.0
2013-02-01,EMD,27.0,53.0,False,False,27.0,27.0
2013-02-01,ES,35.0,68.0,False,False,35.0,35.0
2013-02-01,FCE,38.0,121.0,False,False,38.0,38.0
2013-02-01,FDAX,1.0,21.0,False,False,1.0,1.0
2013-02-01,FESX,53.0,136.0,False,False,53.0,53.0
2013-02-01,FSMI,5.0,80.0,False,False,5.0,5.0
2013-02-01,HTW,-4.0,0.0,False,False,4.0,4.0
2013-02-01,LFT,37.0,83.0,False,False,37.0,37.0
2013-02-01,NKD,-22.0,44.0,False,False,22.0,22.0
2013-02-01,NQ,45.0,90.0,False,False,45.0,45.0
2013-02-01,RTY,43.0,97.0,False,False,43.0,43.0
2013-02-01,SNK,3.0,55.0,False,False,3.0,3.0
2013-02-01,SXF,20.0,52.0,False,False,20.0,20.0
2013-02-01,YAP,36.0,80.0,False,False,36.0,36.0
2013-02-01,YM,35.0,75.0,False,False,35.0,35.0
2013-02-01,CGB,122.0,122.0,False,False,122.0,122.0
2013-02-01,FGBL,2.0,33.0,False,False,2.0,2.0
2013-02-01,FGBM,28.0,28.0,False,False,28.0,28.0
2013-02-01,FGBX,9.0,9.0,False,False,9.0,9.0
2013-02-01,LLG,21.0,25.0,False,False,21.0,21.0
2013-02-01,SJB,12.0,12.0,False,False,12.0,12.0
2013-02-01,YXT,6.0,94.0,False,False,6.0,6.0
2013-02-01,ZB,-7.0,7.0,False,False,7.0,7.0
2013-02-01,6A,8.0,11.0,False,False,8.0,8.0
2013-02-01,6B,16.0,21.0,False,False,16.0,16.0
2013-02-01,6C,6.0,100.0,False,False,6.0,6.0
2013-02-01,6E,2.0,2.0,False,False,2.0,2.0
2013-02-01,6J,-8.0,-23.0,False,False,8.0,8.0
2013-02-01,6M,67.0,206.0,False,False,67.0,67.0
2013-02-01,6N,32.0,90.0,False,False,32.0,32.0
2013-02-01,6S,4.0,64.0,False,False,4.0,4.0
2013-02-01,BRN,22.0,44.0,False,False,22.0,22.0
2013-02-01,CL,-38.0,-46.0,False,False,38.0,38.0
2013-02-01,GAS,54.0,44.0,False,False,54.0,54.0
2013-02-01,HO,-20.0,0.0,False,False,20.0,20.0
2013-02-01,NG,-20.0,-58.0,False,False,20.0,20.0
2013-02-01,RB,11.0,31.0,False,False,11.0,11.0
2013-02-01,GC,-38.0,-30.0,False,False,38.0,38.0
2013-02-01,PA,20.0,49.0,False,False,20.0,20.0
2013-02-01,PL,1.0,22.0,False,False,1.0,1.0
2013-02-01,SI,-1.0,-13.0,False,False,1.0,1.0
2013-02-01,CC,59.0,145.0,False,False,59.0,59.0
2013-02-01,CT,-29.0,-94.0,False,False,29.0,29.0
2013-02-01,GF,-5.0,-79.0,False,False,5.0,5.0
2013-02-01,HE,7.0,124.0,False,False,7.0,7.0
2013-02-01,KC,-2.0,-32.0,False,False,2.0,2.0
2013-02-01,KE,3.0,47.0,False,False,3.0,3.0
2013-02-01,LE,-6.0,-106.0,False,False,6.0,6.0
2013-02-01,RS,134.0,376.0,False,False,134.0,134.0
2013-02-01,SB,-66.0,-157.0,False,False,66.0,66.0
2013-02-01,ZC,41.0,117.0,False,False,41.0,41.0
2013-02-01,ZL,-6.0,-103.0,False,False,6.0,6.0
2013-02-01,ZM,4.0,60.0,False,False,4.0,4.0
2013-02-01,ZS,25.0,53.0,False,False,25.0,25.0
2013-02-01,ZW,31.0,90.0,False,False,31.0,31.0
2013-02-04,LE,0.0,-106.0,True,True,212.0,212.0
2013-02-12,GAS,0.0,44.0,True,True,88.0,88.0
2013-02-14,CC,0.0,145.0,True,True,290.0,290.0
2013-02-14,HE,0.0,124.0,True,True,248.0,248.0
2013-02-15,FCE,0.0,121.0,True,True,242.0,242.0
2013-02-20,CL,0.0,-46.0,True,True,92.0,92.0
2013-02-20,KC,0.0,-32.0,True,True,64.0,64.0
2013-02-22,CT,0.0,-94.0,True,True,188.0,188.0
2013-02-26,CGB,0.0,122.0,True,True,244.0,244.0
2013-02-26,NG,0.0,-58.0,True,True,116.0,116.0
2013-02-27,LLG,0.0,25.0,True,True,50.0,50.0
2013-02-28,ZB,0.0,7.0,True,True,14.0,14.0
2013-02-28,BRN,0.0,44.0,True,True,88.0,88.0
2013-02-28,RB,0.0,31.0,True,True,62.0,62.0
2013-02-28,PA,0.0,49.0,True,True,98.0,98.0
2013-02-28,SI,0.0,-13.0,True,True,26.0,26.0
2013-02-28,KE,0.0,47.0,True,True,94.0,94.0
2013-02-28,RS,0.0,376.0,True,True,752.0,752.0
2013-02-28,SB,0.0,-157.0,True,True,314.0,314.0
2013-02-28,ZC,0.0,117.0,True,True,234.0,234.0
2013-02-28,ZL,0.0,-103.0,True,True,206.0,206.0
2013-02-28,ZM,0.0,60.0,True,True,120.0,120.0
2013-02-28,ZS,0.0,53.0,True,True,106.0,106.0
2013-02-28,ZW,0.0,90.0,True,True,180.0,180.0
2013-03-01,EMD,-17.0,36.0,False,False,17.0,17.0
2013-03-01,ES,1.0,69.0,False,False,1.0,1.0
2013-03-01,FCE,-72.0,49.0,False,False,72.0,72.0
2013-03-01,FDAX,-13.0,8.0,False,False,13.0,13.0
2013-03-01,FESX,-58.0,78.0,False,False,58.0,58.0
2013-03-01,FSMI,-28.0,52.0,False,False,28.0,28.0
2013-03-01,HTW,12.0,12.0,False,False,12.0,12.0
2013-03-01,LFT,-36.0,47.0,False,False,36.0,36.0
2013-03-01,NKD,-23.0,21.0,False,False,23.0,23.0
2013-03-01,NQ,-22.0,68.0,False,False,22.0,22.0
2013-03-01,RTY,1.0,98.0,False,False,1.0,1.0
2013-03-01,SNK,-54.0,1.0,False,False,54.0,54.0
2013-03-01,SXF,1.0,53.0,False,False,1.0,1.0
2013-03-01,YAP,-54.0,26.0,False,False,54.0,54.0
2013-03-01,YM,1.0,76.0,False,False,1.0,1.0
2013-03-01,CGB,-115.0,7.0,False,False,115.0,115.0
2013-03-01,FGBL,-33.0,0.0,False,False,33.0,33.0
2013-03-01,FGBM,-28.0,0.0,False,False,28.0,28.0
2013-03-01,FGBX,-9.0,0.0,False,False,9.0,9.0
2013-03-01,SJB,27.0,39.0,False,False,27.0,27.0
2013-03-01,YXT,-25.0,69.0,False,False,25.0,25.0
2013-03-01,YYT,130.0,130.0,False,False,130.0,130.0
2013-03-01,ZT,54.0,54.0,False,False,54.0,54.0
2013-03-01,ZF,11.0,11.0,False,False,11.0,11.0
2013-03-01,ZN,117.0,117.0,False,False,117.0,117.0
2013-03-01,6A,57.0,68.0,False,False,57.0,57.0
2013-03-01,6B,-99.0,-78.0,False,False,99.0,99.0
2013-03-01,6C,-137.0,-37.0,False,False,137.0,137.0
2013-03-01,6E,-41.0,-39.0,False,False,41.0,41.0
2013-03-01,6J,-11.0,-34.0,False,False,11.0,11.0
2013-03-01,6M,2.0,208.0,False,False,2.0,2.0
2013-03-01,6N,-29.0,61.0,False,False,29.0,29.0
2013-03-01,6S,-121.0,-57.0,False,False,121.0,121.0
2013-03-01,BRN,-51.0,-7.0,False,False,51.0,51.0
2013-03-01,CL,14.0,-32.0,False,False,14.0,14.0
2013-03-01,GAS,-57.0,-13.0,False,False,57.0,57.0
2013-03-01,NG,72.0,14.0,False,False,72.0,72.0
2013-03-01,RB,-14.0,17.0,False,False,14.0,14.0
2013-03-01,GC,8.0,-22.0,False,False,8.0,8.0
2013-03-01,HG,-13.0,-13.0,False,False,13.0,13.0
2013-03-01,PA,-17.0,32.0,False,False,17.0,17.0
2013-03-01,PL,-55.0,-33.0,False,False,55.0,55.0
2013-03-01,CC,-154.0,-9.0,False,False,154.0,154.0
2013-03-01,CT,28.0,-66.0,False,False,28.0,28.0
2013-03-01,GF,22.0,-57.0,False,False,22.0,22.0
2013-03-01,HE,1.0,125.0,False,False,1.0,1.0
2013-03-01,KC,-1.0,-33.0,False,False,1.0,1.0
2013-03-01,KE,-114.0,-67.0,False,False,114.0,114.0
2013-03-01,LE,-1.0,-107.0,False,False,1.0,1.0
2013-03-01,RS,-118.0,258.0,False,False,118.0,118.0
2013-03-01,SB,-2.0,-159.0,False,False,2.0,2.0
2013-03-01,ZC,1.0,118.0,False,False,1.0,1.0
2013-03-01,ZL,-1.0,-104.0,False,False,1.0,1.0
2013-03-01,ZS,-15.0,38.0,False,False,15.0,15.0
2013-03-01,ZW,-90.0,0.0,False,False,90.0,90.0
2013-03-07,NKD,0.0,21.0,True,True,42.0,42.0
2013-03-07,SNK,0.0,1.0,True,True,2.0,2.0
2013-03-08,SJB,0.0,39.0,True,True,78.0,78.0
2013-03-12,GAS,0.0,-13.0,True,True,26.0,26.0
2013-03-13,SXF,0.0,53.0,True,True,106.0,106.0
2013-03-14,ES,0.0,69.0,True,True,138.0,138.0
2013-03-14,YM,0.0,76.0,True,True,152.0,152.0
2013-03-15,EMD,0.0,36.0,True,True,72.0,72.0
2013-03-15,FCE,0.0,49.0,True,True,98.0,98.0
2013-03-15,FDAX,0.0,8.0,True,True,16.0,16.0
2013-03-15,FESX,0.0,78.0,True,True,156.0,156.0
2013-03-15,FSMI,0.0,52.0,True,True,104.0,104.0
2013-03-15,LFT,0.0,47.0,True,True,94.0,94.0
2013-03-15,NQ,0.0,68.0,True,True,136.0,136.0
2013-03-15,RTY,0.0,98.0,True,True,196.0,196.0
2013-03-15,YXT,0.0,69.0,True,True,138.0,138.0
2013-03-15,YYT,0.0,130.0,True,True,260.0,260.0
2013-03-18,6A,0.0,68.0,True,True,136.0,136.0
2013-03-18,6B,0.0,-78.0,True,True,156.0,156.0
2013-03-18,6E,0.0,-39.0,True,True,78.0,78.0
2013-03-18,6J,0.0,-34.0,True,True,68.0,68.0
2013-03-18,6M,0.0,208.0,True,True,416.0,416.0
2013-03-18,6N,0.0,61.0,True,True,122.0,122.0
2013-03-18,6S,0.0,-57.0,True,True,114.0,114.0
2013-03-19,6C,0.0,-37.0,True,True,74.0,74.0
2013-03-20,CL,0.0,-32.0,True,True,64.0,64.0
2013-03-21,YAP,0.0,26.0,True,True,52.0,52.0
2013-03-26,NG,0.0,14.0,True,True,28.0,28.0
2013-03-28,HTW,0.0,12.0,True,True,24.0,24.0
2013-03-28,BRN,0.0,-7.0,True,True,14.0,14.0
2013-03-28,RB,0.0,17.0,True,True,34.0,34.0
2013-03-28,GC,0.0,-22.0,True,True,44.0,44.0
2013-03-28,PL,0.0,-33.0,True,True,66.0,66.0
2013-03-28,GF,0.0,-57.0,True,True,114.0,114.0
2013-04-01,EMD,1.0,37.0,False,False,1.0,1.0
2013-04-01,ES,1.0,70.0,False,False,1.0,1.0
2013-04-01,HTW,99.0,111.0,False,False,99.0,99.0
2013-04-01,NKD,1.0,22.0,False,False,1.0,1.0
2013-04-01,NQ,61.0,129.0,False,False,61.0,61.0
2013-04-01,RTY,2.0,100.0,False,False,2.0,2.0
2013-04-01,SNK,38.0,39.0,False,False,38.0,38.0
2013-04-01,SXF,1.0,54.0,False,False,1.0,1.0
2013-04-01,YM,2.0,78.0,False,False,2.0,2.0
2013-04-01,CGB,-7.0,0.0,False,False,7.0,7.0
2013-04-01,SJB,116.0,155.0,False,False,116.0,116.0
2013-04-01,ZT,-54.0,0.0,False,False,54.0,54.0
2013-04-01,ZF,-11.0,0.0,False,False,11.0,11.0
2013-04-01,ZN,67.0,184.0,False,False,67.0,67.0
2013-04-01,ZB,-3.0,4.0,False,False,3.0,3.0
2013-04-01,6A,-68.0,0.0,False,False,68.0,68.0
2013-04-01,6B,-44.0,-122.0,False,False,44.0,44.0
2013-04-01,6C,-126.0,-163.0,False,False,126.0,126.0
2013-04-01,6E,-20.0,-59.0,False,False,20.0,20.0
2013-04-01,6J,-1.0,-35.0,False,False,1.0,1.0
2013-04-01,6M,5.0,213.0,False,False,5.0,5.0
2013-04-01,6N,1.0,62.0,False,False,1.0,1.0
2013-04-01,6S,-1.0,-58.0,False,False,1.0,1.0
2013-04-01,BRN,-18.0,-25.0,False,False,18.0,18.0
2013-04-01,CL,-20.0,-52.0,False,False,20.0,20.0
2013-04-01,GAS,-10.0,-23.0,False,False,10.0,10.0
2013-04-01,HO,-42.0,-42.0,False,False,42.0,42.0
2013-04-01,NG,17.0,31.0,False,False,17.0,17.0
2013-04-01,RB,9.0,26.0,False,False,9.0,9.0
2013-04-01,PA,1.0,33.0,False,False,1.0,1.0
2013-04-01,PL,-16.0,-49.0,False,False,16.0,16.0
2013-04-01,SI,-13.0,-26.0,False,False,13.0,13.0
2013-04-01,CC,193.0,184.0,False,False,193.0,193.0
2013-04-01,CT,-1.0,-67.0,False,False,1.0,1.0
2013-04-01,GF,-41.0,-98.0,False,False,41.0,41.0
2013-04-01,HE,3.0,128.0,False,False,3.0,3.0
2013-04-01,KC,-30.0,-63.0,False,False,30.0,30.0
2013-04-01,KE,129.0,62.0,False,False,129.0,129.0
2013-04-01,LE,-2.0,-109.0,False,False,2.0,2.0
2013-04-01,RS,158.0,416.0,False,False,158.0,158.0
2013-04-01,SB,-3.0,-162.0,False,False,3.0,3.0
2013-04-01,ZC,-32.0,86.0,False,False,32.0,32.0
2013-04-01,ZL,-67.0,-171.0,False,False,67.0,67.0
2013-04-01,ZM,2.0,62.0,False,False,2.0,2.0
2013-04-01,ZS,19.0,57.0,False,False,19.0,19.0
2013-04-02,FCE,49.0,98.0,False,False,49.0,49.0
2013-04-02,FDAX,14.0,22.0,False,False,14.0,14.0
2013-04-02,FESX,2.0,80.0,False,False,2.0,2.0
2013-04-02,FSMI,1.0,53.0,False,False,1.0,1.0
2013-04-02,LFT,35.0,82.0,False,False,35.0,35.0
2013-04-02,FGBL,37.0,37.0,False,False,37.0,37.0
2013-04-02,FGBM,18.0,18.0,False,False,18.0,18.0
2013-04-02,FGBX,10.0,10.0,False,False,10.0,10.0
2013-04-02,SJB,28.0,183.0,False,False,28.0,28.0
2013-04-02,YXT,2.0,71.0,False,False,2.0,2.0
2013-04-02,YYT,115.0,245.0,False,False,115.0,115.0
2013-04-08,LE,0.0,-109.0,True,True,218.0,218.0
2013-04-11,GAS,0.0,-23.0,True,True,46.0,46.0
2013-04-12,HE,0.0,128.0,True,True,256.0,256.0
2013-04-17,CC,0.0,184.0,True,True,368.0,368.0
2013-04-19,FCE,0.0,98.0,True,True,196.0,196.0
2013-04-22,CL,0.0,-52.0,True,True,104.0,104.0
2013-04-22,KC,0.0,-63.0,True,True,126.0,126.0
2013-04-24,CT,0.0,-67.0,True,True,134.0,134.0
2013-04-25,GF,0.0,-98.0,True,True,196.0,196.0
2013-04-26,NG,0.0,31.0,True,True,62.0,62.0
2013-04-29,HTW,0.0,111.0,True,True,222.0,222.0
2013-04-30,BRN,0.0,-25.0,True,True,50.0,50.0
2013-04-30,HO,0.0,-42.0,True,True,84.0,84.0
2013-04-30,RB,0.0,26.0,True,True,52.0,52.0
2013-04-30,HG,0.0,-13.0,True,True,26.0,26.0
2013-04-30,SI,0.0,-26.0,True,True,52.0,52.0
2013-04-30,KE,0.0,62.0,True,True,124.0,124.0
2013-04-30,RS,0.0,416.0,True,True,832.0,832.0
2013-04-30,SB,0.0,-162.0,True,True,324.0,324.0
2013-04-30,ZC,0.0,86.0,True,True,172.0,172.0
2013-04-30,ZL,0.0,-171.0,True,True,342.0,342.0
2013-04-30,ZM,0.0,62.0,True,True,124.0,124.0
2013-04-30,ZS,0.0,57.0,True,True,114.0,114.0
2013-05-01,EMD,-15.0,22.0,False,False,15.0,15.0
2013-05-01,ES,-22.0,48.0,False,False,22.0,22.0
2013-05-01,LFT,-34.0,48.0,False,False,34.0,34.0
2013-05-01,NKD,2.0,24.0,False,False,2.0,2.0
2013-05-01,NQ,-58.0,71.0,False,False,58.0,58.0
2013-05-01,RTY,-48.0,52.0,False,False,48.0,48.0
2013-05-01,SNK,3.0,42.0,False,False,3.0,3.0
2013-05-01,SXF,-33.0,21.0,False,False,33.0,33.0
2013-05-01,YAP,3.0,29.0,False,False,3.0,3.0
2013-05-01,YM,-18.0,60.0,False,False,18.0,18.0
2013-05-01,LLG,2.0,27.0,False,False,2.0,2.0
2013-05-01,SJB,-79.0,104.0,False,False,79.0,79.0
2013-05-01,YXT,5.0,76.0,False,False,5.0,5.0
2013-05-01,YYT,-493.0,-248.0,False,False,493.0,493.0
2013-05-01,ZN,14.0,198.0,False,False,14.0,14.0
2013-05-01,ZB,-4.0,0.0,False,False,4.0,4.0
2013-05-01,6A,5.0,5.0,False,False,5.0,5.0
2013-05-01,6B,33.0,-89.0,False,False,33.0,33.0
2013-05-01,6C,139.0,-24.0,False,False,139.0,139.0
2013-05-01,6E,59.0,0.0,False,False,59.0,59.0
2013-05-01,6J,9.0,-26.0,False,False,9.0,9.0
2013-05-01,6M,-45.0,168.0,False,False,45.0,45.0
2013-05-01,6N,-13.0,49.0,False,False,13.0,13.0
2013-05-01,6S,-5.0,-63.0,False,False,5.0,5.0
2013-05-01,BRN,-2.0,-27.0,False,False,2.0,2.0
2013-05-01,CL,22.0,-30.0,False,False,22.0,22.0
2013-05-01,GAS,-21.0,-44.0,False,False,21.0,21.0
2013-05-01,HO,21.0,-21.0,False,False,21.0,21.0
2013-05-01,NG,2.0,33.0,False,False,2.0,2.0
2013-05-01,RB,-6.0,20.0,False,False,6.0,6.0
2013-05-01,GC,12.0,-10.0,False,False,12.0,12.0
2013-05-01,HG,-12.0,-25.0,False,False,12.0,12.0
2013-05-01,PA,-11.0,22.0,False,False,11.0,11.0
2013-05-01,PL,78.0,29.0,False,False,78.0,78.0
2013-05-01,SI,21.0,-5.0,False,False,21.0,21.0
2013-05-01,CC,15.0,199.0,False,False,15.0,15.0
2013-05-01,CT,72.0,5.0,False,False,72.0,72.0
2013-05-01,GF,-8.0,-106.0,False,False,8.0,8.0
2013-05-01,HE,10.0,138.0,False,False,10.0,10.0
2013-05-01,KC,13.0,-50.0,False,False,13.0,13.0
2013-05-01,KE,5.0,67.0,False,False,5.0,5.0
2013-05-01,LE,-9.0,-118.0,False,False,9.0,9.0
2013-05-01,RS,32.0,448.0,False,False,32.0,32.0
2013-05-01,SB,-13.0,-175.0,False,False,13.0,13.0
2013-05-01,ZC,-48.0,38.0,False,False,48.0,48.0
2013-05-01,ZL,54.0,-117.0,False,False,54.0,54.0
2013-05-01,ZM,4.0,66.0,False,False,4.0,4.0
2013-05-01,ZS,4.0,61.0,False,False,4.0,4.0
2013-05-01,ZW,61.0,61.0,False,False,61.0,61.0
2013-05-02,FCE,-33.0,65.0,False,False,33.0,33.0
2013-05-02,FDAX,-10.0,12.0,False,False,10.0,10.0
2013-05-02,FESX,6.0,86.0,False,False,6.0,6.0
2013-05-02,FSMI,-15.0,38.0,False,False,15.0,15.0
2013-05-02,HTW,-29.0,82.0,False,False,29.0,29.0
2013-05-02,FGBL,3.0,40.0,False,False,3.0,3.0
2013-05-02,FGBM,-18.0,0.0,False,False,18.0,18.0
2013-05-02,FGBX,-4.0,6.0,False,False,4.0,4.0
2013-05-10,GAS,0.0,-44.0,True,True,88.0,88.0
2013-05-17,FCE,0.0,65.0,True,True,130.0,130.0
2013-05-21,CL,0.0,-30.0,True,True,60.0,60.0
2013-05-24,GF,0.0,-106.0,True,True,212.0,212.0
2013-05-29,NG,0.0,33.0,True,True,66.0,66.0
2013-05-30,HTW,0.0,82.0,True,True,164.0,164.0
2013-05-30,LLG,0.0,27.0,True,True,54.0,54.0
2013-05-31,ZN,0.0,198.0,True,True,396.0,396.0
2013-05-31,BRN,0.0,-27.0,True,True,54.0,54.0
2013-05-31,HO,0.0,-21.0,True,True,42.0,42.0
2013-05-31,RB,0.0,20.0,True,True,40.0,40.0
2013-05-31,GC,0.0,-10.0,True,True,20.0,20.0
2013-05-31,PA,0.0,22.0,True,True,44.0,44.0
2013-06-03,EMD,20.0,42.0,False,False,20.0,20.0
2013-06-03,ES,26.0,74.0,False,False,26.0,26.0
2013-06-03,FCE,1.0,66.0,False,False,1.0,1.0
2013-06-03,FESX,1.0,87.0,False,False,1.0,1.0
2013-06-03,HTW,-73.0,9.0,False,False,73.0,73.0
2013-06-03,NQ,29.0,100.0,False,False,29.0,29.0
2013-06-03,RTY,36.0,88.0,False,False,36.0,36.0
2013-06-03,SNK,-26.0,16.0,False,False,26.0,26.0
2013-06-03,SXF,-17.0,4.0,False,False,17.0,17.0
2013-06-03,YAP,10.0,39.0,False,False,10.0,10.0
2013-06-03,YM,36.0,96.0,False,False,36.0,36.0
2013-06-03,CGB,-126.0,-126.0,False,False,126.0,126.0
2013-06-03,FGBL,-40.0,0.0,False,False,40.0,40.0
2013-06-03,FGBM,170.0,170.0,False,False,170.0,170.0
2013-06-03,FGBS,260.0,260.0,False,False,260.0,260.0
2013-06-03,FGBX,-6.0,0.0,False,False,6.0,6.0
2013-06-03,LLG,1.0,28.0,False,False,1.0,1.0
2013-06-03,SJB,-119.0,-15.0,False,False,119.0,119.0
2013-06-03,YXT,-77.0,-1.0,False,False,77.0,77.0
2013-06-03,YYT,-3.0,-251.0,False,False,3.0,3.0
2013-06-03,ZT,1139.0,1139.0,False,False,1139.0,1139.0
2013-06-03,ZF,-270.0,-270.0,False,False,270.0,270.0
2013-06-03,ZN,-250.0,-52.0,False,False,250.0,250.0
2013-06-03,ZB,-54.0,-54.0,False,False,54.0,54.0
2013-06-03,6A,-80.0,-75.0,False,False,80.0,80.0
2013-06-03,6B,-1.0,-90.0,False,False,1.0,1.0
2013-06-03,6E,10.0,10.0,False,False,10.0,10.0
2013-06-03,6J,-1.0,-27.0,False,False,1.0,1.0
2013-06-03,6M,2.0,170.0,False,False,2.0,2.0
2013-06-03,6N,20.0,69.0,False,False,20.0,20.0
2013-06-03,6S,19.0,-44.0,False,False,19.0,19.0
2013-06-03,BRN,62.0,35.0,False,False,62.0,62.0
2013-06-03,CL,51.0,21.0,False,False,51.0,51.0
2013-06-03,GAS,70.0,26.0,False,False,70.0,70.0
2013-06-03,HO,48.0,27.0,False,False,48.0,48.0
2013-06-03,NG,1.0,34.0,False,False,1.0,1.0
2013-06-03,PL,-63.0,-34.0,False,False,63.0,63.0
2013-06-03,SI,-2.0,-7.0,False,False,2.0,2.0
2013-06-03,CC,-237.0,-38.0,False,False,237.0,237.0
2013-06-03,CT,46.0,51.0,False,False,46.0,46.0
2013-06-03,GF,-1.0,-107.0,False,False,1.0,1.0
2013-06-03,HE,2.0,140.0,False,False,2.0,2.0
2013-06-03,KE,1.0,68.0,False,False,1.0,1.0
2013-06-03,LE,-2.0,-120.0,False,False,2.0,2.0
2013-06-03,RS,7.0,455.0,False,False,7.0,7.0
2013-06-03,SB,-2.0,-177.0,False,False,2.0,2.0
2013-06-03,ZL,-2.0,-119.0,False,False,2.0,2.0
2013-06-03,ZM,1.0,67.0,False,False,1.0,1.0
2013-06-03,ZS,1.0,62.0,False,False,1.0,1.0
2013-06-03,ZW,1.0,62.0,False,False,1.0,1.0
2013-06-04,SJB,-95.0,-110.0,False,False,95.0,95.0
2013-06-06,FGBM,0.0,170.0,True,True,340.0,340.0
2013-06-06,FGBS,0.0,260.0,True,True,520.0,520.0
2013-06-10,SJB,0.0,-110.0,True,True,220.0,220.0
2013-06-10,LE,0.0,-120.0,True,True,240.0,240.0
2013-06-12,GAS,0.0,26.0,True,True,52.0,52.0
2013-06-13,NKD,0.0,24.0,True,True,48.0,48.0
2013-06-13,SNK,0.0,16.0,True,True,32.0,32.0
2013-06-14,HE,0.0,140.0,True,True,280.0,280.0
2013-06-17,YXT,0.0,-1.0,True,True,2.0,2.0
2013-06-17,YYT,0.0,-251.0,True,True,502.0,502.0
2013-06-17,6A,0.0,-75.0,True,True,150.0,150.0
2013-06-17,6B,0.0,-90.0,True,True,180.0,180.0
2013-06-17,6E,0.0,10.0,True,True,20.0,20.0
2013-06-17,6J,0.0,-27.0,True,True,54.0,54.0
2013-06-17,6M,0.0,170.0,True,True,340.0,340.0
2013-06-17,6N,0.0,69.0,True,True,138.0,138.0
2013-06-17,6S,0.0,-44.0,True,True,88.0,88.0
2013-06-17,CC,0.0,-38.0,True,True,76.0,76.0
2013-06-18,6C,0.0,-24.0,True,True,48.0,48.0
2013-06-19,SXF,0.0,4.0,True,True,8.0,8.0
2013-06-20,ES,0.0,74.0,True,True,148.0,148.0
2013-06-20,YAP,0.0,39.0,True,True,78.0,78.0
2013-06-20,YM,0.0,96.0,True,True,192.0,192.0
2013-06-20,CL,0.0,21.0,True,True,42.0,42.0
2013-06-20,KC,0.0,-50.0,True,True,100.0,100.0
2013-06-21,EMD,0.0,42.0,True,True,84.0,84.0
2013-06-21,FCE,0.0,66.0,True,True,132.0,132.0
2013-06-21,FDAX,0.0,12.0,True,True,24.0,24.0
2013-06-21,FESX,0.0,87.0,True,True,174.0,174.0
2013-06-21,FSMI,0.0,38.0,True,True,76.0,76.0
2013-06-21,LFT,0.0,48.0,True,True,96.0,96.0
2013-06-21,NQ,0.0,100.0,True,True,200.0,200.0
2013-06-21,RTY,0.0,88.0,True,True,176.0,176.0
2013-06-24,CT,0.0,51.0,True,True,102.0,102.0
2013-06-26,NG,0.0,34.0,True,True,68.0,68.0
2013-06-27,HTW,0.0,9.0,True,True,18.0,18.0
2013-06-28,BRN,0.0,35.0,True,True,70.0,70.0
2013-06-28,HO,0.0,27.0,True,True,54.0,54.0
2013-06-28,RB,0.0,20.0,True,True,40.0,40.0
2013-06-28,HG,0.0,-25.0,True,True,50.0,50.0
2013-06-28,PL,0.0,-34.0,True,True,68.0,68.0
2013-06-28,SI,0.0,-7.0,True,True,14.0,14.0
2013-06-28,KE,0.0,68.0,True,True,136.0,136.0
2013-06-28,RS,0.0,455.0,True,True,910.0,910.0
2013-06-28,SB,0.0,-177.0,True,True,354.0,354.0
2013-06-28,ZC,0.0,38.0,True,True,76.0,76.0
2013-06-28,ZL,0.0,-119.0,True,True,238.0,238.0
2013-06-28,ZM,0.0,67.0,True,True,134.0,134.0
2013-06-28,ZS,0.0,62.0,True,True,124.0,124.0
2013-06-28,ZW,0.0,62.0,True,True,124.0,124.0
2013-07-01,EMD,-29.0,13.0,False,False,29.0,29.0
2013-07-01,ES,-49.0,25.0,False,False,49.0,49.0
2013-07-01,FCE,-32.0,34.0,False,False,32.0,32.0
2013-07-01,FDAX,-6.0,6.0,False,False,6.0,6.0
2013-07-01,FESX,-47.0,40.0,False,False,47.0,47.0
2013-07-01,FSMI,-20.0,18.0,False,False,20.0,20.0
2013-07-01,HTW,5.0,14.0,False,False,5.0,5.0
2013-07-01,LFT,-30.0,18.0,False,False,30.0,30.0
2013-07-01,NKD,-19.0,5.0,False,False,19.0,19.0
2013-07-01,NQ,-54.0,46.0,False,False,54.0,54.0
2013-07-01,RTY,-51.0,37.0,False,False,51.0,51.0
2013-07-01,SNK,-6.0,10.0,False,False,6.0,6.0
2013-07-01,YAP,-23.0,16.0,False,False,23.0,23.0
2013-07-01,YM,-63.0,33.0,False,False,63.0,63.0
2013-07-01,FGBL,-42.0,-42.0,False,False,42.0,42.0
2013-07-01,FGBM,-242.0,-72.0,False,False,242.0,242.0
2013-07-01,FGBS,-659.0,-399.0,False,False,659.0,659.0
2013-07-01,FGBX,-27.0,-27.0,False,False,27.0,27.0
2013-07-01,LLG,-59.0,-31.0,False,False,59.0,59.0
2013-07-01,SJB,40.0,-70.0,False,False,40.0,40.0
2013-07-01,YXT,-23.0,-24.0,False,False,23.0,23.0
2013-07-01,YYT,144.0,-107.0,False,False,144.0,144.0
2013-07-01,ZT,-1367.0,-228.0,False,False,1367.0,1367.0
2013-07-01,ZF,172.0,-98.0,False,False,172.0,172.0
2013-07-01,ZN,21.0,-31.0,False,False,21.0,21.0
2013-07-01,ZB,21.0,-33.0,False,False,21.0,21.0
2013-07-01,6A,38.0,-37.0,False,False,38.0,38.0
2013-07-01,6B,45.0,-45.0,False,False,45.0,45.0
2013-07-01,6E,8.0,18.0,False,False,8.0,8.0
2013-07-01,6J,16.0,-11.0,False,False,16.0,16.0
2013-07-01,6M,-111.0,59.0,False,False,111.0,111.0
2013-07-01,6N,-98.0,-29.0,False,False,98.0,98.0
2013-07-01,6S,75.0,31.0,False,False,75.0,75.0
2013-07-01,BRN,-13.0,22.0,False,False,13.0,13.0
2013-07-01,CL,-7.0,14.0,False,False,7.0,7.0
2013-07-01,GAS,-10.0,16.0,False,False,10.0,10.0
2013-07-01,HO,-14.0,13.0,False,False,14.0,14.0
2013-07-01,NG,-66.0,-32.0,False,False,66.0,66.0
2013-07-01,RB,-8.0,12.0,False,False,8.0,8.0
2013-07-01,GC,3.0,-7.0,False,False,3.0,3.0
2013-07-01,PA,-9.0,13.0,False,False,9.0,9.0
2013-07-01,PL,11.0,-23.0,False,False,11.0,11.0
2013-07-01,SI,4.0,-3.0,False,False,4.0,4.0
2013-07-01,CC,19.0,-19.0,False,False,19.0,19.0
2013-07-01,CT,-25.0,26.0,False,False,25.0,25.0
2013-07-01,GF,55.0,-52.0,False,False,55.0,55.0
2013-07-01,HE,-70.0,70.0,False,False,70.0,70.0
2013-07-01,KC,18.0,-32.0,False,False,18.0,18.0
2013-07-01,KE,-80.0,-12.0,False,False,80.0,80.0
2013-07-01,LE,50.0,-70.0,False,False,50.0,50.0
2013-07-01,SB,74.0,-103.0,False,False,74.0,74.0
2013-07-01,ZC,-38.0,0.0,False,False,38.0,38.0
2013-07-01,ZL,45.0,-74.0,False,False,45.0,45.0
2013-07-01,ZM,-26.0,41.0,False,False,26.0,26.0
2013-07-01,ZS,-26.0,36.0,False,False,26.0,26.0
2013-07-01,ZW,-72.0,-10.0,False,False,72.0,72.0
2013-07-02,SXF,11.0,15.0,False,False,11.0,11.0
2013-07-02,CGB,69.0,-57.0,False,False,69.0,69.0
2013-07-02,RS,-221.0,234.0,False,False,221.0,221.0
2013-07-11,GAS,0.0,16.0,True,True,32.0,32.0
2013-07-15,HE,0.0,70.0,True,True,140.0,140.0
2013-07-19,FCE,0.0,34.0,True,True,68.0,68.0
2013-07-22,CL,0.0,14.0,True,True,28.0,28.0
2013-07-29,NG,0.0,-32.0,True,True,64.0,64.0
2013-07-30,HTW,0.0,14.0,True,True,28.0,28.0
2013-07-31,BRN,0.0,22.0,True,True,44.0,44.0
2013-07-31,HO,0.0,13.0,True,True,26.0,26.0
2013-07-31,RB,0.0,12.0,True,True,24.0,24.0
2013-07-31,GC,0.0,-7.0,True,True,14.0,14.0
2013-07-31,ZL,0.0,-74.0,True,True,148.0,148.0
2013-07-31,ZM,0.0,41.0,True,True,82.0,82.0
2013-07-31,ZS,0.0,36.0,True,True,72.0,72.0
2013-08-01,EMD,13.0,26.0,False,False,13.0,13.0
2013-08-01,ES,29.0,54.0,False,False,29.0,29.0
2013-08-01,FCE,48.0,82.0,False,False,48.0,48.0
2013-08-01,FDAX,8.0,14.0,False,False,8.0,8.0
2013-08-01,FESX,28.0,68.0,False,False,28.0,28.0
2013-08-01,HTW,-14.0,0.0,False,False,14.0,14.0
2013-08-01,LFT,21.0,39.0,False,False,21.0,21.0
2013-08-01,NQ,55.0,101.0,False,False,55.0,55.0
2013-08-01,RTY,41.0,78.0,False,False,41.0,41.0
2013-08-01,SNK,9.0,19.0,False,False,9.0,9.0
2013-08-01,SXF,23.0,38.0,False,False,23.0,23.0
2013-08-01,YAP,22.0,38.0,False,False,22.0,22.0
2013-08-01,YM,31.0,64.0,False,False,31.0,31.0
2013-08-01,CGB,-24.0,-81.0,False,False,24.0,24.0
2013-08-01,FGBL,42.0,0.0,False,False,42.0,42.0
2013-08-01,FGBM,219.0,147.0,False,False,219.0,219.0
2013-08-01,FGBS,-324.0,-723.0,False,False,324.0,324.0
2013-08-01,FGBX,-19.0,-46.0,False,False,19.0,19.0
2013-08-01,LLG,-25.0,-56.0,False,False,25.0,25.0
2013-08-01,SJB,80.0,10.0,False,False,80.0,80.0
2013-08-01,YXT,-43.0,-67.0,False,False,43.0,43.0
2013-08-01,YYT,-103.0,-210.0,False,False,103.0,103.0
2013-08-01,ZT,662.0,434.0,False,False,662.0,662.0
2013-08-01,ZF,-39.0,-137.0,False,False,39.0,39.0
2013-08-01,ZN,-24.0,-55.0,False,False,24.0,24.0
2013-08-01,ZB,-14.0,-47.0,False,False,14.0,14.0
2013-08-01,6A,-21.0,-58.0,False,False,21.0,21.0
2013-08-01,6B,-1.0,-46.0,False,False,1.0,1.0
2013-08-01,6C,-32.0,-56.0,False,False,32.0,32.0
2013-08-01,6E,19.0,37.0,False,False,19.0,19.0
2013-08-01,6J,-5.0,-16.0,False,False,5.0,5.0
2013-08-01,6M,56.0,115.0,False,False,56.0,56.0
2013-08-01,6N,81.0,52.0,False,False,81.0,81.0
2013-08-01,6S,19.0,50.0,False,False,19.0,19.0
2013-08-01,BRN,22.0,44.0,False,False,22.0,22.0
2013-08-01,CL,19.0,33.0,False,False,19.0,19.0
2013-08-01,GAS,-65.0,-49.0,False,False,65.0,65.0
2013-08-01,HO,-50.0,-37.0,False,False,50.0,50.0
2013-08-01,NG,-25.0,-57.0,False,False,25.0,25.0
2013-08-01,RB,4.0,16.0,False,False,4.0,4.0
2013-08-01,HG,-12.0,-37.0,False,False,12.0,12.0
2013-08-01,PA,17.0,30.0,False,False,17.0,17.0
2013-08-01,PL,62.0,39.0,False,False,62.0,62.0
2013-08-01,SI,-8.0,-11.0,False,False,8.0,8.0
2013-08-01,CC,-8.0,-27.0,False,False,8.0,8.0
2013-08-01,CT,45.0,71.0,False,False,45.0,45.0
2013-08-01,GF,-43.0,-95.0,False,False,43.0,43.0
2013-08-01,HE,72.0,142.0,False,False,72.0,72.0
2013-08-01,KC,-16.0,-48.0,False,False,16.0,16.0
2013-08-01,LE,-47.0,-117.0,False,False,47.0,47.0
2013-08-01,RS,-234.0,0.0,False,False,234.0,234.0
2013-08-01,SB,-95.0,-198.0,False,False,95.0,95.0
2013-08-01,ZL,-94.0,-168.0,False,False,94.0,94.0
2013-08-01,ZM,1.0,42.0,False,False,1.0,1.0
2013-08-01,ZS,-36.0,0.0,False,False,36.0,36.0
2013-08-01,ZW,10.0,0.0,False,False,10.0,10.0
2013-08-02,FSMI,28.0,46.0,False,False,28.0,28.0
2013-08-02,SJB,91.0,101.0,False,False,91.0,91.0
2013-08-05,SJB,35.0,136.0,False,False,35.0,35.0
2013-08-05,LE,0.0,-117.0,True,True,234.0,234.0
2013-08-12,GAS,0.0,-49.0,True,True,98.0,98.0
2013-08-14,HE,0.0,142.0,True,True,284.0,284.0
2013-08-16,FCE,0.0,82.0,True,True,164.0,164.0
2013-08-20,CL,0.0,33.0,True,True,66.0,66.0
2013-08-20,CC,0.0,-27.0,True,True,54.0,54.0
2013-08-22,KC,0.0,-48.0,True,True,96.0,96.0
2013-08-28,CGB,0.0,-81.0,True,True,162.0,162.0
2013-08-28,NG,0.0,-57.0,True,True,114.0,114.0
2013-08-29,LLG,0.0,-56.0,True,True,112.0,112.0
2013-08-29,GF,0.0,-95.0,True,True,190.0,190.0
2013-08-30,ZT,0.0,434.0,True,True,868.0,868.0
2013-08-30,ZF,0.0,-137.0,True,True,274.0,274.0
2013-08-30,ZN,0.0,-55.0,True,True,110.0,110.0
2013-08-30,ZB,0.0,-47.0,True,True,94.0,94.0
2013-08-30,BRN,0.0,44.0,True,True,88.0,88.0
2013-08-30,HO,0.0,-37.0,True,True,74.0,74.0
2013-08-30,RB,0.0,16.0,True,True,32.0,32.0
2013-08-30,HG,0.0,-37.0,True,True,74.0,74.0
2013-08-30,PA,0.0,30.0,True,True,60.0,60.0
2013-08-30,SI,0.0,-11.0,True,True,22.0,22.0
2013-08-30,KE,0.0,-12.0,True,True,24.0,24.0
2013-08-30,ZL,0.0,-168.0,True,True,336.0,336.0
2013-08-30,ZM,0.0,42.0,True,True,84.0,84.0
2013-09-02,FESX,54.0,122.0,False,False,54.0,54.0
2013-09-02,FSMI,-1.0,45.0,False,False,1.0,1.0
2013-09-02,HTW,56.0,56.0,False,False,56.0,56.0
2013-09-02,LFT,16.0,55.0,False,False,16.0,16.0
2013-09-02,RTY,-1.0,77.0,False,False,1.0,1.0
2013-09-02,SNK,15.0,34.0,False,False,15.0,15.0
2013-09-02,FGBM,-147.0,0.0,False,False,147.0,147.0
2013-09-02,FGBS,3.0,-720.0,False,False,3.0,3.0
2013-09-02,LLG,1.0,-55.0,False,False,1.0,1.0
2013-09-02,SJB,-1.0,135.0,False,False,1.0,1.0
2013-09-02,YYT,-77.0,-287.0,False,False,77.0,77.0
2013-09-03,EMD,15.0,41.0,False,False,15.0,15.0
2013-09-03,ES,25.0,79.0,False,False,25.0,25.0
2013-09-03,NKD,5.0,10.0,False,False,5.0,5.0
2013-09-03,YM,35.0,99.0,False,False,35.0,35.0
2013-09-03,ZT,-796.0,-362.0,False,False,796.0,796.0
2013-09-03,ZF,45.0,-92.0,False,False,45.0,45.0
2013-09-03,ZN,-18.0,-73.0,False,False,18.0,18.0
2013-09-03,ZB,47.0,0.0,False,False,47.0,47.0
2013-09-03,6C,56.0,0.0,False,False,56.0,56.0
2013-09-03,6E,15.0,52.0,False,False,15.0,15.0
2013-09-03,6J,-9.0,-25.0,False,False,9.0,9.0
2013-09-03,6M,41.0,156.0,False,False,41.0,41.0
2013-09-03,6N,-62.0,-10.0,False,False,62.0,62.0
2013-09-03,CL,-1.0,32.0,False,False,1.0,1.0
2013-09-03,PA,-11.0,19.0,False,False,11.0,11.0
2013-09-03,PL,-88.0,-49.0,False,False,88.0,88.0
2013-09-03,SI,4.0,-7.0,False,False,4.0,4.0
2013-09-03,CC,-44.0,-71.0,False,False,44.0,44.0
2013-09-03,HE,-1.0,141.0,False,False,1.0,1.0
2013-09-03,KE,12.0,0.0,False,False,12.0,12.0
2013-09-03,LE,-70.0,-187.0,False,False,70.0,70.0
2013-09-03,RS,-21.0,-21.0,False,False,21.0,21.0
2013-09-03,SB,1.0,-197.0,False,False,1.0,1.0
2013-09-03,ZL,76.0,-92.0,False,False,76.0,76.0
2013-09-03,ZW,-52.0,-52.0,False,False,52.0,52.0
2013-09-06,FGBS,0.0,-720.0,True,True,1440.0,1440.0
2013-09-06,FGBX,0.0,-46.0,True,True,92.0,92.0
2013-09-10,SJB,0.0,135.0,True,True,270.0,270.0
2013-09-12,NKD,0.0,10.0,True,True,20.0,20.0
2013-09-12,SNK,0.0,34.0,True,True,68.0,68.0
2013-09-12,GAS,0.0,-49.0,True,True,98.0,98.0
2013-09-16,YXT,0.0,-67.0,True,True,134.0,134.0
2013-09-16,YYT,0.0,-287.0,True,True,574.0,574.0
2013-09-16,6A,0.0,-58.0,True,True,116.0,116.0
2013-09-16,6B,0.0,-46.0,True,True,92.0,92.0
2013-09-16,6E,0.0,52.0,True,True,104.0,104.0
2013-09-16,6J,0.0,-25.0,True,True,50.0,50.0
2013-09-16,6M,0.0,156.0,True,True,312.0,312.0
2013-09-16,6N,0.0,-10.0,True,True,20.0,20.0
2013-09-16,6S,0.0,50.0,True,True,100.0,100.0
2013-09-18,SXF,0.0,38.0,True,True,76.0,76.0
2013-09-19,ES,0.0,79.0,True,True,158.0,158.0
2013-09-19,YAP,0.0,38.0,True,True,76.0,76.0
2013-09-19,YM,0.0,99.0,True,True,198.0,198.0
2013-09-20,EMD,0.0,41.0,True,True,82.0,82.0
2013-09-20,FCE,0.0,82.0,True,True,164.0,164.0
2013-09-20,FDAX,0.0,14.0,True,True,28.0,28.0
2013-09-20,FESX,0.0,122.0,True,True,244.0,244.0
2013-09-20,FSMI,0.0,45.0,True,True,90.0,90.0
2013-09-20,LFT,0.0,55.0,True,True,110.0,110.0
2013-09-20,NQ,0.0,101.0,True,True,202.0,202.0
2013-09-20,RTY,0.0,77.0,True,True,154.0,154.0
2013-09-20,CL,0.0,32.0,True,True,64.0,64.0
2013-09-26,NG,0.0,-57.0,True,True,114.0,114.0
2013-09-26,GF,0.0,-95.0,True,True,190.0,190.0
2013-09-27,HTW,0.0,56.0,True,True,112.0,112.0
2013-09-30,BRN,0.0,44.0,True,True,88.0,88.0
2013-09-30,HO,0.0,-37.0,True,True,74.0,74.0
2013-09-30,RB,0.0,16.0,True,True,32.0,32.0
2013-09-30,PL,0.0,-49.0,True,True,98.0,98.0
2013-09-30,SB,0.0,-197.0,True,True,394.0,394.0
2013-09-30,ZL,0.0,-92.0,True,True,184.0,184.0
2013-09-30,ZM,0.0,42.0,True,True,84.0,84.0
2013-10-01,EMD,-14.0,27.0,False,False,14.0,14.0
2013-10-01,ES,2.0,81.0,False,False,2.0,2.0
2013-10-01,FCE,1.0,83.0,False,False,1.0,1.0
2013-10-01,FDAX,7.0,21.0,False,False,7.0,7.0
2013-10-01,FESX,3.0,125.0,False,False,3.0,3.0
2013-10-01,FSMI,28.0,73.0,False,False,28.0,28.0
2013-10-01,HTW,48.0,104.0,False,False,48.0,48.0
2013-10-01,LFT,1.0,56.0,False,False,1.0,1.0
2013-10-01,NKD,-10.0,0.0,False,False,10.0,10.0
2013-10-01,NQ,2.0,103.0,False,False,2.0,2.0
2013-10-01,RTY,2.0,79.0,False,False,2.0,2.0
2013-10-01,SNK,-13.0,21.0,False,False,13.0,13.0
2013-10-01,SXF,1.0,39.0,False,False,1.0,1.0
2013-10-01,YAP,15.0,53.0,False,False,15.0,15.0
2013-10-01,YM,-36.0,63.0,False,False,36.0,36.0
2013-10-01,CGB,-2.0,-83.0,False,False,2.0,2.0
2013-10-01,FGBL,12.0,12.0,False,False,12.0,12.0
2013-10-01,FGBM,123.0,123.0,False,False,123.0,123.0
2013-10-01,FGBS,1168.0,448.0,False,False,1168.0,1168.0
2013-10-01,FGBX,-1.0,-47.0,False,False,1.0,1.0
2013-10-01,LLG,-2.0,-57.0,False,False,2.0,2.0
2013-10-01,SJB,84.0,219.0,False,False,84.0,84.0
2013-10-01,YXT,62.0,-5.0,False,False,62.0,62.0
2013-10-01,YYT,263.0,-24.0,False,False,263.0,263.0
2013-10-01,ZT,826.0,464.0,False,False,826.0,826.0
2013-10-01,ZF,-2.0,-94.0,False,False,2.0,2.0
2013-10-01,ZN,-2.0,-75.0,False,False,2.0,2.0
2013-10-01,ZB,-1.0,-1.0,False,False,1.0,1.0
2013-10-01,6A,-1.0,-59.0,False,False,1.0,1.0
2013-10-01,6B,119.0,73.0,False,False,119.0,119.0
2013-10-01,6C,-83.0,-83.0,False,False,83.0,83.0
2013-10-01,6E,1.0,53.0,False,False,1.0,1.0
2013-10-01,6J,19.0,-6.0,False,False,19.0,19.0
2013-10-01,6M,4.0,160.0,False,False,4.0,4.0
2013-10-01,6N,90.0,80.0,False,False,90.0,90.0
2013-10-01,6S,1.0,51.0,False,False,1.0,1.0
2013-10-01,BRN,1.0,45.0,False,False,1.0,1.0
2013-10-01,CL,1.0,33.0,False,False,1.0,1.0
2013-10-01,GAS,-1.0,-50.0,False,False,1.0,1.0
2013-10-01,NG,26.0,-31.0,False,False,26.0,26.0
2013-10-01,RB,-44.0,-28.0,False,False,44.0,44.0
2013-10-01,HG,-14.0,-51.0,False,False,14.0,14.0
2013-10-01,PL,-1.0,-50.0,False,False,1.0,1.0
2013-10-01,SI,-1.0,-8.0,False,False,1.0,1.0
2013-10-01,CC,232.0,161.0,False,False,232.0,232.0
2013-10-01,CT,2.0,73.0,False,False,2.0,2.0
2013-10-01,GF,-50.0,-145.0,False,False,50.0,50.0
2013-10-01,HE,3.0,144.0,False,False,3.0,3.0
2013-10-01,KC,-19.0,-67.0,False,False,19.0,19.0
2013-10-01,LE,178.0,-9.0,False,False,178.0,178.0
2013-10-01,RS,21.0,0.0,False,False,21.0,21.0
2013-10-01,SB,-4.0,-201.0,False,False,4.0,4.0
2013-10-01,ZL,68.0,-24.0,False,False,68.0,68.0
2013-10-01,ZM,1.0,43.0,False,False,1.0,1.0
2013-10-01,ZS,42.0,42.0,False,False,42.0,42.0
2013-10-01,ZW,-1.0,-53.0,False,False,1.0,1.0
2013-10-02,SJB,1.0,220.0,False,False,1.0,1.0
2013-10-07,LE,0.0,-9.0,True,True,18.0,18.0
2013-10-10,GAS,0.0,-50.0,True,True,100.0,100.0
2013-10-14,HE,0.0,144.0,True,True,288.0,288.0
2013-10-18,FCE,0.0,83.0,True,True,166.0,166.0
2013-10-22,CL,0.0,33.0,True,True,66.0,66.0
2013-10-29,NG,0.0,-31.0,True,True,62.0,62.0
2013-10-30,HTW,0.0,104.0,True,True,208.0,208.0
2013-10-31,BRN,0.0,45.0,True,True,90.0,90.0
2013-10-31,HO,0.0,-37.0,True,True,74.0,74.0
2013-10-31,RB,0.0,-28.0,True,True,56.0,56.0
2013-10-31,GF,0.0,-145.0,True,True,290.0,290.0
2013-10-31,ZS,0.0,42.0,True,True,84.0,84.0
2013-11-01,EMD,1.0,28.0,False,False,1.0,1.0
2013-11-01,ES,3.0,84.0,False,False,3.0,3.0
2013-11-01,FCE,4.0,87.0,False,False,4.0,4.0
2013-11-01,FDAX,1.0,22.0,False,False,1.0,1.0
2013-11-01,FESX,5.0,130.0,False,False,5.0,5.0
2013-11-01,FSMI,3.0,76.0,False,False,3.0,3.0
2013-11-01,HTW,4.0,108.0,False,False,4.0,4.0
2013-11-01,LFT,24.0,80.0,False,False,24.0,24.0
2013-11-01,NQ,4.0,107.0,False,False,4.0,4.0
2013-11-01,RTY,3.0,82.0,False,False,3.0,3.0
2013-11-01,SNK,1.0,22.0,False,False,1.0,1.0
2013-11-01,SXF,24.0,63.0,False,False,24.0,24.0
2013-11-01,YAP,2.0,55.0,False,False,2.0,2.0
2013-11-01,YM,3.0,66.0,False,False,3.0,3.0
2013-11-01,CGB,-63.0,-146.0,False,False,63.0,63.0
2013-11-01,FGBL,-9.0,3.0,False,False,9.0,9.0
2013-11-01,FGBM,4.0,127.0,False,False,4.0,4.0
2013-11-01,FGBS,-1321.0,-873.0,False,False,1321.0,1321.0
2013-11-01,FGBX,-2.0,-49.0,False,False,2.0,2.0
2013-11-01,LLG,-2.0,-59.0,False,False,2.0,2.0
2013-11-01,SJB,70.0,290.0,False,False,70.0,70.0
2013-11-01,YXT,5.0,0.0,False,False,5.0,5.0
2013-11-01,YYT,24.0,0.0,False,False,24.0,24.0
2013-11-01,ZT,198.0,662.0,False,False,198.0,198.0
2013-11-01,ZF,-89.0,-183.0,False,False,89.0,89.0
2013-11-01,ZN,-3.0,-78.0,False,False,3.0,3.0
2013-11-01,ZB,1.0,0.0,False,False,1.0,1.0
2013-11-01,6A,-43.0,-102.0,False,False,43.0,43.0
2013-11-01,6B,40.0,113.0,False,False,40.0,40.0
2013-11-01,6C,-3.0,-86.0,False,False,3.0,3.0
2013-11-01,6E,24.0,77.0,False,False,24.0,24.0
2013-11-01,6J,6.0,0.0,False,False,6.0,6.0
2013-11-01,6M,6.0,166.0,False,False,6.0,6.0
2013-11-01,6N,3.0,83.0,False,False,3.0,3.0
2013-11-01,6S,28.0,79.0,False,False,28.0,28.0
2013-11-01,BRN,2.0,47.0,False,False,2.0,2.0
2013-11-01,CL,14.0,47.0,False,False,14.0,14.0
2013-11-01,GAS,55.0,5.0,False,False,55.0,55.0
2013-11-01,HO,-2.0,-39.0,False,False,2.0,2.0
2013-11-01,NG,31.0,0.0,False,False,31.0,31.0
2013-11-01,RB,30.0,2.0,False,False,30.0,30.0
2013-11-01,GC,6.0,-1.0,False,False,6.0,6.0
2013-11-01,HG,-1.0,-52.0,False,False,1.0,1.0
2013-11-01,PA,1.0,20.0,False,False,1.0,1.0
2013-11-01,PL,-2.0,-52.0,False,False,2.0,2.0
2013-11-01,CC,-108.0,53.0,False,False,108.0,108.0
2013-11-01,CT,28.0,101.0,False,False,28.0,28.0
2013-11-01,GF,-6.0,-151.0,False,False,6.0,6.0
2013-11-01,HE,6.0,150.0,False,False,6.0,6.0
2013-11-01,KC,-33.0,-100.0,False,False,33.0,33.0
2013-11-01,LE,-199.0,-208.0,False,False,199.0,199.0
2013-11-01,RS,556.0,556.0,False,False,556.0,556.0
2013-11-01,SB,-8.0,-209.0,False,False,8.0,8.0
2013-11-01,ZL,-27.0,-51.0,False,False,27.0,27.0
2013-11-01,ZM,32.0,75.0,False,False,32.0,32.0
2013-11-01,ZS,23.0,65.0,False,False,23.0,23.0
2013-11-01,ZW,-3.0,-56.0,False,False,3.0,3.0
2013-11-04,SJB,23.0,313.0,False,False,23.0,23.0
2013-11-12,GAS,0.0,5.0,True,True,10.0,10.0
2013-11-15,FCE,0.0,87.0,True,True,174.0,174.0
2013-11-18,CC,0.0,53.0,True,True,106.0,106.0
2013-11-20,CL,0.0,47.0,True,True,94.0,94.0
2013-11-20,KC,0.0,-100.0,True,True,200.0,200.0
2013-11-21,GF,0.0,-151.0,True,True,302.0,302.0
2013-11-22,CT,0.0,101.0,True,True,202.0,202.0
2013-11-27,CGB,0.0,-146.0,True,True,292.0,292.0
2013-11-28,HTW,0.0,108.0,True,True,216.0,216.0
2013-11-28,LLG,0.0,-59.0,True,True,118.0,118.0
2013-11-29,ZT,0.0,662.0,True,True,1324.0,1324.0
2013-11-29,ZF,0.0,-183.0,True,True,366.0,366.0
2013-11-29,ZN,0.0,-78.0,True,True,156.0,156.0
2013-11-29,BRN,0.0,47.0,True,True,94.0,94.0
2013-11-29,HO,0.0,-39.0,True,True,78.0,78.0
2013-11-29,RB,0.0,2.0,True,True,4.0,4.0
2013-11-29,GC,0.0,-1.0,True,True,2.0,2.0
2013-11-29,HG,0.0,-52.0,True,True,104.0,104.0
2013-11-29,PA,0.0,20.0,True,True,40.0,40.0
2013-11-29,SI,0.0,-8.0,True,True,16.0,16.0
2013-11-29,ZL,0.0,-51.0,True,True,102.0,102.0
2013-11-29,ZM,0.0,75.0,True,True,150.0,150.0
2013-11-29,ZW,0.0,-56.0,True,True,112.0,112.0
2013-12-02,EMD,49.0,77.0,False,False,49.0,49.0
2013-12-02,ES,56.0,140.0,False,False,56.0,56.0
2013-12-02,FCE,57.0,144.0,False,False,57.0,57.0
2013-12-02,FESX,130.0,260.0,False,False,130.0,130.0
2013-12-02,FSMI,60.0,136.0,False,False,60.0,60.0
2013-12-02,HTW,108.0,216.0,False,False,108.0,108.0
2013-12-02,LFT,36.0,116.0,False,False,36.0,36.0
2013-12-02,NQ,49.0,156.0,False,False,49.0,49.0
2013-12-02,RTY,77.0,159.0,False,False,77.0,77.0
2013-12-02,SNK,29.0,51.0,False,False,29.0,29.0
2013-12-02,SXF,32.0,95.0,False,False,32.0,32.0
2013-12-02,YAP,39.0,94.0,False,False,39.0,39.0
2013-12-02,YM,109.0,175.0,False,False,109.0,109.0
2013-12-02,CGB,-5.0,-151.0,False,False,5.0,5.0
2013-12-02,FGBL,127.0,130.0,False,False,127.0,127.0
2013-12-02,FGBM,147.0,274.0,False,False,147.0,147.0
2013-12-02,FGBS,-33.0,-906.0,False,False,33.0,33.0
2013-12-02,FGBX,47.0,-2.0,False,False,47.0,47.0
2013-12-02,LLG,-2.0,-61.0,False,False,2.0,2.0
2013-12-02,SJB,65.0,378.0,False,False,65.0,65.0
2013-12-02,YYT,-70.0,-70.0,False,False,70.0,70.0
2013-12-02,ZT,374.0,1036.0,False,False,374.0,374.0
2013-12-02,ZF,-7.0,-190.0,False,False,7.0,7.0
2013-12-02,ZN,43.0,-35.0,False,False,43.0,43.0
2013-12-02,ZB,-33.0,-33.0,False,False,33.0,33.0
2013-12-02,6A,-3.0,-105.0,False,False,3.0,3.0
2013-12-02,6B,52.0,165.0,False,False,52.0,52.0
2013-12-02,6C,86.0,0.0,False,False,86.0,86.0
2013-12-02,6E,3.0,80.0,False,False,3.0,3.0
2013-12-02,6J,-41.0,-41.0,False,False,41.0,41.0
2013-12-02,6M,-268.0,-102.0,False,False,268.0,268.0
2013-12-02,6N,-83.0,0.0,False,False,83.0,83.0
2013-12-02,6S,3.0,82.0,False,False,3.0,3.0
2013-12-02,BRN,2.0,49.0,False,False,2.0,2.0
2013-12-02,CL,20.0,67.0,False,False,20.0,20.0
2013-12-02,GAS,19.0,24.0,False,False,19.0,19.0
2013-12-02,HO,65.0,26.0,False,False,65.0,65.0
2013-12-02,NG,127.0,127.0,False,False,127.0,127.0
2013-12-02,GC,1.0,0.0,False,False,1.0,1.0
2013-12-02,HG,-2.0,-54.0,False,False,2.0,2.0
2013-12-02,PA,30.0,50.0,False,False,30.0,30.0
2013-12-02,PL,-20.0,-72.0,False,False,20.0,20.0
2013-12-02,SI,6.0,-2.0,False,False,6.0,6.0
2013-12-02,CC,2.0,55.0,False,False,2.0,2.0
2013-12-02,CT,-264.0,-163.0,False,False,264.0,264.0
2013-12-02,GF,-76.0,-227.0,False,False,76.0,76.0
2013-12-02,HE,91.0,241.0,False,False,91.0,91.0
2013-12-02,KC,85.0,-15.0,False,False,85.0,85.0
2013-12-02,LE,208.0,0.0,False,False,208.0,208.0
2013-12-02,RS,262.0,818.0,False,False,262.0,262.0
2013-12-02,SB,-167.0,-376.0,False,False,167.0,167.0
2013-12-02,ZL,42.0,-9.0,False,False,42.0,42.0
2013-12-02,ZM,3.0,78.0,False,False,3.0,3.0
2013-12-02,ZS,25.0,90.0,False,False,25.0,25.0
2013-12-02,ZW,-25.0,-81.0,False,False,25.0,25.0
2013-12-03,SJB,65.0,443.0,False,False,65.0,65.0
2013-12-04,SJB,27.0,470.0,False,False,27.0,27.0
2013-12-06,FGBL,0.0,130.0,True,True,260.0,260.0
2013-12-06,FGBM,0.0,274.0,True,True,548.0,548.0
2013-12-06,FGBS,0.0,-906.0,True,True,1812.0,1812.0
2013-12-06,FGBX,0.0,-2.0,True,True,4.0,4.0
2013-12-10,SJB,0.0,470.0,True,True,940.0,940.0
2013-12-12,SNK,0.0,51.0,True,True,102.0,102.0
2013-12-12,GAS,0.0,24.0,True,True,48.0,48.0
2013-12-13,HE,0.0,241.0,True,True,482.0,482.0
2013-12-16,YYT,0.0,-70.0,True,True,140.0,140.0
2013-12-16,6A,0.0,-105.0,True,True,210.0,210.0
2013-12-16,6B,0.0,165.0,True,True,330.0,330.0
2013-12-16,6E,0.0,80.0,True,True,160.0,160.0
2013-12-16,6J,0.0,-41.0,True,True,82.0,82.0
2013-12-16,6M,0.0,-102.0,True,True,204.0,204.0
2013-12-16,6S,0.0,82.0,True,True,164.0,164.0
2013-12-18,SXF,0.0,95.0,True,True,190.0,190.0
2013-12-19,ES,0.0,140.0,True,True,280.0,280.0
2013-12-19,YAP,0.0,94.0,True,True,188.0,188.0
2013-12-19,YM,0.0,175.0,True,True,350.0,350.0
2013-12-19,CL,0.0,67.0,True,True,134.0,134.0
2013-12-20,EMD,0.0,77.0,True,True,154.0,154.0
2013-12-20,FCE,0.0,144.0,True,True,288.0,288.0
2013-12-20,FDAX,0.0,22.0,True,True,44.0,44.0
2013-12-20,FESX,0.0,260.0,True,True,520.0,520.0
2013-12-20,FSMI,0.0,136.0,True,True,272.0,272.0
2013-12-20,LFT,0.0,116.0,True,True,232.0,232.0
2013-12-20,NQ,0.0,156.0,True,True,312.0,312.0
2013-12-20,RTY,0.0,159.0,True,True,318.0,318.0
2013-12-27,NG,0.0,127.0,True,True,254.0,254.0
2013-12-30,HTW,0.0,216.0,True,True,432.0,432.0
2013-12-31,BRN,0.0,49.0,True,True,98.0,98.0
2013-12-31,HO,0.0,26.0,True,True,52.0,52.0
2013-12-31,RB,0.0,2.0,True,True,4.0,4.0
2013-12-31,PL,0.0,-72.0,True,True,144.0,144.0
2013-12-31,RS,0.0,818.0,True,True,1636.0,1636.0
2013-12-31,ZL,0.0,-9.0,True,True,18.0,18.0
2013-12-31,ZM,0.0,78.0,True,True,156.0,156.0
2013-12-31,ZS,0.0,90.0,True,True,180.0,180.0
2014-01-02,EMD,-23.0,54.0,False,False,23.0,23.0
2014-01-02,ES,-47.0,93.0,False,False,47.0,47.0
2014-01-02,FCE,-51.0,93.0,False,False,51.0,51.0
2014-01-02,FDAX,1.0,23.0,False,False,1.0,1.0
2014-01-02,FESX,-147.0,113.0,False,False,147.0,147.0
2014-01-02,HTW,-66.0,150.0,False,False,66.0,66.0
2014-01-02,LFT,-44.0,72.0,False,False,44.0,44.0
2014-01-02,NQ,-43.0,113.0,False,False,43.0,43.0
2014-01-02,RTY,-53.0,106.0,False,False,53.0,53.0
2014-01-02,SNK,-51.0,0.0,False,False,51.0,51.0
2014-01-02,SXF,-36.0,59.0,False,False,36.0,36.0
2014-01-02,YAP,-34.0,60.0,False,False,34.0,34.0
2014-01-02,YM,-67.0,108.0,False,False,67.0,67.0
2014-01-02,CGB,-3.0,-154.0,False,False,3.0,3.0
2014-01-02,FGBL,-32.0,98.0,False,False,32.0,32.0
2014-01-02,FGBM,-75.0,199.0,False,False,75.0,75.0
2014-01-02,FGBS,1876.0,970.0,False,False,1876.0,1876.0
2014-01-02,FGBX,2.0,0.0,False,False,2.0,2.0
2014-01-02,LLG,-1.0,-62.0,False,False,1.0,1.0
2014-01-02,SJB,-19.0,451.0,False,False,19.0,19.0
2014-01-02,YXT,-73.0,-73.0,False,False,73.0,73.0
2014-01-02,YYT,70.0,0.0,False,False,70.0,70.0
2014-01-02,ZT,-308.0,728.0,False,False,308.0,308.0
2014-01-02,ZF,91.0,-99.0,False,False,91.0,91.0
2014-01-02,ZN,35.0,0.0,False,False,35.0,35.0
2014-01-02,ZB,12.0,-21.0,False,False,12.0,12.0
2014-01-02,6A,-3.0,-108.0,False,False,3.0,3.0
2014-01-02,6B,4.0,169.0,False,False,4.0,4.0
2014-01-02,6C,-90.0,-90.0,False,False,90.0,90.0
2014-01-02,6E,1.0,81.0,False,False,1.0,1.0
2014-01-02,6J,41.0,0.0,False,False,41.0,41.0
2014-01-02,6M,-119.0,-221.0,False,False,119.0,119.0
2014-01-02,6N,111.0,111.0,False,False,111.0,111.0
2014-01-02,6S,2.0,84.0,False,False,2.0,2.0
2014-01-02,BRN,-30.0,19.0,False,False,30.0,30.0
2014-01-02,CL,-16.0,51.0,False,False,16.0,16.0
2014-01-02,GAS,-7.0,17.0,False,False,7.0,7.0
2014-01-02,HO,-16.0,10.0,False,False,16.0,16.0
2014-01-02,NG,-64.0,63.0,False,False,64.0,64.0
2014-01-02,RB,-2.0,0.0,False,False,2.0,2.0
2014-01-02,HG,-2.0,-56.0,False,False,2.0,2.0
2014-01-02,PA,-14.0,36.0,False,False,14.0,14.0
2014-01-02,PL,43.0,-29.0,False,False,43.0,43.0
2014-01-02,CC,1.0,56.0,False,False,1.0,1.0
2014-01-02,CT,266.0,103.0,False,False,266.0,266.0
2014-01-02,GF,83.0,-144.0,False,False,83.0,83.0
2014-01-02,HE,5.0,246.0,False,False,5.0,5.0
2014-01-02,KC,-9.0,-24.0,False,False,9.0,9.0
2014-01-02,LE,-31.0,-31.0,False,False,31.0,31.0
2014-01-02,RS,-655.0,163.0,False,False,655.0,655.0
2014-01-02,SB,98.0,-278.0,False,False,98.0,98.0
2014-01-02,ZL,9.0,0.0,False,False,9.0,9.0
2014-01-02,ZM,2.0,80.0,False,False,2.0,2.0
2014-01-02,ZS,2.0,92.0,False,False,2.0,2.0
2014-01-02,ZW,45.0,-36.0,False,False,45.0,45.0
2014-01-03,FSMI,-70.0,66.0,False,False,70.0,70.0
2014-01-03,SJB,-31.0,420.0,False,False,31.0,31.0
2014-01-03,RS,-557.0,-394.0,False,False,557.0,557.0
2014-01-06,SJB,-74.0,346.0,False,False,74.0,74.0
2014-01-06,RS,-85.0,-479.0,False,False,85.0,85.0
2014-01-07,SJB,-18.0,328.0,False,False,18.0,18.0
2014-01-10,GAS,0.0,17.0,True,True,34.0,34.0
2014-01-17,FCE,0.0,93.0,True,True,186.0,186.0
2014-01-21,CL,0.0,51.0,True,True,102.0,102.0
2014-01-24,HTW,0.0,150.0,True,True,300.0,300.0
2014-01-29,NG,0.0,63.0,True,True,126.0,126.0
2014-01-30,GF,0.0,-144.0,True,True,288.0,288.0
2014-01-31,BRN,0.0,19.0,True,True,38.0,38.0
2014-01-31,HO,0.0,10.0,True,True,20.0,20.0
2014-02-03,EMD,-17.0,37.0,False,False,17.0,17.0
2014-02-03,ES,-27.0,66.0,False,False,27.0,27.0
2014-02-03,FCE,-1.0,92.0,False,False,1.0,1.0
2014-02-03,FDAX,-11.0,12.0,False,False,11.0,11.0
2014-02-03,FESX,-2.0,111.0,False,False,2.0,2.0
2014-02-03,FSMI,-20.0,46.0,False,False,20.0,20.0
2014-02-03,LFT,-1.0,71.0,False,False,1.0,1.0
2014-02-03,NQ,-46.0,67.0,False,False,46.0,46.0
2014-02-03,RTY,-2.0,104.0,False,False,2.0,2.0
2014-02-03,SNK,8.0,8.0,False,False,8.0,8.0
2014-02-03,SXF,-19.0,40.0,False,False,19.0,19.0
2014-02-03,YAP,-1.0,59.0,False,False,1.0,1.0
2014-02-03,YM,-33.0,75.0,False,False,33.0,33.0
2014-02-03,CGB,97.0,-57.0,False,False,97.0,97.0
2014-02-03,FGBL,-1.0,97.0,False,False,1.0,1.0
2014-02-03,FGBM,-3.0,196.0,False,False,3.0,3.0
2014-02-03,FGBS,-15.0,955.0,False,False,15.0,15.0
2014-02-03,FGBX,57.0,57.0,False,False,57.0,57.0
2014-02-03,LLG,1.0,-61.0,False,False,1.0,1.0
2014-02-03,SJB,-5.0,323.0,False,False,5.0,5.0
2014-02-03,YXT,1.0,-72.0,False,False,1.0,1.0
2014-02-03,YYT,309.0,309.0,False,False,309.0,309.0
2014-02-03,ZT,-212.0,516.0,False,False,212.0,212.0
2014-02-03,ZF,1.0,-98.0,False,False,1.0,1.0
2014-02-03,6A,2.0,-106.0,False,False,2.0,2.0
2014-02-03,6B,-64.0,105.0,False,False,64.0,64.0
2014-02-03,6C,2.0,-88.0,False,False,2.0,2.0
2014-02-03,6E,-22.0,59.0,False,False,22.0,22.0
2014-02-03,6M,3.0,-218.0,False,False,3.0,3.0
2014-02-03,6N,-174.0,-63.0,False,False,174.0,174.0
2014-02-03,6S,-28.0,56.0,False,False,28.0,28.0
2014-02-03,BRN,-61.0,-42.0,False,False,61.0,61.0
2014-02-03,CL,-55.0,-4.0,False,False,55.0,55.0
2014-02-03,GAS,-71.0,-54.0,False,False,71.0,71.0
2014-02-03,HO,-10.0,0.0,False,False,10.0,10.0
2014-02-03,NG,-53.0,10.0,False,False,53.0,53.0
2014-02-03,RB,-31.0,-31.0,False,False,31.0,31.0
2014-02-03,HG,1.0,-55.0,False,False,1.0,1.0
2014-02-03,PA,-97.0,-61.0,False,False,97.0,97.0
2014-02-03,SI,2.0,0.0,False,False,2.0,2.0
2014-02-03,CC,-1.0,55.0,False,False,1.0,1.0
2014-02-03,CT,-192.0,-89.0,False,False,192.0,192.0
2014-02-03,GF,162.0,18.0,False,False,162.0,162.0
2014-02-03,HE,-86.0,160.0,False,False,86.0,86.0
2014-02-03,KC,-13.0,-37.0,False,False,13.0,13.0
2014-02-03,LE,185.0,154.0,False,False,185.0,185.0
2014-02-03,RS,7.0,-472.0,False,False,7.0,7.0
2014-02-03,SB,104.0,-174.0,False,False,104.0,104.0
2014-02-03,ZM,-2.0,78.0,False,False,2.0,2.0
2014-02-03,ZS,-26.0,66.0,False,False,26.0,26.0
2014-02-03,ZW,16.0,-20.0,False,False,16.0,16.0
2014-02-05,HTW,-2.0,148.0,False,False,2.0,2.0
2014-02-10,LE,0.0,154.0,True,True,308.0,308.0
2014-02-12,GAS,0.0,-54.0,True,True,108.0,108.0
2014-02-14,HE,0.0,160.0,True,True,320.0,320.0
2014-02-18,CC,0.0,55.0,True,True,110.0,110.0
2014-02-20,CL,0.0,-4.0,True,True,8.0,8.0
2014-02-20,KC,0.0,-37.0,True,True,74.0,74.0
2014-02-21,FCE,0.0,92.0,True,True,184.0,184.0
2014-02-24,CT,0.0,-89.0,True,True,178.0,178.0
2014-02-26,HTW,0.0,148.0,True,True,296.0,296.0
2014-02-26,CGB,0.0,-57.0,True,True,114.0,114.0
2014-02-26,NG,0.0,10.0,True,True,20.0,20.0
2014-02-27,LLG,0.0,-61.0,True,True,122.0,122.0
2014-02-28,ZT,0.0,516.0,True,True,1032.0,1032.0
2014-02-28,ZF,0.0,-98.0,True,True,196.0,196.0
2014-02-28,ZB,0.0,-21.0,True,True,42.0,42.0
2014-02-28,BRN,0.0,-42.0,True,True,84.0,84.0
2014-02-28,RB,0.0,-31.0,True,True,62.0,62.0
2014-02-28,HG,0.0,-55.0,True,True,110.0,110.0
2014-02-28,PA,0.0,-61.0,True,True,122.0,122.0
2014-02-28,RS,0.0,-472.0,True,True,944.0,944.0
2014-02-28,SB,0.0,-174.0,True,True,348.0,348.0
2014-02-28,ZM,0.0,78.0,True,True,156.0,156.0
2014-02-28,ZS,0.0,66.0,True,True,132.0,132.0
2014-02-28,ZW,0.0,-20.0,True,True,40.0,40.0
2014-03-03,EMD,1.0,38.0,False,False,1.0,1.0
2014-03-03,ES,3.0,69.0,False,False,3.0,3.0
2014-03-03,FCE,3.0,95.0,False,False,3.0,3.0
2014-03-03,FDAX,-7.0,5.0,False,False,7.0,7.0
2014-03-03,FESX,4.0,115.0,False,False,4.0,4.0
2014-03-03,FSMI,31.0,77.0,False,False,31.0,31.0
2014-03-03,HTW,5.0,153.0,False,False,5.0,5.0
2014-03-03,LFT,2.0,73.0,False,False,2.0,2.0
2014-03-03,NQ,3.0,70.0,False,False,3.0,3.0
2014-03-03,RTY,4.0,108.0,False,False,4.0,4.0
2014-03-03,SNK,-8.0,0.0,False,False,8.0,8.0
2014-03-03,SXF,-25.0,15.0,False,False,25.0,25.0
2014-03-03,YAP,2.0,61.0,False,False,2.0,2.0
2014-03-03,YM,3.0,78.0,False,False,3.0,3.0
2014-03-03,CGB,-91.0,-148.0,False,False,91.0,91.0
2014-03-03,FGBL,-49.0,48.0,False,False,49.0,49.0
2014-03-03,FGBM,-183.0,13.0,False,False,183.0,183.0
2014-03-03,FGBS,34.0,989.0,False,False,34.0,34.0
2014-03-03,FGBX,-98.0,-41.0,False,False,98.0,98.0
2014-03-03,LLG,-2.0,-63.0,False,False,2.0,2.0
2014-03-03,SJB,12.0,335.0,False,False,12.0,12.0
2014-03-03,YXT,-2.0,-74.0,False,False,2.0,2.0
2014-03-03,YYT,11.0,320.0,False,False,11.0,11.0
2014-03-03,ZT,19.0,535.0,False,False,19.0,19.0
2014-03-03,ZF,59.0,-39.0,False,False,59.0,59.0
2014-03-03,ZB,6.0,-15.0,False,False,6.0,6.0
2014-03-03,6A,61.0,-45.0,False,False,61.0,61.0
2014-03-03,6B,4.0,109.0,False,False,4.0,4.0
2014-03-03,6C,88.0,0.0,False,False,88.0,88.0
2014-03-03,6E,2.0,61.0,False,False,2.0,2.0
2014-03-03,6J,-2.0,-2.0,False,False,2.0,2.0
2014-03-03,6M,162.0,-56.0,False,False,162.0,162.0
2014-03-03,6N,167.0,104.0,False,False,167.0,167.0
2014-03-03,6S,2.0,58.0,False,False,2.0,2.0
2014-03-03,BRN,43.0,1.0,False,False,43.0,43.0
2014-03-03,CL,56.0,52.0,False,False,56.0,56.0
2014-03-03,GAS,54.0,0.0,False,False,54.0,54.0
2014-03-03,HO,34.0,34.0,False,False,34.0,34.0
2014-03-03,RB,-1.0,-32.0,False,False,1.0,1.0
2014-03-03,HG,55.0,0.0,False,False,55.0,55.0
2014-03-03,PA,-2.0,-63.0,False,False,2.0,2.0
2014-03-03,PL,10.0,-19.0,False,False,10.0,10.0
2014-03-03,CC,23.0,78.0,False,False,23.0,23.0
2014-03-03,CT,-3.0,-92.0,False,False,3.0,3.0
2014-03-03,GF,1.0,19.0,False,False,1.0,1.0
2014-03-03,HE,-120.0,40.0,False,False,120.0,120.0
2014-03-03,KC,65.0,28.0,False,False,65.0,65.0
2014-03-03,LE,6.0,160.0,False,False,6.0,6.0
2014-03-03,RS,-17.0,-489.0,False,False,17.0,17.0
2014-03-03,SB,61.0,-113.0,False,False,61.0,61.0
2014-03-03,ZM,3.0,81.0,False,False,3.0,3.0
2014-03-03,ZS,2.0,68.0,False,False,2.0,2.0
2014-03-03,ZW,5.0,-15.0,False,False,5.0,5.0
2014-03-06,FGBL,0.0,48.0,True,True,96.0,96.0
2014-03-06,FGBM,0.0,13.0,True,True,26.0,26.0
2014-03-06,FGBS,0.0,989.0,True,True,1978.0,1978.0
2014-03-06,FGBX,0.0,-41.0,True,True,82.0,82.0
2014-03-10,SJB,0.0,335.0,True,True,670.0,670.0
2014-03-17,YXT,0.0,-74.0,True,True,148.0,148.0
2014-03-17,YYT,0.0,320.0,True,True,640.0,640.0
2014-03-17,6A,0.0,-45.0,True,True,90.0,90.0
2014-03-17,6B,0.0,109.0,True,True,218.0,218.0
2014-03-17,6E,0.0,61.0,True,True,122.0,122.0
2014-03-17,6J,0.0,-2.0,True,True,4.0,4.0
2014-03-17,6M,0.0,-56.0,True,True,112.0,112.0
2014-03-17,6N,0.0,104.0,True,True,208.0,208.0
2014-03-17,6S,0.0,58.0,True,True,116.0,116.0
2014-03-19,SXF,0.0,15.0,True,True,30.0,30.0
2014-03-20,ES,0.0,69.0,True,True,138.0,138.0
2014-03-20,YAP,0.0,61.0,True,True,122.0,122.0
2014-03-20,YM,0.0,78.0,True,True,156.0,156.0
2014-03-20,CL,0.0,52.0,True,True,104.0,104.0
2014-03-21,EMD,0.0,38.0,True,True,76.0,76.0
2014-03-21,FCE,0.0,95.0,True,True,190.0,190.0
2014-03-21,FDAX,0.0,5.0,True,True,10.0,10.0
2014-03-21,FESX,0.0,115.0,True,True,230.0,230.0
2014-03-21,FSMI,0.0,77.0,True,True,154.0,154.0
2014-03-21,LFT,0.0,73.0,True,True,146.0,146.0
2014-03-21,NQ,0.0,70.0,True,True,140.0,140.0
2014-03-21,RTY,0.0,108.0,True,True,216.0,216.0
2014-03-27,NG,0.0,10.0,True,True,20.0,20.0
2014-03-27,GF,0.0,19.0,True,True,38.0,38.0
2014-03-28,HTW,0.0,153.0,True,True,306.0,306.0
2014-03-31,BRN,0.0,1.0,True,True,2.0,2.0
2014-03-31,HO,0.0,34.0,True,True,68.0,68.0
2014-03-31,RB,0.0,-32.0,True,True,64.0,64.0
2014-03-31,PL,0.0,-19.0,True,True,38.0,38.0
2014-04-01,ES,-1.0,68.0,False,False,1.0,1.0
2014-04-01,FCE,-1.0,94.0,False,False,1.0,1.0
2014-04-01,FESX,-38.0,77.0,False,False,38.0,38.0
2014-04-01,FSMI,-29.0,48.0,False,False,29.0,29.0
2014-04-01,HTW,-47.0,106.0,False,False,47.0,47.0
2014-04-01,LFT,-34.0,39.0,False,False,34.0,34.0
2014-04-01,NQ,-1.0,69.0,False,False,1.0,1.0
2014-04-01,RTY,-41.0,67.0,False,False,41.0,41.0
2014-04-01,SNK,20.0,20.0,False,False,20.0,20.0
2014-04-01,SXF,40.0,55.0,False,False,40.0,40.0
2014-04-01,YAP,-1.0,60.0,False,False,1.0,1.0
2014-04-01,YM,-1.0,77.0,False,False,1.0,1.0
2014-04-01,CGB,2.0,-146.0,False,False,2.0,2.0
2014-04-01,FGBL,38.0,86.0,False,False,38.0,38.0
2014-04-01,FGBM,152.0,165.0,False,False,152.0,152.0
2014-04-01,FGBS,-10.0,979.0,False,False,10.0,10.0
2014-04-01,FGBX,17.0,-24.0,False,False,17.0,17.0
2014-04-01,SJB,-4.0,331.0,False,False,4.0,4.0
2014-04-01,YXT,-34.0,-108.0,False,False,34.0,34.0
2014-04-01,YYT,-320.0,0.0,False,False,320.0,320.0
2014-04-01,ZT,-6.0,529.0,False,False,6.0,6.0
2014-04-01,ZN,-2.0,-2.0,False,False,2.0,2.0
2014-04-01,ZB,1.0,-14.0,False,False,1.0,1.0
2014-04-01,6A,-53.0,-98.0,False,False,53.0,53.0
2014-04-01,6B,39.0,148.0,False,False,39.0,39.0
2014-04-01,6C,-71.0,-71.0,False,False,71.0,71.0
2014-04-01,6J,2.0,0.0,False,False,2.0,2.0
2014-04-01,6M,-206.0,-262.0,False,False,206.0,206.0
2014-04-01,6N,-1.0,103.0,False,False,1.0,1.0
2014-04-01,6S,19.0,77.0,False,False,19.0,19.0
2014-04-01,BRN,13.0,14.0,False,False,13.0,13.0
2014-04-01,CL,-1.0,51.0,False,False,1.0,1.0
2014-04-01,NG,9.0,19.0,False,False,9.0,9.0
2014-04-01,RB,34.0,2.0,False,False,34.0,34.0
2014-04-01,PA,111.0,48.0,False,False,111.0,111.0
2014-04-01,PL,-15.0,-34.0,False,False,15.0,15.0
2014-04-01,CT,125.0,33.0,False,False,125.0,125.0
2014-04-01,GF,98.0,117.0,False,False,98.0,98.0
2014-04-01,HE,-20.0,20.0,False,False,20.0,20.0
2014-04-01,KC,-8.0,20.0,False,False,8.0,8.0
2014-04-01,KE,77.0,77.0,False,False,77.0,77.0
2014-04-01,LE,-69.0,91.0,False,False,69.0,69.0
2014-04-01,RS,5.0,-484.0,False,False,5.0,5.0
2014-04-01,SB,2.0,-111.0,False,False,2.0,2.0
2014-04-01,ZC,-22.0,-22.0,False,False,22.0,22.0
2014-04-01,ZL,-7.0,-7.0,False,False,7.0,7.0
2014-04-01,ZM,-1.0,80.0,False,False,1.0,1.0
2014-04-01,ZW,-10.0,-25.0,False,False,10.0,10.0
2014-04-07,LE,0.0,91.0,True,True,182.0,182.0
2014-04-14,HE,0.0,20.0,True,True,40.0,40.0
2014-04-16,CC,0.0,78.0,True,True,156.0,156.0
2014-04-22,FCE,0.0,94.0,True,True,188.0,188.0
2014-04-22,CL,0.0,51.0,True,True,102.0,102.0
2014-04-22,GF,0.0,117.0,True,True,234.0,234.0
2014-04-22,KC,0.0,20.0,True,True,40.0,40.0
2014-04-24,CT,0.0,33.0,True,True,66.0,66.0
2014-04-28,NG,0.0,19.0,True,True,38.0,38.0
2014-04-29,HTW,0.0,106.0,True,True,212.0,212.0
2014-04-30,BRN,0.0,14.0,True,True,28.0,28.0
2014-04-30,HO,0.0,34.0,True,True,68.0,68.0
2014-04-30,RB,0.0,2.0,True,True,4.0,4.0
2014-04-30,KE,0.0,77.0,True,True,154.0,154.0
2014-04-30,RS,0.0,-484.0,True,True,968.0,968.0
2014-04-30,SB,0.0,-111.0,True,True,222.0,222.0
2014-04-30,ZC,0.0,-22.0,True,True,44.0,44.0
2014-04-30,ZL,0.0,-7.0,True,True,14.0,14.0
2014-04-30,ZM,0.0,80.0,True,True,160.0,160.0
2014-04-30,ZS,0.0,68.0,True,True,136.0,136.0
2014-04-30,ZW,0.0,-25.0,True,True,50.0,50.0
2014-05-01,EMD,1.0,39.0,False,False,1.0,1.0
2014-05-01,ES,2.0,70.0,False,False,2.0,2.0
2014-05-01,LFT,22.0,61.0,False,False,22.0,22.0
2014-05-01,NKD,-56.0,-56.0,False,False,56.0,56.0
2014-05-01,NQ,2.0,71.0,False,False,2.0,2.0
2014-05-01,RTY,1.0,68.0,False,False,1.0,1.0
2014-05-01,SNK,-80.0,-60.0,False,False,80.0,80.0
2014-05-01,SXF,21.0,76.0,False,False,21.0,21.0
2014-05-01,YAP,2.0,62.0,False,False,2.0,2.0
2014-05-01,YM,2.0,79.0,False,False,2.0,2.0
2014-05-01,CGB,-4.0,-150.0,False,False,4.0,4.0
2014-05-01,LLG,-27.0,-90.0,False,False,27.0,27.0
2014-05-01,SJB,37.0,368.0,False,False,37.0,37.0
2014-05-01,YXT,-3.0,-111.0,False,False,3.0,3.0
2014-05-01,ZT,13.0,542.0,False,False,13.0,13.0
2014-05-01,ZF,39.0,0.0,False,False,39.0,39.0
2014-05-01,ZN,2.0,0.0,False,False,2.0,2.0
2014-05-01,ZB,14.0,0.0,False,False,14.0,14.0
2014-05-01,6A,-2.0,-100.0,False,False,2.0,2.0
2014-05-01,6B,3.0,151.0,False,False,3.0,3.0
2014-05-01,6C,-2.0,-73.0,False,False,2.0,2.0
2014-05-01,6E,44.0,105.0,False,False,44.0,44.0
2014-05-01,6M,-105.0,-367.0,False,False,105.0,105.0
2014-05-01,6N,3.0,106.0,False,False,3.0,3.0
2014-05-01,6S,2.0,79.0,False,False,2.0,2.0
2014-05-01,BRN,12.0,26.0,False,False,12.0,12.0
2014-05-01,CL,1.0,52.0,False,False,1.0,1.0
2014-05-01,GAS,9.0,9.0,False,False,9.0,9.0
2014-05-01,NG,20.0,39.0,False,False,20.0,20.0
2014-05-01,RB,1.0,3.0,False,False,1.0,1.0
2014-05-01,PA,1.0,49.0,False,False,1.0,1.0
2014-05-01,PL,-1.0,-35.0,False,False,1.0,1.0
2014-05-01,CC,44.0,122.0,False,False,44.0,44.0
2014-05-01,CT,21.0,54.0,False,False,21.0,21.0
2014-05-01,GF,3.0,120.0,False,False,3.0,3.0
2014-05-01,HE,73.0,93.0,False,False,73.0,73.0
2014-05-01,KC,1.0,21.0,False,False,1.0,1.0
2014-05-01,KE,2.0,79.0,False,False,2.0,2.0
2014-05-01,LE,85.0,176.0,False,False,85.0,85.0
2014-05-01,RS,-12.0,-496.0,False,False,12.0,12.0
2014-05-01,SB,-72.0,-183.0,False,False,72.0,72.0
2014-05-01,ZC,-73.0,-95.0,False,False,73.0,73.0
2014-05-01,ZL,-67.0,-74.0,False,False,67.0,67.0
2014-05-01,ZM,2.0,82.0,False,False,2.0,2.0
2014-05-01,ZS,1.0,69.0,False,False,1.0,1.0
2014-05-01,ZW,-12.0,-37.0,False,False,12.0,12.0
2014-05-02,FCE,2.0,96.0,False,False,2.0,2.0
2014-05-02,FESX,1.0,78.0,False,False,1.0,1.0
2014-05-02,FSMI,26.0,74.0,False,False,26.0,26.0
2014-05-02,HTW,2.0,108.0,False,False,2.0,2.0
2014-05-02,FGBL,2.0,88.0,False,False,2.0,2.0
2014-05-02,FGBM,71.0,236.0,False,False,71.0,71.0
2014-05-02,FGBS,24.0,1003.0,False,False,24.0,24.0
2014-05-02,FGBX,92.0,68.0,False,False,92.0,92.0
2014-05-02,SJB,68.0,436.0,False,False,68.0,68.0
2014-05-05,SJB,18.0,454.0,False,False,18.0,18.0
2014-05-06,SJB,7.0,461.0,False,False,7.0,7.0
2014-05-07,SJB,56.0,517.0,False,False,56.0,56.0
2014-05-12,GAS,0.0,9.0,True,True,18.0,18.0
2014-05-16,FCE,0.0,96.0,True,True,192.0,192.0
2014-05-20,CL,0.0,52.0,True,True,104.0,104.0
2014-05-27,GF,0.0,120.0,True,True,240.0,240.0
2014-05-28,CGB,0.0,-150.0,True,True,300.0,300.0
2014-05-28,NG,0.0,39.0,True,True,78.0,78.0
2014-05-29,HTW,0.0,108.0,True,True,216.0,216.0
2014-05-29,LLG,0.0,-90.0,True,True,180.0,180.0
2014-05-30,ZT,0.0,542.0,True,True,1084.0,1084.0
2014-05-30,BRN,0.0,26.0,True,True,52.0,52.0
2014-05-30,HO,0.0,34.0,True,True,68.0,68.0
2014-05-30,RB,0.0,3.0,True,True,6.0,6.0
2014-05-30,PA,0.0,49.0,True,True,98.0,98.0
2014-06-02,EMD,43.0,82.0,False,False,43.0,43.0
2014-06-02,ES,80.0,150.0,False,False,80.0,80.0
2014-06-02,FCE,96.0,192.0,False,False,96.0,96.0
2014-06-02,FDAX,-5.0,0.0,False,False,5.0,5.0
2014-06-02,FESX,178.0,256.0,False,False,178.0,178.0
2014-06-02,FSMI,92.0,166.0,False,False,92.0,92.0
2014-06-02,LFT,88.0,149.0,False,False,88.0,88.0
2014-06-02,NKD,56.0,0.0,False,False,56.0,56.0
2014-06-02,NQ,66.0,137.0,False,False,66.0,66.0
2014-06-02,RTY,73.0,141.0,False,False,73.0,73.0
2014-06-02,SNK,107.0,47.0,False,False,107.0,107.0
2014-06-02,SXF,43.0,119.0,False,False,43.0,43.0
2014-06-02,YAP,50.0,112.0,False,False,50.0,50.0
2014-06-02,YM,104.0,183.0,False,False,104.0,104.0
2014-06-02,CGB,260.0,110.0,False,False,260.0,260.0
2014-06-02,FGBL,99.0,187.0,False,False,99.0,99.0
2014-06-02,FGBM,190.0,426.0,False,False,190.0,190.0
2014-06-02,FGBS,1072.0,2075.0,False,False,1072.0,1072.0
2014-06-02,FGBX,32.0,100.0,False,False,32.0,32.0
2014-06-02,LLG,-42.0,-132.0,False,False,42.0,42.0
2014-06-02,SJB,61.0,578.0,False,False,61.0,61.0
2014-06-02,YXT,111.0,0.0,False,False,111.0,111.0
2014-06-02,ZT,789.0,1331.0,False,False,789.0,789.0
2014-06-02,ZF,496.0,496.0,False,False,496.0,496.0
2014-06-02,ZN,302.0,302.0,False,False,302.0,302.0
2014-06-02,ZB,160.0,160.0,False,False,160.0,160.0
2014-06-02,6A,235.0,135.0,False,False,235.0,235.0
2014-06-02,6B,135.0,286.0,False,False,135.0,135.0
2014-06-02,6C,73.0,0.0,False,False,73.0,73.0
2014-06-02,6E,73.0,178.0,False,False,73.0,73.0
2014-06-02,6J,-18.0,-18.0,False,False,18.0,18.0
2014-06-02,6M,1060.0,693.0,False,False,1060.0,1060.0
2014-06-02,6N,129.0,235.0,False,False,129.0,129.0
2014-06-02,6S,108.0,187.0,False,False,108.0,108.0
2014-06-02,BRN,48.0,74.0,False,False,48.0,48.0
2014-06-02,CL,43.0,95.0,False,False,43.0,43.0
2014-06-02,GAS,46.0,55.0,False,False,46.0,46.0
2014-06-02,HO,54.0,88.0,False,False,54.0,54.0
2014-06-02,NG,35.0,74.0,False,False,35.0,35.0
2014-06-02,RB,-3.0,0.0,False,False,3.0,3.0
2014-06-02,PA,46.0,95.0,False,False,46.0,46.0
2014-06-02,PL,-27.0,-62.0,False,False,27.0,27.0
2014-06-02,CC,2.0,124.0,False,False,2.0,2.0
2014-06-02,CT,-125.0,-71.0,False,False,125.0,125.0
2014-06-02,GF,92.0,212.0,False,False,92.0,92.0
2014-06-02,HE,70.0,163.0,False,False,70.0,70.0
2014-06-02,KC,11.0,32.0,False,False,11.0,11.0
2014-06-02,KE,-130.0,-51.0,False,False,130.0,130.0
2014-06-02,LE,3.0,179.0,False,False,3.0,3.0
2014-06-02,RS,-8.0,-504.0,False,False,8.0,8.0
2014-06-02,SB,-126.0,-309.0,False,False,126.0,126.0
2014-06-02,ZC,-47.0,-142.0,False,False,47.0,47.0
2014-06-02,ZL,-2.0,-76.0,False,False,2.0,2.0
2014-06-02,ZM,61.0,143.0,False,False,61.0,61.0
2014-06-02,ZS,2.0,71.0,False,False,2.0,2.0
2014-06-02,ZW,-1.0,-38.0,False,False,1.0,1.0
2014-06-03,HTW,130.0,238.0,False,False,130.0,130.0
2014-06-03,SJB,61.0,639.0,False,False,61.0,61.0
2014-06-04,SJB,65.0,704.0,False,False,65.0,65.0
2014-06-05,SJB,65.0,769.0,False,False,65.0,65.0
2014-06-06,FGBL,0.0,187.0,True,True,374.0,374.0
2014-06-06,FGBM,0.0,426.0,True,True,852.0,852.0
2014-06-06,FGBS,0.0,2075.0,True,True,4150.0,4150.0
2014-06-06,FGBX,0.0,100.0,True,True,200.0,200.0
2014-06-06,SJB,65.0,834.0,False,False,65.0,65.0
2014-06-09,SJB,65.0,899.0,False,False,65.0,65.0
2014-06-09,LE,0.0,179.0,True,True,358.0,358.0
2014-06-10,SJB,39.0,938.0,True,True,1837.0,1837.0
2014-06-12,SNK,0.0,47.0,True,True,94.0,94.0
2014-06-12,GAS,0.0,55.0,True,True,110.0,110.0
2014-06-13,HE,0.0,163.0,True,True,326.0,326.0
2014-06-16,6A,0.0,135.0,True,True,270.0,270.0
2014-06-16,6B,0.0,286.0,True,True,572.0,572.0
2014-06-16,6E,0.0,178.0,True,True,356.0,356.0
2014-06-16,6J,0.0,-18.0,True,True,36.0,36.0
2014-06-16,6M,0.0,693.0,True,True,1386.0,1386.0
2014-06-16,6N,0.0,235.0,True,True,470.0,470.0
2014-06-16,6S,0.0,187.0,True,True,374.0,374.0
2014-06-17,CC,0.0,124.0,True,True,248.0,248.0
2014-06-18,SXF,0.0,119.0,True,True,238.0,238.0
2014-06-19,ES,0.0,150.0,True,True,300.0,300.0
2014-06-19,YAP,0.0,112.0,True,True,224.0,224.0
2014-06-19,YM,0.0,183.0,True,True,366.0,366.0
2014-06-20,EMD,0.0,82.0,True,True,164.0,164.0
2014-06-20,FCE,0.0,192.0,True,True,384.0,384.0
2014-06-20,FESX,0.0,256.0,True,True,512.0,512.0
2014-06-20,FSMI,0.0,166.0,True,True,332.0,332.0
2014-06-20,LFT,0.0,149.0,True,True,298.0,298.0
2014-06-20,NQ,0.0,137.0,True,True,274.0,274.0
2014-06-20,RTY,0.0,141.0,True,True,282.0,282.0
2014-06-20,CL,0.0,95.0,True,True,190.0,190.0
2014-06-20,KC,0.0,32.0,True,True,64.0,64.0
2014-06-24,CT,0.0,-71.0,True,True,142.0,142.0
2014-06-26,NG,0.0,74.0,True,True,148.0,148.0
2014-06-27,HTW,0.0,238.0,True,True,476.0,476.0
2014-06-30,BRN,0.0,74.0,True,True,148.0,148.0
2014-06-30,HO,0.0,88.0,True,True,176.0,176.0
2014-06-30,PL,0.0,-62.0,True,True,124.0,124.0
2014-06-30,KE,0.0,-51.0,True,True,102.0,102.0
2014-06-30,RS,0.0,-504.0,True,True,1008.0,1008.0
2014-06-30,SB,0.0,-309.0,True,True,618.0,618.0
2014-06-30,ZC,0.0,-142.0,True,True,284.0,284.0
2014-06-30,ZL,0.0,-76.0,True,True,152.0,152.0
2014-06-30,ZM,0.0,143.0,True,True,286.0,286.0
2014-06-30,ZS,0.0,71.0,True,True,142.0,142.0
2014-06-30,ZW,0.0,-38.0,True,True,76.0,76.0
2014-07-01,EMD,8.0,90.0,False,False,8.0,8.0
2014-07-01,ES,16.0,166.0,False,False,16.0,16.0
2014-07-01,FCE,-93.0,99.0,False,False,93.0,93.0
2014-07-01,FESX,-57.0,199.0,False,False,57.0,57.0
2014-07-01,FSMI,-52.0,114.0,False,False,52.0,52.0
2014-07-01,HTW,-106.0,132.0,False,False,106.0,106.0
2014-07-01,LFT,-42.0,107.0,False,False,42.0,42.0
2014-07-01,NKD,72.0,72.0,False,False,72.0,72.0
2014-07-01,NQ,14.0,151.0,False,False,14.0,14.0
2014-07-01,RTY,-27.0,114.0,False,False,27.0,27.0
2014-07-01,SNK,25.0,72.0,False,False,25.0,25.0
2014-07-01,YAP,-43.0,69.0,False,False,43.0,43.0
2014-07-01,YM,18.0,201.0,False,False,18.0,18.0
2014-07-01,FGBL,-69.0,118.0,False,False,69.0,69.0
2014-07-01,FGBM,-221.0,205.0,False,False,221.0,221.0
2014-07-01,FGBS,-361.0,1714.0,False,False,361.0,361.0
2014-07-01,FGBX,-32.0,68.0,False,False,32.0,32.0
2014-07-01,LLG,228.0,96.0,False,False,228.0,228.0
2014-07-01,SJB,-53.0,885.0,False,False,53.0,53.0
2014-07-01,YXT,198.0,198.0,False,False,198.0,198.0
2014-07-01,YYT,676.0,676.0,False,False,676.0,676.0
2014-07-01,ZT,-487.0,844.0,False,False,487.0,487.0
2014-07-01,ZF,-144.0,352.0,False,False,144.0,144.0
2014-07-01,ZN,-91.0,211.0,False,False,91.0,91.0
2014-07-01,ZB,-50.0,110.0,False,False,50.0,50.0
2014-07-01,6A,-135.0,0.0,False,False,135.0,135.0
2014-07-01,6B,-91.0,195.0,False,False,91.0,91.0
2014-07-01,6C,-211.0,-211.0,False,False,211.0,211.0
2014-07-01,6E,-49.0,129.0,False,False,49.0,49.0
2014-07-01,6J,18.0,0.0,False,False,18.0,18.0
2014-07-01,6M,-627.0,66.0,False,False,627.0,627.0
2014-07-01,6N,-84.0,151.0,False,False,84.0,84.0
2014-07-01,6S,-53.0,134.0,False,False,53.0,53.0
2014-07-01,BRN,-37.0,37.0,False,False,37.0,37.0
2014-07-01,CL,-22.0,73.0,False,False,22.0,22.0
2014-07-01,GAS,-12.0,43.0,False,False,12.0,12.0
2014-07-01,HO,-30.0,58.0,False,False,30.0,30.0
2014-07-01,NG,-16.0,58.0,False,False,16.0,16.0
2014-07-01,RB,7.0,7.0,False,False,7.0,7.0
2014-07-01,GC,55.0,55.0,False,False,55.0,55.0
2014-07-01,HG,88.0,88.0,False,False,88.0,88.0
2014-07-01,PA,-38.0,57.0,False,False,38.0,38.0
2014-07-01,PL,151.0,89.0,False,False,151.0,151.0
2014-07-01,SI,49.0,49.0,False,False,49.0,49.0
2014-07-01,CC,13.0,137.0,False,False,13.0,13.0
2014-07-01,CT,71.0,0.0,False,False,71.0,71.0
2014-07-01,GF,-168.0,44.0,False,False,168.0,168.0
2014-07-01,HE,-89.0,74.0,False,False,89.0,89.0
2014-07-01,KC,3.0,35.0,False,False,3.0,3.0
2014-07-01,KE,35.0,-16.0,False,False,35.0,35.0
2014-07-01,LE,-96.0,83.0,False,False,96.0,96.0
2014-07-01,SB,108.0,-201.0,False,False,108.0,108.0
2014-07-01,ZC,-14.0,-156.0,False,False,14.0,14.0
2014-07-01,ZL,-52.0,-128.0,False,False,52.0,52.0
2014-07-01,ZM,-78.0,65.0,False,False,78.0,78.0
2014-07-01,ZS,-38.0,33.0,False,False,38.0,38.0
2014-07-01,ZW,-32.0,-70.0,False,False,32.0,32.0
2014-07-02,SXF,-39.0,80.0,False,False,39.0,39.0
2014-07-02,CGB,-32.0,78.0,False,False,32.0,32.0
2014-07-02,SJB,-54.0,831.0,False,False,54.0,54.0
2014-07-02,RS,-53.0,-557.0,False,False,53.0,53.0
2014-07-03,SJB,-54.0,777.0,False,False,54.0,54.0
2014-07-04,SJB,-54.0,723.0,False,False,54.0,54.0
2014-07-07,SJB,-11.0,712.0,False,False,11.0,11.0
2014-07-10,GAS,0.0,43.0,True,True,86.0,86.0
2014-07-15,HE,0.0,74.0,True,True,148.0,148.0
2014-07-18,FCE,0.0,99.0,True,True,198.0,198.0
2014-07-22,CL,0.0,73.0,True,True,146.0,146.0
2014-07-29,NG,0.0,58.0,True,True,116.0,116.0
2014-07-30,HTW,0.0,132.0,True,True,264.0,264.0
2014-07-31,BRN,0.0,37.0,True,True,74.0,74.0
2014-07-31,HO,0.0,58.0,True,True,116.0,116.0
2014-07-31,RB,0.0,7.0,True,True,14.0,14.0
2014-07-31,GC,0.0,55.0,True,True,110.0,110.0
2014-07-31,ZL,0.0,-128.0,True,True,256.0,256.0
2014-07-31,ZM,0.0,65.0,True,True,130.0,130.0
2014-07-31,ZS,0.0,33.0,True,True,66.0,66.0
2014-08-01,EMD,-48.0,42.0,False,False,48.0,48.0
2014-08-01,ES,-100.0,66.0,False,False,100.0,100.0
2014-08-01,FCE,-30.0,69.0,False,False,30.0,30.0
2014-08-01,FDAX,1.0,1.0,False,False,1.0,1.0
2014-08-01,FESX,-94.0,105.0,False,False,94.0,94.0
2014-08-01,HTW,-2.0,130.0,False,False,2.0,2.0
2014-08-01,LFT,-43.0,64.0,False,False,43.0,43.0
2014-08-01,NKD,-1.0,71.0,False,False,1.0,1.0
2014-08-01,NQ,-79.0,72.0,False,False,79.0,79.0
2014-08-01,RTY,-38.0,76.0,False,False,38.0,38.0
2014-08-01,SNK,-1.0,71.0,False,False,1.0,1.0
2014-08-01,SXF,-36.0,44.0,False,False,36.0,36.0
2014-08-01,YAP,-1.0,68.0,False,False,1.0,1.0
2014-08-01,YM,-114.0,87.0,False,False,114.0,114.0
2014-08-01,CGB,-24.0,54.0,False,False,24.0,24.0
2014-08-01,FGBL,-2.0,116.0,False,False,2.0,2.0
2014-08-01,FGBM,-4.0,201.0,False,False,4.0,4.0
2014-08-01,FGBS,-29.0,1685.0,False,False,29.0,29.0
2014-08-01,FGBX,-26.0,42.0,False,False,26.0,26.0
2014-08-01,LLG,-27.0,69.0,False,False,27.0,27.0
2014-08-01,SJB,-59.0,653.0,False,False,59.0,59.0
2014-08-01,YXT,-57.0,141.0,False,False,57.0,57.0
2014-08-01,YYT,-206.0,470.0,False,False,206.0,206.0
2014-08-01,ZT,-281.0,563.0,False,False,281.0,281.0
2014-08-01,ZF,-101.0,251.0,False,False,101.0,101.0
2014-08-01,ZN,-67.0,144.0,False,False,67.0,67.0
2014-08-01,ZB,-40.0,70.0,False,False,40.0,40.0
2014-08-01,6B,-3.0,192.0,False,False,3.0,3.0
2014-08-01,6C,71.0,-140.0,False,False,71.0,71.0
2014-08-01,6E,-2.0,127.0,False,False,2.0,2.0
2014-08-01,6M,-399.0,-333.0,False,False,399.0,399.0
2014-08-01,6N,-3.0,148.0,False,False,3.0,3.0
2014-08-01,6S,-3.0,131.0,False,False,3.0,3.0
2014-08-01,BRN,-31.0,6.0,False,False,31.0,31.0
2014-08-01,CL,-73.0,0.0,False,False,73.0,73.0
2014-08-01,GAS,-112.0,-69.0,False,False,112.0,112.0
2014-08-01,HO,-1.0,57.0,False,False,1.0,1.0
2014-08-01,NG,-1.0,57.0,False,False,1.0,1.0
2014-08-01,RB,-47.0,-40.0,False,False,47.0,47.0
2014-08-01,GC,-59.0,-4.0,False,False,59.0,59.0
2014-08-01,HG,-94.0,-6.0,False,False,94.0,94.0
2014-08-01,PA,-1.0,56.0,False,False,1.0,1.0
2014-08-01,PL,-89.0,0.0,False,False,89.0,89.0
2014-08-01,SI,-63.0,-14.0,False,False,63.0,63.0
2014-08-01,CC,-37.0,100.0,False,False,37.0,37.0
2014-08-01,GF,-13.0,31.0,False,False,13.0,13.0
2014-08-01,HE,-1.0,73.0,False,False,1.0,1.0
2014-08-01,KC,-13.0,22.0,False,False,13.0,13.0
2014-08-01,KE,16.0,0.0,False,False,16.0,16.0
2014-08-01,LE,-29.0,54.0,False,False,29.0,29.0
2014-08-01,RS,177.0,-380.0,False,False,177.0,177.0
2014-08-01,SB,4.0,-197.0,False,False,4.0,4.0
2014-08-01,ZC,2.0,-154.0,False,False,2.0,2.0
2014-08-01,ZL,51.0,-77.0,False,False,51.0,51.0
2014-08-01,ZM,-1.0,64.0,False,False,1.0,1.0
2014-08-01,ZS,-1.0,32.0,False,False,1.0,1.0
2014-08-01,ZW,25.0,-45.0,False,False,25.0,25.0
2014-08-04,FSMI,-41.0,73.0,False,False,41.0,41.0
2014-08-04,SJB,-56.0,597.0,False,False,56.0,56.0
2014-08-04,LE,0.0,54.0,True,True,108.0,108.0
2014-08-05,SJB,-59.0,538.0,False,False,59.0,59.0
2014-08-06,SJB,-34.0,504.0,False,False,34.0,34.0
2014-08-12,GAS,0.0,-69.0,True,True,138.0,138.0
2014-08-14,HE,0.0,73.0,True,True,146.0,146.0
2014-08-15,FCE,0.0,69.0,True,True,138.0,138.0
2014-08-19,CC,0.0,100.0,True,True,200.0,200.0
2014-08-21,KC,0.0,22.0,True,True,44.0,44.0
2014-08-27,CGB,0.0,54.0,True,True,108.0,108.0
2014-08-27,NG,0.0,57.0,True,True,114.0,114.0
2014-08-28,HTW,0.0,130.0,True,True,260.0,260.0
2014-08-28,LLG,0.0,69.0,True,True,138.0,138.0
2014-08-28,GF,0.0,31.0,True,True,62.0,62.0
2014-08-29,ZT,0.0,563.0,True,True,1126.0,1126.0
2014-08-29,ZF,0.0,251.0,True,True,502.0,502.0
2014-08-29,ZN,0.0,144.0,True,True,288.0,288.0
2014-08-29,ZB,0.0,70.0,True,True,140.0,140.0
2014-08-29,BRN,0.0,6.0,True,True,12.0,12.0
2014-08-29,HO,0.0,57.0,True,True,114.0,114.0
2014-08-29,RB,0.0,-40.0,True,True,80.0,80.0
2014-08-29,HG,0.0,-6.0,True,True,12.0,12.0
2014-08-29,PA,0.0,56.0,True,True,112.0,112.0
2014-08-29,SI,0.0,-14.0,True,True,28.0,28.0
2014-08-29,ZC,0.0,-154.0,True,True,308.0,308.0
2014-08-29,ZL,0.0,-77.0,True,True,154.0,154.0
2014-08-29,ZM,0.0,64.0,True,True,128.0,128.0
2014-08-29,ZS,0.0,32.0,True,True,64.0,64.0
2014-08-29,ZW,0.0,-45.0,True,True,90.0,90.0
2014-09-01,FCE,38.0,107.0,False,False,38.0,38.0
2014-09-01,FDAX,-1.0,0.0,False,False,1.0,1.0
2014-09-01,FESX,5.0,110.0,False,False,5.0,5.0
2014-09-01,FSMI,4.0,77.0,False,False,4.0,4.0
2014-09-01,HTW,-99.0,31.0,False,False,99.0,99.0
2014-09-01,LFT,34.0,98.0,False,False,34.0,34.0
2014-09-01,RTY,47.0,123.0,False,False,47.0,47.0
2014-09-01,SNK,3.0,74.0,False,False,3.0,3.0
2014-09-01,YAP,4.0,72.0,False,False,4.0,4.0
2014-09-01,FGBL,-27.0,89.0,False,False,27.0,27.0
2014-09-01,FGBM,-201.0,0.0,False,False,201.0,201.0
2014-09-01,FGBS,-1685.0,0.0,False,False,1685.0,1685.0
2014-09-01,FGBX,3.0,45.0,False,False,3.0,3.0
2014-09-01,LLG,4.0,73.0,False,False,4.0,4.0
2014-09-01,SJB,-61.0,443.0,False,False,61.0,61.0
2014-09-01,YXT,8.0,149.0,False,False,8.0,8.0
2014-09-01,YYT,25.0,495.0,False,False,25.0,25.0
2014-09-01,BRN,-67.0,-61.0,False,False,67.0,67.0
2014-09-01,GAS,-30.0,-99.0,False,False,30.0,30.0
2014-09-02,EMD,26.0,68.0,False,False,26.0,26.0
2014-09-02,ES,42.0,108.0,False,False,42.0,42.0
2014-09-02,NKD,4.0,75.0,False,False,4.0,4.0
2014-09-02,NQ,50.0,122.0,False,False,50.0,50.0
2014-09-02,SXF,32.0,76.0,False,False,32.0,32.0
2014-09-02,YM,47.0,134.0,False,False,47.0,47.0
2014-09-02,CGB,84.0,138.0,False,False,84.0,84.0
2014-09-02,SJB,-61.0,382.0,False,False,61.0,61.0
2014-09-02,ZT,30.0,593.0,False,False,30.0,30.0
2014-09-02,ZF,110.0,361.0,False,False,110.0,110.0
2014-09-02,ZN,8.0,152.0,False,False,8.0,8.0
2014-09-02,ZB,-15.0,55.0,False,False,15.0,15.0
2014-09-02,6A,182.0,182.0,False,False,182.0,182.0
2014-09-02,6B,10.0,202.0,False,False,10.0,10.0
2014-09-02,6C,140.0,0.0,False,False,140.0,140.0
2014-09-02,6E,-127.0,0.0,False,False,127.0,127.0
2014-09-02,6J,-118.0,-118.0,False,False,118.0,118.0
2014-09-02,6M,808.0,475.0,False,False,808.0,808.0
2014-09-02,6N,8.0,156.0,False,False,8.0,8.0
2014-09-02,6S,8.0,139.0,False,False,8.0,8.0
2014-09-02,HO,-12.0,45.0,False,False,12.0,12.0
2014-09-02,NG,3.0,60.0,False,False,3.0,3.0
2014-09-02,RB,46.0,6.0,False,False,46.0,46.0
2014-09-02,GC,-5.0,-9.0,False,False,5.0,5.0
2014-09-02,HG,-6.0,-12.0,False,False,6.0,6.0
2014-09-02,PA,3.0,59.0,False,False,3.0,3.0
2014-09-02,SI,-41.0,-55.0,False,False,41.0,41.0
2014-09-02,CC,150.0,250.0,False,False,150.0,150.0
2014-09-02,CT,-13.0,-13.0,False,False,13.0,13.0
2014-09-02,GF,12.0,43.0,False,False,12.0,12.0
2014-09-02,HE,-43.0,30.0,False,False,43.0,43.0
2014-09-02,KC,11.0,33.0,False,False,11.0,11.0
2014-09-02,KE,-49.0,-49.0,False,False,49.0,49.0
2014-09-02,LE,27.0,81.0,False,False,27.0,27.0
2014-09-02,RS,-253.0,-633.0,False,False,253.0,253.0
2014-09-02,SB,-11.0,-208.0,False,False,11.0,11.0
2014-09-02,ZC,-64.0,-218.0,False,False,64.0,64.0
2014-09-02,ZL,-5.0,-82.0,False,False,5.0,5.0
2014-09-02,ZM,-24.0,40.0,False,False,24.0,24.0
2014-09-02,ZS,-92.0,-60.0,False,False,92.0,92.0
2014-09-02,ZW,-65.0,-110.0,False,False,65.0,65.0
2014-09-03,SJB,-61.0,321.0,False,False,61.0,61.0
2014-09-04,SJB,-61.0,260.0,False,False,61.0,61.0
2014-09-05,SJB,-62.0,198.0,False,False,62.0,62.0
2014-09-08,FGBL,0.0,89.0,True,True,178.0,178.0
2014-09-08,FGBX,0.0,45.0,True,True,90.0,90.0
2014-09-08,SJB,-63.0,135.0,False,False,63.0,63.0
2014-09-09,SJB,-64.0,71.0,False,False,64.0,64.0
2014-09-10,SJB,-53.0,18.0,True,True,89.0,89.0
2014-09-11,NKD,0.0,75.0,True,True,150.0,150.0
2014-09-11,SNK,0.0,74.0,True,True,148.0,148.0
2014-09-11,GAS,0.0,-99.0,True,True,198.0,198.0
2014-09-15,YXT,0.0,149.0,True,True,298.0,298.0
2014-09-15,YYT,0.0,495.0,True,True,990.0,990.0
2014-09-15,6A,0.0,182.0,True,True,364.0,364.0
2014-09-15,6B,0.0,202.0,True,True,404.0,404.0
2014-09-15,6J,0.0,-118.0,True,True,236.0,236.0
2014-09-15,6M,0.0,475.0,True,True,950.0,950.0
2014-09-15,6N,0.0,156.0,True,True,312.0,312.0
2014-09-15,6S,0.0,139.0,True,True,278.0,278.0
2014-09-17,SXF,0.0,76.0,True,True,152.0,152.0
2014-09-18,ES,0.0,108.0,True,True,216.0,216.0
2014-09-18,YAP,0.0,72.0,True,True,144.0,144.0
2014-09-18,YM,0.0,134.0,True,True,268.0,268.0
2014-09-19,EMD,0.0,68.0,True,True,136.0,136.0
2014-09-19,FCE,0.0,107.0,True,True,214.0,214.0
2014-09-19,FESX,0.0,110.0,True,True,220.0,220.0
2014-09-19,FSMI,0.0,77.0,True,True,154.0,154.0
2014-09-19,LFT,0.0,98.0,True,True,196.0,196.0
2014-09-19,NQ,0.0,122.0,True,True,244.0,244.0
2014-09-19,RTY,0.0,123.0,True,True,246.0,246.0
2014-09-25,GF,0.0,43.0,True,True,86.0,86.0
2014-09-26,NG,0.0,60.0,True,True,120.0,120.0
2014-09-29,HTW,0.0,31.0,True,True,62.0,62.0
2014-09-30,BRN,0.0,-61.0,True,True,122.0,122.0
2014-09-30,HO,0.0,45.0,True,True,90.0,90.0
2014-09-30,RB,0.0,6.0,True,True,12.0,12.0
2014-09-30,SB,0.0,-208.0,True,True,416.0,416.0
2014-09-30,ZL,0.0,-82.0,True,True,164.0,164.0
2014-09-30,ZM,0.0,40.0,True,True,80.0,80.0
2014-10-01,EMD,-2.0,66.0,False,False,2.0,2.0
2014-10-01,ES,-2.0,106.0,False,False,2.0,2.0
2014-10-01,FCE,-3.0,104.0,False,False,3.0,3.0
2014-10-01,FDAX,5.0,5.0,False,False,5.0,5.0
2014-10-01,FESX,-2.0,108.0,False,False,2.0,2.0
2014-10-01,FSMI,41.0,118.0,False,False,41.0,41.0
2014-10-01,HTW,-1.0,30.0,False,False,1.0,1.0
2014-10-01,LFT,-3.0,95.0,False,False,3.0,3.0
2014-10-01,NKD,-2.0,73.0,False,False,2.0,2.0
2014-10-01,NQ,-39.0,83.0,False,False,39.0,39.0
2014-10-01,RTY,-3.0,120.0,False,False,3.0,3.0
2014-10-01,SNK,24.0,98.0,False,False,24.0,24.0
2014-10-01,SXF,-34.0,42.0,False,False,34.0,34.0
2014-10-01,YAP,-2.0,70.0,False,False,2.0,2.0
2014-10-01,YM,-3.0,131.0,False,False,3.0,3.0
2014-10-01,CGB,-3.0,135.0,False,False,3.0,3.0
2014-10-01,FGBL,42.0,131.0,False,False,42.0,42.0
2014-10-01,FGBM,255.0,255.0,False,False,255.0,255.0
2014-10-01,FGBX,-1.0,44.0,False,False,1.0,1.0
2014-10-01,LLG,27.0,100.0,False,False,27.0,27.0
2014-10-01,SJB,88.0,106.0,False,False,88.0,88.0
2014-10-01,YXT,-78.0,71.0,False,False,78.0,78.0
2014-10-01,YYT,-182.0,313.0,False,False,182.0,182.0
2014-10-01,ZT,-12.0,581.0,False,False,12.0,12.0
2014-10-01,ZF,-8.0,353.0,False,False,8.0,8.0
2014-10-01,ZN,-3.0,149.0,False,False,3.0,3.0
2014-10-01,ZB,-1.0,54.0,False,False,1.0,1.0
2014-10-01,6A,-309.0,-127.0,False,False,309.0,309.0
2014-10-01,6B,-65.0,137.0,False,False,65.0,65.0
2014-10-01,6C,-124.0,-124.0,False,False,124.0,124.0
2014-10-01,6E,-13.0,-13.0,False,False,13.0,13.0
2014-10-01,6J,38.0,-80.0,False,False,38.0,38.0
2014-10-01,6M,-855.0,-380.0,False,False,855.0,855.0
2014-10-01,6N,-167.0,-11.0,False,False,167.0,167.0
2014-10-01,6S,-176.0,-37.0,False,False,176.0,176.0
2014-10-01,BRN,2.0,-59.0,False,False,2.0,2.0
2014-10-01,GAS,41.0,-58.0,False,False,41.0,41.0
2014-10-01,HO,-48.0,-3.0,False,False,48.0,48.0
2014-10-01,NG,-1.0,59.0,False,False,1.0,1.0
2014-10-01,RB,20.0,26.0,False,False,20.0,20.0
2014-10-01,GC,-5.0,-14.0,False,False,5.0,5.0
2014-10-01,PA,-1.0,58.0,False,False,1.0,1.0
2014-10-01,SI,1.0,-54.0,False,False,1.0,1.0
2014-10-01,CC,-98.0,152.0,False,False,98.0,98.0
2014-10-01,CT,-16.0,-29.0,False,False,16.0,16.0
2014-10-01,GF,38.0,81.0,False,False,38.0,38.0
2014-10-01,HE,18.0,48.0,False,False,18.0,18.0
2014-10-01,KC,-1.0,32.0,False,False,1.0,1.0
2014-10-01,KE,1.0,-48.0,False,False,1.0,1.0
2014-10-01,LE,-2.0,79.0,False,False,2.0,2.0
2014-10-01,RS,14.0,-619.0,False,False,14.0,14.0
2014-10-01,SB,4.0,-204.0,False,False,4.0,4.0
2014-10-01,ZC,5.0,-213.0,False,False,5.0,5.0
2014-10-01,ZL,-28.0,-110.0,False,False,28.0,28.0
2014-10-01,ZM,25.0,65.0,False,False,25.0,25.0
2014-10-01,ZS,1.0,-59.0,False,False,1.0,1.0
2014-10-01,ZW,2.0,-108.0,False,False,2.0,2.0
2014-10-02,SJB,93.0,199.0,False,False,93.0,93.0
2014-10-03,SJB,27.0,226.0,False,False,27.0,27.0
2014-10-06,LE,0.0,79.0,True,True,158.0,158.0
2014-10-10,GAS,0.0,-58.0,True,True,116.0,116.0
2014-10-14,HE,0.0,48.0,True,True,96.0,96.0
2014-10-17,FCE,0.0,104.0,True,True,208.0,208.0
2014-10-29,NG,0.0,59.0,True,True,118.0,118.0
2014-10-30,HTW,0.0,30.0,True,True,60.0,60.0
2014-10-30,GF,0.0,81.0,True,True,162.0,162.0
2014-10-31,BRN,0.0,-59.0,True,True,118.0,118.0
2014-10-31,HO,0.0,-3.0,True,True,6.0,6.0
2014-10-31,RB,0.0,26.0,True,True,52.0,52.0
2014-10-31,RS,0.0,-619.0,True,True,1238.0,1238.0
2014-10-31,ZS,0.0,-59.0,True,True,118.0,118.0
2014-11-03,EMD,-45.0,21.0,False,False,45.0,45.0
2014-11-03,ES,-76.0,30.0,False,False,76.0,76.0
2014-11-03,FCE,-57.0,47.0,False,False,57.0,57.0
2014-11-03,FDAX,-2.0,3.0,False,False,2.0,2.0
2014-11-03,FESX,-48.0,60.0,False,False,48.0,48.0
2014-11-03,FSMI,-85.0,33.0,False,False,85.0,85.0
2014-11-03,HTW,1.0,31.0,False,False,1.0,1.0
2014-11-03,LFT,-62.0,33.0,False,False,62.0,62.0
2014-11-03,NKD,-60.0,13.0,False,False,60.0,60.0
2014-11-03,NQ,-53.0,30.0,False,False,53.0,53.0
2014-11-03,RTY,-65.0,55.0,False,False,65.0,65.0
2014-11-03,SNK,-78.0,20.0,False,False,78.0,78.0
2014-11-03,SXF,-21.0,21.0,False,False,21.0,21.0
2014-11-03,YAP,-30.0,40.0,False,False,30.0,30.0
2014-11-03,YM,-93.0,38.0,False,False,93.0,93.0
2014-11-03,CGB,-47.0,88.0,False,False,47.0,47.0
2014-11-03,FGBL,-47.0,84.0,False,False,47.0,47.0
2014-11-03,FGBM,-75.0,180.0,False,False,75.0,75.0
2014-11-03,FGBX,1.0,45.0,False,False,1.0,1.0
2014-11-03,LLG,-56.0,44.0,False,False,56.0,56.0
2014-11-03,SJB,6.0,232.0,False,False,6.0,6.0
2014-11-03,YXT,-22.0,49.0,False,False,22.0,22.0
2014-11-03,YYT,-115.0,198.0,False,False,115.0,115.0
2014-11-03,ZT,-309.0,272.0,False,False,309.0,309.0
2014-11-03,ZF,-216.0,137.0,False,False,216.0,216.0
2014-11-03,ZN,-68.0,81.0,False,False,68.0,68.0
2014-11-03,ZB,1.0,55.0,False,False,1.0,1.0
2014-11-03,6A,53.0,-74.0,False,False,53.0,53.0
2014-11-03,6B,-60.0,77.0,False,False,60.0,60.0
2014-11-03,6C,47.0,-77.0,False,False,47.0,47.0
2014-11-03,6E,-1.0,-14.0,False,False,1.0,1.0
2014-11-03,6J,46.0,-34.0,False,False,46.0,46.0
2014-11-03,6M,132.0,-248.0,False,False,132.0,132.0
2014-11-03,6N,-6.0,-17.0,False,False,6.0,6.0
2014-11-03,6S,10.0,-27.0,False,False,10.0,10.0
2014-11-03,BRN,32.0,-27.0,False,False,32.0,32.0
2014-11-03,GAS,14.0,-44.0,False,False,14.0,14.0
2014-11-03,HO,2.0,-1.0,False,False,2.0,2.0
2014-11-03,NG,2.0,61.0,False,False,2.0,2.0
2014-11-03,RB,-38.0,-12.0,False,False,38.0,38.0
2014-11-03,GC,-1.0,-15.0,False,False,1.0,1.0
2014-11-03,HG,11.0,-1.0,False,False,11.0,11.0
2014-11-03,PA,-34.0,24.0,False,False,34.0,34.0
2014-11-03,SI,29.0,-25.0,False,False,29.0,29.0
2014-11-03,CC,-81.0,71.0,False,False,81.0,81.0
2014-11-03,GF,-32.0,49.0,False,False,32.0,32.0
2014-11-03,HE,1.0,49.0,False,False,1.0,1.0
2014-11-03,KC,-24.0,8.0,False,False,24.0,24.0
2014-11-03,KE,18.0,-30.0,False,False,18.0,18.0
2014-11-03,LE,-19.0,60.0,False,False,19.0,19.0
2014-11-03,RS,330.0,-289.0,False,False,330.0,330.0
2014-11-03,SB,89.0,-115.0,False,False,89.0,89.0
2014-11-03,ZC,112.0,-101.0,False,False,112.0,112.0
2014-11-03,ZL,37.0,-73.0,False,False,37.0,37.0
2014-11-03,ZM,-32.0,33.0,False,False,32.0,32.0
2014-11-03,ZS,17.0,-42.0,False,False,17.0,17.0
2014-11-03,ZW,-2.0,-110.0,False,False,2.0,2.0
2014-11-12,GAS,0.0,-44.0,True,True,88.0,88.0
2014-11-14,CC,0.0,71.0,True,True,142.0,142.0
2014-11-19,KC,0.0,8.0,True,True,16.0,16.0
2014-11-20,GF,0.0,49.0,True,True,98.0,98.0
2014-11-21,FCE,0.0,47.0,True,True,94.0,94.0
2014-11-21,CT,0.0,-29.0,True,True,58.0,58.0
2014-11-25,NG,0.0,61.0,True,True,122.0,122.0
2014-11-26,CGB,0.0,88.0,True,True,176.0,176.0
2014-11-27,HTW,0.0,31.0,True,True,62.0,62.0
2014-11-27,LLG,0.0,44.0,True,True,88.0,88.0
2014-11-28,ZT,0.0,272.0,True,True,544.0,544.0
2014-11-28,ZF,0.0,137.0,True,True,274.0,274.0
2014-11-28,ZN,0.0,81.0,True,True,162.0,162.0
2014-11-28,ZB,0.0,55.0,True,True,110.0,110.0
2014-11-28,BRN,0.0,-27.0,True,True,54.0,54.0
2014-11-28,HO,0.0,-1.0,True,True,2.0,2.0
2014-11-28,RB,0.0,-12.0,True,True,24.0,24.0
2014-11-28,GC,0.0,-15.0,True,True,30.0,30.0
2014-11-28,HG,0.0,-1.0,True,True,2.0,2.0
2014-11-28,PA,0.0,24.0,True,True,48.0,48.0
2014-11-28,SI,0.0,-25.0,True,True,50.0,50.0
2014-11-28,KE,0.0,-30.0,True,True,60.0,60.0
2014-11-28,ZC,0.0,-101.0,True,True,202.0,202.0
2014-11-28,ZL,0.0,-73.0,True,True,146.0,146.0
2014-11-28,ZM,0.0,33.0,True,True,66.0,66.0
2014-11-28,ZW,0.0,-110.0,True,True,220.0,220.0
2014-12-01,EMD,36.0,57.0,False,False,36.0,36.0
2014-12-01,ES,61.0,91.0,False,False,61.0,61.0
2014-12-01,FCE,25.0,72.0,False,False,25.0,25.0
2014-12-01,FDAX,-3.0,0.0,False,False,3.0,3.0
2014-12-01,FESX,68.0,128.0,False,False,68.0,68.0
2014-12-01,FSMI,55.0,88.0,False,False,55.0,55.0
2014-12-01,HTW,1.0,32.0,False,False,1.0,1.0
2014-12-01,LFT,54.0,87.0,False,False,54.0,54.0
2014-12-01,NKD,18.0,31.0,False,False,18.0,18.0
2014-12-01,NQ,64.0,94.0,False,False,64.0,64.0
2014-12-01,RTY,55.0,110.0,False,False,55.0,55.0
2014-12-01,SNK,29.0,49.0,False,False,29.0,29.0
2014-12-01,SXF,34.0,55.0,False,False,34.0,34.0
2014-12-01,YAP,34.0,74.0,False,False,34.0,34.0
2014-12-01,YM,79.0,117.0,False,False,79.0,79.0
2014-12-01,CGB,83.0,171.0,False,False,83.0,83.0
2014-12-01,FGBL,51.0,135.0,False,False,51.0,51.0
2014-12-01,FGBM,287.0,467.0,False,False,287.0,287.0
2014-12-01,FGBX,-28.0,17.0,False,False,28.0,28.0
2014-12-01,LLG,39.0,83.0,False,False,39.0,39.0
2014-12-01,SJB,11.0,243.0,False,False,11.0,11.0
2014-12-01,YXT,126.0,175.0,False,False,126.0,126.0
2014-12-01,YYT,409.0,607.0,False,False,409.0,409.0
2014-12-01,ZT,310.0,582.0,False,False,310.0,310.0
2014-12-01,ZF,101.0,238.0,False,False,101.0,101.0
2014-12-01,ZN,-34.0,47.0,False,False,34.0,34.0
2014-12-01,ZB,48.0,103.0,False,False,48.0,48.0
2014-12-01,6A,32.0,-42.0,False,False,32.0,32.0
2014-12-01,6B,-77.0,0.0,False,False,77.0,77.0
2014-12-01,6C,38.0,-39.0,False,False,38.0,38.0
2014-12-01,6E,-43.0,-57.0,False,False,43.0,43.0
2014-12-01,6J,-63.0,-97.0,False,False,63.0,63.0
2014-12-01,6M,-11.0,-259.0,False,False,11.0,11.0
2014-12-01,6N,17.0,0.0,False,False,17.0,17.0
2014-12-01,6S,-69.0,-96.0,False,False,69.0,69.0
2014-12-01,BRN,-1.0,-28.0,False,False,1.0,1.0
2014-12-01,GAS,16.0,-28.0,False,False,16.0,16.0
2014-12-01,HO,-6.0,-7.0,False,False,6.0,6.0
2014-12-01,NG,-66.0,-5.0,False,False,66.0,66.0
2014-12-01,RB,-7.0,-19.0,False,False,7.0,7.0
2014-12-01,GC,-41.0,-56.0,False,False,41.0,41.0
2014-12-01,HG,-35.0,-36.0,False,False,35.0,35.0
2014-12-01,PA,19.0,43.0,False,False,19.0,19.0
2014-12-01,SI,-1.0,-26.0,False,False,1.0,1.0
2014-12-01,CC,61.0,132.0,False,False,61.0,61.0
2014-12-01,CT,29.0,0.0,False,False,29.0,29.0
2014-12-01,GF,41.0,90.0,False,False,41.0,41.0
2014-12-01,HE,2.0,51.0,False,False,2.0,2.0
2014-12-01,KC,24.0,32.0,False,False,24.0,24.0
2014-12-01,KE,-118.0,-148.0,False,False,118.0,118.0
2014-12-01,LE,67.0,127.0,False,False,67.0,67.0
2014-12-01,RS,-374.0,-663.0,False,False,374.0,374.0
2014-12-01,SB,-101.0,-216.0,False,False,101.0,101.0
2014-12-01,ZC,-81.0,-182.0,False,False,81.0,81.0
2014-12-01,ZL,-51.0,-124.0,False,False,51.0,51.0
2014-12-01,ZM,26.0,59.0,False,False,26.0,26.0
2014-12-01,ZS,-27.0,-69.0,False,False,27.0,27.0
2014-12-01,ZW,34.0,-76.0,False,False,34.0,34.0
2014-12-08,FGBL,0.0,135.0,True,True,270.0,270.0
2014-12-08,FGBM,0.0,467.0,True,True,934.0,934.0
2014-12-08,FGBX,0.0,17.0,True,True,34.0,34.0
2014-12-08,LE,0.0,127.0,True,True,254.0,254.0
2014-12-10,SJB,0.0,243.0,True,True,486.0,486.0
2014-12-11,NKD,0.0,31.0,True,True,62.0,62.0
2014-12-11,SNK,0.0,49.0,True,True,98.0,98.0
2014-12-11,GAS,0.0,-28.0,True,True,56.0,56.0
2014-12-12,HE,0.0,51.0,True,True,102.0,102.0
2014-12-15,YXT,0.0,175.0,True,True,350.0,350.0
2014-12-15,YYT,0.0,607.0,True,True,1214.0,1214.0
2014-12-15,6A,0.0,-42.0,True,True,84.0,84.0
2014-12-15,6E,0.0,-57.0,True,True,114.0,114.0
2014-12-15,6J,0.0,-97.0,True,True,194.0,194.0
2014-12-15,6M,0.0,-259.0,True,True,518.0,518.0
2014-12-15,6S,0.0,-96.0,True,True,192.0,192.0
2014-12-16,6C,0.0,-39.0,True,True,78.0,78.0
2014-12-17,SXF,0.0,55.0,True,True,110.0,110.0
2014-12-18,ES,0.0,91.0,True,True,182.0,182.0
2014-12-18,YAP,0.0,74.0,True,True,148.0,148.0
2014-12-18,YM,0.0,117.0,True,True,234.0,234.0
2014-12-19,EMD,0.0,57.0,True,True,114.0,114.0
2014-12-19,FCE,0.0,72.0,True,True,144.0,144.0
2014-12-19,FESX,0.0,128.0,True,True,256.0,256.0
2014-12-19,FSMI,0.0,88.0,True,True,176.0,176.0
2014-12-19,LFT,0.0,87.0,True,True,174.0,174.0
2014-12-19,NQ,0.0,94.0,True,True,188.0,188.0
2014-12-19,RTY,0.0,110.0,True,True,220.0,220.0
2014-12-29,NG,0.0,-5.0,True,True,10.0,10.0
2014-12-30,HTW,0.0,32.0,True,True,64.0,64.0
2014-12-31,BRN,0.0,-28.0,True,True,56.0,56.0
2014-12-31,HO,0.0,-7.0,True,True,14.0,14.0
2014-12-31,RB,0.0,-19.0,True,True,38.0,38.0
2014-12-31,RS,0.0,-663.0,True,True,1326.0,1326.0
2014-12-31,ZL,0.0,-124.0,True,True,248.0,248.0
2014-12-31,ZM,0.0,59.0,True,True,118.0,118.0
2014-12-31,ZS,0.0,-69.0,True,True,138.0,138.0
