Date,EMD,ES,FCE,FDAX,FESX,FSMI,HTW,LFT,NKD,NQ,RTY,SNK,SXF,YAP,YM,CGB,FGBL,FGBM,FGBS,FGBX,LLG,SJB,YXT,YYT,ZT,ZF,ZN,ZB,6A,6B,6C,6E,6J,6M,6N,6S,BRN,CL,GAS,HO,NG,RB,GC,HG,PA,PL,SI,CC,CT,GF,HE,KC,KE,LE,RS,SB,ZC,ZL,ZM,ZS,ZW
1989-12-29,0.0,0.0,0.0,0.0,0.0,0.0,0.0,0.0,0.0,0.0,0.0,0.0,0.0,1.264899634969416e-06,0.0,0.0,0.0,0.0,0.0,0.0,-1.5026589273503815e-06,0.0,-2.935212735381306e-06,-6.500009184402128e-06,0.0,5.087390758304733e-06,0.0,0.0,0.0,0.0,7.99155527285825e-06,0.0,-2.080112249874082e-06,0.0,0.0,0.0,6.004360263843642e-06,2.8606238977019675e-06,0.0,8.31821559375578e-07,0.0,0.0,-1.7585312885972008e-06,-2.282552558080399e-06,0.0,-3.4034612349947617e-06,-1.6409419128408924e-06,0.0,0.0,-7.769684088368964e-06,4.031836101236143e-06,0.0,0.0,3.2569518947417164e-06,-2.609671075214659e-05,2.6635606911041423e-06,0.0,-8.4902637130218e-06,0.0,0.0,0.0
1990-01-31,0.0,0.0,0.0,0.0,0.0,0.0,0.0,0.0,0.0,0.0,0.0,0.0,0.0,1.264899634969416e-06,0.0,0.0,0.0,0.0,0.0,0.0,-1.5026589273503815e-06,0.0,0.0,4.278964028405699e-06,0.0,5.087390758304733e-06,0.0,0.0,0.0,0.0,2.547485843563235e-06,0.0,-1.3909079779083415e-06,0.0,0.0,1.2446224098147957e-06,1.9579752730665833e-06,1.1863590066251295e-06,9.969179968857822e-07,8.31821559375578e-07,0.0,0.0,-1.7585312885972008e-06,-2.282552558080399e-06,0.0,-3.4034612349947617e-06,-1.6409419128408924e-06,0.0,0.0,-7.769684088368964e-06,4.031836101236143e-06,0.0,0.0,4.6024061037337575e-06,-2.609671075214659e-05,2.6635606911041423e-06,0.0,-8.4902637130218e-06,0.0,0.0,0.0
1990-02-28,0.0,0.0,0.0,0.0,0.0,0.0,0.0,0.0,0.0,0.0,0.0,0.0,0.0,1.6980292176164268e-06,0.0,0.0,0.0,0.0,0.0,0.0,-1.5026589273503815e-06,0.0,-2.9127399244930334e-06,-5.756618898601554e-06,0.0,5.087390758304733e-06,0.0,0.0,0.0,2.0140725562308507e-06,2.547485843563235e-06,0.0,0.0,0.0,0.0,1.8596928146294185e-06,3.358811985300253e-06,2.033783198912583e-06,1.8041902103254621e-06,1.4608699055180446e-06,0.0,0.0,-2.927579880410465e-06,-2.282552558080399e-06,0.0,-3.4034612349947617e-06,-1.6409419128408924e-06,-4.355821497229365e-06,-3.273247892368823e-06,-7.769684088368964e-06,4.031836101236143e-06,0.0,0.0,6.838990421124347e-06,-3.781895584376501e-05,4.513617703313216e-06,0.0,-2.6785027650008505e-06,-1.0709560454341164e-06,0.0,0.0
1990-03-30,0.0,0.0,0.0,0.0,0.0,0.0,0.0,0.0,0.0,0.0,0.0,0.0,0.0,0.0,0.0,0.0,0.0,0.0,0.0,0.0,-1.5026589273503815e-06,0.0,-2.9127399244930334e-06,-5.756618898601554e-06,0.0,5.087390758304733e-06,1.739512884818451e-07,4.5548897028217074e-07,0.0,2.0140725562308507e-06,5.6670329866815965e-06,0.0,-1.5863867991820796e-07,0.0,0.0,2.6892041998707928e-06,5.78198172516725e-06,4.563917170348014e-06,4.617552914341957e-06,2.550550308696899e-06,0.0,0.0,-2.927579880410465e-06,-2.282552558080399e-06,0.0,-6.428727643278888e-06,-2.787333768874386e-06,-6.561796645794419e-06,-3.273247892368823e-06,3.3639236519701196e-06,4.031836101236143e-06,-8.17951622105311e-07,0.0,3.374218675566134e-06,-5.2480219570630374e-05,4.513617703313216e-06,0.0,-4.691961471558327e-06,-3.60184145234536e-06,-3.341830285808345e-07,0.0
1990-04-30,0.0,0.0,0.0,0.0,0.0,0.0,0.0,0.0,0.0,0.0,0.0,0.0,0.0,-4.128350947909658e-06,0.0,0.0,0.0,0.0,0.0,0.0,-1.5026589273503815e-06,0.0,-2.9127399244930334e-06,-5.756618898601554e-06,0.0,-6.60344848485969e-06,-4.295056734422107e-06,1.52903952221159e-07,0.0,2.0140725562308507e-06,5.6670329866815965e-06,0.0,-1.5863867991820796e-07,0.0,0.0,2.6892041998707928e-06,5.78198172516725e-06,2.610000875229531e-06,4.617552914341957e-06,2.550550308696899e-06,0.0,0.0,-2.927579880410465e-06,5.331857979261556e-07,0.0,-6.428727643278888e-06,-1.3180533081739174e-06,2.2959326710934014e-06,-3.273247892368823e-06,6.2607942513747365e-06,5.416906476664757e-06,-1.7280325525491386e-06,0.0,6.1838441414459085e-06,-3.1373633423618176e-05,4.513617703313216e-06,1.5477402860295126e-05,-5.541870481351946e-07,-3.60184145234536e-06,-1.008127646479807e-06,0.0
1990-05-31,0.0,0.0,0.0,0.0,0.0,0.0,0.0,0.0,0.0,0.0,0.0,0.0,0.0,-4.128350947909658e-06,0.0,0.0,0.0,0.0,0.0,0.0,-8.58136132439134e-07,0.0,-2.9127399244930334e-06,-5.756618898601554e-06,0.0,-4.630066830993691e-06,-2.6255722868181012e-06,-2.3070679339706497e-06,0.0,2.0140725562308507e-06,5.6670329866815965e-06,0.0,-1.0821518213877332e-06,0.0,0.0,1.8057862818996301e-06,3.5739859539516057e-06,1.3870396845736314e-06,4.617552914341957e-06,2.550550308696899e-06,0.0,0.0,-2.927579880410465e-06,5.331857979261556e-07,0.0,-4.289455352954305e-06,-1.3180533081739174e-06,1.5391826231283793e-06,0.0,6.2607942513747365e-06,2.319979484481498e-06,-1.7280325525491386e-06,0.0,6.1838441414459085e-06,-1.1423734316201125e-05,2.5098331659596235e-06,8.27560948811608e-06,5.768064607899815e-06,-3.60184145234536e-06,-6.275727836740395e-07,0.0
1990-06-29,0.0,0.0,0.0,0.0,0.0,0.0,0.0,0.0,0.0,0.0,0.0,0.0,0.0,-4.128350947909658e-06,0.0,0.0,0.0,0.0,0.0,0.0,-8.58136132439134e-07,0.0,-2.9127399244930334e-06,-8.799125991684938e-06,0.0,-4.630066830993691e-06,-2.6255722868181012e-06,-2.3070679339706497e-06,0.0,2.9533488987296802e-06,5.6670329866815965e-06,0.0,0.0,0.0,0.0,1.8057862818996301e-06,-4.100871921378227e-06,-3.5393498225834878e-06,6.4380783688581135e-06,3.800737476946201e-06,0.0,0.0,-4.086136560094337e-06,1.2122327674415894e-06,0.0,-6.094338858246374e-06,-1.3180533081739174e-06,-3.867294693749503e-06,3.573758070260237e-06,6.2607942513747365e-06,3.1143124889515674e-06,-2.329895574838262e-06,0.0,8.37712912349073e-06,-1.1423734316201125e-05,4.340742948906971e-06,4.359045489581641e-06,5.768064607899815e-06,-5.721435863536464e-06,-3.055836399711096e-06,0.0
1990-07-31,0.0,0.0,0.0,0.0,0.0,0.0,0.0,0.0,0.0,0.0,0.0,0.0,0.0,-4.128350947909658e-06,0.0,0.0,0.0,0.0,0.0,0.0,-8.58136132439134e-07,0.0,-4.347547015295658e-06,-8.799125991684938e-06,0.0,-6.187481178864403e-06,-2.6255722868181012e-06,-2.3070679339706497e-06,0.0,1.83803122636668e-06,5.6670329866815965e-06,0.0,-3.5763136482162887e-07,0.0,0.0,1.8057862818996301e-06,4.273680257049082e-06,1.0001260308723162e-06,4.328271824838537e-06,3.800737476946201e-06,0.0,0.0,-4.086136560094337e-06,1.2122327674415894e-06,0.0,-6.094338858246374e-06,-1.3180533081739174e-06,-3.867294693749503e-06,3.573758070260237e-06,6.2607942513747365e-06,3.1143124889515674e-06,9.206175603341813e-08,0.0,8.37712912349073e-06,-1.9450408098915977e-05,-2.135522388025458e-06,4.359045489581641e-06,5.768064607899815e-06,-5.721435863536464e-06,-3.055836399711096e-06,0.0
1990-08-31,0.0,0.0,0.0,0.0,0.0,0.0,0.0,0.0,0.0,0.0,0.0,0.0,0.0,-8.662237016032816e-07,0.0,0.0,0.0,0.0,0.0,0.0,-3.503138824278436e-07,0.0,-6.926529981729982e-07,-2.9449410761776134e-06,0.0,-1.5393020333824442e-06,-7.248227591411746e-07,-4.792815486896877e-07,0.0,3.576030100654011e-07,1.0868467193308094e-06,0.0,7.466075045141082e-07,0.0,0.0,4.359805846279301e-07,1.847021558948407e-07,1.6705687579924772e-07,1.6957180014312193e-07,8.39986239185908e-08,0.0,0.0,-5.750772854143115e-07,2.295892777142676e-07,0.0,-1.4882380043227636e-06,-5.329667943258889e-07,4.732012899950902e-07,9.65133712746847e-07,1.5936703812936533e-06,1.0659087883794444e-06,9.206175603341813e-08,-1.1255266203060341e-06,1.8940965769889237e-06,-6.7477073819320465e-06,-6.488278876983953e-07,2.2473369401480802e-06,2.1226625197638028e-06,-1.826714049989596e-06,-1.1241586474183354e-06,0.0
1990-09-28,0.0,0.0,0.0,0.0,0.0,0.0,0.0,0.0,0.0,0.0,0.0,0.0,0.0,-1.301882033259681e-06,0.0,0.0,0.0,0.0,0.0,0.0,-6.53296072295815e-07,0.0,-6.926529981729982e-07,4.923839346098492e-06,0.0,-3.0055155341198176e-06,-1.414760625306214e-06,-9.126724654171263e-07,0.0,3.576030100654011e-07,2.0201578040046087e-06,0.0,1.1072202532331141e-06,0.0,0.0,5.954361777861418e-07,3.5372588471473945e-07,3.736535282920671e-07,3.0246720274128416e-07,1.9043873874399714e-07,0.0,0.0,5.89608038239486e-07,2.295892777142676e-07,0.0,-1.4882380043227636e-06,-1.0420929514396614e-06,9.76495234111355e-07,1.453985538613852e-06,3.614101748436734e-06,1.8851979953514477e-06,2.1693143797729737e-07,-2.13322879872771e-06,3.7335792022282837e-06,-1.2321278347114996e-05,-2.3017660522612904e-06,-3.62885038724927e-06,4.031902634824155e-06,-3.0353514115089747e-06,-1.9853783351948556e-06,0.0
1990-10-31,0.0,0.0,0.0,0.0,0.0,0.0,0.0,0.0,0.0,0.0,0.0,0.0,0.0,-1.982556573404082e-06,0.0,0.0,0.0,0.0,0.0,0.0,-6.53296072295815e-07,0.0,-1.3030245921365094e-06,6.5684058673478306e-06,0.0,-4.22799731690846e-06,-2.07822176234065e-06,-1.3518437533640695e-06,0.0,6.865844892491222e-07,2.0201578040046087e-06,0.0,1.1072202532331141e-06,0.0,0.0,8.422473343651944e-07,3.5372588471473945e-07,3.736535282920671e-07,3.0246720274128416e-07,1.9043873874399714e-07,0.0,0.0,-1.4324096553666302e-06,0.0,0.0,-1.4882380043227636e-06,-1.0420929514396614e-06,9.76495234111355e-07,2.369102410210937e-06,3.614101748436734e-06,1.8851979953514477e-06,-1.7287073588029166e-06,-3.0291746498606134e-06,3.7335792022282837e-06,-1.9011834420181884e-05,-3.336313692100156e-06,-5.430892287133088e-06,5.875471628678583e-06,-3.0353514115089747e-06,-1.9853783351948556e-06,0.0
1990-11-30,0.0,0.0,0.0,0.0,0.0,0.0,0.0,0.0,0.0,0.0,0.0,0.0,0.0,-3.366955359868133e-06,0.0,0.0,0.0,0.0,0.0,0.0,-1.0831455731116856e-06,0.0,1.7627689634464665e-06,6.5684058673478306e-06,0.0,-6.188434172097116e-06,-2.07822176234065e-06,-1.3518437533640695e-06,0.0,1.2962447792431612e-06,4.504776711066887e-06,0.0,7.387378039996244e-07,0.0,0.0,1.5102759527219372e-06,6.5512821530459e-07,5.51907348084893e-07,8.084742528379439e-07,7.166319555364691e-07,0.0,0.0,-2.243480649152234e-06,2.4325573001203603e-06,0.0,-2.949945326244772e-06,-1.0420929514396614e-06,1.718596256131304e-06,2.369102410210937e-06,6.599831480805116e-06,2.8989711145418624e-06,-1.7287073588029166e-06,-7.683069394617342e-06,6.705725040545867e-06,-2.799380590675602e-05,-5.040114930662718e-06,-8.189172755190247e-06,5.875471628678583e-06,-4.673124130121908e-06,-3.0288434704871406e-06,0.0
1990-12-31,0.0,0.0,0.0,0.0,0.0,0.0,0.0,0.0,0.0,0.0,0.0,-5.944942257016717e-07,0.0,-3.366955359868133e-06,0.0,0.0,0.0,0.0,0.0,0.0,-1.0831455731116856e-06,0.0,2.3780048230544906e-06,6.5684058673478306e-06,0.0,4.9254793768863914e-06,-2.07822176234065e-06,-1.3518437533640695e-06,0.0,1.2962447792431612e-06,4.504776711066887e-06,0.0,1.2599476667757038e-06,0.0,0.0,1.5102759527219372e-06,9.240045469486668e-07,5.51907348084893e-07,1.1027322940131573e-06,4.2975366070680154e-07,0.0,0.0,-2.243480649152234e-06,2.4325573001203603e-06,0.0,-2.949945326244772e-06,-1.0420929514396614e-06,-4.6309422196911695e-06,2.369102410210937e-06,6.599831480805116e-06,2.8989711145418624e-06,-1.7287073588029166e-06,-7.683069394617342e-06,6.705725040545867e-06,-2.799380590675602e-05,-5.040114930662718e-06,-8.189172755190247e-06,8.927232264531641e-06,-4.673124130121908e-06,-3.0288434704871406e-06,0.0
1991-01-31,0.0,0.0,0.0,0.0,0.0,0.0,0.0,0.0,0.0,0.0,0.0,-5.944942257016717e-07,0.0,-1.9690369778219395e-06,0.0,0.0,0.0,0.0,0.0,0.0,8.027828501394731e-07,0.0,1.6772887664976297e-06,6.5684058673478306e-06,0.0,4.9254793768863914e-06,2.702683586685289e-06,1.752465346945092e-06,0.0,1.2962447792431612e-06,4.504776711066887e-06,0.0,1.2599476667757038e-06,0.0,0.0,1.5102759527219372e-06,4.131492636926453e-07,-4.447214784075064e-07,3.964665891984706e-07,3.1070305671378235e-07,0.0,0.0,-6.523044373714882e-07,2.4325573001203603e-06,0.0,-2.949945326244772e-06,-1.0420929514396614e-06,0.0,2.369102410210937e-06,4.588489919181173e-06,2.0061289006556085e-06,-1.7287073588029166e-06,-7.683069394617342e-06,6.705725040545867e-06,-1.9093836939249396e-05,-5.040114930662718e-06,-8.189172755190247e-06,5.478382845054544e-06,-4.673124130121908e-06,-3.0288434704871406e-06,0.0
1991-02-28,0.0,0.0,0.0,0.0,0.0,0.0,0.0,0.0,0.0,0.0,0.0,-5.944942257016717e-07,0.0,-1.9690369778219395e-06,0.0,0.0,0.0,0.0,0.0,0.0,1.0927497230640403e-06,0.0,1.6772887664976297e-06,6.5684058673478306e-06,0.0,4.9254793768863914e-06,2.702683586685289e-06,1.752465346945092e-06,0.0,1.2962447792431612e-06,4.504776711066887e-06,0.0,1.2599476667757038e-06,0.0,0.0,1.0910613780260315e-06,6.191400397174744e-07,-6.26255170278697e-07,3.964665891984706e-07,4.941723639233189e-07,0.0,0.0,-6.523044373714882e-07,2.4325573001203603e-06,0.0,-2.949945326244772e-06,-1.0420929514396614e-06,-5.200384766008852e-06,2.369102410210937e-06,4.588489919181173e-06,2.0061289006556085e-06,-1.7287073588029166e-06,-7.683069394617342e-06,6.705725040545867e-06,-1.2940494728707541e-05,-1.2068542928259002e-06,-1.2076251211161742e-05,0.0,-4.673124130121908e-06,-3.0288434704871406e-06,-7.589002440588965e-06
1991-03-29,0.0,0.0,0.0,0.0,0.0,0.0,0.0,0.0,0.0,0.0,0.0,-5.944942257016717e-07,0.0,-1.0818039638122026e-06,0.0,0.0,0.0,0.0,0.0,0.0,1.0927497230640403e-06,0.0,1.6772887664976297e-06,6.5684058673478306e-06,0.0,3.5239469693503844e-06,2.702683586685289e-06,1.752465346945092e-06,0.0,7.736800969566574e-07,4.504776711066887e-06,0.0,1.2599476667757038e-06,0.0,0.0,1.0910613780260315e-06,6.191400397174744e-07,4.3782309723501887e-07,3.964665891984706e-07,4.941723639233189e-07,0.0,0.0,-1.4326709519290226e-07,2.4325573001203603e-06,0.0,-2.0500597388051213e-06,-6.499741441136804e-07,-5.200384766008852e-06,1.241696911180959e-06,4.588489919181173e-06,1.1410077250325925e-06,-1.7287073588029166e-06,-4.527625563921555e-06,2.6763539615739424e-06,-8.753950422415935e-06,-1.2068542928259002e-06,-7.5590751310240946e-06,0.0,-4.673124130121908e-06,-3.0288434704871406e-06,-4.36499098251538e-06
1991-04-30,0.0,0.0,0.0,0.0,0.0,0.0,0.0,0.0,0.0,0.0,0.0,-5.944942257016717e-07,0.0,-1.7646912089186067e-06,0.0,0.0,0.0,0.0,0.0,0.0,1.0927497230640403e-06,0.0,1.6772887664976297e-06,6.5684058673478306e-06,0.0,3.5239469693503844e-06,2.702683586685289e-06,1.752465346945092e-06,0.0,7.736800969566574e-07,4.504776711066887e-06,0.0,1.2599476667757038e-06,0.0,0.0,-1.4795276273823976e-07,1.0816642459000745e-06,7.664350394829828e-07,9.127217530479208e-07,4.941723639233189e-07,0.0,0.0,-1.4326709519290226e-07,1.4141946406884466e-06,0.0,-3.0757474938756274e-06,-2.2889349387428771e-07,-5.200384766008852e-06,1.241696911180959e-06,4.588489919181173e-06,2.570453350751638e-06,-1.7287073588029166e-06,-4.527625563921555e-06,5.459483730632935e-06,-5.899163975437946e-06,-6.053882004762838e-07,-7.5590751310240946e-06,-1.8343380761368261e-06,-3.396076370046293e-06,-3.0288434704871406e-06,-4.36499098251538e-06
1991-05-31,0.0,0.0,0.0,0.0,0.0,0.0,0.0,0.0,0.0,0.0,0.0,-9.725881523137372e-07,0.0,-1.7646912089186067e-06,0.0,0.0,0.0,0.0,0.0,0.0,1.0927497230640403e-06,0.0,1.2548531182070922e-06,6.5684058673478306e-06,0.0,5.2346075024617746e-06,2.702683586685289e-06,1.752465346945092e-06,0.0,7.736800969566574e-07,6.973875004391882e-06,0.0,1.2599476667757038e-06,0.0,0.0,-2.9479614368021786e-07,1.675331135484672e-06,1.4620107686091876e-06,1.4201145219250333e-06,8.355640058514552e-07,0.0,0.0,0.0,1.4141946406884466e-06,0.0,-3.0757474938756274e-06,0.0,-5.200384766008852e-06,1.241696911180959e-06,4.588489919181173e-06,2.570453350751638e-06,-1.7287073588029166e-06,-6.899209028437537e-06,5.459483730632935e-06,0.0,-1.0264108335046172e-06,-7.5590751310240946e-06,-1.8343380761368261e-06,-5.426428760260345e-06,-3.0288434704871406e-06,-6.01947404196444e-06
1991-06-28,0.0,0.0,0.0,0.0,0.0,0.0,0.0,0.0,0.0,0.0,0.0,-6.990499993851074e-07,0.0,-6.317278577638273e-07,0.0,0.0,0.0,0.0,0.0,0.0,1.0927497230640403e-06,0.0,7.617757672237845e-07,2.6357241575524708e-06,0.0,5.2346075024617746e-06,2.702683586685289e-06,1.752465346945092e-06,0.0,-4.359287997776521e-07,2.192823963820903e-06,0.0,1.2599476667757038e-06,0.0,0.0,-1.3093922756155702e-07,1.675331135484672e-06,1.4620107686091876e-06,1.4201145219250333e-06,5.157875179110813e-07,-2.6333790395897034e-06,0.0,0.0,-2.210841614525061e-06,0.0,-3.0757474938756274e-06,0.0,-5.200384766008852e-06,8.865702191964639e-07,2.7404722926897628e-06,2.570453350751638e-06,-1.7287073588029166e-06,-4.240390570359407e-06,5.459483730632935e-06,0.0,0.0,-4.155152765285257e-06,-3.7963623589807822e-06,-3.3212988310260687e-06,-1.9813095079224666e-06,-3.0873938508169826e-06
1991-07-31,0.0,0.0,0.0,0.0,0.0,0.0,0.0,0.0,0.0,0.0,0.0,-4.054919623577352e-07,0.0,2.2619516550985004e-06,0.0,0.0,0.0,0.0,0.0,0.0,1.0927497230640403e-06,0.0,1.0200733976562953e-06,2.6357241575524708e-06,0.0,3.792122063834344e-06,2.702683586685289e-06,1.752465346945092e-06,0.0,-4.359287997776521e-07,2.192823963820903e-06,0.0,1.2599476667757038e-06,0.0,0.0,0.0,1.675331135484672e-06,0.0,1.4201145219250333e-06,1.2092853275358407e-07,-2.6333790395897034e-06,0.0,0.0,-2.210841614525061e-06,0.0,-2.0233864367830365e-06,0.0,-2.248318813515999e-06,8.865702191964639e-07,1.9225431620714895e-06,2.570453350751638e-06,-1.7287073588029166e-06,-2.3151758932786543e-06,2.9044779059589642e-06,-2.245799974559047e-06,2.13323684920787e-06,-1.8867263422544946e-06,-2.066142585031646e-06,-1.4119993189456952e-06,-6.142256709953363e-07,-2.1032584565240393e-06
1991-08-30,0.0,0.0,0.0,0.0,0.0,0.0,0.0,0.0,0.0,0.0,0.0,-2.5965497552641136e-07,0.0,-3.014908190224197e-07,0.0,0.0,0.0,0.0,0.0,0.0,1.0927497230640403e-06,0.0,1.0200733976562953e-06,2.6357241575524708e-06,0.0,2.094980625462439e-06,1.6441961970968052e-06,1.295733136986076e-06,0.0,-1.85134392986094e-07,3.277713493704264e-06,0.0,1.2599476667757038e-06,0.0,0.0,0.0,0.0,0.0,8.691775133832387e-07,2.2889577246491993e-07,-1.2421726190732095e-06,0.0,0.0,-2.210841614525061e-06,0.0,-2.0233864367830365e-06,0.0,-1.60723535781991e-06,8.865702191964639e-07,9.544033289361464e-07,1.8460673680314141e-06,-1.2038640159491684e-06,5.387852333822663e-07,1.1585811908165437e-06,-2.245799974559047e-06,2.13323684920787e-06,-1.8867263422544946e-06,-2.066142585031646e-06,-5.853857835734269e-07,-3.619130694373314e-07,-1.2591464745380569e-06
1991-09-30,0.0,0.0,0.0,0.0,0.0,0.0,0.0,0.0,0.0,0.0,0.0,-6.257287930534145e-07,0.0,2.292298255979699e-06,0.0,0.0,0.0,0.0,0.0,0.0,1.6451997005911514e-06,0.0,2.162874955221659e-06,5.394987872607835e-06,0.0,4.4124258817150505e-06,3.273653771169379e-06,2.5815278315804264e-06,0.0,-1.0421689782547075e-06,1.9206947420589817e-06,0.0,0.0,0.0,0.0,0.0,-6.62655258793482e-07,0.0,1.913255208423301e-06,-2.0250814882695937e-06,-2.2487525789992254e-06,0.0,0.0,-3.11165689392046e-06,0.0,-1.4139969411911295e-06,0.0,-2.9618391898657066e-06,1.9378368105702927e-06,1.6275794081366018e-06,2.8372219455111742e-06,-1.2038640159491684e-06,1.0631060605825827e-06,1.1585811908165437e-06,-3.1474562476434542e-06,3.3503504331275265e-06,-4.869144335942282e-06,-4.154245871712431e-06,-1.0911177511199593e-06,-1.1598389868763905e-06,-3.657808967254204e-06
1991-10-31,0.0,0.0,0.0,0.0,0.0,0.0,0.0,0.0,0.0,0.0,0.0,-9.377646796683803e-07,0.0,3.1611296862367627e-06,0.0,0.0,0.0,0.0,0.0,0.0,1.6451997005911514e-06,0.0,2.162874955221659e-06,5.394987872607835e-06,0.0,4.4124258817150505e-06,3.273653771169379e-06,2.5815278315804264e-06,0.0,-1.0421689782547075e-06,1.9206947420589817e-06,0.0,1.935435746685412e-06,0.0,0.0,0.0,-2.605125183025539e-06,-1.1981023038181598e-07,2.635739461176115e-06,-2.7075955361683326e-06,-2.2487525789992254e-06,0.0,0.0,3.747657332672164e-07,0.0,-1.4139969411911295e-06,0.0,-4.3488572866521496e-06,-1.6667654797899106e-06,3.587874998615579e-06,3.881758866847787e-06,-2.107226083952762e-06,1.4364889756159703e-06,-4.4688193355124065e-06,0.0,5.099617604639773e-06,-6.909430899537605e-06,-4.154245871712431e-06,-3.287453818869846e-06,-2.082641440931077e-06,9.178346676485166e-07
1991-11-29,0.0,0.0,0.0,0.0,0.0,0.0,0.0,0.0,0.0,0.0,0.0,-1.345955968586089e-06,0.0,6.03156894572396e-06,0.0,0.0,0.0,0.0,0.0,0.0,1.6451997005911514e-06,0.0,3.5708940773405902e-06,5.394987872607835e-06,0.0,8.628916492203842e-06,4.832639674950676e-06,2.5815278315804264e-06,0.0,-1.0421689782547075e-06,6.648785643706823e-06,0.0,1.935435746685412e-06,0.0,0.0,0.0,-5.23336884789145e-06,5.1314674613974045e-06,4.031196213749439e-06,0.0,-3.233982116071189e-06,0.0,-1.0905355822309267e-06,-5.813595722214153e-06,0.0,-1.4139969411911295e-06,0.0,-7.640639168169206e-06,-3.37440327117348e-06,6.904332198057102e-06,5.2555166815841315e-06,-3.0630131342046835e-06,4.591274944536582e-06,-6.634612499731965e-06,0.0,8.280966482485159e-06,-1.1701053325665876e-05,-9.483141325005101e-06,-4.8179938534941945e-06,-3.4429700321644184e-06,3.2659025662597335e-06
1991-12-31,0.0,0.0,0.0,0.0,0.0,0.0,0.0,0.0,0.0,0.0,0.0,-8.746932657132882e-07,0.0,2.045196050585279e-06,0.0,0.0,0.0,0.0,0.0,0.0,1.6451997005911514e-06,0.0,2.4501333426821466e-06,3.553902652191187e-06,6.377361239609894e-06,8.628916492203842e-06,3.591599650581925e-06,2.5815278315804264e-06,0.0,6.848749309210483e-07,2.8564337895354933e-06,0.0,1.935435746685412e-06,0.0,0.0,0.0,-5.23336884789145e-06,-6.010589090361273e-07,2.921411973616871e-06,-1.3777359984297338e-06,-3.233982116071189e-06,0.0,-1.0905355822309267e-06,-5.813595722214153e-06,0.0,-2.3766614352092094e-07,0.0,-7.640639168169206e-06,-3.37440327117348e-06,3.929514963200979e-06,5.2555166815841315e-06,-3.0630131342046835e-06,4.591274944536582e-06,-6.634612499731965e-06,0.0,8.280966482485159e-06,-1.1701053325665876e-05,-9.483141325005101e-06,6.501542913456804e-06,-3.4429700321644184e-06,2.3194052210480665e-06
1992-01-31,0.0,0.0,0.0,0.0,0.0,0.0,0.0,0.0,-3.096541082115099e-07,0.0,0.0,-4.16018727298015e-07,0.0,2.045196050585279e-06,0.0,0.0,0.0,0.0,0.0,0.0,1.0934356165512592e-06,0.0,1.0353193405273974e-06,1.944710325918815e-06,0.0,2.8687681676128726e-06,1.8396219300565668e-06,1.6899981291063058e-06,0.0,-7.624743221747499e-07,1.6353567909276353e-06,0.0,8.25891990802286e-07,0.0,0.0,0.0,7.332179317066721e-07,-9.703251492437423e-07,-2.084019120881765e-06,-1.3777359984297338e-06,-1.8630813139100802e-06,0.0,-1.0905355822309267e-06,-3.940885315544466e-06,0.0,-6.892389995463723e-08,2.8135070187734106e-06,-4.3667602669299904e-06,-2.2907320694094643e-06,2.1684647525103133e-06,3.4681041980003164e-06,-2.0645185025611075e-06,2.308580727126672e-06,-3.019418797134405e-06,0.0,4.923942074236903e-06,-8.0486303552208e-06,-6.370115621083996e-06,4.409745638804493e-06,-1.9820545074413566e-06,3.0489944062494553e-07
1992-02-28,0.0,0.0,0.0,0.0,0.0,0.0,0.0,0.0,-6.177685854059127e-07,0.0,0.0,-7.930832536628667e-07,0.0,3.375859839670899e-06,0.0,0.0,0.0,0.0,0.0,0.0,1.958186158037907e-06,0.0,1.0353193405273974e-06,1.944710325918815e-06,0.0,4.244558536036729e-06,2.803682926903718e-06,2.5708739885474267e-06,0.0,-7.624743221747499e-07,3.915629084187564e-06,0.0,1.896295774682307e-06,0.0,0.0,0.0,-4.087168926551112e-06,-2.532841639154531e-06,-4.034946857571992e-06,-2.588400156512591e-06,-2.9206846350555646e-06,0.0,-1.4639861111613469e-06,-5.7176425070390925e-06,0.0,0.0,0.0,-6.9684405836235446e-06,-3.2933479084789777e-06,3.2241250951967567e-06,-4.663862746955149e-06,-2.0645185025611075e-06,4.049983251960841e-06,-4.1043262436741826e-06,0.0,4.923942074236903e-06,-8.0486303552208e-06,-1.0274724903129428e-05,7.763847319897382e-06,-2.9132978870919448e-06,3.3911972055557842e-06
1992-03-31,0.0,0.0,0.0,0.0,0.0,0.0,0.0,0.0,-6.177685854059127e-07,0.0,0.0,-7.930832536628667e-07,0.0,3.375859839670899e-06,0.0,0.0,0.0,0.0,0.0,0.0,1.958186158037907e-06,0.0,1.6833951717695756e-06,4.845548256774361e-06,4.2604032345098245e-06,4.244558536036729e-06,2.803682926903718e-06,2.5708739885474267e-06,0.0,7.345318561113663e-07,-4.995821973294471e-06,0.0,1.896295774682307e-06,0.0,0.0,0.0,-4.087168926551112e-06,-4.187559054076261e-06,-4.034946857571992e-06,-2.588400156512591e-06,-2.9206846350555646e-06,0.0,-3.7798989960218723e-06,-5.7176425070390925e-06,0.0,0.0,0.0,-6.9684405836235446e-06,-3.2933479084789777e-06,3.2241250951967567e-06,4.714623894615651e-06,-2.0645185025611075e-06,4.049983251960841e-06,-4.1043262436741826e-06,0.0,6.850340259135649e-06,-8.0486303552208e-06,-1.0274724903129428e-05,7.763847319897382e-06,-2.9132978870919448e-06,3.3911972055557842e-06
1992-04-30,0.0,0.0,0.0,0.0,0.0,0.0,0.0,0.0,-4.2623061630245284e-07,0.0,0.0,-5.14437747614031e-07,0.0,1.685538071635873e-06,0.0,0.0,0.0,0.0,0.0,0.0,5.038971649805947e-07,0.0,1.2477923268674408e-06,4.845548256774361e-06,2.8436467184304685e-06,4.244558536036729e-06,2.803682926903718e-06,2.5708739885474267e-06,0.0,4.6618961822139425e-07,-3.595279102153394e-06,0.0,1.896295774682307e-06,0.0,0.0,0.0,3.450987806101709e-07,-4.187559054076261e-06,-4.034946857571992e-06,-2.588400156512591e-06,-2.1370896533647242e-06,0.0,-3.7798989960218723e-06,0.0,0.0,0.0,0.0,-5.025359502998074e-06,-2.3913195644023704e-06,4.4898528942177286e-06,2.512078114840621e-06,-2.0645185025611075e-06,4.049983251960841e-06,-4.1043262436741826e-06,0.0,2.505841347139537e-06,-8.0486303552208e-06,-1.0274724903129428e-05,7.763847319897382e-06,-1.728031783408801e-06,3.3911972055557842e-06
1992-05-29,0.0,0.0,0.0,0.0,0.0,0.0,0.0,0.0,-4.2623061630245284e-07,0.0,0.0,-5.14437747614031e-07,0.0,1.685538071635873e-06,0.0,0.0,0.0,0.0,0.0,0.0,5.038971649805947e-07,0.0,1.7416771962717587e-06,4.845548256774361e-06,2.8436467184304685e-06,4.244558536036729e-06,2.803682926903718e-06,2.5708739885474267e-06,0.0,1.3421665256519533e-06,-3.595279102153394e-06,0.0,1.3445822466483669e-06,0.0,0.0,1.4259106940742132e-06,1.2144632183736755e-06,7.470093727834425e-07,1.4690292437861077e-07,-2.588400156512591e-06,2.057267078188227e-06,0.0,-3.7798989960218723e-06,0.0,0.0,0.0,0.0,-5.025359502998074e-06,-1.2335067030221376e-06,4.4898528942177286e-06,4.051384978704382e-06,-2.0645185025611075e-06,4.049983251960841e-06,-4.1043262436741826e-06,-3.432492562527952e-05,4.4287766601713856e-06,-8.0486303552208e-06,-7.502700610754939e-06,4.085065573826204e-06,-1.2931502672590537e-06,3.3911972055557842e-06
1992-06-30,0.0,0.0,0.0,0.0,0.0,0.0,0.0,0.0,-4.2623061630245284e-07,0.0,0.0,-5.14437747614031e-07,0.0,1.685538071635873e-06,0.0,0.0,0.0,0.0,0.0,0.0,8.921083098915061e-07,0.0,1.7416771962717587e-06,4.845548256774361e-06,2.8436467184304685e-06,4.244558536036729e-06,2.803682926903718e-06,2.5708739885474267e-06,0.0,1.3421665256519533e-06,-5.034830169680295e-06,0.0,1.3445822466483669e-06,0.0,0.0,1.4259106940742132e-06,1.2144632183736755e-06,-3.719489418627447e-06,-4.755298239167339e-06,-2.588400156512591e-06,2.057267078188227e-06,0.0,-3.7798989960218723e-06,0.0,0.0,-1.739744570716637e-06,0.0,-5.025359502998074e-06,-2.4072321430271853e-06,4.4898528942177286e-06,0.0,-2.0645185025611075e-06,4.049983251960841e-06,-5.516685116153519e-06,1.4063811845872455e-05,1.4363398549831156e-06,-4.734953724995552e-06,3.288581067778642e-06,4.085065573826204e-06,2.627116433297605e-06,3.3911972055557842e-06
1992-07-31,0.0,0.0,0.0,0.0,0.0,0.0,0.0,0.0,-4.2623061630245284e-07,0.0,0.0,-5.14437747614031e-07,0.0,-4.481718607693205e-06,0.0,0.0,0.0,0.0,0.0,0.0,8.921083098915061e-07,0.0,1.7416771962717587e-06,4.845548256774361e-06,2.8436467184304685e-06,2.9186200403333487e-06,2.803682926903718e-06,2.5708739885474267e-06,0.0,8.221732272947179e-07,-5.034830169680295e-06,0.0,1.3445822466483669e-06,0.0,0.0,9.563196960261216e-07,1.0120208970612134e-07,6.312200084713783e-07,-4.755298239167339e-06,-2.588400156512591e-06,2.057267078188227e-06,0.0,-1.590247987422037e-06,0.0,0.0,3.897644161466352e-06,0.0,-5.025359502998074e-06,-2.4072321430271853e-06,4.4898528942177286e-06,0.0,-2.0645185025611075e-06,4.049983251960841e-06,5.295333777172906e-07,-2.4138018421181357e-05,2.151903837505601e-06,-4.734953724995552e-06,-4.5281992957410714e-06,5.816396846816481e-06,0.0,3.3911972055557842e-06
1992-08-31,0.0,0.0,0.0,0.0,0.0,0.0,0.0,0.0,-4.2623061630245284e-07,0.0,0.0,-1.006998158611675e-07,0.0,-3.278119489212303e-06,0.0,0.0,0.0,0.0,0.0,0.0,-3.0774104574302017e-07,0.0,1.0504215445546348e-06,1.382203140914933e-06,2.8436467184304685e-06,2.9186200403333487e-06,1.8990504318939715e-06,1.9236754935992e-06,0.0,8.221732272947179e-07,-2.0960043212201153e-06,0.0,1.3445822466483669e-06,0.0,0.0,9.563196960261216e-07,0.0,-3.5432935472838454e-06,-4.755298239167339e-06,-2.588400156512591e-06,1.1564562732268375e-06,0.0,-1.590247987422037e-06,0.0,0.0,-9.097950609573288e-07,0.0,-2.4094184051767024e-06,-2.4072321430271853e-06,6.088273556433424e-07,0.0,-1.4356780065741608e-06,4.049983251960841e-06,0.0,-8.708565259532817e-06,2.151903837505601e-06,-2.555298189003329e-06,-3.365190631506874e-06,-4.103569530458916e-06,0.0,3.3911972055557842e-06
1992-09-30,0.0,0.0,0.0,0.0,0.0,0.0,0.0,0.0,-4.2623061630245284e-07,0.0,0.0,-1.564494817277611e-07,0.0,-1.290430265319607e-06,0.0,0.0,0.0,0.0,0.0,0.0,6.617029820293899e-07,0.0,1.0504215445546348e-06,1.382203140914933e-06,2.8436467184304685e-06,2.9186200403333487e-06,1.8990504318939715e-06,1.9236754935992e-06,0.0,4.820262542697223e-07,-1.5284410449869574e-06,0.0,1.3445822466483669e-06,0.0,0.0,5.358278545060596e-07,-5.085939992255452e-06,-3.5432935472838454e-06,-4.755298239167339e-06,-2.588400156512591e-06,8.535819639636995e-07,0.0,-1.590247987422037e-06,-2.9479635182641646e-06,0.0,0.0,0.0,-2.4094184051767024e-06,-2.4072321430271853e-06,5.430326472987657e-06,0.0,-1.4356780065741608e-06,4.049983251960841e-06,5.425610601281781e-06,-8.708565259532817e-06,2.151903837505601e-06,-4.494969870375376e-06,-3.365190631506874e-06,-6.1526841130722534e-06,0.0,3.3911972055557842e-06
1992-10-30,0.0,0.0,0.0,0.0,0.0,0.0,0.0,0.0,-4.2623061630245284e-07,0.0,0.0,-1.564494817277611e-07,0.0,-1.290430265319607e-06,0.0,0.0,0.0,0.0,0.0,0.0,6.617029820293899e-07,0.0,1.0504215445546348e-06,2.844630247646445e-06,2.8436467184304685e-06,2.0107004886211523e-06,1.8990504318939715e-06,1.9236754935992e-06,0.0,-2.3440758323870951e-07,-1.5284410449869574e-06,0.0,8.760029518273192e-07,0.0,0.0,5.358278545060596e-07,-5.085939992255452e-06,-3.5432935472838454e-06,-4.755298239167339e-06,-2.588400156512591e-06,8.535819639636995e-07,0.0,-1.590247987422037e-06,-2.9479635182641646e-06,0.0,0.0,0.0,-3.484506087656681e-06,-2.4072321430271853e-06,5.430326472987657e-06,2.2848330879291525e-07,-1.9220275634993557e-06,-9.718133478663972e-07,5.425610601281781e-06,6.15086348850386e-06,2.151903837505601e-06,-4.494969870375376e-06,-3.365190631506874e-06,-6.1526841130722534e-06,0.0,3.3911972055557842e-06
1992-11-30,0.0,0.0,0.0,0.0,0.0,0.0,0.0,0.0,0.0,0.0,0.0,0.0,0.0,-1.7584589963236594e-06,0.0,0.0,0.0,0.0,0.0,0.0,1.0131538629798895e-06,0.0,1.6227196162723958e-06,2.844630247646445e-06,2.8436467184304685e-06,2.7749832438045547e-06,1.8990504318939715e-06,1.9236754935992e-06,0.0,-8.286505755474116e-09,-1.5284410449869574e-06,0.0,1.2726185337171924e-06,0.0,0.0,8.204536992416306e-07,5.744891142722117e-07,-3.5432935472838454e-06,-4.755298239167339e-06,-2.588400156512591e-06,1.336118868001549e-06,0.0,0.0,-2.9479635182641646e-06,0.0,0.0,-3.898321745389181e-07,-3.484506087656681e-06,-2.4072321430271853e-06,5.430326472987657e-06,2.2848330879291525e-07,-5.957783845061206e-07,-1.538191146387942e-06,5.425610601281781e-06,1.0342665571138246e-05,2.151903837505601e-06,-6.592637426827908e-06,-4.87011688238454e-06,-6.1526841130722534e-06,4.13763156959376e-06,5.192560685429067e-06
1992-12-31,0.0,0.0,0.0,0.0,0.0,0.0,0.0,0.0,0.0,0.0,0.0,0.0,0.0,-2.0754974973716175e-07,0.0,0.0,0.0,0.0,0.0,0.0,1.6008789902847295e-06,0.0,2.7956970469778816e-06,6.6411450864779274e-06,5.665571354234425e-06,4.966538236900579e-06,3.796429600225062e-06,3.710539639557915e-06,0.0,-8.694405682285008e-07,-4.076617411369855e-06,0.0,5.272048661696393e-07,0.0,0.0,1.3418896932339075e-06,2.0777856685992884e-06,1.145081257893409e-06,-4.755298239167339e-06,-2.588400156512591e-06,2.0208430162419897e-06,0.0,0.0,0.0,0.0,8.199050474343554e-06,0.0,-6.535027128274193e-06,-3.8117723479969017e-06,5.430326472987657e-06,1.0090988887094042e-08,-1.0381037558065353e-06,0.0,8.261067351908641e-06,2.043450072847008e-05,1.1279670718331119e-06,-1.0848886890274217e-05,-7.934270512433977e-06,-1.0336149842252398e-05,0.0,-1.10683590988851e-06
1993-01-29,0.0,0.0,0.0,0.0,0.0,0.0,0.0,0.0,0.0,0.0,0.0,0.0,0.0,-8.280316220638908e-07,0.0,0.0,0.0,0.0,0.0,0.0,1.6008789902847295e-06,0.0,2.7956970469778816e-06,6.6411450864779274e-06,5.665571354234425e-06,4.966538236900579e-06,3.796429600225062e-06,3.710539639557915e-06,0.0,-8.694405682285008e-07,-4.076617411369855e-06,0.0,5.272048661696393e-07,0.0,0.0,1.3418896932339075e-06,2.0777856685992884e-06,1.5461894262782225e-06,-4.755298239167339e-06,-2.588400156512591e-06,2.0208430162419897e-06,0.0,0.0,-3.5304430328362264e-06,0.0,0.0,0.0,-6.535027128274193e-06,-3.8117723479969017e-06,5.430326472987657e-06,1.7118423568112687e-06,-1.5772728502934951e-06,0.0,4.412685995224629e-06,2.043450072847008e-05,1.1279670718331119e-06,-1.0848886890274217e-05,-7.934270512433977e-06,-1.0336149842252398e-05,0.0,0.0
1993-02-26,0.0,0.0,0.0,0.0,0.0,0.0,0.0,0.0,0.0,0.0,0.0,-1.8355598772790786e-07,0.0,-8.280316220638908e-07,0.0,0.0,0.0,0.0,0.0,0.0,5.329499924167158e-07,0.0,2.7956970469778816e-06,6.6411450864779274e-06,5.665571354234425e-06,4.966538236900579e-06,3.796429600225062e-06,3.710539639557915e-06,0.0,-1.8506163378647812e-07,-2.3046351513402494e-06,0.0,1.3626515497845029e-06,0.0,0.0,1.3418896932339075e-06,4.288185508141371e-06,2.972787550951658e-06,-4.755298239167339e-06,2.6039853073131702e-06,2.7864561772282213e-06,0.0,0.0,-4.9883139671386835e-06,0.0,-1.5776405807338072e-07,0.0,-6.535027128274193e-06,9.251102214985363e-07,5.430326472987657e-06,8.002877866986783e-07,-1.5772728502934951e-06,0.0,4.412685995224629e-06,2.7496636550326727e-05,4.17297443431507e-06,-1.8184008639427492e-05,-7.934270512433977e-06,-1.4934533934840498e-05,0.0,0.0
1993-03-31,0.0,0.0,0.0,0.0,0.0,0.0,0.0,0.0,0.0,0.0,0.0,1.251733154486503e-06,0.0,4.797864881473265e-06,0.0,0.0,0.0,0.0,0.0,0.0,5.329499924167158e-07,0.0,1.582015869512003e-06,6.6411450864779274e-06,5.665571354234425e-06,3.6201026759046667e-06,2.8348244315151864e-06,2.0299570065057987e-06,0.0,-1.4416785735177548e-06,-4.859380067327697e-06,0.0,8.686844477705684e-07,0.0,0.0,1.8247571239341506e-06,4.288185508141371e-06,-4.063116549170692e-06,-4.755298239167339e-06,-2.2399547667833502e-06,2.7864561772282213e-06,0.0,0.0,-4.9883139671386835e-06,0.0,6.570071827867367e-06,0.0,-6.535027128274193e-06,1.3208522894545225e-06,5.430326472987657e-06,5.958077616545891e-07,-1.5772728502934951e-06,0.0,4.412685995224629e-06,2.7496636550326727e-05,2.8125731037179175e-06,-1.8184008639427492e-05,-7.934270512433977e-06,-1.4934533934840498e-05,7.2130926301626474e-06,5.821946073630081e-06
1993-04-30,0.0,0.0,0.0,0.0,0.0,0.0,0.0,0.0,6.905509892010956e-07,0.0,0.0,9.324691994605706e-07,0.0,-1.4028735273108094e-06,0.0,0.0,0.0,0.0,0.0,0.0,7.503199026235559e-07,0.0,1.582015869512003e-06,6.6411450864779274e-06,5.665571354234425e-06,3.6201026759046667e-06,2.8348244315151864e-06,2.0299570065057987e-06,0.0,-1.4416785735177548e-06,-4.859380067327697e-06,0.0,5.899173020145656e-07,0.0,0.0,1.8247571239341506e-06,-6.088159605370774e-06,-5.642535265565518e-06,-4.755298239167339e-06,-3.634583560642044e-06,1.4738844571375887e-06,0.0,5.479075608158573e-06,-3.0629493273583075e-06,0.0,6.570071827867367e-06,4.401615660758384e-06,-2.1390021774785015e-06,-2.7940801704822543e-06,5.430326472987657e-06,1.13687325497881e-06,-9.84165559113871e-07,0.0,6.168361758542069e-06,1.8046214390968276e-05,1.8620616929787435e-06,-9.815297884075129e-06,-7.934270512433977e-06,-1.4934533934840498e-05,0.0,5.821946073630081e-06
1993-05-31,0.0,0.0,0.0,0.0,0.0,0.0,0.0,0.0,6.905509892010956e-07,0.0,0.0,9.324691994605706e-07,0.0,3.482481408796525e-06,0.0,0.0,0.0,0.0,0.0,0.0,1.3535522456047963e-06,0.0,2.294167878125514e-06,6.6411450864779274e-06,0.0,4.867386213895109e-06,2.8348244315151864e-06,2.0299570065057987e-06,0.0,-5.428887438152238e-07,-2.3119979526754726e-06,0.0,9.745988095109482e-07,0.0,0.0,1.8247571239341506e-06,-6.088159605370774e-06,-5.642535265565518e-06,-4.755298239167339e-06,-3.634583560642044e-06,1.4738844571375887e-06,0.0,3.5107035747677737e-06,-3.0629493273583075e-06,0.0,4.614402545786155e-06,2.689032213146078e-06,-8.983813392296388e-06,-1.5068713834701016e-06,0.0,1.13687325497881e-06,-1.3690628910405366e-06,0.0,6.168361758542069e-06,1.8046214390968276e-05,1.305901667491968e-06,-9.815297884075129e-06,-5.689482831750606e-06,-1.4934533934840498e-05,0.0,0.0
1993-06-30,0.0,0.0,0.0,0.0,0.0,0.0,0.0,0.0,6.905509892010956e-07,0.0,0.0,9.324691994605706e-07,0.0,3.482481408796525e-06,0.0,0.0,0.0,0.0,0.0,0.0,1.3535522456047963e-06,0.0,2.294167878125514e-06,6.6411450864779274e-06,2.6825815035282604e-06,4.867386213895109e-06,2.8348244315151864e-06,2.0299570065057987e-06,0.0,-1.130310923664489e-06,-4.498591849042181e-06,0.0,4.101218804013778e-07,0.0,0.0,-1.3346606396208702e-06,-6.088159605370774e-06,-5.642535265565518e-06,-4.755298239167339e-06,-3.634583560642044e-06,1.4738844571375887e-06,0.0,3.5107035747677737e-06,-3.0629493273583075e-06,0.0,4.614402545786155e-06,2.689032213146078e-06,0.0,-1.5068713834701016e-06,1.6523749138261928e-06,1.6281208839321428e-06,-3.818022018394769e-07,0.0,6.168361758542069e-06,1.8046214390968276e-05,-2.729185127827408e-06,-4.9797099411668785e-06,4.509729432109418e-06,1.232726247436207e-06,2.7898590154034255e-06,5.94917309902187e-06
1993-07-30,0.0,0.0,0.0,0.0,0.0,0.0,0.0,0.0,0.0,0.0,0.0,6.259945474110526e-07,0.0,3.482481408796525e-06,0.0,0.0,0.0,0.0,0.0,0.0,1.3535522456047963e-06,0.0,1.5680420282307869e-06,6.6411450864779274e-06,2.6825815035282604e-06,3.2382915401598557e-06,2.8348244315151864e-06,2.0299570065057987e-06,0.0,-1.130310923664489e-06,-4.498591849042181e-06,0.0,2.9960303079612906e-07,0.0,0.0,-1.3346606396208702e-06,-2.5947643751819128e-06,-2.634979909551605e-06,-4.755298239167339e-06,-2.46468383076423e-06,1.4738844571375887e-06,0.0,1.3053082551287594e-06,-3.0629493273583075e-06,0.0,3.278417683622588e-06,1.1985013943095162e-06,-3.6286177585390714e-06,1.7848450313637679e-06,1.6523749138261928e-06,1.6281208839321428e-06,1.044463878061583e-06,3.1267381012728e-06,3.0322096498079175e-06,1.0323646608169173e-05,-2.729185127827408e-06,-2.8930438072694393e-06,2.923108493898668e-06,8.581218532352864e-07,1.300181276413404e-06,3.292711983822704e-06
1993-08-31,0.0,0.0,0.0,0.0,0.0,0.0,0.0,0.0,0.0,0.0,0.0,9.733459195543978e-07,0.0,3.482481408796525e-06,0.0,0.0,0.0,0.0,0.0,0.0,1.3535522456047963e-06,0.0,2.4309488230809082e-06,6.6411450864779274e-06,2.6825815035282604e-06,2.38113547931204e-06,2.8348244315151864e-06,2.0299570065057987e-06,0.0,-6.758810273457514e-07,-8.431755211343642e-07,0.0,5.07470565140282e-07,0.0,0.0,-1.3346606396208702e-06,-4.235233111974771e-06,-3.706155455769863e-06,-4.755298239167339e-06,-2.46468383076423e-06,2.0223697016379484e-06,0.0,1.3053082551287594e-06,-3.0629493273583075e-06,0.0,3.278417683622588e-06,1.1985013943095162e-06,-1.7157939300762763e-06,1.7848450313637679e-06,2.502826208313916e-06,1.0106901087998833e-06,1.044463878061583e-06,4.966453195072989e-06,4.712246798182666e-06,1.0323646608169173e-05,-2.729185127827408e-06,-7.126550114798207e-06,2.923108493898668e-06,3.337175644161412e-06,8.491008517495496e-07,4.390889761680181e-06
1993-09-30,0.0,0.0,0.0,0.0,0.0,0.0,0.0,0.0,0.0,0.0,0.0,9.733459195543978e-07,0.0,1.74940584265762e-06,0.0,0.0,0.0,0.0,0.0,0.0,9.737607439744658e-07,0.0,8.810060833491154e-07,4.040409066701472e-06,2.6825815035282604e-06,2.38113547931204e-06,1.7383264673096457e-06,1.1612293021499015e-06,0.0,-1.0031274294275423e-06,-2.3323585958212435e-06,0.0,1.5641442810600115e-07,0.0,0.0,-1.3346606396208702e-06,-2.933470167085914e-06,-2.6398437689403303e-06,-3.2056881179953214e-06,-2.46468383076423e-06,9.361610009957222e-07,0.0,1.3053082551287594e-06,-3.0629493273583075e-06,0.0,2.152596687027942e-06,1.1985013943095162e-06,4.478508899942044e-06,1.7848450313637679e-06,6.763360961969667e-07,1.0106901087998833e-06,-2.3158679995002014e-07,4.966453195072989e-06,3.3504094285902346e-06,1.4608062647346723e-05,-2.729185127827408e-06,-7.126550114798207e-06,2.923108493898668e-06,3.337175644161412e-06,8.491008517495496e-07,4.390889761680181e-06
1993-10-29,0.0,0.0,0.0,0.0,0.0,0.0,0.0,0.0,0.0,0.0,0.0,9.733459195543978e-07,0.0,2.401474959265783e-06,0.0,0.0,0.0,0.0,0.0,0.0,1.383985318647067e-06,0.0,8.810060833491154e-07,7.069495964140933e-06,2.6825815035282604e-06,3.948377892833576e-06,2.8995450034965293e-06,1.7727682259729256e-06,0.0,0.0,-2.3323585958212435e-06,0.0,0.0,0.0,0.0,-1.3346606396208702e-06,-4.8146936147670135e-06,-4.2154767743617165e-06,-4.648413489688584e-06,-3.827608625256491e-06,9.361610009957222e-07,0.0,2.3751427699919814e-06,-4.350669942015615e-06,0.0,4.240774612351998e-06,1.9689023975632066e-06,-4.6588375229997925e-06,3.2356069876992177e-06,1.3226899756616075e-06,2.107727756586696e-06,1.001417406596348e-06,6.7884124687150525e-06,3.3504094285902346e-06,2.5263010876106133e-05,-4.890455149407096e-06,2.951892488646458e-06,6.250892816010477e-06,5.242773941296349e-06,2.521708634007132e-06,5.979562453238021e-06
1993-11-30,0.0,0.0,0.0,0.0,0.0,0.0,0.0,0.0,0.0,0.0,0.0,-2.502758979168255e-07,0.0,1.6398951660514854e-06,0.0,0.0,0.0,0.0,0.0,0.0,9.686156737224845e-07,0.0,1.5132381178056394e-06,7.069495964140933e-06,6.843652229898197e-07,2.160509906032978e-06,1.137955199483448e-06,1.112374953272668e-06,0.0,-1.4243658657888374e-06,-4.977935711356628e-07,0.0,2.4246171803652496e-07,0.0,0.0,-1.3346606396208702e-06,-3.2715258284963435e-06,-2.515009601393222e-06,-2.8712205393569666e-06,-2.0667448803800986e-06,9.361610009957222e-07,0.0,2.3751427699919814e-06,-4.350669942015615e-06,0.0,-1.8680406541502118e-06,1.9689023975632066e-06,3.741273129811218e-06,3.2356069876992177e-06,3.8679097197003676e-07,1.4042268033367705e-06,-1.057883031236032e-06,4.460758162381322e-06,1.8449001677217256e-06,1.8198839310637315e-05,-4.890455149407096e-06,2.951892488646458e-06,3.777591371247913e-06,3.2998610587580084e-06,1.8247904040499108e-06,4.026552753279952e-06
1993-12-31,0.0,0.0,0.0,0.0,0.0,0.0,0.0,0.0,4.835990229344695e-07,0.0,0.0,5.281735419653782e-07,0.0,1.166473823326613e-06,0.0,0.0,0.0,0.0,0.0,0.0,1.8104054349879639e-06,0.0,5.081158079324456e-07,7.069495964140933e-06,9.771143362332365e-08,3.0330032410685277e-06,2.3302522770089836e-06,2.0674213318850278e-06,0.0,-1.4243658657888374e-06,-3.7645748916043144e-06,0.0,0.0,0.0,0.0,1.1616182801902766e-07,-4.945276282442161e-06,-3.7654318744573755e-06,-2.8712205393569666e-06,-3.3840183760815763e-06,9.361610009957222e-07,0.0,3.841742104898374e-06,-4.350669942015615e-06,0.0,4.884681314621531e-06,2.8668647988866487e-06,-2.4837386417958526e-06,3.2356069876992177e-06,3.8679097197003676e-07,-4.579758664863857e-06,-1.8317289292272233e-06,6.918335667820781e-06,-6.097922263184785e-06,1.8198839310637315e-05,-4.890455149407096e-06,5.2263605144716425e-06,5.7015727624319595e-06,5.861851679972523e-06,3.014951955175345e-06,6.545119720126196e-06
1994-01-31,0.0,0.0,0.0,0.0,0.0,0.0,0.0,0.0,3.3908420450419657e-07,0.0,0.0,2.95032013544995e-07,0.0,1.166473823326613e-06,0.0,0.0,0.0,0.0,0.0,0.0,1.1289115185952132e-06,0.0,9.425206177968321e-08,7.069495964140933e-06,2.2502196128719767e-07,3.0330032410685277e-06,2.3302522770089836e-06,2.0674213318850278e-06,0.0,0.0,-3.7645748916043144e-06,0.0,0.0,0.0,0.0,3.749269775615826e-08,-4.945276282442161e-06,-3.7654318744573755e-06,-9.072840780841594e-07,-9.663811103867797e-07,9.361610009957222e-07,0.0,2.5027775386445714e-06,-4.350669942015615e-06,0.0,4.884681314621531e-06,2.8668647988866487e-06,4.4941013868484446e-06,1.709480516991536e-06,2.627508826709944e-07,0.0,-1.8317289292272233e-06,4.754962838262466e-06,-6.097922263184785e-06,8.151478101381165e-06,-4.890455149407096e-06,5.2263605144716425e-06,4.209501183975439e-06,5.861851679972523e-06,3.014951955175345e-06,4.262730760523401e-06
1994-02-28,0.0,0.0,0.0,0.0,0.0,0.0,0.0,0.0,3.3908420450419657e-07,0.0,0.0,4.600598740535637e-07,0.0,1.166473823326613e-06,0.0,0.0,0.0,0.0,0.0,0.0,7.173311308204456e-07,0.0,1.4980700999323446e-06,7.069495964140933e-06,2.3536910110339373e-06,2.008232639626874e-06,1.402969281248529e-06,1.3150602186029284e-06,0.0,3.1679023177611925e-07,-2.3575298434209184e-06,0.0,0.0,0.0,0.0,4.5359926663179015e-07,-3.5776837411380637e-06,-2.7873901827163243e-06,-6.658747877845444e-07,-2.1803385899729717e-07,9.361610009957222e-07,0.0,2.5027775386445714e-06,-1.865122699381252e-06,0.0,4.884681314621531e-06,1.6834241291983004e-06,4.4941013868484446e-06,1.2450328012990323e-06,0.0,-3.096621251508389e-06,1.8677207397280209e-06,4.754962838262466e-06,-6.097922263184785e-06,8.151478101381165e-06,-4.890455149407096e-06,5.2263605144716425e-06,4.209501183975439e-06,5.861851679972523e-06,1.788227640933411e-06,1.7084288503861474e-06
1994-03-31,0.0,0.0,0.0,0.0,0.0,0.0,0.0,0.0,-4.7153729601531895e-07,0.0,0.0,-4.1582231208664797e-07,0.0,1.166473823326613e-06,0.0,0.0,0.0,0.0,0.0,0.0,4.4365687255351573e-07,0.0,-1.3292738986408222e-06,2.387935945535906e-06,-4.4183611086424295e-06,-3.3542433778697505e-06,-2.2481481919786552e-06,-1.2417676671801915e-06,0.0,-1.8145509037391356e-06,-3.561971141496788e-06,0.0,0.0,0.0,0.0,0.0,-2.5773788888618405e-06,-2.7873901827163243e-06,-1.7240146061821305e-06,0.0,6.1554173899562e-07,0.0,1.8018881137602792e-06,-1.865122699381252e-06,0.0,1.403712652711855e-06,1.6834241291983004e-06,3.0671118603032226e-06,1.2450328012990323e-06,0.0,-3.096621251508389e-06,1.8677207397280209e-06,4.754962838262466e-06,-6.097922263184785e-06,8.151478101381165e-06,-4.890455149407096e-06,3.7371421594525357e-06,4.209501183975439e-06,5.861851679972523e-06,1.788227640933411e-06,2.3262313374017858e-06
1994-04-29,0.0,0.0,0.0,0.0,0.0,0.0,0.0,0.0,-4.7153729601531895e-07,0.0,0.0,-4.1582231208664797e-07,0.0,1.166473823326613e-06,0.0,0.0,0.0,0.0,0.0,0.0,4.4365687255351573e-07,0.0,-8.372410136871741e-07,-2.5243538154534347e-06,-2.4620109889950057e-06,-1.8481298272719012e-06,-1.2853684605288367e-06,-8.248913484767323e-07,0.0,0.0,-2.251977577644575e-06,0.0,0.0,0.0,0.0,0.0,-1.8298315546555776e-06,-1.9158508078413956e-06,-1.1465267106289195e-06,0.0,-1.376697883759795e-06,0.0,1.1512202691588647e-06,2.39306176533465e-06,0.0,1.403712652711855e-06,7.101621483432609e-07,3.0671118603032226e-06,1.2450328012990323e-06,3.824296135583935e-06,-3.096621251508389e-06,1.2801504770251445e-06,2.076521955870921e-06,-3.8130058277639282e-06,5.989579012588166e-06,-1.947942378432491e-06,2.365454079284909e-06,4.209501183975439e-06,3.426238932111337e-06,1.0745163020028533e-06,0.0
1994-05-31,0.0,0.0,0.0,0.0,0.0,0.0,0.0,0.0,4.273401650909609e-07,0.0,0.0,4.7333746003544163e-07,0.0,8.082611720877308e-07,0.0,0.0,0.0,0.0,0.0,0.0,0.0,0.0,-4.6776173564433224e-07,-1.7758514853885343e-06,-1.2336979582076156e-06,-1.3229625948867147e-06,-9.237501429680082e-07,-8.248913484767323e-07,0.0,0.0,-2.251977577644575e-06,0.0,0.0,0.0,0.0,1.1452171312663807e-07,-1.8298315546555776e-06,-1.2751084179745724e-06,0.0,1.6400626553731262e-06,-1.376697883759795e-06,0.0,4.4898806886234003e-07,1.2441720060398338e-06,0.0,1.403712652711855e-06,5.227400214520754e-07,6.86268709852974e-07,1.2450328012990323e-06,-1.1220740901606153e-06,-1.0315540978447235e-06,9.904224518264322e-08,2.076521955870921e-06,-1.0338583960129111e-06,4.3191321036482385e-06,-1.947942378432491e-06,1.576693400310416e-06,1.3284447310415e-06,7.273357988658625e-07,4.877876228564372e-07,7.374522695606488e-07
1994-06-30,0.0,0.0,0.0,0.0,0.0,0.0,0.0,0.0,-4.004167216206878e-07,0.0,0.0,-4.310368721519573e-07,0.0,1.2504788752412602e-06,0.0,0.0,0.0,0.0,0.0,0.0,0.0,0.0,-4.6776173564433224e-07,-1.1105143473063623e-06,-2.059281577745931e-06,-1.952030130126788e-06,-1.3305632393786061e-06,-8.248913484767323e-07,0.0,0.0,-3.003889994524253e-06,0.0,0.0,0.0,0.0,0.0,-1.8298315546555776e-06,1.6608453977068194e-06,-3.7674180492622333e-07,1.6400626553731262e-06,1.0638488492057404e-07,0.0,-2.1551041125373878e-06,1.2441720060398338e-06,0.0,-3.2614289260130904e-06,3.503816245079951e-07,1.3824599719231438e-06,9.121080277151615e-07,-1.1220740901606153e-06,-1.4421097386192447e-06,6.729806743891523e-08,2.076521955870921e-06,-1.4693470054548592e-06,6.57929189883226e-06,1.1621772226991817e-06,-1.982549825601531e-06,1.909018651034117e-06,-3.829486659197953e-07,-1.0103442406525026e-06,1.0783118978462998e-06
1994-07-29,0.0,0.0,0.0,0.0,0.0,0.0,0.0,0.0,-7.080853308839179e-07,0.0,0.0,-6.974297619667553e-07,0.0,2.023853494255897e-06,0.0,0.0,0.0,0.0,0.0,0.0,0.0,0.0,-1.0909608720233173e-06,-2.467759162202801e-06,-3.039224175462551e-06,-2.8687981241644755e-06,-2.01912333285781e-06,-1.52203726185403e-06,0.0,0.0,-5.262084431937843e-06,0.0,0.0,0.0,0.0,0.0,4.044593459051499e-06,3.122370827675137e-06,-3.450242148898756e-06,3.029458701654075e-06,-2.3521323057919733e-06,0.0,-4.115275393376107e-06,1.9090935914212225e-06,0.0,2.2493330918478201e-07,1.3101277371448797e-07,9.099126327740038e-07,1.40596280789562e-06,2.3037808807013047e-06,-1.4421097386192447e-06,9.335170782972136e-08,5.590119666230088e-06,-2.852692582266007e-06,1.1679362505869035e-05,3.5608512139252527e-06,-3.6148844927369538e-06,0.0,-5.592697824250909e-07,-1.8189461444727746e-06,-5.004313726777978e-06
1994-08-31,0.0,0.0,0.0,0.0,0.0,0.0,0.0,0.0,-2.9275763361369027e-07,0.0,0.0,-1.5886688533379133e-07,0.0,3.063372010426127e-06,0.0,0.0,0.0,0.0,0.0,0.0,0.0,0.0,-1.0909608720233173e-06,-1.640216338350577e-06,-3.039224175462551e-06,-4.181663544762961e-06,-2.9702665061234017e-06,-2.130087407544798e-06,0.0,0.0,-7.4029727270170185e-06,0.0,0.0,0.0,0.0,0.0,4.044593459051499e-06,3.122370827675137e-06,-4.787602019718094e-06,3.029458701654075e-06,-2.3521323057919733e-06,0.0,0.0,3.3165495256122717e-06,0.0,0.0,0.0,-4.183653237129993e-06,1.40596280789562e-06,-3.129597537388715e-06,-4.3605981840899985e-06,2.0385391145373854e-07,5.590119666230088e-06,-4.315606641903848e-06,1.1679362505869035e-05,7.532938731107473e-06,0.0,6.65447061321406e-06,-5.6448859649379385e-06,-9.706518759362337e-07,1.8652931496585372e-06
1994-09-30,0.0,0.0,0.0,0.0,0.0,0.0,0.0,0.0,-6.919487018604598e-07,0.0,0.0,-4.19314259956613e-07,0.0,0.0,0.0,0.0,0.0,0.0,0.0,0.0,0.0,0.0,-1.574425991544145e-06,-1.640216338350577e-06,-5.339953223251965e-06,-4.181663544762961e-06,-2.9702665061234017e-06,-2.130087407544798e-06,0.0,0.0,-3.063091137610929e-06,0.0,0.0,0.0,0.0,0.0,-2.9063240133593997e-06,4.828782339871588e-06,-6.818974194917767e-06,4.502769226910201e-06,-3.536190025232523e-06,0.0,0.0,3.3165495256122717e-06,0.0,0.0,0.0,-4.183653237129993e-06,2.0099560243658005e-06,-4.841305810209323e-06,-4.3605981840899985e-06,4.3056711149072195e-07,5.590119666230088e-06,-4.315606641903848e-06,1.807027381677563e-05,7.532938731107473e-06,0.0,6.65447061321406e-06,-8.206628268727393e-06,-1.334994668262927e-06,2.4912221208671925e-06
1994-10-31,0.0,0.0,0.0,0.0,0.0,0.0,0.0,0.0,2.0912134215743106e-06,0.0,0.0,2.0240666754078156e-06,0.0,0.0,0.0,0.0,0.0,0.0,0.0,0.0,0.0,0.0,-1.574425991544145e-06,-1.640216338350577e-06,-5.339953223251965e-06,-6.344706530374009e-06,-4.2850107542052305e-06,-3.129377937519479e-06,0.0,1.1927923774906412e-07,-7.476621174501293e-06,0.0,0.0,0.0,0.0,0.0,6.176282704490794e-06,4.828782339871588e-06,-6.818974194917767e-06,4.502769226910201e-06,-3.536190025232523e-06,0.0,-8.283659861170847e-06,3.3165495256122717e-06,0.0,0.0,0.0,2.318514830501415e-06,2.0099560243658005e-06,6.172190391446368e-06,-4.3605981840899985e-06,4.3056711149072195e-07,5.590119666230088e-06,-6.3187004148968726e-06,1.807027381677563e-05,7.532938731107473e-06,0.0,6.65447061321406e-06,-8.206628268727393e-06,-1.334994668262927e-06,2.4912221208671925e-06
1994-11-30,0.0,0.0,0.0,0.0,0.0,0.0,0.0,0.0,1.3028583878752614e-06,0.0,0.0,1.272495746854683e-06,0.0,-3.5928005554358335e-07,0.0,0.0,0.0,0.0,0.0,0.0,0.0,0.0,-7.830061816876702e-07,-1.0303545858789229e-07,-1.867817602903983e-06,-3.254176628862257e-06,-2.1322382471422406e-06,-1.6393388539667152e-06,0.0,0.0,-5.310770728583124e-06,0.0,0.0,0.0,0.0,0.0,4.063864940455712e-06,3.3153990614041083e-06,-4.5273250832030485e-06,2.5850519037227967e-06,-1.831659310905496e-06,0.0,-5.698097827010265e-06,1.6655965075821788e-06,0.0,0.0,-2.652175793421043e-06,-3.642748923132188e-06,9.073598366089062e-07,-3.583442492909816e-06,-2.565766102576689e-06,2.9533434936202626e-07,7.498124757997983e-07,-3.921769734389397e-06,1.2995081227701338e-05,2.349083912898733e-06,-2.4543439078338447e-06,3.6081701411047937e-06,-8.206628268727393e-06,-1.334994668262927e-06,-3.845227054324253e-06
1994-12-30,0.0,0.0,0.0,0.0,0.0,0.0,0.0,0.0,1.3028583878752614e-06,0.0,0.0,1.272495746854683e-06,0.0,0.0,0.0,0.0,0.0,0.0,0.0,0.0,0.0,0.0,-1.148437442296139e-06,-2.3982657500011977e-06,-1.867817602903983e-06,-4.445771813385272e-06,-2.9900304222691284e-06,-1.6393388539667152e-06,0.0,2.6832622117214724e-07,-5.310770728583124e-06,0.0,0.0,0.0,0.0,0.0,4.063864940455712e-06,4.467509692155047e-06,-4.5273250832030485e-06,2.5850519037227967e-06,-1.831659310905496e-06,0.0,-5.698097827010265e-06,2.3932359909769353e-06,0.0,0.0,-2.652175793421043e-06,-3.642748923132188e-06,9.073598366089062e-07,-5.050873813717421e-06,-2.565766102576689e-06,2.9533434936202626e-07,7.498124757997983e-07,-3.921769734389397e-06,1.2995081227701338e-05,3.3874232881842446e-06,-2.4543439078338447e-06,3.6081701411047937e-06,-8.206628268727393e-06,-1.334994668262927e-06,-5.25390595315884e-06
1995-01-31,0.0,0.0,0.0,0.0,0.0,0.0,0.0,0.0,-4.448922538306474e-07,0.0,0.0,-3.381812697899744e-07,0.0,0.0,0.0,0.0,0.0,0.0,0.0,0.0,0.0,0.0,-1.148437442296139e-06,-2.3982657500011977e-06,-1.867817602903983e-06,-4.445771813385272e-06,-2.9900304222691284e-06,-1.6393388539667152e-06,0.0,1.5275675401928562e-07,-3.866832705006252e-06,0.0,0.0,0.0,0.0,0.0,4.063864940455712e-06,4.467509692155047e-06,-4.5273250832030485e-06,2.5850519037227967e-06,-1.831659310905496e-06,0.0,-4.191493684573028e-06,2.3932359909769353e-06,0.0,0.0,-2.652175793421043e-06,7.404246111101051e-07,5.839841197425275e-07,-5.050873813717421e-06,-2.565766102576689e-06,1.899299998105517e-07,1.4409012021140187e-07,-3.921769734389397e-06,1.2995081227701338e-05,2.398814818095374e-06,-1.3669633722733067e-06,4.87358282847434e-06,-8.206628268727393e-06,-1.334994668262927e-06,-5.25390595315884e-06
1995-02-28,0.0,0.0,0.0,0.0,0.0,0.0,0.0,0.0,-1.5150549792985078e-07,0.0,0.0,-1.8132105795018328e-07,0.0,0.0,0.0,0.0,0.0,0.0,0.0,0.0,-1.2835025169756294e-06,0.0,-1.5879699078345747e-07,-4.5992535999450336e-07,-3.2153928104232553e-06,-4.445771813385272e-06,-2.9900304222691284e-06,-1.6393388539667152e-06,0.0,7.279847464003887e-07,-2.6912476100695125e-06,0.0,0.0,0.0,0.0,0.0,5.666511973324013e-06,4.467509692155047e-06,-6.593671807775196e-06,1.226596596000213e-06,-1.831659310905496e-06,0.0,-4.191493684573028e-06,2.3932359909769353e-06,0.0,-6.853571352633889e-06,-2.652175793421043e-06,4.372740581518562e-06,1.6248388813418424e-06,-5.050873813717421e-06,-2.565766102576689e-06,3.5609991970498514e-07,1.279109908467506e-06,-3.921769734389397e-06,1.2995081227701338e-05,3.687133585456164e-06,-2.5004490874718135e-06,4.87358282847434e-06,-8.206628268727393e-06,-4.7317456649505813e-07,-5.25390595315884e-06
1995-03-31,0.0,0.0,0.0,0.0,0.0,0.0,0.0,0.0,-2.105446649617839e-07,0.0,0.0,-1.8132105795018328e-07,0.0,-1.1170495357245436e-06,0.0,0.0,0.0,0.0,0.0,0.0,-9.003890649524235e-07,0.0,-6.982223148610905e-07,-9.053447407994928e-07,3.030660372995828e-06,0.0,5.703221865206206e-07,0.0,0.0,4.269960498550579e-07,-1.6529838617001813e-06,0.0,0.0,0.0,0.0,0.0,5.666511973324013e-06,4.467509692155047e-06,-6.593671807775196e-06,-2.7546179945302766e-06,-1.831659310905496e-06,0.0,-2.838776181165222e-06,2.3932359909769353e-06,0.0,4.3912627480366854e-07,-8.622247057829514e-07,-4.0260364041197616e-06,8.608380197278087e-07,-2.2547756418355332e-06,-2.565766102576689e-06,8.968750208412414e-08,7.523759186393304e-08,-2.1719397180311e-06,1.2995081227701338e-05,3.687133585456164e-06,-9.527106084786681e-07,4.87358282847434e-06,-5.587333566357318e-06,-7.749626358350978e-07,-3.438447936911381e-06
1995-04-28,0.0,0.0,0.0,0.0,0.0,0.0,0.0,0.0,-4.926229733363154e-07,0.0,0.0,-3.8863600451862687e-07,0.0,2.974836205772648e-06,0.0,0.0,0.0,0.0,0.0,0.0,6.927619201360146e-07,0.0,-6.982223148610905e-07,4.503216371639717e-06,4.73430225544675e-06,0.0,5.703221865206206e-07,0.0,0.0,4.269960498550579e-07,2.670990535018221e-06,0.0,0.0,0.0,0.0,0.0,4.064230443499391e-06,4.467509692155047e-06,-3.983589686152454e-06,-3.6841998216859962e-06,-2.8804412944806498e-06,0.0,-4.623989102469587e-06,2.3932359909769353e-06,0.0,8.375235991744352e-07,-1.2608403348454567e-06,-1.893819739932403e-06,1.2256229720778945e-06,-3.512415262852097e-06,-2.565766102576689e-06,0.0,0.0,-2.1719397180311e-06,1.2995081227701338e-05,3.687133585456164e-06,-4.57269152856307e-06,4.87358282847434e-06,-5.587333566357318e-06,-3.7854029652627495e-06,-3.438447936911381e-06
1995-05-31,0.0,0.0,0.0,0.0,0.0,0.0,0.0,0.0,-1.0886659029890142e-07,0.0,0.0,0.0,0.0,-1.1649304712708908e-06,0.0,0.0,0.0,0.0,0.0,0.0,5.14898644566524e-07,0.0,1.7484957085971402e-06,4.503216371639717e-06,9.860044658136435e-07,0.0,0.0,0.0,0.0,4.269960498550579e-07,2.670990535018221e-06,0.0,2.364728619099572e-07,0.0,0.0,0.0,4.064230443499391e-06,3.2788924678438345e-06,-3.983589686152454e-06,-3.6841998216859962e-06,-2.8804412944806498e-06,0.0,-4.623989102469587e-06,2.3932359909769353e-06,0.0,1.132261998100617e-06,-1.2608403348454567e-06,-5.614523503976349e-06,1.2256229720778945e-06,-3.512415262852097e-06,-1.2176541045094625e-06,-9.243267717194772e-07,4.161523972362043e-07,-2.1719397180311e-06,0.0,3.687133585456164e-06,-4.57269152856307e-06,3.475246276074442e-06,-2.2322267284015368e-06,-2.040114355878758e-06,-3.438447936911381e-06
1995-06-30,0.0,0.0,0.0,0.0,0.0,0.0,0.0,0.0,-6.141430219642875e-07,0.0,0.0,-2.5600365879172656e-07,0.0,1.6672870421297935e-06,0.0,0.0,0.0,0.0,0.0,0.0,8.678037447196837e-07,0.0,1.7484957085971402e-06,2.163611664689214e-06,2.268818712114413e-06,1.630065228552118e-07,5.985547174508331e-07,6.7834751205931e-08,0.0,6.090199803358257e-07,5.786414589668828e-06,0.0,0.0,0.0,0.0,0.0,4.064230443499391e-06,-2.139559532143327e-06,-5.761134755332538e-06,-5.221255129149509e-06,-5.355571713089455e-06,0.0,-8.585501457040019e-06,2.3932359909769353e-06,0.0,5.422074264525216e-06,-2.6428501114850383e-06,-2.612168601687434e-06,1.779963240654783e-06,-5.065828337705714e-06,-3.027520577294639e-06,-9.243267717194772e-07,2.682609660702106e-06,-3.4071853136555994e-06,2.8794802257391932e-06,5.742486724513996e-06,4.585075296546522e-06,4.915742148232298e-06,-4.684125501769107e-06,-3.6498732743622885e-06,2.516225572579855e-06
1995-07-31,0.0,0.0,0.0,0.0,0.0,0.0,0.0,0.0,-6.141430219642875e-07,0.0,0.0,-3.6119819420971095e-07,0.0,1.6672870421297935e-06,0.0,0.0,0.0,0.0,0.0,0.0,8.678037447196837e-07,0.0,1.7484957085971402e-06,2.163611664689214e-06,2.268818712114413e-06,0.0,5.985547174508331e-07,0.0,4.129394686227195e-06,0.0,5.786414589668828e-06,0.0,0.0,0.0,0.0,0.0,7.948337237337623e-06,5.1464669503779355e-06,-5.761134755332538e-06,-5.221255129149509e-06,-5.355571713089455e-06,0.0,-8.585501457040019e-06,3.4419193072318307e-06,0.0,-8.630934060840735e-06,-2.6428501114850383e-06,-9.459191274887034e-06,1.779963240654783e-06,-5.065828337705714e-06,-1.4062597405951826e-06,-9.243267717194772e-07,2.682609660702106e-06,-2.4008529098637944e-06,5.923720491905547e-06,5.742486724513996e-06,4.585075296546522e-06,4.915742148232298e-06,-4.684125501769107e-06,-3.6498732743622885e-06,2.516225572579855e-06
1995-08-31,0.0,0.0,0.0,0.0,0.0,0.0,0.0,0.0,-4.009102374610207e-07,0.0,0.0,-1.3440252674282184e-07,0.0,1.6672870421297935e-06,0.0,0.0,0.0,0.0,0.0,0.0,8.678037447196837e-07,0.0,2.683691995833253e-06,5.064494244517479e-06,0.0,0.0,0.0,0.0,0.0,-3.1486803078560486e-06,5.786414589668828e-06,0.0,-1.1175544327798848e-06,0.0,0.0,0.0,7.948337237337623e-06,8.403095326290836e-06,-8.314967635918529e-06,-7.76767128783507e-06,-3.3594947315512705e-06,0.0,-1.2137784287732912e-05,3.4419193072318307e-06,0.0,-8.630934060840735e-06,-2.6428501114850383e-06,-3.6880199828017395e-06,1.779963240654783e-06,-7.047062540354204e-06,5.098078175265928e-06,-3.521254264578125e-07,2.682609660702106e-06,-2.4008529098637944e-06,8.02626767594376e-06,5.742486724513996e-06,7.154216564179877e-06,8.077567629565942e-06,-7.179925573656506e-06,-3.6498732743622885e-06,3.576297060284096e-06
1995-09-29,0.0,0.0,0.0,0.0,0.0,0.0,0.0,0.0,-8.005075252460613e-07,0.0,0.0,-3.950164777573135e-07,0.0,3.771958892612004e-07,0.0,0.0,0.0,0.0,0.0,0.0,8.678037447196837e-07,0.0,0.0,7.645853669168792e-07,1.6530279928029373e-07,0.0,0.0,0.0,4.012215093432218e-06,6.349104071964055e-07,5.786414589668828e-06,0.0,-1.1175544327798848e-06,0.0,0.0,0.0,7.948337237337623e-06,8.403095326290836e-06,-8.314967635918529e-06,-5.35717934554923e-06,-3.3594947315512705e-06,0.0,-1.2137784287732912e-05,3.4419193072318307e-06,0.0,-4.8271779370428624e-06,-2.6428501114850383e-06,-3.6880199828017395e-06,1.779963240654783e-06,-7.047062540354204e-06,5.098078175265928e-06,-3.521254264578125e-07,3.962053926404847e-06,6.6210343372990765e-06,8.02626767594376e-06,5.742486724513996e-06,7.154216564179877e-06,8.077567629565942e-06,0.0,9.373880815712927e-07,3.576297060284096e-06
1995-10-31,0.0,0.0,0.0,0.0,0.0,0.0,0.0,0.0,-8.005075252460613e-07,0.0,0.0,-2.071598014050634e-07,0.0,1.1114302462499297e-06,0.0,0.0,0.0,0.0,0.0,0.0,8.678037447196837e-07,0.0,4.6466873701142146e-07,1.2189643706286209e-06,0.0,0.0,0.0,0.0,4.012215093432218e-06,-2.3824425487878288e-06,2.735721898992981e-06,0.0,-1.1175544327798848e-06,0.0,0.0,0.0,7.948337237337623e-06,8.403095326290836e-06,-5.267888949005386e-06,-5.35717934554923e-06,-1.9252780502533965e-06,0.0,-1.2137784287732912e-05,3.4419193072318307e-06,0.0,-4.8271779370428624e-06,-3.993247762865593e-06,-8.861725619497914e-06,1.779963240654783e-06,-7.047062540354204e-06,5.098078175265928e-06,-1.0176711290627442e-06,3.962053926404847e-06,6.6210343372990765e-06,8.02626767594376e-06,7.992055849512788e-06,7.154216564179877e-06,8.077567629565942e-06,0.0,9.373880815712927e-07,3.576297060284096e-06
1995-11-30,0.0,0.0,0.0,0.0,0.0,0.0,0.0,0.0,0.0,0.0,0.0,0.0,0.0,1.1114302462499297e-06,0.0,0.0,0.0,0.0,0.0,0.0,8.678037447196837e-07,0.0,1.5612779386739644e-06,4.580567521242717e-06,0.0,0.0,0.0,0.0,0.0,-1.7292088668783504e-06,4.8349001682159306e-06,0.0,-1.1175544327798848e-06,0.0,0.0,0.0,7.948337237337623e-06,8.403095326290836e-06,9.866421275518945e-06,7.527249738060216e-07,3.2692723493131576e-06,0.0,-2.885532096751899e-06,3.4419193072318307e-06,0.0,-4.8271779370428624e-06,6.626609201872775e-07,0.0,1.779963240654783e-06,-7.047062540354204e-06,5.098078175265928e-06,0.0,3.962053926404847e-06,6.6210343372990765e-06,-3.197911696547307e-05,7.992055849512788e-06,7.154216564179877e-06,-4.724303657787801e-06,0.0,9.373880815712927e-07,3.576297060284096e-06
1995-12-29,0.0,0.0,0.0,0.0,0.0,0.0,0.0,2.7147057715987734e-06,1.1248774016307436e-06,0.0,0.0,1.0972125047017017e-06,0.0,0.0,0.0,0.0,0.0,0.0,0.0,0.0,1.9750077129874855e-07,0.0,0.0,0.0,0.0,0.0,0.0,0.0,0.0,2.255319649779257e-06,4.8349001682159306e-06,0.0,-1.1175544327798848e-06,0.0,0.0,0.0,7.948337237337623e-06,5.8521271061252145e-06,4.28725766703025e-06,7.527249738060216e-07,2.705655482573165e-07,0.0,-2.885532096751899e-06,0.0,0.0,-3.347406438936495e-07,0.0,0.0,1.779963240654783e-06,-4.236392802756166e-06,3.406188687654712e-06,0.0,3.962053926404847e-06,-1.7597425301805067e-07,-2.0578053258604705e-05,7.992055849512788e-06,7.154216564179877e-06,-8.226706043807843e-06,0.0,9.373880815712927e-07,3.576297060284096e-06
1996-01-31,0.0,0.0,0.0,0.0,0.0,0.0,0.0,2.7147057715987734e-06,8.00711650371657e-07,0.0,0.0,8.195002190399706e-07,0.0,4.054817286963227e-08,0.0,0.0,0.0,0.0,0.0,0.0,0.0,0.0,1.3286278599382397e-07,4.271374951940227e-08,0.0,0.0,0.0,0.0,0.0,-1.8584588338125254e-06,3.4235619079538067e-06,0.0,-1.1175544327798848e-06,0.0,0.0,0.0,2.6250403405500315e-06,2.048272345617714e-06,2.4332369835769784e-06,1.046086473610083e-06,2.705655482573165e-07,0.0,3.9699982019390926e-06,0.0,0.0,4.502728672506796e-06,7.473914528760861e-08,-9.973910881244944e-07,1.779963240654783e-06,-4.236392802756166e-06,2.215311670624403e-06,-2.2831593255218603e-07,2.1142698850565633e-06,-9.636123874248439e-07,-2.0578053258604705e-05,2.6499771386959387e-06,3.585431539719327e-06,-5.868543586790158e-06,0.0,9.373880815712927e-07,2.1023819676614738e-06
1996-02-29,0.0,0.0,0.0,0.0,0.0,0.0,0.0,2.7147057715987734e-06,8.00711650371657e-07,0.0,0.0,8.195002190399706e-07,0.0,1.5435147140047696e-07,0.0,0.0,0.0,0.0,0.0,0.0,1.2060609763680412e-06,0.0,8.535362888214803e-07,2.0992506560825685e-06,4.936190611433412e-07,0.0,3.7160079431313933e-07,0.0,0.0,-1.8584588338125254e-06,0.0,0.0,-1.1175544327798848e-06,0.0,0.0,-1.541966530754539e-06,2.6250403405500315e-06,2.048272345617714e-06,2.4332369835769784e-06,1.5245220886658033e-06,2.705655482573165e-07,0.0,-1.8280201543236961e-06,0.0,0.0,-6.971831022377844e-07,1.2264543188746832e-06,-6.924977925884995e-07,1.779963240654783e-06,-4.236392802756166e-06,3.021763624247388e-06,-2.2831593255218603e-07,3.193940996378031e-06,-9.636123874248439e-07,-2.0578053258604705e-05,2.6499771386959387e-06,5.203398000302622e-06,-7.92568204651124e-06,0.0,9.373880815712927e-07,2.1023819676614738e-06
1996-03-29,0.0,0.0,0.0,0.0,0.0,0.0,0.0,2.7147057715987734e-06,8.00711650371657e-07,0.0,0.0,8.195002190399706e-07,0.0,8.711249479714507e-07,0.0,0.0,0.0,0.0,0.0,0.0,1.2060609763680412e-06,0.0,4.956812193791024e-07,9.619720768027261e-07,8.500025353754636e-07,5.412572993298314e-07,5.939847175522401e-07,1.1204166692471545e-07,3.008018072995151e-06,-1.8584588338125254e-06,0.0,0.0,-1.587121433546367e-06,0.0,0.0,-1.541966530754539e-06,2.6250403405500315e-06,2.048272345617714e-06,1.480229951314733e-06,1.5245220886658033e-06,7.546371617074682e-07,0.0,-1.8280201543236961e-06,0.0,0.0,-4.732910304088638e-07,-2.8331656845918413e-06,-4.6506098499159395e-06,1.779963240654783e-06,-4.236392802756166e-06,1.4743428783696421e-06,-2.2831593255218603e-07,3.193940996378031e-06,-3.4241650972350386e-06,-2.0578053258604705e-05,2.6499771386959387e-06,5.203398000302622e-06,-7.92568204651124e-06,0.0,3.2225667307674005e-07,2.1023819676614738e-06
1996-04-30,0.0,0.0,0.0,0.0,0.0,0.0,0.0,1.4433683676674958e-06,8.00711650371657e-07,0.0,0.0,8.195002190399706e-07,0.0,3.645356913697714e-07,0.0,0.0,0.0,0.0,0.0,0.0,6.925958213906118e-07,0.0,1.9765919773438782e-07,0.0,2.545730696057316e-07,1.1149321620171184e-07,2.0364794265239534e-07,0.0,1.9271573147302427e-06,-9.870214854936952e-07,0.0,0.0,-8.646601275111241e-07,0.0,0.0,-1.0757012350487663e-06,7.77434993470003e-07,7.304786953591528e-07,1.480229951314733e-06,7.974956828099472e-07,7.546371617074682e-07,0.0,-1.8280201543236961e-06,1.5572032191767586e-06,0.0,-1.6908066980268478e-07,-1.2006072785504117e-06,-2.131473243428494e-06,1.181291445152699e-06,-8.909557548037821e-07,1.4743428783696421e-06,-1.0455777628855024e-08,4.461614830515764e-07,-1.6308819026290887e-06,0.0,2.6499771386959387e-06,5.58166218965653e-07,4.236912960919334e-07,2.677443587482332e-07,5.082241864078099e-07,3.2788629717895034e-07
1996-05-31,0.0,0.0,0.0,0.0,0.0,0.0,0.0,2.1075025399943707e-06,8.00711650371657e-07,0.0,0.0,8.195002190399706e-07,0.0,0.0,0.0,0.0,0.0,0.0,0.0,0.0,1.0852248230584802e-06,0.0,8.123224243331616e-07,-3.81792330231348e-06,-2.993770670181086e-06,-2.6681512775268014e-06,-1.9398557461351873e-06,-1.3136951695684605e-06,2.7973177824034734e-06,-9.870214854936952e-07,4.107393415289609e-06,0.0,-1.2326533871228082e-06,0.0,0.0,-1.6068809270127743e-06,1.4495913467259678e-06,1.1270754847019845e-06,2.488483830365797e-06,1.4293413524975375e-06,1.2178828389990241e-06,0.0,-4.713885643004136e-06,-5.103480719986882e-08,0.0,0.0,-2.3440686105674367e-06,-4.288581843694911e-06,0.0,-8.909557548037821e-07,1.4743428783696421e-06,0.0,7.717414252749103e-07,-2.308592521737081e-06,1.3369097936241321e-05,4.470975864807128e-06,1.1818292681932208e-06,-4.051750222926376e-06,5.079581954064964e-07,6.901771255397719e-07,8.775135261208992e-07
1996-06-28,0.0,0.0,0.0,0.0,0.0,0.0,0.0,3.212253777055337e-06,5.034774359181194e-07,0.0,0.0,8.195002190399706e-07,0.0,1.7479974210527874e-06,0.0,0.0,0.0,0.0,0.0,0.0,1.5656966354754776e-06,0.0,1.4177354971543583e-07,-6.3801778170347925e-06,-4.307439247737275e-06,-3.843553099708649e-06,-2.808596744209312e-06,-1.9560878665562317e-06,3.766172427424566e-06,-2.327584538306289e-06,-8.55651347553313e-06,0.0,-1.2326533871228082e-06,0.0,0.0,-2.167779885141774e-06,2.5596900409547236e-06,1.7001654893877172e-06,3.923323741462303e-06,2.4065803730521148e-06,1.9640764574469683e-06,0.0,-7.158274000623818e-06,-4.5647816735223245e-07,0.0,-2.2830972740889594e-07,-2.3440686105674367e-06,5.661361967462088e-06,-1.9116841045971754e-06,-1.5749423745258882e-06,2.093672704027699e-06,0.0,1.2809938588138969e-06,-3.7514165107430166e-06,1.838255945441725e-05,3.3245247707305265e-06,2.2743099263205382e-06,-5.864554434183649e-06,1.9344398948603205e-06,1.3316674727835659e-06,1.4844645653172723e-06
1996-07-31,0.0,0.0,0.0,0.0,0.0,0.0,0.0,1.809542334442636e-06,5.034774359181194e-07,0.0,0.0,8.195002190399706e-07,0.0,-1.6344254862021015e-06,0.0,0.0,0.0,0.0,0.0,0.0,1.5656966354754776e-06,0.0,0.0,7.493421972860484e-07,-2.8883021898268953e-06,4.4695361173973445e-07,3.8372923456113554e-07,4.614805336454822e-07,1.8355711627808024e-06,-1.6583363220582461e-06,-5.5782544280195265e-06,0.0,-1.2326533871228082e-06,3.1847328939221368e-06,0.0,-1.0052273918718083e-06,2.5596900409547236e-06,1.7001654893877172e-06,3.923323741462303e-06,2.4065803730521148e-06,7.79564881336671e-07,0.0,-5.063874897089871e-06,-4.5647816735223245e-07,0.0,-3.193626138400916e-07,-2.3440686105674367e-06,-4.261202825164546e-06,-1.9116841045971754e-06,-1.5749423745258882e-06,1.3042128861490072e-06,0.0,1.2809938588138969e-06,-3.7514165107430166e-06,1.0705045368067603e-05,3.3245247707305265e-06,2.2743099263205382e-06,-3.407116152125785e-06,1.9344398948603205e-06,1.3316674727835659e-06,1.4844645653172723e-06
1996-08-30,0.0,0.0,0.0,0.0,0.0,0.0,0.0,2.4642015950300735e-06,9.252315296129811e-07,0.0,0.0,8.195002190399706e-07,0.0,-2.2471466453148537e-06,0.0,0.0,0.0,0.0,0.0,0.0,1.5656966354754776e-06,0.0,1.6985900446612168e-06,3.5661419777513146e-06,-2.8883021898268953e-06,-2.5783039863783576e-06,-2.03963893366395e-06,-1.2859057301681755e-06,3.1416369588800513e-06,3.479877436337099e-06,-8.559603117389397e-06,0.0,-1.9142695683206123e-06,4.329444216765245e-06,0.0,-1.4987651919678294e-06,2.5596900409547236e-06,2.3620988336817532e-06,3.923323741462303e-06,2.4065803730521148e-06,1.1230405100967736e-06,0.0,-5.063874897089871e-06,-1.1334685375539516e-06,0.0,0.0,-2.3440686105674367e-06,-4.261202825164546e-06,-1.9116841045971754e-06,3.242978902002632e-06,2.354777843553737e-06,9.738501826551379e-07,2.3949886130679846e-06,-3.7514165107430166e-06,1.6460073326956034e-05,6.5928611481733615e-06,2.2743099263205382e-06,-5.20678743334352e-06,3.483419144677509e-06,1.8678201169052597e-06,2.326945940156246e-06
1996-09-30,0.0,0.0,0.0,0.0,0.0,0.0,0.0,2.4642015950300735e-06,9.252315296129811e-07,0.0,0.0,8.195002190399706e-07,0.0,1.53229379719718e-06,0.0,0.0,0.0,0.0,0.0,0.0,1.5656966354754776e-06,0.0,8.071248224694322e-07,1.901289943033076e-06,-2.8883021898268953e-06,-2.5783039863783576e-06,-2.03963893366395e-06,-1.2859057301681755e-06,1.9189522886903677e-06,-3.209861099007273e-06,-8.559603117389397e-06,0.0,-1.1237742741609778e-06,4.329444216765245e-06,0.0,-1.4987651919678294e-06,1.8424526316784627e-06,2.3620988336817532e-06,2.0672365858644953e-06,1.585051658865845e-06,1.1230405100967736e-06,0.0,-5.063874897089871e-06,-1.1334685375539516e-06,0.0,-7.759235478023182e-06,-2.3440686105674367e-06,-4.261202825164546e-06,-1.9116841045971754e-06,3.242978902002632e-06,2.354777843553737e-06,9.738501826551379e-07,2.3949886130679846e-06,1.2927278939707794e-06,1.6460073326956034e-05,3.541264947821219e-06,2.2743099263205382e-06,-5.20678743334352e-06,3.483419144677509e-06,1.8678201169052597e-06,2.326945940156246e-06
1996-10-31,0.0,0.0,0.0,0.0,0.0,0.0,0.0,2.4642015950300735e-06,9.252315296129811e-07,0.0,0.0,8.195002190399706e-07,0.0,1.53229379719718e-06,0.0,0.0,0.0,0.0,0.0,0.0,8.743831704088076e-07,0.0,8.071248224694322e-07,1.901289943033076e-06,-2.8883021898268953e-06,-2.5783039863783576e-06,-2.03963893366395e-06,-1.2859057301681755e-06,2.8994218519447927e-06,1.3940913560759874e-06,0.0,0.0,-1.1237742741609778e-06,1.9248822136438168e-06,0.0,-1.4987651919678294e-06,1.8424526316784627e-06,1.459322375730866e-06,1.3266463685689806e-06,9.086519929620275e-07,1.1230405100967736e-06,0.0,-5.063874897089871e-06,-6.975488388451648e-07,0.0,-7.759235478023182e-06,-2.3440686105674367e-06,-4.261202825164546e-06,-1.3998260500779486e-06,-3.041441669220454e-06,2.354777843553737e-06,9.738501826551379e-07,2.3949886130679846e-06,-3.696184486100209e-06,-8.874156210492351e-06,3.541264947821219e-06,3.3228567051391077e-06,-5.20678743334352e-06,2.2534640720004356e-06,1.8678201169052597e-06,0.0
1996-11-29,0.0,0.0,0.0,0.0,0.0,0.0,0.0,1.5818229078616504e-06,0.0,0.0,0.0,8.195002190399706e-07,0.0,1.53229379719718e-06,0.0,0.0,0.0,0.0,0.0,0.0,8.743831704088076e-07,0.0,1.6750222953349189e-06,4.030251459300802e-06,3.711270724021914e-06,-2.5783039863783576e-06,-2.03963893366395e-06,-1.2859057301681755e-06,2.166469740218874e-06,1.3940913560759874e-06,0.0,0.0,-1.1237742741609778e-06,1.9248822136438168e-06,0.0,-1.4987651919678294e-06,1.8424526316784627e-06,1.459322375730866e-06,1.3266463685689806e-06,9.086519929620275e-07,4.894959335584526e-07,0.0,-5.063874897089871e-06,-1.4536855364364782e-06,0.0,-7.759235478023182e-06,0.0,-4.261202825164546e-06,-1.3998260500779486e-06,0.0,2.354777843553737e-06,9.738501826551379e-07,2.3949886130679846e-06,2.5276514631342367e-06,-8.874156210492351e-06,3.541264947821219e-06,3.3228567051391077e-06,-5.20678743334352e-06,2.2534640720004356e-06,1.8678201169052597e-06,0.0
1996-12-31,0.0,0.0,0.0,0.0,0.0,0.0,0.0,1.5818229078616504e-06,0.0,0.0,0.0,-3.706203502878516e-07,0.0,1.53229379719718e-06,0.0,0.0,0.0,0.0,0.0,0.0,8.743831704088076e-07,0.0,1.6750222953349189e-06,4.030251459300802e-06,-3.40825362571596e-06,-2.5783039863783576e-06,-2.03963893366395e-06,-1.2859057301681755e-06,4.902483023087163e-07,6.754014028243366e-07,-5.0632661236713815e-06,0.0,-1.1237742741609778e-06,3.0496657410550376e-06,0.0,-8.693255828268869e-07,1.8424526316784627e-06,1.459322375730866e-06,1.3266463685689806e-06,9.086519929620275e-07,1.4519391711804573e-07,0.0,-5.063874897089871e-06,-1.4536855364364782e-06,0.0,-7.759235478023182e-06,-1.8142087807960426e-06,-5.817728570192745e-06,-2.188408016463768e-06,0.0,2.354777843553737e-06,9.738501826551379e-07,2.3949886130679846e-06,2.5276514631342367e-06,-1.2751732187196817e-05,3.541264947821219e-06,4.988684815406793e-06,-5.20678743334352e-06,2.2534640720004356e-06,-1.313372708490503e-08,0.0
1997-01-31,0.0,0.0,0.0,0.0,0.0,0.0,0.0,1.5818229078616504e-06,-1.823076073463522e-07,0.0,0.0,-2.7628877439850914e-07,0.0,2.343416104879032e-06,0.0,0.0,0.0,0.0,0.0,0.0,8.743831704088076e-07,0.0,1.6750222953349189e-06,4.030251459300802e-06,-3.40825362571596e-06,-2.5783039863783576e-06,-2.03963893366395e-06,-1.2859057301681755e-06,4.902483023087163e-07,6.754014028243366e-07,0.0,0.0,-1.1237742741609778e-06,3.0496657410550376e-06,0.0,-8.693255828268869e-07,1.8424526316784627e-06,1.459322375730866e-06,1.3266463685689806e-06,1.3123814296627694e-06,2.0362203851569507e-07,0.0,-1.9909750925266935e-06,1.8834910823923957e-06,0.0,-7.759235478023182e-06,-1.8142087807960426e-06,-5.817728570192745e-06,-2.188408016463768e-06,0.0,2.354777843553737e-06,7.285633156787396e-07,0.0,3.900839689743047e-06,-1.2751732187196817e-05,3.541264947821219e-06,4.988684815406793e-06,-5.20678743334352e-06,3.047456378925483e-06,2.128644853141169e-06,0.0
1997-02-28,0.0,0.0,0.0,0.0,0.0,0.0,0.0,1.5818229078616504e-06,-8.411414243335053e-08,0.0,0.0,-2.7628877439850914e-07,0.0,2.343416104879032e-06,0.0,0.0,0.0,0.0,0.0,0.0,8.743831704088076e-07,0.0,1.6750222953349189e-06,4.030251459300802e-06,4.310948062466524e-06,-1.8472343169993388e-06,2.56214665798176e-06,1.6573909973523192e-06,2.1726568993010304e-06,1.1981490334438757e-06,-3.9951128893655715e-06,0.0,-1.1237742741609778e-06,1.5286554863289412e-06,0.0,-1.450665643122269e-06,1.8424526316784627e-06,1.459322375730866e-06,7.926990631789752e-07,1.3123814296627694e-06,3.3180104346829563e-07,0.0,-1.9909750925266935e-06,1.8834910823923957e-06,0.0,-2.972838203529913e-06,-1.8142087807960426e-06,-5.817728570192745e-06,-2.188408016463768e-06,0.0,2.354777843553737e-06,3.6119129558151894e-07,3.000937884039557e-06,3.900839689743047e-06,1.7142700100373483e-05,5.136128113995305e-07,4.988684815406793e-06,-5.20678743334352e-06,3.047456378925483e-06,2.128644853141169e-06,0.0
1997-03-31,0.0,0.0,0.0,0.0,0.0,0.0,0.0,1.5818229078616504e-06,0.0,0.0,0.0,-1.0211077279150666e-07,0.0,2.343416104879032e-06,0.0,0.0,0.0,0.0,0.0,0.0,8.743831704088076e-07,0.0,1.6750222953349189e-06,6.3951089942076995e-06,4.310948062466524e-06,4.755851321009386e-06,2.56214665798176e-06,1.6573909973523192e-06,4.3770527153526073e-07,1.1981490334438757e-06,-3.9951128893655715e-06,0.0,-1.1237742741609778e-06,2.3887007564863666e-06,0.0,-1.450665643122269e-06,1.8424526316784627e-06,1.459322375730866e-06,1.0708955967330796e-06,1.3123814296627694e-06,5.942799806620152e-07,0.0,-1.9909750925266935e-06,1.8834910823923957e-06,2.1840752317313685e-06,-2.972838203529913e-06,-1.8142087807960426e-06,-2.6095846418281103e-06,-2.188408016463768e-06,1.6393297175195914e-06,1.5226373688583578e-06,2.2620187887348924e-07,0.0,3.900839689743047e-06,-8.148464374485614e-06,0.0,0.0,-3.1003201310116603e-06,1.74502842325629e-06,1.3955570485990266e-06,0.0
1997-04-30,0.0,0.0,0.0,0.0,0.0,0.0,0.0,1.5818229078616504e-06,0.0,0.0,0.0,0.0,0.0,2.343416104879032e-06,0.0,0.0,0.0,0.0,0.0,0.0,8.743831704088076e-07,0.0,1.6750222953349189e-06,6.3951089942076995e-06,4.310948062466524e-06,3.4656039561373467e-06,2.56214665798176e-06,1.6573909973523192e-06,-2.1662844738326307e-06,8.596246328821178e-07,-3.9951128893655715e-06,0.0,-7.813430398151435e-07,2.3887007564863666e-06,0.0,-1.073400518693503e-06,1.3710207131632374e-06,7.083963277472994e-07,1.7041772260692514e-06,8.261377716142228e-07,5.942799806620152e-07,0.0,-3.1126023500418887e-06,-1.745242308545569e-06,2.1840752317313685e-06,-2.972838203529913e-06,-1.8142087807960426e-06,-2.6095846418281103e-06,-2.188408016463768e-06,0.0,1.5226373688583578e-06,2.2620187887348924e-07,-1.0770169672479014e-06,3.900839689743047e-06,0.0,1.9581716339109107e-06,0.0,-3.1003201310116603e-06,1.74502842325629e-06,1.0000316960331613e-06,-1.9064315249069068e-06
1997-05-30,0.0,0.0,0.0,0.0,0.0,0.0,0.0,1.5818229078616504e-06,0.0,0.0,0.0,-8.752354539038143e-08,0.0,2.343416104879032e-06,0.0,0.0,0.0,0.0,0.0,0.0,1.6860515924881494e-07,0.0,1.6750222953349189e-06,6.3951089942076995e-06,4.310948062466524e-06,4.7694283206691576e-06,3.522671496769192e-06,1.6573909973523192e-06,-1.5192794909993684e-06,1.383333839735295e-06,-3.9951128893655715e-06,0.0,-7.813430398151435e-07,4.3497785118873635e-06,0.0,-1.073400518693503e-06,1.3710207131632374e-06,7.083963277472994e-07,2.281150045345392e-06,1.2246772508552476e-06,8.488274150611558e-07,0.0,-3.1126023500418887e-06,2.517287222651261e-06,1.0736187746221219e-06,-2.972838203529913e-06,-1.8142087807960426e-06,-3.7496714625307977e-06,-2.188408016463768e-06,0.0,2.1906370271487403e-06,1.0776440143584997e-07,-1.9948848559832383e-06,3.900839689743047e-06,-1.639975445683136e-05,6.381611774503166e-07,0.0,-3.1003201310116603e-06,1.74502842325629e-06,1.4123919325675616e-06,-1.9064315249069068e-06
1997-06-30,0.0,0.0,0.0,0.0,0.0,0.0,0.0,1.0447289213347785e-06,0.0,0.0,0.0,0.0,0.0,2.343416104879032e-06,0.0,0.0,0.0,0.0,0.0,0.0,2.7012081567293616e-07,0.0,1.6750222953349189e-06,4.253930357260177e-06,4.310948062466524e-06,4.7694283206691576e-06,3.522671496769192e-06,1.6573909973523192e-06,-2.0361151822795587e-06,1.383333839735295e-06,-2.8443132694755414e-06,0.0,-7.813430398151435e-07,4.3497785118873635e-06,0.0,-1.073400518693503e-06,1.0231539897704473e-06,7.083963277472994e-07,1.6818448208071342e-06,1.2246772508552476e-06,8.488274150611558e-07,0.0,-3.1126023500418887e-06,1.4398420028836543e-06,1.0736187746221219e-06,1.6031860481312225e-06,-1.8142087807960426e-06,5.229535801162196e-07,-2.188408016463768e-06,1.5660484191314715e-07,2.1906370271487403e-06,1.0776440143584997e-07,-1.9948848559832383e-06,3.900839689743047e-06,-1.1616758922156029e-05,0.0,-4.687954540230758e-06,-5.3517489806731135e-06,1.74502842325629e-06,0.0,-1.9064315249069068e-06
1997-07-31,0.0,0.0,0.0,0.0,0.0,0.0,0.0,6.489077429876805e-07,0.0,0.0,0.0,0.0,0.0,1.6010566739656403e-06,0.0,0.0,0.0,0.0,0.0,0.0,3.916355431111921e-07,0.0,1.6750222953349189e-06,4.253930357260177e-06,4.310948062466524e-06,4.7694283206691576e-06,3.522671496769192e-06,1.6573909973523192e-06,-2.0361151822795587e-06,1.383333839735295e-06,-2.8443132694755414e-06,0.0,-7.813430398151435e-07,1.946378733541428e-06,0.0,-1.073400518693503e-06,1.0231539897704473e-06,7.083963277472994e-07,1.6818448208071342e-06,1.2246772508552476e-06,6.185972340925055e-07,0.0,-1.3448616196135329e-06,1.4398420028836543e-06,0.0,1.6031860481312225e-06,-1.8142087807960426e-06,-2.665452952946532e-06,-2.188408016463768e-06,0.0,2.1906370271487403e-06,1.6535978508957893e-07,-1.9948848559832383e-06,3.900839689743047e-06,-8.243701151175044e-06,0.0,-3.177445912274478e-06,-3.341396629014487e-06,1.74502842325629e-06,9.775019368944316e-07,-2.6836117431847675e-06
1997-08-29,0.0,0.0,0.0,0.0,0.0,0.0,0.0,6.489077429876805e-07,0.0,0.0,0.0,-3.186127979266354e-08,0.0,1.1404021680928883e-06,0.0,0.0,0.0,0.0,0.0,0.0,2.3496827821892836e-07,0.0,1.6750222953349189e-06,4.253930357260177e-06,4.310948062466524e-06,2.2269880819753524e-06,1.47949651777471e-06,7.891189209389431e-07,-2.0361151822795587e-06,1.383333839735295e-06,-2.8443132694755414e-06,0.0,-7.813430398151435e-07,1.946378733541428e-06,0.0,-1.073400518693503e-06,-2.5156321815710123e-06,-2.0564030710912624e-06,-3.084634170349565e-06,-1.7646056206059401e-06,6.185972340925055e-07,0.0,-1.3448616196135329e-06,7.789075937868294e-07,0.0,1.6031860481312225e-06,-1.087378499436223e-06,5.029204927838597e-07,-2.188408016463768e-06,0.0,2.1906370271487403e-06,1.6535978508957893e-07,1.0203769648798827e-06,2.6958722706628697e-06,-8.243701151175044e-06,0.0,-2.36698605788268e-06,-3.341396629014487e-06,1.74502842325629e-06,9.775019368944316e-07,-2.6836117431847675e-06
1997-09-30,0.0,0.0,0.0,0.0,0.0,0.0,0.0,2.38875793935249e-07,0.0,0.0,0.0,0.0,0.0,1.6144480751339633e-06,0.0,0.0,0.0,0.0,0.0,0.0,4.898033815183469e-07,0.0,1.6750222953349189e-06,6.299253758047743e-06,4.310948062466524e-06,3.5440350008920356e-06,2.329569786495003e-06,1.2506246110373253e-06,-2.0361151822795587e-06,1.383333839735295e-06,-6.086696442244224e-06,0.0,-7.813430398151435e-07,3.475593468721737e-06,0.0,-1.6223672885646805e-06,-4.262168287418955e-06,-3.5025088274905437e-06,-4.671072003489613e-06,-2.739443959071124e-06,6.185972340925055e-07,0.0,-1.9739978428389536e-06,1.1487889712829586e-06,0.0,3.4314087597284327e-06,-1.5330892071024886e-06,3.14550064314362e-07,-2.188408016463768e-06,0.0,-2.9998780711911305e-06,3.809348782159476e-07,-4.190066983638875e-06,2.6958722706628697e-06,-1.9314139480019194e-05,0.0,-4.660725554641812e-06,-5.075369410781132e-06,2.534198792763718e-06,1.982609909927584e-06,-4.459911290901764e-06
1997-10-31,0.0,0.0,0.0,0.0,0.0,0.0,0.0,2.38875793935249e-07,-2.9574818026574388e-08,0.0,0.0,-9.768063798501452e-09,0.0,4.101736954829442e-07,0.0,0.0,0.0,0.0,0.0,0.0,4.898033815183469e-07,0.0,1.6750222953349189e-06,4.636652649657226e-06,4.310948062466524e-06,3.5440350008920356e-06,2.329569786495003e-06,1.2506246110373253e-06,-1.140631779366512e-06,1.383333839735295e-06,-6.086696442244224e-06,0.0,-7.813430398151435e-07,1.9012070838695706e-07,0.0,-1.184099941795949e-06,-2.104766916417582e-06,-2.004774086657666e-06,-3.2573004093126274e-06,-2.739443959071124e-06,6.185972340925055e-07,0.0,-1.3548426646890087e-06,5.726050538314792e-07,0.0,3.4314087597284327e-06,-1.5330892071024886e-06,0.0,-3.1226463392764042e-06,8.628221443596597e-08,-2.9998780711911305e-06,3.809348782159476e-07,-4.190066983638875e-06,2.6958722706628697e-06,-1.9314139480019194e-05,0.0,1.8783907270219572e-06,-5.075369410781132e-06,2.534198792763718e-06,1.982609909927584e-06,-4.459911290901764e-06
1997-11-28,0.0,0.0,0.0,0.0,0.0,0.0,0.0,3.549225474725029e-07,-2.705064891105924e-07,0.0,0.0,-2.988287349442801e-07,0.0,9.077428071787895e-07,0.0,0.0,0.0,0.0,0.0,0.0,0.0,0.0,2.5098969016711736e-06,7.854753223941594e-06,4.310948062466524e-06,1.4025213992207825e-06,4.24224622067509e-06,7.093909803549101e-07,-1.6499371112578497e-06,2.1177468074425117e-06,-6.086696442244224e-06,0.0,-1.570378751058002e-06,4.138855026142862e-07,0.0,-1.8874275585328917e-06,-2.885444247692509e-06,-2.7023818496450595e-06,-3.2573004093126274e-06,-2.739443959071124e-06,-9.197092598769136e-07,0.0,-8.391114625342281e-07,-3.3579932869104917e-06,0.0,3.4314087597284327e-06,2.470568735793378e-06,-5.8314424657246155e-06,-3.1226463392764042e-06,4.113770347087981e-06,-2.9998780711911305e-06,5.963734908634517e-07,-4.190066983638875e-06,2.6958722706628697e-06,1.9667540299680674e-05,0.0,2.7655062649985903e-06,-5.075369410781132e-06,2.534198792763718e-06,1.982609909927584e-06,-4.459911290901764e-06
1997-12-31,0.0,0.0,0.0,0.0,0.0,0.0,0.0,2.3483686474286238e-07,-1.5879181714733224e-08,0.0,0.0,-6.034647065248516e-08,0.0,9.077428071787895e-07,0.0,4.034206449108232e-06,0.0,0.0,0.0,0.0,0.0,0.0,2.5098969016711736e-06,7.854753223941594e-06,6.3169236866107524e-06,2.6865012638705212e-06,4.24224622067509e-06,7.093909803549101e-07,-1.6499371112578497e-06,0.0,-6.086696442244224e-06,0.0,-1.137885430036085e-06,5.955351720447373e-07,0.0,-1.8874275585328917e-06,-3.884338726470676e-06,-3.9358806662705735e-06,-4.796226824928874e-06,-2.739443959071124e-06,-9.197092598769136e-07,0.0,-8.391114625342281e-07,-3.3579932869104917e-06,0.0,3.4314087597284327e-06,1.5610633368565995e-06,3.511219262070884e-06,-4.328381248287796e-06,4.113770347087981e-06,-5.068769102990768e-06,5.963734908634517e-07,-5.750663593858323e-06,-5.74255492141971e-06,-2.7513334001579716e-05,0.0,-7.080233898016197e-06,-5.075369410781132e-06,3.4338497172166044e-06,2.7469249258286007e-06,-4.459911290901764e-06
1998-01-30,0.0,0.0,0.0,0.0,0.0,0.0,0.0,7.033419085082722e-08,0.0,0.0,0.0,0.0,0.0,9.077428071787895e-07,0.0,2.252825528706046e-06,0.0,0.0,0.0,0.0,0.0,0.0,1.4083791486793851e-06,4.6956190924872945e-06,2.803369898244796e-06,1.6610879747446426e-06,1.8865941838953245e-06,7.093909803549101e-07,-9.576145364402417e-07,1.0755252592830055e-06,-2.460595483113249e-06,0.0,-5.936633305660813e-07,1.261125486718377e-06,0.0,-1.0616029534280152e-06,-1.793754663750724e-06,-1.8946062544063573e-06,-2.5812696321489864e-06,-1.6841759592103977e-06,-9.197092598769136e-07,0.0,-1.3320486223575596e-06,-3.3579932869104917e-06,0.0,2.269351861179118e-06,8.185356150110669e-07,9.542301065114366e-07,-2.5208977933000396e-06,2.577767740803324e-06,-2.6574034762327164e-06,3.5753254965145006e-07,-2.9979608839874024e-06,-2.7619033903827386e-06,-1.7889972336879958e-05,0.0,-3.944261765235878e-06,-5.075369410781132e-06,2.2814552366101122e-06,1.8188310174055291e-06,-3.0796726643495276e-06
1998-02-27,0.0,0.0,0.0,0.0,0.0,0.0,0.0,0.0,-2.798948963031679e-08,0.0,0.0,0.0,0.0,1.549182056579513e-06,0.0,3.377564231119253e-06,0.0,0.0,0.0,0.0,0.0,0.0,1.9870725769691413e-06,6.635491326942801e-06,1.7741563364025743e-06,9.795053394351518e-07,4.6771403285972315e-07,3.853924525789042e-07,-1.338392343642659e-06,1.4551601090489042e-06,-2.460595483113249e-06,0.0,-9.36877866161522e-07,1.8845688025502024e-06,0.0,-1.0616029534280152e-06,-1.793754663750724e-06,-1.8946062544063573e-06,-3.5359678547462383e-06,-1.6841759592103977e-06,0.0,0.0,-1.3320486223575596e-06,-3.3579932869104917e-06,0.0,2.269351861179118e-06,5.419787312955027e-07,3.439390445471169e-06,-2.5208977933000396e-06,2.577767740803324e-06,-2.6574034762327164e-06,4.797425231814762e-07,-4.134184539407487e-06,-2.7619033903827386e-06,-1.7889972336879958e-05,-4.146313029412587e-06,-5.761543429414776e-06,-3.68797940841156e-06,3.300976540450535e-06,0.0,-3.0796726643495276e-06
1998-03-31,0.0,0.0,0.0,0.0,0.0,0.0,9.148940496022934e-07,0.0,-1.1287967886435718e-07,0.0,0.0,-1.5889553663809698e-07,0.0,7.895933442030987e-07,0.0,3.377564231119253e-06,0.0,0.0,0.0,0.0,1.1496051723624658e-06,0.0,1.0847119220517357e-06,2.8463233563189238e-06,1.7741563364025743e-06,9.795053394351518e-07,4.6771403285972315e-07,2.1277678567560538e-07,-1.338392343642659e-06,1.4551601090489042e-06,-1.4464115330924378e-06,0.0,-6.035419211653548e-07,9.775430667028981e-07,0.0,-1.0616029534280152e-06,-9.066995507854205e-07,-7.795372142003301e-07,-9.291094394153163e-07,-9.640406758295596e-07,0.0,0.0,-1.3320486223575596e-06,-2.1851746016688112e-06,0.0,2.269351861179118e-06,5.419787312955027e-07,3.439390445471169e-06,-1.2721298410319274e-06,2.577767740803324e-06,-2.6574034762327164e-06,4.797425231814762e-07,-4.134184539407487e-06,-2.7619033903827386e-06,2.806201299233952e-06,-4.146313029412587e-06,-3.7849110188345383e-06,4.105398471226588e-06,0.0,0.0,-3.0796726643495276e-06
1998-04-30,0.0,0.0,0.0,0.0,0.0,0.0,1.5523565775421806e-06,0.0,0.0,0.0,0.0,-2.18738358028555e-07,0.0,1.2002187568292938e-06,0.0,3.377564231119253e-06,0.0,0.0,0.0,0.0,1.6108453586436401e-06,0.0,2.263374261053009e-06,7.190671848924565e-06,3.054296158065199e-06,1.306989728425384e-06,1.2102701016836163e-06,3.336666555585422e-07,-2.0607637124489528e-06,2.028223191138165e-06,-3.2755607470328183e-06,0.0,-9.056863989958655e-07,1.86608682232899e-06,0.0,-1.7917338446249698e-06,-2.0643985869636006e-06,-1.8701564338314297e-06,-2.5117094708841824e-06,-2.0989196842806565e-06,-1.3431151327390392e-06,0.0,-2.4980741398954063e-06,-2.1851746016688112e-06,0.0,3.3251416695387456e-06,1.215288956531039e-06,3.439390445471169e-06,-1.7635749939411012e-06,-3.399832617529893e-06,-2.6574034762327164e-06,-5.745440746706233e-07,-4.134184539407487e-06,-4.003972084697388e-06,-1.2899716797864235e-05,-4.146313029412587e-06,-6.013719660429278e-06,4.105398471226588e-06,0.0,0.0,-5.015331052869533e-06
1998-05-29,0.0,0.0,0.0,0.0,0.0,0.0,1.5523565775421806e-06,0.0,0.0,0.0,0.0,-1.2208994867463267e-06,0.0,-2.553684751853662e-06,0.0,4.837760201147524e-06,0.0,0.0,0.0,0.0,1.6108453586436401e-06,0.0,3.7369701543273858e-06,1.2964891020037254e-05,1.2224703304858014e-06,0.0,0.0,0.0,-2.0607637124489528e-06,2.771185463944487e-06,-6.20616572857513e-06,0.0,-1.5261392986166937e-06,3.891825341462747e-06,0.0,-2.4635289015510956e-06,-3.0086444466216967e-06,-1.8701564338314297e-06,-3.4108759881990764e-06,-2.9779923504112054e-06,-1.815685373342284e-06,0.0,-4.437214880620694e-06,-2.1851746016688112e-06,0.0,0.0,1.7972983944320802e-06,3.439390445471169e-06,-2.810542036678841e-06,-3.399832617529893e-06,-2.6574034762327164e-06,-5.745440746706233e-07,-6.490268910970962e-06,-4.003972084697388e-06,1.8408838983608312e-05,-6.194831340644743e-06,-6.013719660429278e-06,5.631976860501338e-06,0.0,0.0,-5.015331052869533e-06
1998-06-30,0.0,0.0,0.0,0.0,0.0,0.0,-1.4234745208851913e-06,0.0,0.0,0.0,0.0,0.0,0.0,-1.3324362172291274e-06,0.0,4.837760201147524e-06,0.0,0.0,0.0,0.0,1.1353074922987265e-06,0.0,2.535359767788099e-06,1.7783927807148844e-06,1.2224703304858014e-06,0.0,0.0,0.0,-1.0733257636579175e-06,1.9475295089897697e-06,-2.130329618207582e-06,0.0,-4.912986156316834e-07,1.5674349330416912e-06,0.0,-1.8389736630189e-06,-3.0086444466216967e-06,-1.8701564338314297e-06,-3.4108759881990764e-06,-2.9779923504112054e-06,0.0,0.0,-2.627068582631892e-06,-2.1851746016688112e-06,0.0,-1.4153068086294295e-07,1.7972983944320802e-06,-7.498167925534753e-07,1.4680857982636004e-06,-1.796135954836246e-06,-2.6574034762327164e-06,-5.745440746706233e-07,-3.3510065034068928e-06,-4.003972084697388e-06,1.370553615571189e-06,-2.275303774425917e-06,-2.72835308069893e-06,3.460575001017441e-06,-1.6852933507402155e-06,-8.267396546753626e-07,-2.8210000195891833e-06
1998-07-31,0.0,0.0,0.0,0.0,0.0,0.0,-1.4234745208851913e-06,0.0,0.0,0.0,0.0,0.0,0.0,1.7273304240154279e-06,0.0,4.837760201147524e-06,0.0,0.0,0.0,0.0,1.5351402053746973e-06,0.0,4.268503219469635e-06,1.7783927807148844e-06,0.0,0.0,0.0,0.0,-1.509177583791361e-06,1.9475295089897697e-06,-2.130329618207582e-06,0.0,-6.897210997666196e-07,2.239684108113968e-06,0.0,-1.8389736630189e-06,-3.0086444466216967e-06,-2.541185077369915e-06,-4.635124832929976e-06,-2.9779923504112054e-06,-1.6049762025220401e-06,0.0,-4.555646218456646e-06,-3.081911936913644e-06,0.0,0.0,1.7972983944320802e-06,-3.3612644984004434e-06,0.0,-1.796135954836246e-06,-1.557894095940821e-06,-8.921266460534375e-07,-4.872419786109129e-06,-4.003972084697388e-06,-1.8381832487394533e-05,-3.305933651689789e-06,-4.2090677118394236e-06,-2.260856106062267e-06,-2.927175936564022e-06,-2.236205985433305e-06,-4.950422583101142e-06
1998-08-31,0.0,0.0,0.0,0.0,0.0,0.0,-1.4234745208851913e-06,0.0,0.0,0.0,0.0,0.0,0.0,-1.1711690650611806e-06,0.0,3.4940850338432196e-06,0.0,0.0,0.0,0.0,1.5351402053746973e-06,0.0,1.7546973923794265e-06,3.166717044538484e-06,0.0,0.0,0.0,0.0,-1.0953942353279666e-06,1.9475295089897697e-06,-2.130329618207582e-06,0.0,-1.0966193759245535e-06,-1.3710686706606374e-06,0.0,-1.1528086283075443e-06,-3.0086444466216967e-06,-2.541185077369915e-06,-4.635124832929976e-06,-2.9779923504112054e-06,-1.6049762025220401e-06,0.0,-4.555646218456646e-06,-3.081911936913644e-06,0.0,0.0,-1.4231899950829116e-06,-2.3654557223104276e-06,-2.0643716942985394e-08,-1.796135954836246e-06,-1.557894095940821e-06,-8.921266460534375e-07,-4.872419786109129e-06,-2.1440220942021123e-06,-1.8381832487394533e-05,-3.305933651689789e-06,-4.2090677118394236e-06,-2.260856106062267e-06,-2.927175936564022e-06,-2.236205985433305e-06,-4.950422583101142e-06
1998-09-30,0.0,0.0,0.0,0.0,0.0,0.0,-1.4234745208851913e-06,-4.508155914761852e-07,0.0,0.0,0.0,0.0,0.0,-1.1711690650611806e-06,0.0,1.802158566698454e-06,0.0,0.0,0.0,0.0,8.176617501748024e-07,0.0,3.779472535543298e-08,2.3235607237524956e-06,7.764679429933813e-07,0.0,3.256160985575196e-07,0.0,-1.0953942353279666e-06,1.1989644964851568e-06,-1.0389259722327093e-06,0.0,-4.379539861898424e-07,-7.12948765630282e-07,0.0,5.38987982559164e-07,-3.0086444466216967e-06,-2.541185077369915e-06,-3.216274614032525e-06,-1.9737151919787017e-06,-8.496203195528511e-07,0.0,-2.9384282925349795e-06,-3.081911936913644e-06,0.0,-2.0632918369478128e-06,-1.4231899950829116e-06,-1.7160007742259221e-06,1.5977305770411538e-06,-1.796135954836246e-06,-1.557894095940821e-06,-8.921266460534375e-07,-4.872419786109129e-06,-2.1440220942021123e-06,-1.8381832487394533e-05,-3.305933651689789e-06,-4.2090677118394236e-06,-7.80193343699326e-07,-2.927175936564022e-06,-2.236205985433305e-06,-4.950422583101142e-06
1998-10-30,0.0,0.0,0.0,0.0,0.0,0.0,-9.779994762521922e-07,0.0,0.0,0.0,0.0,0.0,0.0,1.1614235772910453e-06,0.0,1.0655955543269458e-06,0.0,0.0,0.0,0.0,3.373634280867477e-07,0.0,1.3435256659059825e-07,2.3235607237524956e-06,7.764679429933813e-07,1.1793168495193857e-07,5.088722712911613e-07,1.327009890840277e-07,-6.546031598590368e-07,0.0,-1.0389259722327093e-06,0.0,3.3291145902303795e-07,8.262851696722202e-07,0.0,-3.9930277008724754e-07,-2.061452392701988e-06,-1.8047518780037708e-06,-2.1401652950289116e-06,-1.9737151919787017e-06,-8.496203195528511e-07,0.0,-2.9384282925349795e-06,-3.081911936913644e-06,0.0,-2.0632918369478128e-06,-1.0398058075572246e-06,-3.3380050950974355e-06,-1.2382756770181657e-07,-1.796135954836246e-06,-1.557894095940821e-06,-5.607731565446687e-07,-2.446693390400047e-06,-2.1440220942021123e-06,-1.8381832487394533e-05,-3.305933651689789e-06,-4.2090677118394236e-06,-1.292281952825314e-07,-2.927175936564022e-06,-2.236205985433305e-06,-2.164888132551626e-06
1998-11-30,0.0,8.173734252116223e-07,0.0,0.0,0.0,0.0,-9.779994762521922e-07,0.0,0.0,0.0,0.0,0.0,0.0,1.1614235772910453e-06,0.0,1.8422917799347274e-06,0.0,0.0,0.0,0.0,5.979498029467349e-07,0.0,9.899513454228457e-07,2.3235607237524956e-06,3.974848701157767e-07,0.0,0.0,3.441826035793316e-07,-1.0643828750258175e-06,1.4191672546352918e-06,-1.0389259722327093e-06,0.0,3.3291145902303795e-07,1.6873224593927253e-06,0.0,-1.0117522050027018e-06,-2.061452392701988e-06,-1.8047518780037708e-06,-2.1401652950289116e-06,-1.9737151919787017e-06,-8.496203195528511e-07,0.0,-2.9384282925349795e-06,-3.081911936913644e-06,0.0,3.0754174609246568e-06,-6.719126600645472e-07,-2.001719481940334e-06,-4.191992625503159e-07,-2.8046588727161222e-06,-2.1125824273032715e-06,-5.607731565446687e-07,-2.446693390400047e-06,-2.1440220942021123e-06,-7.656684852678244e-06,-3.305933651689789e-06,-4.2090677118394236e-06,0.0,-2.927175936564022e-06,-2.236205985433305e-06,-2.164888132551626e-06
1998-12-31,0.0,8.173734252116223e-07,0.0,0.0,0.0,0.0,-9.779994762521922e-07,8.249806326076119e-08,0.0,0.0,0.0,0.0,0.0,5.483335226529844e-07,0.0,1.8422917799347274e-06,0.0,0.0,0.0,0.0,1.025689529839059e-06,0.0,0.0,1.0341881817657251e-07,6.243883277262769e-08,0.0,0.0,3.441826035793316e-07,-1.0643828750258175e-06,1.4191672546352918e-06,-2.96840883244953e-07,0.0,6.904419740737222e-07,2.323997187581067e-06,0.0,8.404294769457863e-07,-2.061452392701988e-06,-1.8047518780037708e-06,-2.1401652950289116e-06,-1.9737151919787017e-06,-8.496203195528511e-07,0.0,-4.113346462272561e-06,-3.081911936913644e-06,0.0,-3.4954153522387077e-06,-6.719126600645472e-07,-2.001719481940334e-06,-2.3604333658194016e-07,-1.900592567001101e-06,-1.5718715488978076e-06,-8.268720355322546e-07,-4.350947222760087e-06,-2.1440220942021123e-06,-2.006476974041694e-05,-4.893972590324657e-06,-7.106607619324787e-06,0.0,-2.927175936564022e-06,-2.236205985433305e-06,-3.9126111256275956e-06
1999-01-29,0.0,8.173734252116223e-07,0.0,0.0,0.0,0.0,-9.779994762521922e-07,1.3846747542466774e-07,0.0,0.0,0.0,0.0,0.0,5.483335226529844e-07,0.0,2.5415843472373666e-06,0.0,0.0,0.0,0.0,1.025689529839059e-06,0.0,1.1540522417385585e-07,0.0,0.0,0.0,0.0,2.411409943249305e-07,-1.0643828750258175e-06,1.4191672546352918e-06,0.0,0.0,6.904419740737222e-07,6.862567261417504e-07,0.0,-7.10795503592107e-07,-2.061452392701988e-06,-1.8047518780037708e-06,-2.1401652950289116e-06,-1.9737151919787017e-06,-8.496203195528511e-07,0.0,-4.113346462272561e-06,-3.081911936913644e-06,0.0,-3.4954153522387077e-06,-6.719126600645472e-07,-4.692553783669903e-06,-6.038190836601777e-07,-1.900592567001101e-06,-1.1098235490747152e-06,-8.268720355322546e-07,-4.350947222760087e-06,-2.1440220942021123e-06,-2.006476974041694e-05,-2.5495585914665393e-06,-7.106607619324787e-06,0.0,-4.017661867158754e-06,-2.236205985433305e-06,-3.9126111256275956e-06
1999-02-26,0.0,8.173734252116223e-07,0.0,0.0,0.0,0.0,-9.779994762521922e-07,9.015001052085719e-08,0.0,0.0,0.0,0.0,0.0,5.483335226529844e-07,0.0,2.5415843472373666e-06,0.0,0.0,0.0,0.0,0.0,0.0,7.786523006544013e-07,1.8104292860745482e-06,0.0,0.0,0.0,9.293766461961634e-07,-1.0643828750258175e-06,-8.6906634145645e-08,-4.6428554185351403e-07,0.0,2.3745920818927438e-07,1.239485190455429e-06,0.0,-1.1046447406043178e-06,-2.061452392701988e-06,-1.8047518780037708e-06,-2.9395097324437365e-06,-1.9737151919787017e-06,-1.3032844132344242e-06,0.0,-4.113346462272561e-06,-3.081911936913644e-06,0.0,-3.4954153522387077e-06,0.0,-3.5486879289405716e-09,0.0,-1.900592567001101e-06,-1.1098235490747152e-06,-8.268720355322546e-07,-4.350947222760087e-06,-2.1440220942021123e-06,-9.551823730527838e-06,-2.5495585914665393e-06,-7.106607619324787e-06,-3.2434256633243745e-07,-4.017661867158754e-06,-2.236205985433305e-06,-3.9126111256275956e-06
1999-03-31,0.0,6.032839461788e-07,2.729940772006938e-07,0.0,0.0,0.0,-9.779994762521922e-07,-4.2219438889234887e-07,-3.1141160711823485e-08,0.0,0.0,0.0,0.0,9.203102801013753e-07,0.0,2.5415843472373666e-06,0.0,0.0,0.0,0.0,1.1238498781734287e-07,0.0,1.822012119217444e-07,0.0,0.0,0.0,0.0,9.293766461961634e-07,-7.595234111014428e-07,-9.425358346440467e-07,0.0,0.0,4.999070447877074e-07,1.239485190455429e-06,0.0,-6.123317460030672e-07,-2.061452392701988e-06,-1.8047518780037708e-06,-1.4220598167507164e-06,-1.085920525599061e-06,-9.597951853545099e-07,0.0,-1.8722197042668649e-06,-1.4250129929422806e-06,0.0,-2.573475673458936e-06,0.0,-3.125359333275936e-06,0.0,-1.900592567001101e-06,-1.1098235490747152e-06,-5.677094283964701e-07,-1.6027081416581053e-06,-1.479315753816686e-06,-4.3679729666131146e-06,-2.5495585914665393e-06,-3.3203185743284625e-06,-4.421391969512385e-07,-2.8014017011807565e-06,-1.3394612281902722e-06,-1.6059655512032062e-06
1999-04-30,0.0,8.98690583884768e-07,8.946565933384435e-07,0.0,0.0,0.0,1.2808991725682414e-06,5.77875806833332e-07,6.973021377517013e-07,0.0,0.0,7.898790767309197e-07,0.0,9.203102801013753e-07,0.0,2.5415843472373666e-06,0.0,0.0,0.0,0.0,3.027447835220293e-07,0.0,1.822012119217444e-07,0.0,0.0,0.0,0.0,9.293766461961634e-07,1.8460080074922127e-06,1.2333336894759066e-06,0.0,0.0,8.372002500375051e-07,2.4010599871255464e-06,0.0,-8.924480034854478e-07,-2.061452392701988e-06,-1.8047518780037708e-06,-2.298714075963106e-06,-1.085920525599061e-06,-1.5623679168723916e-06,0.0,-3.285393443103737e-06,-1.4250129929422806e-06,0.0,-4.33522118171393e-06,0.0,-3.125359333275936e-06,0.0,-3.3225950171228975e-06,-2.0267473374708793e-06,-8.937899132588674e-07,-2.5596848024816208e-06,-1.9775591316005324e-06,-6.91656736106288e-06,-1.8036548526669143e-06,-4.9733482524713844e-06,-1.1869478531995327e-06,-4.31108595228712e-06,-2.716274648237539e-06,-2.8586517993603795e-06
1999-05-31,0.0,8.98690583884768e-07,0.0,0.0,0.0,0.0,1.2808991725682414e-06,5.77875806833332e-07,4.393323602235028e-07,0.0,0.0,7.898790767309197e-07,0.0,9.203102801013753e-07,0.0,-2.830227789699502e-06,0.0,0.0,0.0,0.0,5.365715282639451e-07,0.0,-1.9469915091249786e-06,2.743107756735341e-06,0.0,-3.4459208583802034e-06,-2.3845529098808035e-06,-9.96714585965492e-07,1.8460080074922127e-06,-2.0429649625597117e-06,0.0,0.0,0.0,2.4010599871255464e-06,0.0,-1.9862191099300387e-06,1.6256847146701612e-06,1.6680726036753199e-06,-2.298714075963106e-06,-1.085920525599061e-06,-1.5623679168723916e-06,0.0,-1.6763495773687171e-06,-2.37488579127301e-06,0.0,0.0,0.0,-5.326205974761229e-06,0.0,-3.3225950171228975e-06,-2.0267473374708793e-06,-8.937899132588674e-07,-4.123220980580098e-06,-1.9775591316005324e-06,-1.736463628649302e-05,-1.273398416727327e-06,-7.2974836230123874e-06,-1.1869478531995327e-06,-4.31108595228712e-06,-3.840049847448271e-06,-4.471596276221762e-06
1999-06-30,0.0,1.2374737098348308e-06,0.0,0.0,0.0,0.0,9.202580836855214e-07,8.797803960786342e-07,4.393323602235028e-07,0.0,0.0,1.0747939152071876e-06,0.0,0.0,0.0,-2.830227789699502e-06,0.0,0.0,0.0,0.0,5.365715282639451e-07,0.0,-1.9469915091249786e-06,-3.937493842894055e-06,-4.151702141544928e-06,-3.4459208583802034e-06,-2.3845529098808035e-06,-9.96714585965492e-07,1.8460080074922127e-06,-2.0429649625597117e-06,3.4033039023956292e-06,0.0,6.64557427147361e-07,2.4010599871255464e-06,0.0,-1.9862191099300387e-06,2.4682711990547416e-06,2.2421161429095148e-06,-2.298714075963106e-06,1.7268239231973282e-06,-1.5623679168723916e-06,0.0,-2.359540642069654e-06,-2.37488579127301e-06,0.0,-5.518065336738789e-06,0.0,-1.238976830976389e-06,-1.943150900602686e-06,-3.3225950171228975e-06,-2.0267473374708793e-06,-8.937899132588674e-07,-4.123220980580098e-06,-1.4043856113015696e-06,0.0,-1.273398416727327e-06,-4.312942787750589e-06,0.0,-4.31108595228712e-06,-3.840049847448271e-06,-4.471596276221762e-06
1999-07-30,0.0,1.2374737098348308e-06,7.391597394533505e-07,0.0,0.0,0.0,4.6305773962385085e-07,5.126024939893952e-07,4.393323602235028e-07,0.0,0.0,7.407813463304091e-07,0.0,1.423669779653289e-07,0.0,-1.6294564852957691e-06,0.0,0.0,0.0,0.0,-9.610870853325426e-07,0.0,-1.3232283513290174e-06,4.0312465285172126e-06,-4.151702141544928e-06,-3.4459208583802034e-06,-2.3845529098808035e-06,-9.96714585965492e-07,1.8460080074922127e-06,2.792000850261376e-07,3.4033039023956292e-06,0.0,6.64557427147361e-07,2.4010599871255464e-06,0.0,-1.1012923335227834e-06,2.4682711990547416e-06,2.2421161429095148e-06,2.3842529385245103e-06,1.7268239231973282e-06,-1.5623679168723916e-06,0.0,-4.856255256869628e-07,-1.657727363594182e-06,0.0,-5.518065336738789e-06,2.0424900707795237e-06,-1.238976830976389e-06,-1.943150900602686e-06,-1.9743256787197024e-06,-1.3066743524500206e-06,-6.037672528387325e-07,-4.123220980580098e-06,3.187079778674533e-06,-3.1452844904104485e-06,-1.273398416727327e-06,-1.871374227172675e-06,0.0,-1.7518938424187128e-06,-9.379095404150526e-07,-3.344273328265073e-06
1999-08-31,0.0,1.2374737098348308e-06,1.0604065701938367e-06,0.0,0.0,0.0,4.6305773962385085e-07,3.44093396809376e-07,0.0,0.0,0.0,1.0490536932975395e-07,0.0,2.3172179291279484e-07,0.0,-1.1289200925439198e-06,0.0,0.0,0.0,0.0,-9.610870853325426e-07,0.0,-7.898398546805046e-07,-2.6618051732768444e-06,-7.373778656957201e-07,-6.0866621168317e-07,-5.64958612927994e-07,-7.851785460956704e-08,1.2664146743205454e-06,-9.314081986616951e-07,2.298399120333875e-06,0.0,0.0,2.4010599871255464e-06,0.0,-1.1012923335227834e-06,2.4682711990547416e-06,1.6458644012233826e-06,2.3842529385245103e-06,1.7268239231973282e-06,1.2039566820779717e-07,0.0,-7.780017795202355e-07,-1.657727363594182e-06,0.0,-5.518065336738789e-06,2.0424900707795237e-06,-1.238976830976389e-06,-1.943150900602686e-06,-2.7906987993537606e-06,-1.3066743524500206e-06,-6.037672528387325e-07,-2.758455303602145e-06,3.187079778674533e-06,-4.555348485113924e-06,-1.273398416727327e-06,-1.871374227172675e-06,-6.283028928375625e-07,4.7561473819503166e-07,-6.809062770122215e-07,-2.3315075499318093e-06
1999-09-30,0.0,1.2374737098348308e-06,1.0604065701938367e-06,0.0,0.0,0.0,6.562913881170879e-07,6.434753471736537e-07,2.812703253046794e-09,0.0,0.0,3.5161857480035755e-07,0.0,4.0618361949665173e-07,0.0,-1.7735801086768245e-06,0.0,0.0,0.0,0.0,-9.610870853325426e-07,0.0,-7.898398546805046e-07,-2.6618051732768444e-06,-1.8582628963477222e-06,-1.3486977841909379e-06,-1.1592881858720485e-06,-2.154296620293036e-07,1.9341348276114926e-06,-1.681011713418241e-06,2.298399120333875e-06,0.0,3.138533074708341e-07,1.2034928925017315e-06,0.0,-1.1012923335227834e-06,2.4682711990547416e-06,2.199480997406148e-06,3.322558020009214e-06,1.7268239231973282e-06,-7.598292191509853e-07,0.0,-7.780017795202355e-07,2.322461664263624e-06,0.0,6.532299130474788e-07,2.0424900707795237e-06,-1.238976830976389e-06,-1.943150900602686e-06,0.0,-2.1348395572642515e-06,-1.0060181508896694e-06,-2.758455303602145e-06,3.187079778674533e-06,-4.555348485113924e-06,0.0,-4.0330811107473014e-06,-2.6130542526623705e-06,-1.7454622116814212e-06,-1.1570208299009722e-06,-2.3315075499318093e-06
1999-10-29,0.0,6.737912262342515e-07,1.0604065701938367e-06,0.0,0.0,0.0,9.177980870559479e-07,6.434753471736537e-07,9.838127836779106e-08,0.0,0.0,3.5161857480035755e-07,0.0,2.9427839153053734e-07,0.0,-1.7735801086768245e-06,0.0,0.0,0.0,0.0,-7.109108196936084e-07,0.0,-7.898398546805046e-07,-2.6618051732768444e-06,-1.8582628963477222e-06,-1.3486977841909379e-06,-1.1592881858720485e-06,-2.154296620293036e-07,1.9341348276114926e-06,-1.681011713418241e-06,2.298399120333875e-06,0.0,3.138533074708341e-07,1.2034928925017315e-06,0.0,-1.1012923335227834e-06,1.2043728700405143e-06,1.0368833379786095e-06,1.7453478377565836e-06,1.1266210538836516e-06,-5.485126470223304e-07,0.0,-1.0430306037083554e-06,2.322461664263624e-06,0.0,6.532299130474788e-07,2.0424900707795237e-06,-3.318653817484884e-06,-1.943150900602686e-06,1.214511032579408e-06,-2.1348395572642515e-06,-1.3392310048162634e-07,-3.8104753967335554e-06,3.187079778674533e-06,-4.555348485113924e-06,0.0,-4.0330811107473014e-06,-2.6130542526623705e-06,-2.824683811720667e-06,-1.9707659034681195e-06,-3.5173336426222597e-06
1999-11-30,0.0,1.1451514067312232e-06,1.0604065701938367e-06,0.0,0.0,0.0,1.2352666177295537e-06,6.434753471736537e-07,3.649000759687712e-07,0.0,0.0,6.713544226729695e-07,0.0,0.0,0.0,-2.65695376808377e-06,0.0,0.0,0.0,0.0,-1.1564697321410955e-06,0.0,-2.8976634243441726e-07,-2.6618051732768444e-06,-1.1701238649904659e-06,0.0,-1.1551681233116942e-07,-2.154296620293036e-07,1.9341348276114926e-06,-1.681011713418241e-06,3.743192433832843e-06,0.0,0.0,3.7173333695937144e-06,0.0,-1.636801449337976e-06,1.6445453498591112e-06,1.0368833379786095e-06,2.7135198606274058e-06,1.1266210538836516e-06,-7.778393924514766e-07,0.0,-1.3977490286164235e-06,2.322461664263624e-06,0.0,1.3025378098565352e-06,2.0424900707795237e-06,-9.664331039257148e-07,-2.943500372283557e-06,3.1854635828758105e-06,0.0,9.399899009836311e-08,-5.474475840581784e-06,4.492449036444682e-06,-1.1773292410710667e-06,0.0,-7.00987149498266e-06,-6.249397110809418e-06,-4.062715081100905e-06,-2.946894198511479e-06,-3.5173336426222597e-06
1999-12-31,0.0,1.6551878120239665e-06,1.0604065701938367e-06,0.0,0.0,0.0,0.0,1.1477547560091918e-06,5.0629819083807646e-08,0.0,0.0,9.724478081076716e-07,0.0,2.8327223835100646e-06,0.0,-3.6481451481958443e-06,0.0,0.0,0.0,0.0,-1.1564697321410955e-06,0.0,-6.092500596272054e-07,0.0,-1.7793609786103397e-06,-6.908476775868478e-07,-5.833063648944897e-07,-2.154296620293036e-07,3.4607747571234273e-06,-2.471902161297601e-06,3.743192433832843e-06,0.0,3.040387844921329e-07,9.937847149326277e-07,0.0,-1.636801449337976e-06,2.3379056613646873e-06,1.76856179006688e-06,2.7135198606274058e-06,1.9322665589748427e-06,-1.199744221985199e-06,0.0,-1.3977490286164235e-06,2.322461664263624e-06,0.0,3.885860989778335e-06,3.4011912127437805e-06,-9.664331039257148e-07,-2.943500372283557e-06,3.1854635828758105e-06,-3.6758167337805147e-06,-2.112163485180611e-07,-5.474475840581784e-06,6.376050765117063e-06,0.0,0.0,-7.00987149498266e-06,-8.93442833118017e-06,5.057842452500859e-06,-2.946894198511479e-06,-6.601991290453368e-06
2000-01-31,0.0,6.14923422110353e-07,5.101981116015317e-07,0.0,0.0,0.0,0.0,4.2686863063437804e-07,1.434040425548781e-07,0.0,0.0,5.145777249811787e-07,0.0,1.5581831060775612e-06,0.0,-2.2619246715577688e-06,0.0,0.0,0.0,0.0,-7.553051888344837e-07,0.0,-6.092500596272054e-07,0.0,-1.3206229610621331e-06,-6.908476775868478e-07,-5.833063648944897e-07,-2.154296620293036e-07,-8.04033840766325e-07,-1.4513998244859294e-06,2.4006937489063082e-06,0.0,3.040387844921329e-07,9.937847149326277e-07,0.0,-1.0523485299235459e-06,1.6075052007879777e-06,1.2514086292438841e-06,1.326168551318003e-06,5.977774083763504e-07,8.452238705779339e-07,0.0,-1.3977490286164235e-06,8.142116357776467e-07,0.0,2.1974317482842358e-06,0.0,-3.221912560334569e-06,-1.6005890170247957e-06,1.4680290829316498e-06,-2.531467776468717e-06,-4.128899559695305e-07,-5.474475840581784e-06,4.260180625370669e-06,0.0,0.0,-4.354218970960483e-06,-4.844023316994771e-06,3.0547608297844076e-06,-2.134237093072422e-06,-4.497148164301178e-06
2000-02-29,0.0,6.14923422110353e-07,5.101981116015317e-07,0.0,0.0,0.0,0.0,-2.6051121607169357e-07,3.0200448817463274e-07,0.0,0.0,1.0043514277449375e-07,0.0,1.5581831060775612e-06,0.0,0.0,0.0,0.0,0.0,0.0,-4.1444674406785846e-07,1.5530297429880604e-06,-3.643580778749893e-07,-1.7614072636557876e-09,-1.3206229610621331e-06,0.0,-3.6791294805232045e-07,-5.025984565222911e-07,-1.3511918103710259e-06,-1.4513998244859294e-06,2.4006937489063082e-06,0.0,0.0,1.6328872778351315e-06,0.0,-1.0523485299235459e-06,1.6075052007879777e-06,1.2514086292438841e-06,1.326168551318003e-06,5.977774083763504e-07,8.452238705779339e-07,0.0,-9.88778765645888e-07,3.989099738914224e-07,0.0,6.622858932839303e-07,-1.0829775953494868e-06,-3.221912560334569e-06,-1.6005890170247957e-06,1.4680290829316498e-06,-2.531467776468717e-06,-4.128899559695305e-07,-3.4863070151023153e-06,4.260180625370669e-06,-8.02157218052423e-06,-3.389133006560358e-06,-4.354218970960483e-06,-4.844023316994771e-06,3.0547608297844076e-06,-2.134237093072422e-06,-4.497148164301178e-06
2000-03-31,0.0,6.14923422110353e-07,5.101981116015317e-07,1.8889668881380695e-07,0.0,1.2587935659135964e-06,0.0,-2.6051121607169357e-07,3.0200448817463274e-07,0.0,0.0,4.5253994955664313e-07,0.0,1.5581831060775612e-06,0.0,0.0,-1.657828339360194e-06,0.0,0.0,0.0,-4.1444674406785846e-07,1.5530297429880604e-06,-7.213503701608232e-07,0.0,-1.3206229610621331e-06,0.0,-1.0734334051409123e-07,-5.025984565222911e-07,-1.3511918103710259e-06,-1.4513998244859294e-06,1.5438978542079108e-06,-6.94744027471306e-07,1.192975972767889e-07,2.5016840144496286e-07,0.0,-7.851558655512747e-07,6.760693628023341e-07,7.161558496018738e-07,1.326168551318003e-06,5.977774083763504e-07,8.452238705779339e-07,0.0,-1.5320894445715674e-06,7.120622835423779e-09,0.0,1.2477085951360302e-06,-1.0829775953494868e-06,-3.221912560334569e-06,-1.6005890170247957e-06,1.4680290829316498e-06,2.4349083816402485e-06,-6.421137239717072e-07,-3.4863070151023153e-06,2.390822146851628e-06,-8.02157218052423e-06,4.4359152704842215e-06,-4.354218970960483e-06,-3.2131352814174557e-06,3.0547608297844076e-06,7.867899271198587e-07,-2.7746659934865485e-06
2000-04-28,0.0,6.14923422110353e-07,7.900141687268664e-07,2.6242008892473127e-07,0.0,1.7694252631850464e-06,0.0,-4.4278322911804173e-07,3.0200448817463274e-07,0.0,0.0,4.5253994955664313e-07,0.0,1.0073352318294643e-06,0.0,0.0,-2.3915937461470865e-06,-4.630570338631636e-06,-1.0475114763766255e-05,0.0,-1.0997004741836482e-06,-2.543869065400546e-06,-7.213503701608232e-07,0.0,-9.36341755773763e-07,-1.4646422012325837e-07,-5.027255870531051e-08,-5.025984565222911e-07,-2.078340367737742e-06,-1.4513998244859294e-06,-3.457932956468502e-06,-6.94744027471306e-07,1.192975972767889e-07,6.74344586478195e-07,0.0,-7.851558655512747e-07,6.760693628023341e-07,7.161558496018738e-07,1.9006587485948701e-06,8.521720259509873e-07,1.1630888106840386e-06,0.0,-2.200355248946694e-06,4.1135023652939554e-07,0.0,8.756838686589291e-07,-2.6103231408336285e-06,-3.221912560334569e-06,-1.6005890170247957e-06,1.4680290829316498e-06,2.4349083816402485e-06,-9.118583942804315e-07,-4.821042346683529e-06,5.061406399655512e-06,-1.9706074423516267e-05,3.142424247085442e-07,-4.354218970960483e-06,-4.8686174491295905e-06,3.0547608297844076e-06,1.2209112025684614e-06,-4.258867763309028e-06
2000-05-31,0.0,4.1296228678863653e-07,8.18871720717318e-08,2.6242008892473127e-07,0.0,1.7694252631850464e-06,4.688942891674207e-08,-4.4278322911804173e-07,-4.039237449271815e-07,0.0,0.0,-3.971691565248619e-07,0.0,1.0073352318294643e-06,0.0,0.0,-1.7525209200746541e-06,-3.1906614238483773e-06,-5.991785875875568e-06,0.0,-7.853383044242574e-07,0.0,1.809503649815328e-06,5.3152055031544655e-06,-9.36341755773763e-07,-5.733773314398671e-07,1.4252351764579222e-06,6.719412464055111e-07,-1.0525197604904456e-06,-9.76897957165603e-07,-2.4670366013855693e-06,-6.94744027471306e-07,5.962335941887858e-07,0.0,0.0,0.0,6.760693628023341e-07,7.161558496018738e-07,1.9006587485948701e-06,8.521720259509873e-07,6.22502582538529e-07,0.0,-2.200355248946694e-06,2.518093513851732e-07,0.0,0.0,-2.6103231408336285e-06,-3.221912560334569e-06,-1.1133761843067634e-06,3.4219181965207937e-06,1.7828060831073056e-06,-5.638727425785534e-07,-3.2082176575179916e-06,3.3430712460581487e-06,-1.3590545814070173e-05,1.3718648111855359e-06,-3.0323009611881203e-06,-3.2426715907399976e-06,1.8146657310371554e-06,-1.4070242523005865e-06,-2.982553698427799e-06
2000-06-30,0.0,-6.855917044039672e-07,0.0,2.6242008892473127e-07,8.611177331675059e-07,1.7694252631850464e-06,-7.82609508312662e-07,-4.4278322911804173e-07,-4.039237449271815e-07,0.0,0.0,-3.971691565248619e-07,0.0,1.0073352318294643e-06,0.0,0.0,-1.7525209200746541e-06,-3.1906614238483773e-06,-5.991785875875568e-06,0.0,-7.853383044242574e-07,0.0,1.809503649815328e-06,5.3152055031544655e-06,-9.36341755773763e-07,-1.8843268919546862e-07,1.4252351764579222e-06,6.719412464055111e-07,-1.5567128480860125e-06,-9.76897957165603e-07,-2.4670366013855693e-06,-6.94744027471306e-07,0.0,5.129442571643695e-07,0.0,-7.861575878354293e-07,1.0771772255897716e-06,9.975345837940002e-07,1.9006587485948701e-06,8.521720259509873e-07,3.636821918948745e-07,0.0,1.431304129677749e-06,-2.8043740097303426e-06,0.0,1.2426929165276563e-06,-2.6103231408336285e-06,-3.221912560334569e-06,-1.1133761843067634e-06,3.4219181965207937e-06,1.7828060831073056e-06,-8.12935665824663e-07,-3.2082176575179916e-06,5.050432683070022e-06,-1.945512552357264e-05,2.3534451664806996e-06,-3.0323009611881203e-06,-4.69950188366411e-06,2.468576731682377e-06,0.0,-2.982553698427799e-06
2000-07-31,0.0,8.988863718005479e-07,0.0,3.718132715895354e-07,1.257537751741016e-06,2.753396351531357e-06,6.275222513819382e-07,-7.73911136430069e-07,-5.743431805067722e-07,0.0,0.0,-7.428316299740155e-07,0.0,2.1274781661398385e-06,0.0,3.2225018856946666e-06,-2.780648865154979e-06,-4.64296239948608e-06,-9.495987348313556e-06,0.0,9.236516901195167e-07,0.0,2.5549942284876296e-06,7.935612501384157e-06,0.0,3.623592936518218e-06,2.1835663755417477e-06,1.1062663861570445e-06,-1.5567128480860125e-06,-1.5051994468260703e-06,-3.5757518192381767e-06,-9.37408961974247e-07,-1.0424737409497588e-06,3.6540387879118204e-07,0.0,-7.861575878354293e-07,1.0771772255897716e-06,9.975345837940002e-07,1.9006587485948701e-06,8.521720259509873e-07,5.267938711212838e-07,0.0,0.0,0.0,0.0,0.0,-4.108624739168005e-06,-3.221912560334569e-06,-1.1133761843067634e-06,3.4219181965207937e-06,1.7828060831073056e-06,-1.942110963195907e-07,-4.288205776040801e-06,5.050432683070022e-06,-2.9194628121135323e-05,2.3534451664806996e-06,-4.866613974851986e-06,-6.954403232552279e-06,4.076998622971224e-06,-2.8730356868443135e-06,-4.015544774667411e-06
2000-08-31,0.0,0.0,0.0,3.718132715895354e-07,1.257537751741016e-06,2.753396351531357e-06,-1.1813122327034218e-06,0.0,0.0,0.0,0.0,-7.428316299740155e-07,0.0,2.1274781661398385e-06,0.0,3.2225018856946666e-06,3.386541516612702e-06,-4.64296239948608e-06,-9.495987348313556e-06,0.0,9.236516901195167e-07,0.0,2.5549942284876296e-06,7.935612501384157e-06,-4.629925129833352e-06,3.623592936518218e-06,2.1835663755417477e-06,0.0,-1.5567128480860125e-06,-1.5051994468260703e-06,-3.5757518192381767e-06,-9.37408961974247e-07,-1.0424737409497588e-06,0.0,0.0,0.0,1.4865593796098244e-06,9.975345837940002e-07,1.9006587485948701e-06,8.521720259509873e-07,5.267938711212838e-07,0.0,0.0,2.518096152399682e-06,0.0,0.0,-4.108624739168005e-06,-4.922709017325011e-06,-1.6219119033152703e-06,4.754802382734516e-06,1.7828060831073056e-06,-3.542754560958349e-07,-4.288205776040801e-06,-2.775950113474996e-06,-2.9194628121135323e-05,2.3534451664806996e-06,-4.866613974851986e-06,-6.954403232552279e-06,4.076998622971224e-06,-2.8730356868443135e-06,-4.015544774667411e-06
2000-09-29,0.0,0.0,0.0,3.718132715895354e-07,1.257537751741016e-06,2.753396351531357e-06,-8.54996248126491e-07,-8.318370631401301e-07,0.0,3.8079512074286833e-07,0.0,-7.428316299740155e-07,0.0,1.2091034393480358e-06,0.0,3.2225018856946666e-06,3.386541516612702e-06,4.378716564420587e-06,-9.495987348313556e-06,0.0,9.236516901195167e-07,2.7159648086082376e-06,0.0,3.128263381763049e-06,4.1724998614699446e-06,3.623592936518218e-06,2.1835663755417477e-06,1.5587879793484477e-07,-1.5567128480860125e-06,-9.356813859565647e-07,-3.5757518192381767e-06,-9.37408961974247e-07,-1.0424737409497588e-06,0.0,0.0,-4.478655011380992e-07,8.021498561190311e-07,7.416760939558648e-07,8.373533163554868e-07,8.521720259509873e-07,5.267938711212838e-07,0.0,-3.61959179673851e-06,2.518096152399682e-06,0.0,0.0,-4.108624739168005e-06,-4.922709017325011e-06,-1.6219119033152703e-06,4.754802382734516e-06,1.7828060831073056e-06,-5.057595348868376e-07,-4.288205776040801e-06,-2.775950113474996e-06,-2.9194628121135323e-05,2.3534451664806996e-06,-4.866613974851986e-06,-6.954403232552279e-06,4.076998622971224e-06,-2.8730356868443135e-06,-4.015544774667411e-06
2000-10-31,0.0,-8.192885045801912e-07,0.0,3.718132715895354e-07,1.257537751741016e-06,2.05898371542883e-06,-5.708969687836248e-07,-8.318370631401301e-07,-5.853387254487887e-07,3.8079512074286833e-07,0.0,-7.428316299740155e-07,0.0,1.6605816594292817e-06,0.0,4.961260430814997e-06,-4.075586765626326e-06,-6.247065161496943e-06,-1.326668860844726e-05,0.0,-1.9725520011711517e-06,3.898176487839869e-06,6.273671183501655e-07,4.9873259236910635e-06,4.1724998614699446e-06,5.343421860758958e-06,3.0663603031147383e-06,2.500905086430201e-07,-2.1597118397684496e-06,-9.356813859565647e-07,-3.5757518192381767e-06,-9.37408961974247e-07,-1.4316568885298164e-06,0.0,0.0,-4.478655011380992e-07,8.021498561190311e-07,7.416760939558648e-07,8.373533163554868e-07,6.154453037170918e-07,5.267938711212838e-07,0.0,-3.61959179673851e-06,2.518096152399682e-06,0.0,0.0,-4.108624739168005e-06,-4.922709017325011e-06,0.0,4.754802382734516e-06,2.5759731877968757e-06,-8.036458750258257e-07,-4.288205776040801e-06,4.006875210349904e-06,-2.9194628121135323e-05,2.3534451664806996e-06,-7.109947538953112e-06,-9.955131178504888e-06,4.076998622971224e-06,-2.8730356868443135e-06,-4.015544774667411e-06
2000-11-30,0.0,-8.192885045801912e-07,0.0,-2.8362778393831283e-07,8.421602775204435e-07,2.05898371542883e-06,-5.708969687836248e-07,-8.318370631401301e-07,-4.0195953333731973e-07,-2.661766371270946e-07,0.0,-7.428316299740155e-07,3.850952903067325e-07,1.6605816594292817e-06,0.0,4.961260430814997e-06,3.368286117577519e-06,5.218053840591444e-06,-1.326668860844726e-05,0.0,1.8014616436838782e-06,3.898176487839869e-06,1.2528482871168292e-06,4.9873259236910635e-06,7.393145196011894e-07,1.7418174225914205e-06,1.157000365052912e-06,0.0,-3.2465489226498684e-07,-9.356813859565647e-07,-2.0142577548595396e-06,-9.37408961974247e-07,-4.7549534818160604e-07,0.0,0.0,0.0,8.021498561190311e-07,7.416760939558648e-07,8.373533163554868e-07,6.154453037170918e-07,3.2045842784335207e-07,0.0,-3.61959179673851e-06,-1.6587386526652306e-06,0.0,0.0,-4.108624739168005e-06,-4.922709017325011e-06,0.0,4.754802382734516e-06,2.5759731877968757e-06,-8.036458750258257e-07,-2.9174001580726277e-06,4.006875210349904e-06,-2.9194628121135323e-05,2.3534451664806996e-06,-7.109947538953112e-06,-6.923537308064639e-06,2.0404140926968725e-06,1.112942945755915e-06,-4.015544774667411e-06
2000-12-29,0.0,-8.192885045801912e-07,0.0,-2.8362778393831283e-07,-8.36599443930447e-07,2.05898371542883e-06,-5.708969687836248e-07,-6.095192221344693e-07,-5.519474774127032e-07,-2.661766371270946e-07,0.0,-7.428316299740155e-07,5.347508640378285e-07,0.0,0.0,4.961260430814997e-06,3.368286117577519e-06,5.218053840591444e-06,1.1368273935390744e-05,0.0,1.8014616436838782e-06,1.9905357932296463e-06,0.0,3.539332189512083e-07,1.707334626470655e-06,1.7418174225914205e-06,1.157000365052912e-06,0.0,-9.563604527733436e-07,-1.3341010478418999e-06,-2.0142577548595396e-06,-9.37408961974247e-07,-1.3539886359848408e-06,6.290649419900015e-07,0.0,-2.943634568560931e-07,8.021498561190311e-07,7.416760939558648e-07,8.373533163554868e-07,6.154453037170918e-07,1.5035294488400875e-07,0.0,-3.61959179673851e-06,-1.6587386526652306e-06,0.0,0.0,-4.108624739168005e-06,-6.74590472392255e-06,-2.264847937370661e-06,3.0965739875842222e-06,2.5759731877968757e-06,-1.2413120434587332e-06,-4.163717093024096e-06,2.5253441734753018e-06,-2.9194628121135323e-05,2.3534451664806996e-06,-7.109947538953112e-06,-6.923537308064639e-06,3.817577232704994e-06,-3.493212993883538e-06,-4.015544774667411e-06
2001-01-31,0.0,-8.192885045801912e-07,-9.69716517880428e-07,-3.782600432309046e-07,-8.36599443930447e-07,2.05898371542883e-06,-5.708969687836248e-07,-6.095192221344693e-07,-5.519474774127032e-07,-2.661766371270946e-07,0.0,-7.428316299740155e-07,-5.732750615433699e-07,6.003712516426603e-08,0.0,3.227944119278348e-06,3.368286117577519e-06,3.5766924122969897e-06,7.4150702384096685e-06,0.0,1.8014616436838782e-06,0.0,0.0,2.3472105023798057e-06,1.707334626470655e-06,1.7418174225914205e-06,1.157000365052912e-06,2.995741120630741e-07,-9.563604527733436e-07,-1.3341010478418999e-06,-2.992011312441365e-06,-6.554579384765507e-07,-8.215629717423038e-07,8.962849279959234e-07,0.0,-3.9855402232276266e-07,8.021498561190311e-07,7.416760939558648e-07,8.373533163554868e-07,6.154453037170918e-07,1.5035294488400875e-07,0.0,-3.61959179673851e-06,-1.6587386526652306e-06,0.0,0.0,-4.108624739168005e-06,3.5218181075271394e-07,-2.264847937370661e-06,2.311252480140551e-06,2.5759731877968757e-06,-1.2413120434587332e-06,-4.163717093024096e-06,2.5253441734753018e-06,-2.9194628121135323e-05,2.3534451664806996e-06,-7.109947538953112e-06,-9.864170736251444e-06,3.817577232704994e-06,-3.493212993883538e-06,-4.015544774667411e-06
2001-02-28,0.0,-8.192885045801912e-07,-9.69716517880428e-07,-3.782600432309046e-07,-1.2803542028730465e-06,2.05898371542883e-06,-2.95069859138235e-07,-9.383726655990185e-07,-8.702143481013032e-07,-4.2008679744976097e-07,0.0,-1.133226650546099e-06,-5.732750615433699e-07,-2.537472001224667e-06,0.0,0.0,3.368286117577519e-06,3.5766924122969897e-06,7.4150702384096685e-06,0.0,1.8014616436838782e-06,0.0,5.695512855704201e-07,4.013495612181331e-06,4.2216117479921554e-07,8.686939984739445e-07,1.157000365052912e-06,2.995741120630741e-07,-3.056995593069312e-07,-1.3341010478418999e-06,-2.992011312441365e-06,-6.554579384765507e-07,-2.1686957746093427e-07,5.750588646648433e-07,0.0,0.0,8.021498561190311e-07,1.1167456950035606e-06,1.338031405696208e-06,6.154453037170918e-07,1.5035294488400875e-07,0.0,-3.61959179673851e-06,-1.6587386526652306e-06,0.0,0.0,-4.108624739168005e-06,9.5880935870376e-07,-1.0933867304155335e-06,2.311252480140551e-06,2.5759731877968757e-06,-1.2413120434587332e-06,-4.163717093024096e-06,2.5253441734753018e-06,-2.9194628121135323e-05,3.609660065020741e-06,-7.109947538953112e-06,-6.624270569833115e-06,3.817577232704994e-06,-2.2237664989742827e-06,-4.015544774667411e-06
2001-03-30,0.0,-4.290485856565523e-07,-6.466083837186585e-07,-1.9124880592957737e-07,-7.089560259794635e-07,-4.2517412208594993e-07,-7.263223147658834e-08,-2.9162826593212104e-07,-2.974671445464893e-07,-2.9767573381953205e-07,0.0,-3.312051483495024e-07,-5.732750615433699e-07,-1.7590105315699191e-06,0.0,6.376384786448775e-07,2.3553540111330643e-06,2.6688231586526115e-06,5.5559392822538325e-06,0.0,7.975282368693779e-07,0.0,1.908358375730966e-07,9.240083581572969e-07,4.2216117479921554e-07,8.686939984739445e-07,5.954839457366801e-07,9.369521627675843e-08,-3.056995593069312e-07,-9.371243739418576e-07,-9.213817073426592e-07,-6.554579384765507e-07,-3.595194699994438e-07,1.00843438625158e-06,0.0,0.0,8.021498561190311e-07,7.698753900581898e-07,1.338031405696208e-06,6.154453037170918e-07,1.5035294488400875e-07,0.0,-1.662566512394683e-06,-1.0006345416880788e-06,0.0,0.0,-2.275632634033418e-06,4.0773877621100155e-07,-7.896399701347394e-07,-1.5462769770975536e-07,7.927794230131076e-07,-1.2413120434587332e-06,-2.2379029251300976e-06,7.75972577945186e-07,-1.54449577627946e-05,2.2803943336479843e-06,-3.4644537699235708e-06,-4.427543898713645e-06,0.0,-1.356860453068209e-06,-2.1184394747181494e-06
2001-04-30,0.0,-4.290485856565523e-07,-6.466083837186585e-07,-1.9124880592957737e-07,-7.089560259794635e-07,-4.2517412208594993e-07,-5.267337823989375e-08,-2.9162826593212104e-07,-2.974671445464893e-07,-2.9767573381953205e-07,0.0,-3.312051483495024e-07,-5.732750615433699e-07,1.8504728056139773e-07,0.0,9.792243126285317e-07,1.5944767597023375e-06,1.7748474812118274e-06,3.613607236970321e-06,0.0,7.975282368693779e-07,1.3980539912536416e-06,2.802093469544758e-07,9.240083581572969e-07,4.2216117479921554e-07,8.686939984739445e-07,5.954839457366801e-07,4.426685813580934e-08,-3.056995593069312e-07,-9.371243739418576e-07,-9.213817073426592e-07,-6.554579384765507e-07,-5.360599103649227e-07,1.00843438625158e-06,0.0,0.0,8.021498561190311e-07,7.698753900581898e-07,1.338031405696208e-06,3.356483863092903e-07,2.0672349099329504e-07,0.0,-1.662566512394683e-06,-1.0006345416880788e-06,0.0,0.0,-2.275632634033418e-06,1.880163281077195e-06,-7.896399701347394e-07,2.5824243473007784e-06,0.0,-8.287621720661817e-07,-2.2379029251300976e-06,2.204766596010645e-06,-9.095657541847872e-06,2.2803943336479843e-06,-3.4644537699235708e-06,-4.427543898713645e-06,0.0,-7.653357978828331e-07,-2.1184394747181494e-06
2001-05-31,0.0,-8.209558005251678e-07,-1.1714032268033093e-06,-3.680617660938471e-07,-1.32740251282423e-06,-1.152437464945751e-06,0.0,-7.769615290498054e-07,-2.974671445464893e-07,-4.897214865452574e-07,0.0,-6.24077515400817e-07,-8.887053389829254e-07,1.8504728056139773e-07,0.0,1.4651804591556498e-06,2.7575438697486523e-06,3.4036937408417355e-06,6.452343601266477e-06,0.0,-6.652864330186704e-07,2.5967259679843737e-06,-2.7266602239155646e-06,2.140334999896907e-06,1.0112354379222821e-06,1.5907427482229983e-06,1.4338313435663773e-06,9.170974481102511e-07,-9.396579140530614e-07,-1.5694877609168713e-06,-2.637161534243914e-06,-9.116476112490985e-07,-9.24415840252323e-07,2.413670686065844e-06,0.0,-8.166293190408287e-07,1.199000496308685e-06,1.1290596055727095e-06,1.338031405696208e-06,5.10173437761402e-07,3.7898144234934033e-07,0.0,-8.545687860053288e-07,-1.6218064940644303e-06,0.0,0.0,-2.275632634033418e-06,-2.6870096868057363e-06,-1.770959450091515e-06,2.5824243473007784e-06,1.987837260809669e-06,-1.25206860489163e-06,-2.2379029251300976e-06,3.1530544204427223e-06,3.562860777015108e-06,3.709493609717955e-06,-3.4644537699235708e-06,-7.859807826775248e-06,3.0531568430292037e-06,-1.5104023997184892e-06,-3.0426807548843278e-06
2001-06-29,0.0,-5.052028910265723e-07,-1.1714032268033093e-06,-3.680617660938471e-07,-1.32740251282423e-06,-1.5801885863036846e-06,0.0,-4.733429041998987e-07,-6.193354041695992e-07,-4.897214865452574e-07,0.0,-6.24077515400817e-07,-8.887053389829254e-07,-2.723925824028572e-06,0.0,-2.2076661974776314e-06,2.7575438697486523e-06,3.4036937408417355e-06,6.452343601266477e-06,0.0,-6.652864330186704e-07,2.5967259679843737e-06,9.770970483275148e-07,2.140334999896907e-06,6.771994594071721e-07,1.5907427482229983e-06,1.4338313435663773e-06,9.170974481102511e-07,0.0,-4.7515524472059383e-07,-7.679094504988693e-07,-9.116476112490985e-07,-4.001306899714888e-07,1.679551163621692e-06,0.0,0.0,6.308081376546819e-07,5.89699494357496e-07,1.338031405696208e-06,5.10173437761402e-07,0.0,0.0,-8.545687860053288e-07,-1.051955087233944e-06,0.0,0.0,-1.6563256188329454e-06,2.9297988652230355e-06,-1.0130976949996655e-06,-3.4463400706513173e-06,1.987837260809669e-06,-1.25206860489163e-06,-2.2379029251300976e-06,3.1530544204427223e-06,1.59019413939843e-05,3.709493609717955e-06,-3.4644537699235708e-06,-4.794044698909959e-06,3.0531568430292037e-06,-6.935058809283531e-07,-3.0426807548843278e-06
2001-07-31,0.0,-5.052028910265723e-07,-1.1714032268033093e-06,-3.680617660938471e-07,-1.32740251282423e-06,-1.5801885863036846e-06,0.0,-4.733429041998987e-07,-6.193354041695992e-07,-6.767698814564813e-07,0.0,-9.021914970392649e-07,-8.887053389829254e-07,-2.723925824028572e-06,0.0,1.6206446047230676e-06,2.7575438697486523e-06,3.4036937408417355e-06,9.04303966513428e-06,0.0,1.4408268787745982e-06,2.5967259679843737e-06,6.157699546330774e-07,9.027781350325191e-07,0.0,1.5907427482229983e-06,1.4338313435663773e-06,9.170974481102511e-07,0.0,-4.7515524472059383e-07,-7.679094504988693e-07,-9.116476112490985e-07,-4.001306899714888e-07,1.679551163621692e-06,0.0,0.0,-1.5732819560461623e-06,5.89699494357496e-07,-1.7021206658606658e-06,5.10173437761402e-07,0.0,0.0,-4.698880167020043e-07,-2.474489615801289e-07,0.0,0.0,-2.2741011051450498e-06,2.9297988652230355e-06,-1.0130976949996655e-06,-3.4463400706513173e-06,1.987837260809669e-06,-1.25206860489163e-06,-2.2379029251300976e-06,3.1530544204427223e-06,1.1093460465091526e-05,-4.5075060379936765e-07,-2.2621773852321473e-06,1.4881857397204179e-06,3.0531568430292037e-06,1.7277366043710532e-06,-3.0426807548843278e-06
2001-08-31,0.0,-8.439244168400103e-07,-1.1714032268033093e-06,-3.680617660938471e-07,-1.32740251282423e-06,-1.1758878843524124e-06,0.0,-7.191152344811051e-07,-3.7589418138368066e-07,-6.767698814564813e-07,0.0,-9.021914970392649e-07,-8.887053389829254e-07,-1.5489696906817525e-06,0.0,1.6206446047230676e-06,2.7575438697486523e-06,3.4036937408417355e-06,9.04303966513428e-06,0.0,1.4408268787745982e-06,2.5967259679843737e-06,1.358844753994029e-06,1.6652829789386131e-06,2.704395584478789e-06,2.171899942979965e-06,1.4338313435663773e-06,9.170974481102511e-07,0.0,1.4656461845991047e-06,-1.2039708220648828e-06,8.844814788527658e-07,-8.74502754926887e-07,2.2556319388173593e-06,0.0,1.2976109081277004e-06,-1.5732819560461623e-06,-1.1679159539262272e-06,-1.7021206658606658e-06,-9.785107684399444e-07,0.0,0.0,-1.1009058581868262e-06,-1.3119952086754156e-07,0.0,0.0,-2.2741011051450498e-06,2.9297988652230355e-06,-1.0130976949996655e-06,-3.4463400706513173e-06,1.987837260809669e-06,-9.314354455564111e-07,-2.2379029251300976e-06,3.1530544204427223e-06,1.1093460465091526e-05,-3.3115681052071163e-07,-2.2621773852321473e-06,-1.6258323877104724e-06,3.0531568430292037e-06,-2.316769941855057e-07,-2.0926291741579706e-06
2001-09-28,0.0,-7.439438157863652e-08,-3.621607182619528e-07,-1.21682787807677e-07,-3.827919986056174e-07,-3.2056255517306096e-07,0.0,-1.1280864812343989e-07,-2.515838529117244e-07,-6.767698814564813e-07,0.0,-2.412602179575255e-07,-5.351728611666597e-07,-4.682027459491116e-07,0.0,1.0514948281267838e-06,1.5492014307353438e-06,1.6009315465268383e-06,3.0862384386047744e-06,0.0,7.858358616109414e-07,1.6679885666789195e-06,1.358844753994029e-06,1.6652829789386131e-06,1.2731255882515154e-06,1.1762835731743421e-06,1.0017412249000902e-06,6.646376843974582e-07,0.0,8.018673585051872e-07,0.0,4.908610031459675e-07,-1.4872574167657058e-07,1.1208369798354397e-06,0.0,7.536357340715079e-07,-3.7330706165253944e-07,-3.943195849633392e-07,-3.7500257259876835e-07,-3.796835724055838e-07,0.0,0.0,1.2584823704270417e-06,0.0,0.0,0.0,-7.487295781148478e-07,2.155116189692503e-06,-1.0130976949996655e-06,-1.6936799309240787e-06,1.413649013439855e-06,-9.314354455564111e-07,-2.2379029251300976e-06,-2.431630918334653e-08,7.46254401526588e-06,-1.0651178321948539e-06,-2.2621773852321473e-06,-1.6258323877104724e-06,1.8303621173729444e-06,-1.3503741580145658e-07,-2.0926291741579706e-06
2001-10-31,0.0,-7.439438157863652e-08,-3.621607182619528e-07,-1.723646426895166e-07,-3.827919986056174e-07,-5.66531258924212e-07,0.0,-1.1280864812343989e-07,-2.515838529117244e-07,-6.767698814564813e-07,0.0,-3.6740536157073354e-07,-8.024010667273716e-07,-7.449775849540284e-07,0.0,1.0514948281267838e-06,1.5492014307353438e-06,2.3751350446635982e-06,4.682816853921602e-06,0.0,7.858358616109414e-07,2.6791430878331687e-06,1.974883250772781e-06,2.283001389058168e-06,1.8425146954088664e-06,1.1762835731743421e-06,1.0017412249000902e-06,6.646376843974582e-07,0.0,8.018673585051872e-07,0.0,6.947365372718992e-07,-6.575210482160142e-08,1.1208369798354397e-06,0.0,1.0085628958676683e-06,-7.983327650613098e-07,-7.549291237853455e-07,-8.289795724155516e-07,-6.540593601355592e-07,0.0,0.0,1.7784176989287526e-06,0.0,0.0,0.0,-1.1092099806423422e-06,2.155116189692503e-06,-1.7470884581900012e-06,-1.1627251340561551e-06,1.413649013439855e-06,-1.3955465051985818e-06,-2.2379029251300976e-06,-3.6394431014668883e-07,1.2068143657542644e-05,-1.0651178321948539e-06,-3.608668969492174e-06,-2.7680409989478933e-06,2.5231260957626633e-06,0.0,-2.0926291741579706e-06
2001-11-30,0.0,-3.331589633126455e-07,-3.621607182619528e-07,-8.122303786978801e-08,-5.134205101290716e-07,-5.66531258924212e-07,0.0,-2.183319500859347e-07,0.0,-6.767698814564813e-07,0.0,-2.1160608370526976e-07,-8.024010667273716e-07,-7.449775849540284e-07,0.0,1.0514948281267838e-06,4.092224722061897e-07,1.254924185207456e-06,2.654983706468001e-06,0.0,3.810055266056903e-07,0.0,1.16586079284375e-06,2.283001389058168e-06,1.0879799127290692e-06,1.1762835731743421e-06,6.689476781582274e-07,4.887524445086516e-07,0.0,0.0,-4.548356040701209e-07,6.947365372718992e-07,-4.756877543208988e-07,1.7446561430279542e-06,0.0,1.0085628958676683e-06,-5.178234999755187e-07,-4.6636777412692533e-07,-5.428829909425372e-07,-6.540593601355592e-07,-1.7504162476686295e-07,0.0,-5.832992880498792e-07,-1.7380302844114785e-06,0.0,0.0,-7.783734323155397e-07,2.155116189692503e-06,-4.982673760537456e-07,-4.310591400423344e-07,9.449950365542735e-07,-6.692407619961322e-07,-6.628426026809881e-07,0.0,8.944778558211058e-06,-3.9192688992446916e-07,-3.608668969492174e-06,-1.946648892480762e-06,0.0,0.0,-5.956431655033278e-07
2001-12-31,0.0,0.0,-6.147559494700076e-07,-5.814129486651907e-08,-8.951233709287235e-07,-7.600335385263586e-07,-1.6233747389565523e-07,0.0,-3.1149960764370926e-07,-6.767698814564813e-07,0.0,-7.209528927758067e-07,-8.024010667273716e-07,1.7790669193956137e-06,0.0,1.0514948281267838e-06,-6.429699284340549e-07,8.933765187995828e-07,6.355968841312869e-07,0.0,-6.588052543263426e-07,2.154347486226657e-06,-8.000273133101545e-07,1.1594238719347353e-06,1.5535276141663412e-06,1.1762835731743421e-06,6.689476781582274e-07,4.887524445086516e-07,0.0,0.0,0.0,0.0,0.0,1.7446561430279542e-06,0.0,0.0,-8.864339368070292e-07,-7.933539623056854e-07,-1.0054131202130558e-06,-6.540593601355592e-07,-4.263481359630057e-07,0.0,2.6553923380938876e-06,-1.7380302844114785e-06,0.0,0.0,-1.1128352220421859e-06,2.155116189692503e-06,-4.982673760537456e-07,1.8069030831826104e-06,9.449950365542735e-07,-9.408660809999168e-07,-6.628426026809881e-07,-3.2397116692287363e-07,1.2977705603967092e-05,0.0,-3.608668969492174e-06,-1.946648892480762e-06,-3.7897530542501105e-07,0.0,-5.956431655033278e-07
2002-01-31,0.0,0.0,-6.147559494700076e-07,-8.595723519002236e-08,-1.3711738305191683e-06,-1.4109098182394312e-06,-4.669504487303618e-07,0.0,-3.1149960764370926e-07,-1.0682433214526647e-06,0.0,-1.1255460968628288e-06,-1.3692835050214684e-06,2.497416740900485e-06,0.0,2.314659190672023e-06,-1.235440761179685e-06,1.459425917531484e-06,6.355968841312869e-07,0.0,-1.1980816517687038e-06,2.154347486226657e-06,-1.1593841481116245e-06,-4.581513652002018e-06,2.169472531488501e-06,1.9581880405998103e-06,1.3184946138256828e-06,9.487072215192087e-07,0.0,0.0,0.0,0.0,0.0,1.7446561430279542e-06,0.0,0.0,-1.3175241600897328e-06,-1.1684993538397222e-06,-1.570027360298231e-06,-1.0606044866784321e-06,-6.990162593193747e-07,0.0,3.6846236945219023e-06,-1.7380302844114785e-06,0.0,0.0,-1.1128352220421859e-06,2.155116189692503e-06,-1.270120117255361e-06,2.869286958426737e-06,1.347258139707155e-06,-1.9184599208202856e-06,-6.628426026809881e-07,-2.2115357510243214e-06,1.8247896233356873e-05,0.0,-6.475283662934031e-06,-1.946648892480762e-06,3.1137218404167156e-06,0.0,-5.956431655033278e-07
2002-02-28,0.0,-3.149144077390733e-07,-6.147559494700076e-07,-2.89539472817835e-07,-1.9507996221655852e-07,-8.214291646589516e-07,-7.492425119735454e-07,-3.7632502336768835e-07,0.0,-1.4574931949738189e-06,0.0,-1.1255460968628288e-06,-1.8847637166413592e-06,3.486338728810228e-06,0.0,3.5503175226421233e-06,-2.704029930276994e-06,2.2292786723260845e-06,9.586262579310477e-06,0.0,-5.313128625378778e-07,4.944076421628312e-06,-1.1593841481116245e-06,-4.581513652002018e-06,3.359218544778412e-06,3.056943229290795e-06,2.066904628661659e-06,1.4439726611944198e-06,3.316561056676589e-06,0.0,0.0,0.0,-6.859346080179064e-07,4.87078392087546e-06,0.0,0.0,-1.7663974545603583e-06,-1.6127602652441039e-06,-2.1653544302579894e-06,-1.4370991139867233e-06,-1.0561362317803073e-06,0.0,3.6846236945219023e-06,-3.489131184234327e-06,0.0,0.0,-1.1128352220421859e-06,3.7118537501474834e-06,-1.8768645263824572e-06,-1.2770607599948667e-06,-3.297539064121411e-06,-1.285925524353203e-06,-6.628426026809881e-07,-4.614922006326003e-06,2.516352799337913e-05,-9.96903374161257e-07,-8.939882132972075e-06,-8.778379512681491e-07,4.455945001074356e-06,0.0,0.0
2002-03-29,0.0,0.0,0.0,-2.89539472817835e-07,-1.9507996221655852e-07,0.0,1.5767727274528123e-06,0.0,0.0,-1.4574931949738189e-06,0.0,-5.09809209979405e-07,-1.8847637166413592e-06,3.486338728810228e-06,0.0,3.5503175226421233e-06,-2.704029930276994e-06,-3.865969191626866e-06,-8.522921694042924e-06,0.0,-3.3381594138675445e-07,4.944076421628312e-06,-5.834448687188411e-07,-1.9404346886501814e-06,3.359218544778412e-06,3.056943229290795e-06,2.066904628661659e-06,0.0,3.316561056676589e-06,2.8808801842368723e-06,0.0,0.0,-6.00983070685492e-08,0.0,0.0,2.0614768545836436e-06,0.0,-1.6127602652441039e-06,-2.1653544302579894e-06,-1.4370991139867233e-06,-6.87694902833092e-07,0.0,3.6846236945219023e-06,-3.489131184234327e-06,0.0,0.0,3.604932917398597e-06,3.7118537501474834e-06,-1.8768645263824572e-06,0.0,-3.297539064121411e-06,-1.285925524353203e-06,-1.0906837151707528e-06,-4.614922006326003e-06,2.516352799337913e-05,-2.5366779893517723e-07,-8.939882132972075e-06,-1.3677559197283905e-06,4.455945001074356e-06,3.6666520500366633e-06,-6.211191211644761e-07
2002-04-30,0.0,0.0,-1.1260408058691864e-07,-1.903665776568783e-07,-1.9507996221655852e-07,-1.131753144514169e-07,1.5767727274528123e-06,0.0,0.0,-1.4574931949738189e-06,0.0,-5.09809209979405e-07,-1.8847637166413592e-06,-5.166706974139422e-07,0.0,3.5503175226421233e-06,3.1758592168408532e-06,4.584694724350413e-06,1.1070576974973447e-05,0.0,-3.3381594138675445e-07,4.944076421628312e-06,-5.834448687188411e-07,7.345650234509052e-06,3.359218544778412e-06,3.056943229290795e-06,2.066904628661659e-06,1.522724693327847e-06,3.316561056676589e-06,2.8808801842368723e-06,0.0,1.7075390296297931e-06,0.0,0.0,0.0,2.0614768545836436e-06,-1.4221845651787766e-06,-1.6127602652441039e-06,-2.1653544302579894e-06,-1.4370991139867233e-06,-5.116969743335294e-07,0.0,3.6846236945219023e-06,-3.489131184234327e-06,0.0,0.0,3.604932917398597e-06,3.7118537501474834e-06,-1.2618581221714957e-06,-5.960295976608044e-07,-1.953014639653105e-06,-1.285925524353203e-06,-1.5212094541542434e-06,-2.3308789207501076e-06,2.516352799337913e-05,-5.541964029660743e-06,-8.939882132972075e-06,-1.3677559197283905e-06,4.455945001074356e-06,3.6666520500366633e-06,-6.081627063420726e-08
2002-05-31,0.0,-1.0608202889704334e-07,-3.2005245088516876e-07,-3.0236519792070043e-07,-5.045354015590983e-07,-1.0087372483578267e-06,8.756017833608546e-07,-6.382923588933565e-08,0.0,-5.2249870099174144e-08,0.0,-1.7186977980259258e-07,-1.0282524778699772e-06,-2.773182733551526e-07,0.0,2.0814337504696767e-06,1.6876808353213181e-06,2.5215150474629073e-06,5.9095429131103515e-06,0.0,1.1056818749200287e-06,2.854810222788752e-06,-3.0093730902931826e-08,4.1701137673695585e-06,1.8078721194343727e-06,1.716615455103606e-06,1.1603873100391828e-06,8.176120470181738e-07,1.765049248695827e-06,1.5383208422916503e-06,0.0,7.139815796631994e-07,-2.3596243679413402e-07,2.0556477774085446e-06,0.0,9.566808181899437e-07,-8.538131983866864e-07,-7.258466708251125e-07,-1.1140234773317193e-06,-6.656214997386107e-07,-3.081432284958488e-07,0.0,2.076115059866911e-06,-1.6853962481932444e-06,0.0,0.0,1.905852533517908e-06,1.94365547198326e-06,-1.2618581221714957e-06,0.0,-9.511830374113593e-07,-1.285925524353203e-06,-8.497530195092533e-07,-1.0682301955865385e-06,1.1111501784955468e-05,-3.1160957693226377e-06,-3.0518135887985106e-06,3.2611099765521496e-06,2.7108042064780537e-06,2.093928872285562e-06,-2.1534632327850891e-07
2002-06-28,0.0,0.0,-3.2005245088516876e-07,-4.2092869458970453e-08,-5.8229863661740624e-08,-1.3478001238531313e-07,8.756017833608546e-07,0.0,0.0,0.0,0.0,-1.7186977980259258e-07,-1.0282524778699772e-06,-5.258821735022912e-07,0.0,2.0814337504696767e-06,1.6876808353213181e-06,2.5215150474629073e-06,5.9095429131103515e-06,0.0,8.167534292047142e-07,2.854810222788752e-06,1.3031319762910518e-06,3.1100211626164373e-06,1.8078721194343727e-06,1.716615455103606e-06,1.1603873100391828e-06,6.041681053380331e-07,8.956174362894431e-07,9.396211060862576e-07,2.181307536109995e-06,7.139815796631994e-07,6.570878490426583e-07,5.576216992044574e-07,0.0,9.566808181899437e-07,0.0,-7.258466708251125e-07,-1.1140234773317193e-06,-6.656214997386107e-07,-3.081432284958488e-07,0.0,1.4533966693476336e-06,2.116180572161805e-06,0.0,0.0,1.905852533517908e-06,1.383205669192325e-06,-8.64051614120582e-07,0.0,-9.511830374113593e-07,-4.786982705511505e-07,-6.906837577566332e-08,-1.0682301955865385e-06,2.8078437780706762e-06,-1.541555081824025e-06,-3.0518135887985106e-06,-5.463746151566887e-08,1.498401425757475e-06,-4.4244667704849704e-07,-2.1534632327850891e-07
2002-07-31,0.0,0.0,-1.8170769973209084e-07,-4.2092869458970453e-08,-8.893066682200165e-08,-1.3478001238531313e-07,6.184827549879423e-07,-5.058999686827418e-08,0.0,0.0,0.0,-1.7186977980259258e-07,-1.436622876528482e-08,-5.258821735022912e-07,0.0,1.1840111479239231e-06,1.220343515325169e-06,1.8243424489823033e-06,3.6949376289870506e-06,0.0,8.167534292047142e-07,2.854810222788752e-06,1.3031319762910518e-06,3.1100211626164373e-06,1.0287049823317153e-06,8.9853912139883e-07,7.239751905810386e-07,6.041681053380331e-07,8.956174362894431e-07,4.596105695012069e-07,-8.91573865077815e-09,3.3968367201248597e-07,0.0,-1.3229707646076774e-06,0.0,4.623382538172403e-07,-9.15235431106027e-07,-7.258466708251125e-07,-1.1140234773317193e-06,-6.656214997386107e-07,-4.2263578700726066e-07,0.0,9.635578740394089e-07,-1.5379319183154714e-06,0.0,0.0,1.1989569785975615e-06,7.851285044497404e-07,-8.64051614120582e-07,0.0,-9.511830374113593e-07,-1.0725744774951653e-06,1.6973096210426632e-06,-1.6019657846009682e-06,2.8078437780706762e-06,-1.541555081824025e-06,-9.683558464769395e-07,-8.066711060751374e-09,6.31427248931844e-07,5.748438030511999e-07,1.6031584621550098e-06
2002-08-30,0.0,-1.0425652176316443e-07,-1.8170769973209084e-07,-1.3580358955888794e-07,-2.608680925102953e-07,-2.376594786632922e-07,6.184827549879423e-07,-1.6883236425230426e-07,-9.888323407158418e-08,0.0,0.0,6.115655491462384e-07,-3.8843754894913974e-08,-3.767139359345469e-07,0.0,1.1840111479239231e-06,8.457404473352979e-07,1.8243424489823033e-06,3.6949376289870506e-06,0.0,2.91182880796393e-07,2.854810222788752e-06,1.3031319762910518e-06,3.1100211626164373e-06,1.0287049823317153e-06,8.9853912139883e-07,7.239751905810386e-07,4.436075217770447e-07,8.956174362894431e-07,4.596105695012069e-07,1.38050474128526e-06,3.3968367201248597e-07,-1.3376349300892476e-07,1.3937470690501427e-06,0.0,4.623382538172403e-07,0.0,0.0,-1.1140234773317193e-06,-6.656214997386107e-07,-4.2263578700726066e-07,0.0,9.635578740394089e-07,-2.3725009951977352e-06,0.0,0.0,1.1989569785975615e-06,1.338735214682106e-06,-8.64051614120582e-07,0.0,-9.511830374113593e-07,-5.71810161625687e-07,1.6973096210426632e-06,-1.6019657846009682e-06,3.826830355325218e-06,-1.541555081824025e-06,-9.683558464769395e-07,2.4403442339633276e-06,1.435925822495172e-06,8.951567784673514e-07,1.6031584621550098e-06
2002-09-30,0.0,-6.923207156707659e-09,-1.8170769973209084e-07,-1.0013950169749452e-07,-5.174861851331181e-08,-1.4685372124863572e-07,1.1271379631902925e-06,-1.6883236425230426e-07,0.0,0.0,0.0,-4.389587427008566e-07,0.0,-6.217718718090987e-07,0.0,1.8930416697618411e-06,1.4882508458860101e-06,1.8243424489823033e-06,3.6949376289870506e-06,0.0,4.5450132237246736e-07,9.899149688921441e-07,1.3031319762910518e-06,3.1100211626164373e-06,1.642107601661582e-06,1.2575856129700716e-06,9.655901040284578e-07,6.456443568972994e-07,1.5736819943036613e-06,1.0398979296216038e-06,-5.282202509414683e-07,6.003718000678905e-07,0.0,-1.651469362806691e-06,0.0,4.623382538172403e-07,0.0,1.6069238853460116e-07,0.0,0.0,9.818653093708823e-08,0.0,1.8851825687903663e-06,-2.3725009951977352e-06,0.0,0.0,0.0,2.2127374754581505e-06,1.4045863274305324e-06,0.0,-9.511830374113593e-07,-5.71810161625687e-07,1.0451275853316104e-06,-2.639942964085365e-06,8.90997226261157e-06,3.5347844626831666e-06,-1.4844261956610942e-06,3.7891360640718113e-06,1.942498382228413e-06,1.2733971326101421e-06,1.0169371003710198e-06
2002-10-31,0.0,-5.5760310131984803e-08,-1.0718456663579291e-07,-1.0013950169749452e-07,-7.361975345168261e-09,-4.144370584235457e-08,1.1271379631902925e-06,-1.6883236425230426e-07,0.0,0.0,0.0,-4.389587427008566e-07,0.0,-3.511329200142348e-07,0.0,1.8930416697618411e-06,1.4882508458860101e-06,1.8243424489823033e-06,3.6949376289870506e-06,0.0,4.5450132237246736e-07,1.451576642203268e-06,0.0,3.1100211626164373e-06,1.642107601661582e-06,1.2575856129700716e-06,9.655901040284578e-07,6.456443568972994e-07,1.5736819943036613e-06,1.0398979296216038e-06,1.8573584129204376e-06,6.003718000678905e-07,0.0,-1.651469362806691e-06,0.0,8.441192535473602e-07,0.0,4.977663432275895e-07,0.0,0.0,9.818653093708823e-08,0.0,1.8851825687903663e-06,-2.3725009951977352e-06,0.0,0.0,2.1807836918101686e-06,5.19727800030399e-07,1.4045863274305324e-06,2.1799032518955045e-06,-9.511830374113593e-07,4.102574235237478e-07,1.0451275853316104e-06,3.3957487377870044e-08,8.90997226261157e-06,3.5347844626831666e-06,-1.4844261956610942e-06,3.7891360640718113e-06,1.942498382228413e-06,1.2733971326101421e-06,1.0169371003710198e-06
2002-11-29,0.0,-3.774164198074275e-07,-1.232874956389908e-08,-2.591402342678037e-07,-6.011527562052946e-07,-1.0501347526966598e-07,0.0,-2.7867136838230814e-07,-5.816745744241772e-09,-5.732352191115432e-07,0.0,-7.423846221930888e-07,-2.8716798398594215e-07,-1.3878550366470895e-07,0.0,1.8930416697618411e-06,1.4882508458860101e-06,1.8243424489823033e-06,5.50807230979945e-06,0.0,9.426256461410804e-07,1.0826979860335412e-06,1.543214507596664e-06,4.751201485661544e-06,1.642107601661582e-06,1.2575856129700716e-06,9.655901040284578e-07,6.456443568972994e-07,1.5736819943036613e-06,1.0398979296216038e-06,1.8573584129204376e-06,1.0180283409004421e-06,1.0854502042716147e-06,-1.651469362806691e-06,0.0,1.1271074469414704e-06,7.31675322025671e-07,1.2092723081962316e-06,0.0,0.0,9.818653093708823e-08,0.0,2.5630737699727255e-06,2.999416969908089e-06,0.0,0.0,2.1807836918101686e-06,7.347356452191273e-07,8.247939932157708e-07,1.2020504714218899e-06,-1.542081632442504e-06,8.956371737481703e-07,1.0451275853316104e-06,4.703984338283118e-07,8.90997226261157e-06,3.5347844626831666e-06,-5.513966718631868e-07,3.7891360640718113e-06,9.979775526035628e-07,1.8546583273295432e-06,1.0169371003710198e-06
2002-12-31,0.0,-3.774164198074275e-07,0.0,-2.591402342678037e-07,-1.3923288092217655e-07,0.0,0.0,-1.6234556291392474e-07,0.0,-5.732352191115432e-07,0.0,-1.4582615024172426e-07,-4.409066067412256e-07,-6.814675965323046e-07,0.0,3.0390461259970645e-06,1.4882508458860101e-06,2.9341493669773004e-06,7.446064568934097e-06,0.0,1.264854815524063e-06,3.98672264475841e-06,2.1978088176472264e-06,6.6791724147006034e-06,2.7786028637539596e-06,2.0781843710931592e-06,1.4479963516015882e-06,9.311538517470767e-07,2.558372233420958e-06,1.8552932237647339e-06,2.7848750737459102e-06,1.0180283409004421e-06,1.0854502042716147e-06,-2.490285594326194e-06,0.0,1.1271074469414704e-06,1.0272367122312013e-06,1.2092723081962316e-06,0.0,0.0,4.761125733370663e-07,0.0,2.5630737699727255e-06,-7.12019542640585e-07,0.0,0.0,1.5353468231246674e-06,7.347356452191273e-07,8.247939932157708e-07,1.8476273869115143e-06,-1.542081632442504e-06,-8.827867305869205e-07,1.8534347142525882e-06,0.0,5.778571539745321e-06,3.5347844626831666e-06,-2.3715384950747847e-07,3.7891360640718113e-06,0.0,1.8546583273295432e-06,-3.6973691820595354e-07
2003-01-31,0.0,-2.697893078771529e-07,0.0,-1.520408187375249e-07,-4.524122044858113e-08,0.0,0.0,-7.962842111657656e-08,0.0,-4.104916344751576e-07,-2.183211887220944e-06,0.0,-4.409066067412256e-07,-6.814675965323046e-07,0.0,3.0390461259970645e-06,1.4882508458860101e-06,2.9341493669773004e-06,7.446064568934097e-06,0.0,1.264854815524063e-06,3.98672264475841e-06,1.4064849180909221e-06,4.188830375791273e-06,2.7786028637539596e-06,2.0781843710931592e-06,1.4479963516015882e-06,9.311538517470767e-07,1.7305133256550141e-06,1.2382919537842932e-06,2.7848750737459102e-06,1.0180283409004421e-06,1.0854502042716147e-06,-1.6490727273262327e-06,0.0,1.1271074469414704e-06,1.0272367122312013e-06,8.649027094000235e-07,1.0269475405932546e-06,5.197131385212169e-07,3.365208903752082e-07,0.0,1.4009613336783102e-06,2.7573973501875356e-06,0.0,0.0,2.1473133052962045e-06,1.2390890317494533e-06,4.5281976847788403e-07,-2.774665994082038e-06,-1.542081632442504e-06,6.970129787203562e-07,1.8534347142525882e-06,1.1261491962242912e-06,5.778571539745321e-06,3.5347844626831666e-06,-3.263934208101343e-07,3.7891360640718113e-06,5.644367312115973e-07,1.8546583273295432e-06,1.8364868872977902e-06
2003-02-28,0.0,-4.6611755970648914e-07,0.0,-1.520408187375249e-07,0.0,0.0,0.0,-2.2006547983923894e-07,0.0,-8.552351518369965e-07,-2.183211887220944e-06,-9.271563347100786e-07,-6.05442621608995e-07,-4.391178501266199e-07,0.0,1.889824420796882e-06,6.894359065180613e-07,1.1014415367124452e-06,3.855988611697127e-06,0.0,2.6589434900264476e-07,1.1648308160811962e-06,1.4064849180909221e-06,4.188830375791273e-06,1.431468302922644e-06,1.5298172710769788e-06,1.0414859643622449e-06,6.234778924068242e-07,1.1509130107619733e-06,9.026954450581167e-07,1.6754173297641973e-06,5.641820399832006e-07,5.301363569170031e-07,-8.596420795702254e-07,0.0,6.465843350727813e-07,1.0272367122312013e-06,6.142840469695562e-07,1.0269475405932546e-06,5.197131385212169e-07,3.89979157363867e-08,0.0,6.546182055607875e-07,1.7280247234245022e-06,0.0,0.0,0.0,5.455617732743464e-07,0.0,-1.4736059069746842e-06,-1.542081632442504e-06,-7.656443513644708e-07,1.8534347142525882e-06,1.1261491962242912e-06,-6.903527772712585e-06,2.3370542836585045e-06,0.0,3.7891360640718113e-06,5.644367312115973e-07,1.8546583273295432e-06,1.8364868872977902e-06
2003-03-31,0.0,-1.6926170841340716e-07,0.0,0.0,0.0,0.0,0.0,-8.260603861255777e-08,0.0,-3.1818291978698864e-07,-1.2002876111394439e-06,-1.6401116175952666e-07,-3.909293486490587e-07,-4.391178501266199e-07,0.0,9.118956743126026e-07,4.6280752101027584e-07,6.332715220371631e-07,1.4834588482027505e-06,0.0,1.947263648537759e-07,1.1648308160811962e-06,4.0506023279717267e-07,1.1651782812738658e-06,7.841174811297314e-07,7.118531602179124e-07,5.220064351689264e-07,3.261994981461122e-07,5.877037356570994e-07,4.0318966751895137e-07,9.28377619267255e-07,2.2863789006008077e-07,3.6383806758861885e-07,-8.596420795702254e-07,0.0,3.1667655406133926e-07,2.1930720563923421e-07,1.8212130394534222e-07,2.6696455242887766e-07,1.909124454401077e-07,3.89979157363867e-08,0.0,6.546182055607875e-07,-4.466672978836242e-07,0.0,0.0,0.0,5.455617732743464e-07,0.0,6.174632764339067e-07,0.0,-7.656443513644708e-07,1.1681506865604342e-06,7.131339411724658e-07,1.7707454224999314e-06,1.4572597965203879e-06,2.106625000815143e-06,1.8057813271766653e-06,3.9149843742416226e-07,9.185956080708913e-07,0.0
2003-04-30,-8.821544531074615e-07,-1.092100340385778e-07,0.0,0.0,0.0,0.0,0.0,-2.3363765712738462e-08,0.0,-3.1818291978698864e-07,-2.139428893839126e-06,-1.6401116175952666e-07,-6.228366070885348e-07,-4.391178501266199e-07,0.0,1.714253791093313e-06,7.764377761479298e-07,1.102262001994977e-06,2.4903781215594073e-06,0.0,2.871876833397458e-07,2.692737187557119e-06,9.044846439558249e-07,2.015795568990838e-06,1.6518996675762255e-06,1.4615294926241936e-06,1.054282069708004e-06,6.704075883402878e-07,1.1444547611973213e-06,7.947592944300228e-07,1.2601700891859013e-06,4.6398467576407694e-07,7.559626501813232e-07,-1.5229540662657738e-06,0.0,4.7231295656632734e-07,4.43283938994195e-07,4.0771579389600107e-07,5.496656443758608e-07,3.670764952181468e-07,8.103887377734649e-08,0.0,1.0883857540643241e-06,-1.132109294033496e-06,0.0,0.0,0.0,8.850905651462207e-07,1.0289480094610504e-07,6.174632764339067e-07,8.57154994149767e-07,8.474126747892762e-07,2.3009606231236906e-06,1.92663899923072e-06,1.7707454224999314e-06,2.3908874072437774e-06,0.0,3.116921927150431e-06,5.84289068369074e-07,1.3624275680855384e-06,0.0
2003-05-30,-8.821544531074615e-07,-4.698844522433671e-07,0.0,-1.773455210799394e-07,-1.9058690979712044e-07,0.0,0.0,-9.879739090208288e-08,0.0,1.3615913655832511e-06,-2.139428893839126e-06,-1.6401116175952666e-07,-1.3145169009854061e-06,0.0,0.0,7.491888187166688e-07,7.764377761479298e-07,1.102262001994977e-06,2.4903781215594073e-06,0.0,8.374801363347249e-08,0.0,1.322659954390235e-06,2.9971705726552675e-06,9.325572578525694e-07,1.0634030502231662e-06,7.666842951527172e-07,6.704075883402878e-07,1.1444547611973213e-06,7.947592944300228e-07,8.971395754610619e-07,4.6398467576407694e-07,5.018362757829565e-07,1.0305696006893846e-06,0.0,4.7231295656632734e-07,8.223024846755285e-07,6.494671374188862e-07,8.054438409897596e-07,5.246884345035371e-07,2.090322683883471e-07,0.0,1.0883857540643241e-06,-1.132109294033496e-06,0.0,0.0,0.0,8.850905651462207e-07,-1.234147179764411e-06,2.7429864404812107e-07,1.3668458860943417e-06,-9.323912888356249e-07,1.5327248781648152e-06,1.92663899923072e-06,-8.647379438636156e-06,2.3908874072437774e-06,3.4759909526465763e-06,3.116921927150431e-06,5.84289068369074e-07,1.3624275680855384e-06,1.6088698237976974e-06
2003-06-30,9.475690988493489e-07,8.734921152605426e-07,0.0,0.0,0.0,0.0,0.0,0.0,0.0,1.3615913655832511e-06,1.7240067307633027e-06,-9.525801665812979e-08,9.496641539809278e-07,0.0,9.683969423494274e-07,7.491888187166688e-07,5.630446510028616e-07,8.149858600503736e-07,2.4903781215594073e-06,0.0,1.1739304843438429e-07,9.443259441657309e-07,7.775871770480732e-07,1.4334312857113152e-06,9.325572578525694e-07,1.0634030502231662e-06,7.666842951527172e-07,4.376122974835982e-07,1.1444547611973213e-06,7.947592944300228e-07,8.971395754610619e-07,4.6398467576407694e-07,-2.610956000766133e-07,4.601203786503272e-07,0.0,4.7231295656632734e-07,8.223024846755285e-07,6.494671374188862e-07,8.054438409897596e-07,5.246884345035371e-07,2.090322683883471e-07,0.0,1.0883857540643241e-06,-1.132109294033496e-06,0.0,0.0,-1.444397874428436e-08,0.0,-1.234147179764411e-06,4.480043486671228e-07,1.3668458860943417e-06,-6.902824548813752e-07,0.0,1.92663899923072e-06,-8.647379438636156e-06,1.0557198812000755e-06,0.0,3.116921927150431e-06,5.84289068369074e-07,1.3624275680855384e-06,0.0
2003-07-31,9.475690988493489e-07,8.734921152605426e-07,0.0,0.0,0.0,0.0,1.4101639636273538e-06,0.0,7.659001307114567e-07,1.3615913655832511e-06,1.7240067307633027e-06,-2.552506466504864e-07,1.4416062736112491e-06,0.0,9.683969423494274e-07,7.491888187166688e-07,5.630446510028616e-07,8.149858600503736e-07,3.322731583636331e-06,0.0,1.65317886105361e-08,9.443259441657309e-07,7.775871770480732e-07,1.4334312857113152e-06,9.325572578525694e-07,1.0634030502231662e-06,7.666842951527172e-07,4.376122974835982e-07,7.265277544987189e-07,7.947592944300228e-07,8.971395754610619e-07,4.6398467576407694e-07,-2.610956000766133e-07,6.6550729444092e-07,0.0,4.7231295656632734e-07,8.223024846755285e-07,9.153809233079061e-07,1.139170401810873e-06,7.615265295344634e-07,3.1781477618733116e-07,0.0,1.0883857540643241e-06,2.4054275701954335e-06,0.0,0.0,1.4293902778255069e-06,-8.702439820609028e-08,-1.234147179764411e-06,4.480043486671228e-07,1.3668458860943417e-06,2.4372195488561134e-07,0.0,1.92663899923072e-06,-8.647379438636156e-06,2.137991660744923e-06,0.0,0.0,-2.2627582754215362e-06,0.0,0.0
2003-08-29,1.5690925506568815e-06,1.6209894073675414e-06,0.0,-5.547951749782256e-08,0.0,-3.7199999105436196e-07,1.4101639636273538e-06,0.0,1.0857409381050794e-06,1.3615913655832511e-06,1.7240067307633027e-06,1.3387716474657548e-06,1.4416062736112491e-06,2.344249188815214e-06,1.8475906971902937e-06,1.149515263482878e-06,5.630446510028616e-07,9.002155097155615e-08,3.322731583636331e-06,0.0,9.422478319034608e-07,-1.4724144648876696e-06,1.574171307937243e-06,2.9305178671759493e-06,1.6263285539307278e-06,1.4590600888064476e-06,7.666842951527172e-07,4.376122974835982e-07,1.2194217297549008e-06,1.335598327633302e-06,1.3576659273955166e-06,7.664157368690123e-07,1.3870415168692016e-06,-1.276503642804523e-06,0.0,3.5097304922860717e-07,1.321712602718558e-06,9.153809233079061e-07,1.523170830881829e-06,7.615265295344634e-07,3.1781477618733116e-07,0.0,1.4826853255865555e-06,2.4054275701954335e-06,0.0,0.0,1.4293902778255069e-06,0.0,-1.701873372582352e-06,4.480043486671228e-07,9.85750541239435e-07,-1.0335158905317791e-06,-1.990505700343412e-07,1.92663899923072e-06,-1.3789782444621892e-05,2.137991660744923e-06,0.0,0.0,9.056405722290135e-07,6.616688338630774e-07,-2.6573033254950984e-07
2003-09-30,1.5690925506568815e-06,1.6209894073675414e-06,1.6927578736994852e-06,4.797777722317829e-07,1.8781789891403002e-06,1.8555209794228755e-06,2.4159455764762046e-06,1.316932361151025e-06,6.979195587405751e-07,1.3615913655832511e-06,1.7240067307633027e-06,9.832809613326983e-07,1.4416062736112491e-06,2.344249188815214e-06,1.8475906971902937e-06,1.149515263482878e-06,1.3913158082643277e-06,1.3254624683170341e-06,5.1337532331423235e-06,0.0,9.422478319034608e-07,-1.4724144648876696e-06,1.574171307937243e-06,2.09675309783953e-06,1.6263285539307278e-06,1.4590600888064476e-06,7.666842951527172e-07,6.322933681618907e-07,1.2194217297549008e-06,1.335598327633302e-06,1.8931620608081884e-06,7.664157368690123e-07,1.3870415168692016e-06,-2.386072453064012e-06,0.0,6.628927539541047e-07,1.321712602718558e-06,1.2674102285240133e-06,1.523170830881829e-06,1.0372818183396125e-06,5.26234954788313e-07,0.0,2.1066987558114333e-06,3.513904683611501e-06,0.0,0.0,1.4293902778255069e-06,0.0,2.186210089413447e-07,1.328798778199283e-06,1.7213785225950616e-06,-1.0335158905317791e-06,0.0,1.92663899923072e-06,-1.3789782444621892e-05,0.0,0.0,3.861795121178447e-06,1.5024447257315366e-06,6.616688338630774e-07,-2.6573033254950984e-07
2003-10-31,1.171820011907451e-06,1.6209894073675414e-06,1.6927578736994852e-06,4.797777722317829e-07,1.3868507114557203e-06,1.8555209794228755e-06,1.7955764711530623e-06,9.807721617450035e-07,4.645898790218706e-07,1.3615913655832511e-06,1.7240067307633027e-06,5.584946963351742e-07,1.4416062736112491e-06,2.344249188815214e-06,1.8475906971902937e-06,8.463233371810891e-07,1.3913158082643277e-06,1.3254624683170341e-06,3.7802812303638747e-06,0.0,-3.5743955784763496e-07,-1.4724144648876696e-06,-1.4312884180066309e-06,-4.554808581261628e-06,1.2115169399581138e-06,1.4590600888064476e-06,7.666842951527172e-07,6.322933681618907e-07,1.2194217297549008e-06,1.335598327633302e-06,1.8931620608081884e-06,5.635214687023932e-07,7.943516078012208e-07,-2.386072453064012e-06,0.0,2.971479517807707e-07,1.321712602718558e-06,1.2674102285240133e-06,8.312250002068386e-07,1.0372818183396125e-06,3.6270630257090145e-07,0.0,1.440136564382334e-06,2.052232528811305e-06,0.0,0.0,1.4293902778255069e-06,0.0,4.842624503874326e-08,1.328798778199283e-06,-1.406950621251125e-06,-1.0335158905317791e-06,-9.62170794502883e-09,9.834956913303152e-07,-7.308477639158219e-06,-4.531968480028736e-06,0.0,2.052449306397198e-06,9.09395332074954e-07,6.616688338630774e-07,-4.534093725756987e-07
2003-11-28,1.171820011907451e-06,1.6209894073675414e-06,1.1695392015323488e-06,2.671131295933081e-07,1.3868507114557203e-06,1.0299749347899156e-06,1.2258667881175667e-06,9.807721617450035e-07,4.645898790218706e-07,1.3615913655832511e-06,1.7240067307633027e-06,4.085159935189012e-07,1.0443942784584592e-06,1.6603885263148639e-06,1.8475906971902937e-06,8.463233371810891e-07,8.89505064467711e-07,1.3254624683170341e-06,2.527217271206659e-06,0.0,0.0,-1.4724144648876696e-06,-8.74456609581583e-07,-4.554808581261628e-06,1.2115169399581138e-06,1.4590600888064476e-06,7.666842951527172e-07,6.322933681618907e-07,1.2194217297549008e-06,1.335598327633302e-06,1.0747976750205954e-06,5.635214687023932e-07,4.229898362353004e-07,-9.762112345011845e-07,0.0,8.175865574365314e-08,8.448079752022089e-07,7.604003691110027e-07,8.312250002068386e-07,6.24161201389554e-07,3.6270630257090145e-07,0.0,1.440136564382334e-06,1.0412508760140192e-06,0.0,0.0,8.968497585258602e-07,0.0,1.662851871843804e-07,1.328798778199283e-06,-1.406950621251125e-06,-2.0258506869527685e-07,1.4429535982878633e-06,9.834956913303152e-07,-4.767116826166035e-06,-4.531968480028736e-06,0.0,1.4576628986503472e-06,1.332705679990721e-06,6.616688338630774e-07,1.160864366333552e-06
2003-12-31,1.171820011907451e-06,1.6209894073675414e-06,1.7948923248719756e-06,4.670270984538514e-07,1.913588282414524e-06,1.6202577672809417e-06,1.2258667881175667e-06,9.807721617450035e-07,6.704676163195133e-07,1.8505167825098698e-06,1.7240067307633027e-06,6.909380972457554e-07,1.0443942784584592e-06,1.2010059611205016e-06,1.8475906971902937e-06,8.463233371810891e-07,1.5259063614143992e-06,2.163097806656229e-06,5.2725155296863184e-06,0.0,0.0,-1.4724144648876696e-06,-1.7123155068450556e-06,-4.554808581261628e-06,1.2115169399581138e-06,1.4590600888064476e-06,7.666842951527172e-07,6.322933681618907e-07,1.2194217297549008e-06,1.335598327633302e-06,1.0747976750205954e-06,5.635214687023932e-07,1.1643288762786365e-06,-2.826011194061997e-06,0.0,2.884577011887498e-07,8.448079752022089e-07,7.604003691110027e-07,8.312250002068386e-07,6.24161201389554e-07,1.6215012144253143e-07,0.0,2.0654258954817853e-06,1.488317072993647e-06,0.0,0.0,1.8420958552672806e-06,0.0,1.1143873181354246e-07,4.4560348783702744e-07,-1.406950621251125e-06,-3.423623457409614e-07,1.4429535982878633e-06,5.89915812853286e-07,-4.767116826166035e-06,-4.531968480028736e-06,3.7657193403905238e-06,2.7008098584142487e-06,1.332705679990721e-06,6.616688338630774e-07,1.6055730097699258e-06
2004-01-30,1.171820011907451e-06,1.048804262944106e-06,1.1318284204752093e-06,3.191861269789589e-07,1.247914030251942e-06,1.1543896651911804e-06,7.756637679340061e-07,9.807721617450035e-07,4.4783212687561056e-07,1.1349142249610682e-06,1.2512774863260565e-06,6.909380972457554e-07,6.646470038992709e-07,7.325809282080706e-07,1.047167185228799e-06,2.710789733629377e-07,8.160676925965265e-07,1.1753894563760977e-06,2.7146433254133205e-06,0.0,0.0,-1.4724144648876696e-06,-8.431559338323623e-07,-2.747908045556529e-06,7.466289754469697e-07,8.716468256975879e-07,5.598490080062447e-07,6.322933681618907e-07,6.710792260498453e-07,4.2788276705236704e-07,6.270834340303993e-07,2.689227026637016e-07,7.674795447832634e-07,1.4937060087184042e-07,0.0,2.100132857020198e-07,4.904527154503735e-07,5.451007763658736e-07,5.947934649879612e-07,3.316365723086849e-07,9.957449464643427e-08,0.0,6.638690235207466e-07,8.686336601303499e-07,0.0,0.0,3.834381012799509e-07,0.0,0.0,4.4560348783702744e-07,-1.0240169861453136e-06,-7.064033398286575e-07,1.0718707575358396e-06,5.89915812853286e-07,-4.767116826166035e-06,-3.369361281725768e-06,1.924524915604549e-06,1.487600295599676e-06,7.416258875710432e-07,4.5784677764095634e-07,9.131472235380622e-07
2004-02-27,8.339146249218845e-07,1.048804262944106e-06,1.1318284204752093e-06,3.191861269789589e-07,1.247914030251942e-06,1.1543896651911804e-06,4.55258700171999e-07,5.140669349431159e-07,4.4783212687561056e-07,1.1349142249610682e-06,1.2512774863260565e-06,6.909380972457554e-07,6.646470038992709e-07,7.325809282080706e-07,1.047167185228799e-06,5.320600968847193e-07,6.497528536988891e-08,4.210561300750133e-07,2.7146433254133205e-06,0.0,0.0,-1.4724144648876696e-06,-8.431559338323623e-07,-2.747908045556529e-06,1.6345610919822929e-06,1.1643222932379573e-06,5.598490080062447e-07,6.322933681618907e-07,4.29129917287863e-07,4.2788276705236704e-07,6.270834340303993e-07,2.689227026637016e-07,3.462271885206436e-07,1.1529146199523592e-06,0.0,1.4959887758779673e-07,3.3025533552167543e-07,5.451007763658736e-07,2.3451097841373624e-07,3.316365723086849e-07,-1.5520304267507648e-07,0.0,6.638690235207466e-07,8.686336601303499e-07,0.0,0.0,3.834381012799509e-07,-5.123317990001571e-07,5.509318452528082e-07,4.4560348783702744e-07,7.374952827549763e-07,6.433765381720352e-07,1.0718707575358396e-06,5.89915812853286e-07,5.626554624564542e-06,-3.369361281725768e-06,1.924524915604549e-06,1.487600295599676e-06,5.106848521867141e-07,4.5784677764095634e-07,5.025459609206316e-07
2004-03-31,5.904894317401249e-07,7.001522549210922e-07,6.619119156560625e-07,1.951988397347832e-07,9.085452670510536e-07,5.887162079883684e-07,2.914797445071317e-07,3.064519698077096e-07,2.896514728828273e-07,1.1349142249610682e-06,8.899178270684777e-07,3.3330928965323014e-07,6.646470038992709e-07,7.325809282080706e-07,7.837495120327806e-07,3.501935472686826e-07,9.654916253865436e-07,1.1774132304586413e-06,2.7146433254133205e-06,0.0,-2.7021841344603093e-08,-7.947391942612873e-07,-8.431559338323623e-07,-1.996439504651492e-06,1.6345610919822929e-06,1.1643222932379573e-06,5.598490080062447e-07,6.322933681618907e-07,4.29129917287863e-07,3.064798921028552e-07,6.270834340303993e-07,1.9435592324795337e-07,3.462271885206436e-07,0.0,0.0,3.791775871959026e-07,3.3025533552167543e-07,5.451007763658736e-07,2.3451097841373624e-07,1.47516919812467e-07,-2.0969761364272686e-07,0.0,6.638690235207466e-07,4.2844246678665616e-07,8.847723172109982e-08,0.0,3.834381012799509e-07,0.0,-4.487662131241009e-07,8.540986735487368e-07,9.862476408890873e-07,6.433765381720352e-07,7.461400816072789e-07,5.89915812853286e-07,5.626554624564542e-06,-1.1778417367508428e-06,1.3485830186957939e-06,7.930477882692097e-07,5.106848521867141e-07,4.5784677764095634e-07,5.025459609206316e-07
2004-04-30,5.904894317401249e-07,7.001522549210922e-07,6.619119156560625e-07,1.951988397347832e-07,9.085452670510536e-07,8.176369722694428e-07,4.1022067309284745e-07,4.3746064631531915e-07,2.896514728828273e-07,1.1349142249610682e-06,8.899178270684777e-07,3.3330928965323014e-07,4.5596089520873717e-07,7.325809282080706e-07,7.837495120327806e-07,0.0,9.654916253865436e-07,1.1774132304586413e-06,2.7146433254133205e-06,0.0,0.0,-7.947391942612873e-07,-8.431559338323623e-07,-1.996439504651492e-06,1.6345610919822929e-06,-2.7805667115583483e-07,-7.353236189928858e-07,-1.9720946247894502e-07,4.29129917287863e-07,3.064798921028552e-07,8.508964926633375e-07,1.9435592324795337e-07,3.462271885206436e-07,-1.67292328051654e-06,0.0,3.791775871959026e-07,6.492192418206834e-07,5.451007763658736e-07,4.067039462541017e-07,1.47516919812467e-07,-2.0969761364272686e-07,0.0,6.638690235207466e-07,4.2844246678665616e-07,1.792050831172949e-07,2.4197929971487537e-07,2.400294457055614e-07,-1.1884275890965854e-06,-3.166028745026016e-07,1.145469821783936e-06,5.790494492435077e-07,-1.3208411394674415e-07,2.8760935361303173e-07,7.987138148522446e-07,3.0753656029408382e-06,-1.6939866298210586e-06,8.996709106875901e-07,7.930477882692097e-07,5.106848521867141e-07,4.5784677764095634e-07,2.1205992741859903e-07
2004-05-31,5.904894317401249e-07,7.001522549210922e-07,6.619119156560625e-07,1.0388317346461628e-07,9.085452670510536e-07,8.176369722694428e-07,4.1022067309284745e-07,4.3746064631531915e-07,2.896514728828273e-07,7.975471406268363e-07,8.899178270684777e-07,3.3330928965323014e-07,1.284734890319478e-07,7.325809282080706e-07,7.837495120327806e-07,-4.757272049828839e-09,-8.44397917373585e-07,-5.306363016541718e-07,0.0,0.0,0.0,-7.947391942612873e-07,-1.1674513483007864e-06,-1.996439504651492e-06,-3.4383996656644244e-08,0.0,0.0,-1.9720946247894502e-07,4.29129917287863e-07,4.9751955865887e-07,8.508964926633375e-07,3.6383515169619427e-07,2.4160739326825737e-07,-1.67292328051654e-06,0.0,3.791775871959026e-07,6.492192418206834e-07,3.637392152208733e-07,4.067039462541017e-07,2.153179897354544e-07,-2.0969761364272686e-07,0.0,6.638690235207466e-07,6.387503544454332e-07,0.0,0.0,3.570694714764951e-07,-1.1884275890965854e-06,-6.464121832742699e-07,1.145469821783936e-06,5.790494492435077e-07,5.576113945898119e-07,4.085432944338547e-07,7.987138148522446e-07,-1.8630943613092742e-06,-1.6939866298210586e-06,8.996709106875901e-07,7.930477882692097e-07,5.106848521867141e-07,3.0651874780273347e-07,-1.0248188002591168e-06
2004-06-30,9.92266532344941e-07,1.0401468831571074e-06,1.2546142638360276e-06,2.8629867856545255e-07,1.2851301429143925e-06,1.4303285012919958e-06,8.094698276034435e-07,2.8456912383421375e-07,2.896514728828273e-07,1.2880373623354998e-06,1.5971095370556417e-06,5.522922360219262e-07,8.672287993019419e-07,1.1430282182656818e-06,1.6301584644920196e-06,1.6574943018086583e-06,-3.1877621955200904e-07,0.0,4.713007330448248e-06,0.0,0.0,-1.878468097146129e-07,-1.7092643139080125e-06,-2.696593531500714e-06,-3.804458305653454e-07,0.0,-4.8403450176849876e-08,-4.4865388877943856e-07,6.905167560294603e-07,6.868594321927357e-07,5.876500667648944e-07,1.491072823063733e-07,3.719674916770391e-07,-2.4261724759766213e-06,0.0,3.791775871959026e-07,6.492192418206834e-07,3.637392152208733e-07,6.355552792335104e-07,2.8771375095706626e-07,-2.0969761364272686e-07,0.0,1.1256218092928024e-06,6.387503544454332e-07,0.0,0.0,4.7631392027280886e-07,-1.9271633202588946e-06,-6.464121832742699e-07,5.735280958058064e-07,1.4683196084582785e-06,-4.254942420794121e-07,4.085432944338547e-07,7.987138148522446e-07,5.504747311989552e-06,-3.0328793048178845e-06,8.996709106875901e-07,1.340405439856923e-06,6.932526016257597e-07,4.7609811079841067e-07,-1.4308000539776545e-06
2004-07-30,9.92266532344941e-07,1.4485035480794207e-06,1.2546142638360276e-06,4.2734048686341004e-07,1.8230273344769198e-06,2.0056218278271315e-06,1.3022905056503813e-06,4.879279700986263e-07,2.0427753173840583e-07,1.2880373623354998e-06,1.5971095370556417e-06,7.436759294485147e-07,1.2686758669845508e-06,1.1430282182656818e-06,1.6301584644920196e-06,2.2278727497319877e-06,1.884240568809635e-06,2.6143234691085566e-06,6.51871134651585e-06,0.0,0.0,-1.878468097146129e-07,-2.3038373810853676e-06,-3.9988764382493074e-06,2.7249246991914204e-06,2.2026429789026044e-06,1.4697661289160384e-06,9.71299492794018e-07,9.91161497636406e-07,9.489728174699122e-07,1.1829974939541067e-06,1.491072823063733e-07,6.189141576545413e-07,-3.6075934148032473e-06,0.0,6.446333299454707e-07,6.492192418206834e-07,5.300803210211e-07,9.43858808125518e-07,2.8771375095706626e-07,-5.238550297828277e-07,0.0,2.8992457784967815e-07,1.1055386793746986e-06,0.0,0.0,7.494574117300904e-07,3.083001854700203e-07,-9.607912300061602e-07,5.735280958058064e-07,2.006000953244108e-06,-1.3066140499290714e-06,-2.501543443504035e-06,7.987138148522446e-07,-2.081042015353192e-06,0.0,-2.968778663228546e-06,2.0458158039650477e-06,6.932526016257597e-07,4.7609811079841067e-07,-2.178519843729133e-06
2004-08-31,1.4359793230914827e-06,1.4485035480794207e-06,1.7234954352238136e-06,3.094617215393394e-07,1.8230273344769198e-06,2.0056218278271315e-06,1.8051933327634541e-06,5.0933146985367315e-08,0.0,-2.4237327154201914e-06,2.3765932251647057e-06,1.812455900438826e-07,1.2686758669845508e-06,1.6362673918032315e-06,2.268263467188885e-06,2.2278727497319877e-06,0.0,2.6143234691085566e-06,6.51871134651585e-06,0.0,0.0,2.1797948797046006e-06,9.199375856984509e-07,9.17390439655398e-06,2.7249246991914204e-06,2.2026429789026044e-06,1.4697661289160384e-06,1.3067679780643826e-06,9.91161497636406e-07,9.489728174699122e-07,1.8230402748878995e-06,8.159927434909336e-07,3.4106846678918644e-07,2.905895886534058e-06,0.0,0.0,8.972399870135881e-07,5.300803210211e-07,9.43858808125518e-07,4.5285023545475043e-07,-5.238550297828277e-07,0.0,5.409338845014006e-07,1.1055386793746986e-06,0.0,0.0,3.765555653733113e-07,1.1156104633847532e-07,-9.607912300061602e-07,1.3942737964989657e-06,2.006000953244108e-06,-1.3066140499290714e-06,-2.501543443504035e-06,1.1746377158919145e-06,7.416368189088359e-06,0.0,-2.968778663228546e-06,2.0458158039650477e-06,1.2046864333478628e-06,8.709300391272708e-07,-2.178519843729133e-06
2004-09-30,1.4359793230914827e-06,1.4485035480794207e-06,1.7234954352238136e-06,5.928142964615814e-07,2.9893300622498268e-06,2.0056218278271315e-06,-4.444712822465794e-07,0.0,-1.355877974089468e-06,-2.4237327154201914e-06,2.3765932251647057e-06,-1.4072603880109762e-06,1.2686758669845508e-06,4.85963471117503e-07,2.268263467188885e-06,2.2278727497319877e-06,2.496749960727673e-06,3.6718531033677806e-06,8.920950957942958e-06,0.0,1.8267590206357923e-06,2.9865945501678106e-06,2.8432753488014977e-07,9.17390439655398e-06,2.7249246991914204e-06,2.2026429789026044e-06,1.4697661289160384e-06,1.3067679780643826e-06,1.401869663162241e-06,9.489728174699122e-07,7.881146661561987e-07,0.0,-1.3100282536735922e-06,4.5289071019002333e-07,0.0,1.5002145298880612e-08,8.972399870135881e-07,5.300803210211e-07,9.43858808125518e-07,4.5285023545475043e-07,-3.358786589585896e-07,0.0,5.409338845014006e-07,1.6545355498618402e-06,0.0,0.0,3.765555653733113e-07,-2.356390750378891e-06,-9.607912300061602e-07,1.3942737964989657e-06,2.006000953244108e-06,1.214935924012689e-06,-2.501543443504035e-06,1.1746377158919145e-06,-9.442641064655468e-07,0.0,-4.82187325722218e-06,0.0,-7.714884948068823e-07,0.0,-2.178519843729133e-06
2004-10-29,1.4359793230914827e-06,1.4485035480794207e-06,1.2869134431199124e-06,5.928142964615814e-07,2.9893300622498268e-06,2.0056218278271315e-06,-1.7200357739485726e-07,0.0,1.1414019843374508e-08,1.1746763283789027e-06,2.3765932251647057e-06,1.424214972275491e-06,1.2686758669845508e-06,4.85963471117503e-07,2.268263467188885e-06,2.2278727497319877e-06,2.496749960727673e-06,3.6718531033677806e-06,8.920950957942958e-06,0.0,1.8267590206357923e-06,2.9865945501678106e-06,0.0,9.17390439655398e-06,2.7249246991914204e-06,2.2026429789026044e-06,1.4697661289160384e-06,1.3067679780643826e-06,1.401869663162241e-06,9.489728174699122e-07,7.881146661561987e-07,0.0,5.468911799193443e-07,7.253942802494402e-07,0.0,0.0,6.578553438150722e-07,5.300803210211e-07,5.843325000891564e-07,3.3691274909868933e-07,6.083886405666051e-08,0.0,5.409338845014006e-07,5.424721084560176e-07,0.0,0.0,2.504413115466017e-07,-2.356390750378891e-06,-9.607912300061602e-07,1.3942737964989657e-06,2.006000953244108e-06,3.292504391605202e-07,-2.501543443504035e-06,-1.926237180842479e-06,0.0,0.0,-4.82187325722218e-06,0.0,-7.714884948068823e-07,0.0,-2.178519843729133e-06
2004-11-30,1.4359793230914827e-06,1.4485035480794207e-06,1.2869134431199124e-06,1.8546505290805977e-07,1.2753732413416892e-06,2.0056218278271315e-06,-2.7727938584381454e-07,2.878732457009632e-07,9.985521537462803e-07,4.755787901757842e-07,2.3765932251647057e-06,7.853278919575224e-07,1.2686758669845508e-06,1.4563108053030423e-07,2.268263467188885e-06,2.2278727497319877e-06,8.789568705061559e-07,1.5270601490643331e-06,3.4968082058030573e-06,0.0,0.0,2.1515017987347677e-06,2.2717869597553427e-06,6.570465360378714e-06,2.7249246991914204e-06,2.2026429789026044e-06,1.4697661289160384e-06,5.999551558325194e-07,1.401869663162241e-06,9.489728174699122e-07,7.881146661561987e-07,5.311706377951251e-07,8.290394840414386e-08,4.129990044669123e-06,0.0,0.0,2.772057487822329e-07,5.300803210211e-07,5.843325000891564e-07,2.5191330636731855e-07,-1.4480503316190012e-07,0.0,0.0,5.424721084560176e-07,0.0,0.0,0.0,-1.1234908020072182e-06,0.0,1.3942737964989657e-06,2.006000953244108e-06,3.292504391605202e-07,-2.501543443504035e-06,1.7823803392678208e-07,0.0,0.0,-4.82187325722218e-06,0.0,-1.955343005748643e-06,0.0,-2.178519843729133e-06
2004-12-31,0.0,0.0,2.069569231480593e-06,4.6216345680595666e-07,2.538880488689204e-06,2.0056218278271315e-06,-7.49698657625497e-07,0.0,6.210264908354831e-07,0.0,0.0,7.853278919575224e-07,1.854584111984787e-06,3.317689268000708e-07,2.268263467188885e-06,2.2278727497319877e-06,1.7613614567541515e-06,1.5270601490643331e-06,3.4968082058030573e-06,0.0,2.842673795352169e-07,3.0955060054158524e-06,2.2717869597553427e-06,6.570465360378714e-06,-3.256219380358602e-06,3.392105411350677e-06,1.4697661289160384e-06,5.999551558325194e-07,8.915130415166386e-07,9.489728174699122e-07,2.4061523274870027e-07,0.0,1.4509056090251165e-07,4.129990044669123e-06,0.0,0.0,1.434112763925736e-07,5.300803210211e-07,5.843325000891564e-07,2.5191330636731855e-07,-2.455189138760807e-07,0.0,3.757112230540554e-07,9.170231706248604e-07,0.0,3.8836546859243094e-07,2.762438432196553e-08,-1.968846579796975e-06,0.0,1.3942737964989657e-06,2.006000953244108e-06,3.292504391605202e-07,-3.718701283880915e-06,2.8446189033591074e-07,0.0,0.0,-6.560340540455728e-06,0.0,-5.564735159738453e-07,0.0,-3.4735156489365867e-06
2005-01-31,0.0,1.9730224551716546e-07,2.9132611894833e-06,4.6216345680595666e-07,3.5564488960548914e-06,-3.4073339430592275e-06,-4.729086160084018e-07,0.0,6.210264908354831e-07,0.0,8.780483173526026e-07,7.853278919575224e-07,1.854584111984787e-06,1.9514293798024555e-07,-3.2112502979086386e-06,4.008814024190233e-06,2.7043512799909204e-06,3.0305897227950912e-06,8.29603601019618e-06,0.0,6.26483050654682e-07,4.799946817296579e-06,2.2717869597553427e-06,6.570465360378714e-06,-4.7278329160634845e-06,4.919870745336101e-06,2.397175600718854e-06,1.0557671514678075e-06,1.3221102958464298e-06,1.3360591737786128e-06,3.858012606629089e-07,0.0,2.4966333282554736e-07,4.129990044669123e-06,0.0,0.0,0.0,5.300803210211e-07,8.228321601963855e-07,1.1572560702774248e-07,-3.776752380483815e-07,0.0,0.0,1.4180528243370535e-06,0.0,0.0,-1.3098392177192038e-06,-3.1141866886814733e-06,-5.516039738209367e-07,1.3942737964989657e-06,2.006000953244108e-06,3.292504391605202e-07,-3.718701283880915e-06,2.8446189033591074e-07,0.0,0.0,-6.560340540455728e-06,0.0,-7.494839979416675e-07,0.0,-4.633000408341291e-06
2005-02-28,0.0,6.2343382248734e-07,2.9132611894833e-06,0.0,3.5564488960548914e-06,3.2947295228749543e-06,0.0,0.0,0.0,0.0,1.6622619290297402e-06,0.0,1.854584111984787e-06,3.294458853884454e-08,5.561115508220176e-07,4.008814024190233e-06,3.6088908090105305e-07,1.9227220553385852e-06,9.510954927138745e-07,0.0,-1.7113556793047746e-06,3.2973595120502414e-06,-2.964366010530657e-06,-1.0329067895934205e-05,-4.7278329160634845e-06,-4.413366448166854e-06,-2.9251687592468057e-06,2.473482451340076e-07,1.3221102958464298e-06,1.3360591737786128e-06,7.372459593989484e-07,6.374158003790663e-08,0.0,4.129990044669123e-06,0.0,0.0,0.0,0.0,8.228321601963855e-07,1.1572560702774248e-07,-3.776752380483815e-07,0.0,0.0,1.4180528243370535e-06,0.0,0.0,0.0,0.0,0.0,1.3942737964989657e-06,2.006000953244108e-06,7.211446925584463e-07,-1.7334004740202051e-06,4.217086289129422e-07,0.0,0.0,-6.560340540455728e-06,-1.5069345292115134e-06,0.0,0.0,-3.0087337541257585e-06
2005-03-31,0.0,0.0,4.007070036487906e-06,5.11301378507807e-07,3.5564488960548914e-06,3.2947295228749543e-06,0.0,0.0,-1.3222111757518747e-06,-4.79858318886841e-06,0.0,-2.4916158559489984e-06,1.087862866927435e-06,0.0,0.0,4.008814024190233e-06,2.7743730554111433e-06,5.224069000368134e-06,8.337594352182887e-06,0.0,1.057090559448377e-06,6.072086274983772e-06,4.955061203174893e-06,-1.532602831219101e-05,-8.334840669583044e-06,-4.413366448166854e-06,1.1273745935655898e-06,5.168204672239856e-07,1.3221102958464298e-06,1.3360591737786128e-06,0.0,0.0,-1.7656990135715349e-06,6.7058942747352e-06,0.0,0.0,0.0,0.0,1.1025946982588582e-06,6.865245763033337e-07,-7.192712708748376e-07,0.0,0.0,2.3394430716293883e-06,0.0,0.0,-1.980963306770191e-06,6.28909240344572e-07,-3.686782255872402e-07,2.474685025787234e-06,2.7386146902896523e-06,7.211446925584463e-07,-2.551080332660331e-06,1.765685104651504e-07,0.0,0.0,-6.560340540455728e-06,-2.0124725948480372e-06,-4.9325487790119625e-08,-3.5043938725948664e-07,-3.0087337541257585e-06
2005-04-29,0.0,0.0,1.633582346076341e-06,5.11301378507807e-07,3.5564488960548914e-06,3.2947295228749543e-06,7.220038886390687e-06,0.0,-1.3222111757518747e-06,-4.79858318886841e-06,1.0880547781760159e-06,-2.4916158559489984e-06,1.8361246259864041e-06,0.0,9.469295020198288e-08,7.575925584440479e-06,4.630443656579127e-06,8.65461768495664e-06,1.3170876864212423e-05,0.0,1.4124111379481107e-06,8.342242413176413e-06,4.955061203174893e-06,3.052921763534789e-06,5.426724210309296e-06,1.6037656553259612e-06,1.6657448146613067e-06,5.168204672239856e-07,2.0695901547162503e-06,2.4493007836116518e-06,0.0,0.0,0.0,1.0148995632521633e-05,0.0,0.0,0.0,0.0,1.1025946982588582e-06,1.1840071911062012e-06,-1.0540173226267897e-06,0.0,0.0,3.153183832234379e-06,0.0,0.0,0.0,0.0,-1.483281726064967e-07,4.513298452708602e-06,4.315622153286789e-06,1.0163398559298062e-06,-5.207128922825478e-07,4.117376110869675e-07,0.0,2.3007002364593844e-06,-1.1141733403787222e-05,-7.4653680496934694e-06,-6.076031859527324e-07,-8.837515092306412e-07,-4.2820134503561055e-06
2005-05-31,0.0,0.0,2.404722703787389e-06,0.0,3.5564488960548914e-06,3.2947295228749543e-06,4.4941521197299744e-06,0.0,-2.2079550820529736e-07,0.0,1.0880547781760159e-06,-1.7603009913094737e-06,6.926107709258372e-07,0.0,9.469295020198288e-08,0.0,1.2750421988419281e-06,0.0,0.0,0.0,8.778548200933132e-07,0.0,4.955061203174893e-06,3.052921763534789e-06,0.0,0.0,0.0,0.0,2.0695901547162503e-06,2.4493007836116518e-06,0.0,0.0,-1.8054626492034641e-06,7.193663009167959e-06,0.0,-1.632983816888444e-06,0.0,0.0,6.342438849405574e-07,8.856098964281702e-07,-1.0540173226267897e-06,0.0,0.0,2.0103039814558646e-06,0.0,0.0,0.0,-4.152473655407173e-06,-6.56074442272549e-07,2.6623901582580357e-06,3.014557105337775e-06,3.332934845356277e-07,-1.6235136376056354e-06,-3.952636034192432e-06,0.0,2.3007002364593844e-06,-5.640412042877018e-06,-5.006784357023861e-06,-2.188815601900273e-07,-2.1283386384962197e-07,-2.5915859256266625e-06
2005-06-30,0.0,0.0,2.404722703787389e-06,5.44423542924767e-07,3.5564488960548914e-06,3.2947295228749543e-06,7.38281592659898e-07,0.0,-5.05607375754037e-07,0.0,0.0,2.7091715020675945e-06,3.7130557790985707e-07,0.0,0.0,5.780090677221772e-07,1.2750421988419281e-06,9.523915381396877e-07,4.158671063295527e-06,0.0,8.778548200933132e-07,1.2113410266466486e-06,0.0,0.0,-5.735492703833296e-06,0.0,0.0,0.0,7.52931460855341e-07,-1.8842862627274277e-06,0.0,-1.0470800513488194e-06,-1.8054626492034641e-06,7.193663009167959e-06,0.0,-1.632983816888444e-06,0.0,0.0,6.342438849405574e-07,8.856098964281702e-07,-7.064711350121319e-07,0.0,0.0,2.0103039814558646e-06,0.0,0.0,0.0,-4.152473655407173e-06,2.0219456874494144e-06,2.6623901582580357e-06,-1.5282718826973943e-07,5.358817957809067e-07,-1.6235136376056354e-06,-3.952636034192432e-06,-1.2166890839000427e-05,8.537831197645143e-06,-3.98575198013282e-06,-3.043143164595588e-06,-2.2856909964429296e-06,-1.327544396704271e-06,-2.5915859256266625e-06
2005-07-29,0.0,0.0,2.404722703787389e-06,5.44423542924767e-07,3.5564488960548914e-06,2.4418495218042006e-06,4.2922173559207515e-07,0.0,2.1737612424774924e-06,0.0,0.0,2.7091715020675945e-06,6.084630064531245e-07,0.0,0.0,1.1028296174250644e-06,1.7140031704903405e-06,9.523915381396877e-07,3.085765610720823e-06,0.0,6.453953578906149e-07,1.682879718631795e-06,2.1313896730366883e-07,5.623163538763873e-07,-5.735492703833296e-06,-4.139776909408131e-06,0.0,0.0,7.52931460855341e-07,-1.8842862627274277e-06,0.0,-1.0470800513488194e-06,-1.3085399087645622e-06,7.193663009167959e-06,0.0,-1.632983816888444e-06,0.0,0.0,3.280708115231555e-07,5.523476840681561e-07,-7.064711350121319e-07,0.0,0.0,2.0103039814558646e-06,0.0,0.0,0.0,-4.152473655407173e-06,2.0219456874494144e-06,1.7837237803072295e-06,0.0,0.0,3.638488964472399e-06,-3.952636034192432e-06,-1.2166890839000427e-05,8.537831197645143e-06,-2.4313146581194e-06,5.411846239856888e-07,0.0,2.0986276775373272e-07,-2.5915859256266625e-06
2005-08-31,0.0,0.0,2.404722703787389e-06,0.0,3.5564488960548914e-06,2.4418495218042006e-06,1.0948923546814872e-06,0.0,2.1737612424774924e-06,0.0,0.0,0.0,6.084630064531245e-07,0.0,0.0,1.1028296174250644e-06,0.0,0.0,5.530173407325195e-07,0.0,6.453953578906149e-07,1.682879718631795e-06,2.652517465275345e-06,2.928713886962703e-06,-5.735492703833296e-06,-4.139776909408131e-06,9.819448955395457e-08,0.0,0.0,0.0,0.0,0.0,-1.3085399087645622e-06,2.71121324928564e-06,0.0,-1.632983816888444e-06,0.0,0.0,6.352557929798406e-08,5.523476840681561e-07,3.778049748063554e-08,0.0,0.0,2.0103039814558646e-06,0.0,0.0,0.0,-6.055653665700768e-06,2.9822157193980694e-06,1.7837237803072295e-06,4.024026542900284e-06,4.5742150315447253e-07,5.069753657446926e-06,4.0700855980673996e-07,-1.6994223725159865e-05,8.537831197645143e-06,-5.488024917616972e-06,-4.842796599971407e-06,0.0,-1.8796128712008963e-06,-4.970723679081629e-06
2005-09-30,0.0,0.0,2.404722703787389e-06,4.660019194297971e-07,3.5564488960548914e-06,3.2945036284809796e-06,1.684300807282601e-06,6.431911842381207e-07,2.1737612424774924e-06,0.0,0.0,2.10505789874301e-06,4.3400057907311803e-07,1.6720450736499997e-06,0.0,1.1028296174250644e-06,2.521718043040775e-06,2.3398176987141407e-06,2.234089013492206e-06,0.0,2.125467564129813e-07,2.5215823532512786e-06,0.0,-1.2708794042664717e-05,-5.735492703833296e-06,-6.090716476163878e-06,-3.849776767493621e-06,0.0,2.2184629703283524e-07,1.1765861981958972e-07,0.0,-1.5475722421882913e-06,-2.196020244135334e-06,5.03513441525751e-06,0.0,-1.632983816888444e-06,0.0,0.0,0.0,3.2012848662332695e-07,1.2922276953603077e-07,0.0,0.0,2.0103039814558646e-06,0.0,0.0,0.0,-4.397934392631909e-06,2.9822157193980694e-06,4.457584804179757e-07,4.024026542900284e-06,4.5742150315447253e-07,5.069753657446926e-06,3.7571582895738483e-06,-2.291899752995836e-05,5.9516223953637404e-06,-7.39598284666325e-06,8.632015055450639e-07,0.0,6.873400775348535e-07,-4.970723679081629e-06
2005-10-31,0.0,0.0,9.016595741564421e-07,2.3037134307276957e-07,1.4642537190025564e-06,1.068549071138165e-06,-2.0601461250824823e-06,4.550618086032451e-07,6.635691747313617e-07,0.0,0.0,6.545740377454636e-07,2.9699491092662147e-07,6.425463786420097e-07,-1.561603204302311e-06,6.314455035622193e-07,1.2820004948207822e-06,1.0695241745586266e-06,-9.233776063076825e-06,0.0,0.0,1.2755332844128432e-06,0.0,0.0,-5.735492703833296e-06,-3.4774632990882796e-06,-2.137390559851329e-06,0.0,1.4932898220288642e-08,-9.431457177611231e-07,0.0,-6.726532118798452e-07,-1.144323074787982e-06,2.688154995015048e-06,0.0,-9.748773224633034e-07,0.0,0.0,0.0,1.584395439518096e-07,1.2922276953603077e-07,0.0,0.0,9.04329117252102e-07,0.0,0.0,-1.3193256993340617e-06,-2.228808936647946e-06,1.0934177000924651e-06,1.706108199338758e-06,-2.0021734073792567e-06,-6.977371121095513e-07,2.718596059908369e-06,1.8957684974110245e-06,-1.366223546937823e-05,2.613070810832696e-06,-4.783979500200891e-06,3.5386857785199286e-07,0.0,3.6326068414660063e-07,-2.766117092681865e-06
2005-11-30,0.0,0.0,1.4211736210961863e-06,0.0,1.9725823543508937e-06,1.9523185304708317e-06,1.1911039582214062e-06,8.676912696257737e-07,1.2145320497345841e-06,0.0,0.0,1.5784599601725373e-06,2.1876546209251214e-07,4.795882331287365e-07,0.0,6.314455035622193e-07,3.018354604577645e-07,1.8253831207885962e-06,-9.233776063076825e-06,0.0,1.416738239722053e-06,5.430465339789366e-07,-2.9218991950476398e-06,-9.60065636159214e-06,-5.735492703833296e-06,-3.4774632990882796e-06,-2.137390559851329e-06,0.0,-2.0445427183056724e-06,-1.2971492666216714e-06,0.0,-6.726532118798452e-07,-1.544725329003364e-06,1.8679496728031439e-06,0.0,-1.3326060358737216e-06,0.0,0.0,0.0,1.584395439518096e-07,1.819886907737407e-07,0.0,0.0,9.04329117252102e-07,0.0,0.0,0.0,-3.492863944362508e-06,4.7031144673289127e-07,5.079052617881243e-07,-2.0021734073792567e-06,-6.977371121095513e-07,2.718596059908369e-06,2.922472497153637e-06,-1.973690452236585e-05,3.649143936134187e-06,-8.01931729446182e-06,-3.9694322985045865e-06,3.08880232042875e-07,-1.8404074640554063e-06,-4.394470504976957e-06
2005-12-30,0.0,0.0,1.4211736210961863e-06,8.46218664293352e-08,1.9725823543508937e-06,1.9523185304708317e-06,1.1911039582214062e-06,8.676912696257737e-07,4.767088576866165e-07,0.0,0.0,6.685862232905176e-07,0.0,1.2402257307475603e-06,-2.520338934554613e-06,6.314455035622193e-07,8.079543412943374e-08,1.2224025423162637e-06,-9.233776063076825e-06,0.0,1.416738239722053e-06,1.033321462961678e-06,2.1637092110591086e-07,-9.60065636159214e-06,-5.735492703833296e-06,-3.4774632990882796e-06,-2.137390559851329e-06,0.0,-2.0445427183056724e-06,-1.2971492666216714e-06,0.0,-6.726532118798452e-07,-1.0034085809912483e-06,2.5314730946755717e-06,0.0,-1.3326060358737216e-06,0.0,0.0,0.0,4.372065018502605e-08,1.0522801472995405e-07,0.0,0.0,9.04329117252102e-07,0.0,0.0,0.0,-3.492863944362508e-06,9.676692731643882e-07,1.0075783025100306e-07,-2.0021734073792567e-06,-6.977371121095513e-07,2.718596059908369e-06,2.922472497153637e-06,-1.973690452236585e-05,3.649143936134187e-06,-5.9191755535028756e-06,1.541403891231167e-07,4.120787603885013e-07,2.247551211513182e-07,-4.394470504976957e-06
2006-01-31,0.0,0.0,9.65519073796853e-07,1.6230506882788614e-07,1.9725823543508937e-06,1.3029803081628141e-06,1.1911039582214062e-06,5.437058364521691e-07,2.9983313813290133e-07,0.0,0.0,4.4416953341547753e-07,0.0,1.2402257307475603e-06,-1.861882086260423e-06,1.486290375085805e-06,8.079543412943374e-08,-2.7666593711912243e-06,-9.233776063076825e-06,0.0,1.416738239722053e-06,-2.507209567913183e-06,9.70321418042823e-08,1.0727582376979085e-06,-5.735492703833296e-06,-3.4774632990882796e-06,-2.137390559851329e-06,-1.310935776404124e-06,-1.5007586197378663e-06,-1.2971492666216714e-06,0.0,-6.726532118798452e-07,-1.0034085809912483e-06,2.5314730946755717e-06,0.0,-9.341394006549019e-07,0.0,0.0,0.0,0.0,1.0522801472995405e-07,0.0,0.0,9.04329117252102e-07,6.12856654757365e-07,0.0,0.0,-2.0871328755433244e-06,9.676692731643882e-07,0.0,-2.0021734073792567e-06,-6.977371121095513e-07,2.718596059908369e-06,1.8463096104789337e-06,-1.1330297608065145e-05,1.176865947320912e-06,-5.9191755535028756e-06,0.0,2.3366109176227576e-07,2.247551211513182e-07,-2.8369355068287245e-06
2006-02-28,0.0,0.0,9.65519073796853e-07,0.0,1.9725823543508937e-06,1.755208318000669e-06,1.1911039582214062e-06,5.437058364521691e-07,2.1942531222803976e-07,0.0,0.0,1.232166755330238e-07,0.0,8.376083179812319e-07,0.0,0.0,0.0,0.0,-9.233776063076825e-06,0.0,1.416738239722053e-06,-2.507209567913183e-06,4.151977018505054e-07,7.692971655218257e-06,-5.735492703833296e-06,-4.811257307619032e-06,0.0,0.0,-1.5007586197378663e-06,-1.2971492666216714e-06,0.0,-1.0056100962940241e-06,-1.0034085809912483e-06,4.69148808443559e-06,0.0,-1.3202853905421494e-06,0.0,-5.90009118914919e-07,-6.787823236170029e-07,-4.836950570135889e-07,-1.1442130064120047e-07,0.0,0.0,6.519172476133977e-07,2.739983799873088e-07,0.0,0.0,-2.816950121809258e-06,-1.775445527663732e-06,0.0,-2.0021734073792567e-06,-6.977371121095513e-07,1.1789719895191708e-06,2.9033181463104844e-06,-1.6536187666452554e-05,1.176865947320912e-06,-5.9191755535028756e-06,-3.4007341311147117e-06,-2.6290433287968193e-06,-1.7589433655323143e-06,-2.8369355068287245e-06
2006-03-31,0.0,0.0,1.8786645331169836e-06,0.0,1.9725823543508937e-06,1.2865096280766663e-06,3.9140005588143393e-07,1.2166550497745875e-06,7.088749327856554e-07,0.0,0.0,9.574914847835874e-07,0.0,1.2749612570988818e-06,0.0,0.0,-2.21944019215701e-06,-3.800446245509295e-06,-9.233776063076825e-06,0.0,1.416738239722053e-06,-2.507209567913183e-06,0.0,3.998382954248861e-06,-5.735492703833296e-06,-4.811257307619032e-06,-2.9419055427762046e-06,-1.7908943884552038e-06,-1.5007586197378663e-06,-1.2971492666216714e-06,0.0,-1.0056100962940241e-06,-1.0034085809912483e-06,1.9637024353336467e-06,0.0,-1.3202853905421494e-06,0.0,0.0,0.0,0.0,-1.858310292592755e-07,0.0,0.0,6.519172476133977e-07,2.739983799873088e-07,0.0,0.0,-2.816950121809258e-06,-1.775445527663732e-06,2.2912497549399115e-07,-2.0021734073792567e-06,-1.0471052654222561e-06,1.1789719895191708e-06,-3.5135230789441897e-06,-2.5235549331137404e-05,1.176865947320912e-06,-3.968088725166431e-06,-3.4007341311147117e-06,-2.6290433287968193e-06,-1.7589433655323143e-06,-2.8369355068287245e-06
2006-04-28,0.0,0.0,1.1792234889440624e-06,0.0,1.3197263054730415e-06,8.722538427330672e-07,0.0,7.784302648623767e-07,5.053786204344872e-07,0.0,0.0,5.957878735917248e-07,0.0,7.111820561024489e-07,0.0,-2.0750406492505163e-06,-1.5679997361708704e-06,-2.711761787245143e-06,-9.233776063076825e-06,0.0,-1.036967347947301e-06,-1.7731147789396332e-06,-2.1581127797165073e-06,-6.59182890692795e-06,-3.331618586717352e-06,-2.9583528300908287e-06,-1.9904193731003682e-06,-1.2179686444967548e-06,-9.97940455948047e-07,-9.156974444920398e-07,0.0,-6.648276070365732e-07,-1.0034085809912483e-06,1.3909106495915827e-06,0.0,-8.488901519596934e-07,0.0,0.0,0.0,0.0,-1.3316079325132966e-07,0.0,0.0,1.9094364407043558e-07,2.739983799873088e-07,0.0,6.817586695966646e-08,-1.366052508880117e-06,-1.775445527663732e-06,-1.186300829255401e-06,-2.0021734073792567e-06,-6.253173548344953e-07,3.861102183887507e-07,-1.2323982678460383e-06,-1.6745853383733914e-05,1.176865947320912e-06,-3.968088725166431e-06,0.0,-2.6290433287968193e-06,-1.7589433655323143e-06,-2.8369355068287245e-06
2006-05-31,0.0,0.0,3.098918957951183e-07,0.0,5.09739489429763e-07,3.9407356389777566e-07,0.0,1.7695409833104016e-07,3.1406532047639443e-07,-1.2041686778002683e-06,0.0,4.1514615358304664e-07,0.0,3.017685055366027e-07,0.0,-1.4920020578561843e-06,-9.62439696403512e-07,-1.1990389177978302e-06,-5.537210787269108e-06,0.0,-5.662715536763841e-07,-1.7731147789396332e-06,-2.1581127797165073e-06,-6.59182890692795e-06,-3.331618586717352e-06,-2.9583528300908287e-06,-1.9904193731003682e-06,-1.2179686444967548e-06,0.0,0.0,0.0,0.0,-3.539139208301585e-07,2.963587434202366e-07,0.0,1.2657861569242743e-07,0.0,0.0,0.0,0.0,-1.3316079325132966e-07,0.0,4.189635238334498e-09,5.7964098628745106e-08,1.3284762815258106e-08,0.0,6.817586695966646e-08,-2.0104277079368228e-06,-1.1256536466972105e-06,0.0,3.559942214270086e-07,-6.253173548344953e-07,5.245682366992031e-07,1.1220171945541284e-06,-1.1520983981734634e-05,1.176865947320912e-06,-1.8951128688620963e-06,0.0,-2.6290433287968193e-06,-1.7589433655323143e-06,2.852014149548772e-07
2006-06-30,0.0,0.0,3.098918957951183e-07,2.442655522442155e-09,5.09739489429763e-07,3.9407356389777566e-07,2.2237223867248253e-07,3.08888699120439e-07,3.1406532047639443e-07,-1.2041686778002683e-06,0.0,3.030616352041799e-07,0.0,3.017685055366027e-07,0.0,-1.4920020578561843e-06,-9.62439696403512e-07,-1.1990389177978302e-06,-5.537210787269108e-06,0.0,-5.662715536763841e-07,-5.743486639918178e-07,-1.2864965053734774e-06,-4.119397243630578e-06,-3.331618586717352e-06,-2.9583528300908287e-06,-1.3614549093825212e-06,-1.2179686444967548e-06,0.0,0.0,0.0,0.0,-6.551344934701342e-07,-1.7252412984835808e-06,0.0,0.0,0.0,0.0,0.0,-2.818768623747667e-07,-1.3316079325132966e-07,0.0,4.173596255494218e-08,8.160974485491759e-08,5.837641506461314e-08,0.0,6.817586695966646e-08,2.6035884658517818e-06,-1.1256536466972105e-06,0.0,8.066056271288718e-07,-3.7725930387530774e-07,5.245682366992031e-07,1.1220171945541284e-06,-1.1520983981734634e-05,1.176865947320912e-06,-1.8951128688620963e-06,-2.14510075395377e-06,-1.5452822686206544e-06,-1.12082880211998e-06,-1.304688204025794e-06
2006-07-31,0.0,0.0,6.618647159264444e-07,0.0,8.133019336337377e-07,6.055359426217993e-07,8.938573393515249e-07,4.788580466323788e-07,3.1406532047639443e-07,-1.6577079275892991e-06,0.0,5.090727385762719e-07,0.0,5.236912571108413e-07,0.0,-2.0581879617894918e-06,-1.5860655027790837e-06,-2.0566173807543056e-06,-5.537210787269108e-06,0.0,-1.011886674446884e-06,-1.2321726360014244e-06,-1.738743842611195e-06,-5.954917847301962e-06,-3.331618586717352e-06,-2.9583528300908287e-06,-2.101470398985181e-06,-1.2179686444967548e-06,0.0,0.0,0.0,0.0,-9.327079370126051e-07,5.433803476358836e-07,0.0,-1.0310909001179186e-06,0.0,-5.840744787540016e-07,-5.550226135225458e-07,-4.200093891938743e-07,-1.3316079325132966e-07,0.0,0.0,1.9975480763599526e-07,0.0,0.0,1.0658628703290937e-07,8.965291542113284e-07,-1.1256536466972105e-06,0.0,1.930589088466749e-06,-1.1079927930230489e-06,8.390465948691006e-07,1.1220171945541284e-06,-7.293982280130711e-06,1.5802547242810358e-06,-1.8951128688620963e-06,0.0,-2.312886372253993e-06,-1.12082880211998e-06,-1.304688204025794e-06
2006-08-31,0.0,0.0,9.598845436438705e-07,0.0,8.133019336337377e-07,6.055359426217993e-07,8.938573393515249e-07,2.2717603398170286e-07,6.38880934655955e-08,-1.6577079275892991e-06,0.0,5.6112180577623105e-08,0.0,7.087064266241389e-07,0.0,-2.991343818221714e-06,-1.5860655027790837e-06,-3.1926410238755703e-06,-5.537210787269108e-06,0.0,-1.011886674446884e-06,-1.2321726360014244e-06,-1.2183299508533747e-06,-5.954917847301962e-06,-5.1540537629460385e-06,-4.708244592937457e-06,-3.070372156140273e-06,-2.0487298404983194e-06,0.0,0.0,0.0,0.0,-1.2639621508401879e-06,1.4764140024530707e-06,0.0,-1.0310909001179186e-06,2.0880146722094766e-08,-5.840744787540016e-07,-5.550226135225458e-07,-4.200093891938743e-07,-1.3316079325132966e-07,0.0,0.0,3.191284319194422e-07,0.0,0.0,1.7668849346777324e-10,-9.618760859806844e-07,-1.931464689954064e-06,0.0,4.967338660917046e-07,1.062877040787829e-06,6.223148143329351e-07,1.3700006696606574e-07,-1.0493447389003529e-05,1.5802547242810358e-06,-2.627488890614788e-06,5.242131545407157e-07,-3.907163145135873e-06,-2.2037751828339395e-06,0.0
2006-09-29,0.0,0.0,9.598845436438705e-07,0.0,8.133019336337377e-07,1.1840727919721713e-07,8.938573393515249e-07,6.366594051633613e-07,3.7623090531962595e-07,0.0,0.0,8.553152268788643e-07,0.0,7.087064266241389e-07,0.0,2.5172547433522916e-07,-1.5860655027790837e-06,-3.1926410238755703e-06,-5.537210787269108e-06,0.0,-1.011886674446884e-06,2.3269839130668964e-06,-1.2183299508533747e-06,-5.954917847301962e-06,-5.1540537629460385e-06,-4.708244592937457e-06,-3.070372156140273e-06,-2.0487298404983194e-06,-1.570457416157933e-06,0.0,1.3528251347701758e-07,0.0,-1.2639621508401879e-06,0.0,0.0,-1.4054335867660265e-06,-5.876043095580185e-07,-5.840744787540016e-07,-5.550226135225458e-07,-4.200093891938743e-07,-2.3753834442071565e-07,0.0,0.0,3.191284319194422e-07,0.0,0.0,0.0,1.4402257918333356e-06,-1.931464689954064e-06,-1.7025098917230949e-06,-1.8550871606561077e-06,-5.374816875823416e-07,6.223148143329351e-07,-1.9426833675598968e-06,-1.0493447389003529e-05,-1.4858537348526027e-06,-2.627488890614788e-06,-3.6918492162546005e-06,-2.845106528531577e-06,-2.2037751828339395e-06,5.695767837657259e-08
2006-10-31,0.0,0.0,9.598845436438705e-07,0.0,8.133019336337377e-07,7.369095047736522e-08,8.938573393515249e-07,6.366594051633613e-07,3.7623090531962595e-07,0.0,0.0,8.553152268788643e-07,0.0,7.087064266241389e-07,0.0,2.5172547433522916e-07,-1.5860655027790837e-06,-3.1926410238755703e-06,-3.183796392078185e-06,0.0,0.0,2.3269839130668964e-06,-1.2183299508533747e-06,-5.954917847301962e-06,-3.3101318732843953e-06,-2.978856119466375e-06,0.0,0.0,0.0,0.0,8.523119370253565e-08,0.0,-1.2639621508401879e-06,0.0,0.0,0.0,-5.876043095580185e-07,-5.840744787540016e-07,-3.914870351600009e-07,-4.200093891938743e-07,-1.7394362844103546e-07,0.0,0.0,3.191284319194422e-07,0.0,0.0,0.0,2.280990736976647e-06,-1.931464689954064e-06,-1.7025098917230949e-06,-1.8550871606561077e-06,-9.194478113577622e-07,4.3487009654575043e-07,-1.9426833675598968e-06,0.0,-1.4858537348526027e-06,7.703287040995753e-07,9.741860363312618e-07,-1.7718119834056592e-06,-1.2285682988655154e-06,2.497359591993818e-07
2006-11-30,0.0,0.0,2.1161162703854844e-07,0.0,8.133019336337377e-07,6.961625713222709e-07,8.938573393515249e-07,6.366594051633613e-07,5.733521296695173e-07,0.0,0.0,8.553152268788643e-07,0.0,7.087064266241389e-07,0.0,5.630406497108171e-07,-1.5860655027790837e-06,-2.161776758948875e-06,-9.293950778069767e-06,-1.1401345994867135e-06,-3.166182716045812e-07,2.3269839130668964e-06,-1.8902898618350113e-06,-5.954917847301962e-06,-3.3101318732843953e-06,1.7843138150118325e-07,2.184994510023574e-07,0.0,0.0,0.0,-1.8778877210055924e-06,0.0,-1.2639621508401879e-06,-3.530055983281158e-06,0.0,0.0,-5.876043095580185e-07,-5.840744787540016e-07,-3.914870351600009e-07,-4.200093891938743e-07,-2.558950848699077e-07,0.0,0.0,3.191284319194422e-07,0.0,0.0,0.0,-2.5247266099954933e-06,-1.931464689954064e-06,-1.7025098917230949e-06,-1.8550871606561077e-06,1.0339856839941033e-06,2.2412030861231117e-07,-1.9426833675598968e-06,0.0,-1.4858537348526027e-06,1.3504922930362383e-06,9.741860363312618e-07,-2.79959950150917e-06,9.604179194032853e-07,0.0
2006-12-29,0.0,0.0,1.0890685553212382e-07,0.0,8.133019336337377e-07,0.0,2.1299731288059043e-06,9.912689109609977e-07,0.0,-3.14433185200158e-06,0.0,1.6354168689775923e-06,0.0,7.087064266241389e-07,0.0,5.630406497108171e-07,-2.7555363684310054e-06,-4.971904864289828e-06,-1.3895295994842474e-05,-1.6506347542474238e-06,-3.166182716045812e-07,-7.677203669438028e-07,-3.509371576664963e-06,-1.0483877763173458e-05,-4.45531676264446e-06,-4.48168169912067e-06,-3.1135369845667775e-06,-2.0405386521744543e-06,0.0,0.0,-2.765399813159014e-06,0.0,-2.061698664154061e-06,0.0,0.0,0.0,-9.103164560168516e-07,-9.124756649334188e-07,-6.642287869447929e-07,-6.374297383111461e-07,-2.558950848699077e-07,-5.922773386397356e-07,0.0,3.191284319194422e-07,0.0,1.5804670046907974e-07,0.0,-2.5247266099954933e-06,-2.804973571351988e-06,-1.7025098917230949e-06,1.3476310230948607e-06,-6.91714037084525e-07,0.0,-2.7967940854896707e-06,0.0,-2.997792637582765e-06,2.1551568423813055e-06,4.0025108302150517e-07,-3.936355705513511e-06,1.4310243680373967e-06,0.0
2007-01-31,0.0,0.0,1.0890685553212382e-07,0.0,8.133019336337377e-07,0.0,1.4164661312853798e-06,6.42602976988583e-07,9.334462879381361e-08,0.0,0.0,1.6354168689775923e-06,0.0,7.087064266241389e-07,0.0,3.182934277872009e-06,-2.7555363684310054e-06,-4.971904864289828e-06,-1.3895295994842474e-05,-1.229333939378306e-06,-1.4893349781098924e-07,2.8809959998052014e-06,-3.509371576664963e-06,-7.730286727379252e-06,-4.45531676264446e-06,-4.48168169912067e-06,-3.1135369845667775e-06,-2.0405386521744543e-06,0.0,0.0,-2.765399813159014e-06,0.0,-2.061698664154061e-06,-3.836360586800473e-06,1.5876114867541928e-06,0.0,-4.294278665808313e-07,-4.4033450688749535e-07,-6.642287869447929e-07,-4.049905113553664e-07,-1.7526633563583886e-07,-4.0709263454275304e-07,0.0,3.191284319194422e-07,0.0,0.0,0.0,2.763799357503259e-06,-2.804973571351988e-06,-1.7025098917230949e-06,4.975053170487138e-07,-9.636425074610982e-07,0.0,-2.7967940854896707e-06,3.7778334115276184e-07,-2.997792637582765e-06,1.3303835532788864e-06,4.0025108302150517e-07,8.2595855421208e-07,1.4310243680373967e-06,0.0
2007-02-28,0.0,0.0,1.7594834922459193e-07,0.0,8.133019336337377e-07,7.383375438208247e-07,1.0540422153314356e-06,0.0,0.0,0.0,0.0,0.0,0.0,2.5129850438739894e-07,0.0,9.868933397408573e-07,-1.5303110974245387e-06,-2.833625249412537e-06,-8.72073220295031e-06,-8.678059319598952e-07,-1.066676014971279e-06,1.5912853726371083e-06,-1.90089244645381e-06,-5.629716442636787e-06,-2.957693530377326e-06,1.5148910270573836e-07,4.7562321029732563e-07,2.79383216534116e-07,0.0,0.0,-1.4097450712557071e-06,8.659071223628052e-07,-1.8776052979905938e-07,-2.7760473474028964e-06,1.1736124382882554e-06,1.1490566409436658e-06,-4.294278665808313e-07,-4.4033450688749535e-07,-3.8858278703790435e-07,-3.02282725833463e-07,-1.7526633563583886e-07,-4.0709263454275304e-07,0.0,2.0849260359035587e-07,0.0,0.0,0.0,1.0917001960227002e-06,-1.5837962646078342e-06,0.0,1.7461093922149393e-06,-9.636425074610982e-07,0.0,0.0,1.4725386946477981e-06,-1.8170271813954142e-06,9.707328108693096e-07,1.669666499583288e-07,4.986027502918494e-07,9.453970034816015e-07,0.0
2007-03-30,3.371676452736918e-08,2.169186164545605e-07,6.608176390528664e-07,0.0,4.0310039364987327e-07,2.2421450036263033e-07,1.0540422153314356e-06,9.39297228854031e-08,4.392229301835521e-08,-1.5178784259457177e-06,0.0,1.3154074856403727e-07,0.0,2.5129850438739894e-07,5.137207846542744e-08,9.868933397408573e-07,-1.5303110974245387e-06,-2.833625249412537e-06,-8.72073220295031e-06,-8.678059319598952e-07,-1.066676014971279e-06,2.7099280622215813e-06,-1.90089244645381e-06,-5.629716442636787e-06,0.0,0.0,4.7562321029732563e-07,2.79383216534116e-07,2.6749820339147774e-07,0.0,-1.4097450712557071e-06,8.659071223628052e-07,-5.486935203249243e-07,0.0,1.1736124382882554e-06,8.217852009093129e-07,-4.294278665808313e-07,-4.4033450688749535e-07,-3.8858278703790435e-07,-3.02282725833463e-07,-2.887914932646887e-07,-4.0709263454275304e-07,0.0,2.0849260359035587e-07,0.0,8.730923703690503e-07,0.0,0.0,-2.179986694582973e-06,0.0,5.574122971667652e-07,-9.636425074610982e-07,-1.6356079375609454e-06,0.0,1.4725386946477981e-06,-2.4917494847603617e-06,9.707328108693096e-07,0.0,4.986027502918494e-07,9.453970034816015e-07,-1.4196887438639891e-06
2007-04-30,0.0,1.5241811926266366e-07,6.608176390528664e-07,0.0,5.576306454807675e-07,2.2421450036263033e-07,1.9008003608588598e-06,6.701066291472878e-08,0.0,1.2140744132108791e-08,0.0,2.2492942081731655e-07,0.0,4.027891366204206e-07,0.0,9.868933397408573e-07,0.0,-4.592823081538703e-06,-1.4774099046471157e-05,1.2078654402607956e-06,-1.7256500789985358e-06,4.205348730938762e-06,-3.4017165882263547e-06,-9.272264494925533e-06,0.0,0.0,0.0,2.79383216534116e-07,6.349163261182575e-07,0.0,-1.4097450712557071e-06,1.1792987274045237e-06,-1.0665470821576783e-06,0.0,1.8625310762231475e-06,-2.0650573225542474e-06,-7.79010935395194e-07,-7.108446277439412e-07,-5.891403713615355e-07,-4.7565398702910475e-07,-4.5240896509714014e-07,-4.0709263454275304e-07,-1.3314461549696352e-06,-5.098968846454665e-07,-1.8848722651684895e-06,-1.0062707791513824e-06,-7.811586100732688e-07,5.556108048901424e-07,-2.179986694582973e-06,8.706261090103132e-08,2.8395456190029884e-06,-1.4231165309855824e-06,-1.6356079375609454e-06,0.0,2.6766178267830824e-06,-2.4917494847603617e-06,1.7193534028373547e-06,4.933317335449069e-07,-2.9845328099935327e-06,1.6504308697996723e-06,2.983260112068854e-07
2007-05-31,0.0,0.0,0.0,0.0,1.037625085355806e-06,0.0,1.9008003608588598e-06,0.0,5.978951203575848e-07,0.0,0.0,8.171481373221501e-07,0.0,4.027891366204206e-07,0.0,-4.345943137919182e-06,-3.1391003536616764e-06,-6.281981800032261e-06,-1.4774099046471157e-05,-1.8464367992991561e-06,-2.4645869732142614e-06,0.0,-4.673006530122139e-06,-1.2871145744029192e-05,-7.558159944855763e-06,-6.860597506310388e-06,0.0,0.0,2.5061033613673783e-06,1.2168702396092912e-06,8.591015961887645e-07,3.6973741337828154e-07,-2.537854095538338e-06,1.0457125479092809e-06,2.651324059776996e-06,-3.0381676485636207e-06,-7.79010935395194e-07,-7.108446277439412e-07,-5.891403713615355e-07,-4.7565398702910475e-07,-6.762810406871471e-07,4.423954723422536e-07,0.0,1.118385488672579e-07,6.552192114157566e-07,1.4890337958225187e-06,0.0,1.8293653868042568e-07,-2.179986694582973e-06,1.79670545513915e-06,4.061336577587191e-06,2.5217424480253304e-08,-2.3056222603099673e-06,0.0,0.0,-4.241707075746708e-06,1.7193534028373547e-06,0.0,0.0,1.6504308697996723e-06,2.983260112068854e-07
2007-06-29,1.6630131850471447e-07,3.141473069329459e-07,0.0,0.0,0.0,0.0,6.70459080201137e-07,0.0,0.0,1.9569229188040268e-07,8.147748532526865e-08,1.6165115869342002e-07,1.4257211549907713e-08,1.2889742928000895e-08,2.4447016926385843e-07,6.575486502679003e-07,-1.1946702073444049e-06,-2.628568762715961e-06,-8.145785194615823e-06,-7.421372701094548e-07,-1.0544976254719301e-06,6.000401530931834e-07,-2.008874559440066e-06,-5.734619407713606e-06,-3.3039662769605897e-06,0.0,0.0,1.3919566414646367e-07,1.2944655405014515e-06,1.2168702396092912e-06,8.591015961887645e-07,1.0021578010067467e-06,-1.3817393628718083e-06,0.0,1.177006465110081e-06,-8.248879940385082e-07,-5.297012951000204e-07,-4.992499853897872e-07,-3.2304067285591347e-07,-2.278075179345187e-07,-3.145321596148274e-07,2.836092368546588e-07,-8.616218031510587e-07,-3.2189770723436797e-07,3.6767793701171907e-07,-8.973200440324732e-07,0.0,3.734184883842534e-07,-5.86253792155948e-07,8.867814291885013e-07,-2.1569929685616834e-06,-8.511668143867579e-07,2.5871992007288597e-07,0.0,4.902188865060647e-06,-9.806827506278376e-07,1.0917140862416684e-06,0.0,0.0,6.077434061596152e-07,6.448591423717678e-07
2007-07-31,1.6630131850471447e-07,3.141473069329459e-07,5.572454052557123e-08,0.0,1.5485319611064967e-07,0.0,2.744227052958994e-07,1.2801191293498613e-08,0.0,3.530602949241733e-07,2.171175535921354e-07,2.1807215859830727e-07,6.491715164204967e-08,9.718911740993741e-08,3.4935170490375607e-07,-1.6055476470927457e-06,-8.383466166153401e-07,-1.6724749944339523e-06,-4.477510277316406e-06,-7.421372701094548e-07,-6.265950788658335e-07,8.63797798180647e-07,-1.0698805821115752e-06,-3.91111246828667e-06,-1.064543762163674e-06,0.0,0.0,1.3919566414646367e-07,7.577362302097589e-07,1.2168702396092912e-06,8.591015961887645e-07,1.0021578010067467e-06,-9.565861657879858e-07,1.9879842472783853e-07,5.646521295747428e-07,1.065269896681103e-06,-5.297012951000204e-07,-4.992499853897872e-07,-3.2304067285591347e-07,-1.6553675592958218e-07,-3.145321596148274e-07,2.836092368546588e-07,-8.616218031510587e-07,0.0,0.0,2.7855864258621914e-07,0.0,0.0,-5.86253792155948e-07,8.867814291885013e-07,-2.1569929685616834e-06,-8.511668143867579e-07,2.5871992007288597e-07,1.795090329880779e-06,4.902188865060647e-06,-9.806827506278376e-07,1.0917140862416684e-06,0.0,1.7718032546938994e-07,6.077434061596152e-07,6.448591423717678e-07
2007-08-31,9.71807141133021e-08,2.2942970377082576e-07,5.572454052557123e-08,0.0,9.084493846236486e-08,0.0,4.231779986359836e-07,0.0,0.0,5.3107938144574715e-08,1.0865240960169945e-07,8.436428667723039e-08,2.381541602497557e-07,9.718911740993741e-08,2.5409663556139613e-07,-1.0836820010453886e-06,-8.383466166153401e-07,-1.6724749944339523e-06,-2.2465088115637706e-06,-7.421372701094548e-07,-6.265950788658335e-07,6.454372692154623e-07,-1.0698805821115752e-06,-2.6388706405118616e-06,1.7290558596614053e-07,3.878745854224703e-07,7.269703691012436e-07,6.030479130709875e-07,3.737175093366103e-07,7.829539203808211e-07,4.1523170330080594e-07,3.8319670856465007e-07,-4.958038756934908e-07,1.7786114598068124e-06,3.133439082699646e-07,6.064032540095615e-07,9.53796271412199e-08,-3.4945645649247874e-07,5.02026540682908e-07,3.2101763640015054e-07,-1.3484803079204123e-07,2.0997162550038428e-07,4.277443694721373e-07,-2.71599726845301e-07,0.0,2.0097123834414128e-07,1.0575108283950281e-08,1.3706080965234494e-06,-5.86253792155948e-07,8.867814291885013e-07,-9.216276150805298e-07,-6.075788583401647e-07,6.286310738457032e-07,4.1727162365530094e-07,4.902188865060647e-06,-9.806827506278376e-07,1.0917140862416684e-06,0.0,0.0,6.077434061596152e-07,6.448591423717678e-07
2007-09-28,3.61405774259147e-07,5.197736972951006e-07,8.228514855591235e-08,0.0,1.2118455403248856e-07,0.0,8.385405253891911e-07,9.184158030560665e-09,0.0,6.490929016359742e-07,6.904215175859845e-07,3.9734078344474917e-07,8.422904019209143e-08,1.2585598779051635e-08,6.244107115477037e-07,-1.0836820010453886e-06,-1.1213633632096338e-06,-1.6724749944339523e-06,-3.664171220530523e-06,-7.421372701094548e-07,-6.265950788658335e-07,1.1130078277884717e-06,-1.0698805821115752e-06,-2.6388706405118616e-06,3.634299218098781e-07,5.94344125967769e-07,7.269703691012436e-07,6.030479130709875e-07,6.18571448235983e-07,7.829539203808211e-07,1.0811400738726984e-06,8.381285246761599e-07,-4.958038756934908e-07,1.7786114598068124e-06,5.138798250796818e-07,1.26037745491006e-06,4.3845806102735147e-07,2.430381206437502e-07,7.256995144874368e-07,4.4002239135600115e-07,-6.238494591252657e-08,3.317262948742772e-07,6.54868367850403e-07,0.0,0.0,9.637477697057552e-07,0.0,2.0241465009330355e-06,1.259059262897486e-06,8.867814291885013e-07,-1.2741547190584611e-06,2.9673533704670997e-07,6.286310738457032e-07,0.0,4.902188865060647e-06,0.0,1.496008569651004e-06,0.0,0.0,6.077434061596152e-07,6.448591423717678e-07
2007-10-31,2.589780776461829e-07,3.721640763956321e-07,8.228514855591235e-08,0.0,0.0,0.0,8.385405253891911e-07,0.0,0.0,4.461140425608403e-07,5.038689504722429e-07,3.9734078344474917e-07,5.836659394259311e-08,0.0,4.4303814150607625e-07,-1.0836820010453886e-06,-8.101953338808433e-07,-1.1889700199624094e-06,-3.664171220530523e-06,-4.654806407628762e-07,-6.265950788658335e-07,8.311069135276124e-07,-1.0698805821115752e-06,-2.6388706405118616e-06,5.205223520817171e-07,5.94344125967769e-07,7.269703691012436e-07,7.223547406840664e-08,4.5482106244208633e-07,7.829539203808211e-07,5.418310732041191e-07,5.387000185949144e-07,-4.958038756934908e-07,1.7786114598068124e-06,5.138798250796818e-07,9.171664174167829e-07,2.7303325293918187e-07,2.430381206437502e-07,4.241515319618219e-07,2.6967890328393175e-07,-4.668057231304539e-08,2.131198467193041e-07,4.859057336431236e-07,0.0,3.9174373961697615e-07,5.476048384938443e-07,0.0,1.2625315376327388e-06,1.259059262897486e-06,4.5919234770596285e-07,-1.2741547190584611e-06,-4.113128033949195e-07,3.444908925147429e-07,-1.4329053033434055e-06,3.4537918830439646e-06,0.0,-1.1665340071993602e-06,0.0,0.0,4.3707992164848924e-07,3.245791011209584e-07
2007-11-30,1.2076972515036116e-07,2.0550908446366084e-07,8.228514855591235e-08,0.0,0.0,3.270784061760991e-08,6.09660385695584e-07,0.0,-3.033964302641851e-07,1.2790612050008372e-07,-5.875722752993133e-07,-3.7727711139784513e-07,2.022988912647883e-07,0.0,2.871566423695162e-07,6.650665935951593e-07,-8.101953338808433e-07,-1.1889700199624094e-06,-2.3779921306046426e-06,-4.654806407628762e-07,-6.265950788658335e-07,4.5137566205461123e-07,-1.0698805821115752e-06,-2.6388706405118616e-06,1.189966611340742e-06,1.2905548112678717e-06,7.269703691012436e-07,5.405307209171881e-07,4.5482106244208633e-07,5.253210488817696e-07,2.583975386937974e-07,3.6268960044266525e-07,3.5952214478431484e-07,2.649232249923496e-06,5.138798250796818e-07,3.948666060131291e-07,2.7303325293918187e-07,2.430381206437502e-07,2.4603901057577044e-07,1.8878286889774513e-07,-8.393521531134251e-08,2.131198467193041e-07,3.3048817703112173e-07,4.409022814389491e-08,8.835350844751622e-07,3.705981774345764e-07,-2.9873151280680625e-07,1.2625315376327388e-06,-7.007093260633317e-07,0.0,-1.2741547190584611e-06,-4.113128033949195e-07,3.444908925147429e-07,-1.4329053033434055e-06,3.4537918830439646e-06,0.0,-1.1665340071993602e-06,8.16175356620209e-08,0.0,4.3707992164848924e-07,3.245791011209584e-07
2007-12-31,4.5028549552897637e-07,-6.749326227618587e-07,-6.766578544087039e-07,0.0,9.917443257049652e-08,-7.73388626497021e-07,9.896106033332927e-07,0.0,-4.769251761497407e-07,7.3601620746061e-07,-5.875722752993133e-07,-6.178087449962865e-07,1.0127822693225254e-07,0.0,6.795545898417001e-07,1.0002567545077067e-06,-1.1760914351345933e-06,-1.877533405894488e-06,-4.358377947815248e-06,-7.555050000264267e-07,2.5868473076554165e-08,8.890676541626553e-07,-1.0698805821115752e-06,-3.9288943705986095e-06,1.7034051518419268e-06,1.2905548112678717e-06,1.1577899155848666e-06,5.405307209171881e-07,8.332598817476037e-07,8.588126892912087e-07,7.554578307600129e-07,5.665875133667837e-07,8.425929702433407e-07,4.7096311057552614e-06,8.153484428139488e-07,9.132362509037619e-07,3.785033681491211e-07,2.430381206437502e-07,4.915175842592322e-07,3.338908462423277e-07,-1.3383745748824729e-07,2.8765172714901245e-07,5.873207149420673e-07,4.409022814389491e-08,1.548400177172551e-06,8.745476260652064e-07,2.8748592611709747e-07,2.2914069667939675e-06,1.7836053858879187e-06,0.0,-1.7348834223097141e-06,-9.043822428600339e-07,7.129183945868452e-07,-2.3630317852647995e-06,5.050742274990319e-06,-2.726072633043892e-07,1.9659570085701254e-06,6.06310266581044e-08,0.0,7.21545556250141e-07,6.62422905853732e-07
2008-01-31,-3.599136693880976e-07,-4.6956392042615107e-07,-2.8019001284913683e-07,-9.446163834221314e-08,-2.7730108744898956e-07,-3.129880829948692e-07,-1.8716625376071586e-07,-2.403189322573376e-07,-4.769251761497407e-07,-7.759948032719785e-07,-5.875722752993133e-07,-2.511047565328186e-07,-1.991566944441269e-07,-1.740159544236166e-07,-6.016392693476215e-07,1.0002567545077067e-06,1.2486455661114124e-07,1.2418311732194922e-07,0.0,-4.3725277462657254e-07,0.0,5.922325785189371e-07,-7.93310232773653e-07,-2.100914936470718e-06,1.7034051518419268e-06,1.2905548112678717e-06,6.928098047947855e-07,5.405307209171881e-07,8.332598817476037e-07,8.588126892912087e-07,7.554578307600129e-07,4.1481455426991986e-07,8.425929702433407e-07,4.7096311057552614e-06,8.153484428139488e-07,6.14884090643806e-07,3.785033681491211e-07,2.430381206437502e-07,3.145458489542411e-07,3.338908462423277e-07,-1.3383745748824729e-07,2.8765172714901245e-07,5.873207149420673e-07,3.038794959208467e-08,1.548400177172551e-06,2.698338606535182e-07,2.8748592611709747e-07,1.713614491619522e-06,8.047923877226277e-07,-1.186265997400436e-06,-1.7348834223097141e-06,3.4481354618374905e-07,4.829408351901477e-07,-9.253062847427658e-07,2.856699976995818e-06,1.6888251877614913e-06,8.518588370314429e-07,2.958042558268498e-07,0.0,4.1856761881661357e-07,4.7087998591521226e-07
2008-02-29,-3.599136693880976e-07,-4.6956392042615107e-07,-2.8019001284913683e-07,-9.446163834221314e-08,-1.2831620505293207e-07,-1.770307210199123e-07,6.212715300516979e-07,-2.403189322573376e-07,-4.769251761497407e-07,-7.759948032719785e-07,-5.875722752993133e-07,-2.511047565328186e-07,1.3043555049667913e-07,-1.740159544236166e-07,-6.016392693476215e-07,1.0002567545077067e-06,0.0,1.2418311732194922e-07,1.0357842817167049e-07,-4.3725277462657254e-07,4.6742100888452886e-07,9.943603187566058e-08,-7.93310232773653e-07,-2.100914936470718e-06,1.1801766866124597e-06,1.2905548112678717e-06,6.928098047947855e-07,5.405307209171881e-07,5.664973742450138e-07,8.588126892912087e-07,4.3293382426482236e-07,3.095931274434921e-07,3.1501357759082895e-07,4.7096311057552614e-06,6.090617496515719e-07,3.458692229741129e-07,2.6224322847980865e-07,2.430381206437502e-07,3.145458489542411e-07,2.2835269595678484e-07,-1.3383745748824729e-07,2.8765172714901245e-07,4.193320289487539e-07,6.193880731669654e-08,1.758485031736529e-07,1.9840696700102006e-07,2.8748592611709747e-07,9.408860273336291e-07,3.8199170753389714e-07,-1.186265997400436e-06,-1.2606182467400975e-06,3.4481354618374905e-07,1.2558761076532274e-07,-1.3335464737654028e-06,1.5445929476826206e-06,8.240650522759313e-07,8.518588370314429e-07,2.958042558268498e-07,0.0,4.1856761881661357e-07,1.172847550169145e-07
2008-03-31,-2.3201390228137012e-07,-1.989556230352351e-07,-8.697051603307584e-08,-6.717507446086808e-08,-2.0690931659830942e-07,-1.770307210199123e-07,4.596470012673548e-07,-1.1347838430375903e-07,-2.114180428646779e-07,-5.027254680213446e-07,-1.6228353599113846e-07,-8.896167230337124e-08,-1.3189837110335923e-07,-1.1899287143722358e-07,-2.423847326489599e-07,1.0002567545077067e-06,1.0226996877532367e-07,6.22171609589254e-08,0.0,-2.4970134997405786e-07,3.1974298910463733e-07,9.943603187566058e-08,-3.293085056179834e-07,-1.1399053156846629e-06,7.860815212571031e-07,6.205993924292046e-07,4.3062206390561564e-07,3.15286927433033e-07,3.596542473872298e-07,4.284238059997265e-07,4.3293382426482236e-07,3.095931274434921e-07,3.1501357759082895e-07,2.0430575314924867e-06,3.8766011430155856e-07,3.458692229741129e-07,1.2010542971294808e-07,1.0267884828910674e-07,1.4081865832814953e-07,1.1190245398674269e-07,-8.200428297311637e-08,9.745122944378943e-08,1.7096742571019282e-07,4.370110265866715e-08,1.0731634260053192e-07,6.015120020120785e-08,7.665720419072525e-08,2.1222836677912734e-07,1.5242848061768953e-07,-1.186265997400436e-06,-7.86882716553747e-07,-1.7616945859785035e-07,1.2558761076532274e-07,-9.2481301434519e-07,4.3093747463632367e-07,3.378581953658646e-07,3.8558808133972737e-07,1.7232823576986114e-07,1.2494442451078957e-07,1.2151622557941115e-07,1.172847550169145e-07
2008-04-30,-3.4546605134038935e-07,-3.29266334021188e-07,-1.4351865395241286e-07,-1.0403823978721219e-07,-4.5866040960398045e-07,-3.4365483154076334e-07,7.318337354961098e-07,-2.480378149483602e-07,-3.383268385420907e-07,-7.114547204857676e-07,-1.6228353599113846e-07,-2.2123587751382235e-07,9.043965057966441e-08,-1.8983738030212075e-07,-4.003673947718682e-07,1.0002567545077067e-06,0.0,4.487461826050752e-08,-1.748874587579472e-06,-3.8874533088891437e-07,3.1974298910463733e-07,9.943603187566058e-08,-5.720955816500588e-07,-1.856043894522928e-06,7.860815212571031e-07,8.901954730238902e-07,6.544293367630021e-07,4.683906614452969e-07,5.062676184014798e-07,4.284238059997265e-07,4.3293382426482236e-07,3.095931274434921e-07,3.1501357759082895e-07,2.0430575314924867e-06,5.682687707458537e-07,3.458692229741129e-07,1.8485915683501938e-07,1.6902026563317536e-07,1.9849017331836063e-07,1.5957034975678552e-07,1.7215530236194973e-07,1.4922732140086177e-07,2.3596472006805846e-07,1.782294996319364e-07,2.1186266215821743e-07,1.1554866924219315e-07,1.3097973209646795e-07,4.9539231473618e-07,3.6160917903198895e-07,-1.186265997400436e-06,-7.86882716553747e-07,2.355664885705314e-07,1.9562095400964166e-07,-9.2481301434519e-07,7.046315756643158e-07,-9.740173139208488e-07,3.8558808133972737e-07,1.7232823576986114e-07,2.8384263938591353e-07,1.8884609461142112e-07,1.7624605839170255e-07
2008-05-30,-3.4546605134038935e-07,-5.276783318104422e-07,-4.2824667705341687e-07,-1.0403823978721219e-07,-4.5866040960398045e-07,-3.4365483154076334e-07,7.318337354961098e-07,-2.480378149483602e-07,-3.383268385420907e-07,0.0,-4.7496100801754863e-07,-1.1137731192890901e-07,1.8538766626422759e-07,-1.8983738030212075e-07,-6.306107510044051e-07,1.0002567545077067e-06,0.0,8.810444940511494e-08,-1.748874587579472e-06,3.619654863887659e-07,3.1974298910463733e-07,0.0,-5.720955816500588e-07,-1.856043894522928e-06,1.115152466924695e-06,8.901954730238902e-07,6.544293367630021e-07,4.683906614452969e-07,5.062676184014798e-07,6.114965266375152e-07,4.3293382426482236e-07,3.095931274434921e-07,2.0262447411549863e-07,2.0430575314924867e-06,5.682687707458537e-07,2.552544393615145e-07,1.8485915683501938e-07,1.6902026563317536e-07,1.9849017331836063e-07,1.0827957352741089e-07,1.7215530236194973e-07,1.4922732140086177e-07,2.3596472006805846e-07,1.782294996319364e-07,4.014748120169589e-07,1.1554866924219315e-07,1.3097973209646795e-07,4.9539231473618e-07,-5.909182838771447e-07,-1.186265997400436e-06,-7.86882716553747e-07,2.355664885705314e-07,3.1312056021579727e-07,-9.2481301434519e-07,7.046315756643158e-07,-9.740173139208488e-07,3.8558808133972737e-07,1.7232823576986114e-07,2.8384263938591353e-07,1.8884609461142112e-07,2.939058005524208e-07
2008-06-30,-1.6059565934838444e-07,0.0,-4.2824667705341687e-07,-1.0403823978721219e-07,-4.5866040960398045e-07,-3.4365483154076334e-07,0.0,-1.6656771234469776e-07,-3.383268385420907e-07,-4.2046070263779643e-07,0.0,-1.7759288475074115e-07,1.8538766626422759e-07,-1.8983738030212075e-07,0.0,1.0002567545077067e-06,0.0,-6.049167044525346e-07,-1.748874587579472e-06,-2.7180785124325313e-07,3.1974298910463733e-07,2.0034041360509294e-07,-5.720955816500588e-07,-1.2843841874105927e-06,7.596958486695387e-07,8.901954730238902e-07,6.544293367630021e-07,4.683906614452969e-07,5.062676184014798e-07,0.0,4.3293382426482236e-07,3.095931274434921e-07,3.755099109334917e-07,2.0430575314924867e-06,5.682687707458537e-07,2.552544393615145e-07,8.477543677453795e-08,8.386203694621456e-08,1.1263672750084638e-07,7.069308914578968e-08,1.7215530236194973e-07,8.796261256611685e-08,2.3596472006805846e-07,1.782294996319364e-07,4.014748120169589e-07,1.7307511754875062e-07,1.3097973209646795e-07,6.62458454704186e-07,-4.300755305051316e-07,-6.587379336047746e-07,-7.86882716553747e-07,2.355664885705314e-07,3.1312056021579727e-07,-9.2481301434519e-07,7.046315756643158e-07,-9.740173139208488e-07,3.8558808133972737e-07,1.7232823576986114e-07,2.8384263938591353e-07,1.8884609461142112e-07,2.939058005524208e-07
2008-07-31,-1.6059565934838444e-07,-5.5203277551055806e-08,-3.0596175783729857e-07,-1.0403823978721219e-07,-4.5866040960398045e-07,-3.4365483154076334e-07,0.0,-1.6656771234469776e-07,-3.383268385420907e-07,-4.2046070263779643e-07,0.0,-1.7759288475074115e-07,1.8538766626422759e-07,-1.8983738030212075e-07,-7.707691575497916e-08,7.46642671262897e-07,-4.6006202911070975e-07,-6.049167044525346e-07,-1.748874587579472e-06,-2.7180785124325313e-07,3.1974298910463733e-07,2.0034041360509294e-07,-5.720955816500588e-07,1.3578833638133664e-06,7.596958486695387e-07,8.901954730238902e-07,6.544293367630021e-07,4.683906614452969e-07,5.062676184014798e-07,6.012233636522929e-07,6.532752743698205e-07,3.095931274434921e-07,3.755099109334917e-07,2.0430575314924867e-06,5.682687707458537e-07,3.8700790131237276e-07,8.477543677453795e-08,8.386203694621456e-08,1.1263672750084638e-07,7.069308914578968e-08,-2.7207132822304736e-08,8.796261256611685e-08,2.3596472006805846e-07,1.782294996319364e-07,4.014748120169589e-07,1.7307511754875062e-07,1.8943167423935482e-07,4.6660886930824296e-07,-4.300755305051316e-07,-6.587379336047746e-07,-7.86882716553747e-07,1.4787773499174536e-07,3.1312056021579727e-07,-9.2481301434519e-07,7.046315756643158e-07,3.6286463643513167e-07,3.8558808133972737e-07,1.7232823576986114e-07,2.8384263938591353e-07,1.8884609461142112e-07,2.939058005524208e-07
2008-08-29,-2.590533855393079e-07,-1.7737820662525245e-07,-2.235186159651364e-07,-1.0403823978721219e-07,-4.5866040960398045e-07,-3.4365483154076334e-07,0.0,-1.6656771234469776e-07,-3.383268385420907e-07,-4.2046070263779643e-07,-1.0926938904042856e-07,0.0,6.737767594593344e-08,-1.8983738030212075e-07,-1.8253680677066795e-07,7.46642671262897e-07,-4.6006202911070975e-07,-6.049167044525346e-07,-1.748874587579472e-06,-1.7606372507523091e-07,3.1974298910463733e-07,1.9409895187384708e-08,4.483247780989633e-07,0.0,7.596958486695387e-07,8.901954730238902e-07,6.544293367630021e-07,4.683906614452969e-07,5.062676184014798e-07,0.0,0.0,2.25432436572426e-07,2.406581772185637e-07,1.0753393245881632e-06,5.682687707458537e-07,3.8700790131237276e-07,8.477543677453795e-08,8.386203694621456e-08,1.1263672750084638e-07,7.069308914578968e-08,-1.8717687841128524e-09,2.421081936252095e-08,2.3596472006805846e-07,1.782294996319364e-07,-1.184889798654245e-07,1.2933705263536687e-07,1.2851006550357274e-07,2.3594391025231354e-07,-4.300755305051316e-07,-6.587379336047746e-07,-3.111546849429789e-07,2.9379481342379406e-07,-1.1623173480669759e-07,-9.2481301434519e-07,7.046315756643158e-07,-6.675671646794372e-07,2.3650730247104958e-07,1.7232823576986114e-07,2.8384263938591353e-07,1.8884609461142112e-07,-9.13380101618031e-08
2008-09-30,-3.912764281472626e-08,-4.654875835204738e-08,-1.2951328775581614e-07,-3.3890853586403747e-08,-1.244318778108794e-07,-1.2869916503772541e-07,-3.324972111916337e-08,-4.967540434800083e-08,-1.1260673701934096e-07,-1.2917070708999673e-07,-1.9993137388229835e-08,-2.3242333460258587e-07,-3.223344906669586e-08,-7.181260309825422e-08,-5.131619022143342e-08,1.6454021767773974e-07,9.001148839724864e-09,0.0,0.0,1.731747494928988e-07,1.5757815165345855e-07,3.5827363194360174e-08,3.104981817478099e-07,0.0,2.153683714683357e-07,2.390486507671863e-07,1.94130479721288e-07,1.4863237050171159e-07,0.0,0.0,0.0,1.215821331676208e-07,1.766209636480407e-07,3.464167955910299e-07,0.0,1.9233425099928427e-07,5.1135522158600476e-08,5.7909543484958434e-08,1.1263672750084638e-07,7.069308914578968e-08,-7.79663595349271e-09,2.421081936252095e-08,8.924197623402383e-08,-1.0581483180530172e-07,-1.184889798654245e-07,-4.8432703787830316e-08,-5.625541857027984e-08,2.3594391025231354e-07,-4.300755305051316e-07,-6.587379336047746e-07,-3.111546849429789e-07,-1.408038512041885e-07,-1.1623173480669759e-07,-5.32678519084262e-07,-9.6842591277779e-07,-6.675671646794372e-07,2.3650730247104958e-07,1.7232823576986114e-07,-1.1425181181043799e-07,1.8884609461142112e-07,-9.13380101618031e-08
2008-10-31,-7.003408345055097e-08,-8.085084095991065e-08,-1.2951328775581614e-07,-3.3890853586403747e-08,-1.7504722569287267e-07,-1.2869916503772541e-07,-3.324972111916337e-08,-8.207225120438485e-08,-8.30999415049134e-08,-1.9588124451748143e-07,-6.598499388334969e-08,-8.40261949162545e-08,-5.486005488184059e-08,-9.714396710420946e-08,-9.051219332433219e-08,3.8762836140858304e-07,6.693166225167812e-08,0.0,0.0,-1.397098021364776e-07,2.591718510144831e-07,9.844861931201563e-08,3.104981817478099e-07,0.0,4.901612054577118e-07,5.194022987821779e-07,3.2810048805467873e-07,2.3292477194731378e-07,-4.662071670172934e-08,0.0,-7.495660241713282e-08,0.0,1.1361262843876057e-07,-1.0461738907394412e-07,-2.605413184389199e-08,0.0,-5.7759478747999114e-08,-1.6434913873681295e-08,0.0,-2.4119188633274068e-08,0.0,-9.07691797899179e-08,-8.32548651934905e-08,-1.0581483180530172e-07,-1.7356792989790113e-07,-1.0351742903935894e-07,-7.612492264879686e-08,5.01273320024479e-07,-4.300755305051316e-07,-6.587379336047746e-07,-4.89672332950544e-07,-3.815069076678194e-07,-1.9171747381407234e-07,-5.32678519084262e-07,-1.5359478112857888e-06,-6.675671646794372e-07,-4.4116872012765876e-07,-4.376140117158908e-07,-1.8810037824017698e-07,-4.288879481189614e-09,-1.8102099052012482e-07
2008-11-28,-1.241073128220402e-07,-1.2828858895676424e-07,-1.2951328775581614e-07,-5.5064354165512286e-08,-3.094222644597385e-07,-1.7919579906056423e-07,-1.2708248507334092e-09,-1.2183321193145016e-07,-1.2615314271791423e-07,-3.703332695914678e-07,-9.964912989687413e-08,-1.260176330916486e-07,-9.085149568213299e-08,-1.53853044861954e-07,-1.383553184384803e-07,7.227176496903231e-07,6.27715096597105e-07,0.0,0.0,1.7311751113852115e-07,4.553689786088924e-07,0.0,3.104981817478099e-07,0.0,7.534300113126239e-07,5.194022987821779e-07,3.2810048805467873e-07,2.3292477194731378e-07,-4.662071670172934e-08,0.0,-1.2503655127850223e-07,0.0,1.1361262843876057e-07,-1.0461738907394412e-07,0.0,0.0,-1.0652980554229259e-07,-4.454482723705994e-08,0.0,-4.9722479389067e-08,0.0,-1.239863821343044e-07,-8.32548651934905e-08,-1.4337317204774845e-07,0.0,-1.0351742903935894e-07,-5.921458834519686e-09,7.283902005403051e-07,-3.138127961209707e-07,-6.587379336047746e-07,-8.769882757192327e-07,-3.815069076678194e-07,-4.614487155083057e-07,-5.32678519084262e-07,-2.6433139689897775e-06,-1.1476093223732774e-06,-6.172079715820071e-07,-5.884586124062363e-07,-1.8810037824017698e-07,0.0,-2.7060390510476297e-07
2008-12-31,-2.8684552537086818e-08,0.0,-1.2951328775581614e-07,-5.5064354165512286e-08,-1.6277419694293007e-07,-1.7919579906056423e-07,0.0,-2.2482736083689233e-08,-2.989529137182948e-07,-1.0307938273650117e-07,0.0,-1.260176330916486e-07,-2.1466615474266783e-08,-2.928490610662999e-07,-3.2989807749014674e-09,9.994526818319546e-07,4.32632849252382e-07,0.0,0.0,2.9847168265576e-07,6.143290338881942e-07,0.0,9.842646328215534e-07,3.1199138250287204e-06,1.4844060462508256e-06,1.121133181726232e-06,6.33881945243772e-07,3.7618226628146173e-07,-9.401086630421085e-08,-4.659242101178548e-08,-8.087957251735583e-08,0.0,3.9125662601750014e-07,-5.571441708175515e-08,0.0,3.609170772213535e-07,-1.8007625477346398e-07,-1.7508555300268298e-07,0.0,-1.3836355741087267e-07,0.0,-1.8109868892485278e-07,-8.32548651934905e-08,-1.9866211363577657e-07,0.0,-3.7536853417631164e-07,0.0,7.283902005403051e-07,-5.550464555998153e-07,-6.587379336047746e-07,-8.769882757192327e-07,-5.793850054957649e-07,-6.891939733275726e-07,-9.40792703613115e-07,-2.6433139689897775e-06,-1.1476093223732774e-06,-6.172079715820071e-07,-5.884586124062363e-07,0.0,0.0,-3.6482022481878305e-07
2009-01-30,-1.9533882177352696e-09,0.0,-5.445376765292808e-08,-5.5064354165512286e-08,-1.6277419694293007e-07,-3.111285638267736e-07,0.0,0.0,-2.989529137182948e-07,-5.067524870554351e-08,0.0,-2.1284888470824533e-07,-8.88897793373953e-09,-2.928490610662999e-07,0.0,9.994526818319546e-07,4.32632849252382e-07,0.0,0.0,2.9847168265576e-07,6.143290338881942e-07,0.0,9.842646328215534e-07,3.1199138250287204e-06,1.4844060462508256e-06,1.121133181726232e-06,6.33881945243772e-07,3.7618226628146173e-07,-2.8003324171221563e-08,-8.55180786670148e-08,0.0,0.0,3.9125662601750014e-07,0.0,-2.3758720470729003e-07,0.0,-1.8007625477346398e-07,-1.7508555300268298e-07,0.0,-1.3836355741087267e-07,0.0,-1.8109868892485278e-07,-4.760623454104642e-09,-1.9866211363577657e-07,0.0,-3.7536853417631164e-07,0.0,7.283902005403051e-07,-5.550464555998153e-07,-4.6722228783139466e-07,-8.769882757192327e-07,-5.793850054957649e-07,-6.891939733275726e-07,-9.40792703613115e-07,-2.6433139689897775e-06,-1.5606144802631705e-06,-8.289426761378405e-07,-9.003323518393521e-07,0.0,0.0,-3.6482022481878305e-07
2009-02-27,-5.962418402959047e-08,0.0,0.0,-1.0605193222031517e-07,0.0,-3.469590606616165e-08,-9.023508074268927e-07,0.0,-2.989529137182948e-07,-3.1254933771349964e-07,0.0,0.0,-3.410056768168899e-08,-4.5323081620145645e-07,0.0,9.994526818319546e-07,1.9896748355893278e-07,5.431403435441805e-07,2.6476578458111212e-06,2.9847168265576e-07,3.2975100060894996e-07,-1.2153943972650925e-06,9.842646328215534e-07,3.1199138250287204e-06,1.4844060462508256e-06,1.121133181726232e-06,6.33881945243772e-07,3.7618226628146173e-07,0.0,-5.5954345719251833e-08,-5.3617174603062655e-09,0.0,3.9125662601750014e-07,0.0,-1.431889582206174e-07,0.0,-1.8007625477346398e-07,-1.7508555300268298e-07,-2.760020090819845e-07,-1.3836355741087267e-07,0.0,-1.8109868892485278e-07,-2.738791599106826e-09,-1.397847940635395e-07,0.0,-3.7536853417631164e-07,0.0,0.0,-8.120802051854202e-07,-4.6722228783139466e-07,-5.271056055254339e-07,-5.793850054957649e-07,-6.891939733275726e-07,-9.40792703613115e-07,0.0,-1.5606144802631705e-06,-8.289426761378405e-07,-7.974011151674455e-08,0.0,0.0,-6.365774223772297e-07
2009-03-31,0.0,0.0,0.0,-6.366685508664342e-09,-2.517204774167918e-07,0.0,-9.023508074268927e-07,0.0,-2.989529137182948e-07,0.0,0.0,-3.6764742487564594e-07,0.0,-4.691119174706733e-08,0.0,7.428488300152193e-07,4.4382816012716317e-07,8.542524638300195e-07,2.6476578458111212e-06,2.9847168265576e-07,3.2975100060894996e-07,-1.2153943972650925e-06,7.293754585507258e-07,3.1199138250287204e-06,1.4844060462508256e-06,6.597280919620653e-07,3.5735975646797345e-07,2.5890790312695425e-07,-2.530465500629362e-07,-3.81839164420475e-07,-3.5091874700832123e-07,0.0,2.8283407962679906e-07,0.0,-4.4981579109526984e-07,0.0,-1.8007625477346398e-07,-1.7508555300268298e-07,-2.760020090819845e-07,-1.3836355741087267e-07,0.0,-1.8109868892485278e-07,0.0,-4.543223871215304e-08,0.0,-1.9792609304612363e-07,0.0,6.56416816438852e-07,-8.120802051854202e-07,-4.6722228783139466e-07,-7.463633333165204e-07,-5.793850054957649e-07,-6.891939733275726e-07,-9.40792703613115e-07,0.0,-1.5606144802631705e-06,-8.289426761378405e-07,-2.2138355234826555e-07,0.0,0.0,-6.365774223772297e-07
2009-04-30,0.0,0.0,0.0,-6.366685508664342e-09,-2.517204774167918e-07,0.0,-5.505159991388379e-07,0.0,-2.989529137182948e-07,0.0,0.0,-3.6764742487564594e-07,0.0,-7.458721832360878e-08,0.0,7.428488300152193e-07,4.4382816012716317e-07,8.542524638300195e-07,2.6476578458111212e-06,2.9847168265576e-07,3.2975100060894996e-07,0.0,7.293754585507258e-07,3.1199138250287204e-06,1.4844060462508256e-06,6.597280919620653e-07,3.5735975646797345e-07,2.5890790312695425e-07,-2.530465500629362e-07,-3.81839164420475e-07,-3.5091874700832123e-07,-2.839312366627513e-09,2.8283407962679906e-07,0.0,-4.4981579109526984e-07,0.0,-1.8007625477346398e-07,-1.7508555300268298e-07,-2.760020090819845e-07,-2.0273237939516455e-07,0.0,-1.8109868892485278e-07,2.4507795994145084e-07,-1.832568803477433e-07,0.0,-1.9792609304612363e-07,0.0,-3.988527286845382e-07,-3.9271378135365916e-07,-1.9673648524907195e-07,-4.2974494230591263e-07,-5.793850054957649e-07,-6.891939733275726e-07,-9.40792703613115e-07,0.0,6.375663589768083e-07,-4.3716715299957186e-07,0.0,5.693689237056101e-07,0.0,-6.365774223772297e-07
2009-05-29,0.0,0.0,0.0,-6.752487723214027e-08,-5.300550604661665e-07,-1.0383578881947015e-07,-5.505159991388379e-07,0.0,-5.016109293011174e-07,0.0,0.0,-5.293674826743649e-07,0.0,-1.1729014852197642e-07,0.0,7.428488300152193e-07,4.4382816012716317e-07,8.542524638300195e-07,2.6476578458111212e-06,3.991059291021172e-07,3.2975100060894996e-07,0.0,7.293754585507258e-07,3.1199138250287204e-06,2.4155900769074114e-06,1.1479485956864669e-06,6.297631797903302e-07,3.826022275046792e-07,-2.530465500629362e-07,-5.262203897534451e-07,-5.610084411212294e-07,-6.150796797292416e-08,2.8283407962679906e-07,0.0,-4.4981579109526984e-07,-1.284667034426559e-07,-2.925392145742391e-07,-2.6470928531685924e-07,-3.889470756959102e-07,-2.0273237939516455e-07,0.0,-2.64662348689068e-07,3.6362329290473336e-07,-1.2853977894245084e-07,0.0,-3.179347965623892e-07,0.0,-5.767469011947383e-07,-7.409445545686944e-07,1.3343290036725475e-06,-4.2974494230591263e-07,-5.793850054957649e-07,-6.891939733275726e-07,0.0,0.0,9.465959439394032e-07,-4.3716715299957186e-07,0.0,5.693689237056101e-07,0.0,-6.365774223772297e-07
2009-06-30,0.0,0.0,0.0,0.0,0.0,0.0,-8.188277020879964e-07,0.0,-5.016109293011174e-07,0.0,0.0,-5.293674826743649e-07,0.0,0.0,0.0,7.428488300152193e-07,4.4382816012716317e-07,8.542524638300195e-07,2.6476578458111212e-06,3.991059291021172e-07,3.2975100060894996e-07,0.0,7.293754585507258e-07,1.717869060393943e-06,8.869801176953486e-07,1.1479485956864669e-06,6.297631797903302e-07,3.826022275046792e-07,-3.733593102849879e-07,-5.262203897534451e-07,-5.610084411212294e-07,-2.3491374519057866e-07,2.8283407962679906e-07,0.0,-4.4981579109526984e-07,-1.284667034426559e-07,-2.925392145742391e-07,-2.6470928531685924e-07,-3.889470756959102e-07,-2.0273237939516455e-07,0.0,-1.522611620656647e-07,0.0,-2.6504734447468754e-07,0.0,-3.179347965623892e-07,0.0,-5.767469011947383e-07,-2.6126874699081258e-08,-1.931768843250119e-07,-4.2974494230591263e-07,-3.388078621518587e-07,-5.09335075111256e-07,-4.795310097082202e-07,0.0,9.465959439394032e-07,-1.8017226194047003e-07,0.0,0.0,0.0,-6.365774223772297e-07
2009-07-31,0.0,0.0,0.0,0.0,0.0,0.0,-8.188277020879964e-07,0.0,-5.016109293011174e-07,0.0,0.0,-5.293674826743649e-07,0.0,0.0,0.0,7.428488300152193e-07,4.4382816012716317e-07,8.542524638300195e-07,2.6476578458111212e-06,3.991059291021172e-07,3.2975100060894996e-07,0.0,7.293754585507258e-07,1.717869060393943e-06,8.869801176953486e-07,8.504633340844791e-07,6.297631797903302e-07,3.826022275046792e-07,-3.733593102849879e-07,-5.262203897534451e-07,-5.610084411212294e-07,-2.3491374519057866e-07,2.8283407962679906e-07,0.0,-4.4981579109526984e-07,3.545107131855612e-07,-2.925392145742391e-07,-2.6470928531685924e-07,-2.829998832037967e-07,-2.0273237939516455e-07,0.0,-9.428018757941543e-08,3.510607542477861e-07,-2.6504734447468754e-07,0.0,-3.179347965623892e-07,0.0,6.065687185315788e-07,-7.006614752034648e-08,-1.283435839187289e-07,-4.2974494230591263e-07,-3.388078621518587e-07,-6.800164674184508e-07,0.0,0.0,9.465959439394032e-07,-1.8017226194047003e-07,-6.836716591723845e-08,4.061770323848516e-07,0.0,-6.365774223772297e-07
2009-08-31,0.0,0.0,0.0,-1.6863011156689624e-08,-1.6584529773367482e-07,-2.962517350226754e-08,6.488705538495285e-07,0.0,-5.016109293011174e-07,0.0,0.0,-5.293674826743649e-07,0.0,-1.9777266237173735e-07,0.0,7.428488300152193e-07,6.787683651941091e-07,8.542524638300195e-07,2.6476578458111212e-06,3.991059291021172e-07,4.762459358224538e-07,1.3597116012721417e-06,7.293754585507258e-07,1.717869060393943e-06,1.369012386066362e-06,1.1478950153734417e-06,6.297631797903302e-07,3.826022275046792e-07,3.453754003600127e-07,-5.262203897534451e-07,-5.610084411212294e-07,3.3173442355485346e-07,4.350228295595313e-07,0.0,3.1379218728964186e-07,4.76400734922814e-07,-2.925392145742391e-07,-2.6470928531685924e-07,-2.829998832037967e-07,-2.0273237939516455e-07,0.0,-1.4295211589112907e-07,4.778939002077257e-07,-2.6504734447468754e-07,8.882970056422111e-07,1.398382647952956e-08,3.01841256117906e-07,6.065687185315788e-07,-7.006614752034648e-08,-1.283435839187289e-07,-9.925561353518118e-07,-3.388078621518587e-07,-6.800164674184508e-07,-2.0726677321043048e-07,0.0,6.079556743032898e-07,0.0,-1.0203202364820471e-07,4.061770323848516e-07,3.3850878435148565e-07,-6.365774223772297e-07
2009-09-30,7.198360854297016e-07,1.1101029036962865e-06,9.272595404060195e-07,2.3608996324974347e-07,1.2284862436436586e-06,1.2048899305190097e-06,1.0454500494012987e-06,7.970814638368644e-07,0.0,1.7999544714933324e-06,1.4912915107335976e-06,7.985699419154394e-07,3.665363027472942e-07,5.295058377070012e-07,1.441533672329147e-06,1.5556741820003296e-06,1.0151940085395493e-06,1.7615709008251425e-06,4.964286998707482e-06,6.66720782019261e-07,7.467439492032362e-07,2.268011955725812e-06,1.0481863625519142e-06,2.809813136384558e-06,3.0117910994418883e-06,1.8805692056413503e-06,1.1724466223506197e-06,6.637457090274907e-07,8.398637781542864e-08,-7.502728688719947e-07,2.435954159729675e-07,1.4407695729195963e-07,6.232137653527963e-07,-7.871627797222714e-07,1.944050908363442e-09,7.928082538793962e-07,-2.925392145742391e-07,-2.6470928531685924e-07,-4.3580994557420257e-07,-2.82717942450503e-07,-3.167740822304623e-07,-2.543596161218159e-07,4.778939002077257e-07,2.751223944493333e-08,1.3135266748124528e-06,1.5352811980167397e-07,3.01841256117906e-07,1.0135362699926094e-06,9.86822734168444e-07,1.8034349573695645e-06,-1.4316657270887297e-06,-4.815585010827131e-07,-1.303766993550871e-06,0.0,0.0,6.079556743032898e-07,0.0,0.0,7.640078817676174e-07,5.434587368824342e-07,-1.141010530269402e-06
2009-10-30,5.244679167593342e-07,7.878451515128233e-07,6.691443225940153e-07,1.728192347972067e-07,8.827149032706062e-07,8.934289603486226e-07,5.02666255864814e-07,5.599595529900727e-07,0.0,1.2958295144157001e-06,1.1157062677561155e-06,7.985699419154394e-07,3.665363027472942e-07,5.295058377070012e-07,1.0086811802256846e-06,1.0962580614511653e-06,1.0151940085395493e-06,1.7615709008251425e-06,4.964286998707482e-06,6.66720782019261e-07,7.467439492032362e-07,2.268011955725812e-06,0.0,0.0,3.0117910994418883e-06,1.8805692056413503e-06,1.1724466223506197e-06,6.637457090274907e-07,1.938064023970998e-07,4.1164769981603044e-08,2.435954159729675e-07,1.4407695729195963e-07,6.232137653527963e-07,1.522338407650824e-06,1.5586598292620288e-07,7.928082538793962e-07,2.9493670373650893e-08,0.0,-4.3580994557420257e-07,-2.82717942450503e-07,-3.167740822304623e-07,2.6250645347310436e-07,4.778939002077257e-07,6.601941006365852e-08,9.703389543400932e-07,1.5352811980167397e-07,3.01841256117906e-07,6.0984412988006e-07,9.86822734168444e-07,1.8034349573695645e-06,-1.4316657270887297e-06,7.840631936409392e-08,-8.889276182881522e-07,-1.866844685229241e-07,0.0,6.079556743032898e-07,-1.5774533370105238e-07,1.3587582344329706e-06,7.640078817676174e-07,5.434587368824342e-07,-7.838790682589668e-07
2009-11-30,5.244679167593342e-07,7.878451515128233e-07,6.691443225940153e-07,1.728192347972067e-07,8.827149032706062e-07,8.934289603486226e-07,5.02666255864814e-07,5.599595529900727e-07,8.088303401415845e-07,1.2958295144157001e-06,8.319411607390359e-07,7.985699419154394e-07,3.665363027472942e-07,3.809292243952967e-07,1.0086811802256846e-06,1.0962580614511653e-06,1.0151940085395493e-06,1.7615709008251425e-06,4.964286998707482e-06,6.66720782019261e-07,7.467439492032362e-07,2.268011955725812e-06,0.0,0.0,3.0117910994418883e-06,1.1358428280430699e-06,5.783735065816908e-07,-2.105712382287243e-07,2.7772168742941633e-07,7.745211009938374e-08,2.435954159729675e-07,1.4407695729195963e-07,6.232137653527963e-07,1.522338407650824e-06,2.798258776260534e-07,2.724889362513249e-07,7.860434587525041e-08,0.0,1.600752582628717e-08,0.0,-3.167740822304623e-07,2.6250645347310436e-07,4.778939002077257e-07,3.374598662960267e-08,7.048492114265569e-07,1.5352811980167397e-07,3.01841256117906e-07,6.0984412988006e-07,9.86822734168444e-07,1.8034349573695645e-06,-1.4316657270887297e-06,4.785457255320413e-07,-6.077563007662217e-07,-5.112801344436645e-07,5.475877789005201e-06,8.207402007997413e-07,1.104208961810107e-06,1.3587582344329706e-06,7.640078817676174e-07,5.434587368824342e-07,-7.838790682589668e-07
2009-12-31,7.21113900433706e-07,1.0999122509018392e-06,6.691443225940153e-07,1.728192347972067e-07,8.827149032706062e-07,8.934289603486226e-07,7.881228472117989e-07,5.599595529900727e-07,8.088303401415845e-07,1.2958295144157001e-06,8.319411607390359e-07,7.985699419154394e-07,3.665363027472942e-07,3.809292243952967e-07,1.0086811802256846e-06,0.0,0.0,1.7615709008251425e-06,4.964286998707482e-06,6.66720782019261e-07,0.0,2.268011955725812e-06,0.0,0.0,3.0117910994418883e-06,-1.283962179973537e-06,-9.26524909995466e-07,-2.8117302022949026e-07,2.7772168742941633e-07,0.0,2.435954159729675e-07,8.997343197503107e-08,0.0,4.001238454205699e-07,1.0310744106781218e-07,6.647416008957597e-07,3.4931525254085107e-07,0.0,0.0,0.0,-3.167740822304623e-07,2.6250645347310436e-07,3.2631826771359465e-07,3.374598662960267e-08,3.867687791550741e-07,3.8500608051363077e-07,3.01841256117906e-07,6.0984412988006e-07,9.86822734168444e-07,-1.4178688151667132e-07,-1.4316657270887297e-06,4.785457255320413e-07,-6.077563007662217e-07,-8.166424489054621e-07,0.0,8.207402007997413e-07,1.104208961810107e-06,1.3587582344329706e-06,7.640078817676174e-07,5.434587368824342e-07,-7.838790682589668e-07
2010-01-29,7.21113900433706e-07,1.0999122509018392e-06,6.691443225940153e-07,1.728192347972067e-07,8.827149032706062e-07,8.934289603486226e-07,3.6618016047791696e-07,5.599595529900727e-07,8.088303401415845e-07,1.2958295144157001e-06,8.319411607390359e-07,5.948795319482165e-07,3.665363027472942e-07,3.809292243952967e-07,1.0086811802256846e-06,1.304030598114221e-06,1.0274260630597487e-06,1.7615709008251425e-06,4.964286998707482e-06,6.66720782019261e-07,5.903639946349498e-07,2.268011955725812e-06,0.0,0.0,3.0117910994418883e-06,1.7170835789306363e-06,8.945933794152763e-07,-2.8117302022949026e-07,1.9963219832348313e-07,0.0,9.254953545236857e-08,5.3364246608862826e-08,0.0,6.040142766344119e-07,0.0,6.647416008957597e-07,3.4931525254085107e-07,3.473705755625084e-07,0.0,0.0,-2.2264801577262833e-07,2.6250645347310436e-07,3.2631826771359465e-07,7.847254787739432e-08,3.867687791550741e-07,3.8500608051363077e-07,3.01841256117906e-07,2.780766734615523e-07,9.86822734168444e-07,-1.0469505321338285e-06,-1.4316657270887297e-06,2.9426177096413346e-07,-8.631531004586974e-07,-2.2301003242879687e-07,0.0,8.207402007997413e-07,0.0,1.3587582344329706e-06,7.640078817676174e-07,5.434587368824342e-07,-7.838790682589668e-07
2010-02-26,7.21113900433706e-07,7.868293595537847e-07,6.691443225940153e-07,1.728192347972067e-07,8.827149032706062e-07,8.934289603486226e-07,1.160748339169827e-06,5.599595529900727e-07,5.707224179050288e-07,1.2958295144157001e-06,1.1847250668081168e-06,5.948795319482165e-07,3.665363027472942e-07,3.809292243952967e-07,1.0086811802256846e-06,0.0,7.436321119134796e-07,1.7615709008251425e-06,4.964286998707482e-06,6.66720782019261e-07,0.0,2.268011955725812e-06,0.0,0.0,1.7009684553974614e-06,1.7170835789306363e-06,6.144917540945917e-07,-2.8117302022949026e-07,5.111077207628529e-07,4.381052146815662e-08,2.0736751505648081e-07,1.508924376238396e-07,4.2747679596387705e-07,1.2833041522800362e-06,2.6466684547660907e-07,6.647416008957597e-07,3.4931525254085107e-07,3.473705755625084e-07,0.0,0.0,-2.2264801577262833e-07,9.543138389746751e-08,2.408869734924213e-07,7.847254787739432e-08,2.343316606187962e-07,2.75871074937862e-07,2.1707160098358687e-07,0.0,6.915382531001741e-07,7.267440011101297e-07,-9.736591147772878e-07,5.077027025260059e-07,-5.931480470514262e-07,-3.8984488790776023e-07,-1.1509632173743432e-06,4.6363004748181795e-07,-1.319085566298546e-07,1.3587582344329706e-06,7.640078817676174e-07,5.434587368824342e-07,-7.838790682589668e-07
2010-03-31,7.21113900433706e-07,1.196936699138026e-06,6.691443225940153e-07,2.6580519200319453e-07,8.827149032706062e-07,8.934289603486226e-07,1.160748339169827e-06,5.599595529900727e-07,9.003166370626016e-07,1.2958295144157001e-06,1.1847250668081168e-06,5.948795319482165e-07,4.915217527898362e-07,5.133037111958667e-07,1.4154705120717244e-06,0.0,1.1891645487742757e-06,1.7615709008251425e-06,4.964286998707482e-06,6.66720782019261e-07,0.0,2.268011955725812e-06,0.0,0.0,2.7780365020419302e-06,1.7170835789306363e-06,-1.2205881790481356e-06,-2.8117302022949026e-07,7.375309202461828e-07,1.230441630347706e-07,4.3019728689229815e-07,1.508924376238396e-07,4.2747679596387705e-07,3.2758331225971605e-07,9.873513363716129e-08,6.647416008957597e-07,3.4931525254085107e-07,3.473705755625084e-07,0.0,0.0,-3.902375469141902e-07,2.066308658374255e-07,3.953941099424398e-07,9.27219563185312e-10,3.879108706624294e-07,1.6573580321277705e-07,3.106540352659555e-07,0.0,6.915382531001741e-07,7.267440011101297e-07,-1.333515502920197e-06,5.077027025260059e-07,-8.996915859264634e-07,-1.0409862573130222e-06,-7.159869593263703e-07,4.6363004748181795e-07,0.0,-1.430455970565436e-07,7.640078817676174e-07,5.434587368824342e-07,-7.838790682589668e-07
2010-04-30,3.7044344536638307e-07,7.226967391196421e-07,6.691443225940153e-07,1.7723164985720068e-07,8.827149032706062e-07,6.455108853676351e-07,1.160748339169827e-06,5.599595529900727e-07,5.899972852778017e-07,1.2958295144157001e-06,8.621442350689937e-07,5.948795319482165e-07,4.915217527898362e-07,5.133037111958667e-07,9.701769592775945e-07,0.0,1.1891645487742757e-06,1.7615709008251425e-06,4.964286998707482e-06,6.66720782019261e-07,6.191984517019946e-07,2.268011955725812e-06,0.0,0.0,1.97057617362654e-06,1.219570715217555e-06,4.807985188670129e-07,5.555533508066707e-07,7.375309202461828e-07,0.0,2.6138780404058994e-07,-4.0597207355069326e-07,4.2747679596387705e-07,5.195342172352135e-07,0.0,6.647416008957597e-07,3.4931525254085107e-07,3.473705755625084e-07,2.3061532621835688e-07,0.0,-2.823443812151636e-07,2.066308658374255e-07,3.953941099424398e-07,0.0,3.879108706624294e-07,1.0495776668616388e-07,3.106540352659555e-07,2.1082219722218887e-07,4.777360975710318e-07,3.9557097318635844e-07,4.951868333177857e-07,-6.658378462226371e-08,-5.011038734951261e-07,1.3060803498969194e-06,-6.448344361768382e-06,-1.6989697252749282e-07,-1.8852019603123568e-07,-7.549745629132319e-07,7.640078817676174e-07,5.434587368824342e-07,-7.838790682589668e-07
2010-05-31,1.0609996463828553e-07,2.184955113617351e-07,1.698989734773872e-07,5.201691348388584e-08,2.0468464942985332e-07,2.2759455084096928e-07,7.34788699065347e-07,1.7584709574411289e-07,-6.68112271107138e-08,2.2297508545995442e-07,2.964638409172243e-07,-1.5938310353442267e-07,1.854777135417833e-07,1.4614054747908198e-07,2.8014930279624923e-07,4.584747810732272e-07,2.984441561202995e-07,5.855089143497846e-07,2.485591772238079e-06,1.2235164380287337e-07,3.848585273142353e-07,9.30678808946324e-07,7.120684798814259e-07,1.5274980879580207e-06,1.02035786553867e-06,7.233728724126961e-07,1.904547518653281e-07,1.308983635891678e-07,2.754841102089864e-07,-4.015715476891285e-07,2.6138780404058994e-07,-1.6197352470170003e-07,9.256366046410918e-08,5.195342172352135e-07,3.6762475539255096e-07,-1.3473087317325517e-07,-6.06501298449906e-08,-9.960150979346915e-08,-1.896895398292259e-07,-1.5861826220501185e-07,-2.823443812151636e-07,-1.505327686979308e-07,2.1513002682751274e-07,0.0,9.592356473273208e-08,1.0495776668616388e-07,1.2210166044118598e-07,1.106230383251145e-07,0.0,3.9557097318635844e-07,3.436226505136158e-07,-4.0288422471743647e-07,-3.3149353261771044e-07,6.356630499684596e-07,-4.551012931879813e-06,-7.089764001665557e-08,-2.935900265640755e-09,-7.549745629132319e-07,7.640078817676174e-07,0.0,-7.838790682589668e-07
2010-06-30,1.8247399743273056e-07,3.07162079901061e-07,3.233937547638328e-07,1.0351106615529409e-07,4.182241310435411e-07,3.885417742008368e-07,1.3340616015899267e-06,2.983630032263967e-07,-1.8114377878816367e-07,3.9042955688827187e-07,4.636034461505765e-07,4.170877340074878e-07,1.854777135417833e-07,1.4614054747908198e-07,3.8958339257067785e-07,7.515973445435206e-07,5.975921512263591e-07,1.1277032470040133e-06,4.170577173828349e-06,1.987021488045225e-07,6.938205011231849e-07,1.7299869600939435e-06,1.2705046845448823e-06,2.8635870116695706e-06,2.291491001352602e-06,1.3264564391530226e-06,4.1697058123346314e-07,2.4410692047080985e-07,4.707347003405155e-07,-6.797439694350629e-07,5.488592571804875e-07,-3.851998122270865e-07,2.40467729033387e-07,5.195342172352135e-07,5.292361601242313e-07,6.990158519570476e-07,3.169622680526325e-07,2.683939672943513e-07,3.761873548403302e-07,2.3517729441150303e-07,-2.823443812151636e-07,2.0115765209038515e-07,3.7296125978439225e-07,0.0,2.3640580466527975e-07,3.7755868809883695e-07,1.80038845325536e-07,2.9174014578775265e-07,8.619486691620626e-07,8.691555562697466e-07,1.1491007188301046e-06,3.125825355038668e-07,-1.0925413826962296e-06,-4.512457497964115e-07,-3.2285890045957846e-06,0.0,-6.76974665835732e-07,1.9284014871662705e-06,1.1590404041315483e-06,1.0225465722837424e-06,-7.838790682589668e-07
2010-07-30,2.974540384520131e-07,4.778649002425442e-07,4.5867222199516734e-07,1.5333030522045145e-07,6.621552970721443e-07,5.908538805593781e-07,1.3340616015899267e-06,2.983630032263967e-07,-2.927624291827912e-07,7.226283910077068e-07,4.636034461505765e-07,-2.8627764831639935e-07,2.956235890288961e-07,2.158509800881278e-07,5.690770585196587e-07,7.515973445435206e-07,9.058410615424747e-07,1.1277032470040133e-06,4.170577173828349e-06,3.1158703756860475e-07,6.938205011231849e-07,1.7299869600939435e-06,1.2705046845448823e-06,2.8635870116695706e-06,3.0681515478758395e-06,1.3264564391530226e-06,4.1697058123346314e-07,2.4410692047080985e-07,4.707347003405155e-07,-6.797439694350629e-07,5.488592571804875e-07,-3.851998122270865e-07,3.211597530949951e-07,5.195342172352135e-07,5.292361601242313e-07,6.990158519570476e-07,-1.3447895498751147e-07,-2.429802215298036e-07,-4.0369933026981133e-07,-3.2901586037085647e-07,-4.2208842869571184e-07,0.0,2.65824688138373e-07,0.0,3.6960770278292194e-07,5.056550748914995e-07,2.570066904352269e-07,2.9174014578775265e-07,8.619486691620626e-07,8.691555562697466e-07,1.1491007188301046e-06,1.9093718465622765e-07,9.530099882126534e-07,1.8958849435989065e-06,2.6823239536680046e-06,0.0,1.324398442651521e-06,-1.999985435835583e-06,1.1590404041315483e-06,4.1510917185785715e-07,6.837493078737039e-07
2010-08-31,6.664314700479373e-07,1.0782492184465502e-06,-8.12535697416864e-07,3.1647103818812076e-07,-7.143201258728052e-07,1.1281156080230557e-06,2.5007507473089028e-06,8.414626063470451e-07,-8.94838245245071e-08,1.5880473334844947e-06,1.2958388053438024e-06,-8.55503800061315e-07,5.316926327196496e-07,-6.487450574249729e-07,1.292829524241097e-06,1.2646096525332936e-06,5.561700289005045e-07,1.1277032470040133e-06,6.503334238032531e-06,3.1158703756860475e-07,6.938205011231849e-07,1.7299869600939435e-06,2.2523065765154845e-06,5.56406712972845e-06,0.0,1.3264564391530226e-06,4.1697058123346314e-07,4.862129922366006e-07,9.679784245310676e-07,-6.797439694350629e-07,1.0751370027741113e-06,-5.67250972371855e-07,6.926992996961638e-07,1.9797815769479164e-06,1.1550603763814429e-06,9.82019249093278e-07,-2.2847666510883327e-07,-2.429802215298036e-07,6.705697506990411e-07,3.9888071302609563e-07,-7.002383579278805e-07,-4.905758425876346e-07,6.731782697040034e-07,2.3234956063335476e-07,5.758939507793151e-07,9.124195455248759e-07,4.173299721821807e-07,-1.549283586355585e-06,1.738552681214486e-06,1.3447713716255116e-06,1.871852330778704e-06,1.9093718465622765e-07,5.301264379064945e-07,2.7354557753606214e-06,3.872734263655106e-06,0.0,9.422011253604732e-07,2.3298407958097457e-06,1.5572059963898895e-07,0.0,6.837493078737039e-07
2010-09-30,6.664314700479373e-07,1.0782492184465502e-06,1.0722749106609408e-06,3.1647103818812076e-07,-1.2471194323217597e-06,1.1281156080230557e-06,2.5007507473089028e-06,8.414626063470451e-07,0.0,1.5880473334844947e-06,1.2958388053438024e-06,0.0,5.316926327196496e-07,-6.487450574249729e-07,1.292829524241097e-06,1.2646096525332936e-06,5.561700289005045e-07,1.6197426999404079e-06,6.503334238032531e-06,3.1158703756860475e-07,6.938205011231849e-07,1.7299869600939435e-06,9.717859147594852e-07,2.787692365825981e-06,0.0,7.768724915688174e-07,2.1278930275213736e-07,4.862129922366006e-07,9.679784245310676e-07,-1.1197905622596322e-06,1.0751370027741113e-06,-5.67250972371855e-07,6.926992996961638e-07,2.9644268127042845e-08,1.1550603763814429e-06,9.82019249093278e-07,6.180975234776281e-07,-2.429802215298036e-07,6.705697506990411e-07,3.9888071302609563e-07,-2.1463743678295515e-07,0.0,6.731782697040034e-07,2.3234956063335476e-07,5.758939507793151e-07,6.724452800857869e-07,5.582767379593262e-07,-1.549283586355585e-06,5.384739548296035e-07,1.3447713716255116e-06,1.871852330778704e-06,3.6135165557260773e-07,5.301264379064945e-07,2.7354557753606214e-06,7.005719527603752e-06,1.1143767971317016e-06,9.422011253604732e-07,2.3298407958097457e-06,4.909453212081023e-07,3.1792018303443745e-07,6.837493078737039e-07
2010-10-29,6.664314700479373e-07,1.0782492184465502e-06,7.448938689076165e-07,2.2478323071707435e-07,1.0381546792066283e-06,1.1281156080230557e-06,1.5114499079649155e-06,5.800810414701281e-07,0.0,1.1425230272895492e-06,9.581603059568627e-07,0.0,5.316926327196496e-07,-3.793016626557852e-07,1.292829524241097e-06,6.901078234677244e-07,5.561700289005045e-07,1.6197426999404079e-06,4.1486730927759576e-06,3.1158703756860475e-07,3.6280843769142987e-07,1.2838338946905252e-06,9.717859147594852e-07,2.787692365825981e-06,0.0,0.0,0.0,2.550437670045309e-07,4.5372923026647216e-07,-6.335891176261951e-07,6.19252428242081e-07,-2.4506913014878883e-07,4.531475009447467e-07,0.0,6.669907135152367e-07,3.7118576170673873e-07,-4.318478163906379e-08,-1.4203644954684379e-07,4.3841313109311253e-07,-2.7947748224537373e-07,-5.542901341732707e-08,-2.824823463156114e-07,3.131937410159233e-07,2.3234956063335476e-07,2.432743393951286e-07,3.8677406775701335e-07,2.0655310195232283e-07,-9.690871124806607e-07,1.3692351070062241e-07,1.3447713716255116e-06,1.0490648086665028e-06,1.2587724067239133e-07,3.75614292468503e-07,1.1296923053399358e-06,3.702498238970636e-06,6.534756725567487e-07,5.399144115757394e-07,8.033244242458234e-07,4.909453212081023e-07,3.1792018303443745e-07,3.923431109740803e-07
2010-11-30,3.7747572834607583e-07,5.740830776935875e-07,-5.207974071908757e-07,1.3056038442781815e-07,-7.325835584153702e-07,5.3560345560335e-07,1.5114499079649155e-06,3.7445964911474335e-07,0.0,7.536473516966079e-07,9.581603059568627e-07,-1.1071421415974568e-07,2.8667340501234506e-07,-3.793016626557852e-07,6.9057243005998e-07,4.438109540757356e-07,3.6128904779740387e-07,6.711861609912744e-07,1.4746378832850504e-06,1.4620135122655636e-07,3.6280843769142987e-07,3.8623097553079063e-07,9.717859147594852e-07,2.787692365825981e-06,0.0,5.20240180126266e-07,1.2365545747096665e-07,2.550437670045309e-07,4.5372923026647216e-07,-4.6093469641857825e-07,6.19252428242081e-07,-1.7704223067236628e-07,3.1204845247769687e-07,1.2705957533498866e-06,4.735823632436141e-07,1.919367904023464e-07,2.3823003268366188e-07,2.2108962062140124e-07,3.2158510146537417e-07,1.9762498060257112e-07,-5.542901341732707e-08,1.5456848309360645e-07,1.4834108252475493e-07,2.3234956063335476e-07,1.5891301103731704e-07,2.1953073921800382e-07,6.225704382709239e-08,-6.703863457006127e-07,1.0119289868482766e-07,5.366825815856105e-07,1.0490648086665028e-06,1.2587724067239133e-07,3.75614292468503e-07,1.1296923053399358e-06,1.611932848949971e-06,1.738911457762984e-07,3.8865187974874e-07,4.4821001761776254e-07,2.69934158733773e-07,1.7689962030505137e-07,3.923431109740803e-07
2010-12-31,6.169567451402485e-07,9.642216814012228e-07,-7.977257572657147e-07,1.8912881991622686e-07,-1.0570906648574108e-06,5.3560345560335e-07,2.088582476879842e-06,3.7445964911474335e-07,0.0,1.2744736577395018e-06,9.581603059568627e-07,0.0,2.8667340501234506e-07,-3.793016626557852e-07,1.1325576601468415e-06,4.438109540757356e-07,5.948652566498696e-07,9.618529146546516e-07,2.359836039956028e-06,2.4443498712575444e-07,3.6280843769142987e-07,5.712701909432642e-07,4.555546055826443e-07,1.532204289114268e-06,6.465271647062798e-07,5.20240180126266e-07,2.205803615728801e-07,3.7148716255934665e-07,4.5372923026647216e-07,-6.15110659239333e-07,6.19252428242081e-07,-3.3098904399258666e-07,4.800768787024185e-07,0.0,4.735823632436141e-07,2.965430485484246e-07,3.814293703210589e-07,3.57855046667332e-07,5.078601813994616e-07,3.179096993243948e-07,-1.3463010261293526e-07,1.5456848309360645e-07,2.400896694619566e-07,2.3234956063335476e-07,2.2064761340590592e-07,4.4844427784114047e-07,9.571438320288302e-08,-6.703863457006127e-07,1.887553319876194e-07,3.884344483726601e-07,1.0490648086665028e-06,2.448094223118713e-07,5.464800180748629e-07,1.1296923053399358e-06,2.5872013932462416e-06,1.738911457762984e-07,5.904359971995035e-07,7.015327006011841e-07,2.69934158733773e-07,2.6445773314842903e-07,3.923431109740803e-07
2011-01-31,6.169567451402485e-07,9.642216814012228e-07,6.093677405043586e-07,1.8912881991622686e-07,7.315954209840207e-07,5.3560345560335e-07,2.088582476879842e-06,3.7445964911474335e-07,7.564365767855516e-07,9.390582185334949e-07,9.581603059568627e-07,7.120145192311895e-07,2.8667340501234506e-07,1.3118072448536618e-07,1.1325576601468415e-06,4.438109540757356e-07,5.948652566498696e-07,9.618529146546516e-07,2.359836039956028e-06,2.4443498712575444e-07,5.13217721390987e-07,5.712701909432642e-07,4.555546055826443e-07,1.532204289114268e-06,4.466800136812223e-07,5.20240180126266e-07,1.0378666251930156e-07,3.7148716255934665e-07,4.5372923026647216e-07,6.589633829604464e-07,8.819525837490281e-07,2.853954176943279e-07,4.800768787024185e-07,0.0,7.00405160084534e-07,2.965430485484246e-07,3.814293703210589e-07,2.0775701674121355e-07,3.798549535758453e-07,3.179096993243948e-07,-1.3463010261293526e-07,1.5456848309360645e-07,2.400896694619566e-07,2.3234956063335476e-07,2.2064761340590592e-07,4.4844427784114047e-07,9.571438320288302e-08,1.4963849337089923e-07,1.887553319876194e-07,1.0858992135718523e-06,1.0490648086665028e-06,1.554871099175859e-07,5.464800180748629e-07,1.1296923053399358e-06,2.5872013932462416e-06,2.551151104070114e-07,5.904359971995035e-07,7.015327006011841e-07,2.69934158733773e-07,2.6445773314842903e-07,3.923431109740803e-07
2011-02-28,3.909757104841164e-07,7.022039421360323e-07,6.093677405043586e-07,1.3049003824531006e-07,7.315954209840207e-07,0.0,7.239161361632682e-07,3.7445964911474335e-07,0.0,9.390582185334949e-07,9.581603059568627e-07,2.0160636567712892e-07,2.8667340501234506e-07,-4.0999549229070515e-07,1.1325576601468415e-06,4.438109540757356e-07,3.0197981347771877e-07,4.7582828908981607e-07,1.5662986837304506e-06,1.0896781173987545e-07,5.13217721390987e-07,5.712701909432642e-07,4.555546055826443e-07,1.532204289114268e-06,2.23651067201848e-07,3.3481852581059335e-07,3.906629276231995e-08,3.7148716255934665e-07,4.5372923026647216e-07,6.589633829604464e-07,8.819525837490281e-07,2.853954176943279e-07,2.9599071120290434e-07,1.6335951830887923e-06,7.00405160084534e-07,1.2469650541523225e-07,1.9499075990157562e-07,9.549842853029303e-08,3.798549535758453e-07,1.9146436801189995e-07,-1.3463010261293526e-07,1.0223418874109511e-07,2.400896694619566e-07,2.3234956063335476e-07,2.2064761340590592e-07,4.4844427784114047e-07,9.571438320288302e-08,3.358657905650777e-07,1.1812054112507132e-07,7.641628134614451e-07,7.482729969333491e-07,1.554871099175859e-07,3.2814036115116405e-07,1.1296923053399358e-06,1.6015657531790319e-06,2.551151104070114e-07,5.904359971995035e-07,3.934842545591722e-07,2.69934158733773e-07,1.90862018133819e-07,1.8314164255860837e-07
2011-03-31,2.3575500599337168e-07,3.894824675507219e-07,6.093677405043586e-07,7.444657819425836e-08,5.081653521071992e-07,-1.6516221870378052e-07,7.239161361632682e-07,3.7445964911474335e-07,-4.720667335637958e-08,4.6501627517948555e-07,4.6043274899244237e-07,-6.325110536910818e-08,1.6182102611412498e-07,-2.709419883377219e-07,4.4962200302208923e-07,1.8797824557057275e-07,4.792213123518822e-07,6.377299181897364e-07,-1.7699785670057506e-06,1.0896781173987545e-07,3.76032105464695e-07,7.823968655844021e-07,2.3265934646314044e-07,3.868963349256066e-07,1.2474573144133818e-07,3.3481852581059335e-07,0.0,3.7148716255934665e-07,4.5372923026647216e-07,6.589633829604464e-07,6.320625133450086e-07,2.853954176943279e-07,2.0453157889477498e-07,0.0,4.921412421189356e-07,1.8786873029773685e-07,1.2318380474092733e-07,5.847277491150839e-08,2.2980052801146625e-07,1.3296268786854083e-07,-1.3463010261293526e-07,7.48928498843991e-08,2.400896694619566e-07,1.5992983096844188e-07,1.632705738677053e-07,2.885582864780055e-07,9.571438320288302e-08,-3.4073530983789256e-07,8.4995808997475e-08,5.047801431922506e-07,3.488610287681114e-07,9.49988194351406e-08,2.1192096063157603e-07,2.421864588871478e-07,1.1052770879071065e-06,2.551151104070114e-07,2.950885114468301e-07,3.934842545591722e-07,1.9528535277989844e-07,1.90862018133819e-07,1.8314164255860837e-07
2011-04-29,4.1042175866244394e-07,7.567910564879053e-07,6.093677405043586e-07,7.444657819425836e-08,7.239150086860697e-07,6.324569746425707e-07,7.239161361632682e-07,3.7445964911474335e-07,-2.6958527559734067e-08,8.828063522789121e-07,8.66496664937704e-07,-9.882869285293965e-08,1.6182102611412498e-07,1.1409774209809966e-07,7.77533509600298e-07,4.3409959390605505e-08,4.792213123518822e-07,-7.065784641645191e-07,-2.61151168971985e-06,3.494190613964693e-08,3.76032105464695e-07,1.2958575254864389e-06,2.3265934646314044e-07,1.1381952254716445e-07,0.0,2.2321961334550504e-07,0.0,6.297414151671377e-07,6.405330599303804e-07,6.589633829604464e-07,1.0330717798256512e-06,3.8934294475160744e-07,2.7470181477553395e-07,0.0,7.274085747289687e-07,2.8747041490167206e-07,2.161113562574198e-07,1.5080723545439775e-07,2.2980052801146625e-07,2.2874238976594477e-07,-1.3463010261293526e-07,1.7707683574256557e-07,2.400896694619566e-07,2.491891446189566e-07,2.427046742385473e-07,4.465499836699667e-07,9.571438320288302e-08,6.299438845644814e-07,1.6747156556486172e-07,5.047801431922506e-07,-7.588156079320385e-07,1.4468173943830197e-07,2.1192096063157603e-07,4.5975683058634244e-07,1.761642366209209e-06,5.104651066116323e-07,3.983920485087442e-07,3.934842545591722e-07,1.9528535277989844e-07,1.90862018133819e-07,5.4383247701958035e-08
2011-05-31,4.1042175866244394e-07,7.567910564879053e-07,6.093677405043586e-07,4.9274610105711986e-08,7.239150086860697e-07,6.324569746425707e-07,7.239161361632682e-07,3.7445964911474335e-07,0.0,8.828063522789121e-07,6.044390902469229e-07,3.5135095328416785e-07,2.2903095332054003e-07,1.1409774209809966e-07,7.77533509600298e-07,3.995168297896519e-07,-4.944251651417331e-07,-7.065784641645191e-07,-2.61151168971985e-06,-1.5468827893169274e-07,3.76032105464695e-07,1.2958575254864389e-06,3.56401835095634e-07,9.371651459081649e-07,0.0,4.1820874269967963e-07,5.558752515653015e-07,6.297414151671377e-07,3.7407915565076814e-07,6.589633829604464e-07,6.469013939695818e-07,2.2822587633440418e-07,1.441660778096833e-07,1.3611313428781842e-06,4.776457772829158e-07,1.1689490132506066e-07,8.943389016763423e-08,1.5080723545439775e-07,1.2079513833311864e-07,8.416222369807954e-08,-8.887164992969307e-08,9.360815245994561e-08,2.400896694619566e-07,1.6631654391050812e-07,2.427046742385473e-07,3.1132540720740103e-07,3.1149466996504854e-08,4.166499541965473e-08,1.6747156556486172e-07,3.677229131518636e-07,-5.376114342230436e-07,4.500418494633494e-08,2.1192096063157603e-07,1.5176059850588937e-07,1.761642366209209e-06,5.104651066116323e-07,3.983920485087442e-07,2.2294078327430965e-07,0.0,8.210421350405306e-08,1.7117509743742154e-08
2011-06-30,2.5374742296875203e-07,4.0322724790385346e-07,3.7372824722334654e-07,2.270568442324723e-08,4.854421417400248e-07,3.894449705100918e-07,3.791305788089005e-07,2.66860027952171e-07,4.655651270195975e-07,5.386590529255272e-07,6.044390902469229e-07,3.5135095328416785e-07,1.0500795764301793e-07,1.8434586958048793e-07,4.6118890426075545e-07,3.995168297896519e-07,4.019575885909732e-07,5.821257712709989e-07,-1.5341066206988576e-06,-5.8572203512297906e-08,3.76032105464695e-07,1.2958575254864389e-06,-6.026311439491009e-07,4.806405985590231e-07,0.0,4.1820874269967963e-07,5.558752515653015e-07,3.648575856514817e-07,3.7407915565076814e-07,4.908484128957154e-07,3.774595716203844e-07,2.2822587633440418e-07,3.334900170537943e-07,4.334207994572652e-07,4.776457772829158e-07,3.07764071630079e-07,8.943389016763423e-08,1.1299733785857935e-07,1.2079513833311864e-07,8.416222369807954e-08,-5.078323496667516e-08,9.360815245994561e-08,2.400896694619566e-07,1.6631654391050812e-07,2.427046742385473e-07,3.1132540720740103e-07,4.3034075385972725e-08,5.07271580379387e-07,1.6747156556486172e-07,3.677229131518636e-07,4.5925367210524005e-07,4.500418494633494e-08,1.3870723197894318e-07,2.2171952700266403e-07,9.67250487485928e-07,3.669665794765018e-07,3.983920485087442e-07,8.301281039356675e-08,0.0,0.0,-2.3715760696386043e-07
2011-07-29,2.5374742296875203e-07,4.0322724790385346e-07,5.32671591463321e-07,7.531370641890945e-09,4.854421417400248e-07,-2.5600000371629185e-07,6.551455208976739e-07,3.6386772093329545e-07,7.018718573255667e-07,5.386590529255272e-07,6.044390902469229e-07,5.546882921697297e-07,1.0500795764301793e-07,-2.7572251765452074e-07,4.6118890426075545e-07,3.995168297896519e-07,4.019575885909732e-07,5.821257712709989e-07,8.329128078467549e-07,-1.0957009128419679e-07,2.794184826921069e-07,1.2958575254864389e-06,1.9690739071151804e-07,4.806405985590231e-07,0.0,5.683995650866657e-07,5.558752515653015e-07,3.648575856514817e-07,3.7407915565076814e-07,6.971473016423803e-07,5.562467952369583e-07,2.2822587633440418e-07,4.6724930245699827e-07,6.146505094923777e-07,4.776457772829158e-07,3.07764071630079e-07,1.54173187606122e-07,1.6928946826525205e-07,2.1961185076929865e-07,1.6785035588874742e-07,0.0,1.518682072098719e-07,2.400896694619566e-07,2.790012000582795e-07,2.427046742385473e-07,4.347123177978736e-07,7.419886253112116e-08,6.9947791975679e-07,1.6747156556486172e-07,3.677229131518636e-07,8.509208636287287e-07,0.0,-4.064111046930493e-07,3.3953014472944954e-07,1.2911472226125926e-06,3.669665794765018e-07,3.983920485087442e-07,0.0,0.0,0.0,-3.6581464135249214e-07
2011-08-31,1.1745189796106997e-07,2.058466695294598e-07,-2.486506930496774e-07,-6.11826215309707e-08,-2.576556633064498e-07,-1.421859313195386e-07,4.32449012955818e-07,-1.2030948123522083e-07,-7.930804297645167e-08,2.517161947349716e-07,2.774653909476977e-07,-3.764496594743827e-07,1.0500795764301793e-07,-1.6207746939179e-07,2.6294909923496135e-07,3.995168297896519e-07,3.9892525004800026e-08,1.3749569977338287e-07,8.329128078467549e-07,1.6841823759494602e-07,1.7618810232350628e-07,1.2958575254864389e-06,2.991237362280767e-07,4.806405985590231e-07,0.0,8.380607336723945e-07,5.558752515653015e-07,1.300023964625801e-07,1.218157321919361e-07,6.971473016423803e-07,5.562467952369583e-07,2.2822587633440418e-07,2.960312968767034e-07,2.2818996253342408e-07,7.105774736970473e-08,8.397244339756468e-08,1.54173187606122e-07,1.1897259208161695e-07,2.1961185076929865e-07,1.6785035588874742e-07,0.0,1.0600826558416787e-07,5.41325055038407e-08,1.8239796647961488e-07,2.427046742385473e-07,2.478727171941233e-07,3.5153499648190964e-08,6.9947791975679e-07,1.6747156556486172e-07,5.187073887066063e-07,8.509208636287287e-07,4.7344149798737155e-08,0.0,8.241347181909785e-08,1.2911472226125926e-06,3.669665794765018e-07,3.983920485087442e-07,0.0,0.0,2.542643976966259e-07,-3.6581464135249214e-07
2011-09-30,-1.0938419181390652e-07,-1.475491100832824e-07,-2.486506930496774e-07,-6.11826215309707e-08,-3.785132693701812e-07,-2.0849998141613983e-07,-7.059399569006284e-07,-1.9092320843670733e-07,-2.627466714422044e-08,4.097482666437211e-07,-1.476168173849345e-07,-1.7983051863764057e-07,-1.8287165765295133e-07,-1.6207746939179e-07,2.6294909923496135e-07,3.995168297896519e-07,2.5891473215730386e-07,5.012467036937455e-07,1.1243263120895114e-06,1.6841823759494602e-07,1.7618810232350628e-07,1.772972564654867e-06,2.991237362280767e-07,4.806405985590231e-07,0.0,1.2232428895287839e-06,5.558752515653015e-07,1.300023964625801e-07,2.079581833506229e-07,0.0,-1.2390947115760371e-08,-2.0349412709547686e-08,2.960312968767034e-07,-7.296430583388872e-07,2.4618273258238085e-07,5.363759170695473e-08,1.54173187606122e-07,-1.610739429095094e-07,2.1961185076929865e-07,1.6785035588874742e-07,-3.3334483133996984e-08,1.456523545279165e-07,5.41325055038407e-08,-6.458719943742245e-08,2.427046742385473e-07,-2.549270907150606e-08,3.5153499648190964e-08,-6.622933242239556e-08,2.922723782103277e-07,9.002794307839876e-08,8.509208636287287e-07,7.51004472037738e-08,-4.2541666129188884e-07,3.806606832053575e-07,1.2911472226125926e-06,3.669665794765018e-07,3.983920485087442e-07,-9.004717693448143e-07,-7.17284246313461e-07,-4.002786118770036e-07,-3.6581464135249214e-07
2011-10-31,1.6989246285867587e-07,3.117706172290879e-07,-3.4746270605672986e-07,-8.99621917646251e-08,-3.785132693701812e-07,-3.13110857786217e-07,-1.0111363879752194e-06,-1.9092320843670733e-07,0.0,4.097482666437211e-07,4.25657780823023e-07,-3.020340023789743e-07,-1.8287165765295133e-07,-1.6207746939179e-07,2.6294909923496135e-07,3.995168297896519e-07,2.5891473215730386e-07,5.012467036937455e-07,6.502630538737155e-07,1.6841823759494602e-07,2.3680895946426138e-07,1.772972564654867e-06,2.991237362280767e-07,6.433999181313548e-07,0.0,1.2232428895287839e-06,5.558752515653015e-07,2.1325379515283895e-07,2.079581833506229e-07,8.102376866969498e-07,4.940925676026449e-07,2.9971039286588353e-07,2.960312968767034e-07,-7.296430583388872e-07,2.4618273258238085e-07,5.363759170695473e-08,2.1678479783800667e-07,-1.610739429095094e-07,2.943284005675415e-07,2.296723260177031e-07,-2.795361919581877e-07,1.456523545279165e-07,9.059059517045054e-08,-6.458719943742245e-08,-1.0630525220244199e-07,-1.8465177343018926e-08,3.5153499648190964e-08,-2.3265664532691207e-07,4.2451534565885213e-07,0.0,1.1607079008999929e-06,2.5441061269605553e-08,-4.2541666129188884e-07,3.806606832053575e-07,-3.925241035390302e-06,6.088874379725062e-07,6.679993707090906e-07,-9.004717693448143e-07,-7.17284246313461e-07,-4.002786118770036e-07,-5.291384396643914e-07
2011-11-30,-7.939770034654407e-08,5.883267307732826e-07,-6.432813686527379e-07,-1.4012232795955432e-07,-8.085920824122583e-07,0.0,-1.5236503036702533e-06,-1.9092320843670733e-07,0.0,8.022780883584592e-07,0.0,-7.686860029942887e-07,-1.8287165765295133e-07,-2.941238390567703e-07,6.730556331160115e-07,9.622310581624657e-07,2.5891473215730386e-07,6.831346581702388e-07,6.502630538737155e-07,2.4119751782041193e-07,5.639918314437818e-07,0.0,1.060347585816824e-06,1.8593011027727085e-06,0.0,2.4565602748588957e-06,1.2624026024474315e-06,2.1325379515283895e-07,2.079581833506229e-07,-1.521346218441496e-07,-4.251439887243599e-08,4.765255753164115e-07,7.790958615109995e-07,-1.3730880879260818e-06,2.4618273258238085e-07,3.680582490531103e-07,3.626598036352052e-07,3.587103039744585e-07,5.27590800917824e-07,3.73618584430497e-07,-6.151892421188478e-07,2.8486392031688286e-07,1.2815720715591906e-07,-2.7920236519605685e-07,-2.833831499850125e-07,0.0,3.5153499648190964e-08,-1.3385250376647646e-06,6.582487012194739e-07,0.0,2.071093268896645e-06,1.2528199159298959e-08,-9.863107667077448e-07,1.1320898491015487e-06,-6.408819257284902e-06,1.2074688683363166e-06,1.1724826894299319e-06,-1.5017205024651913e-06,-1.471506268739116e-06,-8.143088620520568e-07,-9.203007212711915e-07
2011-12-30,-2.964365831754405e-07,-5.083200842362046e-07,-1.189913337934367e-06,-2.6290846924724947e-07,-1.3892047055275952e-06,-7.668190899825079e-07,-2.27113529884328e-06,-7.283819635805027e-07,0.0,0.0,0.0,-7.686860029942887e-07,-5.444797973146472e-07,-2.941238390567703e-07,1.1922669199967015e-06,1.5444488023304025e-06,4.7436354882528027e-07,6.831346581702388e-07,3.2058369113318985e-06,5.631004079485335e-07,1.056883952969761e-06,1.2014884825763053e-06,3.702224169739729e-07,5.999760584166561e-07,0.0,4.041260909782037e-06,2.1238050307485062e-06,5.560097015916089e-07,9.177496605141491e-07,0.0,-5.307952143168072e-07,-9.241667440150452e-08,2.668467540746991e-07,-2.7532177617110872e-06,1.2029952787417927e-06,0.0,5.797276419240856e-07,-3.7620380228095333e-07,8.561054049671735e-07,5.907835900951235e-07,-8.60902000472174e-07,4.810773958998007e-07,2.41038566530465e-07,-5.281336927461286e-07,-5.287417888721506e-07,0.0,-2.0033386525768408e-07,-1.8601090338467668e-06,1.1613239495109626e-06,0.0,2.071093268896645e-06,-6.165579705571366e-07,-1.6027731139737863e-06,1.1320898491015487e-06,0.0,-2.7498599361899455e-07,1.699402416789083e-06,-1.5017205024651913e-06,-2.257330065374862e-06,-1.3045770994597492e-06,-1.5879474969142912e-06
2012-01-31,-2.0384190626058496e-07,1.0874924338024692e-06,-1.189913337934367e-06,-2.6290846924724947e-07,-1.3892047055275952e-06,-5.682582237985062e-07,-2.27113529884328e-06,-7.283819635805027e-07,0.0,1.4974051531804125e-06,0.0,-5.451644790338493e-07,-5.444797973146472e-07,-1.9803944569872615e-07,1.1922669199967015e-06,1.5444488023304025e-06,4.7436354882528027e-07,6.831346581702388e-07,1.3447369572301513e-06,5.631004079485335e-07,1.056883952969761e-06,1.2014884825763053e-06,3.702224169739729e-07,4.3100429456901836e-07,0.0,4.041260909782037e-06,2.1238050307485062e-06,5.560097015916089e-07,9.177496605141491e-07,0.0,-5.307952143168072e-07,-1.7451790700520258e-08,2.668467540746991e-07,-2.7532177617110872e-06,1.2029952787417927e-06,0.0,5.797276419240856e-07,4.912480575288109e-07,8.561054049671735e-07,5.907835900951235e-07,-5.70904653789078e-07,4.810773958998007e-07,2.0898413072714548e-08,-5.281336927461286e-07,-5.287417888721506e-07,0.0,1.8475924774988707e-08,-1.215171076524672e-06,0.0,0.0,2.071093268896645e-06,-6.165579705571366e-07,-1.6027731139737863e-06,1.9354481549726756e-06,-7.616369451665258e-07,-2.7498599361899455e-07,0.0,-1.5017205024651913e-06,-1.2665766349594078e-06,-8.824717077089718e-07,-1.5879474969142912e-06
2012-02-29,8.794553736826061e-07,1.589409428205284e-06,-1.189913337934367e-06,-2.6290846924724947e-07,0.0,0.0,1.5293298548573365e-06,1.0653390707751858e-06,0.0,2.041994937735068e-06,1.6802425926363713e-06,0.0,-1.4230855394600194e-07,-4.3165654771514056e-07,1.8202744508015825e-06,1.5444488023304025e-06,0.0,0.0,0.0,5.631004079485335e-07,1.056883952969761e-06,0.0,7.95716359435819e-07,1.6750498164167185e-06,0.0,1.0886371937617473e-06,1.4147395989127966e-06,5.560097015916089e-07,3.5341544664449434e-07,-7.344688298209745e-07,-5.307952143168072e-07,-4.295922183656633e-07,1.1084475657965666e-06,-2.7532177617110872e-06,0.0,2.2121021015615415e-07,5.797276419240856e-07,4.912480575288109e-07,8.561054049671735e-07,5.907835900951235e-07,-5.70904653789078e-07,4.810773958998007e-07,8.239142435654886e-08,-5.281336927461286e-07,-5.287417888721506e-07,0.0,-1.9391390598568178e-07,-1.215171076524672e-06,0.0,0.0,2.071093268896645e-06,-6.165579705571366e-07,-1.6027731139737863e-06,1.9354481549726756e-06,1.04323478754585e-05,1.0845493171316681e-06,0.0,-6.778167470749895e-07,-1.2665766349594078e-06,-1.2784215850448332e-06,-9.680119703945197e-07
2012-03-30,8.794553736826061e-07,1.589409428205284e-06,0.0,-2.6290846924724947e-07,-2.007591894300152e-06,1.6215661096279894e-06,-2.4778866728834354e-06,-6.469864502420249e-07,1.8275574820228724e-06,2.041994937735068e-06,1.6802425926363713e-06,1.5275231969610256e-06,-5.157093704094268e-07,-4.835455827087104e-08,1.8202744508015825e-06,1.5444488023304025e-06,7.000463266675581e-07,1.1016866637912094e-06,0.0,5.631004079485335e-07,1.056883952969761e-06,7.018188817296577e-07,2.845379254620806e-07,0.0,0.0,1.0886371937617473e-06,1.4147395989127966e-06,5.560097015916089e-07,1.0920403603936784e-06,0.0,-1.223242206315087e-06,-4.295922183656633e-07,5.035880641304044e-07,-2.7532177617110872e-06,1.2797659853829736e-06,-9.157033625857215e-07,5.797276419240856e-07,0.0,8.561054049671735e-07,0.0,-5.70904653789078e-07,4.810773958998007e-07,0.0,-5.281336927461286e-07,-5.287417888721506e-07,-2.529503941352846e-07,-1.9391390598568178e-07,-1.215171076524672e-06,0.0,4.6011196179099873e-07,2.071093268896645e-06,-6.165579705571366e-07,-9.5887271077327e-07,-1.8870056384298747e-06,6.9644873358725e-06,1.0845493171316681e-06,0.0,-9.946185374665447e-07,4.183679666594064e-07,6.980612488818488e-07,-6.731913655097819e-07
2012-04-30,-3.667234628380597e-08,1.589409428205284e-06,-1.6611706616676541e-07,-2.6290846924724947e-07,-2.007591894300152e-06,-1.6168017484291218e-06,-2.4778866728834354e-06,-6.469864502420249e-07,0.0,2.041994937735068e-06,0.0,-1.0829064676169537e-06,-5.157093704094268e-07,0.0,1.8202744508015825e-06,1.5444488023304025e-06,7.000463266675581e-07,1.1016866637912094e-06,0.0,5.631004079485335e-07,1.056883952969761e-06,7.018188817296577e-07,0.0,0.0,0.0,1.0886371937617473e-06,1.4147395989127966e-06,7.571728020286873e-07,1.0920403603936784e-06,2.171107698768238e-06,-1.223242206315087e-06,-4.295922183656633e-07,5.035880641304044e-07,-2.7532177617110872e-06,1.2797659853829736e-06,-9.157033625857215e-07,5.797276419240856e-07,6.846112152134274e-07,8.561054049671735e-07,6.469973827998507e-07,-9.920396371129822e-07,4.810773958998007e-07,0.0,-3.5181576161740916e-07,-7.52953293273168e-07,-2.529503941352846e-07,-1.9391390598568178e-07,-1.679596507072028e-06,-8.820342136235149e-07,9.427865354414625e-07,2.071093268896645e-06,-6.165579705571366e-07,-1.5446299239179516e-06,-1.8870056384298747e-06,6.9644873358725e-06,2.38210539326932e-07,0.0,-5.722012854143318e-07,8.792930327104612e-07,6.980612488818488e-07,-2.3470890687569894e-07
2012-05-31,0.0,1.589409428205284e-06,-1.35264953757083e-06,-2.6290846924724947e-07,-2.007591894300152e-06,-1.6168017484291218e-06,-2.4778866728834354e-06,0.0,0.0,1.3217127201095935e-06,0.0,-1.0829064676169537e-06,-1.1844042077985895e-08,0.0,1.8202744508015825e-06,0.0,4.4133182205053667e-07,0.0,0.0,1.6896648904418688e-07,1.056883952969761e-06,7.018188817296577e-07,0.0,0.0,0.0,0.0,0.0,1.321532081407391e-07,-1.2927804384984676e-06,-2.1681239745582874e-06,-2.066756507990015e-06,-1.113351376044713e-06,1.7388108215961227e-07,-2.7532177617110872e-06,-1.439822147270632e-06,-1.2812059455446913e-06,0.0,-6.456027331359252e-08,0.0,0.0,-9.920396371129822e-07,4.810773958998007e-07,0.0,-3.5181576161740916e-07,-7.52953293273168e-07,-2.529503941352846e-07,-2.7754885117439954e-07,-1.679596507072028e-06,-6.084988359260027e-07,0.0,2.071093268896645e-06,-6.165579705571366e-07,-1.155962332366998e-06,1.9930102784657674e-06,6.9644873358725e-06,-2.4326278468048895e-06,0.0,-7.93476244003297e-07,8.792930327104612e-07,-9.302550918184842e-07,-5.404516969883653e-07
2012-06-29,-1.6877286579775598e-08,4.496250835526496e-07,-5.407411955852016e-07,-3.3589233349098384e-08,-6.560189465166533e-07,8.315763820844874e-07,-1.0054142709402847e-06,-2.925304457293852e-07,0.0,4.745681761147645e-07,0.0,-5.590019288621711e-07,-1.553960894151544e-07,0.0,4.80815451547911e-07,0.0,4.4133182205053667e-07,0.0,0.0,1.6896648904418688e-07,4.794668034956001e-07,7.018188817296577e-07,4.1716766959065845e-07,0.0,0.0,0.0,1.1900630024360708e-07,1.321532081407391e-07,-5.332141638811337e-07,-9.274433798835081e-07,-7.637687861620671e-07,-4.546630816540231e-07,-5.16645921461373e-07,-1.2598210159509847e-06,-5.836999835865173e-07,-5.370186134117229e-07,0.0,-6.456027331359252e-08,0.0,0.0,-4.0890915703786125e-07,0.0,3.1337342727450132e-09,-6.080980652475378e-08,-3.979527428399926e-07,-3.6008381054975835e-07,-1.302507597028231e-07,-9.49053914452207e-07,-3.704227337690974e-07,-6.950087619358398e-07,8.863441656838842e-07,-1.868512571502639e-07,-4.1061609867808946e-07,-5.892278854778622e-07,3.409429482939247e-06,-8.805579387845404e-07,0.0,-4.1520676238192073e-07,5.347726546199294e-07,3.6412566902447865e-07,-1.7158760382230867e-07
2012-07-31,4.6183536685598506e-07,7.257595844815159e-07,8.801084903880614e-07,1.888892018728817e-07,1.2235416121101282e-06,8.315763820844874e-07,1.168183510098708e-06,6.169438452091516e-07,0.0,7.812795856714956e-07,1.0232789903066382e-06,-5.590019288621711e-07,-1.553960894151544e-07,5.542381307450011e-07,7.341250820189266e-07,0.0,7.132851431625966e-07,0.0,0.0,2.6241059015535934e-07,7.28556021956321e-07,7.018188817296577e-07,4.1716766959065845e-07,0.0,0.0,0.0,2.2369729805087933e-07,9.369506938886734e-08,3.330722070005717e-07,-9.274433798835081e-07,-1.1449282030933307e-06,-4.546630816540231e-07,-7.929902769301116e-07,-1.2598210159509847e-06,-8.35522139395684e-07,-5.370186134117229e-07,2.9550579935879827e-07,-8.625604938783032e-08,4.45703691141184e-07,0.0,-4.0890915703786125e-07,2.897747503502904e-07,-2.94850564949092e-07,-2.8385753366983643e-08,-5.550432206264091e-07,-5.22081207521486e-07,-2.0458737261125797e-07,-9.49053914452207e-07,-5.98442077677241e-07,-6.950087619358398e-07,8.863441656838842e-07,-3.784968498897506e-07,1.9722320954802808e-07,0.0,2.425770760921924e-06,-8.805579387845404e-07,6.476742324053813e-07,-4.1520676238192073e-07,5.347726546199294e-07,3.6412566902447865e-07,5.459538140891564e-07
2012-08-31,9.275536325946861e-07,1.4978109232739262e-06,1.414261746135857e-06,3.2058503164716543e-07,2.0183421706208066e-06,1.9140719262461923e-06,1.6123625901523148e-06,1.1048223783311984e-06,1.830000289227907e-06,1.6754559886104318e-06,1.9321174141070226e-06,0.0,-7.318839270077607e-07,1.020627133079468e-06,1.6755534756627633e-06,3.299227304696339e-07,0.0,0.0,0.0,2.6241059015535934e-07,1.0658557591962435e-06,7.642474441464179e-08,1.5017648551290197e-06,0.0,0.0,0.0,4.777369778410478e-07,0.0,1.4343936115027153e-06,1.0558520109398128e-06,1.9706507067535935e-06,-8.094864870910579e-07,-1.2763215605297757e-06,3.1009469608852404e-06,1.73055384642693e-06,-1.0673169593074161e-06,5.489107090373439e-07,5.431266090933228e-07,8.458816726973092e-07,5.508668164542002e-07,-9.382792532020484e-07,4.634246291415658e-07,-5.237116409442716e-07,0.0,-5.550432206264091e-07,-7.479285071324856e-07,-3.329572140627801e-07,-1.9607347795687743e-06,-1.0730386352612171e-06,-1.2286841713385585e-06,1.9356432775343257e-06,-3.784968498897506e-07,7.37977840668802e-07,-7.0406109049141e-07,4.415957203625376e-06,-2.0214168393597455e-06,1.1321803642615585e-06,-7.860565511227679e-07,8.946858877599391e-07,6.123068110883106e-07,9.143537479689067e-07
2012-09-28,9.275536325946861e-07,1.4978109232739262e-06,1.414261746135857e-06,3.2058503164716543e-07,2.0183421706208066e-06,1.2415106829681878e-06,6.588343644507679e-07,1.1048223783311984e-06,1.830000289227907e-06,1.6754559886104318e-06,1.9321174141070226e-06,1.1106791128541218e-06,6.377363399062922e-07,1.020627133079468e-06,1.6755534756627633e-06,2.24791021445479e-07,6.550514978862444e-07,5.887360912209679e-07,0.0,3.630721715837921e-07,7.315853446244667e-07,2.832346986406147e-07,8.299350404424912e-08,0.0,0.0,0.0,4.777369778410478e-07,0.0,3.6246883934511205e-07,4.5279998149004796e-07,1.2997913357368044e-06,-8.094864870910579e-07,-1.2763215605297757e-06,2.3138506312291852e-06,9.694412263608022e-07,-1.0673169593074161e-06,5.489107090373439e-07,5.431266090933228e-07,5.814206040123937e-07,5.508668164542002e-07,-9.382792532020484e-07,3.3560435177310097e-07,0.0,5.671128970487563e-07,4.928529287213307e-07,5.352758972598167e-07,0.0,-1.9607347795687743e-06,-1.0730386352612171e-06,-1.2286841713385585e-06,1.9356432775343257e-06,-3.784968498897506e-07,7.37977840668802e-07,-1.1091657673382157e-06,2.938576163516437e-06,-2.0214168393597455e-06,8.33828772046411e-07,-7.860565511227679e-07,8.946858877599391e-07,4.582722266524552e-07,6.232915248798693e-07
2012-10-31,6.611308791258627e-07,9.92292927719825e-07,9.283167326929276e-07,2.3535666099345836e-07,1.3707491343573115e-06,1.2415106829681878e-06,1.1514150647554568e-07,7.645183941653329e-07,1.0989493119936082e-06,1.0742718038279566e-06,1.9321174141070226e-06,1.1106791128541218e-06,6.377363399062922e-07,1.020627133079468e-06,1.1424260472921446e-06,1.4125285119436951e-07,6.550514978862444e-07,1.8297841145985603e-07,0.0,3.630721715837921e-07,7.315853446244667e-07,0.0,0.0,0.0,0.0,0.0,2.81598145730517e-07,0.0,3.6246883934511205e-07,4.5279998149004796e-07,9.70664726312761e-07,-8.094864870910579e-07,-8.404525417212304e-07,2.3138506312291852e-06,9.694412263608022e-07,-1.0673169593074161e-06,3.605079506927937e-07,-6.763331104752168e-08,2.2968015103436267e-07,0.0,-6.280076510071265e-07,2.51330949628622e-07,-4.049458738891229e-07,0.0,-3.955330431286871e-07,-5.111090570937997e-07,-2.3036192694828216e-07,-1.2854364631616683e-06,-1.0730386352612171e-06,-1.2286841713385585e-06,1.9356432775343257e-06,-3.784968498897506e-07,7.37977840668802e-07,-1.6521776369320772e-06,2.938576163516437e-06,-1.5061805571536604e-06,8.33828772046411e-07,-5.522737097383772e-07,6.615914906950099e-07,4.582722266524552e-07,6.232915248798693e-07
2012-11-30,6.611308791258627e-07,9.92292927719825e-07,9.283167326929276e-07,2.3535666099345836e-07,1.3707491343573115e-06,1.2415106829681878e-06,2.766600340034109e-07,7.645183941653329e-07,1.0989493119936082e-06,1.0742718038279566e-06,1.3036174544744758e-06,6.097165182193799e-07,1.3566602528540222e-07,7.306336985350853e-07,1.1424260472921446e-06,8.912003282337041e-08,9.181290076409197e-07,1.7606219736444848e-06,0.0,2.6492781796775404e-07,0.0,0.0,7.546445617657239e-07,0.0,0.0,0.0,9.321016340095433e-08,2.282252121880911e-07,1.1055747903268055e-06,9.487097120933266e-07,1.5612247335950479e-06,-8.094864870910579e-07,-8.404525417212304e-07,2.3138506312291852e-06,9.694412263608022e-07,6.731119776768998e-08,3.605079506927937e-07,-6.763331104752168e-08,4.0787279495315584e-07,3.240244516010331e-07,-6.280076510071265e-07,2.51330949628622e-07,1.3143545606967997e-07,5.583587711857029e-07,4.788173156802447e-07,4.6220023055886724e-07,3.2267538473137225e-08,1.4309563549365103e-06,-1.0730386352612171e-06,-1.2286841713385585e-06,1.9356432775343257e-06,-3.784968498897506e-07,7.37977840668802e-07,-1.6521776369320772e-06,2.938576163516437e-06,-1.5061805571536604e-06,8.33828772046411e-07,-5.522737097383772e-07,6.615914906950099e-07,4.582722266524552e-07,6.232915248798693e-07
2012-12-31,4.2588306975373017e-07,5.410903174983007e-07,1.3831069681388084e-06,3.318956397180436e-07,1.3707491343573115e-06,1.2415106829681878e-06,6.852810200623704e-08,7.645183941653329e-07,1.0989493119936082e-06,7.38635483630311e-07,8.965140027371757e-07,8.551868346047101e-07,5.308656755031245e-07,7.306336985350853e-07,6.631337824158829e-07,0.0,5.204859691984774e-07,0.0,0.0,0.0,6.875187431536367e-08,0.0,1.4642069431840645e-06,0.0,0.0,0.0,0.0,2.282252121880911e-07,5.5616116592523625e-08,8.493515805353466e-08,1.5612247335950479e-06,3.184751517219699e-10,-2.4494828481228173e-07,2.3138506312291852e-06,9.694412263608022e-07,9.99180970701392e-07,3.605079506927937e-07,-1.3037374312646066e-07,-1.6788415291267323e-07,3.240244516010331e-07,-6.280076510071265e-07,3.4002170543659666e-07,1.3143545606967997e-07,0.0,4.788173156802447e-07,3.4613402043542895e-07,-2.0435524620452e-07,1.4309563549365103e-06,-1.0730386352612171e-06,-1.2286841713385585e-06,1.9356432775343257e-06,-5.0604885667649e-07,7.37977840668802e-07,-1.6521776369320772e-06,4.00897068970391e-06,-1.5061805571536604e-06,1.2576269743735168e-06,-1.602402202549326e-06,9.285908975953205e-07,4.582722266524552e-07,9.826489506323023e-07
2013-01-31,8.304934806716608e-07,1.0576706926133023e-06,1.8816004777657075e-06,3.318956397180436e-07,2.125668712476332e-06,1.2415106829681878e-06,0.0,1.2893987668804588e-06,6.88056213814553e-07,1.4004753751242457e-06,1.5083766530622677e-06,8.551868346047101e-07,8.152147420192363e-07,1.2478436492704405e-06,1.1713046766454575e-06,1.9007484578829876e-06,5.204859691984774e-07,4.3079779940176147e-07,0.0,1.4357185402639186e-07,3.8475326359419486e-07,1.8743897892053755e-07,1.4642069431840645e-06,0.0,0.0,0.0,0.0,1.1088664263678542e-07,1.7418076256107486e-07,3.3167887884418826e-07,1.5612247335950479e-06,3.392568768699098e-08,-3.604499040252067e-07,3.213381358180533e-06,1.403525273203856e-06,9.99180970701392e-07,6.874209268412069e-07,-7.13689686774093e-07,6.821347862282318e-07,0.0,-9.013623503542377e-07,4.78109099046137e-07,-4.63257233377394e-07,0.0,7.684876964019943e-07,3.4613402043542895e-07,-2.0435524620452e-07,2.26494749513497e-06,-1.4715754448008829e-06,-1.2286841713385585e-06,1.9356432775343257e-06,-5.0604885667649e-07,7.37977840668802e-07,-1.6521776369320772e-06,5.862499690653653e-06,-2.448863818853248e-06,1.822336666333023e-06,-1.602402202549326e-06,9.285908975953205e-07,8.22645239491733e-07,1.4058879379526689e-06
2013-02-28,5.566601087180742e-07,1.0576706926133023e-06,7.557452280519409e-07,1.295439981316438e-07,1.200290213648145e-06,8.05070752278301e-07,1.8292266057902075e-07,7.280025853274515e-07,3.3142226787883994e-07,1.0467924426520523e-06,1.5083766530622677e-06,2.078768524051496e-08,8.152147420192363e-07,3.9997146765772196e-07,1.1713046766454575e-06,1.0193043952591869e-07,0.0,0.0,0.0,0.0,3.8475326359419486e-07,5.942262097657351e-07,1.0667797713293146e-06,2.0045729460410965e-06,8.295501640275618e-07,1.7589267921589448e-07,1.8094470705793003e-06,1.1088664263678542e-07,1.0526309395436761e-06,-1.209783687709309e-06,-5.754137109487947e-07,-5.973653212811553e-07,-5.26823705746836e-07,3.213381358180533e-06,9.423045279211781e-07,-8.813212187585274e-07,-1.1131810697624267e-07,-4.994474846144508e-07,-1.989535427363464e-07,0.0,2.1603211929966405e-07,2.58783396773164e-07,-3.3458746864500946e-07,-1.9895770499905174e-07,4.959783760781939e-07,-5.027080442930259e-07,-2.0435524620452e-07,-1.421741620275325e-07,-1.0184597061445705e-06,-8.805864704170785e-07,1.9356432775343257e-06,-5.0604885667649e-07,-1.0349074259309544e-06,-1.6521776369320772e-06,3.981356587402547e-06,-2.448863818853248e-06,1.822336666333023e-06,-1.602402202549326e-06,9.285908975953205e-07,5.81367378789577e-07,0.0
2013-03-29,5.566601087180742e-07,1.0576706926133023e-06,1.4730645007753732e-06,3.3768365127791394e-07,1.200290213648145e-06,8.05070752278301e-07,1.6796305951760648e-06,1.2439940564733257e-06,3.3142226787883994e-07,1.9403378243173556e-06,1.5083766530622677e-06,5.861522238515851e-07,8.152147420192363e-07,3.9997146765772196e-07,1.1713046766454575e-06,0.0,5.660240939491228e-07,2.7439474932255944e-07,0.0,1.5252657725072302e-07,3.8475326359419486e-07,2.7613642273998574e-06,1.0667797713293146e-06,3.6935407189451786e-06,0.0,0.0,2.776343908852951e-06,6.612874526940821e-08,0.0,-1.838918385149512e-06,-2.46289474425007e-06,-8.904487758956305e-07,-5.26823705746836e-07,3.213381358180533e-06,9.423045279211781e-07,-8.813212187585274e-07,-3.7350225316651664e-07,-7.853136968177187e-07,-3.467135800848674e-07,-6.366751630121803e-07,4.6619951766325864e-07,3.916191405999049e-07,-3.3458746864500946e-07,-1.9895770499905174e-07,4.959783760781939e-07,-7.38475439048229e-07,-3.9929666128509297e-07,2.7793799032337778e-06,-1.0184597061445705e-06,-1.4791227635017453e-06,1.9356432775343257e-06,-9.585422935727686e-07,9.358768264688543e-07,-1.6521776369320772e-06,6.274078410468897e-06,-2.448863818853248e-06,1.3000579608297535e-06,-2.588628880927191e-06,9.285908975953205e-07,8.540494126221505e-07,0.0
2013-04-30,3.145799764250773e-07,6.682785229066522e-07,9.087557380209328e-07,1.70718132583961e-07,1.200290213648145e-06,5.290389464032946e-07,1.1434727055521532e-06,6.661560412223301e-07,3.3142226787883994e-07,9.939003374407822e-07,7.263408869780102e-07,5.861522238515851e-07,3.0063001833422774e-07,3.9997146765772196e-07,8.402957623926651e-07,0.0,5.660240939491228e-07,0.0,0.0,7.806399550603956e-08,3.8475326359419486e-07,1.4534791833873358e-06,1.0667797713293146e-06,-3.468806136963644e-06,0.0,0.0,2.776343908852951e-06,0.0,6.983346481711606e-08,-1.2396270504112172e-06,-3.2912546817586496e-07,0.0,-3.672946087616822e-07,2.348380163663817e-06,6.80777386072155e-07,-8.813212187585274e-07,-3.7350225316651664e-07,-4.256208642413934e-07,-6.10471423177634e-07,-2.9988868091470325e-07,4.6619951766325864e-07,2.7682090781178173e-07,-1.4080022465530845e-07,-3.4878062754285534e-07,3.0956444432542164e-07,4.016891216583283e-07,-6.952174088543204e-08,2.7793799032337778e-06,7.20322000057987e-08,-1.4791227635017453e-06,1.9356432775343257e-06,-6.94800542262855e-07,9.358768264688543e-07,-1.6521776369320772e-06,6.274078410468897e-06,-2.448863818853248e-06,5.268939968880795e-07,-1.6372489707318925e-06,9.285908975953205e-07,8.540494126221505e-07,8.533366872268288e-07
2013-05-31,5.738481683583464e-07,1.0244439268357456e-06,9.087557380209328e-07,1.70718132583961e-07,1.200290213648145e-06,5.290389464032946e-07,1.1940656738370552e-07,6.661560412223301e-07,3.3142226787883994e-07,1.385581889053144e-06,1.2149388395270057e-06,2.2525113224273612e-07,5.0027664252736925e-08,5.414885658612013e-07,1.3222851428134357e-06,-1.7397673025207296e-06,0.0,2.3424267167218285e-06,3.588017292953086e-06,0.0,3.8475326359419486e-07,-1.522844885276374e-06,-1.4663629026884704e-08,-3.468806136963644e-06,1.5712255653893266e-05,-3.7255402563626255e-06,-7.209100182501548e-07,-7.41204487009976e-07,-1.0289258148513357e-06,-1.2396270504112172e-06,-3.2912546817586496e-07,1.3170463486531112e-07,-3.672946087616822e-07,2.348380163663817e-06,9.521903230120229e-07,-6.03767139143028e-07,4.843857603404161e-07,2.890647449639364e-07,3.5441907616833716e-07,3.7194294521619523e-07,4.6619951766325864e-07,2.7682090781178173e-07,-1.4080022465530845e-07,-3.4878062754285534e-07,3.0956444432542164e-07,-4.741343641070624e-07,-9.760648928278516e-08,-5.307362216582855e-07,7.041893400252195e-07,-1.4791227635017453e-06,1.9356432775343257e-06,-6.94800542262855e-07,9.358768264688543e-07,-1.6521776369320772e-06,6.274078410468897e-06,-2.448863818853248e-06,5.268939968880795e-07,-1.6372489707318925e-06,9.285908975953205e-07,8.540494126221505e-07,8.533366872268288e-07
2013-06-28,1.744709128429114e-07,3.4911265047834885e-07,4.6610768835787556e-07,7.754565716214087e-08,5.504849964054506e-07,2.5620449485737726e-07,1.920685734351865e-07,2.46456283247808e-07,6.97933266993497e-08,6.333393681938851e-07,5.077749643962622e-07,1.3309154470132263e-07,2.0549820213080684e-07,2.2134884154859355e-07,4.5419767281191994e-07,-7.929522950480841e-07,-5.863085972694339e-07,-1.0017271472920847e-06,-5.525870740901211e-06,-3.767624262618536e-07,-4.2939707557106373e-07,-9.687358151461476e-07,-3.311871813084939e-07,-1.4769907634946103e-06,-3.15479610730924e-06,-1.3545706472925119e-06,-4.280466081126339e-07,-4.5791674408935007e-07,-5.055970461195588e-07,-6.300516755840345e-07,-3.2912546817586496e-07,2.439459480222026e-07,-1.46935527446295e-07,8.232433244761756e-07,-3.94874969573481e-07,4.341146357425623e-07,3.052213211089233e-07,1.9254445949083469e-07,2.2407309030894217e-07,1.7426486391982933e-07,-4.4623620913131633e-07,1.6116897664764253e-07,-9.532931011334396e-08,-3.4878062754285534e-07,1.8571291060584228e-07,-3.1902376943164536e-07,-4.1458521861456155e-08,-2.600724667010175e-07,3.5798069356794264e-07,-7.256782606495939e-07,9.659944951362647e-07,-4.414459363984155e-07,-1.6263456615103525e-07,-9.630133339001831e-07,3.2374437705689464e-06,-1.4248605362817883e-06,0.0,-1.0298783672332268e-06,5.701763393429935e-07,4.919870050002398e-07,-1.339650075515362e-07
2013-07-31,3.50732288535547e-07,7.315077728682092e-07,1.1131970802070832e-06,1.8455757556008743e-07,9.197631118863311e-07,6.196220350976085e-07,0.0,5.264950972712682e-07,6.97933266993497e-08,1.375350884314721e-06,1.0558729655599163e-06,2.607242299393431e-07,5.217632685529548e-07,5.182348327430029e-07,8.679312888067759e-07,-1.1049365011368102e-06,0.0,2.002764211101785e-06,-9.830145945355472e-06,-6.300174807836726e-07,-7.55457178233458e-07,1.8486720811408601e-06,-9.175539586725622e-07,-2.8560144319882615e-06,5.903685403827858e-06,-1.8604283399744045e-06,-7.45626909644637e-07,-6.42358751306721e-07,-7.929522156605277e-07,-6.300516755840345e-07,-7.65290563845598e-07,5.090168017396042e-07,-2.1202595328804275e-07,1.5677915747961193e-06,7.06655981456632e-07,6.851233500930926e-07,6.032071932399902e-07,4.4342475645011154e-07,-6.708604505479575e-07,-4.987461142490225e-07,-7.733007703550269e-07,2.1909743494239436e-07,-9.532931011334396e-08,-5.004120219653807e-07,4.1358156450314073e-07,5.320569535555464e-07,-1.5064716941623389e-07,-3.7033721996503056e-07,9.702726149172486e-07,-1.2940769847801355e-06,1.92777783406786e-06,-6.552167338579833e-07,-1.6263456615103525e-07,-1.59530946256471e-06,0.0,-2.6873011489921712e-06,0.0,-2.282072109672501e-06,5.701763393429935e-07,0.0,0.0
2013-08-30,5.584663652042514e-07,1.0763661609892763e-06,1.1131970802070832e-06,1.8455757556008743e-07,1.6705075158925906e-06,6.196220350976085e-07,7.583257829193969e-07,7.447080554709542e-07,1.4167840192886886e-07,1.375350884314721e-06,1.0558729655599163e-06,4.629856993170337e-07,5.217632685529548e-07,5.182348327430029e-07,1.3577986224792934e-06,-1.1049365011368102e-06,0.0,0.0,-9.830145945355472e-06,-6.300174807836726e-07,-7.55457178233458e-07,1.8486720811408601e-06,-9.175539586725622e-07,-3.914452880158533e-06,-4.936232944739016e-06,-1.2508844803723464e-06,-1.0002944399234131e-06,0.0,-7.929522156605277e-07,-6.300516755840345e-07,0.0,7.137955565925588e-07,-3.433052923920038e-07,2.1334790880570976e-06,-1.4175486812264924e-07,6.851233500930926e-07,6.032071932399902e-07,4.4342475645011154e-07,-6.708604505479575e-07,-4.987461142490225e-07,-7.733007703550269e-07,2.1909743494239436e-07,-9.532931011334396e-08,-5.004120219653807e-07,2.553056920657069e-07,-6.6567643133927e-07,-1.0034489129231134e-07,-9.649934267782578e-07,9.702726149172486e-07,-1.2940769847801355e-06,1.92777783406786e-06,-6.552167338579833e-07,0.0,-2.559613994280212e-06,-2.9056720329692095e-07,-2.6873011489921712e-06,0.0,-1.2521416059902733e-06,5.701763393429935e-07,0.0,-7.13786201479735e-07
2013-09-30,3.621490131554105e-07,1.0763661609892763e-06,1.1131970802070832e-06,2.7767727685987106e-07,1.6705075158925906e-06,9.765932844740622e-07,1.388344946318345e-06,7.447080554709542e-07,0.0,1.375350884314721e-06,1.0558729655599163e-06,2.850080055373242e-07,5.217632685529548e-07,7.107632483684145e-07,8.476046834493207e-07,-1.1049365011368102e-06,1.622637557637386e-07,1.6369709417333907e-06,5.982824269980546e-06,-6.300174807836726e-07,-7.55457178233458e-07,2.931225004517057e-06,-6.824289713906389e-08,-3.215786900595314e-07,6.19729824777464e-06,-1.2508844803723464e-06,-1.0002944399234131e-06,-1.5034839769420602e-08,-7.929522156605277e-07,9.752973827864036e-07,-1.1028749662263095e-06,7.137955565925588e-07,-8.081944911658649e-08,2.1334790880570976e-06,1.064070102535069e-06,6.851233500930926e-07,6.032071932399902e-07,4.4342475645011154e-07,-6.708604505479575e-07,-4.987461142490225e-07,-4.075697315781288e-07,-3.738367048450366e-07,-9.532931011334396e-08,-6.748201395557183e-07,2.553056920657069e-07,-6.6567643133927e-07,-1.0034489129231134e-07,2.1527591623195002e-06,9.702726149172486e-07,-1.940893388916573e-06,1.92777783406786e-06,-8.88465706494673e-07,0.0,-1.1864548453825628e-07,0.0,-2.6873011489921712e-06,0.0,-3.197449442399618e-07,5.701763393429935e-07,5.601494941386625e-07,-7.13786201479735e-07
2013-10-31,3.621490131554105e-07,1.0763661609892763e-06,1.1131970802070832e-06,2.7767727685987106e-07,1.6705075158925906e-06,9.765932844740622e-07,1.388344946318345e-06,1.0330652541750142e-06,0.0,1.375350884314721e-06,1.0558729655599163e-06,2.850080055373242e-07,8.139972990238496e-07,7.107632483684145e-07,8.476046834493207e-07,-1.8727380480382667e-06,4.4624529992485534e-08,1.6369709417333907e-06,-1.1227548522460747e-05,-6.300174807836726e-07,-7.55457178233458e-07,4.027282699209197e-06,0.0,0.0,8.519236710341021e-06,-2.3568948486673944e-06,-1.0002944399234131e-06,0.0,-1.3062837773588908e-06,1.4542643099180664e-06,-1.1028749662263095e-06,9.879635306185216e-07,0.0,2.1334790880570976e-06,1.064070102535069e-06,1.021891310686237e-06,6.032071932399902e-07,6.04302431563453e-07,6.839887973417331e-08,-4.987461142490225e-07,0.0,2.7684315309649377e-08,-1.0255291854265962e-08,-6.748201395557183e-07,2.553056920657069e-07,-6.6567643133927e-07,-1.0034489129231134e-07,6.784517724988591e-07,1.3026752510314945e-06,-1.940893388916573e-06,1.92777783406786e-06,-1.2836521679833308e-06,0.0,-2.673050015881376e-06,7.150976628464979e-06,-2.6873011489921712e-06,0.0,-6.588944999121094e-07,9.673735218967693e-07,8.342157659394194e-07,-7.13786201479735e-07
2013-11-29,9.502733372240566e-07,1.734604142104858e-06,1.7825845886364005e-06,2.7767727685987106e-07,3.2241514174729906e-06,1.6840704969513038e-06,2.675314695313389e-06,1.4343991276460385e-06,0.0,1.937519130138212e-06,1.9674591737362197e-06,6.281863811970547e-07,1.172930635775996e-06,1.1675962253926436e-06,2.168450256545031e-06,-1.8727380480382667e-06,1.6134316959956506e-06,3.3909456683866846e-06,-1.1227548522460747e-05,-2.1060651512826735e-08,-7.55457178233458e-07,5.831137433989405e-06,0.0,-8.685636051158997e-07,1.2839070445273996e-05,-2.3568948486673944e-06,-4.3215551294309527e-07,-4.1461303354097434e-07,-1.3062837773588908e-06,2.0513294079005428e-06,0.0,9.879635306185216e-07,-5.115623196131766e-07,-1.2589407604417094e-06,0.0,1.021891310686237e-06,6.032071932399902e-07,8.36024442331444e-07,3.032882573816331e-07,3.210010686423684e-07,1.5708537173572431e-06,2.7684315309649377e-08,0.0,-6.748201395557183e-07,6.246065796494982e-07,-8.955992917621476e-07,-2.2406494146167533e-08,6.784517724988591e-07,-2.014796831547826e-06,-2.8131180395879274e-06,2.9892228670424983e-06,-1.9047342111211702e-07,0.0,0.0,1.0133243889556475e-05,-4.656150428865269e-06,0.0,-1.0951763840014918e-07,9.673735218967693e-07,1.1156407309823707e-06,-1.0025687862776074e-06
2013-12-31,6.611663618862917e-07,1.132398424646125e-06,1.129755558913841e-06,2.7767727685987106e-07,1.3703589542668052e-06,8.02941121752271e-07,1.8218479787781872e-06,8.720286906114479e-07,0.0,1.3772748046701661e-06,1.2813964068596533e-06,0.0,7.204814431649179e-07,7.242002278095667e-07,1.3078733651045104e-06,-1.8727380480382667e-06,1.1933593523356773e-06,2.4119367796289375e-06,1.177512294959979e-05,0.0,-7.55457178233458e-07,3.985034798893165e-06,-8.830398233683978e-07,0.0,8.83616905385469e-06,-1.204604466206024e-06,0.0,-2.6061427340278994e-07,-1.3062837773588908e-06,2.0513294079005428e-06,-1.0911795221003635e-06,9.879635306185216e-07,0.0,-2.68925060478145e-06,1.3521577741537986e-06,1.021891310686237e-06,2.2816560413822784e-07,6.23946695827953e-07,2.0873946037597683e-07,1.2271153163509407e-07,7.628109253078479e-07,0.0,0.0,-6.748201395557183e-07,4.3406126951868344e-07,-3.5318600458775766e-07,-2.2406494146167533e-08,6.784517724988591e-07,1.2485368416091837e-06,-1.74946061770261e-06,2.9892228670424983e-06,-2.937767815612526e-07,0.0,-3.792422255847872e-07,-5.819015193299294e-06,-3.379570403070477e-06,0.0,0.0,9.673735218967693e-07,1.1156407309823707e-06,-4.3183370284316953e-07
2014-01-31,4.5691902555575685e-07,8.197088538993202e-07,1.129755558913841e-06,1.5084452044505872e-07,1.3703589542668052e-06,5.613858050077212e-07,1.8218479787781872e-06,8.720286906114479e-07,0.0,8.3259333650403e-07,1.2813964068596533e-06,1.0178145213036032e-07,4.947740220388131e-07,7.242002278095667e-07,9.253419237524467e-07,-7.056565449918014e-07,1.1933593523356773e-06,2.4119367796289375e-06,1.177512294959979e-05,7.0112621915412e-07,-7.55457178233458e-07,3.985034798893165e-06,-8.830398233683978e-07,3.815178726925111e-06,6.364891565237525e-06,-1.204604466206024e-06,0.0,-2.6061427340278994e-07,-1.3062837773588908e-06,1.2964928550961402e-06,-1.0911795221003635e-06,7.319948698411235e-07,0.0,-2.68925060478145e-06,-7.764690003233831e-07,6.868649218625771e-07,-5.239461033306818e-07,-4.679796769135366e-08,-6.611377449476005e-07,0.0,1.1852472522242141e-07,-3.8672812844790494e-07,0.0,-6.748201395557183e-07,-7.471869462675477e-07,-3.5318600458775766e-07,0.0,6.784517724988591e-07,-1.0989709237583141e-06,2.2775558282874523e-07,1.979391679514896e-06,-4.506956563353706e-07,0.0,1.902089359237231e-06,-5.819015193299294e-06,-2.1466135748956978e-06,0.0,0.0,9.673735218967693e-07,8.143377416567293e-07,-2.5204560517961315e-07
2014-02-28,4.5691902555575685e-07,8.197088538993202e-07,1.129755558913841e-06,6.363384018277486e-08,1.3703589542668052e-06,9.191446284175515e-07,1.8218479787781872e-06,8.720286906114479e-07,0.0,8.3259333650403e-07,1.2813964068596533e-06,0.0,1.7755527289223945e-07,7.242002278095667e-07,9.253419237524467e-07,-1.7573671731927444e-06,5.725952248551578e-07,1.523360902383637e-07,1.177512294959979e-05,-4.855886312466699e-07,-7.55457178233458e-07,3.985034798893165e-06,-8.830398233683978e-07,3.815178726925111e-06,6.364891565237525e-06,-4.6913671607635666e-07,0.0,-1.7294352323637085e-07,-5.391228271265476e-07,1.2964928550961402e-06,0.0,7.319948698411235e-07,-2.609467722397685e-08,-6.631602044764904e-07,1.2436458594940943e-06,6.868649218625771e-07,9.525764267781775e-09,6.137451981149951e-07,0.0,4.0318931104874403e-07,1.1852472522242141e-07,-3.8672812844790494e-07,0.0,0.0,-7.471869462675477e-07,-2.281551495013858e-07,0.0,9.322553494232855e-07,-1.0989709237583141e-06,2.2775558282874523e-07,4.7321599349692625e-07,3.337595722853723e-07,0.0,1.902089359237231e-06,-5.819015193299294e-06,-1.3400667397747053e-06,0.0,0.0,9.673735218967693e-07,8.143377416567293e-07,-1.7453781802054002e-07
2014-03-31,4.5691902555575685e-07,8.197088538993202e-07,1.129755558913841e-06,6.363384018277486e-08,9.202041546903254e-07,5.75441615272978e-07,1.2727227758708547e-06,4.637889405715091e-07,0.0,8.3259333650403e-07,8.017800360563046e-07,2.4229254319755407e-07,6.579118932848112e-07,7.242002278095667e-07,9.253419237524467e-07,-1.7573671731927444e-06,1.0313682995537508e-06,1.9852224570135615e-06,1.177512294959979e-05,-2.8941189165862023e-07,-7.55457178233458e-07,3.985034798893165e-06,-1.2991226672501584e-06,0.0,6.364891565237525e-06,-4.6913671607635666e-07,-2.466324766810522e-08,-1.7294352323637085e-07,-1.1768167469628404e-06,1.774666073455139e-06,-8.562369695892997e-07,7.319948698411235e-07,0.0,-3.155948250397655e-06,1.2436458594940943e-06,9.291469446547639e-07,1.6404973640266073e-07,6.137451981149951e-07,0.0,4.0318931104874403e-07,2.3275228457092076e-07,2.458005944257095e-08,0.0,0.0,5.794966602191871e-07,-4.0693635289369463e-07,0.0,9.322553494232855e-07,3.9714765607106993e-07,1.4112020676553224e-06,2.450350692499742e-07,2.426030131614928e-07,9.286977697405667e-07,1.0884426068387007e-06,-5.819015193299294e-06,-1.3400667397747053e-06,-2.652165316245677e-07,-8.951873385558448e-08,9.673735218967693e-07,8.143377416567293e-07,-2.9588696972516423e-07
2014-04-30,4.5691902555575685e-07,8.197088538993202e-07,1.129755558913841e-06,6.363384018277486e-08,9.202041546903254e-07,8.636447791366009e-07,1.2727227758708547e-06,7.170803433633508e-07,-6.534706861423959e-07,8.3259333650403e-07,8.017800360563046e-07,-7.026542317249367e-07,8.914640946993866e-07,7.242002278095667e-07,9.253419237524467e-07,-1.7573671731927444e-06,1.0313682995537508e-06,2.7675965542499298e-06,1.177512294959979e-05,7.983062359505023e-07,-1.0582701755516332e-06,6.0747796493473056e-06,-1.2991226672501584e-06,0.0,6.364891565237525e-06,0.0,0.0,0.0,-1.1768167469628404e-06,1.774666073455139e-06,-8.562369695892997e-07,1.2347775557931884e-06,0.0,-4.304983888686287e-06,1.2436458594940943e-06,9.291469446547639e-07,3.0198425649727985e-07,6.137451981149951e-07,1.0254903650481444e-07,4.0318931104874403e-07,4.54521619712849e-07,3.442579540524308e-08,0.0,0.0,5.794966602191871e-07,-4.0693635289369463e-07,0.0,1.4332837230379873e-06,6.292094652520148e-07,1.4112020676553224e-06,1.0953213115689008e-06,2.426030131614928e-07,9.286977697405667e-07,2.06470954217416e-06,-5.819015193299294e-06,-2.147577125514226e-06,-1.1188074728872744e-06,-8.718596002028532e-07,9.673735218967693e-07,8.143377416567293e-07,-4.365160308209148e-07
2014-05-30,9.4273294437165e-07,1.7316984120655343e-06,2.2151386963263884e-06,0.0,2.95445693834633e-06,1.9106789613997072e-06,2.751136235852963e-06,1.721780166495553e-06,0.0,1.5834147071376266e-06,1.6280954417567801e-06,5.373213522501783e-07,1.3734342598910358e-06,1.2950734595210022e-06,2.10652669542558e-06,1.2648002403871194e-06,2.1612353640299804e-06,4.919265498801018e-06,2.3940150405176494e-05,1.1594011794674294e-06,-1.5212454751227707e-06,1.0826534765208387e-05,0.0,0.0,1.5358746962834316e-05,5.71948898955115e-06,3.4785319284998346e-06,1.850314521118635e-06,1.5536658518071148e-06,3.2977983648319477e-06,0.0,2.0562630976812317e-06,-2.024368844261095e-07,7.996151246870579e-06,2.7133590927453517e-06,2.1599735224617566e-06,8.536762804935465e-07,1.1005151002698535e-06,6.391871416602167e-07,1.0161104099385242e-06,8.553565861044244e-07,0.0,0.0,0.0,1.09749603175753e-06,-7.113706687327381e-07,0.0,1.4332837230379873e-06,-8.230744218284403e-07,2.448770790650894e-06,1.884063170688451e-06,3.638853367788821e-07,-5.846478051124801e-07,2.06470954217416e-06,-5.819015193299294e-06,-3.5617690506993478e-06,-1.634976918639728e-06,-8.718596002028532e-07,1.648856480473441e-06,8.143377416567293e-07,-4.365160308209148e-07
2014-06-30,9.4273294437165e-07,1.7316984120655343e-06,1.0346947970656604e-06,0.0,2.077304117765281e-06,1.1882705195650665e-06,1.3849114222781068e-06,1.1148465402131924e-06,7.544976854885808e-07,1.5834147071376266e-06,1.1928983564123134e-06,7.509452686582987e-07,8.331531457424625e-07,7.226521608413415e-07,2.10652669542558e-06,8.164371887525837e-07,1.2334746042018133e-06,2.139482169882245e-06,1.792569106655004e-05,7.15665688202868e-07,1.0007047797820472e-06,7.444317498299636e-06,2.073651535885375e-06,7.06654100001987e-06,8.8261531000972e-06,3.6840931600404532e-06,2.2036375852563107e-06,1.145640348845389e-06,0.0,2.0411922982177957e-06,-2.2071863952472194e-06,1.3474344375654945e-06,0.0,6.891309412649615e-07,1.5749137368178692e-06,1.3980987563517045e-06,3.9124911655757805e-07,7.6375596245726e-07,4.4787708769649336e-07,6.076385397381725e-07,6.094122810183127e-07,7.152599734947096e-08,5.798584495223846e-07,9.185689220345676e-07,5.934325076806907e-07,9.27840395858362e-07,5.105947562166016e-07,1.4332837230379873e-06,0.0,4.6491173503474084e-07,7.774759912396167e-07,3.638853367788821e-07,-1.7171835779322814e-07,8.661658423094993e-07,-5.819015193299294e-06,-2.0991838463441925e-06,-1.634976918639728e-06,-1.3376281026540085e-06,6.819557700127349e-07,3.42833920587788e-07,-7.305309733701451e-07
2014-07-31,4.4891498766939044e-07,7.058983051263604e-07,7.304301429643805e-07,1.0545997858586587e-08,1.1121975935791456e-06,7.771868882875772e-07,1.3849114222781068e-06,6.796612533967492e-07,7.544976854885808e-07,7.694074467271471e-07,8.073046684848127e-07,7.509452686582987e-07,4.6776033704223106e-07,7.226521608413415e-07,9.213155883006309e-07,5.789887993694444e-07,1.2334746042018133e-06,2.139482169882245e-06,1.792569106655004e-05,4.500594372275452e-07,7.359355291185797e-07,5.366224585027895e-06,1.5020586745011242e-06,4.997625451496705e-06,5.986440018468662e-06,2.667957917348629e-06,1.5341954027369203e-06,7.403546783924702e-07,0.0,2.0411922982177957e-06,-1.4900498754999975e-06,1.3474344375654945e-06,0.0,-3.544075706255488e-06,1.5749137368178692e-06,1.3980987563517045e-06,6.383783293849546e-08,0.0,-7.366844066527981e-07,6.076385397381725e-07,6.094122810183127e-07,-4.2614639296264863e-07,-3.9089298372430774e-08,-6.137722438104733e-08,5.934325076806907e-07,0.0,-1.4723570611392882e-07,1.0663389807215075e-06,0.0,3.271890293561749e-07,7.774759912396167e-07,2.3325480909737406e-07,0.0,5.789539402447967e-07,-4.045552004478601e-06,-2.0991838463441925e-06,-1.634976918639728e-06,-8.225940673002589e-07,6.819557700127349e-07,3.42833920587788e-07,-4.818790865314719e-07
2014-08-29,6.818688725660186e-07,1.091565387742416e-06,1.0752204675376592e-06,2.409786874148066e-09,1.1121975935791456e-06,7.771868882875772e-07,3.100229565117388e-07,9.837925055962574e-07,7.544976854885808e-07,1.2337718774952611e-06,1.239926866429422e-06,7.509452686582987e-07,7.712965981689218e-07,7.226521608413415e-07,1.3473943087840773e-06,1.3928034591862212e-06,8.941304431270581e-07,0.0,0.0,4.500594372275452e-07,7.359355291185797e-07,1.7990073285325268e-07,1.5020586745011242e-06,4.997625451496705e-06,5.986440018468662e-06,3.6436026874260684e-06,1.5341954027369203e-06,5.534579619111332e-07,1.8410284495156605e-06,2.0411922982177957e-06,0.0,0.0,-1.1953775842407903e-06,4.79032073845866e-06,1.5749137368178692e-06,1.3980987563517045e-06,-6.133887317401152e-07,0.0,-9.97492612590657e-07,4.5368908351724664e-07,6.094122810183127e-07,5.87280111739176e-08,-9.30815987541407e-08,-1.1877372160791166e-07,5.934325076806907e-07,0.0,-5.580930489661263e-07,2.523633492349968e-06,-1.3146044009274812e-07,4.3856047872509754e-07,3.055176132153883e-07,3.301843920445508e-07,-4.933174261199811e-07,8.126402841157001e-07,-6.382838695250706e-06,-2.0991838463441925e-06,-2.1972703271892477e-06,-8.225940673002589e-07,4.0546255325663317e-07,-6.061558508918193e-07,-1.1110598636430084e-06
2014-09-30,6.818688725660186e-07,1.091565387742416e-06,1.0752204675376592e-06,4.973177155131796e-08,1.1121975935791456e-06,1.2145976984679026e-06,3.100229565117388e-07,9.837925055962574e-07,7.544976854885808e-07,8.508715868933808e-07,1.239926866429422e-06,1.0094670789076623e-06,4.3504244126107765e-07,7.226521608413415e-07,1.3473943087840773e-06,1.3928034591862212e-06,1.3476373848843525e-06,2.625794962057298e-06,0.0,4.500594372275452e-07,1.0297806485176296e-06,2.3332181374511806e-06,7.312614034755678e-07,3.2235268656745547e-06,5.986440018468662e-06,3.6436026874260684e-06,1.5341954027369203e-06,5.534579619111332e-07,-1.3108954651098633e-06,1.4130007293051841e-06,-1.28049896627944e-06,-1.3900564416228738e-07,-8.234464147395927e-07,-3.917865814480132e-06,-1.0974575411168282e-07,-3.7955685057594323e-07,-6.133887317401152e-07,0.0,-5.935395728003197e-07,-3.352478453201328e-08,6.094122810183127e-07,2.710013202161094e-07,-1.4716099160463676e-07,-1.1877372160791166e-07,5.934325076806907e-07,0.0,-5.580930489661263e-07,1.568321549946051e-06,-2.948884852511814e-07,8.306515756743601e-07,4.936058010228686e-07,3.301843920445508e-07,-4.933174261199811e-07,8.126402841157001e-07,-6.382838695250706e-06,-2.0991838463441925e-06,-2.1972703271892477e-06,-1.1344271192244092e-06,6.746288178584724e-07,-6.061558508918193e-07,-1.1110598636430084e-06
2014-10-31,2.1146885250523717e-07,2.9735505154758155e-07,4.752822096242055e-07,3.4406864525997985e-08,6.018647674212421e-07,3.2693450632412464e-07,3.100229565117388e-07,3.344719478360421e-07,1.280311161366791e-07,2.9911034346943726e-07,5.504501624694392e-07,2.020816328306134e-07,2.0814333971120306e-07,4.07042301786788e-07,3.854406243000742e-07,8.854907504177917e-07,8.470869400862319e-07,1.8074414677888738e-06,0.0,4.500594372275452e-07,4.448787640205964e-07,2.3332181374511806e-06,4.910737671885136e-07,1.9944180681640654e-06,2.7354105917184005e-06,1.3823983495613748e-06,8.146464728883117e-07,5.534579619111332e-07,-7.485917427288763e-07,7.718012657487314e-07,-7.763914717733107e-07,-1.3900564416228738e-07,-3.4522659756210516e-07,-2.4896915585137705e-06,-1.6805675372013162e-07,-2.755218971714935e-07,-2.737985025565808e-07,0.0,-4.4312551289235016e-07,-9.752916593277673e-09,6.094122810183127e-07,-1.2099674500136315e-07,-1.4716099160463676e-07,-5.067446731366848e-09,2.3741784728067336e-07,0.0,-2.4686007389362524e-07,7.093412321566333e-07,-2.948884852511814e-07,4.963121149892599e-07,4.936058010228686e-07,7.654133189826417e-08,-3.042610082012063e-07,6.077231059969883e-07,-2.9104030293228665e-06,-1.1569028966050301e-06,-1.016551068185423e-06,-7.295803327948681e-07,3.309655759286581e-07,-4.1768442241175565e-07,-1.1110598636430084e-06
2014-11-28,5.506350553266982e-07,8.800193970209448e-07,6.878129690323351e-07,0.0,1.2323326450260986e-06,8.442407633729363e-07,3.100229565117388e-07,8.321234865842505e-07,3.0084043558474494e-07,9.001684177675105e-07,1.05721097110507e-06,4.7076794996680907e-07,5.255808248947828e-07,7.127069694571304e-07,1.1254465427391249e-06,1.6426620715418196e-06,1.2990943155673092e-06,4.496315052547559e-06,0.0,1.6815695062482022e-07,7.955746424807747e-07,2.3332181374511806e-06,1.6860206200364005e-06,5.839900245810083e-06,5.600333617870397e-06,2.2853174591786904e-06,4.52877962981691e-07,9.886600623657257e-07,-4.024212134712668e-07,0.0,-3.7110848952954384e-07,-5.513933817796464e-07,-9.342218768756721e-07,-2.4896915585137705e-06,0.0,-9.212370127789614e-07,-2.737985025565808e-07,0.0,-2.7008875837206055e-07,-6.339433328666522e-08,-4.84692218191927e-08,-1.8705177606067187e-07,-5.349694213988671e-07,-3.4237907961206476e-07,4.1227654375456897e-07,0.0,-2.4686007389362524e-07,1.2668291579397014e-06,0.0,8.664422168638973e-07,4.936058010228686e-07,3.04478342041591e-07,-1.4265004552014753e-06,1.218887476781554e-06,-6.378235116698375e-06,-2.0740525571145743e-06,-1.7493228584850653e-06,-1.191120413395222e-06,5.646367634542564e-07,-6.663149762493918e-07,-7.34735991300868e-07
2014-12-31,3.5148970531893175e-07,4.912670079016114e-07,6.878129690323351e-07,5.989586276198917e-08,8.792837384279512e-07,4.935799805854225e-07,2.01987234509354e-07,2.7715289259035123e-07,3.0084043558474494e-07,4.4753898598650266e-07,1.05721097110507e-06,4.7076794996680907e-07,2.7802034957422274e-07,3.4930664763766923e-07,7.009810507673093e-07,1.0995164085137655e-06,9.270142116503876e-07,0.0,6.076024179308427e-07,3.6111894104006235e-07,5.583475957459016e-07,2.3332181374511806e-06,1.1583766399090847e-06,3.983456631783183e-06,3.4047942786687336e-06,1.6353884196322792e-06,6.44783921616709e-07,7.227498254386141e-07,-1.0576951226381802e-06,-7.332998961370062e-07,-1.2445231100912251e-06,-5.513933817796464e-07,-9.342218768756721e-07,-2.4896915585137705e-06,-6.101042410029589e-08,-9.212370127789614e-07,-2.737985025565808e-07,0.0,-4.167992670297643e-07,0.0,-4.84692218191927e-08,-1.8705177606067187e-07,-3.650637292141808e-07,-2.417727927979994e-07,4.1227654375456897e-07,0.0,-2.4686007389362524e-07,1.2668291579397014e-06,0.0,4.5803598177877715e-07,1.2820157828374575e-06,3.04478342041591e-07,-9.421814922163594e-07,8.333815437921487e-07,1.696153040061005e-06,-2.0740525571145743e-06,-1.7493228584850653e-06,-1.191120413395222e-06,5.646367634542564e-07,-6.663149762493918e-07,-4.784246879881031e-07
