Episode ID,Symbol,Asset class,Direction,Entry date,Exit date,Status,Entry contracts,Maximum absolute contracts,Entry NAV USD,Holding sessions,Holding calendar days,Gross P&L USD,Regular cost USD,Roll cost USD,Net P&L USD,Gross contribution,Cost contribution,Net contribution,MFE contribution,MAE contribution,Resize count,Roll count
6C-0001,6C,FX,Long,1990-01-02,1992-04-01,Closed,5.0,7.0,1000000.0,586,820,11200.000000000087,428.9387231922947,840.0892110194293,9930.972065788363,0.011708698541916059,0.0011212990629632593,0.010587399478952793,0.023101247517306685,-0.011603581839888962,13,9
6J-0001,6J,FX,Short,1990-01-02,1990-03-01,Closed,1.0,1.0,1000000.0,42,58,2112.499999999989,18.127041148635463,0.0,2094.372958851354,0.00217015580012349,1.8192371704749982e-05,0.0021519634284187395,0.002161082328105521,-0.0021899286455128045,0,0
BRN-0001,BRN,Energy,Long,1990-01-02,1990-07-02,Closed,4.0,4.0,1000000.0,129,181,-14280.0,142.19161096675768,431.9689515181557,-14854.160562484914,-0.014421115150894866,0.0005811099103041479,-0.015002225061199014,0.0041546744400742484,-0.015405902817073549,3,6
CL-0001,CL,Energy,Long,1990-01-02,1990-07-02,Closed,2.0,3.0,1000000.0,129,181,-13280.00000000003,92.77298645484167,232.41907552649022,-13605.19206198136,-0.013449956244953714,0.00032924788948184935,-0.013779204134435563,0.0031116940737547314,-0.013808202202131373,4,6
GC-0001,GC,Metals,Short,1990-01-02,1990-09-04,Closed,1.0,3.0,1000000.0,175,245,5319.999999999978,70.78691211176492,190.34400716870692,5058.869080719506,0.005174168242806724,0.0002572447798434372,0.004916923462963287,0.013851205100971719,-0.0036074662911250352,2,4
GF-0001,GF,Agriculture & livestock,Short,1990-01-02,1990-04-02,Closed,5.0,5.0,1000000.0,64,90,124.9999999999934,167.08229339515051,334.28980746898395,-376.3721008641411,0.0001617255691252475,0.0005020023474464729,-0.0003402767783212248,0.008539805069175928,-0.0004996468694672949,0,2
HE-0001,HE,Agriculture & livestock,Long,1990-01-02,1992-03-02,Closed,3.0,5.0,1000000.0,564,790,31729.99999999996,264.62587061915445,912.0851411648737,30553.288988215932,0.03142072237547428,0.0010605185986359048,0.03036020377683838,0.036509129737913766,-0.0007721348553466589,12,15
HG-0001,HG,Metals,Short,1990-01-02,1990-05-01,Closed,2.0,2.0,1000000.0,85,119,-10125.000000000002,55.38714008049988,112.28045721352272,-10292.667597294025,-0.01018661342330146,0.00016837536720396422,-0.010354988790505426,0.005275132100018627,-0.01207745572140508,0,2
HO-0001,HO,Energy,Long,1990-01-02,1990-09-04,Closed,1.0,3.0,1000000.0,175,245,29790.600000000035,44.800229886318995,223.69434410531903,29522.1054260084,0.029197674125556752,0.0002625703294862452,0.0289351037960705,0.045000796388015164,-0.011352993680575291,2,8
LE-0001,LE,Agriculture & livestock,Long,1990-01-02,1991-11-01,Closed,2.0,7.0,1000000.0,478,668,25649.999999999956,452.2455029190673,927.9931496210874,24269.7613474598,0.024921705112691567,0.0012819903605105986,0.023639714752180938,0.034409788727844164,-0.0008044148519436369,18,11
LLG-0001,LLG,Government bonds,Short,1990-01-02,1990-09-03,Closed,1.0,1.0,1000000.0,174,244,19596.607999999993,36.60106505392584,111.55630725459088,19448.450627691476,0.01982270507667604,0.00014378304162186102,0.019678922035054173,0.026560709578620587,-1.72429018667478e-05,0,3
PL-0001,PL,Metals,Short,1990-01-02,1992-01-02,Closed,2.0,5.0,1000000.0,522,730,14955.000000000011,152.22910291106183,253.08371293821418,14549.687184150735,0.012964816174564861,0.0003739163349751984,0.012590899839589673,0.013653844036254532,-0.006339007527402218,8,8
RS-0001,RS,Agriculture & livestock,Short,1990-01-02,1991-06-03,Closed,18.0,39.0,1000000.0,369,517,18665.408200000013,656.595601984421,1089.1423270708644,16919.670270944727,0.017776115848550187,0.001642964459542474,0.01613315138900771,0.018385789830115865,-0.010037279547123374,13,6
SB-0001,SB,Agriculture & livestock,Long,1990-01-02,1990-08-01,Closed,2.0,3.0,1000000.0,151,211,-9967.999999999998,100.39527748800631,176.63099980702674,-10245.026277295032,-0.010044642497763179,0.00027888548858168724,-0.010323527986344866,0.008802820569421861,-0.010323527986344866,3,3
SI-0001,SI,Metals,Short,1990-01-02,1990-09-04,Closed,1.0,2.0,1000000.0,175,245,5030.0000000000055,91.76733601008684,230.6274453619776,4707.605218627941,0.0049750971944838174,0.0003177574270549033,0.004657339767428912,0.0046778445654785256,-0.000694878053564778,2,4
YAP-0001,YAP,Equity indices,Long,1990-01-02,1990-04-02,Closed,1.0,1.0,1000000.0,64,90,-4361.643000000003,38.33851265135341,36.71377952426108,-4436.6952921756165,-0.004385738766578997,7.49657310569327e-05,-0.004460704497635929,0.0010227881810538153,-0.004460704497635929,0,1
ZF-0001,ZF,Government bonds,Long,1990-01-02,1990-05-01,Closed,3.0,5.0,1000000.0,85,119,-16406.248000000007,120.22429453362453,66.14628488044342,-16592.618579414077,-0.01655768356844652,0.00018672396204212028,-0.016744407530488642,0.0,-0.01676782992057313,1,1
ZL-0001,ZL,Agriculture & livestock,Short,1990-01-02,1990-05-01,Closed,6.0,6.0,1000000.0,85,119,-10817.999999999985,121.26130385498251,157.1128641810106,-11096.374168035978,-0.010925878215167056,0.00027947013466042184,-0.011205348349827478,0.0,-0.012825228336136175,2,2
6S-0001,6S,FX,Long,1990-02-01,1990-09-04,Closed,1.0,2.0,994236.5539223952,153,215,21625.00000000001,55.92239176878592,37.89797914546642,21531.17962908576,0.02146231308285922,9.32181125238608e-05,0.02136909497033536,0.02885464304234808,-0.0018324228418537484,3,2
GAS-0001,GAS,Energy,Long,1990-02-01,1990-09-03,Closed,1.0,5.0,994236.5539223952,152,214,42375.0,230.70954672207515,880.9599572150622,41263.33049606287,0.04143816214379041,0.0011067333826634087,0.040331428761127,0.04803995147586876,-0.0024795809383362185,3,7
6B-0001,6B,FX,Long,1990-03-01,1990-09-04,Closed,1.0,2.0,992835.6974680596,133,187,22687.500000000004,38.14836975708896,40.89379525348538,22608.45783498943,0.022706012470047318,7.893364950497919e-05,0.02262707882054234,0.026882926583864885,-0.0040134602265461455,2,2
CC-0001,CC,Agriculture & livestock,Short,1990-03-01,1990-05-01,Closed,3.0,5.0,992835.6974680596,43,61,-10020.0,118.7457396806758,118.85640784584251,-10257.602147526517,-0.010027344919010563,0.00024025728939361878,-0.01026760220840418,0.000904551856083537,-0.011690383890333717,1,1
CT-0001,CT,Agriculture & livestock,Short,1990-03-01,1990-06-01,Closed,2.0,2.0,992835.6974680596,66,92,-11949.999999999995,33.96639912197254,34.696737761251924,-12018.66313688322,-0.012107087195684695,6.999227927098582e-05,-0.01217707947495568,0.0,-0.013183149312431478,0,1
ZM-0001,ZM,Agriculture & livestock,Short,1990-03-01,1991-09-03,Closed,1.0,5.0,992835.6974680596,393,551,7300.0000000000455,233.58997251714,946.1708948098644,6120.239132673041,0.0070826949375972035,0.001066589937602897,0.0060161049999943065,0.01386095509786215,-0.005725776054164361,10,12
GF-0002,GF,Agriculture & livestock,Long,1990-04-02,1993-06-01,Closed,2.0,7.0,999656.2386176,826,1156,100587.49999999991,793.9471065754182,3119.581999372727,96673.97089405177,0.08266044831653845,0.0030844092524278436,0.07957603906411059,0.0799909960832098,-0.00038410372936099354,21,26
KC-0001,KC,Agriculture & livestock,Short,1990-04-02,1990-08-01,Closed,1.0,2.0,999656.2386176,87,121,-843.7500000000225,74.2964470317482,74.47026346782339,-992.5167104995942,-0.0006183106566096827,0.00014998131103680518,-0.0007682919676464878,0.00524419503816419,-0.0023988109633801048,1,2
CC-0002,CC,Agriculture & livestock,Long,1990-05-01,1990-07-02,Closed,2.0,2.0,998124.5683529673,44,62,-220.0,47.39336809044798,23.55602552296733,-290.94939361341534,-0.00027357378507916405,7.238390753282477e-05,-0.0003459576926119883,0.0034345750318229094,-0.001837464558437268,1,1
YAP-0002,YAP,Equity indices,Short,1990-05-01,1991-08-01,Closed,3.0,3.0,998124.5683529673,327,457,-20.53874999999417,229.31218898860857,562.8218344914487,-812.6727734800514,-0.0006299224715748874,0.0007137659641361813,-0.001343688435711068,0.010001448182412456,-0.010299890389054215,6,5
ZC-0001,ZC,Agriculture & livestock,Long,1990-05-01,1990-10-01,Closed,11.0,11.0,998124.5683529673,109,153,-7037.5,324.05512752122127,271.0887188136411,-7632.643846334862,-0.006673955810127169,0.0005859027528338774,-0.007259858562961047,0.0037413214238579337,-0.007301720706940701,4,2
ZF-0002,ZF,Government bonds,Short,1990-05-01,1991-01-02,Closed,5.0,5.0,998124.5683529673,176,246,-19031.25,260.4774422705452,321.4760707252137,-19613.20351299576,-0.018208794065303683,0.0005457483592729862,-0.018754542424576668,0.0002513639381111409,-0.019007988122577174,6,3
ZN-0001,ZN,Government bonds,Short,1990-05-01,1991-02-01,Closed,3.0,3.0,998124.5683529673,198,276,-14734.699999999997,132.0984110233587,237.19176912364028,-15103.990180146995,-0.01389577860020981,0.0003498092824032695,-0.014245587882613073,9.059589972167074e-05,-0.014245587882613073,3,3
ZS-0001,ZS,Agriculture & livestock,Short,1990-05-01,1990-06-01,Closed,1.0,1.0,998124.5683529673,23,31,2075.0,27.00136218103634,0.0,2047.9986378189637,0.0021065333467018142,2.7522978385249372e-05,0.002079010368316565,0.002093030680224189,-0.0008796199053172526,0,0
6J-0002,6J,FX,Short,1990-06-01,1990-07-02,Closed,1.0,1.0,964601.8662458088,21,31,-299.99999999999443,18.4149074134001,18.778809779948364,-337.1937171933429,-0.00029279234031384183,3.8349148475434524e-05,-0.0003311414887892765,0.0021403052643937308,-0.0003311414887892765,0,1
ZB-0001,ZB,Government bonds,Short,1990-06-01,1990-09-04,Closed,2.0,2.0,964601.8662458088,67,95,9188.000000000002,110.50232696053257,111.21032239038709,8966.287350649083,0.00875100294347286,0.00020724912240782206,0.00854375382106504,0.010425754700564997,-0.0016066661643643308,0,1
ZL-0002,ZL,Agriculture & livestock,Long,1990-06-01,1991-03-01,Closed,4.0,7.0,964601.8662458088,195,273,-1692.0000000000034,156.3296036496275,494.26757006155646,-2342.597173711187,-0.0012348527714363521,0.0005919370031440504,-0.0018267897745804047,0.005655807382240095,-0.007845073749227563,5,7
BRN-0002,BRN,Energy,Short,1990-07-02,1990-08-01,Closed,3.0,3.0,973323.6355735068,22,30,-12989.999999999995,70.82635240667143,71.33090922974822,-13132.157261636414,-0.012901814409583667,0.0001402996187970905,-0.013042114028380757,0.0,-0.013042114028380757,0,1
CC-0003,CC,Agriculture & livestock,Short,1990-07-02,1990-09-04,Closed,3.0,3.0,973323.6355735068,46,64,1230.0,71.12229351857339,71.84439519431596,1087.0333112871108,0.0017212028716408266,0.00013282904564985152,0.001588373825990974,0.007083963466987245,-0.0004975285691703404,0,1
CL-0002,CL,Energy,Short,1990-07-02,1990-08-01,Closed,3.0,3.0,973323.6355735068,22,30,-11850.000000000007,69.73005348161388,69.93841000149284,-11989.668463483113,-0.011762295815238815,0.00013928409602058237,-0.011901579911259398,0.0007408394258103138,-0.011901579911259398,0,1
CT-0002,CT,Agriculture & livestock,Long,1990-07-02,1991-11-01,Closed,3.0,3.0,973323.6355735068,349,487,-1189.9999999999905,84.79430104822009,103.10484931586561,-1377.8991503640761,-0.0017419651481688442,0.00016736559956667782,-0.0019093307477355233,0.010118487361943238,-0.009204453166700505,4,4
HG-0002,HG,Metals,Long,1990-07-02,1990-09-04,Closed,1.0,1.0,973323.6355735068,46,64,3849.999999999992,27.586028355179828,27.92683491759108,3794.4871367272212,0.0038549998012592608,5.1756694077732995e-05,0.0038032431071815284,0.005018271578487561,-1.4143018966743247e-05,0,1
ZS-0002,ZS,Agriculture & livestock,Short,1990-07-02,1991-09-03,Closed,2.0,3.0,973323.6355735068,306,428,12450.0,108.15961230188415,491.8862759955198,11849.954111702596,0.01204508691071457,0.0005318714636714133,0.011513215447043158,0.01772026244841308,-0.00033520516550202375,5,9
BRN-0003,BRN,Energy,Long,1990-08-01,1990-09-03,Closed,3.0,3.0,1027035.0095844623,23,33,22050.0,71.4872361656212,71.89477221683309,21906.617991617546,0.02138341243499607,0.00013209629491740306,0.021251316140078667,0.02809141194090414,-3.46321965848073e-05,0,1
CL-0003,CL,Energy,Long,1990-08-01,1990-09-04,Closed,1.0,1.0,1027035.0095844623,24,34,7549.999999999997,23.211166494617025,23.2188274272117,7503.570006078168,0.0073922223119874,4.252688415034981e-05,0.007349695427837052,0.009724727184701869,-1.1311902894826654e-05,0,1
SB-0002,SB,Agriculture & livestock,Short,1990-08-01,1991-05-01,Closed,2.0,4.0,1027035.0095844623,195,273,1019.1999999999996,124.99347835793532,150.4261839858131,743.780337656251,0.0010367933401889654,0.000241627560142871,0.0007951657800460932,0.00714424545314821,-0.0022347702470139246,5,3
6J-0003,6J,FX,Long,1990-09-04,1991-10-01,Closed,1.0,1.0,1117457.9287135338,280,392,7450.00000000002,18.67887692759058,95.19863611441909,7336.12248695801,0.006616552767365194,9.973105554750507e-05,0.006516821711817693,0.011643956009074136,-8.222636591805764e-06,0,5
KE-0001,KE,Agriculture & livestock,Short,1990-09-04,1991-09-03,Closed,1.0,7.0,1117457.9287135338,260,364,-4012.5,247.0777201420487,583.1526131137726,-4842.730333255821,-0.003161916478620312,0.0007186178171446027,-0.0038805342957649175,0.005357851131059343,-0.005074953733471972,6,5
6S-0002,6S,FX,Long,1990-10-01,1991-05-01,Closed,1.0,1.0,1138862.0676806,152,212,-9550.000000000005,18.36438576461193,38.19550746761416,-9606.55989323223,-0.008218186311143964,4.973893933363128e-05,-0.008267925250477596,0.004458499476497222,-0.00970626560137612,0,2
CC-0004,CC,Agriculture & livestock,Long,1990-10-01,1991-01-02,Closed,1.0,1.0,1138862.0676806,67,93,-1450.0,23.677658806310312,23.729791420196243,-1497.4074502265066,-0.0012924651126101792,4.120887634825225e-05,-0.0013336739889584313,0.0006207196702533037,-0.0013336739889584313,0,1
GC-0002,GC,Metals,Long,1990-10-01,1990-11-01,Closed,1.0,1.0,1138862.0676806,23,31,-850.0,23.48164375369284,0.0,-873.4816437536929,-0.0007403547161346597,2.0593793468702232e-05,-0.0007609485096033621,0.0006663622468316795,-0.0023205691929638417,0,0
LLG-0002,LLG,Government bonds,Short,1990-10-01,1991-02-01,Closed,1.0,1.0,1138862.0676806,89,123,-17802.841999999993,39.578736392166874,39.957123886197195,-17882.377860278357,-0.015443085705043982,6.927714347361243e-05,-0.015512362848517596,0.0,-0.015512362848517596,0,1
SI-0002,SI,Metals,Short,1990-10-01,1991-05-01,Closed,1.0,1.0,1138862.0676806,152,212,4550.0,45.87617548376441,137.58090315323165,4366.542921363004,0.003974624022988427,0.00016007879200249196,0.003814545230985936,0.005586974299825947,-0.00020855105135355565,0,3
ZB-0002,ZB,Government bonds,Short,1990-10-01,1991-02-01,Closed,1.0,1.0,1138862.0676806,89,123,-6187.0,55.166760980003914,55.27536547441136,-6297.442126454415,-0.00534335412321625,9.663292237426396e-05,-0.005439987045590515,0.0015768055478473043,-0.00551650333690072,0,1
ZC-0002,ZC,Agriculture & livestock,Short,1990-10-01,1993-11-01,Closed,3.0,19.0,1138862.0676806,805,1127,7850.0,1159.701552165025,3043.4149234335973,3646.883524401378,0.009387373610036637,0.003053311109262598,0.006334062500774043,0.01907039997559032,-0.004316045605535851,24,15
6B-0002,6B,FX,Long,1990-11-01,1991-07-01,Closed,1.0,1.0,1141578.5538780491,172,242,-16612.5,18.88527289344212,59.8901746619177,-16691.275447555363,-0.014468820050368978,6.901638645394022e-05,-0.014537836436822918,0.004491872854279405,-0.014720741862805795,0,3
GC-0003,GC,Metals,Short,1990-11-01,1991-02-01,Closed,1.0,2.0,1141578.5538780491,66,92,3240.000000000009,47.038782687225705,71.09755564756033,3121.863661665223,0.002741484949024831,0.00010229353547587273,0.0026391914135489593,0.002693764948017177,-0.003934048995448246,1,2
KC-0002,KC,Agriculture & livestock,Short,1990-11-01,1993-07-01,Closed,1.0,3.0,1141578.5538780491,695,973,40087.499999999985,257.6044562162281,894.5512729801279,38935.34427080363,0.03291584937396665,0.0008679444298574041,0.032047904944109265,0.039393951165376785,-0.0011075317673099863,11,14
BRN-0004,BRN,Energy,Long,1990-12-03,1991-02-01,Closed,1.0,1.0,1136988.0177349644,44,60,-7590.0,23.339347357871482,47.37873173147372,-7660.718079089345,-0.006566177165457633,6.1015772678096417e-05,-0.006627192938135731,0.0013610505246222033,-0.007962738420204224,0,2
GAS-0002,GAS,Energy,Long,1990-12-03,1991-02-01,Closed,1.0,1.0,1136988.0177349644,44,60,-2950.0,46.02481429206313,91.96302175065537,-3087.9878360427188,-0.002512921251256738,0.00012122189742539409,-0.0026341431486821324,0.00376193604208691,-0.00552738648901738,0,2
HG-0003,HG,Metals,Long,1990-12-03,1991-07-01,Closed,2.0,2.0,1136988.0177349644,150,210,-112.49999999999687,55.25451201856728,138.8261322142788,-306.58064423284293,-0.00021547751579163328,0.0001681047348752218,-0.00038358225066685537,0.005203263682557076,-0.0018515560079651614,1,3
HO-0002,HO,Energy,Long,1990-12-03,1991-01-02,Closed,1.0,1.0,1136988.0177349644,22,30,-3990.000000000008,14.76438043719936,15.008607307378433,-4019.772987744586,-0.0034988200871837786,2.5813330708606206e-05,-0.0035246334178923853,0.000823975752159215,-0.0037702021033593127,0,1
CC-0005,CC,Agriculture & livestock,Short,1991-01-02,1991-02-01,Closed,4.0,4.0,1160293.9000245854,22,30,600.0,95.42752110911282,0.0,504.57247889088717,0.00051571940950859,8.210957470969358e-05,0.000433609834798896,0.0007827375312827582,-0.0022728213268213564,0,0
ZF-0003,ZF,Government bonds,Long,1991-01-02,1994-04-01,Closed,4.0,8.0,1160293.9000245854,847,1185,54046.87399999998,466.83467031796016,1123.5543790426468,52456.48495063937,0.04275740563466256,0.0011390987520701987,0.041618306882592375,0.05281964256919043,-0.004876888648771647,21,13
LLG-0003,LLG,Government bonds,Long,1991-02-01,1992-05-01,Closed,1.0,2.0,1164137.5700507774,325,455,9257.198000000004,76.84849927636571,186.90637467944066,8993.443126044198,0.007107418201960597,0.0002208186265744292,0.006886599575386165,0.007706001487215331,-0.008862581178113043,1,5
ZB-0003,ZB,Government bonds,Long,1991-02-01,1994-04-01,Closed,1.0,4.0,1164137.5700507774,825,1155,55972.99799999999,442.23092883142795,1668.405652309649,53862.36141885891,0.04230167729126884,0.0014672252613538146,0.04083445202991505,0.05618721962700858,-0.004344527589160598,12,13
ZN-0002,ZN,Government bonds,Long,1991-02-01,1994-04-01,Closed,2.0,5.0,1164137.5700507774,825,1155,57172.49999999992,458.2109288508879,1239.7142030855202,55474.574868063515,0.043590351250435914,0.0011816997845244992,0.04240865146591141,0.05428866301220234,-0.004965358903887775,18,13
BRN-0005,BRN,Energy,Long,1991-03-01,1991-04-02,Closed,1.0,1.0,1161137.9783751494,22,32,140.0000000000007,23.281846340033162,0.0,116.71815365996756,0.00011877961382546545,2.0456646452420374e-05,9.832296737304496e-05,0.0006685408131582338,-0.0005210591774089053,0,1
CC-0006,CC,Agriculture & livestock,Short,1991-03-01,1993-07-01,Closed,4.0,12.0,1161137.9783751494,609,853,38050.0,614.0272355420375,1530.578039438176,35905.39472501979,0.030681291197035145,0.0015484913880315484,0.029132799809003605,0.03348130719169201,-0.002847815775498852,12,12
CL-0004,CL,Energy,Short,1991-03-01,1991-04-01,Closed,1.0,1.0,1161137.9783751494,21,31,-640.0000000000007,23.16830775993067,23.175447403463025,-686.3437551633945,-0.0005584572545753155,4.096442053007107e-05,-0.0005994216751053872,0.0003424596039380428,-0.0016510057130762197,0,1
GC-0004,GC,Metals,Short,1991-03-01,1991-04-01,Closed,1.0,1.0,1161137.9783751494,21,31,829.9999999999955,23.48896624267578,23.693465833512146,782.8175679238075,0.0007360352319805133,4.1631834222951706e-05,0.0006944033977575616,0.0010817526013163258,-0.00023907742518269518,0,1
ZW-0001,ZW,Agriculture & livestock,Short,1991-03-01,1991-11-01,Closed,6.0,6.0,1161137.9783751494,175,245,-3900.0,299.01061241994535,300.0829084361168,-4499.093520856062,-0.0031231463729566806,0.0005166984982933695,-0.0036398448712500523,0.006199269368883943,-0.00519148421063769,7,3
BRN-0006,BRN,Energy,Long,1991-05-01,1991-09-02,Closed,1.0,2.0,1145388.1719146317,88,124,1900.0000000000005,47.31707747899203,165.14326767653353,1687.5396548444749,0.001579664717454205,0.00018306178419664882,0.001396602933257556,0.0014173025687759422,-0.002369111738759587,1,4
CL-0005,CL,Energy,Long,1991-05-01,1991-08-01,Closed,1.0,1.0,1145388.1719146317,66,92,200.00000000000352,23.150472196051005,69.54597142975652,107.303556374196,0.00014075521883926296,8.031200481893879e-05,6.044321402032395e-05,0.0008497395611254772,-0.001353554330371544,0,3
GAS-0003,GAS,Energy,Long,1991-05-01,1992-02-03,Closed,1.0,4.0,1145388.1719146317,198,278,-10075.0,184.16366147649387,736.9747994085245,-10996.138460885019,-0.008210337752037975,0.000767046691914621,-0.008977384443952597,0.005911343740693168,-0.012595014573127892,3,9
ZL-0003,ZL,Agriculture & livestock,Short,1991-05-01,1992-07-01,Closed,1.0,10.0,1145388.1719146317,305,427,3041.9999999999973,260.21156574974066,828.2027284055181,1953.5857058447386,0.002998882349894918,0.0008775949264792849,0.0021212874234156345,0.00600789445608899,-0.0036398605629147603,10,9
HO-0003,HO,Energy,Long,1991-06-03,1991-07-01,Closed,1.0,1.0,1146362.639745877,20,28,-327.60000000000076,14.712329102794843,14.715095013922749,-357.02742411671835,-0.00030208109371391954,2.526024794640438e-05,-0.00032734134166032393,0.0,-0.001415837322253364,0,1
SB-0003,SB,Agriculture & livestock,Short,1991-06-03,1991-07-01,Closed,1.0,1.0,1146362.639745877,20,28,-2184.0000000000005,24.962183282435284,24.95605318087838,-2233.9182364633143,-0.0019268774679408278,4.2846824595892175e-05,-0.0019697242925367205,0.0,-0.0021578314135285094,0,1
SNK-0001,SNK,Equity indices,Short,1991-06-03,1991-08-01,Closed,1.0,1.0,1146362.639745877,43,59,7469.560000000003,41.18584107632299,39.30534544416247,7389.068813479517,0.006633638469259809,7.070633464997422e-05,0.006562932134609834,0.0116724915852896,-1.912773421293029e-05,0,1
HG-0004,HG,Metals,Short,1991-07-01,1991-11-01,Closed,2.0,3.0,1180329.8341219989,89,123,-3562.500000000007,83.90103364892644,56.13213991039518,-3702.5331735593286,-0.0030485525386241942,0.00011950562960204228,-0.003168058168226237,0.0013611371147014557,-0.003961571143292855,1,1
NG-0001,NG,Energy,Short,1991-07-01,1992-06-01,Closed,2.0,3.0,1180329.8341219989,240,336,-5449.999999999905,119.50608661570179,604.4988006143187,-6174.004887229926,-0.004394557182582784,0.0005952770899213228,-0.004989834272504114,0.01696700917786966,-0.009046363745424233,6,11
RS-0002,RS,Agriculture & livestock,Short,1991-08-01,1991-11-01,Closed,2.0,3.0,1157667.957326048,66,92,1182.0490000000004,32.529488320244425,32.83554314679374,1116.6839685329624,0.0010227726165482976,5.5754836942441826e-05,0.0009670177796058556,0.0010995673689471906,-0.00017288963911387182,1,1
SB-0004,SB,Agriculture & livestock,Long,1991-08-01,1993-07-01,Closed,2.0,8.0,1157667.957326048,500,700,2273.5999999999995,376.33382703820513,656.6018460768769,1240.6643268849175,0.001797753948819466,0.0007666741576845793,0.0010310797911348827,0.006674014759361906,-0.008528765652624079,13,8
YAP-0003,YAP,Equity indices,Long,1991-08-01,1991-09-02,Closed,2.0,2.0,1157667.957326048,22,32,-2059.5800000000017,78.92495051578581,0.0,-2138.5049505157876,-0.001796395911854814,6.81329986694143e-05,-0.001864528910524229,0.0005205445265252316,-0.0036023319545155225,0,0
6B-0003,6B,FX,Short,1991-10-01,1992-01-02,Closed,1.0,1.0,1176906.8310659525,67,93,-8787.500000000005,20.337445636147045,20.489342160223256,-8828.326787796375,-0.00727530675936948,3.348089632737896e-05,-0.007308787655696858,0.002529068950459204,-0.008185063651771829,0,1
BRN-0007,BRN,Energy,Short,1991-10-01,1992-02-03,Closed,1.0,5.0,1176906.8310659525,89,125,10450.000000000004,117.70525363485501,314.46562729423783,10017.829119070911,0.008685452352905807,0.0003525876163960739,0.008332864736509732,0.013919376537802668,-0.0015682036052414366,2,4
HO-0004,HO,Energy,Short,1991-10-01,1991-12-02,Closed,2.0,2.0,1176906.8310659525,44,62,4241.999999999999,29.599788329650657,59.75484689804285,4152.645364772306,0.0035202053449749104,7.522802652034678e-05,0.0034449773184545636,0.003457210339315965,-0.0047617981294770535,0,2
KE-0002,KE,Agriculture & livestock,Long,1991-10-01,1992-11-02,Closed,1.0,5.0,1176906.8310659525,284,398,2350.0,192.80126408670944,418.0410655916572,1739.1576703216333,0.0018506164010524968,0.00047130050098940005,0.0013793159000630988,0.014777468772453778,-0.005780891520409378,4,5
SNK-0002,SNK,Equity indices,Short,1991-10-01,1992-02-03,Closed,1.0,1.0,1176906.8310659525,89,125,12081.765,39.26026007947097,39.92705632916111,12002.577683591368,0.010014239670338014,6.512133155900756e-05,0.009949118338779006,0.01359938025420208,-0.0022059914264347218,0,1
YAP-0004,YAP,Equity indices,Long,1991-10-01,1992-08-03,Closed,2.0,6.0,1176906.8310659525,219,307,284.01900000000967,282.2460663073067,421.8396746841885,-420.0667409914855,0.00020498984848918986,0.000564492989939291,-0.0003595031414501003,0.0030497191182996637,-0.004708530750681894,5,3
ZM-0002,ZM,Agriculture & livestock,Short,1991-10-01,1992-01-02,Closed,1.0,4.0,1176906.8310659525,67,93,4540.00000000002,94.5132264707427,167.46814635358132,4278.018627175696,0.0038210317200894363,0.00021420828035235919,0.0036068234397370774,0.005338286931618049,-9.86942846693362e-06,2,2
ZS-0003,ZS,Agriculture & livestock,Short,1991-10-01,1992-07-01,Closed,1.0,3.0,1176906.8310659525,196,274,-725.0,108.24282534039556,274.940691914352,-1108.1835172547476,-0.00026976592434101333,0.00030776813571277135,-0.000577534060053784,0.004376468701441793,-0.0017714812911233408,6,5
6J-0004,6J,FX,Long,1991-11-01,1993-07-01,Closed,2.0,2.0,1174767.8917268459,434,608,28487.49999999999,75.858954327836,201.72123852178828,28209.919807150363,0.020059529335700797,0.00020908084667175468,0.01985044848902904,0.021308912999924913,-0.0029431450568005906,5,7
CT-0003,CT,Agriculture & livestock,Short,1991-11-01,1993-03-01,Closed,2.0,4.0,1174767.8917268459,346,486,4824.999999999983,119.06087415919148,241.71051616926377,4464.228609671528,0.004848453059389199,0.00026900643207913237,0.004579446627310061,0.016440921941551397,-1.4593384410084435e-05,7,6
LE-0002,LE,Agriculture & livestock,Short,1991-11-01,1992-08-03,Closed,4.0,6.0,1174767.8917268459,196,276,-11600.00000000001,167.87850501608446,414.62506671375183,-12182.503571729845,-0.008865259378730728,0.00047059890936361986,-0.009335858288094348,0.010462677740284696,-0.010098964903536452,3,4
ZW-0002,ZW,Agriculture & livestock,Long,1991-11-01,1992-02-03,Closed,1.0,3.0,1174767.8917268459,66,94,9775.0,81.70056600861452,27.42386062030157,9665.875573371084,0.00792128026578855,8.983359835344396e-05,0.007831446667435106,0.007853311124822106,-0.0007562588120262403,2,1
CL-0006,CL,Energy,Long,1991-12-02,1992-01-02,Closed,5.0,5.0,1204200.653373724,23,31,-7650.000000000005,116.78489897923852,116.88810615553112,-7883.673005134774,-0.006390564653785089,0.00019082803244774608,-0.006581392686232835,0.0,-0.010504551828569198,0,1
GC-0005,GC,Metals,Short,1991-12-02,1992-12-01,Closed,1.0,4.0,1204200.653373724,261,365,4469.999999999959,94.57860327166206,290.2688335815324,4085.1525631467644,0.003526498646718327,0.0002945184154733681,0.0032319802312449604,0.00474780643255786,-0.0019520405682250282,3,5
HG-0005,HG,Metals,Short,1991-12-02,1992-05-01,Closed,5.0,6.0,1204200.653373724,109,151,2949.999999999986,224.11769590150755,287.3810403533564,2438.501263745122,0.0023551745801917373,0.00041072320304654636,0.001944451377145191,0.006074597866017682,-0.002990349049191445,3,2
6B-0004,6B,FX,Long,1992-01-02,1992-02-03,Closed,1.0,1.0,1259459.7438883916,22,32,-3862.500000000005,20.76877688154293,0.0,-3883.268776881548,-0.002963880867564584,1.6601106267524903e-05,-0.0029804819738321075,0.0006947490399567728,-0.00560458914188499,0,0
CL-0007,CL,Energy,Short,1992-01-02,1992-06-01,Closed,1.0,4.0,1259459.7438883916,107,151,-9600.000000000022,93.0859389506459,302.82680641154764,-9995.912745362215,-0.007712981781769827,0.00031611443630615265,-0.008029096218075979,0.0012802442324277026,-0.008243325424393797,2,5
HO-0005,HO,Energy,Short,1992-01-02,1993-03-01,Closed,1.0,3.0,1259459.7438883916,302,424,-3506.9999999999623,44.34864430690523,549.9531361526234,-4101.301780459491,-0.003410989788740465,0.0004374680652784277,-0.003848457854018895,0.0008706317911941974,-0.014063829366518885,2,14
ZM-0003,ZM,Agriculture & livestock,Long,1992-01-02,1992-09-01,Closed,6.0,8.0,1259459.7438883916,173,243,1900.0000000000682,284.9092045263984,623.0728784796793,992.0179169939906,0.0013621961445128192,0.0006976527013808249,0.0006645434431319947,0.006241940087208987,-0.0033957724041049483,4,5
ZT-0001,ZT,Government bonds,Long,1992-01-02,1992-02-03,Closed,6.0,6.0,1259459.7438883916,22,32,-7406.220000000076,456.30838412894417,0.0,-7862.52838412902,-0.005820368602727621,0.0003645251980192141,-0.0061848938007468355,0.0015174333311641476,-0.006473201427738775,0,0
6B-0005,6B,FX,Short,1992-02-03,1992-04-01,Closed,1.0,1.0,1242745.5309660349,42,58,3337.499999999993,20.438315923406382,19.875997453028067,3297.185686623559,0.002671264514978096,3.33841660562753e-05,0.0026378803489218203,0.0037135629323688515,-0.002399099344092914,0,1
BRN-0008,BRN,Energy,Long,1992-02-03,1992-03-02,Closed,1.0,1.0,1242745.5309660349,20,28,-760.0,23.67980152153753,23.419702699325647,-807.0995042208632,-0.0006155537357349996,3.8089865133942404e-05,-0.000653643600868942,0.0005049021821921286,-0.000653643600868942,0,1
GAS-0004,GAS,Energy,Short,1992-02-03,1992-06-01,Closed,2.0,4.0,1242745.5309660349,85,119,-7150.0,184.6125203624194,647.6328702797384,-7982.245390642158,-0.005765863262462551,0.0006654603561703345,-0.0064313236186328854,0.0026477571446458835,-0.0064313236186328854,1,4
SI-0003,SI,Metals,Long,1992-02-03,1992-03-02,Closed,3.0,3.0,1242745.5309660349,20,28,-884.9999999999795,139.1250027134624,140.27152151240904,-1164.396524225851,-0.0007149634203673894,0.00022595109779864104,-0.0009409145181660304,0.0005227720747079856,-0.0014484779468317477,0,1
BRN-0009,BRN,Energy,Short,1992-03-02,1992-05-01,Closed,4.0,4.0,1231911.931003403,44,60,-9359.999999999998,94.49642284025674,189.9562338094837,-9644.452656649739,-0.007593391184244778,0.0002290009182709345,-0.007822392102515714,0.0,-0.007822392102515714,0,2
HE-0002,HE,Agriculture & livestock,Short,1992-03-02,1992-04-01,Closed,5.0,5.0,1231911.931003403,22,30,-2699.999999999989,122.88285820388887,0.0,-2822.8828582038777,-0.0022040437704667474,0.00010051718699161979,-0.0023045609574583667,0.00039833612745924634,-0.004235424370081639,0,0
NKD-0001,NKD,Equity indices,Short,1992-03-02,1992-05-01,Closed,1.0,1.0,1231911.931003403,44,60,22275.0,49.90297564435428,51.29019914945024,22173.806825206193,0.018408630381582,8.241440730933673e-05,0.018326215974272666,0.0198792595013561,-2.034877942648511e-05,0,1
SNK-0003,SNK,Equity indices,Short,1992-03-02,1992-05-06,Closed,1.0,1.0,1231911.931003403,47,65,14585.182499999999,38.527442677617536,38.55340838127823,14508.101648941103,0.012128223538123789,6.265231066189029e-05,0.0120655712274619,0.015790463789858867,-1.594710615720976e-05,0,1
ZW-0003,ZW,Agriculture & livestock,Long,1992-03-02,1993-01-04,Closed,3.0,5.0,1231911.931003403,220,308,-5975.0,136.77961426498652,414.3289520247033,-6526.10856628969,-0.004997979078710819,0.00040880178608653775,-0.005406780864797355,0.00016676464963220395,-0.011835257992245978,2,4
6B-0006,6B,FX,Long,1992-04-01,1992-05-01,Closed,1.0,1.0,1213180.100578432,22,30,4525.000000000002,19.799518504354857,0.0,4505.200481495647,0.003665699851576505,1.60350191699363e-05,0.0036496648324065694,0.0036574116272704398,-8.288224306065739e-06,0,0
6C-0002,6C,FX,Short,1992-04-01,1995-05-01,Closed,4.0,10.0,1213180.100578432,803,1125,29690.000000000022,655.936390492518,1049.7154393854214,27984.34817012208,0.016099275919858495,0.0010033686716948865,0.015095907248163615,0.02409824931864168,-0.005687676726602885,24,12
HE-0003,HE,Agriculture & livestock,Long,1992-04-01,1992-07-01,Closed,4.0,4.0,1213180.100578432,65,91,10960.000000000007,145.49872880462897,199.46302890997467,10615.038242285404,0.008723024852620217,0.0002703103703278634,0.008452714482292354,0.009152940321098547,-4.037891441627554e-05,2,2
ZT-0002,ZT,Government bonds,Long,1992-04-01,1993-06-01,Closed,4.0,7.0,1213180.100578432,304,426,41562.49,322.7886155015197,1020.5719639078166,40219.12942059066,0.03081776789667868,0.000909103287254819,0.02990866460942387,0.03544962996340307,-0.0004741969312949907,5,5
6B-0007,6B,FX,Long,1992-06-01,1992-11-02,Closed,1.0,1.0,1276108.797561687,110,154,-14962.500000000004,19.182852182050123,39.79580394705152,-15021.478656129106,-0.010412204411197022,4.420124987882756e-05,-0.01045640566107585,0.0095121312692311,-0.01045640566107585,0,2
6S-0003,6S,FX,Long,1992-06-01,1993-07-01,Closed,1.0,2.0,1276108.797561687,283,395,2712.5000000000146,38.219283838042486,137.55233666373132,2536.728379498241,0.0025395965138638827,0.00011655523461240203,0.002423041279251482,0.012937237535512196,-0.000841987637358753,1,5
BRN-0010,BRN,Energy,Long,1992-06-01,1992-08-03,Closed,1.0,1.0,1276108.797561687,45,63,-390.00000000000034,23.30548072786215,46.72436052200716,-460.02984124986966,-0.0002731383007322294,5.277042004990481e-05,-0.0003259087207821342,0.0006797636435479526,-0.0005134922156508904,0,2
CL-0008,CL,Energy,Long,1992-06-01,1992-07-01,Closed,1.0,1.0,1276108.797561687,22,30,-260.0000000000051,23.323973478425977,23.161297772402065,-306.48527125083314,-0.0001821092351854484,3.5593545374918535e-05,-0.00021770278056036684,0.0005694549043850314,-0.00040502635889156735,0,1
NG-0002,NG,Energy,Long,1992-06-01,1994-05-02,Closed,2.0,3.0,1276108.797561687,500,700,31150.00000000004,117.84812357921902,804.3597804059419,30227.792096014877,0.021899301699626585,0.0005895543299945346,0.021309747369632058,0.03196743955456494,-0.0022321988708802853,5,23
RS-0003,RS,Agriculture & livestock,Short,1992-06-01,1992-07-02,Closed,32.0,32.0,1276108.797561687,23,31,6626.048000000005,369.37595773579403,0.0,6256.672042264211,0.005169046071814898,0.00028422989675298984,0.004884816175061909,0.0054783968228326076,-0.0007986604506411696,0,0
CL-0009,CL,Energy,Short,1992-07-01,1992-08-03,Closed,4.0,4.0,1325679.7943679318,23,33,399.99999999997726,93.52626283277425,93.32938289792116,213.14435426928185,0.0002874224026128538,0.00013996741199007306,0.00014745499062278106,0.001704224473349673,-0.0012119629401621777,0,1
GAS-0005,GAS,Energy,Short,1992-07-01,1994-06-01,Closed,5.0,8.0,1325679.7943679318,500,700,23900.0,689.5775931746039,5096.635183828354,18113.787222997045,0.016230437606663563,0.0036208986550411463,0.01260953895162241,0.01652253629776706,-0.0011252953895784818,10,23
LLG-0004,LLG,Government bonds,Long,1992-07-01,1992-09-01,Closed,1.0,1.0,1325679.7943679318,44,62,-8418.715999999999,39.148745911866456,39.511085539599435,-8497.375831451465,-0.006126242330257217,5.7650379273387245e-05,-0.006183892709530604,0.0011883938270436539,-0.006183892709530604,0,1
PL-0002,PL,Metals,Short,1992-07-01,1992-08-03,Closed,2.0,2.0,1325679.7943679318,23,33,1009.9999999999909,33.82044933989869,0.0,976.1795506600922,0.0007600845399375225,2.5362966449921636e-05,0.0007347215734876009,0.0010621127873520302,-0.00024515339090388854,0,0
SNK-0004,SNK,Equity indices,Short,1992-07-01,1992-09-01,Closed,1.0,1.0,1325679.7943679318,44,62,-5296.407500000002,39.14334997987168,0.0,-5335.550849979873,-0.003734926089046989,2.8951046800641685e-05,-0.003763877135847631,0.005759598447442534,-0.004811771359963834,0,0
ZL-0004,ZL,Agriculture & livestock,Long,1992-07-01,1992-08-03,Closed,3.0,3.0,1325679.7943679318,23,33,-4320.000000000004,52.58610484296934,52.27484172374328,-4424.860946566717,-0.0032371403097941837,7.824083258370427e-05,-0.0033153811423778877,0.0,-0.0033153811423778877,0,1
ZS-0004,ZS,Agriculture & livestock,Long,1992-07-01,1992-08-03,Closed,3.0,3.0,1325679.7943679318,23,33,-6975.0,81.67143434334153,82.1779965905152,-7138.849430933857,-0.005240909154333316,0.00012225035668236728,-0.005363159511015682,0.0,-0.005549706004794947,0,1
RS-0004,RS,Agriculture & livestock,Long,1992-07-02,1992-08-04,Closed,13.0,13.0,1321970.386584548,23,33,-3927.5807999999993,153.5727260721058,0.0,-4081.1535260721053,-0.002944615384055457,0.0001152556582224855,-0.0030598710422779425,0.0,-0.0030598710422779425,0,0
CL-0010,CL,Energy,Long,1992-08-03,1992-09-01,Closed,1.0,1.0,1340765.1199093459,21,29,250.0,23.379459831174387,23.191969965652568,203.42857020317305,0.00017115243859320748,3.3901014723200414e-05,0.00013725142387000706,0.00014571134984289015,-0.0005019956608521551,0,1
LE-0003,LE,Agriculture & livestock,Long,1992-08-03,1992-09-01,Closed,1.0,1.0,1340765.1199093459,21,29,29.999999999995453,23.901497460783574,23.819644337701828,-17.72114179848995,3.0115875561415652e-05,3.4981779136770295e-05,-4.865903575354744e-06,0.00039915078056953156,-8.970173031978645e-06,0,1
PL-0003,PL,Metals,Long,1992-08-03,1992-09-01,Closed,4.0,4.0,1340765.1199093459,21,29,-4120.000000000005,70.36128102676065,0.0,-4190.361281026765,-0.0029900769966384935,5.1747334186225545e-05,-0.0030418243308247194,1.646088343291481e-05,-0.005102994076888346,0,0
YAP-0005,YAP,Equity indices,Short,1992-08-03,1993-01-04,Closed,4.0,4.0,1340765.1199093459,110,154,8824.765500000007,173.8734614688793,177.98103665344652,8472.911001877681,0.006472061497413992,0.00025173865378337633,0.006220322843630611,0.008881886660706557,-7.693823556448384e-05,1,2
ZL-0005,ZL,Agriculture & livestock,Short,1992-08-03,1993-07-01,Closed,4.0,9.0,1340765.1199093459,238,332,-17628.000000000007,191.81338779633148,774.565245132666,-18594.378632929,-0.011002329108448883,0.0006343083615771251,-0.01163663747002601,0.001425740073236194,-0.01163663747002601,5,7
RS-0005,RS,Agriculture & livestock,Short,1992-08-04,1992-11-02,Closed,23.0,23.0,1343470.890165008,64,90,-9675.736000000003,259.4205144944775,87.68871319950372,-10022.845227693984,-0.006926122278862604,0.0002528098637355958,-0.0071789321425982005,0.003087667115344893,-0.009915983778322824,2,1
CL-0011,CL,Energy,Short,1992-09-01,1993-01-04,Closed,4.0,4.0,1379067.7788447514,89,125,9920.000000000015,93.26373618854105,374.6033431644383,9452.132920647035,0.007141805201109178,0.0003337579312336456,0.006808047269875534,0.007259325523409885,-0.0026750900138503885,0,4
PL-0004,PL,Metals,Short,1992-09-01,1992-10-01,Closed,1.0,1.0,1379067.7788447514,22,30,-514.9999999999977,17.20279233628343,16.573246117466645,-548.7760384537478,-0.00037555893215142073,2.3973606109941234e-05,-0.00039953253826136194,0.00012689168670533917,-0.0005854988154417797,0,1
ZM-0004,ZM,Agriculture & livestock,Short,1992-09-01,1993-07-01,Closed,5.0,16.0,1379067.7788447514,217,303,-26100.000000000087,381.6014036803226,1457.6633766778293,-27939.26478035824,-0.015148837755168964,0.0011799422971791572,-0.016328780052348116,0.008143466406838508,-0.016328780052348116,3,6
BRN-0011,BRN,Energy,Short,1992-10-01,1992-12-01,Closed,5.0,5.0,1417480.5842870527,43,61,9749.999999999996,117.70571541883734,236.56934907640064,9395.724935504759,0.007021836634191033,0.0002520259831298676,0.006769810651061165,0.006811409181854451,-0.0015877040721245098,0,2
HG-0006,HG,Metals,Short,1992-10-01,1993-01-04,Closed,3.0,3.0,1417480.5842870527,67,95,-1274.9999999999923,83.28320775768046,83.38985534741843,-1441.6730631050912,-0.0008078926242263415,0.00011763448079479579,-0.0009255271050211378,0.004573661927148223,-0.0009255271050211378,0,1
LE-0004,LE,Agriculture & livestock,Long,1992-10-01,1994-01-03,Closed,6.0,9.0,1417480.5842870527,327,459,16000.000000000007,335.9481215092658,953.2052672273254,14710.846611263416,0.01246814722036838,0.0008190659531259988,0.011649081267242399,0.02170090971509115,-0.0014566736369573726,8,8
LLG-0005,LLG,Government bonds,Long,1992-10-01,1994-06-01,Closed,1.0,3.0,1417480.5842870527,434,608,20803.95399999996,193.19177635577134,358.6729605976315,20252.089263046557,0.01534442219301085,0.00032573706880598287,0.015018685124204869,0.038658963829112214,-0.0019419609785464855,9,7
KE-0003,KE,Agriculture & livestock,Short,1992-11-02,1993-01-04,Closed,1.0,2.0,1393505.2545972636,45,63,-237.5,55.00643089485269,27.348373264898612,-319.8548041597513,-0.00016335186093529815,5.8224459723857415e-05,-0.00022157632065915553,0.0003558082164617083,-0.0006002514162361947,1,1
RS-0006,RS,Agriculture & livestock,Long,1992-11-02,1995-06-01,Closed,6.0,36.0,1393505.2545972636,673,941,62427.583199999965,887.9402260741984,2240.630550875173,59299.01242305059,0.034295069987894514,0.0017879745288702166,0.0325070954590243,0.04073053409522662,-0.008898754440630856,24,11
BRN-0012,BRN,Energy,Long,1992-12-01,1993-05-04,Closed,1.0,5.0,1408035.257832092,110,154,1350.0000000000027,117.76654083423566,330.22815596263945,902.0053032031276,0.0008331022743137135,0.0002860701247841152,0.0005470321495295982,0.0020129886674086755,-0.001768371980776895,3,5
ZS-0005,ZS,Agriculture & livestock,Long,1992-12-01,1993-01-04,Closed,4.0,4.0,1408035.257832092,24,34,700.0,109.31372797296558,111.0514709043051,479.6348011227293,0.0004837577846548216,0.00015441865373467075,0.0003293391309201509,0.0024063364816696016,-7.158705615965079e-05,0,1
6B-0008,6B,FX,Short,1993-01-04,1993-03-01,Closed,1.0,1.0,1435499.0826076495,40,56,3250.0000000000055,19.043710476370684,0.0,3230.956289523635,0.0021145099269043797,1.2775595600017641e-05,0.002101734331304362,0.003107063565431096,-0.002587327492346357,0,0
CL-0012,CL,Energy,Long,1993-01-04,1993-04-01,Closed,1.0,3.0,1435499.0826076495,63,87,840.0000000000176,69.88704091930107,139.38276685628898,630.7301922244276,0.0005652537374026538,0.00013609520892869922,0.0004291585284739548,0.0018067034740981785,-0.0009943290972185244,2,3
PL-0005,PL,Metals,Long,1993-01-04,1993-02-01,Closed,9.0,9.0,1435499.0826076495,20,28,4229.999999999991,160.46135357187865,0.0,4069.5386464281123,0.002917826142876335,0.00010975000544499994,0.002808076137431334,0.0038009355166383966,-5.6706046186074336e-05,0,0
ZW-0004,ZW,Agriculture & livestock,Short,1993-01-04,1993-02-01,Closed,1.0,1.0,1435499.0826076495,20,28,-900.0,27.31256894482334,0.0,-927.3125689448234,-0.0006272537044573902,1.8677999772610305e-05,-0.0006459317042300004,0.0,-0.0010892839191292357,0,0
HE-0004,HE,Agriculture & livestock,Long,1993-02-01,1994-01-03,Closed,2.0,3.0,1490459.5621820723,240,336,-3769.999999999998,120.49939925416078,293.7536028119525,-4184.253002066112,-0.0019208144605318332,0.00024577321044010064,-0.0021665876709719336,0.003446075338248418,-0.002374870989774786,5,7
HG-0007,HG,Metals,Short,1993-02-01,1994-05-02,Closed,4.0,6.0,1490459.5621820723,325,455,13487.499999999995,222.15073221512012,932.2941728545677,12333.055094930305,0.00972807953565098,0.0006763845460685792,0.009051694989582394,0.02174861363804005,-0.0010709753835005838,4,7
YAP-0006,YAP,Equity indices,Short,1993-02-01,1993-04-01,Closed,1.0,1.0,1490459.5621820723,43,59,-2557.717749999999,35.213012860151274,34.94136231642607,-2627.872125176576,-0.0016715135840560773,4.526336734410397e-05,-0.001716776951400181,2.6954188698372865e-05,-0.0017429026083889533,0,1
CT-0004,CT,Agriculture & livestock,Long,1993-03-01,1993-05-03,Closed,1.0,2.0,1551912.7776035385,45,63,-2585.000000000001,34.466553570957515,34.432759743381744,-2653.89931331434,-0.0015841275424743604,4.267780580008133e-05,-0.0016268053482744417,0.0010844606713514534,-0.0016268053482744417,1,1
HO-0006,HO,Energy,Long,1993-03-01,1993-04-01,Closed,3.0,3.0,1551912.7776035385,23,31,-1650.5999999999585,45.06952321761772,44.40227160528697,-1740.0717948228632,-0.0010465531484664433,5.715043959979835e-05,-0.0011037035880662417,0.0013980670119054586,-0.0016870866913830107,0,1
6B-0009,6B,FX,Short,1993-04-01,1993-11-01,Closed,2.0,2.0,1569597.9186037807,152,214,8.668621376273222e-13,38.79840675079198,39.59738620583815,-78.39579295662926,7.139208645040285e-05,4.690967055832175e-05,2.4482415892081516e-05,0.0012936376952401327,-0.004396854090330754,1,2
CL-0013,CL,Energy,Short,1993-04-01,1994-07-01,Closed,5.0,8.0,1569597.9186037807,326,456,27890.000000000015,302.0882879575808,1631.1467811851269,25956.76493085731,0.016935312737151445,0.001110052172462634,0.015825260564688807,0.030789391400500365,-0.00045231608506632526,10,15
HO-0007,HO,Energy,Short,1993-04-01,1994-03-01,Closed,3.0,5.0,1569597.9186037807,238,334,10966.19999999998,117.70647741412897,563.9524326838025,10284.54108990205,0.00734500604841685,0.00038891521523279576,0.006956090833184044,0.018417460490605556,-0.0004891149042442664,6,11
PL-0006,PL,Metals,Long,1993-04-01,1993-12-01,Closed,8.0,9.0,1569597.9186037807,174,244,10475.000000000022,207.4619362158369,173.79832224660464,10093.73974153758,0.006715315629353621,0.00022698787037023574,0.006488327758983385,0.012157926065528197,-0.0012867212966479393,5,2
SNK-0005,SNK,Equity indices,Long,1993-04-01,1993-12-01,Closed,2.0,2.0,1569597.9186037807,174,244,-4482.032500000004,85.91675337374159,90.13308812015131,-4658.082341493897,-0.0017428706728540968,0.00010515132198158226,-0.0018480219948356785,0.009524066312962477,-0.005014814631728855,1,2
YAP-0007,YAP,Equity indices,Long,1993-04-01,1993-05-03,Closed,6.0,6.0,1569597.9186037807,22,32,-2120.643000000001,218.87077828107252,0.0,-2339.5137782810734,-0.001298197055881086,0.00013712624230101272,-0.001435323298182099,0.0024556805173466863,-0.00250607382122288,0,0
ZS-0006,ZS,Agriculture & livestock,Long,1993-04-01,1993-05-03,Closed,9.0,9.0,1569597.9186037807,22,32,-1012.5,248.31704245417853,253.3249506265601,-1514.1419930807388,-0.0006197816517471613,0.0003103769947704068,-0.0009301586465175677,0.0008502096594698734,-0.002069098836261724,0,1
ZW-0005,ZW,Agriculture & livestock,Long,1993-04-01,1993-06-01,Closed,7.0,8.0,1569597.9186037807,43,61,-8400.0,220.24273163636371,196.83028005832148,-8817.073011694687,-0.005147085978465135,0.0002576471902375764,-0.005404733168702712,0.002625087884561209,-0.005404733168702712,1,1
CT-0005,CT,Agriculture & livestock,Short,1993-05-03,1993-08-02,Closed,3.0,3.0,1623037.585570242,65,91,2294.9999999999936,50.618989304493944,34.04933975440116,2210.3316709410988,0.0014156132085979306,5.142114396159682e-05,0.0013641920646363336,0.0022533299969457227,-0.0022990360017643343,2,1
GC-0006,GC,Metals,Long,1993-05-03,1994-07-01,Closed,6.0,6.0,1623037.585570242,304,424,14310.000000000011,212.78061608344967,527.7358342831922,13569.483549633369,0.009104802221619693,0.00042303832150695293,0.008681763900112736,0.013365102163971075,-4.4240148023123655e-05,8,6
NKD-0002,NKD,Equity indices,Long,1993-05-03,1993-08-02,Closed,1.0,1.0,1623037.585570242,65,91,-2100.0,61.22118354434584,50.80272186855943,-2212.023905412905,-0.0012272869732744443,6.721795330398515e-05,-0.0012945049265784287,0.0011536672354630637,-0.004800360187849237,0,1
SI-0004,SI,Metals,Long,1993-05-03,1994-07-01,Closed,5.0,5.0,1623037.585570242,304,424,21319.99999999997,413.4175321178324,694.1821949047907,20212.400272977346,0.012387443808576077,0.0006349025374155719,0.011752541271160502,0.01448685986704853,-0.0012733152190299757,9,6
YAP-0008,YAP,Equity indices,Short,1993-05-03,1993-06-01,Closed,2.0,2.0,1623037.585570242,21,29,-2280.963000000001,72.4118483931104,0.0,-2353.3748483931113,-0.0014132094740640152,4.450241277835425e-05,-0.0014577118868423697,6.142333981504371e-05,-0.00204432333536767,0,0
BRN-0013,BRN,Energy,Short,1993-05-04,1994-08-01,Closed,7.0,7.0,1626027.7889253716,324,454,18440.000000000036,374.38986434334504,1795.174220672482,16270.43591498421,0.011058096136121302,0.0012326677971036786,0.009825428339017629,0.02288330947272008,-0.0004797348811993909,10,15
YAP-0009,YAP,Equity indices,Long,1993-06-01,1994-10-03,Closed,5.0,5.0,1631416.473355237,349,489,12313.438249999956,331.7850402836225,669.1551291222063,11312.498080594127,0.0072300918651181,0.0005733716734294542,0.006656720191688646,0.014941375567813175,-0.002767793124675428,6,6
6S-0004,6S,FX,Short,1993-07-01,1994-01-03,Closed,2.0,2.0,1655553.0736637076,132,186,-3124.9999999999886,38.831581522246566,79.19593037499071,-3243.0275118972263,-0.0016932913790219607,6.601960890996265e-05,-0.0017593109879319236,0.0013811914315663074,-0.008321637123402672,0,2
GF-0003,GF,Agriculture & livestock,Long,1993-07-01,1994-02-01,Closed,2.0,3.0,1655553.0736637076,153,215,-1637.500000000004,115.98061673333774,283.1999358147601,-2036.6805525481018,-0.0009473729540438523,0.0002274465451739138,-0.0011748194992177658,0.001259901253466227,-0.0016749122247881809,4,5
SB-0005,SB,Agriculture & livestock,Short,1993-07-01,1994-07-01,Closed,3.0,7.0,1655553.0736637076,261,365,-1590.3999999999996,176.73066099076524,535.4551854507708,-2302.585846441536,-0.0007653525900817209,0.0004028667392131369,-0.0011682193292948566,0.003213106029115743,-0.004626274915906041,4,4
ZL-0006,ZL,Agriculture & livestock,Long,1993-07-01,1994-08-01,Closed,5.0,8.0,1655553.0736637076,282,396,10206.0,208.7162183227914,724.9629943186494,9272.320787358558,0.00579904460089043,0.0005225190316770608,0.0052765255692133655,0.013298845673113525,-0.003356681074163258,8,9
ZM-0005,ZM,Agriculture & livestock,Long,1993-07-01,1994-07-01,Closed,1.0,8.0,1655553.0736637076,261,365,-2260.000000000012,259.03950753441967,815.5319729050552,-3334.5714804394865,-0.0007146486982017649,0.0005977230075889967,-0.0013123717057907595,0.005505812011429553,-0.005468694132536695,6,8
ZS-0007,ZS,Agriculture & livestock,Long,1993-07-01,1994-07-01,Closed,3.0,4.0,1655553.0736637076,261,365,-1187.5,189.74388085360076,439.33607629649975,-1816.5799571501007,-0.0002402840471257549,0.00035356086433761553,-0.0005938449114633703,0.00656980039168273,-0.0012825149114802485,7,7
ZT-0003,ZT,Government bonds,Long,1993-07-01,1994-01-03,Closed,3.0,3.0,1655553.0736637076,132,186,1874.990000000025,91.50120669230071,190.00634447924466,1593.4824488284796,0.0011298668754915508,0.00015856258877202165,0.0009713042867195295,0.003076514451125301,-0.001356078632001489,1,2
ZW-0006,ZW,Agriculture & livestock,Long,1993-07-01,1994-05-02,Closed,7.0,9.0,1655553.0736637076,217,305,11600.0,355.09837988603766,523.9189094469008,10720.982710667062,0.006956989637319849,0.0004912511328220975,0.006465738504497752,0.016816173660177285,-0.0008220709807520787,6,4
CC-0007,CC,Agriculture & livestock,Short,1993-08-02,1993-10-01,Closed,4.0,4.0,1738485.9154058541,44,60,-5200.0,93.86432129283259,93.9466881848557,-5387.8110094776885,-0.0029842964022821026,0.00010781195077376704,-0.0030921083530558707,0.001236275101826848,-0.0030921083530558707,1,1
CT-0006,CT,Agriculture & livestock,Long,1993-08-02,1996-06-03,Closed,2.0,5.0,1738485.9154058541,740,1036,61539.999999999985,164.87130250158197,365.83619761642734,61009.29249988197,0.0337464245938469,0.00027496519028564017,0.033471459403561256,0.042434201581060774,-0.002435603665388489,14,11
KC-0003,KC,Agriculture & livestock,Long,1993-08-02,1993-10-01,Closed,1.0,2.0,1738485.9154058541,44,60,-4443.749999999987,73.59509234349059,36.888949065320986,-4554.2340414087985,-0.0026001917414564058,6.363508249847238e-05,-0.002663826823954879,0.0015340605193418693,-0.002663826823954879,1,1
KE-0004,KE,Agriculture & livestock,Long,1993-08-02,1995-02-01,Closed,4.0,10.0,1738485.9154058541,392,548,34637.5,524.5888703174666,1179.5857489963591,32933.325380686176,0.02042035750411042,0.0009402542026154742,0.01948010330149495,0.026624870957834525,-0.00045824468821220203,11,7
6J-0005,6J,FX,Long,1993-09-01,1993-10-01,Closed,1.0,1.0,1768005.2833304321,22,30,-624.9999999999864,18.827467050977972,19.43297551934213,-663.2604425703064,-0.0003559531442375401,2.191804280979961e-05,-0.0003778711870473397,0.0007952368874435182,-0.0008767353137876059,0,1
CC-0008,CC,Agriculture & livestock,Long,1993-10-01,1993-11-01,Closed,6.0,6.0,1708594.3327167672,21,31,-5880.0,141.880472806154,0.0,-6021.880472806154,-0.0034243971289304766,8.21285933576901e-05,-0.003506525722288167,2.9084072962249735e-05,-0.003506525722288167,0,0
CC-0009,CC,Agriculture & livestock,Short,1993-11-01,1993-12-01,Closed,6.0,6.0,1746595.549624293,22,30,-9060.0,142.71125801150822,143.15853906291005,-9345.869797074418,-0.00502677432746032,0.00016032828061398807,-0.005187102608074309,0.0013804083426894698,-0.005187102608074309,0,1
KC-0004,KC,Agriculture & livestock,Long,1993-11-01,1993-12-01,Closed,1.0,1.0,1746595.549624293,22,30,-656.2500000000002,37.00103263666881,36.96413212633172,-730.2151647630008,-0.00038062880500850716,4.1369568100266356e-05,-0.00042199837310877335,0.0002719004993084842,-0.0010019452544385715,0,1
ZC-0003,ZC,Agriculture & livestock,Long,1993-11-01,1994-07-01,Closed,4.0,7.0,1746595.549624293,174,242,-10725.0,188.92129214744025,542.0960494019849,-11456.017341549426,-0.005798700444206442,0.0004069654485117261,-0.0062056658927181685,0.004805482749240997,-0.0066148367895178944,3,4
6B-0010,6B,FX,Short,1993-12-01,1994-02-01,Closed,2.0,2.0,1806029.0975729348,44,62,-3350.0000000000205,38.98792258022129,42.11164757575271,-3431.0995701559946,-0.0018127727821010933,4.387639244789201e-05,-0.001856649174548985,0.0,-0.0025356843333863223,0,1
CC-0010,CC,Agriculture & livestock,Long,1993-12-01,1994-01-03,Closed,5.0,5.0,1806029.0975729348,23,33,-6700.0,118.93039539734848,0.0,-6818.930395397349,-0.0036024492012565576,6.422464263225317e-05,-0.0036666738438888105,0.0004302254899009955,-0.004188018710461088,0,0
KC-0005,KC,Agriculture & livestock,Short,1993-12-01,1994-03-01,Closed,1.0,3.0,1806029.0975729348,64,90,-168.7500000000382,112.8564953008775,113.28924115246085,-394.89573645337657,-3.0444886053186763e-05,0.00012186176003715747,-0.00015230664609034437,0.001765879479346987,-0.001466360264862726,1,1
PL-0007,PL,Metals,Short,1993-12-01,1994-01-03,Closed,3.0,3.0,1806029.0975729348,23,33,-3405.0000000000073,52.22451300033052,52.29243051559689,-3509.516943515935,-0.0018262544651030368,5.576323479677418e-05,-0.001882017699899811,0.0,-0.001882017699899811,0,1
CC-0011,CC,Agriculture & livestock,Short,1994-01-03,1994-02-01,Closed,3.0,3.0,1899698.2162932532,21,29,3300.0,70.92926840479458,0.0,3229.0707315952054,0.001747544318742994,3.731307870122178e-05,0.0017102312400417718,0.0017287196170968668,-0.00020439431506434744,0,0
HE-0005,HE,Agriculture & livestock,Short,1994-01-03,1994-02-01,Closed,6.0,6.0,1899698.2162932532,21,29,-16739.999999999985,148.25959163161457,0.0,-16888.2595916316,-0.008874843805906949,7.799348293240856e-05,-0.008952837288839359,0.0,-0.008977265713382471,0,0
LE-0005,LE,Agriculture & livestock,Short,1994-01-03,1995-10-02,Closed,8.0,9.0,1899698.2162932532,455,637,25500.000000000007,407.49705567662784,1142.7409423871195,23949.76200193626,0.014512993684260875,0.0008365585203738204,0.013676435163887075,0.01784551078783855,-0.00415620119004373,11,10
NKD-0003,NKD,Equity indices,Long,1994-01-03,1994-02-01,Closed,1.0,1.0,1899698.2162932532,21,29,16200.0,51.75606569472892,0.0,16148.243934305272,0.00862113326336113,2.722733411286834e-05,0.00859390592924826,0.00898814225492726,-1.4134865505313773e-05,0,0
PL-0008,PL,Metals,Long,1994-01-03,1994-07-01,Closed,7.0,7.0,1899698.2162932532,129,179,2305.0000000000023,118.86465266611235,119.32478569771467,2066.8105616361754,0.0013059565647453905,0.00013034309333821392,0.001175613471407177,0.0027611476369021,-0.0035685478774049734,2,2
SNK-0006,SNK,Equity indices,Long,1994-01-04,1994-02-01,Closed,1.0,1.0,1891152.1035897108,20,28,14110.7,43.34136185575573,0.0,14067.358638144246,0.007480194621087887,2.2851136399126357e-05,0.007457343484688761,0.00746881568767644,-1.1378933411447807e-05,0,0
CC-0012,CC,Agriculture & livestock,Long,1994-02-01,1994-09-01,Closed,6.0,6.0,1902168.9227018077,152,212,15910.0,164.68209768763666,332.48206428749364,15412.83583802487,0.008861828457991541,0.0002731114508679821,0.008588717007123558,0.010058031069507386,-0.0007753614637002729,3,4
6S-0005,6S,FX,Long,1994-03-01,1994-04-01,Closed,1.0,1.0,1832952.7216078558,23,31,712.500000000005,18.56696562630384,18.960881107619734,674.9721532660815,0.00038680614509012997,2.0717811617662534e-05,0.0003660883334724675,0.0009270507879496426,-0.00020198369424910605,0,1
HE-0006,HE,Agriculture & livestock,Short,1994-03-01,1995-09-01,Closed,4.0,7.0,1832952.7216078558,393,549,26879.999999999996,288.6874496580994,864.8134863863419,25726.499063955554,0.0154703228757016,0.0006259603950215352,0.01484436248068006,0.02770508754488366,-2.6691032702036204e-05,9,11
KC-0006,KC,Agriculture & livestock,Long,1994-03-01,1994-06-01,Closed,3.0,3.0,1832952.7216078558,66,92,38193.749999999985,112.9324348217506,112.43349861466356,37968.38406656357,0.021661196180890976,0.00012671552121237253,0.021534480659678598,0.028118124686024766,-0.0003408935872870812,1,1
NKD-0004,NKD,Equity indices,Long,1994-03-01,1994-04-04,Closed,1.0,1.0,1832952.7216078558,24,34,-4400.0,51.34017648753088,48.69335104766894,-4500.0335275352,-0.0023938866146146244,5.5260339510938903e-05,-0.0024491469541255634,0.0017916638394231753,-0.00249001689620233,0,1
SNK-0007,SNK,Equity indices,Long,1994-03-01,1994-04-01,Closed,1.0,1.0,1832952.7216078558,23,31,-4535.254999999999,45.601239054727124,44.991362265928,-4625.847601320655,-0.002482462776097797,4.9969738985026027e-05,-0.0025324325150828234,0.0012595817616427286,-0.003124503540778288,0,1
ZT-0004,ZT,Government bonds,Long,1994-03-01,1994-04-01,Closed,3.0,3.0,1832952.7216078558,23,31,-5437.5,104.21437170740992,0.0,-5541.71437170741,-0.0030088241456351,5.752508086632794e-05,-0.0030663492265014278,0.0,-0.0030663492265014278,0,0
6B-0011,6B,FX,Short,1994-04-01,1994-05-02,Closed,3.0,3.0,1799304.0923009405,21,31,-8175.000000000016,61.525391503618565,0.0,-8236.525391503636,-0.004732221468988015,3.450303153111197e-05,-0.004766724500519128,0.0010970255587712595,-0.005194445201163783,0,0
SNK-0008,SNK,Equity indices,Short,1994-04-01,1994-06-01,Closed,1.0,1.0,1799304.0923009405,43,61,-7890.52,45.829316002551664,0.0,-7936.349316002552,-0.0044071094879555755,2.536472476219928e-05,-0.0044324742127177744,0.0006940423749974146,-0.0044324742127177744,0,0
ZB-0004,ZB,Government bonds,Short,1994-04-01,1995-04-03,Closed,2.0,4.0,1799304.0923009405,261,367,-4408.003000000007,276.566072699692,498.9147219894919,-5183.483794689191,-0.0017867272654630982,0.00041756511248252834,-0.0022042923779456262,0.00845633198281344,-0.002494984181779304,5,4
ZF-0004,ZF,Government bonds,Short,1994-04-01,1995-04-03,Closed,5.0,7.0,1799304.0923009405,261,367,-1500.0039999999954,240.58844829519384,392.1659298102045,-2132.7583781053936,-1.065614550780085e-05,0.00034039004341307347,-0.0003510461889208765,0.011657323265678206,-0.0015848672740243893,6,4
ZN-0003,ZN,Government bonds,Short,1994-04-01,1995-04-03,Closed,3.0,5.0,1799304.0923009405,261,367,-9374.7,260.67845532447393,424.52916636993274,-10059.907621694409,-0.0043639782539221,0.000368118739440217,-0.004732096993362317,0.007922058603786104,-0.005770112127387894,8,4
ZT-0005,ZT,Government bonds,Short,1994-04-01,1995-04-03,Closed,6.0,7.0,1799304.0923009405,261,367,9718.699999999953,467.38384357441794,575.2807908120661,8676.035365613468,0.005743318555203621,0.0005651435096079815,0.0051781750455956385,0.012481189062594598,-0.0008426358944054537,6,4
NKD-0005,NKD,Equity indices,Short,1994-04-04,1994-06-01,Closed,1.0,1.0,1790116.0416936267,42,58,-8475.0,51.871749263814685,0.0,-8526.871749263815,-0.004691014565038693,2.8788645041161235e-05,-0.004719803210079854,0.0,-0.004719803210079854,0,0
GF-0004,GF,Agriculture & livestock,Long,1994-05-02,1994-06-01,Closed,5.0,5.0,1767920.360566476,22,30,-6875.0,151.16633763259762,152.92321400777664,-7179.089551640374,-0.003876925303815663,0.00016869210888456019,-0.004045617412700224,0.0,-0.005790102112206662,0,1
HG-0008,HG,Metals,Long,1994-05-02,1996-01-02,Closed,3.0,5.0,1767920.360566476,436,610,28787.499999999985,220.78693452166686,736.742818640543,27829.970246837776,0.016010857475778763,0.0005066917195786932,0.015504165756200073,0.025040074085769377,-0.0002562313287699456,6,8
NG-0003,NG,Energy,Short,1994-05-02,1994-07-01,Closed,2.0,2.0,1767920.360566476,44,60,-500.00000000004195,46.988439747389464,94.61843045120281,-641.6068701986342,-0.0003022197037000563,7.872940117041198e-05,-0.00038094910487046854,0.0028183624745390296,-0.000923043840991669,0,2
GF-0005,GF,Agriculture & livestock,Short,1994-06-01,1994-08-01,Closed,1.0,1.0,1814523.6205524881,43,61,-3837.5000000000055,29.939207987184766,0.0,-3867.43920798719,-0.002161176628377833,1.673187183005883e-05,-0.0021779085002078917,8.465881456269877e-05,-0.0021779085002078917,0,0
HO-0008,HO,Energy,Long,1994-06-01,1995-04-03,Closed,2.0,6.0,1814523.6205524881,218,306,-14834.40000000001,88.311723835529,565.078296333969,-15487.79002016951,-0.00801685169564713,0.00035126626014727545,-0.008368117955794407,0.0018392288964339768,-0.009602152318261815,4,10
NKD-0006,NKD,Equity indices,Long,1994-06-01,1994-07-01,Closed,1.0,1.0,1814523.6205524881,22,30,-2775.0,50.748196678977735,49.52627553011774,-2875.2744722090956,-0.001524129185656409,5.5926496849576075e-05,-0.0015800556825059852,0.0014282425161166214,-0.002879511970918182,0,1
SNK-0009,SNK,Equity indices,Long,1994-06-01,1994-07-01,Closed,1.0,1.0,1814523.6205524881,22,30,-3115.455000000001,46.806709408966626,45.45679325606315,-3207.7185026650304,-0.0017175346462791224,5.1462916843219004e-05,-0.001768997563122341,0.0012880516711813084,-0.0025631629406495686,0,1
ZW-0007,ZW,Agriculture & livestock,Long,1994-06-01,1994-08-01,Closed,1.0,1.0,1814523.6205524881,43,61,-375.0,27.39448667859495,27.124658648820475,-429.5191453274154,-0.00020218144766750708,3.0627150961006354e-05,-0.0002328085986285134,0.00033457230429456307,-0.0007056678877528542,0,1
CL-0014,CL,Energy,Long,1994-07-01,1995-07-05,Closed,2.0,6.0,1776142.9258431674,263,369,-4760.000000000038,162.55345373521237,1377.2423139733394,-6299.79576770859,-0.0027849402543905434,0.0008259942032304983,-0.0036109344576210384,0.0044363573003125475,-0.009174006811515254,5,12
GC-0007,GC,Metals,Short,1994-07-01,1994-09-01,Closed,3.0,5.0,1776142.9258431674,44,62,580.0000000000409,120.53272890922288,71.55821134633737,387.90905974448066,0.0003047496715872028,0.00010888563805639838,0.0001958640335308049,0.003029233795311276,-2.026261467641121e-05,1,1
PL-0009,PL,Metals,Short,1994-07-01,1994-08-01,Closed,4.0,4.0,1776142.9258431674,21,31,-2279.9999999999955,68.31058831692275,0.0,-2348.3105883169183,-0.0012865045935303654,3.858695861735839e-05,-0.001325091552147724,0.0012698398499236935,-0.0016896215592568909,0,0
SB-0006,SB,Agriculture & livestock,Long,1994-07-01,1997-04-01,Closed,1.0,12.0,1776142.9258431674,717,1005,50265.59999999994,756.7657397874428,1549.7279360893385,47959.10632412316,0.026319688622708934,0.0011043994124773783,0.02521528921023154,0.03035130432704974,-0.0006885093641767344,17,10
SNK-0010,SNK,Equity indices,Short,1994-07-01,1994-09-01,Closed,1.0,1.0,1776142.9258431674,44,62,-194.88999999999996,47.569172939979445,0.0,-242.4591729399794,-0.00010417000711051012,2.6966683905740456e-05,-0.00013113669101625085,0.001187010299397407,-0.001018985674442885,0,0
ZC-0004,ZC,Agriculture & livestock,Short,1994-07-01,1994-09-01,Closed,2.0,4.0,1776142.9258431674,44,62,2000.0,107.92135516979982,108.5837028391982,1783.494941991002,0.0011280648856090475,0.00012316276524893416,0.0010049021203601132,0.0016666218718151327,-1.5176761430731509e-05,1,1
ZS-0008,ZS,Agriculture & livestock,Short,1994-07-01,1995-10-02,Closed,1.0,5.0,1776142.9258431674,326,458,-2825.0,245.19923183088798,603.1957260839743,-3673.394957914862,-0.001369757729333694,0.0004555904564953297,-0.0018253481858290259,0.005033923667550874,-0.0052598183212789265,7,9
BRN-0014,BRN,Energy,Long,1994-08-01,1994-10-03,Closed,5.0,5.0,1764832.6657383288,45,63,-8900.000000000011,117.48847558534574,235.5431131062079,-9253.031588691565,-0.005070964095424035,0.00019789520488552265,-0.005268859300309557,0.0,-0.008835666433487713,0,2
GAS-0006,GAS,Energy,Short,1994-08-01,1995-12-01,Closed,4.0,12.0,1764832.6657383288,349,487,11800.0,875.9554052043584,5458.554419671666,5465.490175123975,0.006449058618800491,0.00337600421614337,0.003073054402657124,0.01412735475536417,-0.0005988021494265569,9,16
GF-0006,GF,Agriculture & livestock,Long,1994-08-01,1994-09-01,Closed,3.0,3.0,1764832.6657383288,23,31,-4875.000000000001,93.38039722191266,95.04242548557396,-5063.422822707488,-0.0027748547182402765,0.00010739696768605416,-0.0028822516859263307,0.0012301432412923758,-0.0037309622628050724,0,1
NG-0004,NG,Energy,Short,1994-08-01,1995-12-01,Closed,3.0,7.0,1764832.6657383288,349,487,31860.00000000004,210.41437195007973,1538.5690144111154,30111.016613638847,0.017804378751819946,0.0009311698807484875,0.01687320887107145,0.03192772292527394,-2.0035578537919527e-05,7,16
NKD-0007,NKD,Equity indices,Short,1994-08-01,1994-09-01,Closed,1.0,1.0,1764832.6657383288,23,31,-975.0,50.54980929265069,0.0,-1025.5498092926507,-0.0005440040455632864,2.8744812560671578e-05,-0.0005727488581239577,0.0002806256158684251,-0.0011641606562828,0,0
ZM-0006,ZM,Agriculture & livestock,Short,1994-08-01,1995-10-02,Closed,1.0,11.0,1764832.6657383288,305,427,3290.00000000001,424.24626360700455,1742.1840814874256,1123.56965490558,0.0019698910893005237,0.0011498985083520858,0.00081999258094844,0.012563941596507595,-0.004542600342308311,6,10
ZW-0008,ZW,Agriculture & livestock,Short,1994-08-01,1994-09-01,Closed,6.0,6.0,1764832.6657383288,23,31,-10275.0,165.63230933176362,166.20198087906888,-10606.834290210832,-0.005841892031940835,0.0001889161761576515,-0.006030808208098487,0.0,-0.006030808208098487,0,1
CC-0013,CC,Agriculture & livestock,Short,1994-09-01,1994-11-01,Closed,5.0,7.0,1751698.960904304,43,61,3010.0,167.22747856408287,0.0,2842.772521435917,0.00169913037638368,9.281714316885134e-05,0.0016063132332148284,0.004182291159106356,-0.0002583361362971751,1,0
GF-0007,GF,Agriculture & livestock,Short,1994-09-01,1994-11-01,Closed,4.0,6.0,1751698.960904304,43,61,4399.999999999978,191.9561607984071,333.88318858333867,3874.1606506182325,0.002509253498467513,0.0002885257986408827,0.00222072769982663,0.004863006801164559,-0.00015040661266945348,1,2
ZL-0007,ZL,Agriculture & livestock,Long,1994-09-01,1995-12-01,Closed,8.0,12.0,1751698.960904304,326,456,11603.99999999999,335.4414641650999,1272.7830060069214,9995.77552982797,0.006448948570548122,0.0008505045719457914,0.005598443998602325,0.015578318836761633,-0.0019667520203358706,8,10
ZW-0009,ZW,Agriculture & livestock,Long,1994-09-01,1994-12-01,Closed,2.0,3.0,1751698.960904304,65,91,-2587.5,82.28829940039732,81.79136040353349,-2751.5796598039306,-0.0013401748390163878,8.717367148364135e-05,-0.0014273485105000291,0.0021627344056509455,-0.002031984270708267,1,1
BRN-0015,BRN,Energy,Short,1994-10-03,1994-11-01,Closed,4.0,4.0,1813627.5126477578,21,29,-1000.0,94.20994220745058,94.02147016250554,-1188.2314123699562,-0.0005054371527743075,0.00010253361201460352,-0.0006079707647889109,0.0027275249639223684,-0.0006079707647889109,0,1
KC-0007,KC,Agriculture & livestock,Long,1994-10-03,1994-12-01,Closed,1.0,1.0,1813627.5126477578,43,59,-19856.250000000015,37.84045704548568,37.97376043040284,-19932.0642174759,-0.01057717417528416,4.023313673756304e-05,-0.010617407312021725,0.0011141948035237232,-0.010782977542125038,0,1
NKD-0008,NKD,Equity indices,Short,1994-10-03,1994-11-01,Closed,1.0,1.0,1813627.5126477578,21,29,-1150.0,54.92604727002664,0.0,-1204.9260472700266,-0.0006276268480042183,3.0086803297778288e-05,-0.0006577136513019966,0.0004261632076808041,-0.0012467696421898534,0,0
SNK-0011,SNK,Equity indices,Short,1994-10-03,1994-11-01,Closed,1.0,1.0,1813627.5126477578,21,29,-1290.4024999999997,48.69002277573969,0.0,-1339.0925227757393,-0.000713802715612245,2.66744295282262e-05,-0.0007404771451404712,0.00016779663700362262,-0.001396633591363304,0,0
BRN-0016,BRN,Energy,Long,1994-11-01,1997-09-01,Closed,8.0,15.0,1836436.8437584091,739,1035,81730.0,537.8779028294451,4618.603469205572,76573.51862796498,0.04070455255394803,0.002509874283249439,0.03819467827069857,0.04469224466032848,-0.00373293951239006,14,34
CC-0014,CC,Agriculture & livestock,Long,1994-11-01,1994-12-01,Closed,3.0,3.0,1836436.8437584091,22,30,-3630.0,71.47802520212366,72.76159302194965,-3774.239618224073,-0.0019196278918350146,7.653806892227711e-05,-0.0019961659607572917,0.00025417932878739254,-0.002071185738535726,0,1
GC-0008,GC,Metals,Short,1994-11-01,1996-02-01,Closed,10.0,17.0,1836436.8437584091,327,457,6440.000000000164,559.827460556194,1543.9304549129472,4336.242084531023,0.004045805257259042,0.0010960032430667136,0.0029498020141923292,0.011190912628093092,-0.0009829833523632438,7,7
GF-0008,GF,Agriculture & livestock,Long,1994-11-01,1994-12-01,Closed,8.0,8.0,1836436.8437584091,22,30,-6000.0,265.530740011886,282.75301414223514,-6548.283754154121,-0.003176761063855397,0.00029085421729536655,-0.003467615281150763,0.0010022145390055372,-0.005061157735705545,0,1
NKD-0009,NKD,Equity indices,Long,1994-11-01,1995-02-01,Closed,3.0,3.0,1836436.8437584091,66,92,-17600.0,167.2433913221264,99.2012408618016,-17866.444632183928,-0.009175476971770583,0.00014061445436420707,-0.009316091426134791,0.0,-0.013706361961772748,1,1
SNK-0012,SNK,Equity indices,Long,1994-11-01,1995-02-01,Closed,3.0,3.0,1836436.8437584091,66,92,-18502.790000000008,146.52482601777032,95.14023737982428,-18744.4550633976,-0.009670341620363503,0.00012743702523967162,-0.009797778645603172,0.0,-0.015306206792062627,1,1
CC-0015,CC,Agriculture & livestock,Short,1994-12-01,1995-02-01,Closed,5.0,5.0,1924363.1531252007,44,62,-6450.0,119.57718251723705,0.0,-6569.577182517237,-0.0033503279143877484,6.22993688596117e-05,-0.0034126272832473606,0.0003393834275493005,-0.003925699813825444,0,0
GF-0009,GF,Agriculture & livestock,Short,1994-12-01,1996-09-03,Closed,5.0,10.0,1924363.1531252007,458,642,39675.000000000065,505.652971815285,2634.5585092648134,36534.78851891997,0.01967386033428086,0.001580843835026949,0.018093016499253912,0.02732094955720666,-0.004820098549494195,10,13
SI-0005,SI,Metals,Short,1994-12-01,1995-12-01,Closed,4.0,5.0,1924363.1531252007,261,365,2494.999999999993,370.2059520031871,695.0522284698,1429.741819527006,0.0012915117241526688,0.000556487334744404,0.0007350243894082661,0.006293619022460937,-0.005769626276407243,4,5
YAP-0010,YAP,Equity indices,Short,1994-12-01,1995-01-03,Closed,1.0,1.0,1924363.1531252007,23,33,-243.77000000000015,37.77243782444336,38.066122511338286,-319.60856033578176,-0.00013247886487843905,3.917321839389831e-05,-0.00017165208327233727,0.0006711364444237748,-0.0005311651303695695,0,1
ZC-0005,ZC,Agriculture & livestock,Short,1994-12-01,1995-07-03,Closed,3.0,6.0,1924363.1531252007,152,214,-8887.5,270.07261872984907,243.19898521634389,-9400.771603946194,-0.00468274226995913,0.0002710531546895337,-0.004953795424648664,0.0,-0.005809428652910734,5,3
ZW-0010,ZW,Agriculture & livestock,Short,1994-12-01,1995-07-03,Closed,5.0,7.0,1924363.1531252007,152,214,-6887.5,192.33155761260002,468.5458155766212,-7548.377373189221,-0.0038460015141591987,0.00034830297792786666,-0.004194304492087066,0.008049707221987704,-0.0060287695718175115,2,3
CC-0016,CC,Agriculture & livestock,Long,1995-02-01,1995-04-03,Closed,1.0,6.0,1914476.8370144372,43,61,-6850.0,143.72830109282523,23.509903971544016,-7017.238205064369,-0.003556068828599971,8.814229191077074e-05,-0.003644211120510742,0.00047840653425533476,-0.003644211120510742,1,1
NKD-0010,NKD,Equity indices,Short,1995-02-01,1995-03-01,Closed,1.0,1.0,1914476.8370144372,20,28,9550.0,52.05511189893784,0.0,9497.944888101063,0.004997016030493108,2.722275080098567e-05,0.004969793279692122,0.004982323775707118,-1.4692254785989887e-05,0,0
6B-0012,6B,FX,Long,1995-03-01,1995-08-01,Closed,1.0,1.0,1909511.8340894938,109,153,1449.9999999999936,19.15137731582431,40.00362009319061,1390.8450025909788,0.000778687687336267,3.1128806278784336e-05,0.0007475588810574829,0.001885253407801478,-0.0008431699703174002,0,2
KE-0005,KE,Agriculture & livestock,Long,1995-03-01,1995-04-03,Closed,2.0,2.0,1909511.8340894938,23,33,-225.0,55.013601341359816,0.0,-280.01360134135984,-0.00012197682187092212,2.9056577987044393e-05,-0.0001510333998579665,0.0003752994153307839,-0.0001510333998579665,0,0
LLG-0006,LLG,Government bonds,Short,1995-03-01,1995-05-01,Closed,2.0,2.0,1909511.8340894938,43,61,-2759.510000000004,68.23789843132539,0.0,-2827.7478984313293,-0.0014857625740354846,3.615117726824006e-05,-0.0015219137513037236,0.0034988867971628857,-0.0021421155405490326,1,0
PL-0010,PL,Metals,Short,1995-03-01,1995-04-03,Closed,9.0,9.0,1909511.8340894938,23,33,-17820.00000000001,154.87797265950047,156.07132290590175,-18130.949295565413,-0.00926827083228233,0.00016476360621323717,-0.009433034438495568,0.0,-0.009433034438495568,0,1
CC-0017,CC,Agriculture & livestock,Short,1995-04-03,1995-12-01,Closed,5.0,12.0,1877554.980923079,174,242,6850.0,620.9348936990492,904.7774687649958,5324.287637535956,0.0035960900648757763,0.0008075171837162302,0.0027885728811595473,0.003920060516752498,-0.002807940466772539,6,4
HO-0009,HO,Energy,Short,1995-04-03,1995-12-01,Closed,4.0,11.0,1877554.980923079,174,242,-4246.199999999952,178.99389327816294,798.8973208562982,-5224.091214134413,-0.002422809910735392,0.000514652613438976,-0.00293746252417437,0.004170996431433714,-0.007721993253664399,5,8
PL-0011,PL,Metals,Long,1995-04-03,1995-08-01,Closed,1.0,7.0,1877554.980923079,86,120,-5039.999999999986,125.33259234178931,33.075714285714284,-5198.408306627491,-0.0027217669498948147,8.43477972176271e-05,-0.002806114747112442,0.0013794634125417304,-0.002806114747112442,2,1
YAP-0011,YAP,Equity indices,Short,1995-04-03,1995-05-01,Closed,1.0,1.0,1877554.980923079,20,28,-2425.1274999999996,37.03886602008656,0.0,-2462.166366020086,-0.0013109705656558894,1.984133181186097e-05,-0.00133081189746775,0.0,-0.0013500887111021148,0,0
ZN-0004,ZN,Government bonds,Long,1995-04-03,1995-06-01,Closed,1.0,1.0,1877554.980923079,43,59,5734.400000000004,32.56338816470175,32.179215655967404,5669.657396179335,0.00308235348414781,3.429952204546936e-05,0.0030480539621023407,0.0030565110868147056,-8.829755907658722e-06,0,1
ZT-0006,ZT,Government bonds,Long,1995-04-03,1995-09-01,Closed,4.0,6.0,1877554.980923079,109,151,22953.13999999999,302.8151482337417,281.92017583868204,22368.404675927566,0.012325229117839122,0.00031058091459012366,0.012014648203248999,0.013199034113087397,-5.0727767672324306e-05,3,2
6C-0003,6C,FX,Long,1995-05-01,1996-03-01,Closed,4.0,10.0,1856415.7355033185,219,305,4659.999999999962,251.31058211807365,494.5373280592455,3914.1520898226427,0.002532922094922986,0.00038252865444310017,0.002150393440479886,0.008839967857735127,-0.0029855270239085344,6,3
LLG-0007,LLG,Government bonds,Long,1995-05-01,1996-01-02,Closed,1.0,2.0,1856415.7355033185,176,246,19880.107999999997,66.81395811636372,133.37730367342374,19679.91673821021,0.010475550295069552,0.00010426739440465291,0.0103712829006649,0.010769820531181222,-4.238550697232394e-05,2,3
NKD-0011,NKD,Equity indices,Short,1995-05-01,1995-06-01,Closed,1.0,1.0,1856415.7355033185,23,31,5875.0,51.26075778498838,0.0,5823.7392422150115,0.003133703094562879,2.7372768024185754e-05,0.003106330326538693,0.0037077673909609327,-0.0011747787839062863,0,0
SNK-0013,SNK,Equity indices,Short,1995-05-01,1995-06-01,Closed,1.0,1.0,1856415.7355033185,23,31,6771.682500000001,54.424350640382045,0.0,6717.258149359619,0.003613523032699499,2.906156643085932e-05,0.0035844614662686397,0.0042540894917618855,-0.000971762683355044,0,0
YAP-0012,YAP,Equity indices,Long,1995-05-01,1995-06-01,Closed,4.0,4.0,1856415.7355033185,23,31,-2112.7000000000007,148.63706291816072,0.0,-2261.3370629181613,-0.0010975225678989133,7.936198969528639e-05,-0.0011768845575941995,0.0012425024029708146,-0.002231863480736783,0,0
KC-0008,KC,Agriculture & livestock,Short,1995-06-01,1995-09-01,Closed,1.0,1.0,1890126.5528898838,66,92,3749.9999999999995,37.42038435426517,76.26707757200025,3636.3125380737342,0.001933431989418978,6.058113507406388e-05,0.0018728508543449133,0.007472755644275011,-0.00019840122361725336,0,2
KE-0006,KE,Agriculture & livestock,Long,1995-06-01,1997-02-03,Closed,1.0,8.0,1890126.5528898838,437,613,61337.5,362.0020975474537,680.720950876615,60294.77695157593,0.029219247801219924,0.0004862299520810621,0.028733017849138856,0.03927608758272153,-4.0240518876329145e-05,9,8
YAP-0013,YAP,Equity indices,Short,1995-06-01,1995-07-03,Closed,2.0,2.0,1890126.5528898838,22,32,1984.145,72.89471625985732,70.80648348204384,1840.4438002580987,0.0010500398944169953,7.591870468009462e-05,0.0009741211897369008,0.001311445433131697,-0.00016520865755257705,0,1
NKD-0012,NKD,Equity indices,Short,1995-07-03,1995-12-01,Closed,1.0,1.0,1899615.2014312616,109,151,-21475.0,50.03446430663875,47.5824393136669,-21572.616903620306,-0.011336137018178215,5.128376438842747e-05,-0.011387420782566644,0.0,-0.011387420782566644,0,1
YAP-0014,YAP,Equity indices,Long,1995-07-03,1996-01-02,Closed,2.0,3.0,1899615.2014312616,131,183,8233.119999999997,150.50627789985606,187.13878194366862,7895.474940156472,0.004263560777843702,0.00017138440525041304,0.004092176372593291,0.00420167282004019,-1.906682177058175e-05,3,2
ZC-0006,ZC,Agriculture & livestock,Long,1995-07-03,1997-04-01,Closed,6.0,11.0,1899615.2014312616,456,638,77537.5,595.4070481747802,1332.5064600606365,75609.58649176458,0.03674784068858771,0.0008806558087548137,0.035867184879832925,0.04187488715269721,-0.0015178471615605537,9,8
ZN-0005,ZN,Government bonds,Long,1995-07-03,1995-09-01,Closed,1.0,1.0,1899615.2014312616,44,60,156.30000000000257,32.322324993001054,32.288875798050384,91.68879920895114,7.970275546635393e-05,3.4409630666180556e-05,4.529312480017311e-05,0.0006154714139084538,-0.0011564087192848787,0,1
ZW-0011,ZW,Agriculture & livestock,Long,1995-07-03,1996-11-01,Closed,3.0,6.0,1899615.2014312616,349,487,13600.0,245.85152298339025,469.8675933987504,12884.28088361786,0.007618759986400913,0.0003405567285110889,0.0072782032578898245,0.0222319085689016,-0.0015613152156097637,6,6
RS-0007,RS,Agriculture & livestock,Long,1995-07-04,1995-12-01,Closed,4.0,11.0,1902726.0461063988,108,150,2248.9215999999965,125.32287637884168,120.58262897946074,2003.0160946416943,0.0011668837349567758,0.00012767453460956767,0.0010392092003472086,0.00191043976272432,-0.0007546656604021605,2,1
CL-0015,CL,Energy,Short,1995-07-05,1995-08-01,Closed,3.0,3.0,1903576.1098951807,19,27,-2369.9999999999764,70.01054338875701,69.6825290528435,-2509.693072441577,-0.0012659344589345842,7.452708417823216e-05,-0.0013404615431128165,0.00017170623011222884,-0.0013404615431128165,0,1
6A-0001,6A,FX,Long,1995-08-01,1995-09-01,Closed,5.0,5.0,1854251.8412448992,23,31,5200.00000000001,129.85271294292093,0.0,5070.147287057089,0.002812862460240334,6.986627317846582e-05,0.0027429961870618683,0.0034721763403770057,-0.002333040944678101,0,0
CL-0016,CL,Energy,Long,1995-08-01,1997-09-02,Closed,6.0,12.0,1854251.8412448992,545,763,77019.99999999997,372.44201871914913,2530.4731810234607,74117.08480025736,0.03780181103285938,0.0013765076441709986,0.036425303388688414,0.042663495514959064,-0.001753752720384513,10,25
PL-0012,PL,Metals,Short,1995-08-01,1996-02-01,Closed,11.0,11.0,1854251.8412448992,132,184,6295.000000000015,195.6502636565507,328.6335181668974,5770.716218176566,0.0031212460011649933,0.0002672769327198836,0.002853969068445112,0.004550539052105796,-0.006552119851865658,2,2
6B-0013,6B,FX,Short,1995-09-01,1995-10-02,Closed,4.0,4.0,1863266.2141319187,21,31,-8350.000000000024,88.64938248251622,93.16444305498524,-8531.813825537525,-0.00431680842517622,9.627403637044438e-05,-0.004413082461546665,0.0013102719935140965,-0.0054730085581930115,0,1
6J-0006,6J,FX,Short,1995-09-01,1998-11-02,Closed,2.0,3.0,1863266.2141319187,826,1158,91162.50000000003,209.83099841008556,615.082015809238,90337.5869857807,0.041255228401344296,0.00032008712765606756,0.040935141273688205,0.05198203077928988,-1.0854409090151014e-05,16,13
HE-0007,HE,Agriculture & livestock,Long,1995-09-01,1997-10-01,Closed,7.0,7.0,1863266.2141319187,543,761,36740.0,342.4281034499526,1392.8643775737867,35004.70751897626,0.017922524063032293,0.0007554006741178574,0.017167123388914435,0.02394001691410072,-0.0031531346207785333,9,14
6A-0002,6A,FX,Long,1995-10-02,1995-12-01,Closed,6.0,6.0,1916498.544910487,44,60,-12599.999999999975,144.50391505403587,0.0,-12744.50391505401,-0.006427949015159724,7.464500840314545e-05,-0.006502594023562868,0.001544219886941263,-0.008046814339747247,0,0
6B-0014,6B,FX,Long,1995-10-02,1995-11-01,Closed,1.0,1.0,1916498.544910487,22,30,-562.5000000000074,22.868784304300988,0.0,-585.3687843043084,-0.0002938073019131773,1.1845680548505488e-05,-0.0003056529824616826,0.0,-0.0006568200096110156,0,0
LE-0006,LE,Agriculture & livestock,Long,1995-10-02,1996-01-02,Closed,9.0,9.0,1916498.544910487,66,92,-2069.99999999996,219.2030612636572,452.097023252662,-2741.300084516279,-0.000791230827471491,0.0003423580749194485,-0.00113358890239094,0.005328756144221447,-0.00113358890239094,0,2
SNK-0014,SNK,Equity indices,Short,1995-10-02,1995-11-01,Closed,1.0,1.0,1916498.544910487,22,30,1268.8375000000003,46.489964078314415,0.0,1222.347535921686,0.000679568418952974,2.4086397171853677e-05,0.0006554820217811202,0.0011102879865358185,-0.0020153470031884285,0,0
ZS-0009,ZS,Agriculture & livestock,Long,1995-10-02,1996-04-01,Closed,1.0,1.0,1916498.544910487,130,182,4725.0,27.224935434372895,81.45353865441692,4616.32152591121,0.0023688596908212583,5.2819353724285035e-05,0.0023160403370969733,0.002724350799960364,-3.9455166577826064e-05,0,3
6B-0015,6B,FX,Short,1995-11-01,1996-01-02,Closed,3.0,3.0,1944363.3781783998,44,62,5624.999999999978,65.96815733335134,42.14942886368927,5516.882413802938,0.0030222673528427107,5.367800760715041e-05,0.002968589345235561,0.004625709267714971,-0.00021216133128048649,1,1
KC-0009,KC,Agriculture & livestock,Short,1995-11-01,1995-12-01,Closed,1.0,1.0,1944363.3781783998,22,30,5699.999999999995,37.1710031323185,37.224271492793314,5625.604725374884,0.002958232527420172,3.845298565874914e-05,0.002919779541761423,0.002929243298449499,-0.0011999813789295474,0,1
GAS-0007,GAS,Energy,Long,1995-12-01,1997-09-01,Closed,14.0,14.0,1954718.9372457783,456,640,80675.0,1017.2692259394894,3838.5684022277405,75819.16237183278,0.037582756356671514,0.002133006478268204,0.03544974987840328,0.043186118077428504,-0.0001669588364235805,11,21
HO-0010,HO,Energy,Long,1995-12-01,1997-09-02,Closed,1.0,4.0,1954718.9372457783,457,641,31949.40000000001,103.82058393402924,712.0601781327485,31133.51923793323,0.01482205615141007,0.000339427048355628,0.014482629103054442,0.023832866038114534,-0.00012021826863309586,8,21
NG-0005,NG,Energy,Long,1995-12-01,1996-01-02,Closed,4.0,4.0,1954718.9372457783,22,32,61080.00000000003,94.62003891457644,94.55629731090343,60890.82366377455,0.029938736637747664,9.18259267453504e-05,0.02984691071100231,0.030018919234324575,-2.4067961140833685e-05,0,1
RS-0008,RS,Agriculture & livestock,Short,1995-12-01,1996-05-01,Closed,44.0,44.0,1954718.9372457783,108,152,-22785.032800000023,524.5275626016959,886.6572418905363,-24196.217604492256,-0.010440550513141088,0.0006677240782433029,-0.011108274591384387,0.0,-0.011108274591384387,2,2
SI-0006,SI,Metals,Long,1995-12-01,1996-01-02,Closed,1.0,1.0,1954718.9372457783,22,32,739.9999999999977,46.2756143704224,0.0,693.7243856295753,0.00033992900309185445,2.274396691677688e-05,0.00031718503617507763,0.0003279699291215151,-0.00025314176928812286,0,0
ZL-0008,ZL,Agriculture & livestock,Short,1995-12-01,1996-05-01,Closed,6.0,12.0,1954718.9372457783,108,152,-14112.00000000004,265.4178827381935,481.2486439222615,-14858.666526660494,-0.0060545101859047525,0.00033883109650682277,-0.006393341282411575,0.006056169883114554,-0.006393341282411575,3,3
6B-0016,6B,FX,Long,1996-01-02,1996-02-01,Closed,3.0,3.0,2123246.4821304544,22,30,-6899.999999999988,64.55702091358879,0.0,-6964.557020913577,-0.003329832628458487,3.04061845096685e-05,-0.0033602388129681552,0.0,-0.004670596799010038,0,0
LFT-0001,LFT,Equity indices,Long,1996-01-02,1997-10-01,Closed,4.0,5.0,2123246.4821304544,456,638,58301.51099999999,172.9089918174358,440.6480220824888,57687.95398610007,0.023583551945376393,0.0002584677643694866,0.0233250841810069,0.023329077143840103,-0.0025113865256959273,8,7
NKD-0013,NKD,Equity indices,Long,1996-01-02,1996-12-02,Closed,2.0,2.0,2123246.4821304544,239,335,8825.0,156.31566863348385,204.72187376309182,8463.962457603424,0.004289305468085469,0.00015986006865406933,0.0041294453994314,0.008723299539767918,-2.608752356155834e-05,3,3
SNK-0015,SNK,Equity indices,Long,1996-01-04,1997-01-06,Closed,2.0,2.0,2134823.140799971,262,368,-14462.804999999997,178.3858655550402,262.8728114884881,-14904.063677043525,-0.005838507795124166,0.00019354266836049097,-0.006032050463484655,0.004821109679195557,-0.006815543998424139,4,4
6B-0017,6B,FX,Short,1996-02-01,1996-09-03,Closed,3.0,4.0,2123062.5629603504,153,215,-5587.499999999981,104.3093621032153,105.48996696903546,-5797.299329072232,-0.002481725581162237,9.415239417827504e-05,-0.002575877975340512,0.0018066354607383557,-0.0027220484588609383,3,2
CC-0018,CC,Agriculture & livestock,Short,1996-02-01,1996-07-01,Closed,1.0,7.0,2123062.5629603504,107,151,-6020.0,261.8955316852997,364.5563575287738,-6646.451889214073,-0.0025889751853424015,0.00027251343277072117,-0.0028614886181131238,0.0003473113274373135,-0.003938124283249595,3,3
GC-0009,GC,Metals,Long,1996-02-01,1996-03-01,Closed,6.0,6.0,2123062.5629603504,21,29,-8100.0,144.9385444721159,0.0,-8244.938544472116,-0.0038064695323765767,6.794606246858046e-05,-0.0038744155948451566,0.001097303155293805,-0.00401005606116985,0,0
LE-0007,LE,Agriculture & livestock,Short,1996-02-01,1996-10-01,Closed,1.0,6.0,2123062.5629603504,173,243,-7349.999999999964,190.79342967429403,386.39812410576957,-7927.191553780028,-0.003075003963548193,0.0002530329560375741,-0.0033280369195857677,0.007711801556458802,-0.0033280369195857677,4,4
PL-0013,PL,Metals,Long,1996-02-01,1996-03-01,Closed,7.0,7.0,2123062.5629603504,21,29,-5984.999999999969,120.41588539818675,0.0,-6105.415885398156,-0.002808007819492486,5.644737339488707e-05,-0.0028644551928873733,0.0006484887398298513,-0.0032791029970820605,0,0
6S-0006,6S,FX,Short,1996-03-01,1998-10-01,Closed,2.0,6.0,2143164.9918754147,674,944,35500.00000000002,213.46924315230157,664.2037105529058,34622.32704629481,0.01588214401982576,0.0003231294201504006,0.015559014599675356,0.026455016728465768,-0.0030570839115087204,13,11
GC-0010,GC,Metals,Short,1996-03-01,2000-07-05,Closed,3.0,12.0,2143164.9918754147,1133,1587,108609.99999999984,1046.689854574357,3086.2185535741537,104477.09159185132,0.041018888515689425,0.0014189775785459723,0.03959991093714347,0.04145001484374668,-4.702427042501054e-05,31,22
LLG-0008,LLG,Government bonds,Long,1996-03-01,1997-06-02,Closed,2.0,3.0,2143164.9918754147,326,458,24727.4,199.97652208532722,273.5116675216748,24253.911810393,0.009964613778796724,0.00019810807667902086,0.009766505702117704,0.012248958702851035,-0.004100530169041296,7,5
PL-0014,PL,Metals,Short,1996-03-01,1996-05-01,Closed,1.0,1.0,2143164.9918754147,43,61,460.0000000000023,16.877936419163632,16.07739592114185,427.0446676596968,0.000201084752408705,1.4898558640737255e-05,0.00018618619376796773,0.00027822618240334814,-9.52771303692888e-05,0,1
SI-0007,SI,Metals,Long,1996-03-01,1996-04-01,Closed,2.0,2.0,2143164.9918754147,21,31,100.0,93.09965115146818,0.0,6.90034884853182,5.536771675277228e-05,4.275000618947465e-05,1.2617710563297686e-05,0.0007570389975745451,-0.0007192132581944488,0,0
ZN-0006,ZN,Government bonds,Long,1996-03-01,1996-05-01,Closed,1.0,1.0,2143164.9918754147,43,61,-3640.6999999999957,32.028943482951874,0.0,-3672.7289434829477,-0.0016577140160197695,1.4353547436193375e-05,-0.001672067563455963,0.00018869916823050019,-0.0019500435950799918,0,0
ZT-0007,ZT,Government bonds,Long,1996-03-01,1996-05-01,Closed,1.0,1.0,2143164.9918754147,43,61,-2781.239999999997,27.806896743747757,0.0,-2809.0468967437446,-0.0012757304947408979,1.2406078845014396e-05,-0.0012881365735859121,0.00011775679247376859,-0.0015096182521861258,0,0
6A-0003,6A,FX,Long,1996-04-01,1997-05-01,Closed,5.0,6.0,2212908.1792690023,283,395,100.0000000000079,351.888767328083,469.52305250283894,-721.411819830914,0.00020508421105983345,0.0003485677045742118,-0.00014348349351437953,0.006235327535859262,-0.002869867992482688,10,4
NG-0006,NG,Energy,Long,1996-04-01,1997-01-02,Closed,1.0,3.0,2212908.1792690023,198,276,22700.000000000044,93.42209699394618,353.8282177394793,22252.74968526662,0.00994345900727625,0.00019271312190657396,0.009750745885369675,0.015661888739217603,-0.005711538834579927,5,9
SI-0008,SI,Metals,Short,1996-04-01,1996-12-02,Closed,4.0,4.0,2212908.1792690023,175,245,20950.0,278.696744793947,557.3195625305226,20113.98369267553,0.008971926735007301,0.0003604737354140131,0.00861145299959329,0.008651087903490404,-0.0001685943093466132,2,4
YAP-0015,YAP,Equity indices,Long,1996-04-01,1996-06-03,Closed,1.0,1.0,2212908.1792690023,45,63,-487.6474999999996,38.579149502736044,0.0,-526.2266495027357,-0.0002135528430615786,1.7071100412893772e-05,-0.00023062394347447238,0.0009346740496325996,-0.00023062394347447238,0,0
ZF-0005,ZF,Government bonds,Long,1996-04-01,1996-05-01,Closed,1.0,1.0,2212908.1792690023,22,30,-937.5,20.870610850608713,0.0,-958.3706108506087,-0.0004147913616122521,9.202390679842467e-06,-0.0004239937522920945,9.335734722960867e-05,-0.0006419128111836935,0,0
HG-0009,HG,Metals,Long,1996-05-01,1996-06-03,Closed,2.0,2.0,2326930.98250362,23,33,-3475.000000000007,55.62901920353904,0.0,-3530.629019203546,-0.0014836574913141374,2.400236815192136e-05,-0.0015076598594660586,0.0010575310542116558,-0.0020150232788136604,0,0
ZL-0009,ZL,Agriculture & livestock,Long,1996-05-01,1996-06-03,Closed,1.0,1.0,2326930.98250362,23,33,-1332.0000000000036,17.606558683155747,0.0,-1349.6065586831594,-0.000573391097798891,7.596366115658208e-06,-0.0005809874639145492,4.565927875451317e-05,-0.0005809874639145492,0,0
ZS-0010,ZS,Agriculture & livestock,Long,1996-05-01,1997-01-02,Closed,1.0,3.0,2326930.98250362,176,246,-10262.5,81.56741989528122,302.1773986236149,-10646.244818518897,-0.004165296998943816,0.00016544929060652866,-0.004330746289550347,0.0028153325649701725,-0.006688909702157649,2,5
6C-0004,6C,FX,Long,1996-06-03,1996-07-01,Closed,7.0,7.0,2308513.4885574304,20,28,2100.0000000000023,154.84726485360375,171.07418134467736,1774.0785538017212,0.000905833020394488,0.0001401354113543008,0.0007656976090401872,0.0014912029395377064,-0.00012850661701321214,0,1
RS-0009,RS,Agriculture & livestock,Long,1996-06-03,1996-11-01,Closed,21.0,30.0,2308513.4885574304,109,151,-20176.899200000007,439.8852483358229,307.18748176104856,-20923.97193009688,-0.00864509932896628,0.0003271828218552624,-0.00897228215082154,0.003008258851340816,-0.00897228215082154,4,1
ZB-0005,ZB,Government bonds,Short,1996-06-03,1996-08-01,Closed,2.0,3.0,2308513.4885574304,43,59,-6375.9999999999945,166.06610260594226,0.0,-6542.066102605937,-0.002763484928102517,7.260780908644208e-05,-0.002836092737188959,0.0018127970123950966,-0.002836092737188959,1,0
ZF-0006,ZF,Government bonds,Short,1996-06-03,1996-08-01,Closed,4.0,6.0,2308513.4885574304,43,59,-5750.0,129.12925554690736,0.0,-5879.129255546907,-0.0024805035525468327,5.6463892104401207e-05,-0.0025369674446512336,0.0018074301910003543,-0.0025369674446512336,1,0
ZL-0010,ZL,Agriculture & livestock,Short,1996-06-03,1998-04-01,Closed,6.0,12.0,2308513.4885574304,477,667,14549.999999999975,437.0616173111014,2292.959400590558,11819.978982098315,0.006953754414301584,0.001054169109029118,0.005899585305272473,0.014672753351696847,-0.0018019466042869024,12,15
ZM-0007,ZM,Agriculture & livestock,Long,1996-06-03,1998-04-01,Closed,1.0,6.0,2308513.4885574304,477,667,18050.000000000007,234.7073709797693,1359.5907951145086,16455.70183390573,0.00909859917187064,0.0006161592753439276,0.00848243989652671,0.02207111156036417,-0.005263434271881069,7,15
ZN-0007,ZN,Government bonds,Short,1996-06-03,1996-08-01,Closed,3.0,5.0,2308513.4885574304,43,59,-7093.900000000005,163.01266169313914,0.0,-7256.912661693144,-0.0030691860579510725,7.12395336298094e-05,-0.0031404255915808824,0.0024488350737381,-0.0031404255915808824,1,0
ZT-0008,ZT,Government bonds,Short,1996-06-03,1996-12-02,Closed,5.0,7.0,2308513.4885574304,130,182,-17421.91000000006,240.56713195659057,426.4570701332083,-18088.934202089862,-0.007431154854403023,0.0002869486797036527,-0.007718103534106677,0.0019821639773688654,-0.007876252022499546,2,2
6C-0005,6C,FX,Short,1996-07-01,1996-11-01,Closed,14.0,15.0,2343117.1420549997,89,123,-20119.99999999991,434.2249197277939,439.5746232314244,-20993.799542959125,-0.008522671718591291,0.0003767869799916079,-0.0088994586985829,0.00401710292813714,-0.0088994586985829,3,1
CC-0019,CC,Agriculture & livestock,Long,1996-07-01,1996-08-01,Closed,9.0,9.0,2343117.1420549997,23,31,-8370.0,217.47524578893,0.0,-8587.47524578893,-0.003539281638232091,9.462473533443865e-05,-0.00363390637356653,0.0,-0.004341103658646996,0,0
CT-0007,CT,Agriculture & livestock,Short,1996-07-01,1998-07-01,Closed,3.0,10.0,2343117.1420549997,522,730,8135.000000000016,236.3431411594575,622.2591720738623,7276.397686766697,0.004852324601067706,0.00030603205574673966,0.004546292545320971,0.01787998483493714,-0.0027973044116818228,8,8
HG-0010,HG,Metals,Short,1996-07-01,1997-02-03,Closed,1.0,2.0,2343117.1420549997,155,217,-4912.500000000001,82.67655249377844,54.858516037903044,-5050.035068531683,-0.002127163473863121,5.876821817653046e-05,-0.002185931692039651,0.0011963644311674224,-0.003228630908120141,3,2
YAP-0016,YAP,Equity indices,Long,1996-07-01,1996-08-01,Closed,3.0,3.0,2343117.1420549997,23,31,-4045.3874999999994,116.56549333344472,0.0,-4161.952993333444,-0.0016169668068423198,5.070956485508195e-05,-0.0016676763716974026,0.00014958783640794121,-0.004516412725534185,0,0
6M-0001,6M,FX,Long,1996-08-01,1997-11-03,Closed,5.0,9.0,2255373.101760198,327,459,34012.49999999999,364.6996087568106,551.0615138196086,33096.73887742357,0.014028788318054096,0.00036063703418741264,0.013668151283866677,0.024046494492542612,-0.0015080300796750231,9,5
CC-0020,CC,Agriculture & livestock,Short,1996-08-01,1997-07-01,Closed,7.0,10.0,2255373.101760198,238,334,-14270.0,356.7418030689305,875.8776761883245,-15502.619479257253,-0.004882925261901055,0.0005020868218699658,-0.005385012083771019,0.009029401917332192,-0.006181519243547156,6,5
PL-0015,PL,Metals,Short,1996-08-01,1996-09-03,Closed,1.0,1.0,2255373.101760198,23,33,520.0000000000045,16.229525659067406,0.0,503.77047434093714,0.00022818113342693087,7.112227570961473e-06,0.00022106890585596938,0.00022464137741627386,-3.539756010657005e-06,0,0
YAP-0017,YAP,Equity indices,Short,1996-08-01,1996-10-01,Closed,3.0,4.0,2255373.101760198,43,61,-5113.3175,157.7022272483655,157.35897928756947,-5428.378706535935,-0.002178384917378714,0.00013337343822179896,-0.0023117583556005127,0.0,-0.0027327340740074717,1,1
ZB-0006,ZB,Government bonds,Long,1996-08-01,1996-09-03,Closed,1.0,1.0,2255373.101760198,23,33,-2343.9999999999977,55.37443916775369,55.280225876486426,-2454.654665044238,-0.0010080477697736816,4.8277520127135276e-05,-0.0010563252899008168,0.0004975059161648793,-0.001260953782651783,0,1
ZF-0007,ZF,Government bonds,Long,1996-08-01,1996-09-03,Closed,1.0,1.0,2255373.101760198,23,33,-1140.6259999999975,21.371893775974772,20.646335845121964,-1182.6442296210942,-0.0004896465556949303,1.8334984394678464e-05,-0.0005079815400896089,0.0002709837422476626,-0.000550801220859228,0,1
ZN-0008,ZN,Government bonds,Long,1996-08-01,1996-09-03,Closed,1.0,1.0,2255373.101760198,23,33,-1640.699999999999,32.543805942295016,32.07613394315726,-1705.319939885451,-0.0007049442394145254,2.819461432240526e-05,-0.0007331388537369306,0.0003719373186351578,-0.0008208733320787891,0,1
6B-0018,6B,FX,Long,1996-09-03,1996-10-01,Closed,6.0,6.0,2308221.3606578945,20,28,-1049.9999999999668,141.29887777924182,131.52896473072894,-1322.8278425099375,-0.00047399981474887537,0.00011552616514853153,-0.000589525979897407,0.0,-0.002451119023018989,0,1
GF-0010,GF,Agriculture & livestock,Long,1996-09-03,1996-11-01,Closed,5.0,6.0,2308221.3606578945,43,59,712.5000000000341,181.24862493175857,348.4814208166831,182.76995425159248,0.0003698296184803131,0.00022901712081417044,0.00014081249766614279,0.001132778898258747,-0.0017225052124436387,1,2
KC-0010,KC,Agriculture & livestock,Long,1996-09-03,1997-04-01,Closed,2.0,2.0,2308221.3606578945,150,210,69693.75,74.80046842388019,151.58885738006896,69467.36067419605,0.028675300469420007,9.455099974551907e-05,0.02858074946967449,0.029921968035419216,-0.0032898685072901106,1,2
ZB-0007,ZB,Government bonds,Short,1996-09-03,1997-03-03,Closed,2.0,2.0,2308221.3606578945,129,181,-6061.999999999992,110.91832672360704,222.29824508797674,-6395.216571811576,-0.0026554840729197107,0.00013886441906815365,-0.002794348491987864,0.0006790795950708617,-0.006499875698299498,0,2
ZF-0008,ZF,Government bonds,Short,1996-09-03,1997-04-01,Closed,4.0,5.0,2308221.3606578945,150,210,-2234.3759999999975,106.60999975180718,199.93162992721784,-2540.9176296790224,-0.0011012092942269277,0.0001270863230413858,-0.001228295617268314,0.00033298572714530854,-0.006352386789519272,2,2
ZN-0009,ZN,Government bonds,Short,1996-09-03,1997-03-03,Closed,3.0,4.0,2308221.3606578945,129,181,-7499.800000000005,162.38854296447647,232.20930104377882,-7894.397844008259,-0.003276859609877455,0.00016417863599751964,-0.0034410382458749753,0.00044503060271912977,-0.0074010110403404505,3,2
6B-0019,6B,FX,Short,1996-10-01,1996-11-01,Closed,5.0,5.0,2399377.9308680613,23,31,-21812.500000000022,117.61777872246766,0.0,-21930.117778722488,-0.009370831284213135,5.0452368427391884e-05,-0.009421283652640527,0.00025976002264730926,-0.009421283652640527,0,0
LE-0008,LE,Agriculture & livestock,Long,1996-10-01,1996-11-01,Closed,2.0,2.0,2399377.9308680613,23,31,-479.99999999999545,48.586897002565834,47.59990202670897,-576.1867990292702,-0.0001775837371868748,4.0807913991385313e-05,-0.00021839165117826,0.0,-0.001069057347382864,0,1
PL-0016,PL,Metals,Short,1996-10-01,1997-07-01,Closed,13.0,13.0,2399377.9308680613,195,273,-9434.999999999978,263.96466902318605,412.01609662556444,-10110.980765648728,-0.0030557813481969665,0.00027335825325667764,-0.0033291396014536443,0.009958747101596001,-0.007469871967108634,4,3
YAP-0018,YAP,Equity indices,Long,1996-10-01,1998-06-01,Closed,3.0,5.0,2399377.9308680613,434,608,21938.435000000012,328.5200799289561,708.8026197291028,20901.112300341953,0.008609984577433597,0.0003876055427896288,0.008222379034643968,0.01305432720559779,-0.0007883751492241877,9,6
6B-0020,6B,FX,Long,1996-11-01,1998-01-02,Closed,2.0,4.0,2257035.776682364,305,427,7012.4999999999945,108.24839743412875,307.8696156599816,6596.381986905884,0.0033519608133593267,0.00015721275194394453,0.0031947480614153813,0.007958261076541413,-0.001193007026915997,4,5
GF-0011,GF,Agriculture & livestock,Short,1996-11-01,1996-12-02,Closed,5.0,5.0,2257035.776682364,21,31,1375.0000000000286,149.30803525473658,150.6120590933932,1075.079905651899,0.0006236138724072087,0.00013037905706175047,0.0004932348153454579,0.0027365676675567946,-0.0008398487109521787,0,1
LE-0009,LE,Agriculture & livestock,Short,1996-11-01,1996-12-02,Closed,6.0,6.0,2257035.776682364,21,31,-60.00000000001364,145.49130275686724,0.0,-205.49130275688088,-2.465007720606701e-05,6.329322042472989e-05,-8.794329763079671e-05,0.0012973766704293833,-0.0019141985057628836,0,0
RS-0010,RS,Agriculture & livestock,Short,1996-11-01,1997-03-03,Closed,14.0,23.0,2257035.776682364,86,122,-7432.681800000005,255.24300507360644,423.4961130071385,-8111.42091808075,-0.0031334895845821767,0.0002813879494137752,-0.003414877533995952,0.0003412281492802812,-0.003414877533995952,3,2
LE-0010,LE,Agriculture & livestock,Long,1996-12-02,1998-01-02,Closed,4.0,8.0,2342040.50030141,284,396,-4160.000000000005,193.21587453507655,1125.6268186402494,-5478.84269317533,-0.0011549554574031748,0.0005060258464406431,-0.0016609813038438188,0.005650546495611333,-0.0016609813038438188,3,7
ZT-0009,ZT,Government bonds,Long,1996-12-02,1997-01-02,Closed,6.0,6.0,2342040.50030141,23,31,-8156.280000000095,258.97234741493315,0.0,-8415.252347415028,-0.0034757530529477883,0.00010980214396118834,-0.003585555196908976,0.0,-0.003585555196908976,0,0
6C-0006,6C,FX,Short,1997-01-02,1997-02-03,Closed,9.0,9.0,2372517.630137048,22,32,-14940.000000000055,184.49039679530483,0.0,-15124.49039679536,-0.006274958963436708,7.668184116903225e-05,-0.00635164080460574,0.0,-0.007975889842704028,0,0
SI-0009,SI,Metals,Short,1997-01-02,1997-12-01,Closed,3.0,4.0,2372517.630137048,237,333,440.0000000000109,230.94516022905964,602.4620338198117,-393.40719404886045,0.0002829818948693623,0.00031819674095870013,-3.5214846089336104e-05,0.0045750298462526595,-0.003588620804281858,4,5
ZT-0010,ZT,Government bonds,Short,1997-01-02,1997-03-03,Closed,6.0,6.0,2372517.630137048,42,60,1125.0,252.64461521789164,208.87110701295165,663.4842777691567,0.0004225952580011153,0.00018916811746642496,0.00023342714053469047,0.0007241109375161411,-0.002433603744719114,0,1
SNK-0016,SNK,Equity indices,Short,1997-01-06,1997-03-03,Closed,1.0,1.0,2380228.618381977,40,56,4821.810000000001,41.76554831846082,0.0,4780.0444516815405,0.0020351265875160106,1.7249820262617138e-05,0.0020178767672533932,0.004139197395984559,-9.177064649444213e-06,0,0
HG-0011,HG,Metals,Long,1997-02-03,1997-05-01,Closed,3.0,4.0,2435151.6519490075,63,87,8049.999999999998,112.84157099499058,196.58603961434602,7740.572389390662,0.003267681859752709,0.00012205265004467618,0.0031456292097080327,0.003973257792400334,-1.7262481027686252e-05,1,2
ZS-0011,ZS,Agriculture & livestock,Long,1997-02-03,1997-07-01,Closed,4.0,4.0,2435151.6519490075,106,148,5737.5,136.43011277932888,247.9216057931907,5353.1482814274805,0.003000411389412902,0.00015016406962659374,0.002850247319786308,0.011741685568723745,-0.0005723042004316949,2,3
6C-0007,6C,FX,Short,1997-03-03,1999-02-01,Closed,7.0,14.0,2467811.1616068054,500,700,77469.99999999993,449.55565599705983,1249.4997774635535,75770.94456653931,0.02714632891757625,0.0005825719318572339,0.026563756985719014,0.029290614486503896,-0.0005314948810503902,10,8
KE-0007,KE,Agriculture & livestock,Long,1997-03-03,1997-04-01,Closed,6.0,6.0,2467811.1616068054,21,29,3675.0,167.58776325705685,0.0,3507.412236742943,0.0014970444546622305,6.731001714931976e-05,0.0014297344375129107,0.0026610517645189527,-0.0008220686491963353,0,0
NG-0007,NG,Energy,Long,1997-03-03,1997-12-01,Closed,1.0,2.0,2467811.1616068054,195,273,9999.999999999962,46.59236809005075,256.22543500252954,9697.182196907383,0.0037343478000301123,0.00011285322958191045,0.0036214945704482024,0.007805149941551676,-4.708465400852492e-06,2,9
RS-0011,RS,Agriculture & livestock,Long,1997-03-03,1997-04-01,Closed,32.0,32.0,2467811.1616068054,21,29,7057.3888000000115,358.77243961549055,0.0,6698.616360384521,0.00284341097482945,0.00014411024281212997,0.0026993007320173196,0.002770189861836015,-0.000542406615324443,0,0
ZB-0008,ZB,Government bonds,Long,1997-03-03,1998-04-01,Closed,3.0,3.0,2467811.1616068054,282,394,23816.001999999993,276.8034579309526,555.961414298989,22983.23712777005,0.008782067153604882,0.0003047487164025278,0.008477318437202352,0.009808098539245049,-0.0035616724208380854,5,4
ZN-0010,ZN,Government bonds,Long,1997-03-03,1998-06-01,Closed,5.0,9.0,2467811.1616068054,325,455,33610.299999999996,520.8287901771303,861.9856946026873,32227.485515220174,0.012265742117611044,0.0004927558869984628,0.011772986230612579,0.015981407019481787,-0.004229730061912226,9,5
ZT-0011,ZT,Government bonds,Long,1997-03-03,1998-08-03,Closed,8.0,14.0,2467811.1616068054,370,518,33937.48999999987,798.3929029984496,1421.712608008876,31717.384488992542,0.012237118954870677,0.0007841857738760928,0.011452933180994588,0.01609699420909745,-0.004672382860618166,9,5
GF-0012,GF,Agriculture & livestock,Long,1997-04-01,1997-05-01,Closed,3.0,3.0,2512043.2450005333,22,30,7050.000000000026,87.01762156061778,93.48599850061437,6869.496379938794,0.0027842086525652694,7.06330351734452e-05,0.0027135756173918245,0.0027302349644438236,-1.7359773068046635e-05,0,1
PA-0001,PA,Metals,Long,1997-04-01,1997-08-01,Closed,4.0,4.0,2512043.2450005333,88,122,16820.0,101.28830326590987,97.96892830345944,16620.74276843063,0.006308305529537682,7.582802497445891e-05,0.006232477504563223,0.007756859200226991,-0.0006439782854931902,1,1
RS-0012,RS,Agriculture & livestock,Short,1997-04-01,1997-05-01,Closed,14.0,14.0,2512043.2450005333,22,30,2185.1648000000023,153.98275597370412,152.29187313649996,1878.8901708897981,0.0008750459178791066,0.0001189576048809976,0.0007560883129981091,0.001393584443097552,-3.101399429567922e-05,0,1
ZF-0009,ZF,Government bonds,Long,1997-04-01,1998-06-01,Closed,8.0,9.0,2512043.2450005333,304,426,32718.753999999986,321.96971885153897,694.9563689471959,31701.827912201254,0.012306215696735168,0.00036662619483391197,0.011939589501901257,0.014302654647155178,-0.0012751889308955113,8,5
6A-0004,6A,FX,Short,1997-05-01,1999-05-03,Closed,4.0,5.0,2605691.612930254,522,732,38580.000000000015,307.6700128601181,573.9217373953827,37698.40824974452,0.014890543023206892,0.00029171912309531385,0.014598823900111585,0.023032201271712304,-0.0004257100410313976,15,8
HG-0012,HG,Metals,Short,1997-05-01,1997-06-02,Closed,3.0,3.0,2605691.612930254,22,32,-5475.000000000007,85.46823516902086,0.0,-5560.468235169028,-0.002076865224435215,3.2504660217751305e-05,-0.002109369884652966,0.00021258415838616883,-0.0027439458565245056,0,0
KE-0008,KE,Agriculture & livestock,Short,1997-05-01,1997-09-02,Closed,2.0,4.0,2605691.612930254,88,124,8250.0,110.74138512195728,221.16921127665407,7918.089403601389,0.0032432920355046197,0.0001233279591592726,0.0031199640763453483,0.0072184820508878825,-1.0537795127815963e-05,1,2
SB-0007,SB,Agriculture & livestock,Long,1997-05-01,1997-07-01,Closed,4.0,4.0,2605691.612930254,43,61,2508.7999999999943,100.16700154840771,25.08217974897104,2383.5508187026153,0.0009567210541767385,4.734190960249632e-05,0.0009093791445742426,0.0011284159645733342,-1.9219568084443998e-05,1,1
ZW-0012,ZW,Agriculture & livestock,Short,1997-05-01,2002-03-01,Closed,4.0,17.0,2605691.612930254,1261,1765,157325.0,1547.3867211371962,5587.027662474184,150190.58561638862,0.04774418061477068,0.001955245004036597,0.045788935610734084,0.047100695904298356,-2.102098483162255e-05,32,24
HG-0013,HG,Metals,Long,1997-06-02,1997-12-01,Closed,5.0,5.0,2653655.7474234593,130,182,-23425.000000000033,139.83393019699378,230.04035840844804,-23794.874288605475,-0.008530016774129085,0.00013727423040505105,-0.008667291004534136,0.0023718772200369722,-0.008667291004534136,3,3
RS-0013,RS,Agriculture & livestock,Short,1997-06-02,1997-12-01,Closed,34.0,40.0,2653655.7474234593,130,182,-6776.246799999985,649.3159998002384,835.4508335893288,-8261.013633389553,-0.002327883435107667,0.0005468914574030842,-0.002874774892510751,0.008261955717045157,-0.004415986205584831,4,2
CC-0021,CC,Agriculture & livestock,Long,1997-07-01,1997-08-01,Closed,1.0,1.0,2692428.438864463,23,31,-1680.0,23.956827117130214,0.0,-1703.9568271171302,-0.0006192628798629801,8.727598328104516e-06,-0.0006279904781910846,0.0,-0.0006957285322388605,0,0
LLG-0009,LLG,Government bonds,Long,1997-07-01,1997-12-01,Closed,1.0,1.0,2692428.438864463,109,153,7603.822000000005,34.80169661209547,69.18308891794862,7499.837214469961,0.0027604357146839144,3.788086953045771e-05,0.002722554845153456,0.004271629224797401,-0.00031130465397586146,0,2
PL-0017,PL,Metals,Long,1997-07-01,1998-06-01,Closed,3.0,8.0,2692428.438864463,239,335,-16650.000000000022,176.05090049158895,269.6356067271429,-17095.686507218754,-0.006065847699943706,0.00015340742183216072,-0.0062192551217758706,0.0026071894863333774,-0.010509081810812386,6,3
ZC-0007,ZC,Agriculture & livestock,Short,1997-07-01,1997-11-03,Closed,10.0,10.0,2692428.438864463,89,125,-27537.5,378.6406584571246,190.14404305004018,-28106.284701507164,-0.010028604550241427,0.00020933932957669318,-0.01023794387981812,0.0006368180067510235,-0.011757649630026972,3,1
CC-0022,CC,Agriculture & livestock,Short,1997-08-01,1997-09-02,Closed,5.0,5.0,2799139.272005905,22,32,-8150.0,120.04242236263877,120.05219750340538,-8390.094619866046,-0.0030045786058866117,8.721650831254241e-05,-0.003091795114199154,0.0010370356220857396,-0.003327793684806234,0,1
ZS-0012,ZS,Agriculture & livestock,Long,1997-08-01,1998-03-02,Closed,2.0,6.0,2799139.272005905,151,213,2950.0,163.6359618719094,385.88698454009824,2400.4770535879925,0.0014516174145755016,0.0001918834703826392,0.0012597339441928611,0.0074222052145665315,-0.001489435463077034,3,4
BRN-0017,BRN,Energy,Short,1997-09-01,1999-06-01,Closed,5.0,9.0,2710632.2577020493,456,638,43449.999999999985,444.63696197620044,2658.93386619815,40346.429171825635,0.014985419637746477,0.001005305890831869,0.013980113746914623,0.02106019322451319,-0.007624703277925375,9,21
GAS-0008,GAS,Energy,Short,1997-09-01,1999-08-02,Closed,7.0,12.0,2710632.2577020493,500,700,31200.0,1381.1869221927018,6817.392523091635,23001.420554715663,0.011418335638057043,0.0026321608903714377,0.008786174747685596,0.020155886841326874,-0.006873601912637644,14,23
CC-0023,CC,Agriculture & livestock,Long,1997-09-02,1997-11-03,Closed,1.0,1.0,2712643.355949326,44,62,-1280.0,23.603115525055728,0.0,-1303.6031155250557,-0.0004725871575935437,8.684774546957611e-06,-0.0004812719321405013,6.559017200245915e-05,-0.0004812719321405013,0,0
CL-0017,CL,Energy,Short,1997-09-02,1999-06-01,Closed,4.0,9.0,2712643.355949326,455,637,44110.00000000003,394.8732252079329,2280.004791618987,41435.12198317311,0.015524460444184193,0.0008663621123530653,0.01465809833183112,0.020793922482287695,-0.006214700552522792,10,21
HO-0011,HO,Energy,Short,1997-09-02,1999-07-01,Closed,4.0,8.0,2712643.355949326,477,667,46431.00000000008,236.71171755042965,1585.8961632956355,44608.392119154014,0.016484402970469623,0.0005830216342766239,0.015901381336193003,0.02597925723286147,-0.005846631215293281,11,22
KE-0009,KE,Agriculture & livestock,Long,1997-09-02,1997-10-01,Closed,2.0,2.0,2712643.355949326,21,29,-3525.0,56.182291276658106,0.0,-3581.182291276658,-0.001288430168461579,2.0653576681373627e-05,-0.0013090837451429525,0.0,-0.0013090837451429525,0,0
HE-0008,HE,Agriculture & livestock,Short,1997-10-01,1999-12-01,Closed,6.0,11.0,2727743.4766023587,565,791,79400.00000000009,502.6373263116133,1759.7587573021767,77137.6039163863,0.025831451204661713,0.0007130757940112516,0.025118375410650467,0.03405714384899141,-0.0015402042388554006,13,15
KC-0011,KC,Agriculture & livestock,Long,1997-10-01,1998-05-01,Closed,1.0,1.0,2727743.4766023587,152,212,-7499.999999999996,37.615306136481664,113.7509347158076,-7651.366240852286,-0.002333244093418253,5.162268385517059e-05,-0.0023848667772734243,0.004200827992350576,-0.0024961957879592136,0,3
KE-0010,KE,Agriculture & livestock,Short,1997-10-01,2002-07-01,Closed,9.0,14.0,2727743.4766023587,1238,1734,121575.0,1460.8347639465671,5679.555081955613,114434.61015409783,0.03446461669666663,0.0019171567889135677,0.032547459907753054,0.03444248871677985,-0.0042304199832590185,26,24
ZC-0008,ZC,Agriculture & livestock,Long,1997-11-03,1998-01-02,Closed,4.0,5.0,2723053.819990872,44,60,-7437.5,136.0684706127243,108.44303830369246,-7682.0115089164165,-0.0026438737792033764,8.701359663314584e-05,-0.0027308873758365216,0.0,-0.0027308873758365216,1,1
6M-0002,6M,FX,Long,1997-12-01,1998-09-01,Closed,1.0,9.0,2790065.4697619854,196,274,-20187.499999999993,228.724366904671,292.398122250912,-20708.622489155576,-0.006013924737428467,0.0001653691707266586,-0.0061792939081551255,0.0025917276734829407,-0.006552113625016299,7,3
CC-0024,CC,Agriculture & livestock,Short,1997-12-01,1998-01-05,Closed,11.0,11.0,2790065.4697619854,25,35,-4070.0,269.51168662676764,0.0,-4339.511686626767,-0.0014984072980665825,9.452296315254938e-05,-0.0015929302612191316,0.0,-0.007918226086462673,0,0
GF-0013,GF,Agriculture & livestock,Long,1997-12-01,1998-05-01,Closed,8.0,8.0,2790065.4697619854,109,151,-6112.499999999996,244.14851609100754,591.9503557867823,-6948.598871877786,-0.0023346832338534606,0.00028188396416779966,-0.0026165671980212628,0.0019452321078636005,-0.005926338980194304,2,3
HG-0014,HG,Metals,Short,1997-12-01,1999-10-01,Closed,7.0,7.0,2790065.4697619854,479,669,22224.999999999967,331.4626599380285,1419.1561490256172,20474.381191036322,0.007698259243233077,0.0005389128411525314,0.007159346402080544,0.014066145610989437,-6.606982543604735e-05,5,9
LFT-0002,LFT,Equity indices,Long,1997-12-01,1998-02-02,Closed,1.0,1.0,2790065.4697619854,45,63,10235.525000000001,22.10545234158902,22.342441914722624,10191.077105743689,0.003510557516706314,1.5516842555656454e-05,0.003495040674150658,0.0034987328531720496,-3.98812793439785e-06,0,1
NG-0008,NG,Energy,Short,1997-12-01,1998-03-02,Closed,2.0,2.0,2790065.4697619854,65,91,10660.000000000022,46.77007308509616,139.7692329005559,10473.46069401437,0.003758568451596691,6.346481402833232e-05,0.0036951036375683596,0.0052231689849673,-8.399234179202463e-06,0,3
NKD-0014,NKD,Equity indices,Short,1997-12-01,1998-01-02,Closed,1.0,1.0,2790065.4697619854,24,32,9625.0,51.94906237911672,48.66827791013935,9524.382659710744,0.0034084393879203804,3.5245538350669706e-05,0.003373193849569711,0.00435247425027743,-8.726458688979595e-06,0,1
RS-0014,RS,Agriculture & livestock,Long,1997-12-01,1998-01-02,Closed,39.0,39.0,2790065.4697619854,24,32,-10544.539199999994,453.42643263991954,453.7005303927078,-11451.66616303262,-0.003709474443659542,0.00031442953749662785,-0.00402390398115617,0.0,-0.00402390398115617,0,1
SI-0010,SI,Metals,Long,1997-12-01,1998-09-01,Closed,5.0,5.0,2790065.4697619854,196,274,-3780.0,371.7264221940396,510.81922817764143,-4662.545650371681,-0.00034665073464671976,0.0002823598297876289,-0.0006290105644343509,0.0103148444766365,-0.0012621476411646421,5,4
SNK-0017,SNK,Equity indices,Short,1997-12-01,1998-01-05,Closed,1.0,1.0,2790065.4697619854,25,35,7630.165,37.638765237109396,37.828739888789016,7554.697494874102,0.0026923812515784865,2.6469099473920004e-05,0.002665912152104567,0.00309502832157082,-6.782761871309034e-06,0,1
CGB-0001,CGB,Government bonds,Long,1998-01-02,1999-06-01,Closed,9.0,13.0,2921383.085093019,367,515,10975.842000000008,487.55123951105213,914.4759679293522,9573.814792559602,0.004046717183741477,0.0004346985304977301,0.0036120186532437515,0.012457090893478344,-0.004008986199013981,8,6
LE-0011,LE,Agriculture & livestock,Short,1998-01-02,1999-08-02,Closed,13.0,13.0,2921383.085093019,411,577,45060.0,457.74178266012706,1422.3811958847377,43179.87702145513,0.014775984784951453,0.0005904315640079614,0.014185553220943522,0.019587172446035788,-0.0029831813453444654,7,9
RS-0015,RS,Agriculture & livestock,Short,1998-01-02,1998-04-01,Closed,61.0,61.0,2921383.085093019,63,89,-19033.10939999996,695.2722084270262,482.2341600234657,-20210.61576845045,-0.00635042650155469,0.0003947351469515529,-0.006745161648506242,0.0,-0.00751014228074246,1,1
ZC-0009,ZC,Agriculture & livestock,Short,1998-01-02,2003-03-03,Closed,16.0,33.0,2921383.085093019,1346,1886,113962.5,2836.375038519296,8248.676869079134,102877.44809240157,0.03139875796612112,0.002716099232029063,0.02868265873409204,0.03383388546011213,-0.004358638910743798,40,26
CC-0025,CC,Agriculture & livestock,Long,1998-01-05,1998-07-01,Closed,8.0,8.0,2916155.5120076486,127,177,-7000.0,338.4852712487015,445.2285202591976,-7783.713791507899,-0.002183932562955608,0.0002535524155609511,-0.002437484978516559,0.0023846621836022515,-0.003514428678370462,2,3
6B-0021,6B,FX,Long,1998-02-02,1998-11-02,Closed,3.0,6.0,2973397.0750679593,195,273,19749.999999999967,144.10536132427453,340.26254869011615,19265.63208998558,0.005851557422172105,0.00015197667138490807,0.0056995807507872,0.008321899594821014,-0.001435446159400653,5,3
SB-0008,SB,Agriculture & livestock,Short,1998-03-02,1999-10-01,Closed,10.0,14.0,2994825.0757172797,414,578,47667.19999999996,553.4192952561799,1233.863292997848,45879.91741174593,0.01465124572802165,0.000552642994511199,0.014098602733510445,0.017263631352936404,-0.0008043492025423491,9,7
HTW-0001,HTW,Equity indices,Long,1998-04-01,1998-07-02,Closed,2.0,3.0,3027760.1560016708,66,92,-5230.0,73.90339742343853,195.10780575049108,-5499.01120317393,-0.001778521980845081,8.590150998304611e-05,-0.0018644234908281286,0.0007133245905440954,-0.006021864789090746,1,3
LLG-0010,LLG,Government bonds,Long,1998-04-01,1999-03-01,Closed,3.0,4.0,3027760.1560016708,238,334,18122.13200000001,211.68639887694042,386.3313221917557,17524.114278931313,0.0059490156495762515,0.0001827046445746887,0.00576631100500156,0.014257824468997192,-0.0017093917579353677,5,4
RS-0016,RS,Agriculture & livestock,Long,1998-04-01,1998-05-01,Closed,6.0,6.0,3027760.1560016708,22,30,221.12880000000206,67.64613522517985,64.00549751599559,89.47716725882663,6.666119488766862e-05,4.298583075154018e-05,2.3675364136128463e-05,0.00031365504235945517,-0.00042971111845440616,0,1
ZL-0011,ZL,Agriculture & livestock,Long,1998-04-01,1998-08-03,Closed,9.0,13.0,3027760.1560016708,88,124,-20490.000000000007,229.67416581107508,532.2493865373116,-21251.923552348395,-0.006408173071563453,0.00024058155410938527,-0.006648754625672835,0.0034639298798260706,-0.0067497958026106935,2,3
GF-0014,GF,Agriculture & livestock,Short,1998-05-01,1999-10-01,Closed,7.0,8.0,3081447.054022188,370,518,15112.499999999933,452.00497123856667,1859.7357688670122,12800.759259894354,0.005148066962983769,0.0006999304865739485,0.004448136476409818,0.01525289490728086,-3.6350885430445e-05,7,11
KC-0012,KC,Agriculture & livestock,Short,1998-05-01,1999-11-01,Closed,1.0,2.0,3081447.054022188,391,549,9712.500000000018,185.2930553665626,377.58426218274656,9149.622682450708,0.003009758018920717,0.00016843897273274256,0.002841319046187974,0.009136003760276016,-0.0012917731825886356,7,7
NG-0009,NG,Energy,Short,1998-05-01,1998-07-01,Closed,3.0,4.0,3081447.054022188,43,61,-8139.999999999996,93.38687372983594,163.4497482312808,-8396.836621961113,-0.002435775220206037,8.138920124113887e-05,-0.0025171644214471768,0.003606084608903401,-0.0027416517965260594,1,2
RS-0017,RS,Agriculture & livestock,Short,1998-05-01,1998-06-01,Closed,28.0,28.0,3081447.054022188,21,31,2748.3455999999965,315.5996313574017,0.0,2432.7459686425946,0.000879282907336548,0.00010145160732514981,0.0007778313000113982,0.001323458667014841,-0.0017123340140148087,0,0
ZB-0009,ZB,Government bonds,Long,1998-05-01,1998-06-01,Closed,1.0,1.0,3081447.054022188,21,31,1375.0,55.20269350755386,55.21369577828332,1264.5836107141627,0.00044088280447382027,3.5306328988450554e-05,0.00040557647548536977,0.0004143672375396969,-0.00034419083136367075,0,1
RS-0018,RS,Agriculture & livestock,Long,1998-06-01,1998-08-04,Closed,41.0,41.0,3139715.64743926,46,64,-8166.704800000004,456.7040126571024,453.9099532759945,-9077.3187659331,-0.0025366415256203438,0.0002869262569718049,-0.0028235677825921494,0.0013252242492343387,-0.0035525642294395336,1,1
SNK-0018,SNK,Equity indices,Short,1998-06-01,1998-07-01,Closed,3.0,3.0,3139715.64743926,22,30,-12140.355000000003,108.8811791782943,105.69756315568992,-12354.933742333988,-0.0038280145045107576,6.733785914820987e-05,-0.0038953523636589675,0.002198869786229157,-0.0038953523636589675,0,1
YAP-0019,YAP,Equity indices,Short,1998-06-01,1998-08-03,Closed,6.0,6.0,3139715.64743926,45,63,-2289.4050000000007,199.32656485732224,196.6788792072498,-2685.410444064573,-0.0007622375394022354,0.00012433236377246774,-0.0008865699031747023,0.003747304704912289,-0.0031007651020744063,1,1
CC-0026,CC,Agriculture & livestock,Short,1998-07-01,1999-03-01,Closed,2.0,11.0,3176862.1430588127,173,243,24960.0,430.29304781265046,668.1594031912782,23861.54754899607,0.007621481719559756,0.00033020108741487196,0.007291280632144883,0.007990645777839383,-0.0009375060835149311,5,3
CT-0008,CT,Agriculture & livestock,Long,1998-07-01,1998-08-03,Closed,3.0,3.0,3176862.1430588127,23,33,-11054.999999999987,51.201660539520425,0.0,-11106.201660539507,-0.0034021615436505533,1.5838323781138033e-05,-0.0034179998674316913,0.0,-0.0034179998674316913,0,0
ZM-0008,ZM,Agriculture & livestock,Short,1998-07-01,1999-09-01,Closed,4.0,14.0,3176862.1430588127,305,427,3079.9999999999472,445.1658384311894,1871.344894736375,763.4892668323828,0.0010924025034461163,0.0006869579099806183,0.0004054445934655001,0.007696395090709588,-0.0008866621705193641,7,10
ZS-0013,ZS,Agriculture & livestock,Short,1998-07-01,2000-04-03,Closed,2.0,9.0,3176862.1430588127,458,642,17025.0,516.4542646810306,1678.6011237285613,14829.944611590408,0.005866837904770385,0.0006343538234222626,0.005232484081348119,0.017009212318341783,-0.0009159923638177364,11,12
HTW-0002,HTW,Equity indices,Short,1998-07-02,1999-05-03,Closed,3.0,5.0,3181210.455333584,217,305,-3349.9999999999973,121.62887521603909,631.1835376161539,-4102.812412832191,-0.0010885659437281537,0.00022795716672345683,-0.0013165231104516116,0.00736980321197013,-0.0026964003540676565,3,10
NG-0010,NG,Energy,Short,1998-08-03,1999-09-01,Closed,4.0,4.0,3295649.4388620337,282,394,-17739.999999999964,139.786250354626,886.3221003892559,-18766.108350743845,-0.0051841153889109915,0.0003060749297908068,-0.005490190318701799,0.0034601613673218784,-0.008516765384070774,4,13
YAP-0020,YAP,Equity indices,Long,1998-08-03,1998-09-01,Closed,4.0,4.0,3295649.4388620337,21,29,-12702.13,129.38327681121808,0.0,-12831.513276811218,-0.003787991518765392,3.8727261372765056e-05,-0.003826718780138156,0.00010733315168233042,-0.003826718780138156,0,0
ZL-0012,ZL,Agriculture & livestock,Short,1998-08-03,1998-11-02,Closed,5.0,5.0,3295649.4388620337,65,91,888.0000000000025,87.3000588751005,175.99767700934655,624.7022641155554,0.0003060582025203478,8.006387312776288e-05,0.00022599432939258485,0.0007398935339787908,-0.001311968997226256,1,2
RS-0019,RS,Agriculture & livestock,Short,1998-08-04,1999-07-02,Closed,42.0,49.0,3318245.309004538,238,332,41640.6076,1107.0635086330867,1746.9469368681534,38786.59715449876,0.012120254739977123,0.0008465688461435684,0.011273685893833547,0.011336028114041491,-0.005975327087764071,8,5
6M-0003,6M,FX,Short,1998-09-01,1998-11-02,Closed,4.0,4.0,3390904.979116474,44,62,-8750.000000000004,76.65464945697488,76.08473671414234,-8902.739386171123,-0.002731319600075383,4.638019439363476e-05,-0.0027776997944690173,0.002883804058983593,-0.002836880827236025,1,1
SI-0011,SI,Metals,Short,1998-09-01,1999-03-01,Closed,4.0,4.0,3390904.979116474,129,181,-9000.000000000002,185.6385740845243,184.884619447995,-9370.523193532521,-0.002649304351413412,0.00011063860334110544,-0.0027599429547545177,0.0,-0.0035040755333917146,1,2
YAP-0021,YAP,Equity indices,Short,1998-09-01,1998-11-02,Closed,3.0,3.0,3390904.979116474,44,62,-8795.595000000001,95.46939763351997,94.20539036883753,-8985.269788002359,-0.0026955812000694643,5.810422181317557e-05,-0.00275368542188264,4.635588317944384e-05,-0.00275368542188264,1,1
6S-0007,6S,FX,Long,1998-10-01,1998-11-02,Closed,1.0,1.0,3259266.988322376,22,32,237.50000000000227,20.046417124696383,0.0,217.4535828753059,5.279471603194405e-05,6.208335434373978e-06,4.65863805975701e-05,0.0011778580072305674,-0.00016290995844799809,0,0
CT-0009,CT,Agriculture & livestock,Long,1998-10-01,1998-11-02,Closed,4.0,4.0,3259266.988322376,22,32,-10439.999999999996,69.0309388838423,0.0,-10509.03093888384,-0.003252504988919545,2.1375026129189352e-05,-0.0032738800150487347,0.0011944250944720658,-0.00378569621987282,0,0
LFT-0003,LFT,Equity indices,Short,1998-10-01,1998-11-02,Closed,1.0,1.0,3259266.988322376,22,32,-10103.234999999999,21.586261633969546,0.0,-10124.821261633968,-0.003151448458502025,6.68480906838658e-06,-0.0031581332675704116,0.001335521460891881,-0.0031581332675704116,0,0
PL-0018,PL,Metals,Short,1998-10-01,1998-12-01,Closed,5.0,5.0,3259266.988322376,43,61,325.0000000000168,88.63556396549622,0.0,236.36443603452062,9.037618129024953e-05,2.7158971846732534e-05,6.321720944351725e-05,0.0013065645845717312,-0.0007130879074410757,0,0
ZN-0011,ZN,Government bonds,Long,1998-10-01,1998-12-01,Closed,1.0,1.0,3259266.988322376,43,61,-2484.3000000000043,31.927642738791135,32.11062173614194,-2548.3382644749377,-0.0007672620544971498,1.9656801328387857e-05,-0.0007869188558255377,0.0002083787661978806,-0.0012894054562471468,0,1
ZT-0012,ZT,Government bonds,Long,1998-10-01,1999-01-04,Closed,2.0,2.0,3259266.988322376,67,95,-3015.6400000000185,55.70189855055985,54.97935949852615,-3126.3212580491045,-0.0009331057761219961,3.383239787123196e-05,-0.0009669381739932284,0.000391482208630131,-0.0013503631765991694,1,1
6J-0007,6J,FX,Long,1998-11-02,1999-06-01,Closed,1.0,2.0,3199761.0438677818,151,211,-16950.000000000022,57.80716274464643,38.4669216162736,-17046.274084360943,-0.005125755785473331,2.870130630876865e-05,-0.005154457091782099,0.002478293964047801,-0.0069684879799784645,3,2
6M-0004,6M,FX,Long,1998-11-02,2000-06-01,Closed,2.0,9.0,3199761.0438677818,413,577,66475.00000000003,334.78142359472633,697.2477616020175,65442.97081480328,0.019172232499071476,0.0002945097381435986,0.018877722760927872,0.019782101937404085,-0.005420237364035256,11,6
6S-0008,6S,FX,Short,1998-11-02,1999-01-04,Closed,1.0,2.0,3199761.0438677818,45,63,1287.4999999999986,40.67217404669344,40.5973707358547,1206.2304552174505,0.0004014065823843035,2.433130316699495e-05,0.00037707527921730855,0.0013630411344553283,-0.0014220691189321141,1,1
YAP-0022,YAP,Equity indices,Long,1998-11-02,1999-07-01,Closed,3.0,3.0,3199761.0438677818,173,241,7539.249999999995,132.8765327043405,197.90052033867005,7208.472946956985,0.00225929853681774,9.835049666351463e-05,0.0021609480401542243,0.0037626142089969257,-0.0004692496261846845,2,3
6B-0022,6B,FX,Long,1998-12-01,1999-03-01,Closed,3.0,3.0,3267698.45518792,64,90,-7574.999999999996,63.602538425331446,64.27771003471429,-7702.880248460042,-0.002195237274309623,3.801834648112072e-05,-0.0022332556207907443,0.0022015411226957815,-0.002919848900611199,0,1
CT-0010,CT,Agriculture & livestock,Short,1998-12-01,1999-03-01,Closed,1.0,1.0,3267698.45518792,64,90,1399.9999999999977,16.342985407831634,16.243383803876416,1367.4136307882895,0.0004329679366421831,9.600203282442724e-06,0.00042336773335974024,0.0011049088817289157,-0.0001092835816701469,0,1
ES-0001,ES,Equity indices,Long,1998-12-01,2000-07-03,Closed,2.0,4.0,3267698.45518792,414,580,18626.999999999996,137.8820737945907,450.1191182163341,18038.99880798907,0.005752203482398887,0.00016698127248021961,0.005585222209918665,0.008182156783361887,-0.0011272417822227395,6,7
PL-0019,PL,Metals,Long,1998-12-01,1999-01-04,Closed,7.0,7.0,3267698.45518792,24,34,4270.0000000000155,126.65653978158184,124.55828058527594,4018.7851796331574,0.0012531427105302217,7.492578956426872e-05,0.001178216920965953,0.0012382209155025377,-0.0009546072166597226,0,1
ZB-0010,ZB,Government bonds,Long,1998-12-01,1999-06-01,Closed,1.0,2.0,3267698.45518792,130,182,-13686.995999999994,110.59888895531459,166.10412562527603,-13963.699014580585,-0.004039336926756511,8.227410086132601e-05,-0.004121611027617837,0.0001702587669933879,-0.004121611027617837,1,2
6S-0009,6S,FX,Long,1999-01-04,1999-02-01,Closed,2.0,2.0,3383989.9181851824,20,28,-7324.999999999971,41.819797693143876,0.0,-7366.819797693115,-0.0021335913990224026,1.2308488879047584e-05,-0.0021458998879014504,0.0003570501004343885,-0.0021458998879014504,0,0
PL-0020,PL,Metals,Short,1999-01-04,1999-06-01,Closed,9.0,10.0,3383989.9181851824,106,148,969.9999999999641,241.9763876332583,169.46253127447397,558.5610810922317,0.00039050528575888615,0.0001234334083373445,0.00026707187742154207,0.0030073315396339528,-0.002248035519114122,2,1
6S-0010,6S,FX,Short,1999-02-01,2000-06-01,Closed,2.0,5.0,3411877.741573893,348,486,45950.00000000004,158.07087738571562,377.8811224891492,45414.04800012517,0.01306948313304894,0.00015360605588475153,0.01291587707716419,0.014123049671106143,-0.00045918871956332117,8,5
6C-0008,6C,FX,Short,1999-03-01,1999-04-01,Closed,1.0,1.0,3455292.5946760685,23,31,-1080.0000000000032,16.602662709950977,17.747562227610423,-1114.3502249375645,-0.00032155317231939224,1.010448247818582e-05,-0.00033165765479757804,6.0952461809716155e-05,-0.00033165765479757804,0,1
ZL-0013,ZL,Agriculture & livestock,Short,1999-03-01,1999-07-01,Closed,1.0,3.0,3455292.5946760685,88,122,5700.000000000002,51.72084519862315,69.06250680684282,5579.216647994535,0.001699554151349038,3.5305736242526764e-05,0.001664248415106511,0.0016717742580107252,-0.0003608620845402664,1,2
6B-0023,6B,FX,Short,1999-04-01,1999-05-03,Closed,2.0,2.0,3326603.3996835644,22,32,-750.0000000000011,43.43382104139026,0.0,-793.4338210413914,-0.000218514195389289,1.3015510122060031e-05,-0.00023152970551134906,0.00045893212300584195,-0.0005817665127221901,0,0
CC-0027,CC,Agriculture & livestock,Short,1999-04-01,2001-02-01,Closed,8.0,20.0,3326603.3996835644,480,672,-23380.0,899.4063556405399,1894.0158635542464,-26173.422219194785,-0.004118373961902261,0.000745209082500302,-0.00486358304440256,0.0106320957503293,-0.005049562687066163,12,9
FCE-0001,FCE,Equity indices,Long,1999-04-01,1999-06-01,Closed,1.0,2.0,3326603.3996835644,43,61,-188.91649999999936,32.84818509758003,50.06330416794769,-271.8279892655271,-5.4242405068119916e-05,2.476921439587673e-05,-7.90116194639966e-05,0.0006418174791700776,-0.0005518046074491678,1,2
LFT-0004,LFT,Equity indices,Short,1999-04-01,1999-05-04,Closed,1.0,1.0,3326603.3996835644,23,33,-2982.402,21.459355112196285,0.0,-3003.861355112196,-0.0008862783136925629,6.434240194677719e-06,-0.0008927125538872405,9.222468667438108e-05,-0.0013419472440971965,0,0
6A-0005,6A,FX,Long,1999-05-03,2000-02-01,Closed,4.0,9.0,3346035.686152817,196,274,-32330.00000000004,223.07610460206217,257.0152923124063,-32810.09139691451,-0.008908514665052245,0.00013613031773149434,-0.009044644982783739,0.0009682728517005116,-0.009051382525453669,5,3
6B-0024,6B,FX,Long,1999-05-03,1999-06-01,Closed,3.0,3.0,3346035.686152817,21,29,637.4999999999723,68.19237021040428,0.0,569.307629789568,0.00019379393610373863,2.0408598961102103e-05,0.00017338533714263664,0.0018065489062806838,-0.0007240089225702729,0,0
HTW-0003,HTW,Equity indices,Long,1999-05-03,2000-01-04,Closed,3.0,3.0,3346035.686152817,176,246,16082.00000000001,97.62743267246839,391.7771201301902,15592.595447197351,0.004655433893306447,0.00014097379941278908,0.004514460093893658,0.005796275757311905,-0.0013712629507314606,3,8
NKD-0015,NKD,Equity indices,Long,1999-05-03,1999-09-01,Closed,2.0,2.0,3346035.686152817,87,121,3550.0,105.26649656123392,48.00884572719247,3396.7246577115734,0.0010505428987328516,4.563079695963181e-05,0.0010049121017732204,0.0020004323077258516,-0.0024436364432776744,1,1
LFT-0005,LFT,Equity indices,Long,1999-05-04,2000-03-01,Closed,1.0,3.0,3343523.243908522,216,302,-11935.276000000007,85.50728377934846,87.94900183265118,-12108.732285612006,-0.0029935964560243895,4.876311351883859e-05,-0.00304235956954323,0.004407050149512825,-0.0050199633508971634,5,3
LLG-0011,LLG,Government bonds,Long,1999-05-04,1999-08-02,Closed,1.0,1.0,3343523.243908522,64,90,-8642.400000000003,35.11040962538005,33.71763645448934,-8711.228046079872,-0.002553328335312367,2.04297288432456e-05,-0.0025737580641556133,0.00023688028826069832,-0.0027429775997802486,0,1
SNK-0019,SNK,Equity indices,Long,1999-05-06,1999-09-01,Closed,2.0,2.0,3340734.5089874626,84,118,3952.8200000000033,84.52696619314352,81.83487530040753,3786.4581585064525,0.0011322713876647946,4.938039007804825e-05,0.0010828909975867456,0.0029825796435705033,-0.003295883276349274,0,1
6B-0025,6B,FX,Short,1999-06-01,1999-08-02,Closed,5.0,5.0,3336367.820136768,44,62,-1625.0000000000318,114.62907393996386,114.47417131139034,-1854.103245251386,-0.00041414717583382105,6.798214552245039e-05,-0.0004821293213562719,0.005734843163542006,-0.0009200851700336018,0,1
BRN-0018,BRN,Energy,Long,1999-06-01,2001-08-01,Closed,4.0,6.0,3336367.820136768,566,792,86710.0,303.7234580526815,2119.5390484073387,84286.73749353997,0.024811706883339963,0.000628138698293409,0.024183568185046554,0.02915149135910983,-1.3983625633797229e-05,12,26
CGB-0002,CGB,Government bonds,Short,1999-06-01,2000-03-01,Closed,7.0,10.0,3336367.820136768,196,274,11842.080999999984,333.1030034577163,337.8470032275568,11171.130993314711,0.003553659543391709,0.00018781203328946974,0.0033658475101022416,0.008558742880771677,-0.002684631455320099,6,3
CL-0018,CL,Energy,Long,1999-06-01,2001-09-04,Closed,4.0,5.0,3336367.820136768,590,826,82530.00000000017,185.79508052423046,1958.6246979308585,80385.58022154508,0.02306822347963778,0.0005479612976106652,0.022520262182027115,0.02666577261563027,-1.3924876980372657e-05,7,27
ZB-0011,ZB,Government bonds,Short,1999-06-01,1999-09-01,Closed,2.0,2.0,3336367.820136768,66,92,3062.0040000000095,110.84275661641162,110.85432569367707,2840.306917689921,0.0009578831086196226,6.486153798073429e-05,0.0008930215706388883,0.0012325933292293928,-0.000597510801983087,0,1
ZF-0010,ZF,Government bonds,Short,1999-06-01,1999-12-01,Closed,8.0,8.0,3336367.820136768,131,183,2546.8799999999874,213.65547817946364,239.56686411407688,2093.657657706447,0.0008598930397851088,0.00013127131026274437,0.0007286217295223644,0.0021906834442283188,-0.0026850102928348833,2,2
ZN-0012,ZN,Government bonds,Short,1999-06-01,1999-12-01,Closed,6.0,6.0,3336367.820136768,131,183,3421.7999999999984,259.4748257150272,294.3418147030964,2867.9833595818745,0.001119885180636577,0.0001599933808593551,0.0009598917997772227,0.0027854578123256736,-0.002357517470534795,2,2
6C-0009,6C,FX,Long,1999-07-01,2000-05-01,Closed,8.0,10.0,3440710.418457522,217,305,-559.9999999999598,264.23562901281986,420.7321434682042,-1244.9677724809837,-8.965183335042347e-05,0.00019014150341764297,-0.0002797933367680664,0.003560049229153331,-0.004386121692642571,7,3
6J-0008,6J,FX,Long,1999-07-01,1999-09-01,Closed,2.0,2.0,3440710.418457522,44,62,20574.999999999956,39.449005706871176,0.0,20535.550994293084,0.005932587941994747,1.1464449844597034e-05,0.005921123492150152,0.005926881869585971,-0.0009415753469917327,0,0
CT-0011,CT,Agriculture & livestock,Short,1999-07-01,2000-11-01,Closed,5.0,8.0,3440710.418457522,349,489,-4050.0000000000014,165.60458935308876,276.3784997142718,-4491.983089067362,-0.0009840491796715876,0.00011833679000008182,-0.0011023859696716691,0.004966317050402968,-0.005919932414908496,5,4
HO-0012,HO,Energy,Long,1999-07-01,2001-09-04,Closed,4.0,6.0,3440710.418457522,568,796,109510.80000000002,148.54769862720696,1001.0213160618542,108361.23098531095,0.030019719746654246,0.000295576896806293,0.02972414284984794,0.034188487454713166,-0.000735344761913388,8,26
PL-0021,PL,Metals,Short,1999-07-01,1999-10-01,Closed,13.0,13.0,3440710.418457522,66,92,-27820.000000000044,244.34024210857095,244.34826256022365,-28308.688504668837,-0.007973649410361721,0.00014204278278558358,-0.008115692193147304,0.0016079184356909667,-0.010661770012836393,0,1
ZT-0013,ZT,Government bonds,Short,1999-07-01,2000-08-01,Closed,10.0,10.0,3440710.418457522,283,397,10076.982000000058,568.4150739551691,751.6236079221902,8756.943318122698,0.003086119532606879,0.0003717610432384586,0.0027143584893684213,0.00482908928646718,-0.001724520345942527,7,4
6B-0026,6B,FX,Long,1999-08-02,1999-09-01,Closed,1.0,1.0,3431433.8253657743,22,30,-700.0000000000061,22.647497408898936,0.0,-722.6474974089051,-0.00020902177256218704,6.591098903461752e-06,-0.0002156128714656489,8.505790847139355e-05,-0.0005905398947941046,0,0
FCE-0002,FCE,Equity indices,Long,1999-08-02,2000-06-01,Closed,2.0,3.0,3431433.8253657743,218,304,46822.13150000003,64.45147442661624,367.1735133209057,46390.506512252505,0.01326628874111467,0.00011987674466332326,0.013146411996451349,0.013150538399954878,-0.0010886381474820989,3,10
GAS-0009,GAS,Energy,Long,1999-08-02,2001-08-01,Closed,6.0,8.0,3431433.8253657743,522,730,81775.0,783.2923333815628,4899.284265656752,76092.42340096169,0.022248718047309744,0.001458366016630214,0.020790352030679547,0.028181820991279846,-0.0003353085723055587,12,24
LE-0012,LE,Agriculture & livestock,Long,1999-08-02,2000-09-01,Closed,8.0,17.0,3431433.8253657743,284,396,-2570.0000000001037,740.323229222145,1683.5559801812847,-4993.879209403533,1.5566324694805446e-05,0.0006484744121613407,-0.0006329080874665382,0.005841989079825939,-0.0007215109759385763,7,7
LLG-0012,LLG,Government bonds,Short,1999-08-02,2000-08-01,Closed,2.0,3.0,3431433.8253657743,261,365,-1577.1340000000114,174.92027069698952,320.16820922256727,-2072.2224799195683,-0.0003820188688668506,0.00013428468671453499,-0.0005163035555813856,0.00522077697310325,-0.0024027162883860156,5,4
SI-0012,SI,Metals,Long,1999-08-02,2000-02-01,Closed,5.0,9.0,3431433.8253657743,131,183,-8490.000000000018,420.6529635287762,466.29543628986886,-9376.948399818664,-0.002541195664884986,0.0002481470447939471,-0.002789342709678935,0.0022045313429001397,-0.0040657800696504345,1,2
RS-0020,RS,Agriculture & livestock,Short,1999-08-03,2000-01-03,Closed,8.0,11.0,3382996.308247484,109,153,2733.798199999998,113.20779887144923,113.79445116274243,2506.7959499658064,0.0007897689958551497,6.54074864399304e-05,0.0007243615094152195,0.000794622134843628,-0.0005801195223807147,2,2
6B-0027,6B,FX,Short,1999-09-01,2001-09-04,Closed,2.0,7.0,3441258.0874350406,524,734,60300.00000000002,246.68155381716568,702.1917096114371,59351.12673657142,0.01554714081611934,0.00023037343469156405,0.015316767381427768,0.01902414477063532,-0.003396666613394544,11,8
YAP-0023,YAP,Equity indices,Long,1999-09-01,1999-12-01,Closed,1.0,1.0,3441258.0874350406,65,91,539.4224999999994,32.77044987503287,33.31053124467976,473.34151888028686,0.0001462182349894921,1.9048187803423713e-05,0.00012717004718606833,0.000376782260563655,-0.001024508471473503,0,1
ZL-0014,ZL,Agriculture & livestock,Short,1999-09-01,2001-08-01,Closed,2.0,33.0,3441258.0874350406,500,700,7542.000000000038,1113.0870926339137,4540.925933935864,1887.9869734302602,0.0032882150387460113,0.0013367160498388778,0.001951498988907125,0.01249393612385859,-0.002582765841218258,15,15
ZM-0009,ZM,Agriculture & livestock,Long,1999-09-01,1999-10-01,Closed,1.0,1.0,3441258.0874350406,22,30,189.99999999999773,23.385868284868444,23.224526645198484,143.38960506993078,5.752823271476869e-05,1.3547061650494369e-05,4.398117106427427e-05,0.00034520731825402214,-7.051757322958785e-05,0,1
6J-0009,6J,FX,Long,1999-10-01,1999-12-01,Closed,1.0,1.0,3451876.7073869877,43,61,1537.4999999999973,19.24634164927037,0.0,1518.253658350727,0.0004210024109171006,5.48322933510634e-06,0.0004155191815819943,0.0007919117171046347,-0.0008650407624590905,0,0
HG-0015,HG,Metals,Long,1999-10-01,2000-04-03,Closed,6.0,6.0,3451876.7073869877,131,185,-1237.4999999999825,166.47897585127572,224.83157735205782,-1628.810553203316,-0.0003314407281363097,0.00010831637440725503,-0.0004397571025435651,0.0018960096036913497,-0.002463890004850513,2,2
NG-0011,NG,Energy,Short,1999-10-01,2000-02-01,Closed,2.0,3.0,3451876.7073869877,87,123,-4179.999999999956,93.33997980339849,186.69721241032272,-4460.037192213678,-0.0010698600901165784,7.746675179507982e-05,-0.0011473268419116586,0.003460922821201664,-0.001743954988490436,3,4
PL-0022,PL,Metals,Long,1999-10-01,2000-06-01,Closed,2.0,10.0,3451876.7073869877,174,244,34579.99999999998,201.29048670472906,88.82849234297616,34289.88102095228,0.009235436945820267,7.798488030465372e-05,0.009157452065515614,0.013092670433884374,-0.0020296531645005297,6,2
SNK-0020,SNK,Equity indices,Long,1999-10-01,2000-03-01,Closed,1.0,3.0,3451876.7073869877,108,152,17133.462499999998,135.75478936594206,92.50976845590705,16905.197942178147,0.004697549996873882,6.28042669866003e-05,0.004634745729887281,0.004640570439536162,-0.0022630610316954638,3,1
ZB-0012,ZB,Government bonds,Short,1999-10-01,2000-06-01,Closed,1.0,1.0,3451876.7073869877,174,244,-3000.0,55.328052051978574,165.90798405414125,-3221.2360361061196,-0.000773920554641973,5.9610162388810196e-05,-0.0008335307170307837,0.0012386073099203883,-0.0015814695566839627,0,3
ZM-0010,ZM,Agriculture & livestock,Short,1999-10-01,2000-01-03,Closed,4.0,10.0,3451876.7073869877,66,94,670.0000000000728,238.42593349495337,407.11269245097026,24.461374054149132,0.0002165814392691752,0.00017732146448242643,3.925997478674865e-05,0.0010641232023506063,-0.0013461830806378132,2,2
GF-0015,GF,Agriculture & livestock,Long,1999-11-01,2001-04-02,Closed,3.0,14.0,3432817.560620496,370,518,9774.99999999992,608.7010525858907,3154.1991786927156,6012.099768721313,0.0027891867417873337,0.000916185323063533,0.001873001418723799,0.009664035440180492,-0.0006810238888492856,9,11
NKD-0016,NKD,Equity indices,Long,1999-12-01,2000-01-03,Closed,1.0,1.0,3571149.344102976,23,33,1075.0,50.17472944281894,48.38448579478168,976.4407847623994,0.00027677934105057184,2.7207138919547807e-05,0.0002495722021310241,0.0002899723121605939,-0.0008193617128790601,0,1
6J-0010,6J,FX,Long,2000-01-03,2000-03-01,Closed,1.0,1.0,3721932.571317096,42,58,-7600.000000000024,18.83912144583404,0.0,-7618.839121445858,-0.0020610904641697875,5.020496554621158e-06,-0.002066110960724409,0.0,-0.0032084025873163743,0,0
HE-0009,HE,Agriculture & livestock,Short,2000-01-03,2000-04-03,Closed,10.0,10.0,3721932.571317096,65,91,-12619.999999999995,246.33171843014082,171.6652637907384,-13037.996982220875,-0.0033594717929367754,0.00011201906506018325,-0.0034714908579969585,0.0027839769171499043,-0.0034714908579969585,1,1
KC-0013,KC,Agriculture & livestock,Short,2000-01-03,2002-11-01,Closed,1.0,7.0,3721932.571317096,739,1033,84075.00000000004,588.2832059123633,1868.824600333328,81617.89219375435,0.01954485118061301,0.000498472699674592,0.019046378480938427,0.022157329138255934,-0.0002550846035027929,18,14
ZF-0011,ZF,Government bonds,Short,2000-01-03,2000-03-01,Closed,2.0,2.0,3721932.571317096,42,58,-93.75199999999495,41.201209624862415,41.408204189229906,-176.36141381408729,-1.689329123164829e-05,2.1952752396763453e-05,-3.8846043628411756e-05,0.00044612930877003745,-0.0001937302822717063,0,1
ZM-0011,ZM,Agriculture & livestock,Long,2000-01-03,2001-04-02,Closed,13.0,13.0,3721932.571317096,325,455,27950.000000000044,640.7230235257014,1933.414580130828,25375.862396343513,0.007594082749022586,0.0006237888350487827,0.006970293913973795,0.018134041838471594,-4.24209106118721e-05,10,9
ZN-0013,ZN,Government bonds,Short,2000-01-03,2000-04-03,Closed,2.0,2.0,3721932.571317096,65,91,-4390.625,64.18858806475777,64.33343436964661,-4519.147022434405,-0.0011649479809817775,3.4219625273324313e-05,-0.001199167606255102,0.0005874547831766433,-0.001199167606255102,1,1
YAP-0024,YAP,Equity indices,Long,2000-01-04,2001-01-02,Closed,8.0,8.0,3729274.898978796,260,364,2707.399999999998,395.67132372751655,560.8134431512951,1750.915233121186,0.0008680410497591966,0.0002394097585115651,0.000628631291247631,0.0033997054150063204,-0.0031894358020011825,5,4
6A-0006,6A,FX,Short,2000-02-01,2001-07-02,Closed,2.0,6.0,3722485.3769313083,369,517,43169.999999999985,246.44283415220775,333.4255414133205,42590.131624434456,0.010824324360748826,0.00013976139278890832,0.010684562967959922,0.012431962576706713,-0.0003489966859204658,9,6
NG-0012,NG,Energy,Long,2000-02-01,2001-01-02,Closed,2.0,3.0,3722485.3769313083,240,336,79889.99999999997,93.76995160383942,446.6047612738386,79349.6252871223,0.01989706233915249,0.00013630674098273488,0.019760755598169758,0.02298818270899497,-0.0010948610753352718,5,11
LFT-0006,LFT,Equity indices,Short,2000-03-01,2000-09-01,Closed,1.0,2.0,3785070.722007029,132,184,-10467.587,40.86891296369478,41.59364770121442,-10550.04956066491,-0.0025258906828656714,2.1178056659842426e-05,-0.0025470687395255137,0.0016312899997324506,-0.0025470687395255137,1,2
NKD-0017,NKD,Equity indices,Long,2000-03-01,2000-06-01,Closed,1.0,1.0,3785070.722007029,66,92,-15725.0,49.67320358374231,49.26667706472243,-15823.939880648466,-0.004129894527883965,2.6052592040643165e-05,-0.0041559471199246086,0.0008447351138471458,-0.005371737019836201,0,1
RS-0021,RS,Agriculture & livestock,Short,2000-03-01,2001-06-01,Closed,21.0,93.0,3785070.722007029,327,457,-8871.26320000002,1225.1291833667312,3990.62372790316,-14087.01611126991,-0.0011727700131743857,0.0012157414938405713,-0.0023885115070149503,0.006880045137154956,-0.0025617758596531972,12,6
SB-0009,SB,Agriculture & livestock,Short,2000-03-01,2000-04-03,Closed,9.0,9.0,3785070.722007029,23,33,-8366.4,225.87741848541123,0.0,-8592.277418485412,-0.0022252856705994744,6.0143988139309875e-05,-0.0022854296587387843,0.0002882441002478855,-0.0022854296587387843,0,0
SI-0013,SI,Metals,Short,2000-03-01,2002-04-01,Closed,3.0,18.0,3785070.722007029,543,761,59825.00000000003,1073.1018788809952,3972.446779693517,54779.45134142552,0.014458023316038474,0.0011281298496819297,0.013329893466356523,0.017306984861853565,-0.0004902586343232922,13,10
SJB-0001,SJB,Government bonds,Long,2000-03-01,2000-05-01,Closed,4.0,4.0,3785070.722007029,43,61,6137.095999999994,165.54847561320975,155.1621828168224,5816.385341569961,0.0016298752145707165,8.415234119191042e-05,0.0015457228733788057,0.001573418011916872,-0.0008239235347902523,0,1
6E-0001,6E,FX,Short,2000-04-03,2001-09-04,Closed,2.0,3.0,3726677.8378632013,371,519,17800.000000000022,97.12534946490453,274.09381073586206,17428.780839799252,0.004908478463953657,8.528544217480727e-05,0.0048231930217788495,0.011805914085004527,-0.00038139256129386516,5,5
FGBL-0001,FGBL,Government bonds,Short,2000-04-03,2000-09-01,Closed,4.0,8.0,3726677.8378632013,109,151,-4014.812999999971,202.1198297411392,114.95741207319196,-4331.8902418143025,-0.0009566744029325793,8.121332103905332e-05,-0.0010378877239716326,0.0027122706473778615,-0.0016237023122916967,3,1
FSMI-0001,FSMI,Equity indices,Long,2000-04-03,2001-04-02,Closed,3.0,8.0,3726677.8378632013,260,364,-30870.888000000003,164.21898549259424,526.0073660166422,-31561.114351509237,-0.006456161904072009,0.00016273715222497225,-0.006618899056296981,0.007211685017201021,-0.010285982410516849,5,4
HE-0010,HE,Agriculture & livestock,Long,2000-04-03,2001-05-01,Closed,6.0,9.0,3726677.8378632013,281,393,11580.000000000002,290.8515082993143,1152.046767395961,10137.101724304726,0.002367760996303854,0.00034687932610754784,0.002020881670196307,0.004465937496222103,-0.006434285629141166,7,8
SB-0010,SB,Agriculture & livestock,Long,2000-04-03,2001-08-01,Closed,12.0,12.0,3726677.8378632013,347,485,8624.000000000011,703.3104344395724,1235.7165054997129,6684.973060060725,0.0028871060232273523,0.0004575591449968827,0.0024295468782304687,0.008390730425677543,-0.00040138319780424743,9,6
SNK-0021,SNK,Equity indices,Long,2000-04-03,2000-06-01,Closed,1.0,1.0,3726677.8378632013,43,59,-18966.749999999996,44.97550065795007,0.0,-19011.725500657947,-0.005022004215064072,1.1888705474777983e-05,-0.00503389292053885,8.16406013802369e-05,-0.005956667145879519,0,0
ZS-0014,ZS,Agriculture & livestock,Long,2000-04-03,2000-06-01,Closed,2.0,3.0,3726677.8378632013,43,59,-5912.5,82.00627422306206,54.221259478485585,-6048.727533701548,-0.0015609836051686758,3.5874123072939944e-05,-0.0015968577282416158,0.00037297841254871095,-0.0018007166388575415,1,1
6C-0010,6C,FX,Short,2000-05-01,2001-10-01,Closed,9.0,10.0,3816291.8562842077,370,518,36150.00000000009,399.42373473815394,995.2212378203183,34755.35502744161,0.008551694821524016,0.0003173947187014661,0.008234300102822554,0.009824748276574008,-0.000730663886325835,10,6
HG-0016,HG,Metals,Long,2000-05-01,2000-07-05,Closed,1.0,1.0,3816291.8562842077,47,65,300.0000000000044,27.80642702054046,27.379319418476264,244.81425356098765,8.057006885419473e-05,1.412392878363377e-05,6.644614007056095e-05,0.00033123586360250785,-4.568671777280442e-05,0,1
SJB-0002,SJB,Government bonds,Short,2000-05-01,2000-06-01,Closed,7.0,7.0,3816291.8562842077,23,31,-6434.182999999968,335.1330930915503,0.0,-6769.316093091518,-0.00165821672839877,8.753496161687495e-05,-0.0017457516900156447,0.0001673692797026844,-0.001992714015046155,0,0
FDAX-0001,FDAX,Equity indices,Long,2000-05-02,2000-12-01,Closed,1.0,1.0,3799419.8396343905,153,213,-26900.821249999986,26.761728502110884,54.60311415273121,-26982.18609265483,-0.006617798486866494,2.0183163661768023e-05,-0.006637981650528263,0.0,-0.007243153008386215,0,2
FGBM-0001,FGBM,Government bonds,Short,2000-05-02,2000-10-02,Closed,12.0,13.0,3799419.8396343905,109,153,-3188.13199999996,372.6342499713263,507.51794598527647,-4068.284195956563,-0.0007009374253748864,0.00022079792068604664,-0.0009217353460609328,0.0023465117147514446,-0.0017449858070031545,2,2
FGBS-0001,FGBS,Government bonds,Short,2000-05-02,2001-01-02,Closed,28.0,44.0,3799419.8396343905,175,245,-44481.45899999959,992.753320345216,1501.0283488860355,-46975.24066923084,-0.010005521629603088,0.0006004262911013337,-0.010605947920704422,0.004185715958862082,-0.010605947920704422,5,3
6J-0011,6J,FX,Long,2000-06-01,2000-07-03,Closed,2.0,2.0,3843785.4324492016,22,32,4975.000000000007,41.78482442072335,41.5556666666683,4891.659508912616,0.0013020884301521596,2.1479750914077544e-05,0.001280608679238082,0.002140939890288989,-5.152990434095639e-06,0,1
NKD-0018,NKD,Equity indices,Short,2000-06-01,2000-09-01,Closed,1.0,2.0,3843785.4324492016,66,92,-3775.0,101.89764213684049,48.65571692880013,-3925.553359065641,-0.0008606281488365681,3.810124702068442e-05,-0.0008987293958572522,0.0018197378522282035,-0.0019423876978076203,1,1
SNK-0022,SNK,Equity indices,Short,2000-06-01,2002-09-02,Closed,1.0,4.0,3843785.4324492016,587,823,53054.65750000002,357.7070335565518,817.144569073162,51879.80589737031,0.012000857149166945,0.00024896140258432234,0.011751895746582619,0.01592670941522062,-0.0017555143393293538,10,9
ZB-0013,ZB,Government bonds,Long,2000-06-01,2000-09-01,Closed,2.0,3.0,3843785.4324492016,66,92,9906.25,166.5030829084537,166.99957069881907,9572.747346392727,0.002476436761104913,8.224621843948948e-05,0.002394190542665423,0.0024144908741317046,-0.00025011875544781955,1,1
ZF-0012,ZF,Government bonds,Short,2000-06-01,2000-08-01,Closed,2.0,2.0,3843785.4324492016,43,61,-2718.75,42.131206580679404,0.0,-2760.881206580679,-0.0006934644895420268,1.0776599824498068e-05,-0.0007042410893665247,0.0,-0.0007042410893665247,1,0
ZN-0014,ZN,Government bonds,Long,2000-06-01,2004-05-03,Closed,4.0,9.0,3843785.4324492016,1022,1432,157609.375,769.6060772675827,2305.507688055435,154534.261234677,0.030884858799345338,0.0005780188258667439,0.03030683997347862,0.03310399419236978,-1.6735760695000414e-05,21,15
ZS-0015,ZS,Agriculture & livestock,Short,2000-06-01,2000-07-03,Closed,4.0,4.0,3843785.4324492016,22,32,10400.0,109.23578083690225,109.04737356617598,10181.716845596922,0.0026661069340346384,5.585687537109178e-05,0.0026102500586635464,0.0026240236161804258,-0.0005986449185878364,0,1
6M-0005,6M,FX,Long,2000-07-03,2000-09-01,Closed,1.0,1.0,3945147.5737358304,44,60,2587.4999999999995,17.59222500534477,0.0,2569.9077749946546,0.0006392438251245197,4.367001367410324e-06,0.0006348768237571093,0.0006664822698026634,-2.1058595494865723e-06,0,0
6S-0011,6S,FX,Short,2000-07-03,2000-09-01,Closed,2.0,2.0,3945147.5737358304,44,60,8649.99999999999,39.10444655602641,0.0,8610.895553443965,0.0021597112247036167,9.72225694475343e-06,0.0021499889677588633,0.0025443145049494627,-0.000288474184106516,0,0
ES-0002,ES,Equity indices,Short,2000-07-03,2000-08-01,Closed,2.0,2.0,3945147.5737358304,21,29,4300.0,56.56351891818542,0.0,4243.436481081814,0.0010727673639871248,1.4242586109325058e-05,0.0010585247778777996,0.0014528713023093662,-0.0008481174451115403,0,0
FESX-0001,FESX,Equity indices,Long,2000-07-03,2001-01-02,Closed,2.0,4.0,3945147.5737358304,131,183,-17466.439,113.8597731661763,176.22693230766066,-17756.525705473836,-0.004127403733936854,6.86615600942454e-05,-0.0041960652940311,0.0019211067601657933,-0.0047894121315830915,3,2
HTW-0004,HTW,Equity indices,Short,2000-07-03,2000-08-01,Closed,2.0,2.0,3945147.5737358304,21,29,2140.000000000001,48.449785786496086,49.04194746658716,2042.5082667469176,0.0005327521565054532,2.4470023627335858e-05,0.0005082821328781175,0.000888208998735453,-0.0006321962013950161,0,1
GC-0011,GC,Metals,Long,2000-07-05,2000-08-01,Closed,4.0,4.0,3969571.3484381265,19,27,-3439.9999999999636,96.24802089609358,96.27995776715694,-3632.5279786632145,-0.0008640239175502988,4.8199795855503357e-05,-0.0009122237134058022,0.0,-0.0009122237134058022,0,1
HG-0017,HG,Metals,Short,2000-07-05,2000-08-01,Closed,8.0,8.0,3969571.3484381265,19,27,-10199.999999999989,224.46860662930942,0.0,-10424.468606629298,-0.0025470397775013195,5.634187714015582e-05,-0.0026033816546414752,0.0005261493708730267,-0.0026254555655541535,0,0
PL-0023,PL,Metals,Long,2000-07-05,2000-08-01,Closed,3.0,3.0,3969571.3484381265,19,27,11025.0,54.154464616804546,0.0,10970.845535383196,0.002759745804629117,1.3590278725263176e-05,0.002746155525903854,0.00275324396871004,-6.501835919077206e-06,0,0
6J-0012,6J,FX,Short,2000-08-01,2001-11-01,Closed,3.0,4.0,3998757.387934851,327,457,55312.500000000015,200.46571860762964,249.6316874408435,54862.40259395154,0.012297096426010314,9.849574773048313e-05,0.012198600678279827,0.012344832941297948,-0.0025647418387697114,10,5
CGB-0003,CGB,Government bonds,Long,2000-08-01,2001-03-01,Closed,9.0,17.0,3998757.387934851,152,212,34945.15600000001,383.0245346975007,731.9143218212016,33830.217143481306,0.00816256444643531,0.0002583236278248283,0.007904240818610483,0.008919213491451862,-0.0005060520379503424,4,3
ES-0003,ES,Equity indices,Long,2000-08-01,2000-09-01,Closed,3.0,3.0,3998757.387934851,23,31,11362.5,83.74068973513558,0.0,11278.759310264864,0.0027865087765607476,2.066827806982865e-05,0.002765840498490919,0.0027760326662388188,-1.047611032192877e-05,0,0
HTW-0005,HTW,Equity indices,Long,2000-08-01,2000-09-01,Closed,2.0,2.0,3998757.387934851,23,31,-5179.999999999999,48.96042479182075,48.05642049606862,-5277.016845287888,-0.0012523804294066814,2.37626897620705e-05,-0.001276143119168752,0.0004903302992899066,-0.001276143119168752,0,1
LLG-0013,LLG,Government bonds,Long,2000-08-01,2000-11-01,Closed,3.0,3.0,3998757.387934851,66,92,1385.237999999983,108.63952026997597,104.24085558606023,1172.3576241439469,0.00034448661331755795,5.166817511691351e-05,0.0002928184382006446,0.0009736284570190364,-0.0017760923367199097,0,1
ZF-0013,ZF,Government bonds,Long,2000-08-01,2004-05-03,Closed,10.0,15.0,3998757.387934851,979,1371,169453.156,901.0166837988596,2272.893777905772,166279.24553829536,0.032562465199792494,0.0005937185120567552,0.03196874668773574,0.03550860163794515,-2.8454997127976876e-05,26,15
ZS-0016,ZS,Agriculture & livestock,Short,2000-08-01,2000-12-01,Closed,8.0,8.0,3998757.387934851,88,122,-18100.0,220.0518579691413,439.97721779888207,-18760.029075768023,-0.0042338178488026835,0.0001580344167512238,-0.004391852265553908,0.0003876377718150878,-0.005985590501723303,0,2
FGBL-0002,FGBL,Government bonds,Long,2000-09-01,2000-11-01,Closed,10.0,10.0,4106022.1165537117,43,61,1602.0299999999993,224.19454857254186,220.90641558460692,1156.9290358428505,0.0003644798861351474,0.00010682373257208136,0.0002576561535630657,0.0008283923423441897,-0.002632527140484979,0,1
HG-0018,HG,Metals,Long,2000-09-01,2000-12-01,Closed,7.0,7.0,4106022.1165537117,65,91,-7874.999999999999,197.51548715988542,196.88044538863014,-8269.395932548514,-0.0018923250048321454,9.177735599576447e-05,-0.00198410236082791,0.0015999690303980046,-0.0032269855005763663,0,1
HTW-0006,HTW,Equity indices,Short,2000-09-01,2001-04-02,Closed,3.0,3.0,4106022.1165537117,151,213,22530.0,72.08198107824428,333.7547662806639,22124.16325264109,0.005376575360736379,9.413074617156126e-05,0.00528244461456482,0.006977710851061023,-0.0010554912854217188,2,7
LE-0013,LE,Agriculture & livestock,Short,2000-09-01,2000-11-01,Closed,8.0,8.0,4106022.1165537117,43,61,-12480.000000000018,203.93425398142324,202.23278874965672,-12886.167042731096,-0.0029748190057299704,9.774432007816263e-05,-0.003072563325808133,0.00046237964233163104,-0.0034246061396693075,0,1
ZT-0014,ZT,Government bonds,Short,2000-09-01,2000-10-02,Closed,13.0,13.0,4106022.1165537117,21,31,-2841.6700000000783,591.2238997254427,0.0,-3432.893899725521,-0.0006753010069270028,0.0001438256858473689,-0.0008191266927743717,0.0005808192231267822,-0.0008242117892862497,0,0
6S-0012,6S,FX,Short,2000-10-02,2000-12-01,Closed,1.0,1.0,4114016.0461893594,44,60,-75.00000000000591,18.987027977606957,0.0,-93.98702797761287,4.302508505253185e-06,4.498745794520147e-06,-1.9623728926698307e-07,0.0008406931629246847,-2.3312421280343465e-06,0,0
FGBM-0002,FGBM,Government bonds,Long,2000-10-02,2000-11-01,Closed,13.0,13.0,4114016.0461893594,22,30,3370.6790000000706,305.63566325961796,0.0,3065.0433367404526,0.0008206655145231712,7.304393231834778e-05,0.0007476215822048234,0.0016746022846307327,-0.00047753632405524203,0,0
GC-0012,GC,Metals,Short,2000-10-02,2001-10-01,Closed,11.0,12.0,4114016.0461893594,260,364,18029.999999999978,361.55915011219844,999.6185139234033,16668.822335964374,0.004386225442065987,0.0003029221736839782,0.004083303268382011,0.006843657532202719,-0.0006899998448771312,7,5
LFT-0007,LFT,Equity indices,Short,2000-10-02,2001-10-01,Closed,2.0,3.0,4114016.0461893594,260,364,62871.21299999997,99.4398633895868,224.1397274087937,62547.63340920159,0.013615407713643583,6.964999979687495e-05,0.01354575771384671,0.015257053985041876,-0.0008644287163863318,4,4
NQ-0001,NQ,Equity indices,Long,2000-10-02,2000-12-01,Closed,1.0,1.0,4114016.0461893594,44,60,-19120.0,16.034728131280424,0.0,-19136.03472813128,-0.004501098701644815,3.7983844253433673e-06,-0.00450489708607016,0.0,-0.004699126468456582,0,0
SJB-0003,SJB,Government bonds,Long,2000-10-02,2001-02-01,Closed,8.0,13.0,4114016.0461893594,88,122,40663.39600000006,439.2721412111756,694.0686310838629,39530.055227705016,0.009436975961137312,0.0002626571016973205,0.009174318859439989,0.010236179410482034,-3.179515711232189e-05,3,1
ZT-0015,ZT,Government bonds,Long,2000-10-02,2001-08-01,Closed,12.0,12.0,4114016.0461893594,217,303,29109.76600000002,635.7828208097528,549.021691748131,27924.96148744214,0.0066333734767292435,0.00027231322413586454,0.006361060252593379,0.0064059625384482915,-0.0007116126013379833,6,3
ES-0004,ES,Equity indices,Short,2000-11-01,2001-10-01,Closed,2.0,3.0,4258342.549520762,238,334,65137.5,163.2303341867551,330.2926458097933,64643.977020003455,0.014193895019601945,0.00010502094628440537,0.014088874073317543,0.01608190500670953,-0.0003493462153476478,5,4
FGBL-0003,FGBL,Government bonds,Short,2000-11-01,2000-12-01,Closed,12.0,12.0,4258342.549520762,22,30,-16924.164000000004,267.81430223237044,0.0,-17191.978302232375,-0.0038738267199413473,6.233882965501052e-05,-0.003936165549596358,0.0012144339602816346,-0.004051453560929411,0,0
FGBM-0003,FGBM,Government bonds,Short,2000-11-01,2000-12-01,Closed,18.0,18.0,4258342.549520762,22,30,-16307.279999999955,417.8024940312324,0.0,-16725.082494031187,-0.0037458186546343785,9.724880740364405e-05,-0.0038430674620380223,0.001014340839441976,-0.003941025230216116,0,0
LE-0014,LE,Agriculture & livestock,Long,2000-11-01,2001-10-01,Closed,12.0,13.0,4258342.549520762,238,334,-10299.999999999956,537.3893449902657,1116.1514042032302,-11953.540749193453,-0.0009761477533664406,0.00036401548107385467,-0.0013401632344402928,0.008309114257317363,-0.0013986777126640225,7,5
LLG-0014,LLG,Government bonds,Short,2000-11-01,2000-12-01,Closed,6.0,6.0,4258342.549520762,22,30,-19532.171999999995,218.35162857993606,213.60124975820423,-19964.124878338138,-0.0044889822210673475,9.997606486027041e-05,-0.004588958285927617,0.0001774814844029752,-0.004588958285927617,0,1
NKD-0019,NKD,Equity indices,Short,2000-11-01,2001-12-03,Closed,2.0,3.0,4258342.549520762,283,397,29375.0,250.7527539207551,295.34141067088353,28828.90583540836,0.006543411677742458,0.00011924152453671793,0.006424170153205739,0.007390327244267943,-0.001172323259373827,5,4
ZB-0014,ZB,Government bonds,Long,2000-11-01,2000-12-01,Closed,1.0,1.0,4258342.549520762,22,30,2000.0,55.314027935013456,55.35606172411809,1889.3299103408685,0.0004575371931858248,2.551020107993847e-05,0.00043202699210588644,0.0005681633273477195,-0.0003015290803022939,0,1
FDAX-0002,FDAX,Equity indices,Short,2000-12-01,2001-10-01,Closed,1.0,1.0,4335060.927742416,216,304,54752.341249999976,26.24619669710841,103.46952257025751,54622.62553073261,0.011607586965416621,2.7492807490186513e-05,0.011580094157926437,0.013654523866148776,-0.0013720006589438224,0,4
FGBL-0004,FGBL,Government bonds,Long,2000-12-01,2002-01-02,Closed,12.0,13.0,4335060.927742416,283,397,26703.38800000006,372.39351373807943,1009.2183904909937,25321.776095770987,0.005840632519330675,0.0003004097258775127,0.005540222793453163,0.008906994469127799,-0.0005250546616108749,6,5
FGBM-0004,FGBM,Government bonds,Long,2000-12-01,2002-04-02,Closed,19.0,19.0,4335060.927742416,347,487,34093.24199999996,764.597803429457,1518.9763924150297,31809.667804155473,0.008114172732691714,0.0004890607937356962,0.007625111938956016,0.01349618106912903,-5.068424247167461e-05,12,6
HG-0019,HG,Metals,Short,2000-12-01,2001-09-04,Closed,6.0,6.0,4335060.927742416,197,277,25337.50000000001,220.74531385492537,417.1675476371325,24699.587138507955,0.0055442673056373,0.0001380384349837662,0.0054062288706535335,0.00548417950142664,-0.001165298308805816,4,4
LLG-0015,LLG,Government bonds,Long,2000-12-01,2001-06-01,Closed,6.0,7.0,4335060.927742416,130,182,-14890.047999999986,239.57517168669898,308.1453537374632,-15437.76852542415,-0.003138296162940053,0.00012155769379978934,-0.0032598538567398428,0.002592646974234339,-0.004039744270900661,4,2
NQ-0002,NQ,Equity indices,Short,2000-12-01,2002-06-03,Closed,1.0,4.0,4335060.927742416,391,549,56960.00000000001,78.63331242257402,190.59823523563313,56690.76845234181,0.011946521944036443,5.37258755412236e-05,0.011892796068495219,0.012078948976128254,-0.0018976383281848524,4,6
SXF-0001,SXF,Equity indices,Long,2000-12-01,2001-02-01,Closed,1.0,1.0,4335060.927742416,44,62,2237.582000000006,31.94118110455426,28.64613480874641,2176.994684086705,0.0005230637515162637,1.4014091401780074e-05,0.0005090496601144836,0.001242955415816753,-0.0008041276662520316,0,1
ZS-0017,ZS,Agriculture & livestock,Long,2000-12-01,2001-01-02,Closed,4.0,4.0,4335060.927742416,22,32,-2850.0,110.83068712928616,110.63491894827617,-3071.4656060775624,-0.0006560634791859877,5.0903304469216526e-05,-0.0007069667836552043,0.00015740382537865173,-0.0007069667836552043,0,1
6M-0006,6M,FX,Long,2001-01-02,2002-04-01,Closed,2.0,17.0,4375618.832430259,324,454,50974.99999999995,514.9216123759697,910.2957380399857,49549.782649584,0.010289276583334166,0.00028423247040748584,0.01000504411292668,0.010045012558249137,-0.0003467246902373528,10,5
6S-0013,6S,FX,Short,2001-01-02,2001-03-01,Closed,1.0,1.0,4375618.832430259,42,58,2712.4999999999914,18.786641369992644,0.0,2693.7133586299988,0.0006287531499191781,4.2262204522017035e-06,0.0006245269294669765,0.0010558037940187886,-2.2088805906020137e-05,0,0
CT-0012,CT,Agriculture & livestock,Short,2001-01-02,2002-10-01,Closed,7.0,7.0,4375618.832430259,455,637,55440.000000000015,328.1745416591836,664.5040170034796,54447.32144133736,0.012416262911835424,0.00019890022233866206,0.012217362689496757,0.016524670858298268,-0.0013643200950509125,12,7
FESX-0002,FESX,Equity indices,Short,2001-01-02,2002-07-01,Closed,3.0,5.0,4375618.832430259,389,545,64463.293000000034,263.10225192628417,393.16453055019224,63807.026217523555,0.013642739816278868,0.00013085349554929707,0.013511886320729574,0.015726062534989736,-0.0006390066596781038,10,6
FGBS-0002,FGBS,Government bonds,Long,2001-01-02,2002-04-02,Closed,37.0,37.0,4375618.832430259,325,455,1328.2500000002879,1605.984062299781,2010.6772608591373,-2288.4113231586307,0.0002523115674986234,0.0007462356121099606,-0.0004939240446113358,0.005818318033012117,-0.0037947115147357415,12,5
ZS-0018,ZS,Agriculture & livestock,Short,2001-01-02,2001-08-01,Closed,11.0,11.0,4375618.832430259,151,211,21100.0,383.7980482790561,602.2439904011426,20113.9579613198,0.005017582667952995,0.00021489549258143294,0.004802687175371562,0.008067118717006109,-0.000314550231086857,5,4
CC-0028,CC,Agriculture & livestock,Long,2001-02-01,2001-06-01,Closed,1.0,6.0,4305868.595449116,86,120,-4820.0,189.39147612007724,46.87966565178139,-5056.271141771859,-0.001039393780999032,5.176088746490364e-05,-0.0010911546684639355,0.0010132460108439535,-0.001166701194776689,3,2
FCE-0003,FCE,Equity indices,Short,2001-02-01,2002-04-02,Closed,3.0,4.0,4305868.595449116,303,425,63922.63200000002,92.10708905156615,545.4784637894566,63285.046447158995,0.013730600778798308,0.00013143946468980894,0.013599161314108496,0.016992864858539715,-5.5431372101404055e-06,4,14
SXF-0002,SXF,Equity indices,Short,2001-02-01,2002-08-01,Closed,2.0,5.0,4305868.595449116,390,546,79090.19000000008,181.37644734431498,608.2209572251361,78300.59259543063,0.0160554125772472,0.0001549718741176884,0.015900440703129515,0.018075954807855225,-7.750651213048042e-06,5,6
ZB-0015,ZB,Government bonds,Long,2001-02-01,2001-04-02,Closed,1.0,1.0,4305868.595449116,42,60,-937.5,55.30839604197802,55.28409605778935,-1048.0924920997672,-0.00019881248987584354,2.4494064632013997e-05,-0.00022330655450785743,0.00042251295411500233,-0.000441416309217726,0,1
NG-0013,NG,Energy,Long,2001-03-01,2001-07-02,Closed,1.0,1.0,4519232.283880921,87,123,-22640.0,23.447528549239397,93.46757228891566,-22756.915100838156,-0.004868699602773819,2.5165481533754094e-05,-0.004893865084307573,0.0009095234927590642,-0.004935775930515656,0,4
YAP-0025,YAP,Equity indices,Short,2001-03-01,2001-05-01,Closed,8.0,8.0,4519232.283880921,43,61,4955.370000000011,238.69287537923157,221.4655760421223,4495.211548578657,0.0011024675166197988,9.993882710901912e-05,0.0010025286895107798,0.004186115711391307,-0.00043503074607371137,1,1
CGB-0004,CGB,Government bonds,Long,2001-04-02,2001-07-03,Closed,2.0,5.0,4692164.113545758,66,92,-6011.351000000007,108.64848573282845,63.847409377394484,-6183.84689511023,-0.0012448796262923916,3.7128177402510136e-05,-0.0012820078036949016,0.0005587014464762504,-0.0012820078036949016,2,1
FSMI-0002,FSMI,Equity indices,Short,2001-04-02,2002-04-02,Closed,1.0,5.0,4692164.113545758,261,365,34775.856,161.29773474737067,253.95598206082605,34360.6022831918,0.0074542527479895945,8.221657109550547e-05,0.007372036176894088,0.014162590143266074,-0.000994564759799588,7,4
GF-0016,GF,Agriculture & livestock,Short,2001-04-02,2001-05-01,Closed,1.0,1.0,4692164.113545758,21,29,-637.5000000000028,32.67811585121872,29.099817331386227,-699.2779331826079,-0.00013777458324018018,1.3387816143591225e-05,-0.0001511623993837714,0.0,-0.00015555364676985274,0,1
GF-0017,GF,Agriculture & livestock,Long,2001-05-01,2001-07-02,Closed,8.0,8.0,4555315.817953104,44,62,100.00000000002274,279.2889532378259,300.11024131040733,-479.3991945482105,3.305121653682087e-05,0.0001256380175245842,-9.258680098776326e-05,0.0009204993390616481,-0.001097437951216892,0,1
SJB-0004,SJB,Government bonds,Long,2001-05-01,2001-12-03,Closed,4.0,10.0,4555315.817953104,154,216,-2764.0310000000045,407.49101398889525,900.9662157413279,-4072.4882297302274,-0.0004977916871302809,0.000269011414104169,-0.0007668031012344487,0.002397034026102075,-0.0012430470158498097,4,2
YAP-0026,YAP,Equity indices,Long,2001-05-01,2001-07-02,Closed,1.0,1.0,4555315.817953104,44,62,1027.1825000000001,29.763409110459012,27.71691576984947,969.7021751196916,0.00022308427713391452,1.221848895863133e-05,0.00021086578817528323,0.0002665582569874554,-5.185551307892736e-05,0,1
6S-0014,6S,FX,Short,2001-06-01,2001-07-02,Closed,3.0,3.0,4619978.628314799,21,31,412.49999999999704,60.157564394339765,64.35318799002796,287.9892476156293,8.192515108384655e-05,2.6401280548324077e-05,5.5523870535522375e-05,0.00022863782225434877,-0.00071431244023008,0,1
CC-0029,CC,Agriculture & livestock,Short,2001-06-01,2001-07-02,Closed,9.0,9.0,4619978.628314799,21,31,-1980.0,214.89209228263132,215.99666308904924,-2410.888755371681,-0.00039589758597416533,9.143184618948904e-05,-0.0004873294321636546,0.000981956597209652,-0.0005404883460811368,0,1
HE-0011,HE,Agriculture & livestock,Long,2001-06-01,2002-03-01,Closed,6.0,7.0,4619978.628314799,195,273,2559.9999999999964,171.33590233875378,826.7225170730292,1561.9415805882134,0.0009012503247571406,0.00020179063661636366,0.000699459688140777,0.004729840304894917,-4.067055453134313e-05,3,6
LLG-0016,LLG,Government bonds,Short,2001-06-01,2001-08-01,Closed,2.0,2.0,4619978.628314799,43,61,-2894.539999999999,67.73126311748982,0.0,-2962.271263117489,-0.000608649056216406,1.4373272381333311e-05,-0.0006230223285977393,0.0008257427635844365,-0.0008005970115089176,0,0
RS-0022,RS,Agriculture & livestock,Long,2001-06-01,2003-03-03,Closed,12.0,68.0,4619978.628314799,456,640,13234.676000000041,1283.8081188194371,3991.0231330384563,7959.844748142148,0.003378484876591511,0.0009563125193448943,0.0024221723572466075,0.009080460215981266,-0.000505123660908759,16,9
ZB-0016,ZB,Government bonds,Long,2001-06-01,2002-04-01,Closed,3.0,5.0,4619978.628314799,216,304,-8906.25,389.28660245929007,558.169411558121,-9853.70601401741,-0.0014267720044039377,0.0001854268668194995,-0.0016121988712234359,0.006095167732828399,-0.0020199842647967425,5,3
ZM-0012,ZM,Agriculture & livestock,Long,2001-06-01,2001-12-03,Closed,10.0,11.0,4619978.628314799,131,185,4780.000000000029,329.6482122237728,1214.0550734019882,3236.296714374268,0.00119465470916618,0.0003085910309027552,0.0008860636782634236,0.004642913416832025,-0.00010711492769594784,3,5
CC-0030,CC,Agriculture & livestock,Long,2001-07-02,2003-07-01,Closed,9.0,13.0,4732468.812198972,521,729,50040.0,666.380295278247,1696.4908236211022,47677.128881100645,0.010374648976443362,0.00042818266489053747,0.009946466311552828,0.019992024091870994,-0.002032991820381228,15,10
GF-0018,GF,Agriculture & livestock,Short,2001-07-02,2002-01-02,Closed,11.0,12.0,4732468.812198972,132,184,-4900.0000000000655,397.4913976583544,1151.4050102491358,-6448.896407907556,-0.0009327750078985195,0.0003042725608618668,-0.001237047568760385,0.0032812164282004924,-0.0014283283675730666,4,4
YAP-0027,YAP,Equity indices,Short,2001-07-02,2002-01-02,Closed,9.0,9.0,4732468.812198972,132,184,19774.717500000002,293.6401742863245,226.86236755004725,19254.214958163633,0.004158821191913614,0.0001027777501862861,0.0040560434417273306,0.008180121858074901,-0.000250120793812143,3,2
CGB-0005,CGB,Government bonds,Short,2001-07-03,2001-08-01,Closed,7.0,7.0,4712000.093422718,21,29,-9432.898999999998,166.71734493291117,0.0,-9599.616344932909,-0.0019789523803258597,3.5044639967929736e-05,-0.0020139970202937897,9.956208727250366e-05,-0.002376087386332713,0,0
BRN-0019,BRN,Energy,Short,2001-08-01,2002-04-02,Closed,5.0,5.0,4803152.429399254,174,244,-25359.999999999996,233.7446187368471,565.0366751457029,-26158.78129388255,-0.005237330738776751,0.00015488900923546394,-0.005392219748012215,0.0036798812251814493,-0.005392219748012215,5,8
CGB-0006,CGB,Government bonds,Long,2001-08-01,2004-05-03,Closed,5.0,14.0,4803152.429399254,718,1006,70493.76599999996,644.4173694649537,1729.108669565806,68120.23996096921,0.011952581109430002,0.0003950431696700763,0.011557537939759926,0.012601936196202002,-0.0017287424054546149,18,11
GAS-0010,GAS,Energy,Short,2001-08-01,2002-10-01,Closed,6.0,6.0,4803152.429399254,304,426,-19050.0,598.5025683253917,2952.413398628669,-22600.91596695406,-0.0034911939430750183,0.0006685672829741196,-0.004159761226049137,0.0037654083138076383,-0.0056090349540518294,7,14
LLG-0017,LLG,Government bonds,Long,2001-08-01,2002-01-02,Closed,5.0,5.0,4803152.429399254,110,154,8139.087999999998,169.86405503365972,274.5704914252773,7694.653453541061,0.001717861253276285,8.902948563676776e-05,0.0016288317676395178,0.005326631168153156,-0.0005112316248479924,2,2
SB-0011,SB,Agriculture & livestock,Short,2001-08-01,2002-01-02,Closed,2.0,4.0,4803152.429399254,110,154,-3404.7999999999943,125.03548604155826,24.909938032607048,-3554.7454240741595,-0.0006361345691860709,2.919856838496281e-05,-0.0006653331375710336,0.0006372432732772278,-0.0007175793771700737,3,1
ZL-0015,ZL,Agriculture & livestock,Long,2001-08-01,2001-09-04,Closed,5.0,5.0,4803152.429399254,24,34,-6839.999999999997,87.29392971721359,86.59066276569982,-7013.88459248291,-0.001396565210482586,3.564292591735566e-05,-0.0014322081363999416,0.00029752832399865,-0.0014322081363999416,0,1
ZS-0019,ZS,Agriculture & livestock,Long,2001-08-01,2001-09-04,Closed,6.0,6.0,4803152.429399254,24,34,-9225.0,164.73373347908216,165.42156279784848,-9555.155296276931,-0.001876029980535503,6.767131917407656e-05,-0.0019437012997095796,0.0008919100164400755,-0.002092566876406232,0,1
6B-0028,6B,FX,Long,2001-09-04,2001-12-03,Closed,5.0,5.0,4916131.114166855,64,90,2312.499999999996,106.74088798207839,113.52761727464447,2092.2314947432733,0.0005206109284089101,4.3016831097719206e-05,0.0004775940973111912,0.002269854503969213,-0.00038566390931974023,1,1
6E-0002,6E,FX,Long,2001-09-04,2002-01-02,Closed,3.0,3.0,4916131.114166855,86,120,9387.500000000071,77.1149447721907,122.60589295920187,9187.779162268678,0.0019901071928199454,3.873041632696292e-05,0.0019513767764929816,0.0032729659440052716,-5.562863571799881e-05,2,2
6S-0015,6S,FX,Long,2001-09-04,2002-01-02,Closed,4.0,4.0,4916131.114166855,86,120,11987.50000000002,97.52356030625273,169.12026418275906,11720.85617551101,0.0024902766317860406,5.172342266561673e-05,0.0024385532091204237,0.004587210617763462,-7.840856522199017e-06,2,2
CL-0019,CL,Energy,Short,2001-09-04,2002-09-03,Closed,4.0,6.0,4916131.114166855,260,364,-5260.000000000015,232.4169227026008,978.7870990267598,-6471.204021729375,-0.0009066974869071609,0.00022710459053856968,-0.00113380207744573,0.005429352030177483,-0.002874075327966183,7,12
HO-0013,HO,Energy,Short,2001-09-04,2002-10-01,Closed,3.0,5.0,4916131.114166855,280,392,-5333.999999999985,118.75151114087333,628.7831442761675,-6081.5346554170255,-0.0007490619254265593,0.00013791596328391006,-0.0008869778887104722,0.005608404839578733,-0.0018037372249159953,6,13
ZL-0016,ZL,Agriculture & livestock,Short,2001-09-04,2002-06-03,Closed,6.0,11.0,4916131.114166855,194,272,-1374.000000000001,225.53564825753568,661.7997081000543,-2261.335356357591,-0.00021032543379655125,0.00016925044899165632,-0.0003795758827882079,0.0014772010746358433,-0.0005182719245316632,4,5
ZS-0020,ZS,Agriculture & livestock,Short,2001-09-04,2001-11-01,Closed,1.0,1.0,4916131.114166855,42,58,2562.5,27.205049099593204,26.97496156386361,2508.3199893365436,0.0004948731701920705,1.0374710544682876e-05,0.0004844984596473876,0.0006079334064785437,-2.7972410083360385e-06,0,1
ZT-0016,ZT,Government bonds,Long,2001-09-04,2004-06-01,Closed,9.0,13.0,4916131.114166855,715,1001,130389.2640000002,1115.7107756365983,2472.8166725845003,126800.73655177909,0.024014253971293496,0.0005806579373725302,0.02343359603392096,0.027526873053128797,-2.5726892847835505e-05,21,11
GC-0013,GC,Metals,Long,2001-10-01,2001-12-03,Closed,5.0,7.0,5245813.069492943,45,63,-9050.000000000004,169.34463472637157,169.74794789679632,-9389.09258262317,-0.0017060176063292513,6.465297660171962e-05,-0.001770670582930971,6.873769449249379e-06,-0.0022861315371805043,1,1
FDAX-0003,FDAX,Equity indices,Short,2001-11-01,2001-12-03,Closed,1.0,1.0,5347656.7123922855,22,32,-7959.962500000004,25.70547630520186,0.0,-7985.667976305206,-0.0014797699597121497,4.859354512257033e-06,-0.0014846293142244066,0.00023270338637734034,-0.0022945711468654187,0,0
LE-0015,LE,Agriculture & livestock,Short,2001-11-01,2001-12-03,Closed,1.0,1.0,5347656.7123922855,22,32,379.99999999999545,23.470438608310488,0.0,356.529561391685,6.38922526573171e-05,4.436983638814803e-06,5.9455269018502223e-05,0.00047713577610377413,-2.195754515336073e-06,0,0
6C-0011,6C,FX,Short,2001-12-03,2002-01-02,Closed,2.0,2.0,5232975.563606705,22,30,1800.0000000000014,34.891973323397124,35.55006468615722,1729.557961990447,0.0003468533437682515,1.3548274138359506e-05,0.00033330506962989185,0.00037580159645603494,-0.00023332079092817243,0,1
6J-0013,6J,FX,Short,2001-12-03,2002-01-02,Closed,2.0,2.0,5232975.563606705,22,30,12700.000000000045,40.71020345823406,41.10446574254119,12618.18533079927,0.0024477080274227913,1.570607820263852e-05,0.0024320019492201526,0.002435918441280112,-3.893313471884802e-06,0,1
ES-0005,ES,Equity indices,Short,2001-12-03,2002-01-02,Closed,1.0,1.0,5232975.563606705,22,30,-1150.0,27.002189246974144,27.124546448513478,-1204.1267356954877,-0.00021705027893632837,1.039227025791547e-05,-0.00022744254919424383,0.00013376395512907198,-0.00037767791558548545,0,1
GC-0014,GC,Metals,Short,2001-12-03,2002-01-02,Closed,2.0,2.0,5232975.563606705,22,30,-259.9999999999909,48.637392026070465,0.0,-308.6373920260614,-4.9907449307036924e-05,9.330948265660307e-06,-5.92383975726972e-05,0.00018751348041733316,-0.00012024960029820086,0,0
HG-0020,HG,Metals,Short,2001-12-03,2002-07-01,Closed,7.0,12.0,5232975.563606705,150,210,-11474.99999999995,333.98338600511363,734.8901309024895,-12543.873516907553,-0.002017728184459314,0.00019780022669205853,-0.002215528411151374,0.001873495735877248,-0.002770950271892413,2,3
LFT-0008,LFT,Equity indices,Short,2001-12-03,2002-01-02,Closed,1.0,1.0,5232975.563606705,22,30,-228.66799999999955,19.55404259531613,19.766149351624406,-267.9881919469401,-3.84344153328129e-05,7.545728915168392e-06,-4.598014424798129e-05,0.00036721483256677733,-0.0005209569919741707,0,1
NG-0014,NG,Energy,Short,2001-12-03,2002-10-01,Closed,1.0,4.0,5232975.563606705,216,302,-47760.00000000001,116.24444797329399,466.8568931003982,-48343.1013410737,-0.00897085194011356,0.00010772183437558607,-0.009078573774489144,0.0025026371055186635,-0.009766644184441058,6,10
FGBL-0005,FGBL,Government bonds,Short,2002-01-02,2002-05-02,Closed,2.0,10.0,5192552.132637961,86,120,10997.913999999975,219.16743246801354,220.8387706919507,10557.90779684001,0.0020850622788331783,8.452926641092101e-05,0.0020005330124222573,0.0036192562684381176,-0.0007390069461760891,3,1
GC-0015,GC,Metals,Long,2002-01-02,2004-12-01,Closed,10.0,11.0,5192552.132637961,760,1064,94329.99999999984,810.7298143894976,2481.472665939624,91037.79751967071,0.016463008655064826,0.000516963827350627,0.015946044827714213,0.01878741038490744,-0.00015904984207792603,19,15
GF-0019,GF,Agriculture & livestock,Long,2002-01-02,2002-03-01,Closed,7.0,11.0,5192552.132637961,42,58,-23437.499999999993,354.69422281809733,233.7701870042785,-24025.96440982237,-0.0044419351881520115,0.00011201242411595962,-0.004553947612267972,0.0006375221429070862,-0.004648711918810521,1,1
HTW-0007,HTW,Equity indices,Short,2002-01-02,2002-04-01,Closed,1.0,3.0,5192552.132637961,63,89,-4699.999999999998,72.49940096506944,142.69309749775496,-4915.192498462822,-0.0009089837549504927,4.1524469803025825e-05,-0.0009505082247535186,0.0005786274135090867,-0.0013608444731013753,2,3
LE-0016,LE,Agriculture & livestock,Short,2002-01-02,2002-11-01,Closed,1.0,16.0,5192552.132637961,217,303,34199.99999999998,557.5356446977881,1142.1694578197628,32500.294897482425,0.007265985375742471,0.00030908728534827153,0.006956898090394197,0.012683173673999746,-0.0013488881440446507,6,5
LLG-0018,LLG,Government bonds,Short,2002-01-02,2002-06-05,Closed,3.0,4.0,5192552.132637961,110,154,3801.3919999999794,130.92656827276747,167.77530444277636,3502.6901272844357,0.0007107533809794203,5.640969684757653e-05,0.0006543436841318439,0.0010873496014220598,-0.0019547490376479247,3,2
NKD-0020,NKD,Equity indices,Short,2002-01-02,2002-03-01,Closed,1.0,1.0,5192552.132637961,42,58,-2700.0,48.22715052115369,0.0,-2748.227150521154,-0.0004987649023495926,9.215339076624633e-06,-0.0005079802414262171,0.0009918652611946152,-0.0005079802414262171,0,0
YAP-0028,YAP,Equity indices,Long,2002-01-02,2002-05-01,Closed,7.0,9.0,5192552.132637961,85,119,-11524.410000000003,276.22623014798285,280.99000450230056,-12081.626234650286,-0.0022611471857495813,0.00010792745102881343,-0.0023690746367783944,0.0012421328846155793,-0.002756597051852284,1,1
ZM-0013,ZM,Agriculture & livestock,Short,2002-01-02,2002-02-01,Closed,1.0,1.0,5192552.132637961,22,30,-630.0000000000068,23.501442656318588,0.0,-653.5014426563254,-0.00012223188097749513,4.505008927499517e-06,-0.0001267368899049947,0.0,-0.0003840127830696657,0,0
SJB-0005,SJB,Government bonds,Long,2002-01-04,2003-06-02,Closed,8.0,19.0,5176066.935052038,366,514,104964.06400000001,1470.0631090228803,2004.339301139388,101489.66158983773,0.01803034994187749,0.0005950059175832933,0.017435344024294204,0.017615349039153672,-0.0022324430749639116,11,5
ZM-0014,ZM,Agriculture & livestock,Long,2002-02-01,2003-01-02,Closed,12.0,16.0,5240516.750353596,239,335,49330.00000000001,516.7090568259629,1527.1907250111506,47286.100218162894,0.009183833426482156,0.0003650876713500259,0.00881874575513213,0.011027372462869691,-0.0003604349133508311,9,8
6A-0007,6A,FX,Long,2002-03-01,2005-09-01,Closed,12.0,13.0,5276857.213487317,914,1280,268000.0000000006,781.9953150895217,2064.493772392656,265153.51091251837,0.04146579686934787,0.0004181859012101465,0.04104761096813775,0.04438083914758024,-2.4864094310722512e-05,24,14
6J-0014,6J,FX,Short,2002-03-01,2002-04-01,Closed,2.0,2.0,5276857.213487317,21,31,549.9999999999955,38.85814633417368,40.15275255299419,470.9891011128276,0.00014808787350186636,1.542490348539235e-05,0.00013266297001647404,0.0001364561201188589,-0.0018150806384760756,0,1
ES-0006,ES,Equity indices,Short,2002-03-01,2002-04-01,Closed,1.0,1.0,5276857.213487317,21,31,-462.5,26.978734816237484,27.08465912929591,-516.5633939455333,-8.336574615506281e-05,1.054381896311108e-05,-9.390956511817391e-05,0.0,-0.0003850040556525147,0,1
FDAX-0004,FDAX,Equity indices,Short,2002-03-01,2002-07-01,Closed,1.0,1.0,5276857.213487317,86,122,19164.826250000006,26.249942960955664,52.659511879955716,19085.916795159093,0.0035312864662003637,1.463482964992615e-05,0.003516651636550438,0.004599375592845129,-0.0014745538200560066,0,2
GF-0020,GF,Agriculture & livestock,Short,2002-03-01,2002-04-01,Closed,5.0,5.0,5276857.213487317,21,31,2375.000000000041,157.84950255520732,157.25170445349553,2059.898792991338,0.00048378424517296387,6.128078608250403e-05,0.00042250345909045995,0.0011931175526569855,-0.0005387779129927094,0,1
HE-0012,HE,Agriculture & livestock,Short,2002-03-01,2003-04-01,Closed,12.0,12.0,5276857.213487317,282,396,96879.99999999997,368.5881208563779,1015.4481469954328,95495.96373214816,0.018534252883824848,0.00024095400879692015,0.018293298875027925,0.01965972417480484,-2.9175971318136777e-05,4,7
LFT-0009,LFT,Equity indices,Short,2002-03-01,2002-04-02,Closed,1.0,1.0,5276857.213487317,22,32,-1230.3739999999998,19.389409176821445,19.727504847135798,-1269.490914023957,-0.000233833342240091,7.661647143633283e-06,-0.0002414949893837242,0.0,-0.00041702523470307724,0,1
SB-0012,SB,Agriculture & livestock,Short,2002-03-01,2002-10-01,Closed,4.0,20.0,5276857.213487317,152,214,-23508.799999999974,603.2021400078102,501.63846138770873,-24613.64060139549,-0.004158253095264104,0.0001972384457769864,-0.004355491541041092,0.00021862911410045277,-0.0044554170439693955,5,3
6B-0029,6B,FX,Long,2002-04-01,2005-07-01,Closed,10.0,15.0,5087300.776293322,849,1187,130212.49999999999,762.658150081104,1667.8314856766303,127782.01036424225,0.022654174963032885,0.0003323666609541737,0.022321808302078708,0.03325687848735216,-0.0012512988005255062,19,13
6S-0016,6S,FX,Long,2002-04-01,2003-12-01,Closed,7.0,7.0,5087300.776293322,435,609,89087.50000000001,257.5894190234958,365.45853634369496,88464.45204463282,0.015745712870806935,0.00010266989152677938,0.01564304297928016,0.01716883561243086,-0.0009031918012427929,9,6
HTW-0008,HTW,Equity indices,Long,2002-04-01,2002-12-02,Closed,5.0,6.0,5087300.776293322,175,245,-19660.000000000007,215.68177386082021,810.8067204841492,-20686.488494344976,-0.003562296739236884,0.00018076492008458435,-0.00374306165932147,0.0012704558409238134,-0.007665570693270488,5,8
SI-0014,SI,Metals,Long,2002-04-01,2002-10-01,Closed,12.0,13.0,5087300.776293322,131,183,1194.9999999999122,658.2958228729169,1130.308267806272,-593.6040906792766,0.0004941746564697901,0.0003262192787669021,0.00016795537770288783,0.0044928071624547915,-0.003482310617990508,4,3
ZS-0021,ZS,Agriculture & livestock,Long,2002-04-01,2002-07-01,Closed,13.0,13.0,5087300.776293322,65,91,33600.0,357.2473665727439,581.5662896846924,32661.186343742564,0.006005029920737233,0.0001738845467574221,0.005831145373979811,0.005850314735115183,-0.0024877811125544685,1,2
ZW-0013,ZW,Agriculture & livestock,Short,2002-04-01,2002-05-01,Closed,2.0,2.0,5087300.776293322,22,30,2050.0,54.102544648031994,54.23302459505681,1941.664430756911,0.0003989450216425848,2.0744260649400436e-05,0.0003782007609931843,0.0005598553171063415,-5.321746319521043e-06,0,1
FGBM-0005,FGBM,Government bonds,Short,2002-04-02,2002-05-02,Closed,13.0,13.0,5057471.329565219,22,30,-5905.900000000118,298.49518783509666,0.0,-6204.3951878352145,-0.0011638996624423726,5.7804097130339136e-05,-0.0012217037595727122,0.0,-0.0023913715495183004,0,0
FGBS-0003,FGBS,Government bonds,Short,2002-04-02,2002-05-02,Closed,29.0,29.0,5057471.329565219,22,30,-9140.219999999987,504.2019489283563,0.0,-9644.421948928342,-0.001788861111820264,9.770833599938121e-05,-0.0018865694478196451,0.0,-0.003077838393465053,0,0
6E-0003,6E,FX,Long,2002-05-01,2004-10-01,Closed,6.0,6.0,5254171.346157645,632,884,177937.5000000003,332.3681218617588,561.6831193653265,177043.4487587732,0.028641220258347373,0.0001355203115917807,0.028505699946755603,0.02940157016583584,-0.0004525749049581035,14,10
BRN-0020,BRN,Energy,Short,2002-05-01,2002-07-01,Closed,5.0,5.0,5254171.346157645,43,61,3489.9999999999986,116.81081615166349,188.7463331837435,3184.442850664592,0.000696126868633845,5.505731189043788e-05,0.0006410695567434072,0.0016960829804619772,-0.001703032330826961,1,2
GF-0021,GF,Agriculture & livestock,Short,2002-05-01,2002-06-03,Closed,2.0,2.0,5254171.346157645,23,33,824.9999999999886,58.54300888367076,61.343604501691004,705.113386614627,0.00016218585714806647,2.2221306680836643e-05,0.00013996455046722984,0.0004395088439277045,-0.0002759233655685193,0,1
YAP-0029,YAP,Equity indices,Short,2002-05-01,2003-06-02,Closed,2.0,3.0,5254171.346157645,283,397,9475.2625,185.6733506411195,182.13090268457927,9107.458246674301,0.0015429954545091707,6.044043278902521e-05,0.001482555021720145,0.003065716585560196,-0.000280998304738913,7,4
ZB-0017,ZB,Government bonds,Long,2002-05-01,2004-05-03,Closed,6.0,6.0,5254171.346157645,523,733,42781.25,612.0602892892073,1343.4909766054157,40825.698734105375,0.007306092624772507,0.0003104623201432135,0.006995630304629299,0.011810577934127701,-0.0029228403378388996,10,8
FGBL-0006,FGBL,Government bonds,Long,2002-05-02,2004-03-01,Closed,12.0,12.0,5274790.256465875,477,669,100769.98000000004,639.4814595987947,764.0284692024222,99366.47007119881,0.0163988773611679,0.0002223077593812761,0.016176569601786633,0.017975109488306926,-0.0010919989486527521,13,7
FGBM-0006,FGBM,Government bonds,Long,2002-05-02,2003-09-01,Closed,17.0,17.0,5274790.256465875,347,487,94294.4489999998,625.4521419515607,904.9012267075339,92764.09563134071,0.016003135620950158,0.0002536183298010495,0.015749517291149113,0.020080112908360044,-0.0012386399253704796,9,5
FGBS-0004,FGBS,Government bonds,Long,2002-05-02,2004-06-01,Closed,40.0,40.0,5274790.256465875,543,761,118996.46199999966,1680.2675460469893,2380.763609455499,114935.43084449717,0.019410405723844552,0.0006335336615409448,0.018776872062303603,0.020797870676748997,-0.001971965535461551,18,8
6J-0015,6J,FX,Short,2002-06-03,2002-07-01,Closed,1.0,1.0,5521199.156115157,20,28,-3024.9999999999995,20.71703270065077,19.399990370446876,-3065.1170230710973,-0.0005315140527184146,7.1238234135734985e-06,-0.0005386378761319878,0.000274373928643073,-0.0006374999130992944,0,1
6M-0007,6M,FX,Long,2002-06-03,2002-08-01,Closed,8.0,8.0,5521199.156115157,43,59,-9724.999999999996,168.89567129067703,167.099549073216,-10060.99522036389,-0.0017352374764911188,5.9640546886672414e-05,-0.0017948780233777914,0.0003944507411937193,-0.0025762363114510277,1,1
FCE-0004,FCE,Equity indices,Short,2002-06-03,2002-11-01,Closed,1.0,1.0,5521199.156115157,109,151,11308.791000000003,15.59962737950515,78.54026155385128,11214.651111066647,0.001978112841948603,1.617273537255842e-05,0.001961940106576045,0.002678999334154866,-1.397828457138088e-06,0,5
FSMI-0003,FSMI,Equity indices,Short,2002-06-03,2002-11-01,Closed,4.0,4.0,5521199.156115157,109,151,22097.435999999998,76.22619071730729,95.016621662135,21926.193187620553,0.003935328269304434,3.01247243111617e-05,0.00390520354499327,0.004438539010647098,-6.977824874633776e-06,1,2
ZL-0017,ZL,Agriculture & livestock,Long,2002-06-03,2002-07-01,Closed,13.0,13.0,5521199.156115157,20,28,77.99999999999818,228.18493588207838,228.42142438771765,-378.60636026979785,-2.3104906516557757e-06,8.064862267340369e-05,-8.295911332505941e-05,0.0004143191529378833,-0.0010765185548464434,0,1
ZW-0014,ZW,Agriculture & livestock,Short,2002-06-03,2002-08-01,Closed,1.0,1.0,5521199.156115157,43,59,-2025.0,27.077013141770966,26.959148262142772,-2079.0361614039134,-0.0003522384802972811,9.505183180064715e-06,-0.00036174366347734585,0.00010316423134614094,-0.00040106425165583963,0,1
LLG-0019,LLG,Government bonds,Long,2002-06-05,2003-06-02,Closed,4.0,6.0,5573327.058804069,258,362,70796.96000000002,310.46170835298,427.32684028634003,70059.1714513607,0.011716487037072086,0.00011756943250996343,0.01159891760456212,0.011920939169094443,-1.215861607358049e-05,6,4
6C-0012,6C,FX,Long,2002-07-01,2002-08-01,Closed,9.0,9.0,5702666.6142158415,23,31,-26909.999999999938,179.428043245028,0.0,-27089.428043244967,-0.004603913233803544,3.122476861148374e-05,-0.004635138002415028,0.00042452283769619766,-0.004635138002415028,0,0
6J-0016,6J,FX,Long,2002-07-01,2002-08-01,Closed,3.0,3.0,5702666.6142158415,23,31,1349.9999999999309,64.40145949877324,0.0,1285.5985405011577,0.0002796966867144335,1.1206248999653772e-05,0.00026849043771477976,0.0019804653503542524,-0.00011152369357037796,0,0
HG-0021,HG,Metals,Long,2002-07-01,2002-08-01,Closed,9.0,9.0,5702666.6142158415,23,31,-20137.499999999978,252.67592965070168,0.0,-20390.17592965068,-0.003468365936035644,4.395829445510238e-05,-0.003512324230490746,0.0,-0.003646011604235952,0,0
ZS-0022,ZS,Agriculture & livestock,Short,2002-07-01,2002-08-01,Closed,2.0,2.0,5702666.6142158415,23,31,-3150.0,54.42666003464127,54.23435075957974,-3258.661010794221,-0.0005533756695139452,1.8846222636845285e-05,-0.0005722218921507906,0.00015762652518766575,-0.000923847207633171,0,1
6M-0008,6M,FX,Short,2002-08-01,2002-09-03,Closed,6.0,6.0,5795014.778577908,23,33,4499.999999999984,121.97837175248361,0.0,4378.0216282475,0.0007675982011920925,2.0870179901228532e-05,0.000746728021290864,0.0007568104434110365,-0.0007035472293549978,0,0
BRN-0021,BRN,Energy,Short,2002-08-01,2002-09-02,Closed,4.0,4.0,5795014.778577908,22,32,-10400.0,94.052800883018,94.75024682379367,-10588.803047706813,-0.0017652714079364384,3.219542526701134e-05,-0.0017974668332034498,0.0,-0.0018005205289513572,0,1
HG-0022,HG,Metals,Short,2002-08-01,2002-12-02,Closed,6.0,10.0,5795014.778577908,87,123,-16475.000000000025,280.3850936496257,449.1945456284773,-17204.57963927813,-0.002764579108174518,0.0001235094178219492,-0.002888088525996467,0.0011320299666318944,-0.002888088525996467,1,2
KE-0011,KE,Agriculture & livestock,Long,2002-08-01,2003-07-01,Closed,7.0,11.0,5795014.778577908,238,334,6362.5,467.8984100799327,926.7148850745015,4967.886704845566,0.0013416183026992274,0.00021820065174459573,0.0011234176509546303,0.006683627564447724,-0.00027356634089457807,6,5
ZS-0023,ZS,Agriculture & livestock,Long,2002-08-01,2003-08-01,Closed,2.0,9.0,5795014.778577908,261,365,-11212.5,299.3260219145198,1187.4185440385766,-12699.244565953097,-0.0015956523273355826,0.0002314894685777426,-0.0018271417959133238,0.00399624912638636,-0.0020930724328169373,6,7
ZW-0015,ZW,Agriculture & livestock,Long,2002-08-01,2003-01-02,Closed,7.0,7.0,5795014.778577908,110,154,4350.0,190.86438795186993,303.66978773004297,3855.4658243180875,0.000811615865484293,8.356969890880793e-05,0.0007280461665754838,0.00459452326008276,-1.6466492365750548e-05,1,2
FDAX-0005,FDAX,Equity indices,Short,2002-09-02,2002-10-01,Closed,1.0,1.0,5888117.47647978,21,29,18604.651250000003,27.08509982813038,26.890466004075318,18550.675684167796,0.0031329646519862625,9.044766981494842e-06,0.003123919885004768,0.0034013324572057936,-2.320515115479285e-06,0,1
FESX-0003,FESX,Equity indices,Short,2002-09-02,2002-10-01,Closed,1.0,1.0,5888117.47647978,21,29,3245.6150000000007,22.81858407009214,22.730724276167205,3200.0656916537414,0.0005490197833751886,7.63241472547477e-06,0.0005413873686497139,0.0007115526841239474,-8.990287472268784e-05,0,1
LFT-0010,LFT,Equity indices,Short,2002-09-02,2003-02-03,Closed,1.0,1.0,5888117.47647978,110,154,8472.502,20.52535208181881,40.75949617531607,8411.217151742865,0.0014058167224753322,1.00495528300567e-05,0.0013957671696452757,0.0019205957542827738,-0.00011628942236400111,0,2
SNK-0023,SNK,Equity indices,Long,2002-09-02,2002-10-01,Closed,3.0,3.0,5888117.47647978,21,29,-4536.764999999999,121.68237759746958,120.40234170033067,-4778.8497192978,-0.0007599326144386164,4.073149759219912e-05,-0.0008006641120308155,0.0002035586898565077,-0.0009394541756504437,0,1
6C-0013,6C,FX,Long,2002-09-03,2002-10-01,Closed,6.0,6.0,5897705.459541673,20,28,-6239.999999999978,110.25083910570744,124.7279997553184,-6474.978838861004,-0.0010526366787859847,3.9424977630587955e-05,-0.0010920616564165726,0.0,-0.001481874121746413,0,1
6J-0017,6J,FX,Short,2002-09-03,2002-10-01,Closed,1.0,1.0,5897705.459541673,20,28,4912.500000000012,18.931679597466037,19.811798740377505,4873.756521662168,0.0008236561130192093,6.512495888409534e-06,0.0008171436171307999,0.000986182559930607,-1.6021194324376694e-06,0,1
6M-0009,6M,FX,Long,2002-09-03,2002-10-01,Closed,6.0,6.0,5897705.459541673,20,28,-1425.000000000009,120.72929151305408,145.4850723138444,-1691.2143638269076,-0.00024111387650132914,4.475045938349789e-05,-0.0002858643358848267,0.0004930352728610469,-0.0015509350677900455,0,1
ZL-0018,ZL,Agriculture & livestock,Long,2002-09-03,2003-08-01,Closed,10.0,18.0,5897705.459541673,238,332,-14502.000000000013,436.1703961263312,1781.9819669996114,-16720.152363125955,-0.0020295808920906995,0.00034742615167920296,-0.0023770070437699026,0.00401881743472402,-0.002531540540975832,6,7
6C-0014,6C,FX,Short,2002-10-01,2002-11-01,Closed,2.0,2.0,6018843.598091509,23,31,-1720.0000000000105,37.5966068126864,0.0,-1757.5966068126968,-0.00029231192468066164,6.266996880622346e-06,-0.00029857892156128396,0.0002541511815991601,-0.00032551575317790857,0,0
6M-0010,6M,FX,Short,2002-10-01,2003-06-02,Closed,7.0,10.0,6018843.598091509,174,244,10312.500000000005,260.46828502934954,268.08271859392244,9783.948996376734,0.001800337023987097,8.323093060682085e-05,0.001717106093380276,0.005015212036228536,-0.001358430419493775,4,2
CL-0020,CL,Energy,Long,2002-10-01,2005-03-01,Closed,1.0,6.0,6018843.598091509,630,882,131129.99999999994,255.41593052381313,2200.343704496509,128674.24036497962,0.01851652136898689,0.00034367635133795516,0.018172845017648934,0.02006394936944697,-0.0012777259377731317,13,29
CT-0013,CT,Agriculture & livestock,Long,2002-10-01,2003-03-03,Closed,6.0,6.0,6018843.598091509,109,153,5700.000000000001,116.68032948192877,148.25461407244245,5435.06505644563,0.0009505890884757746,4.333266680797058e-05,0.0009072564216678047,0.001841243381340784,-0.0015394056896317239,3,2
SB-0013,SB,Agriculture & livestock,Long,2002-10-01,2003-10-01,Closed,15.0,16.0,6018843.598091509,261,365,12219.200000000015,655.2504124593884,1133.041579552194,10430.908007988433,0.0022751426953661336,0.00027021619153537593,0.0020049265038307586,0.0070594406524660735,-3.1693759766414485e-05,6,4
SNK-0024,SNK,Equity indices,Short,2002-10-01,2003-02-03,Closed,2.0,3.0,6018843.598091509,89,125,6095.775000000001,119.73449132541143,118.45581338295804,5857.584695291632,0.0010114566494722652,3.923355538505574e-05,0.0009722230940872096,0.0015804471868473835,-0.00014070505703502265,2,1
6C-0015,6C,FX,Long,2002-11-01,2005-04-01,Closed,8.0,13.0,5979825.766209049,630,882,169439.99999999997,603.6636440339106,1123.9970211042576,167712.33933486178,0.024491687907677955,0.0002406809074905689,0.024251007000187386,0.02489042163855342,-0.0016646410022557148,20,10
GF-0022,GF,Agriculture & livestock,Long,2002-11-01,2003-02-03,Closed,9.0,9.0,5979825.766209049,66,94,-14837.499999999949,401.29149808024204,602.8370408462399,-15841.62853892643,-0.0023571223476926465,0.00016290150979661905,-0.0025200238574892655,0.0010659751915579319,-0.0025200238574892655,2,2
KC-0014,KC,Agriculture & livestock,Long,2002-11-01,2003-01-02,Closed,2.0,4.0,5979825.766209049,44,62,-13387.499999999975,149.30581291638654,74.9822795553869,-13611.788092471748,-0.0022394905488636605,3.715006427168481e-05,-0.002276640613135345,0.000557294351143228,-0.002647285540822329,1,1
SI-0015,SI,Metals,Long,2002-11-01,2003-03-03,Closed,9.0,10.0,5979825.766209049,86,122,5790.000000000091,561.172321671808,892.6907622614642,4336.136916066818,0.0010848943375772776,0.00022883926218528563,0.0008560550753919915,0.002942830935389747,-0.000653829698407332,2,2
6J-0018,6J,FX,Long,2002-12-02,2003-07-01,Closed,5.0,5.0,5924911.262397928,151,211,22900.000000000015,137.13401036118836,213.34769527804718,22549.51829436078,0.003869160492583454,5.4785955813134096e-05,0.0038143745367703197,0.005510072946522426,-0.0003030298444888722,4,3
BRN-0022,BRN,Energy,Long,2002-12-02,2005-02-01,Closed,3.0,6.0,5924911.262397928,566,792,94680.0,303.05156714545063,2375.574806674389,92001.37362618017,0.013534363945969713,0.00037062312113062305,0.013163740824839076,0.018654867486138576,-0.0002185667299423665,13,26
ES-0007,ES,Equity indices,Short,2002-12-02,2003-07-01,Closed,2.0,2.0,5924911.262397928,151,211,-450.0,107.6400106937368,161.80363966740998,-719.4436503611469,6.524172089408842e-05,4.166163362248965e-05,2.3580087271599037e-05,0.0019138430468674424,-0.00038444376866250197,4,3
FDAX-0006,FDAX,Equity indices,Short,2002-12-02,2003-04-01,Closed,1.0,1.0,5924911.262397928,86,120,25566.516249999997,28.03553042472392,56.00049219045961,25482.480227384814,0.0040873923993808995,1.3293294370398572e-05,0.0040740991050105015,0.004970757372392143,-2.2995016982714984e-06,0,2
FESX-0004,FESX,Equity indices,Short,2002-12-02,2003-02-03,Closed,3.0,3.0,5924911.262397928,45,63,6822.136000000002,70.40409357626699,70.5389450707024,6681.192961353033,0.0011447973529075037,2.3002821365887486e-05,0.0011217945315416165,0.001537609529931423,-5.850034271616493e-06,1,1
HG-0023,HG,Metals,Long,2002-12-02,2003-01-02,Closed,13.0,13.0,5924911.262397928,23,31,-15275.000000000053,366.34723105793233,0.0,-15641.347231057985,-0.002544481384522572,6.042742867900962e-05,-0.0026049088132015824,0.0,-0.0033869265838279124,0,0
LE-0017,LE,Agriculture & livestock,Long,2002-12-02,2003-01-02,Closed,2.0,2.0,5924911.262397928,23,31,1100.0,47.38436417490885,47.75398951073888,1004.8616463143524,0.00017759866231872135,1.5802265815720166e-05,0.0001617963965030012,0.0001688371694094448,-0.00012821664928670018,0,1
NQ-0003,NQ,Equity indices,Short,2002-12-02,2003-06-02,Closed,2.0,4.0,5924911.262397928,130,182,-2580.0,78.18900909235438,94.35517642841256,-2752.544185520767,-0.00025567029167021147,2.6780305369654196e-05,-0.0002824505970398655,0.0014238013267132532,-0.00033005269816032486,4,2
SXF-0003,SXF,Equity indices,Short,2002-12-02,2003-07-02,Closed,1.0,6.0,5924911.262397928,152,212,-7351.360000000003,202.23414632439255,280.1507704543171,-7833.744916778714,-0.00104582557115116,7.255140799744428e-05,-0.0011183769791486043,0.0010150354204059614,-0.002113324193487081,3,3
HG-0024,HG,Metals,Short,2003-01-02,2003-02-03,Closed,3.0,3.0,6209633.370479903,22,32,-5324.999999999996,84.67964324992016,0.0,-5409.679643249917,-0.000848473347008015,1.3366766991833405e-05,-0.0008618401139998483,0.0,-0.0009190434644637164,0,0
KC-0015,KC,Agriculture & livestock,Short,2003-01-02,2003-02-03,Closed,4.0,4.0,6209633.370479903,22,32,-6750.0,150.33530124213635,0.0,-6900.335301242137,-0.0010974330477373875,2.37364536781836e-05,-0.0011211695014155712,8.53245488436436e-05,-0.0015853769544894533,0,0
NG-0015,NG,Energy,Long,2003-01-02,2003-03-03,Closed,2.0,2.0,6209633.370479903,42,60,99780.0,47.220023271842265,95.0039899124381,99637.77598681572,0.015172748450095294,2.167601553927174e-05,0.015151072434556025,0.017921689752064415,-0.0010239114733501195,0,2
ZW-0016,ZW,Agriculture & livestock,Short,2003-01-02,2003-02-03,Closed,2.0,2.0,6209633.370479903,22,32,525.0,54.87323692462759,0.0,470.1267630753724,8.774405969077834e-05,8.663043447875926e-06,7.908101624290239e-05,0.0002843315919066787,-0.00013826433490344555,0,0
GAS-0011,GAS,Energy,Long,2003-02-03,2005-09-01,Closed,5.0,7.0,6462819.000325896,673,941,189075.0,967.4030250133309,5572.06925768971,182535.52771729697,0.02338086385228395,0.0008621132355748751,0.022518750616709084,0.02252369449094161,-0.002771222140834894,20,31
GF-0023,GF,Agriculture & livestock,Short,2003-02-03,2003-04-01,Closed,13.0,13.0,6462819.000325896,41,57,17325.000000000124,434.704691618351,238.75836734367613,16651.5369410381,0.0026459920991835227,0.00010254734195998234,0.002543444757223541,0.004617245682221455,-3.5459134029112794e-05,1,1
HG-0025,HG,Metals,Long,2003-02-03,2003-04-01,Closed,13.0,13.0,6462819.000325896,41,57,-14412.499999999967,366.3816223113159,371.98518326900063,-15150.866805580283,-0.002211343314884754,0.000110842896555145,-0.002322186211439899,0.0002684699280058098,-0.002605740692584435,1,1
HO-0014,HO,Energy,Long,2003-02-03,2006-01-03,Closed,2.0,7.0,6462819.000325896,761,1065,138826.80000000008,224.01634544393116,1390.574512855761,137212.20914170038,0.016492020654204506,0.00020368290017463357,0.01628833775402987,0.021586580270649643,-0.0021746692564754712,20,35
KC-0016,KC,Agriculture & livestock,Long,2003-02-03,2003-03-03,Closed,3.0,3.0,6462819.000325896,20,28,-10293.749999999975,112.12016453210924,111.90342854409175,-10517.773593076176,-0.0015638796942646497,3.392128366845789e-05,-0.0015978009779331077,0.00010111069584341639,-0.0017221852865778667,0,1
LE-0018,LE,Agriculture & livestock,Long,2003-02-03,2004-11-01,Closed,5.0,10.0,6462819.000325896,455,637,98620.00000000003,386.1569287403692,1594.7920799468664,96639.05099131279,0.015062709830218641,0.00028043969804561497,0.014782270132173012,0.01866329006737983,-0.0021039604212857747,9,11
RTY-0001,RTY,Equity indices,Short,2003-02-03,2003-07-01,Closed,10.0,11.0,6462819.000325896,106,148,-37104.999999999985,268.6214407698053,385.2338984167503,-37758.85533918654,-0.005455566771833667,9.850252280844148e-05,-0.005554069294642109,0.0018381091205288793,-0.006225234023236668,3,2
ZM-0015,ZM,Agriculture & livestock,Long,2003-02-03,2003-08-01,Closed,3.0,3.0,6462819.000325896,129,179,-1660.0000000000018,94.02621889851602,257.7975636395185,-2011.8237825380363,-0.000239261725487163,5.3054141071933144e-05,-0.00029231586655909637,0.0009268690995884052,-0.0003189296966972081,2,4
ZW-0017,ZW,Agriculture & livestock,Long,2003-02-03,2003-04-01,Closed,9.0,9.0,6462819.000325896,41,57,-18675.0,247.05286518464123,248.1589925804568,-19170.211857765098,-0.0027852913139718677,7.447155104223213e-05,-0.0028597628650140995,0.0008004769563313345,-0.003098939196224147,0,1
KC-0017,KC,Agriculture & livestock,Short,2003-03-03,2003-05-01,Closed,4.0,4.0,6786842.241262903,43,59,-10349.999999999965,148.95534599305913,148.80383446053716,-10647.759180453562,-0.0015649963208145465,4.468131776994143e-05,-0.0016096776385844877,0.000621212651478078,-0.0016210353896246713,0,1
LFT-0011,LFT,Equity indices,Short,2003-03-03,2003-04-01,Closed,1.0,1.0,6786842.241262903,21,29,-373.7900000000012,20.21929557001117,20.16047062200456,-414.16976619201694,-5.488526084807148e-05,6.0875810554484205e-06,-6.0972841903519906e-05,0.0009071574279547283,-0.00045795148773926646,0,1
RS-0023,RS,Agriculture & livestock,Short,2003-03-03,2003-04-01,Closed,33.0,33.0,6786842.241262903,21,29,-2277.640199999997,365.4538138278334,0.0,-2643.0940138278306,-0.000343798628881056,5.43523083602446e-05,-0.00039815093724130063,0.0010557426018135124,-0.00039815093724130063,0,0
SNK-0025,SNK,Equity indices,Short,2003-03-03,2003-07-01,Closed,4.0,4.0,6786842.241262903,86,120,2682.520000000001,162.67257478346096,202.1552880966808,2317.6921371198587,0.0003571130786417814,5.366089756658392e-05,0.0003034521810751976,0.001683365019330599,-1.2052012459027995e-05,1,2
GF-0024,GF,Agriculture & livestock,Long,2003-04-01,2006-02-01,Closed,3.0,19.0,6659942.505416269,741,1037,260662.50000000012,1216.4561606454827,5152.698980445893,254293.34485890873,0.03159681454010818,0.0007502797430263583,0.030846534797081826,0.031670347324044286,-7.231736064432892e-06,18,23
HG-0026,HG,Metals,Short,2003-04-01,2003-08-01,Closed,2.0,6.0,6659942.505416269,88,122,-12499.999999999985,167.83487019329368,222.67884299332866,-12890.513713186609,-0.0018648055350850672,5.879824265478964e-05,-0.0019236037777398572,0.00024213814320821138,-0.0019564057512986626,1,2
RS-0024,RS,Agriculture & livestock,Long,2003-04-01,2003-06-02,Closed,9.0,9.0,6659942.505416269,44,62,-5096.336400000003,97.97318507583651,96.04250379982197,-5290.352088875661,-0.0007528460439647784,2.903677504523842e-05,-0.0007818828190100167,0.0002164992537911302,-0.0007818828190100167,0,1
ZC-0010,ZC,Agriculture & livestock,Long,2003-04-01,2003-05-01,Closed,11.0,11.0,6659942.505416269,22,30,-4125.0,297.51100491766607,298.6206540275111,-4721.131658945177,-0.0006217280182885633,8.977263925538019e-05,-0.0007115006575439434,0.00028994822517651854,-0.0007115006575439434,0,1
CT-0014,CT,Agriculture & livestock,Long,2003-05-01,2003-06-02,Closed,1.0,1.0,6645307.419803453,22,32,-2929.999999999999,16.471009555086688,0.0,-2946.471009555086,-0.00043490383709186533,2.447498963112915e-06,-0.0004373513360549782,0.0,-0.0004373513360549782,0,0
EMD-0001,EMD,Equity indices,Short,2003-05-01,2003-07-01,Closed,4.0,4.0,6645307.419803453,43,61,-17760.0,104.4721451454618,109.51007492497641,-17973.982220070437,-0.00260727043466546,3.183689499460085e-05,-0.0026391073296600604,0.0,-0.0031321798325452065,0,1
HE-0013,HE,Agriculture & livestock,Long,2003-05-01,2003-11-03,Closed,4.0,8.0,6645307.419803453,132,186,-30989.999999999985,242.48605196454577,675.1839442398688,-31907.6699962044,-0.004431885366510094,0.00013461517080217168,-0.004566500537312266,0.0017305637240822773,-0.005088035430594093,4,4
KC-0018,KC,Agriculture & livestock,Long,2003-05-01,2003-06-02,Closed,4.0,4.0,6645307.419803453,22,32,-13724.999999999967,149.1343123545315,0.0,-13874.1343123545,-0.002012311193883445,2.2167921609649706e-05,-0.0020344791154930948,6.877570065563126e-05,-0.0023868755572739944,0,0
6M-0011,6M,FX,Long,2003-06-02,2003-09-02,Closed,5.0,5.0,6811617.984151968,66,92,-9287.499999999985,108.92273915630352,101.44570427368807,-9497.868443429978,-0.0013923954197511599,3.11312339649902e-05,-0.0014235266537161503,0.0,-0.0015758587120386232,2,1
CT-0015,CT,Agriculture & livestock,Short,2003-06-02,2003-10-01,Closed,6.0,8.0,6811617.984151968,87,121,-48860.00000000001,137.86899540335247,107.3179694587088,-49105.18696486207,-0.00727671609056083,3.63182275521859e-05,-0.0073130343181130155,0.0006506128688677626,-0.00763529548846185,1,1
FDAX-0007,FDAX,Equity indices,Short,2003-06-02,2003-07-01,Closed,1.0,1.0,6811617.984151968,21,29,-2455.41625,30.43736156673338,30.447869527921192,-2516.3014810946547,-0.000348833189382873,9.004168208934656e-06,-0.00035783735759180774,0.00017495068316532528,-0.0010412565433104146,0,1
FESX-0005,FESX,Equity indices,Short,2003-06-02,2003-07-01,Closed,1.0,1.0,6811617.984151968,21,29,55.91799999999989,25.554123893578904,25.424504130259045,4.939371976161944,1.220275212858473e-05,7.53912376541066e-06,4.663628363174086e-06,7.072102732404883e-05,-0.00023416892552374227,0,1
KC-0019,KC,Agriculture & livestock,Short,2003-06-02,2003-08-01,Closed,4.0,4.0,6811617.984151968,44,60,-4199.999999999933,148.32388956465118,148.4127901397784,-4496.736679704362,-0.0006350013202726819,4.415335219324765e-05,-0.0006791546724659295,0.0008571816669677027,-0.0006791546724659295,0,1
NG-0016,NG,Energy,Long,2003-06-02,2004-03-01,Closed,1.0,3.0,6811617.984151968,195,273,-9190.000000000022,70.36558298562427,354.99688714374173,-9615.362470129387,-0.0013447323406095895,6.046685558770061e-05,-0.0014051991961972921,0.0012809351047752171,-0.005089148240299754,4,9
NQ-0004,NQ,Equity indices,Long,2003-06-02,2004-09-01,Closed,7.0,7.0,6811617.984151968,327,457,20090.0,157.8174473518311,476.5137993788326,19455.668753269336,0.003230686995814517,8.756844239904856e-05,0.003143118553415469,0.006460614298198515,-0.00010948965638621737,4,5
RS-0025,RS,Agriculture & livestock,Short,2003-06-02,2004-03-01,Closed,42.0,67.0,6811617.984151968,195,273,-46482.480000000054,781.6633804573758,1850.2128509430852,-49114.35623140052,-0.0066139746137509154,0.00037140822659067254,-0.006985382840341588,0.000220115080230887,-0.007539073381326851,8,4
ZC-0011,ZC,Agriculture & livestock,Long,2003-06-02,2003-07-01,Closed,17.0,17.0,6811617.984151968,21,29,-10625.0,460.70746592605974,460.85733968235087,-11546.56480560841,-0.0015813475965554338,0.00013703935837390058,-0.0017183869549293343,0.0006489554678648437,-0.0018741395158514624,0,1
ZW-0018,ZW,Agriculture & livestock,Long,2003-06-02,2003-07-01,Closed,8.0,8.0,6811617.984151968,21,29,-5300.0,218.17537261904,220.11032671630466,-5738.285699335344,-0.0007791249968789278,6.517648203056142e-05,-0.0008443014789094894,0.001058497267839437,-0.001407299036427763,0,1
6J-0019,6J,FX,Short,2003-07-01,2003-09-02,Closed,1.0,1.0,6710195.883769901,45,63,-2737.5000000000036,19.960172599264084,0.0,-2757.460172599268,-0.00041596072043374006,3.0067608759311783e-06,-0.0004189674813096712,0.00016627792383489405,-0.0004189674813096712,0,0
EMD-0002,EMD,Equity indices,Long,2003-07-01,2005-01-03,Closed,5.0,8.0,6710195.883769901,394,552,122800.00000000003,328.89647404190464,1016.8465276766291,121454.2569982815,0.016517715212991765,0.00017679221961160085,0.016340922993380164,0.01725772239308208,-0.00028110876406718725,7,6
ES-0008,ES,Equity indices,Long,2003-07-01,2005-01-03,Closed,4.0,9.0,6710195.883769901,394,552,86775.0,405.5663817014738,1172.967827379079,85196.46579091945,0.011574798825472557,0.00020717099633329447,0.011367627829139254,0.011946125806013837,-0.0006792628923813338,8,6
LLG-0020,LLG,Government bonds,Long,2003-07-01,2003-08-01,Closed,1.0,1.0,6710195.883769901,23,31,-5100.387999999992,34.444281685796966,0.0,-5134.832281685789,-0.0007661781289679513,5.19515046242626e-06,-0.0007713732794303774,0.0,-0.0007713732794303774,0,0
RTY-0002,RTY,Equity indices,Long,2003-07-01,2005-01-03,Closed,9.0,14.0,6710195.883769901,394,552,106694.99999999996,309.6492653445351,938.0254221851297,105447.32531247029,0.014389182518870117,0.00016191359406320989,0.014227268924806911,0.015203776976804669,-1.1424683144392737e-05,7,6
SJB-0006,SJB,Government bonds,Long,2003-07-01,2003-09-01,Closed,5.0,5.0,6710195.883769901,44,62,-24170.575000000015,164.4625692488376,0.0,-24335.037569248852,-0.003670108025981891,2.4771515443414083e-05,-0.0036948795414253046,0.0003935627199404437,-0.0036948795414253046,0,0
YM-0001,YM,Equity indices,Long,2003-07-01,2005-02-01,Closed,5.0,13.0,6710195.883769901,415,581,75005.0,318.6308589038001,946.8366187249804,73739.53252237123,0.010299663279326444,0.00016481698187777112,0.01013484629744867,0.012614383395884672,-0.00019335130706298585,8,6
SXF-0004,SXF,Equity indices,Long,2003-07-02,2006-01-03,Closed,5.0,11.0,6724930.608946573,654,916,208959.05800000002,849.5151146832391,1907.408261492561,206202.1346238242,0.025909722466047017,0.000339026884120101,0.025570695581926914,0.025780819160695093,-1.2974157988422873e-05,18,10
HG-0027,HG,Metals,Long,2003-08-01,2007-05-01,Closed,11.0,17.0,6549511.977979682,977,1369,555475.0,1155.6728148196046,3416.737259577563,550902.5899256028,0.05884712550032959,0.0005410794405135729,0.05830604605981602,0.06013302497760028,-0.0013431597123897577,22,19
HTW-0009,HTW,Equity indices,Long,2003-08-01,2004-10-01,Closed,7.0,12.0,6549511.977979682,305,427,47040.00000000001,429.0957144534399,1912.5522325866275,44698.35205295994,0.006691904173766286,0.0003200057748242423,0.006371898398942047,0.006599912739618616,-0.0010159066247449825,9,14
KC-0020,KC,Agriculture & livestock,Long,2003-08-01,2003-09-02,Closed,1.0,1.0,6549511.977979682,22,32,-1631.2499999999873,37.07505806677122,36.7895453653217,-1705.11460343208,-0.0002485267278674636,1.124898747015981e-05,-0.0002597757153376234,0.0,-0.0003425968989720071,0,1
NKD-0021,NKD,Equity indices,Long,2003-08-01,2004-09-01,Closed,4.0,5.0,6549511.977979682,283,397,27200.0,289.926500699204,530.8041207938304,26379.269378506968,0.004039504966538009,0.00011634954436701469,0.003923155422170995,0.005275836239982392,-0.000625753959349654,6,4
SI-0016,SI,Metals,Long,2003-08-01,2004-12-01,Closed,7.0,10.0,6549511.977979682,348,488,40819.99999999993,695.8942057361053,1172.7709331162016,38951.33486114762,0.0054449707031423,0.00025703037304953804,0.0051879403300927615,0.006529902790280253,-0.0016312940737681352,9,7
SNK-0026,SNK,Equity indices,Short,2003-08-01,2003-09-01,Closed,1.0,1.0,6549511.977979682,21,31,-4381.345000000001,40.65741050319811,0.0,-4422.002410503199,-0.0006663517199165972,6.190774122642908e-06,-0.0006725424940392402,0.00019771766109633805,-0.0006725424940392402,0,0
ZM-0016,ZM,Agriculture & livestock,Short,2003-08-01,2003-09-02,Closed,11.0,11.0,6549511.977979682,22,32,-32779.99999999994,261.42223183345277,262.9409110033545,-33304.363142836744,-0.004994967809321144,7.993486096005887e-05,-0.005074902670281202,0.0005847804189213793,-0.006103603636655978,0,1
FSMI-0004,FSMI,Equity indices,Short,2003-09-01,2003-10-01,Closed,2.0,2.0,6584764.246477783,22,30,2325.9520000000007,40.18456368878739,39.64700548047131,2246.120430830742,0.0003400231996183113,1.1963166208350228e-05,0.0003280600334099611,0.000403610630792825,-0.00044897084817577704,0,1
LLG-0021,LLG,Government bonds,Long,2003-09-01,2003-11-03,Closed,5.0,5.0,6584764.246477783,45,63,-31399.504999999946,187.47328973050406,0.0,-31586.97828973045,-0.004461360274612355,2.7507852981051364e-05,-0.004488868127593407,0.0011855842802196363,-0.004488868127593407,0,0
SJB-0007,SJB,Government bonds,Short,2003-09-01,2004-09-01,Closed,7.0,9.0,6584764.246477783,262,366,-24737.340999999993,334.46339577589725,772.9256027188676,-25844.729998494757,-0.003631598720774504,0.00015210141586898836,-0.0037837001366434904,0.0011362936453580392,-0.005786259380459697,5,4
SNK-0027,SNK,Equity indices,Long,2003-09-01,2004-10-01,Closed,6.0,6.0,6584764.246477783,284,396,8097.447499999998,342.1206461909986,633.9614412183084,7121.365412590691,0.001013659328428484,0.000136118824754992,0.0008775405036734935,0.0026741380478304847,-0.0018763863031420749,6,5
YAP-0030,YAP,Equity indices,Long,2003-09-01,2005-03-01,Closed,11.0,12.0,6584764.246477783,391,547,60887.60499999998,665.8598494776961,1374.9770339804845,58846.7681165418,0.007732585660640748,0.00027720486528912195,0.007455380795351627,0.007457669613515249,-0.0014368325876726493,10,6
6J-0020,6J,FX,Long,2003-09-02,2004-10-01,Closed,7.0,7.0,6569628.679262619,283,395,31175.0,258.85095242130217,316.29315921352435,30599.855888365175,0.004965362859417575,8.065099577792725e-05,0.00488471186363965,0.007905951958933542,-0.0013351411515426014,9,5
6M-0012,6M,FX,Short,2003-09-02,2004-02-02,Closed,6.0,15.0,6569628.679262619,109,153,887.4999999999964,411.1667151191425,226.96610137652576,249.3671835043281,0.0001986132129026135,8.939219958774709e-05,0.000109221013314867,0.001892780408889205,-0.0013779616865887544,4,2
KC-0021,KC,Agriculture & livestock,Short,2003-09-02,2004-03-01,Closed,5.0,5.0,6569628.679262619,129,181,2681.2500000000564,297.2695320437165,335.16215997685316,2048.8183079794867,0.0004437233971373288,8.657078308028281e-05,0.00035715261405704557,0.0017889296276894003,-0.00238418565574838,3,2
KE-0012,KE,Agriculture & livestock,Short,2003-09-02,2003-10-01,Closed,1.0,1.0,6569628.679262619,21,29,450.0,27.14985359653945,0.0,422.85014640346054,7.078610483245798e-05,4.083104942042522e-06,6.670299989041546e-05,0.00022864916846844442,-2.0686675391431476e-06,0,0
ZM-0017,ZM,Agriculture & livestock,Long,2003-09-02,2004-10-01,Closed,4.0,7.0,6569628.679262619,283,395,16829.999999999964,305.6572757644385,927.9561167703774,15596.386607465147,0.0026750278295790686,0.00016524245531524635,0.002509785374263822,0.01027351168587612,-7.22609517745758e-06,7,9
ZS-0024,ZS,Agriculture & livestock,Long,2003-09-02,2004-10-01,Closed,3.0,4.0,6569628.679262619,283,395,7412.5,135.6226362136599,493.4587193743554,6783.418644411985,0.0014132452016534273,8.389186365116893e-05,0.0013293533380022576,0.007856102834445027,-6.201077921090741e-06,3,7
ZW-0019,ZW,Agriculture & livestock,Short,2003-09-02,2003-12-01,Closed,1.0,2.0,6569628.679262619,64,90,-2562.5,54.586194850486564,54.64240858373158,-2671.7286034342183,-0.00035121095582449433,1.543332795734439e-05,-0.0003666442837818387,0.00038147338922319855,-0.0004807817233051477,1,1
CT-0016,CT,Agriculture & livestock,Long,2003-10-01,2003-11-03,Closed,1.0,1.0,6731147.854983671,23,33,4480.000000000001,16.830587210316537,0.0,4463.169412789684,0.0006416440323006672,2.4461582640103505e-06,0.0006391978740366567,0.0010885909487519541,-9.829221479507467e-06,0,0
FCE-0005,FCE,Equity indices,Long,2003-10-01,2007-01-02,Closed,8.0,18.0,6731147.854983671,849,1189,213502.1519999998,1028.2207633225446,6638.836331761355,205835.0949049159,0.024300866745276904,0.0008572592947384796,0.023443607450538424,0.02478125665039389,-1.0390045099963208e-05,25,39
FDAX-0008,FDAX,Equity indices,Long,2003-10-01,2005-03-01,Closed,2.0,3.0,6731147.854983671,369,517,65272.84999999999,198.54533963719675,226.46970940061033,64847.834950962184,0.008586072220256218,5.3844025387295735e-05,0.008532228194868922,0.008668650713452406,-0.0003002948965203693,5,5
FESX-0006,FESX,Equity indices,Long,2003-10-01,2007-07-02,Closed,9.0,25.0,6731147.854983671,978,1370,270950.49,1770.3685441236696,4346.345242673376,264833.776213203,0.02989602962666187,0.0006728586954771074,0.02922317093118476,0.029739608589466986,-0.0002949553357270886,30,15
FGBM-0007,FGBM,Government bonds,Long,2003-10-01,2004-06-01,Closed,6.0,11.0,6731147.854983671,174,244,4730.334999999991,461.6685352770692,248.27356013256363,4020.3929045903583,0.0005277389343087229,9.522574406969958e-05,0.0004325131902390232,0.002571941558659825,-0.0025957978246449807,7,2
FSMI-0005,FSMI,Equity indices,Long,2003-10-01,2005-02-01,Closed,9.0,12.0,6731147.854983671,349,489,57204.95100000004,459.5283627150501,862.6349562925318,55882.78768099246,0.007363552385884355,0.00016770742280045555,0.007195844963083901,0.0072127345473146556,-1.3904327885845265e-05,8,5
LFT-0012,LFT,Equity indices,Long,2003-10-01,2004-09-01,Closed,6.0,6.0,6731147.854983671,240,336,31578.98800000002,154.77857404140798,228.7706213890561,31195.438804569556,0.0044611205885610045,5.1334239120956604e-05,0.004409786349440045,0.00476556830885645,-9.640688535035711e-06,4,3
ZL-0019,ZL,Agriculture & livestock,Long,2003-10-01,2004-10-01,Closed,19.0,19.0,6731147.854983671,262,366,21113.99999999999,581.517777750496,1103.0277246555684,19429.454497593924,0.0031145620429815627,0.0002244492790383672,0.0028901127639431967,0.008844514620184794,-2.5198412878990022e-05,7,8
HE-0014,HE,Agriculture & livestock,Short,2003-11-03,2004-03-01,Closed,7.0,7.0,7053948.563173606,85,119,-25909.999999999978,171.9554976138035,298.423140188978,-26380.378637802758,-0.0032690285500477723,6.306753552238868e-05,-0.0033320960855701613,0.001815015481691367,-0.0033320960855701613,1,2
LLG-0022,LLG,Government bonds,Short,2003-11-03,2003-12-01,Closed,2.0,2.0,7053948.563173606,20,28,-2246.1059999999834,74.17758181781119,72.73294276222826,-2393.0165245800226,-0.00032171291653998305,2.0559977820683467e-05,-0.00034227289436066633,0.0,-0.0007572247411156189,0,1
SB-0014,SB,Agriculture & livestock,Short,2003-11-03,2004-08-02,Closed,22.0,23.0,7053948.563173606,195,273,-21145.60000000002,829.5584720805158,854.9078066472495,-22830.066278727787,-0.002815352459097818,0.00022115829825028013,-0.0030365107573480997,0.0012494142527260162,-0.0031659869283527553,5,3
CT-0017,CT,Agriculture & livestock,Long,2003-12-01,2004-02-02,Closed,1.0,1.0,7172823.377405402,45,63,-2225.000000000002,16.095493393367555,0.0,-2241.0954933933695,-0.00028217896046466636,2.170552905989714e-06,-0.00028434951337065603,0.0001825471875209564,-0.00028434951337065603,0,0
KE-0013,KE,Agriculture & livestock,Long,2003-12-01,2004-08-02,Closed,7.0,8.0,7172823.377405402,175,245,-10525.0,220.48742641282718,334.82299790956387,-11080.31042432239,-0.001376751077986326,7.27990711447973e-05,-0.0014495501491311228,0.0004601571737531696,-0.0018996541127854075,4,3
ZW-0020,ZW,Agriculture & livestock,Long,2003-12-01,2004-06-01,Closed,6.0,8.0,7172823.377405402,131,183,-11387.5,218.36685390261167,219.1638271847694,-11825.03068108738,-0.0014786503714903528,5.7477607201120864e-05,-0.0015361279786914742,0.00023481008962832604,-0.0019763064756488577,4,2
6S-0017,6S,FX,Long,2004-01-02,2004-09-01,Closed,1.0,3.0,7486439.625254471,173,243,-1137.5000000000134,59.15373615769232,61.61794097254439,-1258.27167713025,-9.10308200207447e-05,1.5660512678569393e-05,-0.00010669133269931406,0.0005807560453792744,-0.0013000820291926578,2,2
ZC-0012,ZC,Agriculture & livestock,Long,2004-01-02,2004-08-02,Closed,20.0,20.0,7486439.625254471,151,213,11687.5,541.5330569834966,623.3299771706743,10522.636965845828,0.0014917255248583095,0.00015192156241456117,0.0013398039624437487,0.005584607909782855,-0.00046134320438981856,3,3
6M-0013,6M,FX,Long,2004-02-02,2004-04-01,Closed,1.0,6.0,7677535.112584359,43,59,-4000.0,105.13034991553769,108.97556158510176,-4214.105911500639,-0.0005108227289827348,2.7394119745849445e-05,-0.0005382168487285844,0.00018212811583295454,-0.0007313861199770334,1,1
CC-0031,CC,Agriculture & livestock,Short,2004-03-01,2004-04-01,Closed,3.0,3.0,7842709.409979675,23,31,1200.0,70.37799246502526,0.0,1129.6220075349747,0.00015171291630521126,8.943854247630297e-06,0.00014276906205758092,0.0006557077495493699,-4.500009150735855e-06,0,0
CT-0018,CT,Agriculture & livestock,Long,2004-03-01,2004-04-01,Closed,3.0,3.0,7842709.409979675,23,31,-17999.999999999993,49.986053879926295,0.0,-18049.98605387992,-0.002282500908620704,6.352675761602738e-06,-0.0022888535843823077,0.0,-0.0022888535843823077,0,0
HE-0015,HE,Agriculture & livestock,Long,2004-03-01,2005-07-01,Closed,4.0,27.0,7842709.409979675,349,487,-54320.000000000015,788.4244674507906,2549.881841419431,-57658.30630887024,-0.004790342460157896,0.00039460389694307677,-0.005184946357100974,0.013635334981189125,-0.006647385201607943,8,9
KC-0022,KC,Agriculture & livestock,Long,2004-03-01,2004-05-03,Closed,4.0,4.0,7842709.409979675,45,63,-12824.999999999933,150.59084501580267,149.28087393815943,-13124.871718953895,-0.0016391363290952185,3.8801474927081525e-05,-0.0016779378040223,0.0003591441384351862,-0.0017950576590963683,0,1
NG-0017,NG,Energy,Short,2004-03-01,2004-11-01,Closed,1.0,3.0,7842709.409979675,175,245,-23469.999999999975,71.21318379878645,309.52238997638017,-23850.735573775142,-0.002810969037077438,4.866799289782118e-05,-0.0028596370299752588,0.005467704809718563,-0.004425695046301286,2,8
RS-0026,RS,Agriculture & livestock,Long,2004-03-01,2004-06-01,Closed,31.0,31.0,7842709.409979675,66,92,-7596.720200000005,345.3888075945541,356.49429654476944,-8298.60330413933,-0.000970869491549282,9.096150859800602e-05,-0.0010618310001472876,0.0013285102742861409,-0.0018258745521722625,1,1
CT-0019,CT,Agriculture & livestock,Short,2004-04-01,2004-12-01,Closed,3.0,6.0,7895353.593237081,174,244,17654.999999999993,114.49617584313783,204.3097771402056,17336.19404701665,0.002378028368194732,3.9562095516223794e-05,0.0023384662726785082,0.004503927869591174,-0.000583002187488904,4,3
FGBL-0007,FGBL,Government bonds,Long,2004-04-01,2004-06-01,Closed,5.0,5.0,7895353.593237081,43,61,-17443.51999999998,135.77698980942517,0.0,-17579.296989809405,-0.0022204356577465146,1.7460018616003106e-05,-0.002237895676362518,0.0,-0.0024525428562003184,0,0
PA-0002,PA,Metals,Long,2004-04-01,2004-06-01,Closed,1.0,1.0,7895353.593237081,43,61,-4920.000000000004,24.317821170286912,24.400388069199188,-4968.71820923949,-0.0006376712849605076,6.30548807462628e-06,-0.0006439767730351338,0.0004544762195393526,-0.0008591040525446096,0,1
6M-0014,6M,FX,Short,2004-05-03,2004-09-01,Closed,9.0,19.0,7682138.895173099,87,121,-13037.500000000025,358.5806258100937,173.32337185839054,-13569.403997668509,-0.001736354143714843,6.906812421442858e-05,-0.0018054222679292718,0.0009691633339093201,-0.0026111882256319064,2,1
CC-0032,CC,Agriculture & livestock,Short,2004-05-03,2004-08-02,Closed,6.0,11.0,7682138.895173099,65,91,-35470.0,263.621490753079,145.2671651301335,-35878.88865588322,-0.004635392063363008,5.3349174192487725e-05,-0.004688741237555496,0.0007095879620824963,-0.004688741237555496,1,1
KC-0023,KC,Agriculture & livestock,Short,2004-05-03,2004-06-01,Closed,1.0,1.0,7682138.895173099,21,29,-4931.249999999992,37.23196266054193,0.0,-4968.481962660534,-0.0006471120487837965,4.852896531791997e-06,-0.0006519649453155885,8.101072588170564e-06,-0.0007792618757570746,0,0
PL-0024,PL,Metals,Long,2004-05-03,2004-06-01,Closed,1.0,1.0,7682138.895173099,21,29,1790.000000000009,18.58100648485184,0.0,1771.4189935151574,0.0002391617518261178,2.421881848507558e-06,0.00023673986997761024,0.0002501596898100716,-0.0002817808665601398,0,0
ZB-0018,ZB,Government bonds,Short,2004-05-03,2004-08-02,Closed,1.0,2.0,7682138.895173099,65,91,-4093.75,111.82395908184378,55.39315553132198,-4260.967114613166,-0.0005308221565259999,2.184108821784706e-05,-0.0005526632447438469,0.0004590315408766976,-0.0008011316111995947,1,1
ZF-0014,ZF,Government bonds,Short,2004-05-03,2004-06-01,Closed,1.0,1.0,7682138.895173099,21,29,515.6299999999874,20.47282469850741,20.10785652001211,475.0493187814679,6.557542272109666e-05,5.288178739871297e-06,6.028724398122536e-05,0.0001911047285318888,-1.3634280164413458e-06,0,1
ZN-0015,ZN,Government bonds,Short,2004-05-03,2004-06-01,Closed,4.0,4.0,7682138.895173099,21,29,3625.0,128.23957596083903,128.17505030869702,3368.585373730464,0.0004633649310584819,3.341439258065589e-05,0.0004299505384778261,0.0011836599930271942,-8.400954194110928e-06,0,1
FGBL-0008,FGBL,Government bonds,Short,2004-06-01,2004-08-02,Closed,5.0,5.0,7661891.653172309,44,62,-7728.557999999983,135.29873716862525,136.23312538333914,-8000.089862551947,-0.0010052100326939856,3.5196791199648556e-05,-0.001040406823893634,0.0003305324893069704,-0.0010449844085948965,1,1
FGBM-0008,FGBM,Government bonds,Short,2004-06-01,2004-07-01,Closed,3.0,3.0,7661891.653172309,22,30,-978.2399999999664,81.28143813686626,81.37473474777711,-1140.8961728846098,-0.00012729512248464833,2.103405235108583e-05,-0.00014832917483573424,0.00027006684308790126,-0.00014832917483573424,0,1
KC-0024,KC,Agriculture & livestock,Long,2004-06-01,2004-07-01,Closed,3.0,3.0,7661891.653172309,22,30,-11812.5,111.56969727240747,111.78967217047122,-12035.859369442878,-0.0015304597179553773,2.8934339308963977e-05,-0.001559394057264341,0.00013880293113677336,-0.0017189617532070976,0,1
RS-0027,RS,Agriculture & livestock,Short,2004-06-01,2004-07-02,Closed,10.0,10.0,7661891.653172309,23,31,2214.5740000000014,111.30468939958644,108.84661529790199,1994.422695302513,0.00028575421697056927,2.848176474926095e-05,0.0002572724522213084,0.000312893896685953,-0.00012154901917361654,0,1
ZW-0021,ZW,Agriculture & livestock,Short,2004-06-01,2006-06-01,Closed,5.0,35.0,7661891.653172309,522,730,21825.0,1691.7078818408881,4757.183987505978,15376.108130653134,0.0038175283571892102,0.0006948513068339105,0.0031226770503553084,0.010838374487469805,-0.001777481302740659,17,10
FGBS-0005,FGBS,Government bonds,Long,2004-07-01,2005-06-01,Closed,26.0,53.0,7758038.814139795,239,335,94349.94599999972,2480.0803366524583,1260.4763793777627,90609.38928396949,0.011521566499468967,0.00045059323036810166,0.011070973269100864,0.011127565705950433,-3.145009492587621e-05,9,3
KC-0025,KC,Agriculture & livestock,Short,2004-07-01,2004-10-01,Closed,2.0,7.0,7758038.814139795,66,92,-20043.750000000036,263.5504524900204,264.373933988093,-20571.67438647815,-0.0025811669359398393,6.809639828190448e-05,-0.0026492633342217434,0.0011257286165802778,-0.00457278648496706,1,1
ZT-0017,ZT,Government bonds,Short,2004-07-01,2004-08-02,Closed,2.0,2.0,7758038.814139795,22,32,-750.0,56.27618954141506,0.0,-806.2761895414151,-9.709848554998355e-05,7.355757064809068e-06,-0.0001044542426147926,8.203052111270584e-05,-0.00017752315684786262,0,0
CGB-0007,CGB,Government bonds,Long,2004-07-02,2005-06-01,Closed,9.0,30.0,7762070.538486824,238,334,138127.69600000005,843.6003275053295,2154.307346283093,135129.78832621165,0.016396429000326136,0.00035069825377886856,0.016045730746547266,0.016088496420709572,-0.0006038273339243443,7,4
RS-0028,RS,Agriculture & livestock,Long,2004-07-02,2004-08-03,Closed,30.0,30.0,7762070.538486824,22,32,-15788.669999999991,337.7906234283121,0.0,-16126.460623428304,-0.0020576015024385184,4.406975929581414e-05,-0.0021016712617343324,0.0,-0.0021016712617343324,0,0
CC-0033,CC,Agriculture & livestock,Long,2004-08-02,2004-10-01,Closed,2.0,2.0,7575462.620745115,44,60,-4010.0,47.77771165138644,47.361882955265656,-4105.139594606652,-0.0005245283559460845,1.2391028324309356e-05,-0.0005369193842703938,8.93104234706433e-05,-0.0005417453384253754,1,1
FGBL-0009,FGBL,Government bonds,Long,2004-08-02,2004-09-01,Closed,10.0,10.0,7575462.620745115,22,30,20587.420000000056,271.34073239932616,0.0,20316.07926760073,0.0027253055066392517,3.54892190169943e-05,0.002689816287622257,0.0029443136002024724,-1.7861241513117374e-05,0,0
FGBM-0009,FGBM,Government bonds,Long,2004-08-02,2005-06-01,Closed,14.0,35.0,7575462.620745115,217,303,154876.97099999976,1502.1599804981693,1010.1923089461148,152364.6187105555,0.01857563775033262,0.0003000274098372749,0.01827561034049534,0.01833022240431623,-2.530042991583364e-05,6,3
KE-0014,KE,Agriculture & livestock,Short,2004-08-02,2005-08-01,Closed,13.0,23.0,7575462.620745115,260,364,-15962.5,918.3119006722867,1914.6810056431111,-18795.492906315398,-0.0017152998867049636,0.00033443621529016636,-0.0020497361019951323,0.002189284759381564,-0.004365762394512604,8,5
ZB-0019,ZB,Government bonds,Long,2004-08-02,2005-06-01,Closed,5.0,6.0,7575462.620745115,217,303,37093.75,445.2811142533929,1059.7815654731423,35588.687320273464,0.004751025378703162,0.0001819356307057932,0.0045690897479973664,0.006182438983375178,-1.8553234128349307e-05,4,4
ZC-0013,ZC,Agriculture & livestock,Short,2004-08-02,2006-11-01,Closed,16.0,59.0,7575462.620745115,587,821,937.5,2645.8018744309816,8602.20458645871,-10310.506460889692,0.0020751732889563697,0.0011959942249356508,0.000879179064020712,0.012564645537229982,-0.0016967270910611845,20,11
ZF-0015,ZF,Government bonds,Long,2004-08-02,2005-03-01,Closed,12.0,30.0,7575462.620745115,151,211,-21499.9600000001,637.5564103332006,1160.1075730076204,-23297.62398334092,-0.0020747040045084307,0.00021636420152424833,-0.0022910682060326786,0.004367324834565792,-0.0022910682060326786,3,3
ZN-0016,ZN,Government bonds,Long,2004-08-02,2005-03-01,Closed,8.0,15.0,7575462.620745115,151,211,3578.125,485.56234228603205,1030.4245494810498,2062.138108232918,0.0008508751276984185,0.00018346434349769144,0.0006674107842007254,0.005247898093681364,-1.7031971272169727e-05,2,3
ZT-0018,ZT,Government bonds,Long,2004-08-02,2005-01-03,Closed,15.0,16.0,7575462.620745115,110,154,155.20000000009532,528.7543289623909,795.3773873100818,-1168.9317162723773,0.00027939691422295744,0.00016422702733417661,0.00011516988688878051,0.003283035395030287,-0.0002880333980837578,1,2
RS-0029,RS,Agriculture & livestock,Short,2004-08-03,2004-09-01,Closed,11.0,11.0,7567743.4385564625,21,29,-9417.4124,122.60075771643244,0.0,-9540.013157716432,-0.001224658094092015,1.6043457198799994e-05,-0.001240701551290815,2.508184521825226e-05,-0.001240701551290815,0,0
6M-0015,6M,FX,Long,2004-09-01,2006-07-03,Closed,15.0,66.0,7716912.784049486,478,670,150999.99999999994,2355.564161181197,4653.627708380531,143990.80813043824,0.017902684063433875,0.0007564346516892814,0.01714624941174459,0.02495485853191191,-0.0013770376653415286,19,8
NQ-0005,NQ,Equity indices,Short,2004-09-01,2004-11-01,Closed,13.0,13.0,7716912.784049486,43,61,-28210.0,208.11151369862762,209.31834704841637,-28627.42986074704,-0.003554518088230895,5.2983947077509953e-05,-0.0036075020353084045,8.75630551811251e-05,-0.0036075020353084045,0,1
RS-0030,RS,Agriculture & livestock,Long,2004-09-01,2004-10-01,Closed,39.0,39.0,7716912.784049486,22,30,-41542.9326,437.42859503728937,0.0,-41980.36119503729,-0.005348279054294621,5.581795432549963e-05,-0.00540409700862012,0.0,-0.006081487630002388,0,0
SJB-0008,SJB,Government bonds,Long,2004-09-01,2005-06-01,Closed,11.0,33.0,7716912.784049486,195,273,86717.71500000023,1606.6797768902989,1897.6892727231755,83213.34595038675,0.010284041257797215,0.00041461387771924324,0.009869427380077974,0.009940752922166576,-0.0012969802737253376,7,3
6J-0021,6J,FX,Short,2004-10-01,2004-11-01,Closed,7.0,7.0,7959329.946912814,21,31,-28437.500000000164,150.03481251902537,0.0,-28587.53481251919,-0.003516197999126288,1.862336268367949e-05,-0.003534821361809968,0.0009310719146407634,-0.004040647956404008,0,0
CC-0034,CC,Agriculture & livestock,Short,2004-10-01,2005-03-01,Closed,13.0,19.0,7959329.946912814,107,151,-57500.0,626.0788336907482,821.9859152765302,-58948.06474896728,-0.006801399916339417,0.00017139563621408358,-0.0069727955525535025,0.0009376800017097064,-0.0069727955525535025,4,2
FGBL-0010,FGBL,Government bonds,Long,2004-10-01,2005-09-01,Closed,14.0,18.0,7959329.946912814,239,335,146843.39499999984,1155.536476321474,448.6012425996076,145239.25728107878,0.01721755503987716,0.00018605164924712293,0.017031503390630035,0.01704468949310363,-0.00011037146022575909,7,3
HTW-0010,HTW,Equity indices,Short,2004-10-01,2005-03-01,Closed,2.0,5.0,7959329.946912814,107,151,-949.9999999999998,142.17208800032813,308.4935212710073,-1400.6656092713351,-9.657909070191284e-05,5.313703179045377e-05,-0.00014971612249236663,0.000871912564585802,-0.00020455707175224153,4,5
KC-0026,KC,Agriculture & livestock,Long,2004-10-01,2005-08-01,Closed,7.0,7.0,7959329.946912814,216,304,-6431.250000000087,449.86785835665205,301.60358207944637,-7182.721440436186,-0.000710988794293498,8.77901370245689e-05,-0.0007987789313180671,0.0045742375389666206,-0.0023625778455441176,6,4
LLG-0023,LLG,Government bonds,Long,2004-10-01,2004-12-01,Closed,10.0,10.0,7959329.946912814,43,61,29560.74999999987,406.2236272055761,419.95648398913653,28734.56988880516,0.003649602354422164,9.921047757929249e-05,0.0035503918768428713,0.004689644776481171,-0.00046899761126141586,0,1
NKD-0022,NKD,Equity indices,Short,2004-10-01,2004-11-01,Closed,8.0,8.0,7959329.946912814,21,31,14000.0,407.56877678846183,0.0,13592.431223211539,0.0017280806138208634,5.0592452226614574e-05,0.001677488161594249,0.0022629266088898276,-0.00144791805144912,0,0
RS-0031,RS,Agriculture & livestock,Short,2004-10-01,2004-11-01,Closed,5.0,5.0,7959329.946912814,21,31,1299.2219999999984,55.01973283177172,54.30471644651373,1189.8975507217128,0.0001606907007690257,1.3529782777326575e-05,0.00014716091799169917,0.00021403474573298027,-3.536132446961695e-06,0,1
SNK-0028,SNK,Equity indices,Short,2004-10-01,2004-11-01,Closed,8.0,8.0,7959329.946912814,21,31,9873.62,367.6157226639149,0.0,9506.004277336086,0.0012040094154034827,4.562097185486102e-05,0.0011583884435486219,0.001389128239698662,-0.0018080966864331784,0,0
ZM-0018,ZM,Agriculture & livestock,Short,2004-10-01,2005-03-01,Closed,4.0,12.0,7959329.946912814,107,151,-16220.000000000058,328.94203448211925,500.1772239045669,-17049.119258386745,-0.0018850522546564133,9.776947216628311e-05,-0.0019828217268226967,0.0007152331760285944,-0.0020232390978836665,3,3
6J-0022,6J,FX,Long,2004-11-01,2004-12-01,Closed,3.0,3.0,8152970.428852135,22,30,12187.499999999989,62.28510980719204,0.0,12125.214890192798,0.0014599881874632998,7.52757831615322e-06,0.001452460609147147,0.0015262086894728677,-0.0003680080869568561,0,0
LE-0019,LE,Agriculture & livestock,Short,2004-11-01,2004-12-01,Closed,11.0,11.0,8152970.428852135,22,30,-22989.999999999975,272.7881794654312,0.0,-23262.788179465406,-0.002768068400201962,3.2945115779685085e-05,-0.002801013515981647,0.0007827269247056925,-0.003386373387212878,0,0
NQ-0006,NQ,Equity indices,Long,2004-11-01,2005-01-03,Closed,7.0,7.0,8152970.428852135,45,63,15780.0,111.26716214550154,47.420496207062214,15621.312341647437,0.0019050495631393115,1.8971177201222234e-05,0.0018860783859380892,0.002031881238961134,-6.900961358143287e-06,1,1
SNK-0029,SNK,Equity indices,Long,2004-11-01,2005-03-01,Closed,8.0,8.0,8152970.428852135,86,120,26208.094999999998,375.6038514353644,226.00088511724647,25606.490263447387,0.0030923001554696876,7.215004870850735e-05,0.0030201501067611803,0.003033974298421442,-2.3256269180656598e-05,1,1
6E-0004,6E,FX,Long,2004-12-01,2005-01-03,Closed,3.0,3.0,8411462.109335063,23,33,5962.500000000009,57.12200781921803,59.85602311070129,5845.52196907009,0.0007078839266530846,1.3869240718374943e-05,0.0006940146859347095,0.00143620746435497,-0.00039664644038220505,0,1
LE-0020,LE,Agriculture & livestock,Long,2004-12-01,2005-04-01,Closed,1.0,3.0,8411462.109335063,87,121,4130.0000000000055,71.82752095719539,71.74531618207509,3986.4271628607353,0.0004886944738707787,1.67402466888314e-05,0.0004719542271819472,0.0007160458347159667,-0.00014272737768132395,2,2
LFT-0013,LFT,Equity indices,Long,2004-12-01,2005-01-04,Closed,2.0,2.0,8411462.109335063,24,34,3288.648,46.32117720648632,47.59216227261653,3194.7346605208973,0.0003830712286673587,1.1062189825599597e-05,0.00037200903884175915,0.00037469683702094734,-0.0002446875269981398,0,1
NG-0018,NG,Energy,Short,2004-12-01,2005-09-01,Closed,1.0,7.0,8411462.109335063,196,274,-233800.00000000003,169.33845665247725,731.4957848126785,-234700.83424146517,-0.02490831301524162,0.00010005235903675798,-0.025008365374278373,0.0036514921045241885,-0.025008365374278373,4,9
NKD-0023,NKD,Equity indices,Long,2004-12-01,2005-03-01,Closed,6.0,6.0,8411462.109335063,64,90,21850.0,291.7340773710174,289.20247301816516,21269.063449610818,0.0025523103902554737,6.886687482754945e-05,0.002483443515427924,0.002494975239192214,-0.0006416977243941087,1,1
6J-0023,6J,FX,Long,2005-01-03,2005-03-01,Closed,1.0,2.0,8582988.480784696,41,57,-3487.5000000000323,37.74749091797194,0.0,-3525.247490918004,-0.0003929736407299474,4.420404860141036e-06,-0.0003973940455900886,7.787035513327439e-05,-0.0007563411185764579,1,0
GC-0016,GC,Metals,Long,2005-01-03,2005-02-01,Closed,2.0,2.0,8582988.480784696,21,29,-1820.0000000000045,46.9779544717568,47.24554445699582,-1914.2234989287572,-0.00021210347821876713,1.0899764729776713e-05,-0.00022300324294854384,0.0,-0.00024279402813763638,0,1
PL-0025,PL,Metals,Long,2005-01-03,2005-02-01,Closed,2.0,2.0,8582988.480784696,21,29,2539.9999999999864,38.92636804071175,0.0,2501.0736319592747,0.00029528552830162386,4.50922916840942e-06,0.0002907762991332144,0.00029292930023098345,-0.00015254463528514947,0,0
ZT-0019,ZT,Government bonds,Short,2005-01-03,2005-05-02,Closed,20.0,40.0,8582988.480784696,85,119,17080.079999999616,1281.5120472346139,764.8043113203785,15033.763641444624,0.0019738629249259508,0.00023731602173113667,0.0017365469031948128,0.0068896015896882665,-3.957160442576076e-05,2,1
LLG-0024,LLG,Government bonds,Long,2005-01-04,2005-03-01,Closed,2.0,4.0,8573912.547761224,40,56,-14395.946000000025,159.95825950708624,158.84150874892953,-14714.745768256042,-0.001665661592299761,3.734817150015462e-05,-0.0017030097637999151,0.0005976424111867072,-0.0017157030870972696,1,1
CT-0020,CT,Agriculture & livestock,Short,2005-02-01,2005-03-01,Closed,3.0,3.0,8686892.761775149,20,28,-8655.0,48.583962606623984,48.590527735759125,-8752.174490342384,-0.0010006362091048403,1.132396750163997e-05,-0.0010119601766064804,0.00020080959580975172,-0.001129812529098117,0,1
ES-0009,ES,Equity indices,Long,2005-02-01,2005-04-01,Closed,1.0,4.0,8686892.761775149,43,59,-6262.5,107.91203315499024,108.49663093618923,-6478.908664091179,-0.000729106743429896,2.5405107523327937e-05,-0.000754511850953224,0.0004721049681071915,-0.0009316679365681723,1,1
FSMI-0006,FSMI,Equity indices,Short,2005-02-01,2005-03-01,Closed,21.0,21.0,8686892.761775149,20,28,-31401.971999999998,522.0677438732425,0.0,-31924.03974387324,-0.0036526998681801334,6.096101052938976e-05,-0.0037136608787095233,0.0,-0.0037136608787095233,0,0
RTY-0003,RTY,Equity indices,Long,2005-02-01,2005-04-01,Closed,5.0,10.0,8686892.761775149,43,59,-10524.999999999978,159.9783542108453,163.71816520412347,-10848.696519414947,-0.0012193189273492237,3.791565491699931e-05,-0.0012572345822662234,0.0007049250472604114,-0.0015789540549529441,1,1
SI-0017,SI,Metals,Short,2005-02-01,2005-03-01,Closed,8.0,8.0,8686892.761775149,20,28,-19560.000000000036,378.00532578726234,378.6076857153039,-20316.613011502603,-0.0022134315305732143,8.854501242346773e-05,-0.002301976542996682,0.0007839262824637151,-0.0036496190670694297,0,1
YM-0002,YM,Equity indices,Short,2005-02-01,2005-03-01,Closed,20.0,20.0,8686892.761775149,20,28,-28500.0,351.3123932235432,0.0,-28851.312393223543,-0.0033021304769270585,4.10040903112397e-05,-0.0033431345672382986,0.0,-0.0034934969730475757,0,0
FSMI-0007,FSMI,Equity indices,Long,2005-03-01,2007-01-03,Closed,20.0,22.0,8448262.000696097,481,673,270763.448,1025.1965231360734,2322.081600398363,267416.1698764656,0.02808335413562266,0.0003523837044382862,0.027730970431184374,0.027736260829751266,-0.0011331738561855204,17,8
LLG-0025,LLG,Government bonds,Short,2005-03-01,2005-04-01,Closed,11.0,11.0,8448262.000696097,23,31,-8275.157000000083,464.47364021576357,0.0,-8739.630640215846,-0.0009968705176810711,5.456180460429214e-05,-0.0010514323222853635,0.0017183142353351423,-0.0019375391239203977,0,0
YM-0003,YM,Equity indices,Long,2005-03-01,2005-04-01,Closed,3.0,3.0,8448262.000696097,23,31,-6345.0,49.94609367778443,49.13264077183865,-6444.078734449623,-0.0007408714429447234,1.1652872951570176e-05,-0.0007525243158962934,0.0002236129501770948,-0.0007525243158962934,0,1
ZF-0016,ZF,Government bonds,Short,2005-03-01,2005-05-02,Closed,27.0,27.0,8448262.000696097,44,62,-20859.24000000034,583.8279298419014,0.0,-21443.06792984224,-0.002426999524643435,6.799536211616846e-05,-0.002494994886759603,0.003594609808165912,-0.0029598357571490033,1,0
ZL-0020,ZL,Agriculture & livestock,Short,2005-03-01,2005-08-01,Closed,9.0,34.0,8448262.000696097,109,153,-26969.999999999993,641.0565611782545,1099.818028698395,-28710.874589876643,-0.0029465664167028648,0.00019129277676255271,-0.0031378591934654162,0.0012966711968380043,-0.007649821421358312,4,3
ZN-0017,ZN,Government bonds,Short,2005-03-01,2005-04-01,Closed,18.0,18.0,8448262.000696097,23,31,5062.5,584.3255753874207,0.0,4478.174424612579,0.0005611743744723427,6.865274187554783e-05,0.0004925216325967951,0.0032638447376803483,-0.0008899203137788824,0,0
6J-0024,6J,FX,Short,2005-04-01,2005-05-02,Closed,8.0,8.0,8575818.59179921,21,31,-21000.000000000127,163.63661026974913,0.0,-21163.636610269878,-0.0024039565271083098,1.8883916187907945e-05,-0.0024228404432962178,0.0010740327643696383,-0.002538971189800556,0,0
CC-0035,CC,Agriculture & livestock,Long,2005-04-01,2005-05-02,Closed,2.0,2.0,8575818.59179921,21,31,-2260.0,47.000797511150054,47.41822223295701,-2354.419019744107,-0.0002609830280512038,1.0879761504054437e-05,-0.00027186278955525814,3.6899788221936885e-05,-0.00033099141615975915,0,1
CT-0021,CT,Agriculture & livestock,Short,2005-04-01,2005-05-02,Closed,1.0,1.0,8575818.59179921,21,31,-2904.9999999999995,15.919021293252161,16.01078201034405,-2936.9298033035957,-0.00033393049404438827,3.6752746317065095e-06,-0.00033760576867609477,9.032367208726027e-05,-0.0003876422143214393,0,1
FDAX-0009,FDAX,Equity indices,Long,2005-04-01,2005-06-01,Closed,2.0,2.0,8575818.59179921,43,61,10458.6125,65.40094539945308,0.0,10393.211554600546,0.0011585855629766618,7.471422627949462e-06,0.001151114140348712,0.0011546940364885337,-0.001542914100176076,0,0
LLG-0026,LLG,Government bonds,Long,2005-04-01,2005-11-01,Closed,4.0,6.0,8575818.59179921,152,214,25346.806000000022,233.81229692050246,351.4698472951458,24761.523855784373,0.00302392474951857,6.441430476893002e-05,0.0029595104447496415,0.004643476158807335,-1.0038238806835354e-05,4,2
NKD-0024,NKD,Equity indices,Short,2005-04-01,2005-08-01,Closed,6.0,6.0,8575818.59179921,86,122,2350.0,397.33078949345565,46.46174362918623,1906.2074668773582,0.00035103493283340575,4.9660589429604486e-05,0.0003013743434038018,0.0025233202959123856,-0.0008377212284137799,2,1
NQ-0007,NQ,Equity indices,Short,2005-04-01,2005-06-01,Closed,23.0,23.0,8575818.59179921,43,61,-20050.0,366.3238302598604,0.0,-20416.323830259862,-0.0022189843149457043,4.1949028217477984e-05,-0.0022609333431631825,0.0035588477379475247,-0.0022609333431631825,1,0
SI-0018,SI,Metals,Short,2005-04-01,2005-05-02,Closed,9.0,9.0,8575818.59179921,21,31,7469.99999999996,422.069366244772,423.64158473263717,6624.289049022551,0.0008453344235433233,9.718845978706288e-05,0.0007481459637562606,0.0007722262077278556,-0.0017768082168778724,0,1
SNK-0030,SNK,Equity indices,Short,2005-04-01,2005-07-01,Closed,11.0,15.0,8575818.59179921,65,91,115.98749999997199,762.3950322600681,670.5552811349925,-1316.9628133950887,0.00020133973029663255,0.0001591218845259478,4.221784577068548e-05,0.004961583683800905,-0.0010082713858809264,2,1
ZN-0018,ZN,Government bonds,Long,2005-04-01,2005-06-01,Closed,5.0,6.0,8575818.59179921,43,61,23156.25,192.52144584601027,192.96021755767407,22770.768336596317,0.002647553543658071,4.36405667509492e-05,0.002603912976907122,0.0026146207479243884,-0.00011834091917714897,1,1
ZS-0025,ZS,Agriculture & livestock,Short,2005-04-01,2005-08-01,Closed,1.0,9.0,8575818.59179921,86,122,-6737.5,301.0997847163155,304.08661570501465,-7342.68640042133,-0.0007426414708886454,6.549809054223695e-05,-0.0008081395614308822,0.00020627674397459244,-0.0031511562517953762,3,3
LE-0021,LE,Agriculture & livestock,Long,2005-05-02,2005-06-01,Closed,1.0,1.0,8753168.715528108,22,30,-200.0,24.341810156828707,0.0,-224.3418101568287,-2.198904852682908e-05,2.749766946064397e-06,-2.4738815472893486e-05,0.0001046050893717579,-2.4738815472893486e-05,0,0
RTY-0004,RTY,Equity indices,Long,2005-05-02,2005-07-01,Closed,3.0,7.0,8753168.715528108,44,60,12705.000000000024,112.05478324240998,114.12012114795306,12478.82509560966,0.0014105297622618996,2.4970319465760886e-05,0.0013855594427961387,0.001398073232775648,-3.31805364882444e-05,1,1
SB-0015,SB,Agriculture & livestock,Long,2005-05-02,2006-10-02,Closed,8.0,59.0,8753168.715528108,370,518,222096.00000000015,1797.3320838102713,2824.326216152167,217474.3417000377,0.022842814981560954,0.0004653541408631441,0.0223774608406978,0.03372101598353904,-0.00046919275613137014,11,6
ZF-0017,ZF,Government bonds,Long,2005-05-02,2005-06-01,Closed,6.0,6.0,8753168.715528108,22,30,6937.5,126.60701012240177,123.72415256714004,6687.168837310459,0.0007863525442573735,2.8222393199342354e-05,0.0007581301510580311,0.0007649285793830064,-0.0003031605710391294,0,1
ZM-0019,ZM,Agriculture & livestock,Short,2005-05-02,2005-08-01,Closed,1.0,15.0,8753168.715528108,65,91,-3259.99999999995,360.75176977826675,386.35083629356217,-4007.102606071779,-0.0003390451299140667,8.012813818874455e-05,-0.00041917326810281144,5.117371708043311e-05,-0.0028318186746333464,1,2
ZT-0020,ZT,Government bonds,Long,2005-05-02,2005-06-01,Closed,21.0,21.0,8753168.715528108,22,30,18047.609999999935,614.5214413066684,525.3033167466863,16907.78524194658,0.0020447748262277642,0.00012863672282364058,0.0019161381034041233,0.0019442409457183286,-0.000853129279182731,0,1
HTW-0011,HTW,Equity indices,Long,2005-05-03,2005-11-01,Closed,29.0,30.0,8777861.953464655,130,182,57139.999999999985,939.7655893995159,2191.753666079763,54008.480744520704,0.006459732083208716,0.0003405140567172549,0.006119218026491458,0.00928575331493714,-4.167267980253763e-05,5,6
6J-0025,6J,FX,Short,2005-06-01,2007-12-03,Closed,12.0,14.0,8946605.974351853,653,915,128600.00000000015,886.6103752145178,1714.1146200607677,125999.27500472487,0.013879379148893476,0.00025640268876380573,0.013622976460129674,0.021393580106807045,-0.0027979871427868987,20,10
6S-0018,6S,FX,Short,2005-06-01,2006-06-01,Closed,11.0,12.0,8946605.974351853,261,365,6212.500000000171,376.1089528091608,1008.8789428294351,4827.512104361575,0.0014366864716514136,0.00014009423489472848,0.0012965922367566855,0.006834452901042163,-0.001908014962343546,7,4
CC-0036,CC,Agriculture & livestock,Short,2005-06-01,2006-07-03,Closed,28.0,40.0,8946605.974351853,283,397,-15940.0,1538.3410711753888,3233.4781864760303,-20711.81925765142,-0.0011507300874867418,0.00048195452908178727,-0.0016326846165685305,0.005464528083853632,-0.005333979277323654,10,6
CT-0022,CT,Agriculture & livestock,Short,2005-06-01,2005-07-01,Closed,4.0,4.0,8946605.974351853,22,30,-7499.999999999998,68.23290697967076,66.82238448990667,-7635.055291469575,-0.0008220723333439901,1.4852316628558978e-05,-0.0008369246499725492,0.0005032169265170982,-0.000885161962844455,0,1
LE-0022,LE,Agriculture & livestock,Short,2005-06-01,2005-09-01,Closed,27.0,28.0,8946605.974351853,66,92,35430.00000000019,704.0503249955982,1476.5782380040246,33249.37143700057,0.0038793007287070656,0.0002377778658359593,0.003641522862871105,0.0055481516592413935,-0.0009223877200774326,1,2
YM-0004,YM,Equity indices,Long,2005-06-01,2005-07-01,Closed,1.0,1.0,8946605.974351853,22,30,-1170.0,15.854255321085168,15.997772135097819,-1201.8520274561831,-0.0001288073341542729,3.5132148108916058e-06,-0.00013232054896516448,4.052959150015104e-05,-0.00014830021976349557,0,1
6B-0030,6B,FX,Short,2005-07-01,2005-09-01,Closed,13.0,13.0,9202591.72330727,44,62,-42393.74999999994,281.1209774087699,0.0,-42674.87097740871,-0.004423996173723886,3.029436763832786e-05,-0.004454290541362213,0.0030081692507249653,-0.004454290541362213,1,0
6E-0005,6E,FX,Short,2005-07-01,2005-09-01,Closed,7.0,7.0,9202591.72330727,44,62,-44624.99999999994,134.31964264939634,0.0,-44759.31964264934,-0.004747803237986937,1.4469171164217958e-05,-0.0047622724091511545,0.00045842798946624073,-0.0047622724091511545,0,0
CT-0023,CT,Agriculture & livestock,Long,2005-07-01,2006-03-01,Closed,14.0,20.0,9202591.72330727,173,243,-27469.999999999978,412.29002630457023,264.6820349246841,-28146.972061229233,-0.0030151481438756896,6.77035351652666e-05,-0.003082851679040956,0.0018552220416155562,-0.0062416436828200555,5,2
FDAX-0010,FDAX,Equity indices,Long,2005-07-01,2005-09-01,Closed,4.0,4.0,9202591.72330727,44,62,23640.494999999977,130.51807554005848,0.0,23509.97692445992,0.002574619407291662,1.4057207880992128e-05,0.0025605621994106696,0.004371849934060432,-0.0007564150319288349,0,0
FGBM-0010,FGBM,Government bonds,Long,2005-07-01,2005-09-01,Closed,6.0,7.0,9202591.72330727,44,62,3724.9760000000174,190.52401191448035,0.0,3534.451988085537,0.00038504308551228633,2.0490569155597315e-05,0.0003645525163566888,0.000374845402425186,-0.0011405567099325498,1,0
FGBS-0006,FGBS,Government bonds,Long,2005-07-01,2005-11-01,Closed,28.0,28.0,9202591.72330727,87,123,-16933.073999999888,737.5378312269723,73.34116020122248,-17743.952991428083,-0.0017723356228834634,8.537059735397267e-05,-0.0018577062202374357,0.0,-0.0018577062202374357,3,1
HE-0016,HE,Agriculture & livestock,Short,2005-07-01,2005-08-01,Closed,1.0,1.0,9202591.72330727,21,31,-2310.000000000002,24.34110571861348,23.557511905522375,-2357.898617624138,-0.0002506290465966492,5.194618816388245e-06,-0.00025582366541303746,0.0,-0.00025582366541303746,0,1
SJB-0009,SJB,Government bonds,Long,2005-07-01,2006-02-01,Closed,8.0,17.0,9202591.72330727,153,215,-33035.04600000001,632.170028484774,542.8231417231765,-34210.039170207965,-0.003420937575668168,0.00012020223029927134,-0.00354113980596744,0.0,-0.004766168673333577,5,2
SNK-0031,SNK,Equity indices,Long,2005-07-01,2005-09-01,Closed,18.0,19.0,9202591.72330727,44,62,76396.79,850.2637683756798,0.0,75546.52623162432,0.008145085486275605,9.154233235670986e-05,0.008053543153918895,0.008098779123430742,-0.0005731723277873881,1,0
ZT-0021,ZT,Government bonds,Short,2005-07-01,2007-04-02,Closed,39.0,49.0,9202591.72330727,456,640,127165.73600000046,2169.0660708072623,5451.981772882959,119544.68815631022,0.012801391819135314,0.0007530789191973428,0.01204831289993797,0.016428821144533656,-0.001813614942382186,12,7
CGB-0008,CGB,Government bonds,Long,2005-07-04,2006-03-01,Closed,4.0,11.0,9209179.907403603,172,240,-10112.726999999968,364.1958328256766,544.4448847428368,-11021.367717568482,-0.0009956284497771287,9.000690654283877e-05,-0.0010856353563199674,0.0013323706322511508,-0.001559258565914896,5,3
RS-0032,RS,Agriculture & livestock,Short,2005-07-04,2006-11-01,Closed,82.0,188.0,9209179.907403603,347,485,22843.64500000008,2882.700778661269,8866.470795775467,11094.473425563343,0.003336341912860358,0.0011328322656750057,0.002203509647185348,0.012927296834351332,-0.0019772020292884796,13,6
KE-0015,KE,Agriculture & livestock,Long,2005-08-01,2007-01-03,Closed,24.0,36.0,9393693.681079477,372,520,88462.5,1116.0943993728613,2401.7684972756065,84944.63710335153,0.008609955330715723,0.00035030050168983643,0.008259654829025876,0.009604641651542485,-0.0010293104097785187,12,7
NKD-0025,NKD,Equity indices,Long,2005-08-01,2006-09-01,Closed,14.0,15.0,9393693.681079477,284,396,204525.0,1152.222947766291,1381.5635388328901,201991.21351340084,0.021061053286874347,0.00025578323687628664,0.02080527004999807,0.023896263366997496,-0.0019513559732809924,10,4
ZF-0018,ZF,Government bonds,Short,2005-08-01,2006-12-01,Closed,27.0,40.0,9393693.681079477,349,487,34546.69000000047,1384.108676415901,3143.402002465604,30019.179321118958,0.0033280295752781525,0.00044850192432398424,0.00287952765095417,0.011345481584769413,-0.004801852890316539,9,6
ZL-0021,ZL,Agriculture & livestock,Long,2005-08-01,2005-09-01,Closed,4.0,4.0,9393693.681079477,23,31,-3240.0000000000045,71.77304111147407,69.60423594028684,-3381.3772770517653,-0.0003467767299312958,1.507509540669801e-05,-0.0003618518253379938,0.00022670260067672362,-0.0005514989696667331,0,1
ZS-0026,ZS,Agriculture & livestock,Long,2005-08-01,2005-09-01,Closed,1.0,1.0,9393693.681079477,23,31,-4075.0,27.620497165942744,27.050701008099733,-4129.671198174043,-0.000435215800896096,5.829615677235397e-06,-0.0004410454165733313,9.058097456367798e-05,-0.00048372659292120874,0,1
HE-0017,HE,Agriculture & livestock,Long,2005-09-01,2005-11-01,Closed,26.0,28.0,9366354.009490162,43,61,47419.999999999956,703.5945049107372,728.025304904429,45988.38019018479,0.004973864168715348,0.0001468092814128297,0.004827054887302519,0.006974188166343632,-0.00048040646381305817,1,1
KC-0027,KC,Agriculture & livestock,Long,2005-09-01,2005-11-01,Closed,3.0,3.0,9366354.009490162,43,61,-8831.250000000027,112.55651682357671,0.0,-8943.806516823604,-0.0009865100680577256,1.1658407324801535e-05,-0.0009981684753825268,0.0,-0.0021990397214789884,0,0
LE-0023,LE,Agriculture & livestock,Long,2005-09-01,2006-04-03,Closed,3.0,25.0,9366354.009490162,152,214,-87249.99999999993,1072.6075863093781,1578.5449672108957,-89901.1525535202,-0.008083441613118289,0.0002595521699178551,-0.008342993783036141,0.0030747056092932995,-0.008938227699330776,6,3
ZL-0022,ZL,Agriculture & livestock,Short,2005-09-01,2005-10-03,Closed,32.0,32.0,9366354.009490162,22,32,-25920.00000000003,572.6978997839757,580.5292102563459,-27073.227110040352,-0.00250916020182638,0.00011714763608743501,-0.0026263078379138148,0.0020588663516220356,-0.0026263078379138148,0,1
ZN-0019,ZN,Government bonds,Long,2005-09-01,2005-10-03,Closed,1.0,1.0,9366354.009490162,22,32,-2718.75,32.228808415051105,0.0,-2750.978808415051,-0.00028150573267540216,3.3292477279052388e-06,-0.00028483498040330734,0.0,-0.00028483498040330734,0,0
ZS-0027,ZS,Agriculture & livestock,Short,2005-09-01,2005-10-03,Closed,12.0,12.0,9366354.009490162,22,32,15600.0,331.63324073818956,0.0,15268.366759261811,0.001682083052838372,3.4281084890541624e-05,0.0016478019679478303,0.00307359218869518,-0.000483393253137559,0,0
6A-0008,6A,FX,Long,2005-10-03,2005-11-01,Closed,1.0,1.0,10003695.108904952,21,29,-1700.0000000000016,16.6692569576848,0.0,-1716.6692569576865,-0.0001717005441819952,1.6704088010421875e-06,-0.0001733709529830374,6.116916165703659e-06,-0.0001733709529830374,0,0
6B-0031,6B,FX,Long,2005-10-03,2005-11-01,Closed,1.0,1.0,10003695.108904952,21,29,674.9999999999949,19.429356413472696,0.0,655.5706435865222,6.363740928024941e-05,1.947225575549787e-06,6.169018370469965e-05,0.0001933268205659499,-6.144729139986565e-05,0,0
6E-0006,6E,FX,Short,2005-10-03,2006-06-01,Closed,10.0,10.0,10003695.108904952,173,241,-68987.49999999996,253.69405474797466,271.1530004421995,-69512.34705519013,-0.006280075964357811,5.077152898206133e-05,-0.006330847493339873,0.0011817515346634667,-0.007070349993426127,4,2
FDAX-0011,FDAX,Equity indices,Long,2005-10-03,2005-12-01,Closed,3.0,3.0,10003695.108904952,43,59,4381.437500000002,95.11659854687981,0.0,4286.320901453122,0.0004421838910038393,9.452606110275698e-06,0.00043273128489356366,0.0004500943894296252,-0.002445286413666472,1,0
FGBL-0011,FGBL,Government bonds,Long,2005-10-03,2006-03-01,Closed,17.0,17.0,10003695.108904952,107,149,-36189.886999999966,456.14753763057223,52.61092198457384,-36698.645459615116,-0.003680959424220925,5.043119784167613e-05,-0.0037313906220626017,0.000377339137448876,-0.005303066253804642,3,1
FGBM-0011,FGBM,Government bonds,Long,2005-10-03,2006-02-01,Closed,15.0,15.0,10003695.108904952,87,121,-33094.27300000003,544.001947238114,356.82164324108214,-33995.09659047923,-0.0033018794017363367,8.794588850659463e-05,-0.0033898252902429308,0.0,-0.0033898252902429308,3,1
LFT-0014,LFT,Equity indices,Long,2005-10-03,2007-03-01,Closed,4.0,8.0,10003695.108904952,368,514,27626.5025,392.74722250760203,427.23111504706947,26806.524162445327,0.0027684060470834215,7.921713935619454e-05,0.0026891889077272266,0.005134783496738338,-0.0026735070988806054,12,5
NG-0019,NG,Energy,Long,2005-10-03,2006-03-01,Closed,1.0,1.0,10003695.108904952,107,149,-82049.99999999997,23.998455807784943,119.8198688103359,-82193.81832461809,-0.007993401944938637,1.3996932094402766e-05,-0.00800739887703304,0.000787141656351843,-0.008024273582146085,0,5
SNK-0032,SNK,Equity indices,Long,2005-10-03,2006-09-01,Closed,14.0,14.0,10003695.108904952,239,333,76303.73500000006,1174.1123094832124,736.3394764672933,74393.28321404954,0.007646040725336388,0.0001861247679555221,0.007459915957380862,0.011056159924195388,-0.0030554856234112,9,3
YAP-0031,YAP,Equity indices,Long,2005-10-03,2007-07-02,Closed,11.0,11.0,10003695.108904952,455,637,129892.56,881.9028319143345,1083.57056505676,127927.0866030289,0.012308429953991071,0.00019009230173700875,0.012118337652254065,0.012463276884577448,-0.006093928570599598,15,7
ZL-0023,ZL,Agriculture & livestock,Long,2005-10-03,2005-12-01,Closed,6.0,6.0,10003695.108904952,43,59,-9414.000000000007,106.09280014164804,51.85131102369874,-9571.944111165354,-0.0009493406977068321,1.564731050384623e-05,-0.0009649880082106783,0.0,-0.0009749446465840032,1,1
ZN-0020,ZN,Government bonds,Short,2005-10-03,2006-03-01,Closed,25.0,25.0,10003695.108904952,107,149,34765.625,844.8163912853518,1003.785110371754,32917.023498342896,0.0034880598074909183,0.0001794820670019863,0.0033085777404889306,0.0039769915393999405,-0.0004719633234204014,2,2
ZS-0028,ZS,Agriculture & livestock,Long,2005-10-03,2005-12-01,Closed,5.0,5.0,10003695.108904952,43,59,-5762.5,137.52474969749238,137.3195379246392,-6037.344287622132,-0.0005826014788731434,2.7655388573074398e-05,-0.0006102568674462177,0.0002519511456822168,-0.0006907203109101187,1,1
6B-0032,6B,FX,Short,2005-11-01,2006-06-01,Closed,7.0,10.0,9954498.340712216,152,212,-62243.75000000001,218.90943425959415,422.265165555526,-62884.924599815124,-0.005608184195758914,6.18449533759564e-05,-0.005670029149134871,0.002287166247064626,-0.00737316508857382,4,2
FGBS-0007,FGBS,Government bonds,Short,2005-11-01,2008-02-01,Closed,66.0,110.0,9954498.340712216,588,822,150561.5564999996,3911.8662641219394,11567.967712810652,135081.72252306703,0.014841617089375383,0.0014845377253481645,0.013357079364027217,0.024253772024898396,-0.0006974116270081065,24,9
HE-0018,HE,Agriculture & livestock,Short,2005-11-01,2006-06-01,Closed,14.0,15.0,9954498.340712216,152,212,58759.99999999999,394.2488292294779,1111.5932476544415,57254.15792311607,0.005643257368766464,0.00014386648777090842,0.005499390880995556,0.008390086668118349,-0.0018794711150622438,3,3
HTW-0012,HTW,Equity indices,Short,2005-11-01,2005-12-01,Closed,15.0,15.0,9954498.340712216,22,30,-28650.0,374.76307659884196,363.1030766835964,-29387.86615328244,-0.0028542375941681486,7.304506928928801e-05,-0.0029272826634574372,0.0,-0.003127739523421948,0,1
KC-0028,KC,Agriculture & livestock,Short,2005-11-01,2006-09-01,Closed,5.0,8.0,9954498.340712216,218,304,806.2499999998499,460.1734729339195,1156.7882499002994,-810.7117228343691,-4.932185266693753e-05,0.00015549805554228462,-0.0002048199082092231,0.002056809017156465,-0.004287028918040601,4,5
SI-0019,SI,Metals,Short,2005-11-01,2005-12-01,Closed,9.0,9.0,9954498.340712216,22,30,-46034.999999999985,422.2156416947868,431.3629457988201,-46888.57858749359,-0.00455567692487045,8.416874333819232e-05,-0.004639845668208642,0.0,-0.004639845668208642,0,1
YM-0005,YM,Equity indices,Short,2005-11-01,2005-12-01,Closed,11.0,11.0,9954498.340712216,22,30,-26840.0,183.47185814436563,0.0,-27023.471858144367,-0.0026727912218038035,1.8198741328021882e-05,-0.0026909899631318256,0.0,-0.0028886303999505368,0,0
6A-0009,6A,FX,Short,2005-12-01,2006-06-01,Closed,15.0,15.0,10210863.654428463,130,182,-10729.999999999965,269.20243532125573,566.136250809501,-11565.338686130723,-0.0008645870995371995,8.044514779635354e-05,-0.0009450322473335529,0.003472599830455145,-0.0031969712319363515,3,2
HTW-0013,HTW,Equity indices,Long,2005-12-01,2006-05-02,Closed,9.0,9.0,10210863.654428463,108,152,20619.0,220.84238731671041,918.116219749419,19480.04139293387,0.001982343933215138,0.00010831207717234913,0.0018740318560427891,0.002010259516160707,-1.1085200256769275e-05,1,5
LLG-0027,LLG,Government bonds,Long,2005-12-01,2006-05-02,Closed,10.0,11.0,10210863.654428463,108,152,-72470.99599999998,434.5190682805105,434.19233156673135,-73339.70739984723,-0.006772853933666636,8.237486807152061e-05,-0.006855228801738156,0.003223828211677338,-0.007299083400109802,2,1
ZL-0024,ZL,Agriculture & livestock,Short,2005-12-01,2006-01-03,Closed,29.0,29.0,10210863.654428463,23,33,-29754.00000000002,513.4799548066699,534.3223316656696,-30801.802286472357,-0.002855371240900439,0.000101083723718114,-0.002956454964618553,0.0007008313173030357,-0.002956454964618553,0,1
ZM-0020,ZM,Agriculture & livestock,Long,2005-12-01,2006-03-01,Closed,2.0,2.0,10210863.654428463,64,90,99.99999999999909,47.322002903089924,93.85831396587258,-41.180316868963416,1.49706518306179e-05,1.3466564700263387e-05,1.5040871303545505e-06,0.0006061619813245637,-2.28173072638938e-06,0,2
ZS-0029,ZS,Agriculture & livestock,Short,2005-12-01,2006-01-03,Closed,13.0,13.0,10210863.654428463,23,33,-37537.5,358.7730746118924,365.4597157106287,-38261.732790322516,-0.0036472185722061365,6.987331876459259e-05,-0.003717091890970729,2.949447173398507e-05,-0.003717091890970729,0,1
FDAX-0012,FDAX,Equity indices,Long,2006-01-02,2006-03-01,Closed,1.0,1.0,10366987.699825445,42,58,11962.991250000003,31.696057724315573,0.0,11931.295192275687,0.001145053585251868,3.030344024197932e-06,0.00114202324122767,0.0012767124075229298,-0.00035990656192972785,0,0
YM-0006,YM,Equity indices,Short,2006-01-03,2006-03-01,Closed,18.0,19.0,10374456.728761429,41,57,-16015.0,322.88771597174195,0.0,-16337.887715971741,-0.0015372055970935183,3.08401884741079e-05,-0.0015680457855676263,0.0016967886747637942,-0.0022033670793691756,1,0
ZL-0025,ZL,Agriculture & livestock,Long,2006-01-03,2006-02-01,Closed,1.0,1.0,10374456.728761429,21,29,-852.000000000001,17.39741297535635,0.0,-869.3974129753574,-8.32731935630312e-05,1.6650767766871233e-06,-8.493827033971834e-05,2.0298942613138542e-05,-0.00012699507541216054,0,0
ZS-0030,ZS,Agriculture & livestock,Long,2006-01-03,2006-03-01,Closed,2.0,2.0,10374456.728761429,41,57,-5100.0,55.15106385689595,54.23846532805878,-5209.389529184955,-0.0004973174278099765,1.037021592295299e-05,-0.0005076876437329296,3.4064484045516015e-05,-0.0006215836902746444,0,1
FGBM-0012,FGBM,Government bonds,Short,2006-02-01,2006-03-01,Closed,21.0,21.0,10525633.016967703,20,28,-1341.038999999926,576.5687018704025,0.0,-1917.6077018703286,-0.00013043853460889722,5.469962131615143e-05,-0.0001851381559250485,5.206227163732924e-05,-0.0014073889117151017,0,0
PA-0003,PA,Metals,Long,2006-02-01,2006-06-01,Closed,5.0,5.0,10525633.016967703,86,120,2490.000000000049,154.97817598009587,190.58293923797297,2144.4388847819805,0.0002076717678985946,3.282644005689588e-05,0.00017484532784169875,0.001413903004061421,-0.0010153537869866153,3,2
SJB-0010,SJB,Government bonds,Short,2006-02-01,2006-10-02,Closed,19.0,20.0,10525633.016967703,173,243,28459.65700000013,855.205117916737,1362.4001368316426,26242.051745251752,0.002527052857916358,0.0002116910884471706,0.002315361769469189,0.00640843002622212,-3.64094554667055e-05,5,3
ZB-0020,ZB,Government bonds,Short,2006-02-01,2006-03-01,Closed,10.0,10.0,10525633.016967703,20,28,312.5,559.150156586197,559.8366701955092,-806.4868267817062,2.8481377359503577e-05,0.00010568711987733284,-7.720574251782929e-05,0.0004717550424174742,-0.0007061933975736879,0,1
CL-0021,CL,Energy,Short,2006-03-01,2006-04-03,Closed,5.0,5.0,10555956.202730238,23,33,-16149.99999999995,118.11413567265546,118.91254545168673,-16387.02668112429,-0.001481842002429802,2.224913908911612e-05,-0.0015040911415189176,0.0009484902695124547,-0.0016903620315964524,0,1
CT-0024,CT,Agriculture & livestock,Short,2006-03-01,2007-10-01,Closed,14.0,21.0,10555956.202730238,413,579,82015.0,503.1015222412252,1629.3910639358517,79882.50741382292,0.007931171040349511,0.0002010554627683592,0.007730115577581153,0.016385242438781176,-1.194364012644825e-05,10,6
GAS-0012,GAS,Energy,Short,2006-03-01,2006-04-03,Closed,5.0,5.0,10555956.202730238,23,33,-23250.0,233.10492384471792,233.9983973340531,-23717.103321178773,-0.002165185524867523,4.4027670794780294e-05,-0.0022092131956623034,0.000628907814028775,-0.0022092131956623034,0,1
HO-0015,HO,Energy,Short,2006-03-01,2006-04-03,Closed,4.0,4.0,10555956.202730238,23,33,-20260.79999999998,63.32469044048659,64.7824488279575,-20388.907139268427,-0.0018624474818808438,1.2012644507396669e-05,-0.0018744601263882403,0.0009897869962208997,-0.0021340429838198503,0,1
NG-0020,NG,Energy,Short,2006-03-01,2006-04-03,Closed,1.0,1.0,10555956.202730238,23,33,-3409.9999999999745,23.59063459489148,23.662847214841157,-3457.2534818097074,-0.0003137634084519084,4.427162267124468e-06,-0.0003181905707190328,0.00017679107016525938,-0.0005518474671022415,0,1
ZL-0026,ZL,Agriculture & livestock,Short,2006-03-01,2006-05-01,Closed,27.0,27.0,10555956.202730238,43,61,-18594.0,480.5853541322972,464.3962636552094,-19538.981617787507,-0.0016845793075206993,8.809994075386355e-05,-0.001772679248274563,0.002667232633377125,-0.001772679248274563,1,1
ZM-0021,ZM,Agriculture & livestock,Short,2006-03-01,2007-02-01,Closed,21.0,30.0,10555956.202730238,241,337,-96470.00000000007,1266.7141762050771,3252.268687476844,-100988.98286368199,-0.009014699167268748,0.00043346698485000827,-0.009448166152118758,0.003405964049966238,-0.010901554418488422,8,7
ZS-0031,ZS,Agriculture & livestock,Short,2006-03-01,2006-12-01,Closed,14.0,17.0,10555956.202730238,197,275,-47662.5,631.3816104123055,1710.2173892684934,-50004.0989996808,-0.004427329047340153,0.00022469434346975627,-0.004652023390809911,0.004859839222891188,-0.005132608457070438,5,5
FGBL-0012,FGBL,Government bonds,Short,2006-04-03,2007-05-02,Closed,16.0,19.0,10713369.711445868,282,394,47871.058000000085,791.3471933970538,1348.2466027073558,45731.46420389568,0.004552818089514384,0.00020603489723690845,0.004346783192277476,0.0047724447767130435,-0.0037344371465793417,6,4
FGBM-0013,FGBM,Government bonds,Short,2006-04-03,2008-02-01,Closed,28.0,40.0,10713369.711445868,479,669,24015.1129999998,2459.370211416875,3634.3794604354557,17921.363328147472,0.0026125307495985287,0.0005804724521200198,0.002032058297478506,0.013074971550055098,-0.002404418844928432,17,7
GF-0025,GF,Agriculture & livestock,Long,2006-04-03,2006-05-01,Closed,1.0,1.0,10713369.711445868,20,28,475.0000000000085,29.55961140334267,28.929521613469166,416.5108669831967,4.501793444474621e-05,5.415762195310798e-06,3.960217224943543e-05,0.00013287718551293593,-8.351114264090757e-05,0,1
LE-0024,LE,Agriculture & livestock,Short,2006-04-03,2006-06-01,Closed,25.0,25.0,10713369.711445868,43,59,-17799.999999999898,624.6364821039052,633.3316609815067,-19057.968143085312,-0.0017315864928129415,0.0001173252804424396,-0.0018489117732553805,0.0017509827919943615,-0.001867391654138793,1,1
ZB-0021,ZB,Government bonds,Short,2006-04-03,2006-11-01,Closed,12.0,16.0,10713369.711445868,152,212,-45625.0,1010.2710197618192,1121.8733511232672,-47757.144370885086,-0.004462013895267846,0.00020619693557243955,-0.004668210830840285,0.0037250894176188427,-0.004668210830840285,2,2
ZN-0021,ZN,Government bonds,Short,2006-04-03,2006-11-01,Closed,21.0,24.0,10713369.711445868,152,212,-36734.375,1097.9875889167195,1034.2218782418668,-38866.58446715858,-0.0035396232221609203,0.0002058812550464502,-0.0037455044772073706,0.0034370455142006015,-0.0037971669974616773,4,2
CGB-0009,CGB,Government bonds,Short,2006-05-01,2006-10-02,Closed,17.0,23.0,10684405.450014742,110,154,-67086.17599999992,817.1192025527741,854.2812360502476,-68757.57643860293,-0.0063523001314639855,0.00016070402635014072,-0.006513004157814126,0.001221148323773675,-0.007394896159790342,3,2
GF-0026,GF,Agriculture & livestock,Short,2006-05-01,2006-06-01,Closed,10.0,10.0,10684405.450014742,23,31,-18624.999999999975,318.96466445063913,354.52873321226014,-19298.493397662874,-0.001789442831455925,6.498625232529002e-05,-0.0018544290837812147,0.0010904068470192585,-0.0018544290837812147,0,1
NG-0021,NG,Energy,Short,2006-05-01,2007-02-01,Closed,1.0,2.0,10684405.450014742,198,276,33269.99999999994,70.46982591634014,260.1912701474552,32939.33890393614,0.003311116337916937,3.188201735962679e-05,0.003279234320557311,0.004607974091154562,-0.0010999900000057926,4,9
SI-0020,SI,Metals,Long,2006-05-01,2006-09-01,Closed,1.0,1.0,10684405.450014742,89,123,-5770.0000000000055,46.59305005331559,93.48389789973844,-5910.07694795306,-0.0005710766850859456,1.3404615698546996e-05,-0.0005844813007844921,0.00044898831903995075,-0.002106926257042358,0,2
LLG-0028,LLG,Government bonds,Short,2006-05-02,2006-11-01,Closed,9.0,9.0,10687577.775104854,131,183,-13725.569999999989,484.97336383927586,686.7677558211317,-14897.311119660397,-0.001323467075217566,0.00011292850799010163,-0.0014363955832076673,0.0012403717463830822,-0.002025684333400838,2,2
6S-0019,6S,FX,Long,2006-06-01,2006-07-03,Closed,1.0,1.0,10345234.034692762,22,32,-524.9999999999983,19.22824903124664,18.88722556474429,-563.1154745959892,-5.455194508276299e-05,3.6849354593612092e-06,-5.823688054212419e-05,0.00012249814909748804,-0.00023285922653460642,0,1
HE-0019,HE,Agriculture & livestock,Long,2006-06-01,2006-10-02,Closed,3.0,15.0,10345234.034692762,87,123,28360.000000000033,362.46429619951283,618.9009019045943,27378.634801895925,0.0027734601586625186,9.472085002084775e-05,0.0026787393086416694,0.0033379461609686235,-0.00042016258608763304,3,3
LE-0025,LE,Agriculture & livestock,Long,2006-06-01,2006-10-02,Closed,10.0,10.0,10345234.034692762,87,123,30189.999999999964,245.1331391030614,491.77912525685633,29453.087735640045,0.0029531956599271243,7.173645929070454e-05,0.00288145920063642,0.0029942481099718057,-0.0009476439169291582,1,2
NQ-0008,NQ,Equity indices,Short,2006-06-01,2006-10-02,Closed,11.0,16.0,10345234.034692762,87,123,-1820.0,254.93577568215647,434.20051835034997,-2509.136294032506,-0.00016689049701109704,6.63944503684398e-05,-0.00023328494737953682,0.003707612068969615,-0.0011395747322951405,1,2
ZW-0022,ZW,Agriculture & livestock,Long,2006-06-01,2006-07-03,Closed,2.0,2.0,10345234.034692762,22,32,-1100.0,54.91036363225386,54.219732380687475,-1209.1300960129413,-0.00011456487970802791,1.0418236752926787e-05,-0.00012498311646095474,0.00011103469414899843,-0.0003319014520320713,0,1
6M-0016,6M,FX,Short,2006-07-03,2006-08-01,Closed,14.0,14.0,10492893.64682381,21,29,-5774.9999999999945,258.83696832079863,0.0,-6033.836968320793,-0.0005376107562248885,2.4902592670453743e-05,-0.0005625133488953422,0.0005045289177515556,-0.0015342265972698296,0,0
CC-0037,CC,Agriculture & livestock,Long,2006-07-03,2006-09-01,Closed,21.0,21.0,10492893.64682381,44,60,-41580.0,510.2071474491297,168.44882106087604,-42258.65596851001,-0.004026958226457846,6.520115491669156e-05,-0.004092159381374538,0.0013130460024018465,-0.004402762384638013,1,1
HTW-0014,HTW,Equity indices,Long,2006-07-03,2008-02-01,Closed,2.0,16.0,10492893.64682381,414,578,32579.999999999985,690.1414599588112,3659.155467215595,28230.70307282558,0.0032757791146478064,0.0004090489302752267,0.0028667301843725763,0.008440608324448715,-0.00043405160840886015,13,19
ZL-0027,ZL,Agriculture & livestock,Short,2006-07-03,2006-08-01,Closed,18.0,18.0,10492893.64682381,21,29,-1619.999999999984,319.47470203986103,320.21434203950207,-2259.6890440793472,-0.00013549164979300703,6.17715842703384e-05,-0.00019726323406334568,0.00048510337995397645,-0.0011516891046241492,0,1
ZW-0023,ZW,Agriculture & livestock,Short,2006-07-03,2006-09-01,Closed,11.0,11.0,10492893.64682381,44,60,1225.0,301.24981243593686,273.6406246821625,650.1095628819006,0.00012113099639518728,5.546370054065376e-05,6.566729585453359e-05,0.0020770304384223857,-0.0007752613776943313,1,1
HO-0016,HO,Energy,Short,2006-07-05,2007-09-03,Closed,2.0,4.0,10499301.497809622,303,425,47754.000000000065,82.62309535001125,580.5486005414914,47090.82830410856,0.004870448205559689,6.331299668121258e-05,0.004807135208878475,0.011254111994810276,-0.0003109627106614314,6,15
6M-0017,6M,FX,Long,2006-08-01,2006-10-02,Closed,4.0,11.0,10299398.201646468,44,62,-1324.9999999999934,205.41056682554768,205.55721596045177,-1735.9677827859928,-0.00011857185749035125,3.9468909568947174e-05,-0.00015804076705929827,0.0004266033987705839,-0.0005894586971542399,1,1
6S-0020,6S,FX,Short,2006-08-01,2006-11-01,Closed,8.0,11.0,10299398.201646468,66,92,19187.49999999997,221.80177005547023,176.39324454901646,18789.304985395484,0.0018576671439735504,3.846243859773629e-05,0.0018192047053758149,0.004214559631641196,-0.00026035673313253883,1,1
CL-0022,CL,Energy,Short,2006-08-01,2007-10-01,Closed,4.0,6.0,10299398.201646468,304,426,44990.000000000065,304.01929005128295,1324.0158019365012,43361.964908012276,0.004644588537759045,0.0001543244264434484,0.004490264111315596,0.01353445275420355,-0.0008099714723141358,8,14
GAS-0013,GAS,Energy,Short,2006-08-01,2007-09-03,Closed,4.0,5.0,10299398.201646468,284,398,21975.0,324.2252184538798,2137.8034826436806,19512.971298902437,0.002268565000797704,0.00023412948009497242,0.002034435520702732,0.007606303976375902,-0.0009515310923715438,6,13
CC-0038,CC,Agriculture & livestock,Short,2006-09-01,2006-10-02,Closed,7.0,7.0,10303328.92700378,21,31,3010.0,170.45536588830032,0.0,2839.5446341116995,0.00029392000147514415,1.648437537182952e-05,0.0002774356261033146,0.0005672881229227193,-0.00016180401739216603,0,0
KC-0029,KC,Agriculture & livestock,Long,2006-09-01,2006-10-02,Closed,8.0,8.0,10303328.92700378,21,31,-12150.000000000035,312.5021222534184,0.0,-12462.502122253452,-0.0011418444527924636,3.0224628575264383e-05,-0.0011720690813677283,0.000781938379553286,-0.0016281743957362836,0,0
ZL-0028,ZL,Agriculture & livestock,Long,2006-09-01,2006-10-02,Closed,4.0,4.0,10303328.92700378,21,31,-3384.0000000000005,70.9525990920688,69.63596386869236,-3524.5885629607615,-0.00032607002327463035,1.3605493017709927e-05,-0.0003396755162923403,0.0,-0.0003396755162923403,0,1
6A-0010,6A,FX,Short,2006-10-02,2006-11-01,Closed,13.0,13.0,10377335.771667497,22,30,-36920.00000000012,246.4563761582105,0.0,-37166.45637615833,-0.0035315571807068955,2.3967734749047384e-05,-0.0035555249154559433,0.000718275058937309,-0.0035555249154559433,0,0
6C-0016,6C,FX,Long,2006-10-02,2006-12-01,Closed,1.0,1.0,10377335.771667497,44,60,-2450.000000000008,17.377880504601894,0.0,-2467.37788050461,-0.00024026094644899693,1.703699819846555e-06,-0.00024196464626884348,0.0,-0.0002568189883915835,0,0
BRN-0023,BRN,Energy,Short,2006-10-02,2007-09-03,Closed,5.0,7.0,10377335.771667497,240,336,19.99999999996089,307.7302523862237,1124.6301047563363,-1412.3603571425992,0.0002908461991964076,0.00013610390886521442,0.0001547422903311935,0.006296762825974415,-0.001819286404045424,8,11
CC-0039,CC,Agriculture & livestock,Long,2006-10-02,2006-12-01,Closed,12.0,17.0,10377335.771667497,44,60,13260.0,414.6483465907344,429.5135586070455,12415.83809480222,0.001314600378571784,8.277576485512676e-05,0.0012318246137166574,0.0012526265685743265,-0.0006646030887092709,1,1
CGB-0010,CGB,Government bonds,Long,2006-10-02,2007-06-01,Closed,2.0,21.0,10377335.771667497,174,242,-12735.572999999898,555.7383344339235,818.5399590508894,-14109.851293484711,-0.0012275947589941779,0.00012906961472550714,-0.0013566643737196855,0.002333676063348199,-0.0013566643737196855,4,3
GF-0027,GF,Agriculture & livestock,Short,2006-10-02,2007-03-01,Closed,14.0,14.0,10377335.771667497,108,150,53075.00000000007,438.4287956071711,1165.7929062440064,51470.77829814889,0.005199547106473643,0.00015439078252264295,0.005045156323950997,0.008999002516005633,-0.00012701349901438253,3,3
HE-0020,HE,Agriculture & livestock,Short,2006-10-02,2007-01-03,Closed,15.0,15.0,10377335.771667497,67,93,5740.0000000000455,364.1015077029916,649.6383811935941,4726.26011110346,0.0006066594383117614,9.766838667255029e-05,0.0005089910516392108,0.0007875141875475512,-0.0030027920161715513,1,2
KC-0030,KC,Agriculture & livestock,Short,2006-10-02,2006-12-01,Closed,4.0,7.0,10377335.771667497,44,60,-45056.25000000003,268.4272253811665,282.83737280987043,-45607.51459819106,-0.004431289662837064,5.428041793030533e-05,-0.00448557008076737,0.00023575945966659604,-0.00448557008076737,1,1
LE-0026,LE,Agriculture & livestock,Short,2006-10-02,2007-03-01,Closed,16.0,19.0,10377335.771667497,108,150,10270.000000000058,588.9690048903992,1148.176207275383,8532.854787834276,0.001070749176238442,0.00016655937966592613,0.0009041897965725148,0.0031717720792628114,-0.00042504309570690806,2,3
NKD-0026,NKD,Equity indices,Long,2006-10-02,2007-01-03,Closed,3.0,4.0,10377335.771667497,67,93,21450.0,192.67718995776124,192.59796839643036,21064.72484164581,0.002102623477314785,3.77990023281011e-05,0.0020648244749866844,0.002102875366296697,-0.0008999673229828014,1,1
SB-0016,SB,Agriculture & livestock,Short,2006-10-02,2007-10-01,Closed,12.0,24.0,10377335.771667497,260,364,37699.200000000004,802.6947678606316,1899.2936933491621,34997.21153879021,0.0036613899874757155,0.0002540704864154048,0.00340731950106031,0.004403185230199261,-0.0016214935361111064,6,4
SJB-0011,SJB,Government bonds,Long,2006-10-02,2007-01-04,Closed,19.0,19.0,10377335.771667497,68,94,1232.047000000107,647.166923681687,700.1779286130759,-115.29785229465597,0.00018339325668025757,0.00013176465433376066,5.162860234649739e-05,0.002198826230392743,-0.0014471794511153172,1,1
SNK-0033,SNK,Equity indices,Long,2006-10-02,2007-03-01,Closed,7.0,11.0,10377335.771667497,108,150,31671.55999999999,455.97691615398776,292.8238077273033,30922.7592761187,0.002978914540462489,7.292968447928921e-05,0.0029059848559831996,0.006706228024827799,-0.0017345842126435462,1,1
ZL-0029,ZL,Agriculture & livestock,Short,2006-10-02,2006-11-01,Closed,30.0,30.0,10377335.771667497,22,30,-63540.00000000003,540.711495773701,0.0,-64080.71149577373,-0.006074777218265745,5.2595017719169604e-05,-0.006127372235984913,0.0004431659431928725,-0.00614843475310447,0,0
ZC-0014,ZC,Agriculture & livestock,Long,2006-11-01,2007-11-01,Closed,6.0,15.0,10184878.033992423,261,365,-13687.5,593.97765023826,1164.2698392801262,-15445.747489518386,-0.0012479459318165901,0.00016680815860417705,-0.0014147540904207651,0.003453393554142459,-0.00338282670650885,7,5
ZL-0030,ZL,Agriculture & livestock,Long,2006-11-01,2007-04-02,Closed,7.0,7.0,10184878.033992423,108,152,6527.999999999996,123.45174669750703,281.51373340631085,6123.034519896179,0.0006210981717217316,3.939480728960888e-05,0.0005817033644321226,0.0007178384347894262,-9.507798502229249e-05,1,3
ZW-0024,ZW,Agriculture & livestock,Long,2006-11-01,2006-12-01,Closed,2.0,2.0,10184878.033992423,22,30,1225.0,54.10704891339087,54.307472443759075,1116.5854786428501,0.00012057373816451354,1.0734504601672213e-05,0.0001098392335628413,0.00015981151313298022,-0.00018725275482983126,0,1
6C-0017,6C,FX,Short,2006-12-01,2007-06-01,Closed,14.0,19.0,10046622.20002049,130,182,-86900.00000000012,347.5332526430807,549.9727368188496,-87797.50598946205,-0.007975484090214303,8.654944429885025e-05,-0.008062033534513154,0.004925111166584393,-0.008062033534513154,2,2
6M-0018,6M,FX,Short,2006-12-01,2007-01-02,Closed,26.0,26.0,10046622.20002049,22,32,-29900.00000000005,482.78188127897005,519.0239256765103,-30901.80580695553,-0.002947442650696927,9.80495080883895e-05,-0.0030454921587853173,0.0,-0.0030454921587853173,0,1
CC-0040,CC,Agriculture & livestock,Short,2006-12-01,2007-02-01,Closed,18.0,18.0,10046622.20002049,44,62,-14900.0,439.1442097418226,0.0,-15339.144209741822,-0.0014710938529974443,4.244933730056462e-05,-0.0015135431902980085,0.00010374827386645459,-0.0023039032536602807,1,0
FGBX-0001,FGBX,Government bonds,Short,2006-12-01,2007-05-02,Closed,8.0,11.0,10046622.20002049,108,152,111824.5199999999,703.2974159911565,969.3122729308603,110151.91031107788,0.01080446624034132,0.00016252292122533168,0.010641943319115988,0.011753037638659976,-2.267268866219505e-05,3,2
KC-0031,KC,Agriculture & livestock,Long,2006-12-01,2007-01-03,Closed,8.0,8.0,10046622.20002049,23,33,-11999.999999999996,309.3865412223766,0.0,-12309.386541222373,-0.0011570033533107877,3.028584288739066e-05,-0.0011872891961981784,0.0003671557647599245,-0.001364802009832467,0,0
LLG-0029,LLG,Government bonds,Short,2006-12-01,2007-02-01,Closed,2.0,2.0,10046622.20002049,44,62,12663.964000000002,78.63274270316995,0.0,12585.331257296832,0.001231511145266055,7.642159366130084e-06,0.0012238689858999248,0.0012285933747645237,-3.937394137990521e-06,1,0
ZF-0019,ZF,Government bonds,Long,2006-12-01,2007-01-02,Closed,1.0,1.0,10046622.20002049,22,32,-1328.1299999999874,21.786110457253585,0.0,-1349.9161104572408,-0.00013016384366235285,2.1299794645312345e-06,-0.00013229382312688408,0.0,-0.00013871089060363352,0,0
ZN-0022,ZN,Government bonds,Long,2006-12-01,2007-01-02,Closed,2.0,2.0,10046622.20002049,22,32,-3781.25,64.79784470545745,0.0,-3846.0478447054575,-0.00037029388527637825,6.337597050639267e-06,-0.0003766314823270175,0.0,-0.00039748441089366705,0,0
ZS-0032,ZS,Agriculture & livestock,Long,2006-12-01,2008-11-03,Closed,7.0,11.0,10046622.20002049,501,703,76462.5,436.6332943203265,1849.248886625039,74176.61781905463,0.008123354851681905,0.00021022065281062834,0.007913134198871269,0.015977156632064775,-0.0011328147865635112,10,14
ZB-0022,ZB,Government bonds,Short,2007-01-02,2007-03-01,Closed,14.0,14.0,10400297.64622785,42,58,-15750.0,792.9335427579829,783.9810435560522,-17326.914586314037,-0.0014516199387393652,0.0001509403545333311,-0.0016025602932726965,0.0029839524175878616,-0.002242456696342493,0,1
ZF-0020,ZF,Government bonds,Short,2007-01-02,2007-03-01,Closed,31.0,31.0,10400297.64622785,42,58,-19375.0,676.9295168819561,656.0011516115972,-20707.93066849355,-0.0017974546370692832,0.00012759330476806385,-0.0019250479418373464,0.002455299648764436,-0.0022473812929790352,0,1
ZN-0023,ZN,Government bonds,Short,2007-01-02,2007-03-01,Closed,21.0,21.0,10400297.64622785,42,58,-19687.5,685.4802879548229,678.0529254534556,-21051.03321340828,-0.0018265771884879282,0.00013051587162465905,-0.0019570930601125872,0.002385913019481854,-0.0023609951796804175,0,1
HE-0021,HE,Agriculture & livestock,Long,2007-01-03,2007-07-02,Closed,9.0,24.0,10393664.884535277,128,180,-53880.00000000005,1047.3360191516972,697.3975849344263,-55624.73360408618,-0.0050078382019170765,0.0001631353552188355,-0.005170973557135913,0.0030126713359835836,-0.005170973557135913,5,3
KC-0032,KC,Agriculture & livestock,Short,2007-01-03,2007-06-01,Closed,4.0,12.0,10393664.884535277,107,149,656.2499999999636,449.53723265440834,502.21787406752924,-295.50510672197396,0.0001924649265092832,8.913274690011944e-05,0.00010333217960916355,0.005571239023747732,-0.00020857360123854288,3,2
NQ-0009,NQ,Equity indices,Short,2007-01-03,2007-02-01,Closed,21.0,21.0,10393664.884535277,21,29,-10185.0,336.2800410017109,0.0,-10521.280041001712,-0.00101167233261389,3.188834412100242e-05,-0.0010435606767348923,0.0,-0.003345360773952091,0,0
RB-0001,RB,Energy,Short,2007-01-03,2007-06-01,Closed,3.0,3.0,10393664.884535277,107,149,-94819.2,61.38130389830117,219.96914101150014,-95100.55044490981,-0.008860450789922264,2.6447119562737064e-05,-0.008886897909484999,0.0023141123100886085,-0.01027555213448023,2,5
SJB-0012,SJB,Government bonds,Short,2007-01-04,2007-02-01,Closed,4.0,4.0,10437242.037210245,20,28,-2216.5599999999886,144.55682235132429,0.0,-2361.1168223513127,-0.00020794823518320736,1.3668065167303728e-05,-0.00022161630035051106,0.0,-0.0003714586119147107,0,0
6M-0019,6M,FX,Short,2007-02-01,2007-04-02,Closed,26.0,29.0,10700901.034667687,42,60,-249.99999999999454,564.7662967256654,637.0720791911353,-1451.8383759167953,-6.423648303167102e-05,0.00011448691756104089,-0.00017872340059271166,0.002279363013261089,-0.0005675904740549415,1,1
6N-0001,6N,FX,Long,2007-02-01,2008-10-01,Closed,10.0,14.0,10700901.034667687,434,608,71000.0000000001,438.91961595666316,1175.978417693745,69385.1019663497,0.007070324191654562,0.0001455361247011091,0.006924788066953448,0.015176230798833784,-0.0009921482058912214,11,7
CC-0041,CC,Agriculture & livestock,Long,2007-02-01,2007-04-02,Closed,18.0,18.0,10700901.034667687,42,60,28580.0,432.0247416988662,448.88182748044176,27699.09343082069,0.0027034980270039875,8.247729394179989e-05,0.0026210207330621877,0.0037565286979460003,-0.00018809725235061244,1,1
RS-0033,RS,Agriculture & livestock,Long,2007-02-01,2007-06-01,Closed,2.0,23.0,10700901.034667687,86,120,4470.9414000000015,257.24810608653604,180.35853729798632,4033.3347566154794,0.0004009512623542345,4.1130431863465935e-05,0.00035982083049076856,0.0003718312799242779,-0.0008998765158113953,2,2
SJB-0013,SJB,Government bonds,Long,2007-02-01,2007-06-01,Closed,19.0,36.0,10700901.034667687,86,120,-28465.749,1345.8903917953373,561.9658243585491,-30373.605216153883,-0.0026147423724379765,0.00018015696289451827,-0.002794899335332495,0.0020260965882337267,-0.002794899335332495,3,1
ZM-0022,ZM,Agriculture & livestock,Long,2007-02-01,2007-05-01,Closed,5.0,6.0,10700901.034667687,63,89,-11110.000000000015,145.514659215376,260.4901732141359,-11516.004832429526,-0.0010726052568735137,3.833047512281833e-05,-0.0011109357319963313,0.0010894188876043238,-0.0014632074365230848,1,2
6E-0007,6E,FX,Long,2007-03-01,2008-11-03,Closed,8.0,10.0,10431292.291215947,437,613,38412.50000000009,420.358735607075,478.73620490515265,37513.40505948786,0.003936470889604077,8.208028890682205e-05,0.0038543906006972507,0.010786498601058334,-0.0009553469885656107,10,7
6S-0021,6S,FX,Long,2007-03-01,2007-05-01,Closed,11.0,11.0,10431292.291215947,43,61,862.4999999999927,222.9453148667154,245.42163948863606,394.13304564464124,7.287982311409287e-05,4.473943015082034e-05,2.814039296327225e-05,0.000969016539551443,-0.0012445808862149251,1,1
FCE-0006,FCE,Equity indices,Long,2007-03-01,2007-06-01,Closed,2.0,6.0,10431292.291215947,66,92,46402.82000000001,113.32778723672614,229.0159106932391,46060.47630207004,0.004364565465873819,3.2161407097959665e-05,0.004332404058775859,0.004335940079781403,-0.00041674931175246234,2,3
FSMI-0008,FSMI,Equity indices,Long,2007-03-01,2007-06-01,Closed,7.0,7.0,10431292.291215947,66,92,22654.897000000004,151.99057088245144,160.19349136520384,22342.71293775235,0.0021714284350889757,2.9855632320690564e-05,0.0021415728027682854,0.0021435279426382206,-0.0009735420095126112,1,1
LLG-0030,LLG,Government bonds,Short,2007-03-01,2008-01-02,Closed,10.0,15.0,10431292.291215947,219,307,41049.34200000002,654.0066025169356,1078.6546105883576,39316.68078689472,0.003974288112358927,0.0001620114126390981,0.0038122766997198275,0.013716989000556743,-0.0008134881111956957,6,3
NG-0022,NG,Energy,Short,2007-03-01,2007-11-01,Closed,1.0,4.0,10431292.291215947,175,245,52809.99999999995,94.00935459495918,431.7130910197414,52284.27755438525,0.005015556185244228,4.944028131467132e-05,0.004966115903929559,0.006849191122509867,-0.0014617755403116362,5,8
ZB-0023,ZB,Government bonds,Long,2007-03-01,2007-06-01,Closed,3.0,3.0,10431292.291215947,66,92,-12843.75,166.8788550309552,166.43418953418083,-13177.063044565135,-0.0012073331810070957,3.1151664293121474e-05,-0.001238484845300217,0.00017333644848687249,-0.001238484845300217,0,1
ZF-0021,ZF,Government bonds,Long,2007-03-01,2007-04-02,Closed,1.0,1.0,10431292.291215947,22,32,-156.25,20.51196101139439,0.0,-176.7619610113944,-1.5183782920715399e-05,1.9604373628335547e-06,-1.7144220283548947e-05,3.335105922872013e-05,-2.0525237402883523e-05,0,0
ZN-0024,ZN,Government bonds,Long,2007-03-01,2007-05-01,Closed,5.0,5.0,10431292.291215947,43,61,-1875.0,160.1354106341512,0.0,-2035.1354106341512,-0.0001853545612848499,1.520702294412201e-05,-0.00020056158422897177,0.000224051590851349,-0.000618268167356741,0,0
6A-0011,6A,FX,Long,2007-04-02,2008-10-01,Closed,3.0,13.0,10496073.567055674,392,548,22070.00000000004,341.98173770134235,597.0963064126454,21130.921955886053,0.002341664468496881,8.359684167905098e-05,0.002258067626817829,0.007983317861604137,-0.0009698327956784215,12,6
ES-0010,ES,Equity indices,Long,2007-04-02,2007-06-01,Closed,2.0,2.0,10496073.567055674,44,60,8287.5,53.84755638722379,0.0,8233.652443612777,0.0007789734708381151,5.0796708496395246e-06,0.0007738937999884756,0.0007751403227748764,-2.568872673801555e-06,1,0
KE-0016,KE,Agriculture & livestock,Short,2007-04-02,2007-07-02,Closed,16.0,16.0,10496073.567055674,65,91,-82400.0,444.8132135197013,752.04835781923,-83596.86157133894,-0.0076837557445992456,0.00011216305671124375,-0.007795918801310489,0.00022589458359222387,-0.00881176520451098,1,2
LFT-0015,LFT,Equity indices,Long,2007-04-02,2007-06-01,Closed,1.0,1.0,10496073.567055674,44,60,6879.831499999999,23.699420447444282,0.0,6856.132079552555,0.0006445932296817564,2.227818175588797e-06,0.0006423654115061678,0.0006434632526229104,-1.1299770588461882e-06,0,0
NQ-0010,NQ,Equity indices,Short,2007-04-02,2007-05-01,Closed,14.0,14.0,10496073.567055674,21,29,-26810.0,224.5726376354835,0.0,-27034.572637635483,-0.0025301304137649518,2.1259343826960305e-05,-0.0025513897575919118,0.0,-0.0030938085305264695,0,0
PL-0026,PL,Metals,Long,2007-04-02,2007-05-01,Closed,8.0,8.0,10496073.567055674,21,29,20759.999999999945,228.76283643847034,0.0,20531.237163561476,0.0019555572215152737,2.1644214937073468e-05,0.0019339130065781996,0.003461090352012643,-1.00093207478576e-05,0,0
SNK-0034,SNK,Equity indices,Long,2007-04-02,2007-12-03,Closed,1.0,4.0,10496073.567055674,175,245,-11171.692500000001,245.05544398674965,200.44016219712555,-11617.188106183876,-0.0010452872318385206,4.164814837533226e-05,-0.0010869353802138533,0.0009840019411564318,-0.0018687368017636342,6,2
ZW-0025,ZW,Agriculture & livestock,Short,2007-04-02,2007-05-01,Closed,14.0,14.0,10496073.567055674,21,29,-42700.0,382.8425146546198,388.10925060365656,-43470.95176525828,-0.004033701843591597,7.273870072966649e-05,-0.004106440544321264,0.0005805174939095762,-0.005236138237401329,0,1
6S-0022,6S,FX,Short,2007-05-01,2007-08-01,Closed,18.0,18.0,10632178.299254246,66,92,4525.000000000116,370.01335260051735,371.43476478479187,3783.5518826148073,0.000449323379362912,6.885313692262932e-05,0.00038047024244028366,0.0049585541603595,-0.00033333482764100116,2,1
CC-0042,CC,Agriculture & livestock,Long,2007-05-01,2007-06-01,Closed,5.0,5.0,10632178.299254246,23,31,2450.0,118.25227832092659,0.0,2331.7477216790735,0.00022924949587028998,1.1043892141740331e-05,0.0002182056037285497,0.0006370823234500252,-5.5654248417485585e-06,0,0
GC-0017,GC,Metals,Short,2007-05-01,2007-06-01,Closed,11.0,11.0,10632178.299254246,23,31,7260.000000000149,269.86604708340656,276.4512679409,6713.682684975843,0.0006871357623734759,5.080729669915728e-05,0.0006363284656743186,0.002468674726666623,-0.0013542595570641572,0,1
GF-0028,GF,Agriculture & livestock,Long,2007-05-01,2007-12-03,Closed,1.0,9.0,10632178.299254246,154,216,-12600.000000000011,306.6038209482808,1035.7709330207056,-13942.374753968998,-0.0011709330944753547,0.00012543265238770378,-0.0012963657468630587,0.0030874521805306122,-0.0016538779623156833,4,5
HG-0028,HG,Metals,Short,2007-05-01,2007-06-01,Closed,4.0,4.0,10632178.299254246,23,31,22949.999999999993,120.31281829685915,0.0,22829.687181703135,0.0021436500719245032,1.1237312280453762e-05,0.0021324127596440497,0.004220764040300049,-0.0011614404223026596,0,0
PA-0004,PA,Metals,Short,2007-05-01,2007-06-01,Closed,16.0,16.0,10632178.299254246,23,31,3839.9999999999636,522.1172696519382,511.75631309773826,2806.1264172502874,0.00036623883799152476,9.612825603008819e-05,0.00027011058196143656,0.002460580353243637,-0.0007765766906630014,0,1
PL-0027,PL,Metals,Short,2007-05-01,2007-06-01,Closed,9.0,9.0,10632178.299254246,23,31,2384.999999999978,251.78178609910097,0.0,2133.2182139008773,0.00022772597803715275,2.35320116973124e-05,0.00020419396633984056,0.001532108662044782,-0.002111456174573841,0,0
SI-0021,SI,Metals,Short,2007-05-01,2007-06-01,Closed,7.0,7.0,10632178.299254246,23,31,-12950.000000000002,334.07492486788647,0.0,-13284.074924867888,-0.0011918544369295136,3.119946524094199e-05,-0.001223053902170456,0.001574366726126267,-0.001223053902170456,0,0
ZL-0031,ZL,Agriculture & livestock,Long,2007-05-01,2007-06-01,Closed,4.0,4.0,10632178.299254246,23,31,4800.0,69.56338532769993,0.0,4730.4366146723005,0.0004441772347896339,6.496712138476101e-06,0.0004376805226511578,0.0004483266115708019,-0.0001759454697701608,0,0
ZM-0023,ZM,Agriculture & livestock,Short,2007-05-01,2007-06-01,Closed,26.0,26.0,10632178.299254246,23,31,-46019.99999999997,626.3231439436668,0.0,-46646.323143943635,-0.004266310734036296,5.849584009291243e-05,-0.004324806574129209,0.0011358023354588697,-0.004324806574129209,0,0
ZW-0026,ZW,Agriculture & livestock,Long,2007-05-01,2008-09-02,Closed,3.0,6.0,10632178.299254246,350,490,89225.0,354.24272973917306,523.2718348096275,88347.4854354512,0.008701990310003762,7.754938341410095e-05,0.008624440926589665,0.013495935898444385,-0.00042328065534101236,10,7
FGBX-0002,FGBX,Government bonds,Long,2007-05-02,2007-06-01,Closed,10.0,10.0,10671720.431084871,22,30,-40776.88000000005,630.2412005445184,0.0,-41407.12120054456,-0.003787846720093237,5.8756191718474075e-05,-0.0038466029118117114,0.00022650229574424144,-0.0038466029118117114,0,0
6B-0033,6B,FX,Long,2007-06-01,2008-07-01,Closed,6.0,10.0,10783981.332232427,282,396,23618.75000000005,305.49555995921554,591.3343016721508,22721.920138368685,0.001993113119233086,7.832015529038092e-05,0.0019147929639427056,0.004568874895290284,-0.00112328663199316,8,5
6C-0018,6C,FX,Long,2007-06-01,2008-09-02,Closed,4.0,10.0,10783981.332232427,327,459,4639.999999999996,384.1252816650991,304.6040714210885,3951.2706469138084,0.0009162916602103113,6.113720812327962e-05,0.0008551544520870325,0.006743209635025501,-0.0011602916603594409,9,5
6M-0020,6M,FX,Long,2007-06-01,2007-07-02,Closed,5.0,5.0,10783981.332232427,21,31,-687.4999999999933,85.55407002948934,89.65349830519071,-862.7075683346734,-6.792028433132365e-05,1.614959973197134e-05,-8.406988406329495e-05,0.0,-0.0004413397748514081,0,1
CGB-0011,CGB,Government bonds,Short,2007-06-01,2007-07-03,Closed,23.0,23.0,10783981.332232427,22,32,7163.349999999957,643.1659597235313,0.0,6520.184040276426,0.0006932520773698896,5.9811079475498794e-05,0.0006334409978943914,0.003070057463262924,-0.0007188217933000622,0,0
FGBL-0013,FGBL,Government bonds,Short,2007-06-01,2008-02-01,Closed,16.0,16.0,10783981.332232427,175,245,-65189.8640000001,625.5061134929618,831.1143381897017,-66646.48445168276,-0.005877946032456636,0.00013556008248619716,-0.006013506114942833,0.003237795175411847,-0.006364871288143729,5,3
FGBX-0003,FGBX,Government bonds,Short,2007-06-01,2008-06-02,Closed,9.0,9.0,10783981.332232427,261,367,-4209.093999999999,710.6331386292801,1255.693121912501,-6175.42026054178,-0.0004468264188356116,0.00017893922575402566,-0.0006257656445896356,0.004170250101795741,-0.003010608274363392,8,4
NKD-0027,NKD,Equity indices,Long,2007-06-01,2007-07-02,Closed,2.0,2.0,10783981.332232427,21,31,1700.0,96.469960569261,94.22654442664526,1509.3034950040937,0.00015322165211332603,1.7785301219834073e-05,0.0001354363508934919,0.00013996373778417628,-0.00040335884779472595,0,1
PA-0005,PA,Metals,Long,2007-06-01,2007-08-01,Closed,3.0,4.0,10783981.332232427,43,61,-3054.9999999999836,120.56976592281123,0.0,-3175.569765922795,-0.0002861343740120239,1.1355912502677095e-05,-0.000297490286514701,0.00011542475665780308,-0.0004685487319466214,1,0
PL-0028,PL,Metals,Long,2007-06-01,2007-07-02,Closed,7.0,7.0,10783981.332232427,21,31,-3675.000000000001,201.84521809115557,248.7761836033063,-4125.621401694462,-0.0003383399642229127,4.178295973065099e-05,-0.0003801229239535636,0.0003864054661688961,-0.0008920336414923445,0,1
RB-0002,RB,Energy,Long,2007-06-01,2008-09-02,Closed,1.0,3.0,10783981.332232427,327,459,54112.79999999998,60.75017833316091,427.3663260100825,53624.68349565674,0.005006152223919763,4.3504133027418707e-05,0.004962648090892347,0.007244640141353179,-0.004071488362038072,5,15
ZF-0022,ZF,Government bonds,Short,2007-06-01,2007-07-02,Closed,37.0,37.0,10783981.332232427,21,31,-4046.690000000468,797.7008864486895,0.0,-4844.390886449158,-0.0003198206386582598,7.402468076366162e-05,-0.00039384531942192086,0.00324780690315416,-0.00039384531942192086,0,0
ZT-0022,ZT,Government bonds,Short,2007-06-01,2007-09-04,Closed,41.0,41.0,10783981.332232427,67,95,-57516.080000000016,966.7430627139328,201.4126042979616,-58684.23566701191,-0.005317184149234028,0.00011016624141435772,-0.005427350390648386,0.0019765310701563327,-0.0056501343746905115,2,1
CC-0043,CC,Agriculture & livestock,Long,2007-07-02,2007-08-01,Closed,4.0,4.0,10768616.44361641,22,30,-5360.0,94.80437835696961,0.0,-5454.804378356969,-0.0005052120112624135,8.94873672283878e-06,-0.0005141607479852523,0.000263171064578582,-0.0005141607479852523,0,0
EMD-0003,EMD,Equity indices,Long,2007-07-02,2008-02-01,Closed,2.0,4.0,10768616.44361641,154,214,-29319.999999999985,173.5146719607177,49.44291020498716,-29542.95758216569,-0.0026607314770060336,2.04280756260828e-05,-0.002681159552632117,0.00028314041307520574,-0.005263434029005055,5,2
ES-0011,ES,Equity indices,Long,2007-07-02,2008-01-02,Closed,3.0,4.0,10768616.44361641,132,184,-17787.5,134.80398457659817,107.81186750157043,-18030.115852078172,-0.001556959689288564,2.2508003924420185e-05,-0.0015794676932129837,0.00040152832669486664,-0.0022347414528502865,4,2
GC-0018,GC,Metals,Short,2007-07-02,2007-09-04,Closed,8.0,8.0,10768616.44361641,46,64,-15840.000000000146,195.1105082306156,201.04110677557168,-16236.151615006333,-0.0014937983985522283,3.774300032383103e-05,-0.0015315413988760598,0.0010723261901897422,-0.001898873733865776,0,1
HE-0022,HE,Agriculture & livestock,Short,2007-07-02,2010-05-03,Closed,21.0,21.0,10768616.44361641,740,1036,73809.99999999993,1010.1085838070065,4475.556878969151,68324.33453722378,0.0077348210365560735,0.00047230274984353505,0.0072625182867125364,0.017057785335187804,-0.001313446361399269,17,20
HG-0029,HG,Metals,Short,2007-07-02,2007-08-01,Closed,3.0,3.0,10768616.44361641,22,30,-4350.000000000011,87.80994392971247,0.0,-4437.809943929723,-0.0004087285756847312,8.287755263280607e-06,-0.00041701633094801203,3.5521985239917754e-05,-0.001248441753027624,0,0
KC-0033,KC,Agriculture & livestock,Short,2007-07-02,2007-10-01,Closed,8.0,8.0,10768616.44361641,65,91,-36487.49999999996,301.3411227259155,315.2085808060102,-37104.049703531884,-0.0034206905560473407,5.8577697683900865e-05,-0.0034792682537312424,0.0007099426399601804,-0.0034792682537312424,1,1
KE-0017,KE,Agriculture & livestock,Long,2007-07-02,2008-09-02,Closed,2.0,6.0,10768616.44361641,306,428,73250.0,279.85283820559664,456.20932952418013,72513.93783227023,0.007052916854398993,6.335262922812154e-05,0.006989564225170871,0.011628189754042902,-2.5925252890777863e-06,7,6
NQ-0011,NQ,Equity indices,Long,2007-07-02,2007-09-04,Closed,2.0,3.0,10768616.44361641,46,64,3395.0,47.11793182585878,0.0,3347.8820681741413,0.00033483663548584616,4.469846231671897e-06,0.00033036678925417413,0.0003456876086436714,-0.0006489618535951425,1,0
PL-0029,PL,Metals,Short,2007-07-02,2007-08-01,Closed,9.0,9.0,10768616.44361641,22,30,1890.000000000015,269.90227154721845,0.0,1620.0977284527967,0.00021611215466179029,2.5440596087782047e-05,0.00019067155857400785,0.00038543163878992166,-0.002160887280645253,0,0
RTY-0005,RTY,Equity indices,Long,2007-07-02,2007-12-03,Closed,1.0,6.0,10768616.44361641,110,154,-17524.999999999996,110.97990798291767,15.789391691173956,-17651.769299674088,-0.0015564408722045862,1.1775531773707569e-05,-0.001568216403978294,0.0005909862347382066,-0.002060539983704357,4,1
SJB-0014,SJB,Government bonds,Long,2007-07-02,2008-06-02,Closed,6.0,9.0,10768616.44361641,240,336,36536.52599999997,322.5670858462863,349.28093431731475,35864.67797983637,0.0033954511602574656,6.128347957885344e-05,0.003334167680678612,0.004016154560166811,-0.0003087575223961723,6,3
YM-0007,YM,Equity indices,Long,2007-07-02,2008-02-01,Closed,2.0,5.0,10768616.44361641,154,214,-25770.0,129.32770505812957,64.75797813689454,-25964.085683195026,-0.0023147435738392888,1.7773977255920783e-05,-0.002332517551095209,0.0006019994907220712,-0.00412602543724593,4,2
ZB-0024,ZB,Government bonds,Long,2007-07-02,2009-12-01,Closed,1.0,6.0,10768616.44361641,631,883,57703.125,889.9572434605327,1676.7930854049876,55136.37467113448,0.005071001410280263,0.00021564726054842232,0.00485535414973184,0.007061090294404416,-0.00022249091514340267,12,10
CGB-0012,CGB,Government bonds,Long,2007-07-03,2007-08-01,Closed,6.0,6.0,10722576.929419084,21,29,2028.4979999999687,164.7527910634331,0.0,1863.7452089365356,0.0001828911447791511,1.558124017979261e-05,0.00016730990459935848,0.00028230419669527437,-0.0007376560169413606,0,0
RS-0034,RS,Agriculture & livestock,Long,2007-07-03,2008-10-01,Closed,47.0,47.0,10722576.929419084,326,456,120120.72319999993,588.1455328078388,1304.8423279092249,118227.73533928287,0.011389794508772762,0.0001675572456744555,0.011222237263098305,0.016564785638173693,-0.0005400966042044797,8,5
6M-0021,6M,FX,Long,2007-08-01,2008-11-03,Closed,2.0,42.0,10424711.057623519,328,460,70324.99999999997,758.0650968453984,2095.520076680105,67471.41482647447,0.005852561556120039,0.0002418612948410414,0.005610700261279,0.012277211158762574,-0.0006970792873456037,11,5
6S-0023,6S,FX,Long,2007-08-01,2008-11-03,Closed,9.0,10.0,10424711.057623519,328,460,47725.00000000021,369.783601380739,317.7518693376667,47037.4645292818,0.004399620834192304,6.166649287903105e-05,0.004337954341313269,0.008675777045917545,-0.0012570572670152665,10,5
CGB-0013,CGB,Government bonds,Short,2007-08-01,2007-12-03,Closed,14.0,14.0,10424711.057623519,88,124,-55030.86200000005,381.89018591196793,606.5884223232995,-56019.34060823532,-0.0051106977329559876,9.370314444459191e-05,-0.005204400877400579,0.00025171592281864356,-0.005204400877400579,1,2
FESX-0007,FESX,Equity indices,Long,2007-08-01,2007-11-01,Closed,1.0,1.0,10424711.057623519,66,92,2105.525999999999,29.199974976380958,29.29165023863007,2047.034374784988,0.00020689560318576215,5.4683233339002025e-06,0.00020142727985186207,0.0003006590284723346,-0.00020556675179697267,0,1
LE-0027,LE,Agriculture & livestock,Long,2007-08-01,2007-10-01,Closed,15.0,15.0,10424711.057623519,43,61,-2729.999999999902,366.4406232600157,386.7942019703425,-3483.23482523026,-0.000236939389916582,7.214292004208476e-05,-0.00030908230995866693,0.00011541327946792848,-0.0024235339195875297,1,1
PL-0030,PL,Metals,Long,2007-08-01,2008-10-01,Closed,2.0,8.0,10424711.057623519,305,427,72085.00000000025,296.58977765376216,208.17618259523303,71580.23403975126,0.00742402250673232,4.4777197100133505e-05,0.007379245309632185,0.015563562769810104,-0.0007757924084967346,8,5
SXF-0005,SXF,Equity indices,Long,2007-08-01,2007-11-01,Closed,1.0,2.0,10424711.057623519,66,92,12517.203999999992,81.25064150900829,81.54851682302248,12354.404841667962,0.0012049673964170853,1.5316959814573917e-05,0.0011896504366025115,0.001523001891604242,-0.0007461298509926918,2,1
YAP-0032,YAP,Equity indices,Long,2007-08-01,2007-10-01,Closed,1.0,1.0,10424711.057623519,43,61,13730.017499999996,42.471523809540955,42.145377268187836,13645.400598922268,0.001307496238883698,7.981312494497556e-06,0.0012995149263892003,0.0013015605170208695,-0.000653263464294685,0,1
ZM-0024,ZM,Agriculture & livestock,Long,2007-08-01,2007-09-04,Closed,2.0,2.0,10424711.057623519,24,34,5939.999999999998,46.523087030914795,46.83223015883316,5846.64468281025,0.0005690640718089567,8.961343105705093e-06,0.0005601027287032515,0.0005623327052911016,-2.2309937502309163e-06,0,1
BRN-0024,BRN,Energy,Long,2007-09-03,2008-10-01,Closed,1.0,4.0,10427310.735491693,282,394,91520.00000000001,141.33854657795612,573.0780977660486,90805.58335565601,0.00825133751558373,6.175137137886135e-05,0.008189586144204874,0.01255244766968033,-1.1706400289561653e-06,7,13
GAS-0014,GAS,Energy,Long,2007-09-03,2008-11-03,Closed,4.0,6.0,10427310.735491693,305,427,126775.0,417.53780713502755,1585.989820803478,124771.4723720615,0.011298574138785553,0.00017716953198014738,0.011121404606805406,0.016743794892594473,-9.027784907835308e-06,8,14
HO-0017,HO,Energy,Long,2007-09-03,2008-11-03,Closed,3.0,4.0,10427310.735491693,305,427,57359.399999999965,112.6490554559677,448.8380367533066,56797.91290779069,0.005337130635481314,4.954008324315464e-05,0.005287590552238157,0.012929618997330816,-0.00025642451985456147,6,15
CC-0044,CC,Agriculture & livestock,Long,2007-09-04,2009-03-02,Closed,11.0,19.0,10433123.800561879,389,545,112430.0,792.8955333815151,1245.09219110806,110392.01227551042,0.01018275355293782,0.00017533049348115803,0.010007423059456658,0.013792477104811822,-0.0007711970152488145,12,7
GC-0019,GC,Metals,Long,2007-09-04,2008-11-03,Closed,3.0,5.0,10433123.800561879,304,426,58859.99999999993,190.23264254412564,414.40994445243524,58255.35741300337,0.005831580390180704,5.233323203279666e-05,0.005779247158147911,0.010951602714754297,-2.6459729756511074e-05,8,5
HG-0030,HG,Metals,Short,2007-09-04,2007-10-01,Closed,2.0,2.0,10433123.800561879,19,27,-19275.000000000007,58.35754593092189,0.0,-19333.35754593093,-0.0018212950474531565,5.504600495549386e-06,-0.001826799647948706,0.0002574390525356973,-0.001826799647948706,0,0
ZF-0023,ZF,Government bonds,Long,2007-09-04,2010-01-04,Closed,3.0,17.0,10433123.800561879,609,853,121437.49000000008,742.7401792837189,1554.299986073891,119140.44983464247,0.01062092878219132,0.00019089056914063505,0.010430038213050687,0.012676911390423864,-0.000271898723229565,17,9
ZN-0025,ZN,Government bonds,Long,2007-09-04,2010-01-04,Closed,6.0,11.0,10433123.800561879,609,853,123343.75,703.0604581052742,1645.2009270845779,120995.48861481015,0.010821934788426784,0.00019697895095152214,0.010624955837475266,0.012551969077526702,-0.0003310746005829761,14,9
ZT-0023,ZT,Government bonds,Long,2007-09-04,2010-09-01,Closed,1.0,28.0,10433123.800561879,781,1093,237919.49400000015,1762.0964899583246,3925.419727290339,232231.9777827515,0.01982171340251263,0.0004600107045527405,0.01936170269795989,0.01953323146409758,-0.00016447949535942184,26,12
CL-0023,CL,Energy,Long,2007-10-01,2008-10-01,Closed,2.0,3.0,10773766.940101447,262,366,42600.00000000004,93.47389010157839,399.56838624928395,42106.957723649175,0.003888788038093455,4.211180423243416e-05,0.0038466762338610215,0.007560285005577735,-0.0002288002444478002,4,12
CT-0025,CT,Agriculture & livestock,Long,2007-10-01,2007-12-03,Closed,10.0,10.0,10773766.940101447,45,63,-29890.0,170.4517534310568,136.9893287474028,-30197.441082178462,-0.002740488729589345,2.8361777944537404e-05,-0.0027688505075338823,0.0001298755759704398,-0.0027688505075338823,1,1
FCE-0007,FCE,Equity indices,Long,2007-10-01,2008-01-02,Closed,1.0,1.0,10773766.940101447,67,93,-3886.4074999999975,19.678521621327185,58.175995701284634,-3964.262017322609,-0.0003432140081245182,7.1742503696387864e-06,-0.00035038825849415683,0.00011265512201279989,-0.000540696060983431,0,3
KC-0034,KC,Agriculture & livestock,Long,2007-10-01,2007-11-01,Closed,2.0,2.0,10773766.940101447,23,31,-9187.499999999996,74.92793668838534,0.0,-9262.427936688382,-0.0008527688479390605,6.857001236293501e-06,-0.0008596258491753539,0.0003067377129653154,-0.0009932367332200899,0,0
NQ-0012,NQ,Equity indices,Long,2007-10-01,2008-02-01,Closed,5.0,6.0,10773766.940101447,89,123,-28535.0,158.2265312085471,15.733484696609656,-28708.96001590516,-0.002545699984243581,1.5837930295948418e-05,-0.0025615379145395296,0.0010878795580590347,-0.0033022793649586995,3,1
KC-0035,KC,Agriculture & livestock,Short,2007-11-01,2008-02-01,Closed,3.0,7.0,11085952.729866462,66,92,-22387.499999999905,264.96436409840976,114.38127765330663,-22766.84564175162,-0.0020356230470563947,3.429265452812731e-05,-0.002069915701584522,0.00037389157480664846,-0.002069915701584522,1,1
LE-0028,LE,Agriculture & livestock,Short,2007-11-01,2009-06-01,Closed,11.0,19.0,11085952.729866462,412,578,135980.00000000015,626.040569803318,1648.4998641742154,133705.4595660226,0.011605625003506672,0.00019391549229293798,0.011411709511213734,0.01142004911586497,-0.0011453712644341446,6,9
PA-0006,PA,Metals,Long,2007-11-01,2008-09-02,Closed,3.0,13.0,11085952.729866462,218,306,186530.0,449.5289531833543,646.3842067488869,185434.08684006776,0.01644413923323231,9.162482740314872e-05,0.016352514405829157,0.023449547387209783,-0.0010897519969266059,9,4
ZC-0015,ZC,Agriculture & livestock,Short,2007-11-01,2008-01-02,Closed,9.0,9.0,11085952.729866462,44,62,-34425.0,245.1686335361906,243.97731852706565,-34914.145952063256,-0.0031647938322451486,4.4736859642136324e-05,-0.003209530691887285,0.0,-0.003209530691887285,0,1
6J-0026,6J,FX,Long,2007-12-03,2010-01-04,Closed,3.0,7.0,10834006.060417328,545,763,31762.500000000095,246.20546961081425,512.3272734308744,31003.967256958407,0.003057299861007115,6.329845951062871e-05,0.0029940014014964845,0.007738241015139886,-0.0011842236213567697,8,9
CGB-0014,CGB,Government bonds,Long,2007-12-03,2010-01-04,Closed,5.0,14.0,10834006.060417328,545,763,20522.804999999975,661.2272738455642,1506.4374575675633,18355.140268586845,0.0018004030160667847,0.00017964681604276455,0.0016207562000240194,0.006485522643016177,-0.0009092899682948778,14,8
CT-0026,CT,Agriculture & livestock,Short,2007-12-03,2008-01-02,Closed,5.0,5.0,10834006.060417328,22,30,-13575.0,85.58696980661105,0.0,-13660.58696980661,-0.0012472237809909822,7.859402988547362e-06,-0.0012550831839795297,1.449503974367719e-05,-0.0012550831839795297,0,0
NG-0023,NG,Energy,Short,2007-12-03,2008-05-01,Closed,1.0,1.0,10834006.060417328,108,150,-29849.999999999985,23.615091668569683,118.44450125911499,-29992.059592927668,-0.0025669717466930255,1.213172829996683e-05,-0.002579103474992993,0.0001715556776589924,-0.0032097459598681146,0,5
NKD-0028,NKD,Equity indices,Short,2007-12-03,2009-10-01,Closed,2.0,5.0,10834006.060417328,478,668,77950.0,471.6786161606149,1183.1711826573185,76295.15020118207,0.006717533868244627,0.00013852716363075112,0.00657900670461388,0.01025245622387573,-0.00042468251304324283,8,8
RTY-0006,RTY,Equity indices,Short,2007-12-03,2008-07-01,Closed,5.0,5.0,10834006.060417328,151,211,21459.999999999975,126.78543282192001,223.79878746099916,21109.415779717056,0.001853287181212927,2.9627391612838108e-05,0.001823659789600089,0.0024676591515177195,-0.0008847186759215811,2,3
SI-0022,SI,Metals,Short,2007-12-03,2008-01-02,Closed,2.0,2.0,10834006.060417328,22,30,-10800.0,94.16207472217945,0.0,-10894.162074722179,-0.000997060637841055,8.646562942229763e-06,-0.001005707200783285,0.00020013902980489724,-0.001005707200783285,0,0
SNK-0035,SNK,Equity indices,Short,2007-12-03,2008-09-01,Closed,3.0,5.0,10834006.060417328,195,273,48890.77250000001,306.6652181035574,260.9852311710469,48323.1220507254,0.004294751942195448,4.879887507009173e-05,0.004245953067125356,0.0059946631907916905,-0.00047725557636445876,6,3
SXF-0006,SXF,Equity indices,Long,2007-12-03,2008-02-01,Closed,2.0,2.0,10834006.060417328,44,60,-1282.4440000000059,84.78527598825104,81.89519320958051,-1449.1244691978375,-0.00010485010408069746,1.526163863480342e-05,-0.00012011174271550072,0.000641975623397129,-0.001306158230587201,1,1
ZL-0032,ZL,Agriculture & livestock,Long,2007-12-03,2008-01-02,Closed,1.0,1.0,10834006.060417328,22,30,2496.0000000000023,17.228666420517545,17.3550602557012,2461.4162733237836,0.00022923127821568556,3.165108635023523e-06,0.000226066169580662,0.0002268536383721394,-9.657046645356581e-06,0,1
CT-0027,CT,Agriculture & livestock,Long,2008-01-02,2008-06-02,Closed,14.0,14.0,10946319.319608917,108,152,23170.0,267.28055293210485,134.04158806364214,22768.677859004252,0.0020315676006149564,3.4484782046543345e-05,0.001997082818568414,0.004870273845137745,-0.001291141227989749,4,2
ES-0012,ES,Equity indices,Short,2008-01-02,2008-07-01,Closed,5.0,5.0,10946319.319608917,129,181,40875.0,188.5704385316393,215.92928702631283,40470.50027444204,0.003509651170562804,3.3259059073715396e-05,0.0034763921114890893,0.0035789973647901534,-1.1852349839827921e-05,4,2
FCE-0008,FCE,Equity indices,Short,2008-01-02,2009-02-02,Closed,5.0,5.0,10946319.319608917,283,397,102862.20999999993,178.96398906956216,576.814077522501,102106.43193340786,0.008777584602342821,6.331969171571621e-05,0.008714264910627099,0.0088053458248852,-4.6145778295573026e-06,7,13
FESX-0008,FESX,Equity indices,Long,2008-01-02,2008-02-01,Closed,1.0,1.0,10946319.319608917,22,30,-7210.866000000002,30.280095326689086,0.0,-7241.146095326691,-0.0006482818643713997,2.723120426632429e-06,-0.000651004984798032,0.0,-0.001021188599948282,0,0
SB-0017,SB,Agriculture & livestock,Short,2008-01-02,2008-02-01,Closed,2.0,2.0,10946319.319608917,22,30,-3628.8000000000025,50.02333444015558,0.0,-3678.823334440158,-0.00032629490924731636,4.498408608989492e-06,-0.00033079331785630585,0.0,-0.0003497157409690008,0,0
SI-0023,SI,Metals,Long,2008-01-02,2008-10-01,Closed,2.0,3.0,10946319.319608917,195,273,-45684.99999999999,186.49396886379776,283.848646772239,-46155.34261563603,-0.0034469384194422267,3.882613327906153e-05,-0.0034857645527212886,0.0048431701217407155,-0.004435041533199752,4,4
ZC-0016,ZC,Agriculture & livestock,Long,2008-01-02,2008-11-03,Closed,15.0,15.0,10946319.319608917,218,306,28612.5,434.5280367324428,433.80336600668033,27744.16859726088,0.0027486312925958335,7.33917706317956e-05,0.0026752395219640395,0.0066346120557572745,-1.8728850038900438e-05,4,4
FSMI-0009,FSMI,Equity indices,Short,2008-01-03,2009-03-02,Closed,6.0,6.0,11015392.355232041,302,424,98599.0310000001,201.8771493413766,232.26714501938795,98164.88670563934,0.008359792943903648,3.638907440263904e-05,0.008323403869501004,0.008326018349989434,-8.781959905925228e-05,6,4
EMD-0004,EMD,Equity indices,Short,2008-02-01,2008-10-01,Closed,3.0,3.0,11297963.055688433,173,243,27061.00000000003,122.84329543583539,203.2721401138496,26734.884564450345,0.002241158743503417,2.6836496480439028e-05,0.0022143222470229775,0.0026778246428374574,-0.0011779698400253488,4,3
FDAX-0013,FDAX,Equity indices,Short,2008-02-01,2008-10-01,Closed,1.0,1.0,11297963.055688433,173,243,50007.022,36.1301351861772,113.83910973638267,49857.052755077435,0.004116472192324278,1.2414379302309229e-05,0.0041040578130219696,0.004105549278960316,-0.0006401972529756451,0,3
FESX-0009,FESX,Equity indices,Short,2008-02-01,2009-03-02,Closed,2.0,4.0,11297963.055688433,281,395,57318.920000000035,205.97315509159728,363.61719274787583,56749.32965216056,0.004754204017068604,4.685621405653169e-05,0.004707347803012072,0.004949360316079732,-0.00017486744261007553,6,4
FGBL-0014,FGBL,Government bonds,Long,2008-02-01,2008-03-03,Closed,1.0,1.0,11297963.055688433,21,31,1076.7640000000026,31.06192017560226,0.0,1045.7020798244005,8.00898750711932e-05,2.6202462107693135e-06,7.746962886042386e-05,8.251631679598848e-05,-0.00019088734619799317,0,0
FGBM-0014,FGBM,Government bonds,Long,2008-02-01,2008-05-02,Closed,1.0,1.0,11297963.055688433,65,91,-3837.349999999997,31.57283059974842,31.552229038565166,-3900.475059638311,-0.0003103497899785325,5.2020416092988e-06,-0.00031555183158783127,0.00016525266802390183,-0.00031555183158783127,0,1
GF-0029,GF,Agriculture & livestock,Short,2008-02-01,2009-06-01,Closed,10.0,11.0,11297963.055688433,346,486,61537.49999999994,360.8676180435452,2133.301510864144,59043.33087109226,0.005094366764151021,0.00020623910881926823,0.004888127655331755,0.00826961121706627,-0.00020100911523529113,7,11
HTW-0015,HTW,Equity indices,Short,2008-02-01,2008-03-03,Closed,2.0,2.0,11297963.055688433,21,31,-4238.0,47.781181485123895,47.24574347103176,-4333.026924956155,-0.0003649185979676025,7.84304734180094e-06,-0.0003727616453094035,0.0001509534259488944,-0.0004891200669551067,0,1
KC-0036,KC,Agriculture & livestock,Long,2008-02-01,2008-04-01,Closed,3.0,3.0,11297963.055688433,42,60,-14456.249999999962,113.35952106735694,114.37596274633904,-14683.985483813658,-0.00094373420412867,1.9297360901753796e-05,-0.0009630315650304238,0.00244539124420609,-0.0011129102078223123,0,1
LFT-0016,LFT,Equity indices,Short,2008-02-01,2008-10-01,Closed,2.0,2.0,11297963.055688433,173,243,34014.081000000006,69.74843162277261,118.35049958193731,33825.982068795296,0.0027569276287295248,1.5464719572536996e-05,0.002741462909156988,0.002890559477451779,-0.0009520899398327299,3,3
NQ-0013,NQ,Equity indices,Short,2008-02-01,2008-06-02,Closed,6.0,7.0,11297963.055688433,86,122,-11347.200000000004,142.16197098445818,111.70662479028394,-11601.068595774746,-0.0008678020469524428,2.096786091561862e-05,-0.0008887699078680616,0.001957063986357603,-0.001129041709378054,3,1
SB-0018,SB,Agriculture & livestock,Long,2008-02-01,2008-05-01,Closed,14.0,14.0,11297963.055688433,64,90,-201.6000000000165,351.21749577523553,429.8366518789142,-982.6541476541663,0.00016177617974837133,6.453732423311401e-05,9.723885551525637e-05,0.0028000616850534757,-0.0006907672746577893,2,2
SXF-0007,SXF,Equity indices,Short,2008-02-01,2008-03-03,Closed,2.0,2.0,11297963.055688433,21,31,-5469.220000000001,86.08356239134355,0.0,-5555.303562391345,-0.00047316407509049414,7.260434710081439e-06,-0.000480424509800576,0.0008611149065579438,-0.0011461386298472838,0,0
YAP-0033,YAP,Equity indices,Short,2008-02-01,2009-04-01,Closed,1.0,3.0,11297963.055688433,303,425,62151.62500000002,193.9597126531449,396.5060801484178,61561.15920719846,0.005006012089686478,4.8315690522086634e-05,0.004957696399164392,0.006723667618949196,-0.0008897435329135032,6,5
YM-0008,YM,Equity indices,Short,2008-02-01,2008-07-01,Closed,5.0,5.0,11297963.055688433,107,151,34935.0,128.92195874852771,163.63913077338856,34642.438910478086,0.002870551581841513,2.3776924088332148e-05,0.002846774657753181,0.002928620334467153,-8.687479220575764e-05,3,2
ZL-0033,ZL,Agriculture & livestock,Long,2008-02-01,2008-11-03,Closed,2.0,3.0,11297963.055688433,196,276,-30563.999999999993,69.2823322423424,157.34457336699091,-30790.626905609326,-0.0023689692026499696,1.8579971791205537e-05,-0.0023875491744411756,0.0015910510307155371,-0.0025510714516575024,5,6
FGBS-0008,FGBS,Government bonds,Long,2008-03-03,2008-04-01,Closed,1.0,1.0,12471603.746280996,21,29,-1463.5605000000048,19.847289264407742,19.901486523842745,-1503.3092757882553,-0.00011764205321780307,3.174826409871508e-06,-0.00012081687962767456,1.5756059612287155e-05,-0.00012081687962767456,0,1
HG-0031,HG,Metals,Long,2008-03-03,2008-04-01,Closed,1.0,1.0,12471603.746280996,21,29,-3049.9999999999964,28.181706608684298,0.0,-3078.1817066086805,-0.00022984493847201333,2.2675647253980872e-06,-0.00023211250319741134,0.00010629974563023677,-0.0007007827246928035,0,0
HTW-0016,HTW,Equity indices,Long,2008-03-03,2008-07-01,Closed,5.0,5.0,12471603.746280996,86,120,-14700.0,118.56406393006176,474.17772928349706,-15292.74179321356,-0.001142639021202616,4.7605994485755345e-05,-0.0011902450156883713,0.0016143997268718326,-0.0011902450156883713,0,4
LLG-0031,LLG,Government bonds,Long,2008-03-03,2010-01-04,Closed,4.0,7.0,12471603.746280996,480,672,27904.235999999953,453.4520783954073,815.0009619338791,26635.78295967067,0.0024279654525262324,0.00010416382696399144,0.002323801625562242,0.005800152537864845,-0.0033165840058033097,11,7
SXF-0008,SXF,Equity indices,Long,2008-03-03,2008-04-01,Closed,1.0,1.0,12471603.746280996,21,29,-1050.0580000000086,41.976902813978995,39.608567360153245,-1131.643470174141,-6.352872493789435e-05,6.507021154593052e-06,-7.003574609248738e-05,0.00011465537305395327,-0.0007472970159943784,0,1
FGBL-0015,FGBL,Government bonds,Long,2008-04-01,2008-05-02,Closed,1.0,1.0,12384886.160636159,23,31,-3023.772000000003,31.548456454831495,0.0,-3055.3204564548346,-0.00024629311222682665,2.5755537309954594e-06,-0.0002488686659578221,7.916873653557333e-05,-0.0002488686659578221,0,0
KC-0037,KC,Agriculture & livestock,Short,2008-04-01,2008-05-01,Closed,2.0,2.0,12384886.160636159,22,30,1537.500000000009,74.85271121290221,74.39456475933945,1388.2527240277675,0.000127207426887861,1.2172810367593175e-05,0.00011503461652026775,0.00011810460535845261,-0.0006466864294137239,0,1
SXF-0009,SXF,Equity indices,Short,2008-04-01,2008-05-01,Closed,1.0,1.0,12384886.160636159,22,30,-8736.031999999996,41.497483557000024,0.0,-8777.529483556995,-0.0007101103580100985,3.3817317810706884e-06,-0.0007134920897911692,0.0,-0.0009773945792068638,0,0
ZM-0025,ZM,Agriculture & livestock,Long,2008-04-01,2008-10-01,Closed,1.0,3.0,12384886.160636159,131,183,-21610.00000000001,70.12090086184895,283.9090546972113,-21964.029955559072,-0.0017558308615922876,2.9038605501565085e-05,-0.0017848694670938524,0.0019608704441073503,-0.0018122316914230352,2,5
HG-0032,HG,Metals,Long,2008-05-01,2008-10-01,Closed,2.0,2.0,12162692.582876138,109,153,-31537.5,56.39064449842866,119.6717661936241,-31713.56241069205,-0.0025659768699268725,1.4367831362501761e-05,-0.0025803447012893734,0.0014910288033725162,-0.0025803447012893734,1,2
KC-0038,KC,Agriculture & livestock,Long,2008-05-01,2008-10-01,Closed,2.0,3.0,12162692.582876138,109,153,-10968.750000000018,149.50942732137315,112.19652229549932,-11230.45594961689,-0.0009028387492235171,2.1556770987950276e-05,-0.0009243955202114673,0.0014485181393114306,-0.0009243955202114673,2,2
NG-0024,NG,Energy,Long,2008-05-01,2008-08-01,Closed,1.0,2.0,12162692.582876138,66,92,-55829.99999999998,47.46285058355076,95.4921117587873,-55972.954962342315,-0.004357823600404147,1.1533071655986415e-05,-0.004369356672060133,0.00231364814740226,-0.004807282534923616,1,3
SB-0019,SB,Agriculture & livestock,Short,2008-05-01,2008-08-01,Closed,8.0,9.0,12162692.582876138,66,92,-13182.400000000005,225.47031391085838,201.410940405057,-13609.281254315922,-0.001079927172469423,3.422439799323112e-05,-0.001114151570462654,0.001322943225191521,-0.001114151570462654,1,1
SXF-0010,SXF,Equity indices,Long,2008-05-01,2008-10-01,Closed,1.0,2.0,12162692.582876138,109,153,-43812.491999999984,80.33997107667022,118.03147966326364,-44010.86345073992,-0.0035296079742967966,1.6304694374588242e-05,-0.003545912668671384,0.0013724014602692503,-0.004134406796812512,2,2
FGBS-0009,FGBS,Government bonds,Short,2008-05-02,2008-10-01,Closed,15.0,15.0,12115536.624548607,108,152,-4902.914999999922,308.37452656473477,627.1467488936718,-5838.436275458328,-0.00046793936030034046,7.757811616685071e-05,-0.0005455174764671903,0.003333348533489177,-0.0005839191582347472,0,2
CT-0028,CT,Agriculture & livestock,Short,2008-06-02,2009-07-01,Closed,5.0,7.0,12234449.60434263,282,394,25875.000000000015,196.53981293417797,467.93755479098814,25210.52263227485,0.002229388890899283,5.5079773105759545e-05,0.0021743091177935233,0.0060130272678922,-0.001858751814195553,6,5
FGBM-0015,FGBM,Government bonds,Long,2008-06-02,2008-07-01,Closed,1.0,1.0,12234449.60434263,21,29,-2925.208000000008,32.153756812072245,32.16746762719563,-2989.5292244392754,-0.00023494377782653519,5.192762638014825e-06,-0.00024013654046455,0.0,-0.00030768209538741003,0,1
FGBX-0004,FGBX,Government bonds,Long,2008-06-02,2008-07-01,Closed,3.0,3.0,12234449.60434263,21,29,-5079.696000000005,192.99834355297764,189.86518274820065,-5462.559526301184,-0.00039638273940582864,3.0899516341086156e-05,-0.0004272822557469149,0.0002520517756048874,-0.0005613937121206931,0,1
FGBM-0016,FGBM,Government bonds,Short,2008-07-01,2008-10-01,Closed,5.0,5.0,12705352.126671469,66,92,-30539.67749999998,156.65644735986228,151.52965184160882,-30847.86359920145,-0.0025163488559054406,2.5507065081216283e-05,-0.0025418559209866567,0.00012710235111251632,-0.0026347434358710655,0,1
FGBX-0005,FGBX,Government bonds,Short,2008-07-01,2008-10-01,Closed,2.0,2.0,12705352.126671469,66,92,-15160.856000000002,123.87673289493347,117.80468149753978,-15402.537414392476,-0.0012417350180914523,1.9985808874163378e-05,-0.0012617208269656154,0.00016089612248993925,-0.0012617208269656154,0,1
NQ-0014,NQ,Equity indices,Short,2008-07-01,2009-02-02,Closed,4.0,5.0,12705352.126671469,154,216,35995.0,109.66945677838658,126.22967872990253,35759.10086449171,0.0030617487471092495,1.9427786445898142e-05,0.003042320960663352,0.0038876981459898844,-0.0006517408573293545,5,2
SJB-0015,SJB,Government bonds,Long,2008-07-01,2008-09-01,Closed,2.0,2.0,12705352.126671469,44,62,5402.065999999994,55.751033290304235,0.0,5346.31496670969,0.0004354811104080633,4.514816362218729e-06,0.00043096629404584444,0.0006073806000392786,-2.606549667378527e-05,0,0
6B-0034,6B,FX,Long,2008-08-01,2008-09-02,Closed,5.0,5.0,12308943.178651165,22,32,-58312.50000000004,95.01517311073462,0.0,-58407.51517311077,-0.004846514281594799,7.825910853641586e-06,-0.00485434019244844,0.0,-0.00485434019244844,0,0
FGBL-0016,FGBL,Government bonds,Short,2008-08-01,2008-10-01,Closed,4.0,4.0,12308943.178651165,43,61,-18426.283999999945,123.70943169874167,120.27843287015646,-18670.271864568844,-0.0015428684054894536,2.0358737003665596e-05,-0.0015632271424931192,0.0,-0.0016139188002587852,0,1
SB-0020,SB,Agriculture & livestock,Long,2008-08-01,2008-09-02,Closed,3.0,3.0,12308943.178651165,22,32,-4771.2,75.17418187401006,0.0,-4846.37418187401,-0.00039231031101125526,6.193112525634643e-06,-0.00039850342353688994,1.4943360442263312e-05,-0.00039850342353688994,0,0
YM-0009,YM,Equity indices,Short,2008-08-01,2008-10-01,Closed,1.0,2.0,12308943.178651165,43,61,5280.0,31.57679235673084,31.627901402584378,5216.795306240685,0.0004587403617114706,5.272952937844746e-06,0.00045346740877362583,0.0007995541968575603,-0.0001908807460002616,1,1
ES-0013,ES,Equity indices,Short,2008-09-02,2008-10-01,Closed,2.0,2.0,11972238.43730371,21,29,11025.0,53.72320499437814,53.682874826213876,10917.593920179408,0.0009368588912472131,8.991053209016248e-06,0.0009278678380381969,0.0013452453525212645,-2.244263252446104e-06,0,1
KE-0018,KE,Agriculture & livestock,Short,2008-09-02,2010-08-02,Closed,1.0,12.0,11972238.43730371,499,699,-48887.5,608.8402700099787,1416.7292233378932,-50913.069493347866,-0.0033702916404312437,0.00016425716807606986,-0.003534548808507311,0.00627617744002492,-0.003534548808507311,11,9
PA-0007,PA,Metals,Short,2008-09-02,2008-12-01,Closed,1.0,1.0,11972238.43730371,64,90,11865.000000000002,25.131423535452114,24.48438219840744,11815.384194266142,0.0009915262792462708,4.110829299116779e-06,0.000987415449947154,0.0010099503817698372,-1.093352045581816e-06,0,1
RTY-0007,RTY,Equity indices,Short,2008-09-02,2008-10-01,Closed,1.0,1.0,11972238.43730371,21,29,2919.999999999998,15.674443556313076,15.720687828280836,2888.604868615404,0.00024881918954501315,2.6269913530179756e-06,0.00024619219819199515,0.0003488922850880964,-8.222029783434992e-05,0,1
SB-0021,SB,Agriculture & livestock,Short,2008-09-02,2009-05-01,Closed,6.0,14.0,11972238.43730371,173,241,-25625.599999999984,351.5741731091424,861.227731239169,-26838.4019043483,-0.002062752506065058,0.00010069612770640657,-0.0021634486337714642,0.0023022678018556017,-0.0021634486337714642,2,3
ZW-0027,ZW,Agriculture & livestock,Short,2008-09-02,2010-08-02,Closed,1.0,10.0,11972238.43730371,499,699,-11237.5,271.65883450998945,1395.651570146261,-12904.810404656251,-0.0004722258757214032,0.00013536179586989103,-0.000607587671591293,0.0062924841501383715,-0.0019371920216774622,5,9
FGBX-0006,FGBX,Government bonds,Long,2008-10-01,2008-11-03,Closed,1.0,1.0,11870881.539088227,23,33,1901.7220000000068,56.06029191628646,0.0,1845.6617080837204,0.00016354744239194862,4.714500840413385e-06,0.00015883294155153528,0.0006229874186411339,-0.00019586022678582055,0,0
HG-0033,HG,Metals,Short,2008-10-01,2009-04-01,Closed,1.0,2.0,11870881.539088227,130,182,15099.999999999967,55.57245432692727,84.02037038054264,14960.407175292497,0.0013224731240540609,1.1510643557824151e-05,0.0013109624804962374,0.0032131240537209595,-1.1908330795771449e-06,1,2
KC-0039,KC,Agriculture & livestock,Short,2008-10-01,2009-11-02,Closed,1.0,5.0,11870881.539088227,283,397,-16743.75000000003,224.83407087482567,805.4125114076438,-17773.9965822825,-0.001208057575295666,8.61592045394492e-05,-0.0012942167798351146,0.002240378201542722,-0.00320897841581866,4,5
RS-0035,RS,Agriculture & livestock,Short,2008-10-01,2009-03-02,Closed,8.0,23.0,11870881.539088227,108,152,4832.620000000001,249.74331284089806,590.5264545899564,3992.350232569146,0.000429212020762584,6.91457700187724e-05,0.0003600662507438115,0.0018207013643206263,-0.0007622064014508706,4,3
SNK-0036,SNK,Equity indices,Short,2008-10-01,2009-03-02,Closed,2.0,2.0,11870881.539088227,108,152,37480.87250000003,138.9691173564495,49.18975332552119,37292.71362931806,0.0031236523156975135,1.5578024525000478e-05,0.0031080742911725134,0.003712440510831462,-3.7230726902609753e-06,2,1
ZM-0026,ZM,Agriculture & livestock,Short,2008-10-01,2009-01-02,Closed,1.0,2.0,11870881.539088227,67,93,-4279.999999999995,46.96640384934351,94.7670760367493,-4421.733479886088,-0.0003344782330536934,1.166787063152412e-05,-0.00034614610368521767,0.0006776567551059719,-0.00034614610368521767,1,2
6C-0019,6C,FX,Short,2008-11-03,2009-02-02,Closed,1.0,1.0,11911860.44552167,65,91,4059.999999999998,16.51922207399346,17.000619742997632,4026.480158183007,0.0003416919252669263,2.7614525885334666e-06,0.0003389304726783929,0.0005521188664240354,-0.00019991053976881892,0,1
6M-0022,6M,FX,Short,2008-11-03,2009-01-02,Closed,1.0,1.0,11911860.44552167,44,60,2149.9999999999986,17.218173211846715,16.994251946899837,2115.787574841252,0.0001785065055169319,2.8176036923626565e-06,0.00017568890182456922,0.00023246966387116072,-8.27031192744607e-05,0,1
EMD-0005,EMD,Equity indices,Short,2008-11-03,2009-01-02,Closed,1.0,1.0,11911860.44552167,44,60,2250.0000000000014,23.796397613155236,23.807408050188872,2202.3961943366576,0.0002113985808447014,3.908629255008556e-06,0.0002074899515896929,0.0012783799716461432,-9.262874828524642e-05,0,1
ES-0014,ES,Equity indices,Short,2008-11-03,2009-01-02,Closed,1.0,1.0,11911860.44552167,44,60,2137.5,26.833413859229047,26.829342455301457,2083.8372436854697,0.00019456989553255963,4.410755524877574e-06,0.000190159140007682,0.0009201847910612475,-0.00014297730147866766,0,1
FGBL-0017,FGBL,Government bonds,Long,2008-11-03,2010-01-04,Closed,1.0,9.0,11911860.44552167,305,427,18710.30999999992,355.2252144039255,792.9394281162708,17562.145357479723,0.0016485298557700916,9.413258603176001e-05,0.0015543972697383327,0.0038321692329256756,-0.0008360617521318329,6,5
FGBX-0007,FGBX,Government bonds,Short,2008-11-03,2008-12-01,Closed,1.0,1.0,11911860.44552167,20,28,-11952.474000000006,52.938389376109875,0.0,-12005.412389376115,-0.0009884248807050158,4.410213220079866e-06,-0.0009928350939250956,0.0,-0.0009928350939250956,0,0
GC-0020,GC,Metals,Short,2008-11-03,2009-02-02,Closed,1.0,1.0,11911860.44552167,65,91,-17620.000000000004,23.650621994694653,47.721636159792666,-17691.37225815449,-0.001431910326266383,5.904549005840712e-06,-0.001437814875272224,0.00018029045712829702,-0.0016116922104522338,0,2
LFT-0017,LFT,Equity indices,Short,2008-11-03,2009-01-02,Closed,1.0,1.0,11911860.44552167,44,60,-1480.1010000000006,19.809811335168718,19.616844118033256,-1519.5276554532024,-0.00010451302062781739,3.2377118748162564e-06,-0.00010775073250263361,0.0008149851530349743,-0.0002847229124458038,0,1
PL-0031,PL,Metals,Short,2008-11-03,2009-09-01,Closed,1.0,3.0,11911860.44552167,216,302,-41350.00000000001,75.49037816665674,157.30090338461326,-41582.791281551275,-0.003423150796687415,1.9423391603018713e-05,-0.003442574188290433,0.00016421143543711412,-0.004444131016308811,3,3
RB-0003,RB,Energy,Short,2008-11-03,2009-11-02,Closed,1.0,2.0,11911860.44552167,260,364,-65679.6,45.008876194017816,289.02833257536196,-66013.63720876937,-0.00541720304813792,2.7932112709963395e-05,-0.005445135160847881,0.002044117831920481,-0.006043175562623189,3,12
RTY-0008,RTY,Equity indices,Short,2008-11-03,2009-01-02,Closed,1.0,1.0,11911860.44552167,44,60,1895.0000000000027,15.679768654157584,15.67495512447359,1863.6452762213714,0.00016955661086296282,2.574382188949717e-06,0.0001669822286740131,0.0006597304785129993,-9.904447272735857e-06,0,1
SI-0024,SI,Metals,Short,2008-11-03,2008-12-01,Closed,1.0,1.0,11911860.44552167,20,28,2094.999999999993,46.1915938494894,46.95131935339986,2001.8570867971039,0.00017655413844563602,7.725668665710327e-06,0.00016882846977992578,0.00039115341991223545,-0.00029887779215335324,0,1
YM-0010,YM,Equity indices,Short,2008-11-03,2009-01-02,Closed,1.0,1.0,11911860.44552167,44,60,1765.0,15.773718263621316,15.778277562193919,1733.448004174185,0.00016109522176120563,2.5933537256309034e-06,0.00015850186803557465,0.0007682304011609246,-0.00010783742614893171,0,1
ZC-0017,ZC,Agriculture & livestock,Short,2008-11-03,2009-09-01,Closed,4.0,7.0,11911860.44552167,216,302,21850.0,215.17769528239936,675.3755137770727,20959.44679094053,0.0019602861252336823,7.442671578524135e-05,0.0018858594094484408,0.0019722802025916365,-0.0006656661676308714,5,5
ZL-0034,ZL,Agriculture & livestock,Short,2008-11-03,2009-05-01,Closed,4.0,8.0,11911860.44552167,129,179,10301.999999999993,155.8559574369176,332.61122853901554,9813.53281402406,0.0008681373843114571,4.0236673604206253e-05,0.0008279007107072508,0.0014307122825699113,-0.0006490168688310245,4,4
SJB-0016,SJB,Government bonds,Long,2008-11-04,2008-12-01,Closed,1.0,1.0,11896270.645918064,19,27,1696.984000000005,29.495964899782642,0.0,1667.4880351002223,0.0001403212616488474,2.4575708023980756e-06,0.00013786369084644933,0.00013910791058860012,-5.884601460429028e-05,0,0
BRN-0025,BRN,Energy,Short,2008-12-01,2009-11-02,Closed,1.0,3.0,12105267.090950843,240,336,-24700.000000000007,93.48627165954028,588.8351616283113,-25382.32143328786,-0.0019569173212119944,5.7192812557615876e-05,-0.00201411013376961,0.002261647260734169,-0.0027738067399662872,3,11
FGBX-0008,FGBX,Government bonds,Long,2008-12-01,2011-05-02,Closed,1.0,6.0,12105267.090950843,630,882,98636.5639999998,600.8614926338278,1752.0848911808935,96283.61761618507,0.00829142783246313,0.0001851748881680425,0.008106252944295091,0.01268280634229612,-0.0029152276802268534,11,10
SXF-0011,SXF,Equity indices,Short,2008-12-01,2009-01-02,Closed,1.0,1.0,12105267.090950843,24,32,-7321.637999999998,34.228595167311944,34.136055773010675,-7390.002650940321,-0.0005928907199005279,5.595964738009497e-06,-0.0005984866846385374,0.0002621660890810967,-0.0005984866846385374,0,1
6A-0012,6A,FX,Short,2009-01-02,2009-02-02,Closed,1.0,1.0,12226556.344899813,21,31,7769.999999999993,16.551891905616003,0.0,7753.448108094377,0.0006398730229001093,1.3593736411690445e-06,0.0006385136492589403,0.0006391871580908,-0.00012119442582936243,0,0
6S-0024,6S,FX,Long,2009-01-02,2009-02-02,Closed,3.0,3.0,12226556.344899813,21,31,-25162.49999999997,60.71039851029651,0.0,-25223.210398510266,-0.002056240440105857,4.985708215894861e-06,-0.002061226148321752,0.0,-0.002061226148321752,0,0
CL-0024,CL,Energy,Short,2009-01-02,2009-11-02,Closed,1.0,2.0,12226556.344899813,216,304,-23440.000000000033,46.487313846483445,350.193200368637,-23836.680514215153,-0.001885012410564336,3.325804665986741e-05,-0.0019182704572242026,0.0015257360260890935,-0.0024517325578090284,1,10
HO-0018,HO,Energy,Short,2009-01-02,2009-12-01,Closed,1.0,2.0,12226556.344899813,237,333,-43474.20000000001,29.964106989249732,304.6291311588281,-43808.79323814809,-0.003583781745394029,2.790271235493784e-05,-0.0036116844577489668,0.0012327062290218092,-0.00429554151141508,1,11
6B-0035,6B,FX,Short,2009-02-02,2009-11-02,Closed,1.0,7.0,12124751.426143795,195,273,-42350.0,129.93542725785414,212.9005561651975,-42692.83598342305,-0.0034958902774321985,2.9038818714577682e-05,-0.0035249290961467763,0.00027848287989682644,-0.004810021773040861,3,3
6N-0002,6N,FX,Short,2009-02-02,2009-09-01,Closed,2.0,4.0,12124751.426143795,151,211,-50670.0,95.01755129496848,98.48908664774173,-50863.506637942715,-0.00426345151290579,1.644206320747406e-05,-0.004279893576113264,0.00015942892470797727,-0.0047522439127515494,2,2
EMD-0006,EMD,Equity indices,Short,2009-03-02,2009-04-01,Closed,1.0,1.0,12194015.904616563,22,30,-7029.9999999999945,23.460799257188334,23.87712119981641,-7077.337920456999,-0.0005745822548479084,3.898355937016731e-06,-0.0005784806107849251,0.00014856479890304155,-0.0007187298918232001,0,1
FDAX-0014,FDAX,Equity indices,Short,2009-03-02,2009-04-01,Closed,1.0,1.0,12194015.904616563,22,30,-14315.220000000001,32.79183473669173,34.29612145194883,-14382.307956188642,-0.0011612476392833272,5.52506878914959e-06,-0.0011667727080724767,0.00010995794691491981,-0.0015263033737627633,0,1
FGBM-0017,FGBM,Government bonds,Long,2009-03-02,2011-05-02,Closed,5.0,19.0,12194015.904616563,565,791,130473.96649999997,1175.1961251197183,2343.889309041949,126954.8810658383,0.010861698435465982,0.00026923275691192886,0.010592465678554049,0.015070370492534603,-0.002386021437574314,15,9
FGBS-0010,FGBS,Government bonds,Long,2009-03-02,2011-04-01,Closed,24.0,66.0,12194015.904616563,544,760,153706.14399999907,1978.248610710341,6066.803357969509,145661.09203131922,0.013203037846228215,0.0006174989445347428,0.012585538901693461,0.01873974245949479,-0.001841296289085653,18,9
GAS-0015,GAS,Energy,Short,2009-03-02,2009-12-01,Closed,3.0,4.0,12194015.904616563,196,274,-54525.0,275.6991852663549,1200.729497968052,-56001.42868323441,-0.004494077082732126,0.00012300385752508008,-0.004617080940257205,0.0001536696252848517,-0.005621491805308285,4,9
HTW-0017,HTW,Equity indices,Short,2009-03-02,2009-09-01,Closed,8.0,8.0,12194015.904616563,131,183,-82370.0,234.83993679532992,942.6678345978198,-83547.50777139314,-0.006818699901984845,9.90577135762e-05,-0.006917757615561044,0.0,-0.006917757615561044,2,6
NQ-0015,NQ,Equity indices,Short,2009-03-02,2009-04-01,Closed,3.0,3.0,12194015.904616563,22,30,-9960.0,46.904821632539694,47.10532075909572,-10054.010142391635,-0.0008149260552515045,7.741771991956454e-06,-0.000822667827243461,0.00018867477407744334,-0.000931482638875635,0,1
SJB-0017,SJB,Government bonds,Short,2009-03-02,2009-05-01,Closed,11.0,11.0,12194015.904616563,44,60,19029.372999999898,409.48081567900465,459.6050962917704,18160.287088029123,0.001582735796869737,7.129088899731836e-05,0.0015114449078724181,0.002341265504064786,-0.0004392482922362962,0,1
6A-0013,6A,FX,Short,2009-04-01,2009-09-01,Closed,2.0,3.0,12145806.812832965,109,153,-29570.000000000007,49.48452170809736,33.35910377756106,-29652.843625485668,-0.0024782437488067265,7.0775393810649785e-06,-0.0024853212881877917,0.0,-0.0028974312116074,1,1
6C-0020,6C,FX,Short,2009-04-01,2009-10-01,Closed,3.0,5.0,12145806.812832965,131,183,-38810.000000000015,84.93735311084276,178.52888693111865,-39073.46624004198,-0.0031364074186150436,2.2260258026870744e-05,-0.0031586676766419144,0.0,-0.0038660296681561402,1,2
CC-0045,CC,Agriculture & livestock,Long,2009-04-01,2009-05-01,Closed,6.0,6.0,12145806.812832965,22,30,-20160.0,145.4163563543,148.85108479987662,-20454.267441154178,-0.0016974661533331653,2.452238135586353e-05,-0.001721988534689029,0.0008340580805994144,-0.001721988534689029,0,1
FESX-0010,FESX,Equity indices,Short,2009-04-01,2009-07-01,Closed,2.0,5.0,12145806.812832965,65,91,-8033.316000000004,145.4205042586029,145.53309384683925,-8324.269598105446,-0.0006373844581578892,2.502034158513905e-05,-0.0006624047997430282,0.0,-0.001197384976867498,1,1
SNK-0037,SNK,Equity indices,Short,2009-04-01,2009-10-01,Closed,3.0,5.0,12145806.812832965,131,183,-27264.73999999999,244.9433054446514,484.49239755526247,-27994.175702999906,-0.0023916197430735578,6.204089259908736e-05,-0.0024536606356726455,0.0,-0.0038573793071699125,1,2
CC-0046,CC,Agriculture & livestock,Short,2009-05-01,2009-08-03,Closed,3.0,5.0,11943583.220206218,66,94,-22560.0,120.62702942057949,122.17191578083887,-22802.79894520142,-0.0018804485074478824,2.0902567522570805e-05,-0.001901351074970453,6.874248613695532e-05,-0.001901351074970453,1,1
GC-0021,GC,Metals,Long,2009-05-01,2009-07-01,Closed,2.0,3.0,11943583.220206218,43,61,6409.999999999968,71.89702068158962,48.31906977196582,6289.783909546413,0.0005019910142082858,1.0298487567910428e-05,0.0004916925266403756,0.001650866994022615,-2.5246772958437797e-05,1,1
HG-0034,HG,Metals,Short,2009-05-01,2009-10-01,Closed,2.0,2.0,11943583.220206218,109,153,-29800.000000000007,83.56144482189882,84.75933595470154,-29968.32078077661,-0.0025304078216158536,1.4213778311724683e-05,-0.0025446215999275776,0.0003587127467024511,-0.0034582131089094838,2,2
SB-0022,SB,Agriculture & livestock,Long,2009-05-01,2010-05-03,Closed,5.0,8.0,11943583.220206218,261,367,29735.99999999999,225.95318486526259,555.404525397686,28954.64228973704,0.0027425019132153224,6.407802477117116e-05,0.002678423888444153,0.008488380902270241,-0.00045844639166144535,5,4
YAP-0034,YAP,Equity indices,Short,2009-05-01,2009-07-01,Closed,1.0,1.0,11943583.220206218,43,61,-2607.1750000000006,37.66793667848217,38.89741219291136,-2683.740348871394,-0.0002289131303845991,6.545425901444208e-06,-0.00023545855628604335,4.910659199876643e-05,-0.0005244557469839683,0,1
ZM-0027,ZM,Agriculture & livestock,Long,2009-05-01,2009-07-01,Closed,5.0,6.0,11943583.220206218,43,61,44439.99999999999,142.17961374801075,143.93095865248324,44153.8894275995,0.003785914874743004,2.4322635632646034e-05,0.003761592239110359,0.004034875264335004,-2.70158872815618e-05,1,1
6E-0008,6E,FX,Short,2009-06-01,2009-09-01,Closed,1.0,2.0,11514580.476854254,66,92,-1562.4999999999654,37.06407613178059,18.425448725930003,-1617.989524857676,-0.00010609637721209513,4.773466429578898e-06,-0.00011086984364167397,0.0006434580026434679,-0.0005769734906458234,1,1
6S-0025,6S,FX,Short,2009-06-01,2009-08-03,Closed,1.0,1.0,11514580.476854254,45,63,-1074.9999999999925,19.026712910287877,18.97541944939293,-1113.0021323596734,-8.387745995147012e-05,3.309085417991003e-06,-8.71865453694611e-05,0.00026621666648554937,-9.294972425008374e-05,0,1
FDAX-0015,FDAX,Equity indices,Short,2009-06-01,2009-07-01,Closed,1.0,1.0,11514580.476854254,22,30,8429.122500000001,35.52572800179595,35.38255254068128,8358.214219457524,0.0007518264937458276,6.1287025806802165e-06,0.0007456977911651474,0.0013098369419103468,-5.651889121973183e-05,0,1
GF-0030,GF,Agriculture & livestock,Long,2009-06-01,2009-07-01,Closed,12.0,12.0,11514580.476854254,22,30,21599.999999999967,380.993204054899,0.0,21219.006795945068,0.0018136912594706456,3.2748514645200905e-05,0.0017809427448254446,0.0017969974505989274,-0.0022990201692570165,0,0
FSMI-0010,FSMI,Equity indices,Short,2009-06-02,2009-07-01,Closed,1.0,1.0,11394800.232231583,21,29,-252.9509999999999,22.61942864474029,22.568086723457082,-298.1385153681973,-1.9085294813022123e-05,3.915890868233325e-06,-2.3001185681255445e-05,0.00010937218151382225,-6.068459491037024e-05,0,1
GF-0031,GF,Agriculture & livestock,Short,2009-07-01,2009-10-01,Closed,2.0,2.0,11757985.540168932,66,92,5562.4999999999845,61.67488061686485,57.82483442295391,5443.000284960165,0.0004712783661529421,1.006388232338207e-05,0.0004612144838295601,0.0004625326685925697,-7.098553489472451e-05,1,2
LE-0029,LE,Agriculture & livestock,Short,2009-07-01,2009-08-03,Closed,4.0,4.0,11757985.540168932,23,33,2080.000000000018,94.87943844893434,0.0,1985.120561551084,0.0001816375559261718,8.092185360770232e-06,0.00017354537056540154,0.0003196069258831968,-0.00014246910472750861,0,0
6S-0026,6S,FX,Long,2009-08-03,2010-06-01,Closed,3.0,7.0,11691922.85092167,216,302,-43487.500000000044,213.5345913463911,252.2353911565865,-43953.26998250302,-0.0032136758916033042,3.7542662038635895e-05,-0.0032512185536419393,0.0037937826144318863,-0.003423030441612579,4,3
CC-0047,CC,Agriculture & livestock,Long,2009-08-03,2010-03-01,Closed,5.0,9.0,11691922.85092167,150,210,7730.0,216.11855390262272,300.0705761566062,7213.810869940771,0.0005967542738199356,4.294292170374719e-05,0.0005538113521161889,0.0028357340633819532,-0.0009184825130176792,3,3
CT-0029,CT,Agriculture & livestock,Short,2009-08-03,2009-10-01,Closed,1.0,1.0,11691922.85092167,43,59,624.9999999999999,16.862452324434265,0.0,608.1375476755657,5.47158597521105e-05,1.4149287090943335e-06,5.330093104301617e-05,0.0002172750037493741,-8.967976074314634e-05,0,0
GC-0022,GC,Metals,Long,2009-08-03,2012-02-01,Closed,3.0,7.0,11691922.85092167,652,912,323060.0000000003,266.06662286080245,863.1279543412321,321930.80542279826,0.023095469946310437,8.067492371977426e-05,0.02301479502259066,0.023017198238153378,-0.0005951051982500246,9,12
ZL-0035,ZL,Agriculture & livestock,Short,2009-08-03,2009-10-01,Closed,1.0,1.0,11691922.85092167,43,59,2220.0,17.16035964401751,34.42178611286528,2168.417854243117,0.00018868322818392424,4.315648123050784e-06,0.00018436758006087344,0.000234467789874604,-4.543670120230425e-05,0,2
ZM-0028,ZM,Agriculture & livestock,Long,2009-08-03,2011-06-01,Closed,3.0,11.0,11691922.85092167,477,667,87889.99999999997,352.5756362451043,1821.880161449268,85715.5442023056,0.00678323296084847,0.00016612797576937385,0.006617104985079096,0.007337823903783334,-0.0007504568335564592,8,14
6A-0014,6A,FX,Long,2009-09-01,2012-06-01,Closed,3.0,12.0,11878095.957419008,718,1004,110129.99999999988,610.1610804342203,759.4322335604279,108760.40668600524,0.008301429243839474,9.661456038438891e-05,0.008204814683455092,0.014348064183419678,-0.0026721534990307157,17,11
6E-0009,6E,FX,Long,2009-09-01,2010-02-01,Closed,3.0,3.0,11878095.957419008,109,153,4462.500000000008,55.805462985153625,76.30361849120511,4330.390918523649,0.00042407694229162657,1.0946354393243894e-05,0.0004131305878983829,0.0018251911213294203,-2.390130546775078e-06,1,2
6N-0003,6N,FX,Long,2009-09-01,2009-10-01,Closed,3.0,3.0,11878095.957419008,22,30,12930.00000000001,55.91141359837489,60.95498813707907,12813.133598264556,0.0010804032034043424,9.73038169130256e-06,0.0010706728217130398,0.0012827671480813514,-9.905146523728545e-06,0,1
FESX-0011,FESX,Equity indices,Short,2009-09-01,2009-10-01,Closed,1.0,1.0,11878095.957419008,22,30,-1448.4609999999998,29.705605908941727,30.176523762378327,-1508.34312967132,-0.00012141337570457797,4.994754185699797e-06,-0.0001264081298902778,2.2629423584590617e-05,-0.00022362777765158934,0,1
HTW-0018,HTW,Equity indices,Long,2009-09-01,2011-10-03,Closed,6.0,25.0,11878095.957419008,544,762,73400.0,1092.9522072418317,6532.140641048307,65774.90715170986,0.005640751159023819,0.0005429961142412344,0.005097755044782582,0.009357511456626942,-0.00175893550222735,16,25
LE-0030,LE,Agriculture & livestock,Short,2009-09-01,2009-10-01,Closed,2.0,2.0,11878095.957419008,22,30,1600.0,46.900948066960936,0.0,1553.0990519330392,0.00013161834054438773,3.9075792556609215e-06,0.0001277107612887268,0.00012964146136497091,-9.91432581140038e-05,0,0
PA-0008,PA,Metals,Long,2009-09-01,2011-11-01,Closed,8.0,12.0,11878095.957419008,565,791,180444.99999999997,522.6334107544752,824.5629631325675,179097.80362611293,0.014337852888193512,0.0001015302344338938,0.014236322653759613,0.018121551621024058,-4.255792261533559e-05,15,8
SI-0025,SI,Metals,Long,2009-09-01,2011-06-01,Closed,3.0,6.0,11878095.957419008,456,638,268079.9999999998,422.7872091818755,762.8817860643055,266894.33100475365,0.019349387682501527,8.881694666164873e-05,0.019260570735839883,0.022626041521638357,-0.00021020286325420352,8,8
SJB-0018,SJB,Government bonds,Long,2009-09-01,2011-12-01,Closed,12.0,22.0,11878095.957419008,587,821,130138.35499999984,2244.835966748393,5167.616866302031,122725.90216694941,0.009673957642714049,0.0005439834913365431,0.009129974151377502,0.011039405817143081,-0.0032213738084379334,17,9
YAP-0035,YAP,Equity indices,Short,2009-09-01,2009-10-01,Closed,2.0,2.0,11878095.957419008,22,30,-8203.684999999998,83.88900501495178,84.55641437200785,-8372.130419386956,-0.000684420740401665,1.4041823434298533e-05,-0.0006984625638359635,0.0003260056728563356,-0.0008273535795580997,0,1
ZS-0033,ZS,Agriculture & livestock,Long,2009-09-01,2010-06-01,Closed,3.0,7.0,11878095.957419008,195,273,-14700.0,191.54483449913505,552.7022702562576,-15444.247104755392,-0.0010766071210429665,5.9630650607732494e-05,-0.0011362377716506995,0.0023504775606626844,-0.001178373890849746,2,4
6C-0021,6C,FX,Long,2009-10-01,2011-10-03,Closed,2.0,12.0,12129997.696578149,522,732,15679.999999999995,402.65442839560785,825.25908956735,14452.086482037037,0.0015610079153577094,8.444427131126384e-05,0.001476563644046446,0.0062991682348558,-0.0006263053061250662,17,8
6M-0023,6M,FX,Short,2009-10-01,2009-11-02,Closed,7.0,7.0,12129997.696578149,22,32,-9187.500000000007,118.86888351376372,0.0,-9306.368883513771,-0.0007432249992862358,9.88662211162025e-06,-0.000753111621397856,0.0,-0.0013917699494181749,0,0
CT-0030,CT,Agriculture & livestock,Long,2009-10-01,2010-06-01,Closed,9.0,9.0,12129997.696578149,173,243,54565.0,153.7967843149859,414.40023512481895,53996.80298056019,0.004547036253347553,4.5269634850615935e-05,0.004501766618496938,0.006119635940635065,-0.00025817040484484347,2,3
EMD-0007,EMD,Equity indices,Long,2009-10-01,2011-10-03,Closed,6.0,7.0,12129997.696578149,522,732,143980.00000000006,465.237581157955,836.2029802384839,142678.55943860364,0.010989911524033846,9.392120472320457e-05,0.010895990319310638,0.014616931065514666,-0.0006996296414919906,16,8
ES-0015,ES,Equity indices,Long,2009-10-01,2011-10-03,Closed,10.0,11.0,12129997.696578149,522,732,98150.0,942.036557871272,1351.390114059552,95856.57332806918,0.007578804413788975,0.00016520353712832562,0.007413600876660653,0.010505603022556225,-0.0002475074211778704,19,8
FCE-0009,FCE,Equity indices,Long,2009-10-01,2010-09-01,Closed,8.0,8.0,12129997.696578149,239,335,-2194.3344999999863,187.9688197227091,1131.5565794022596,-3513.859899124955,5.2763151437516115e-06,0.00010466432198189259,-9.938800683814052e-05,0.0022123239620384,-0.0016643126186546,4,11
FDAX-0016,FDAX,Equity indices,Long,2009-10-01,2011-07-01,Closed,2.0,3.0,12129997.696578149,456,638,115433.99249999995,245.04887599199412,387.03131627959016,114801.91230772836,0.008232751316284483,4.692126197721145e-05,0.00818583005430727,0.00866227106545714,-0.001026690192159592,10,7
FESX-0012,FESX,Equity indices,Long,2009-10-01,2010-09-01,Closed,11.0,11.0,12129997.696578149,239,335,-9760.536999999986,457.36529251648454,519.6791196155806,-10737.58141213205,-0.0006051454063409272,7.760499159455738e-05,-0.0006827503979354849,0.001819498883933892,-0.0022265544763752972,5,3
FSMI-0011,FSMI,Equity indices,Long,2009-10-01,2011-03-01,Closed,11.0,12.0,12129997.696578149,368,516,48930.73,529.9766141437884,854.7891745643668,47545.96421129185,0.0038953385313292687,0.0001041009493618787,0.0037912375819673908,0.004902774313129715,-0.001051953788288813,8,5
GF-0032,GF,Agriculture & livestock,Long,2009-10-01,2010-01-04,Closed,16.0,17.0,12129997.696578149,67,95,3600.000000000089,543.1380983339784,1180.4395125509745,1876.422389115136,0.00019833065697823078,0.00014105195340938058,5.727870356884918e-05,7.915722079663628e-05,-0.003420958747608102,1,2
LFT-0018,LFT,Equity indices,Long,2009-10-01,2011-09-01,Closed,7.0,8.0,12129997.696578149,500,700,75910.84999999996,289.5793011298704,673.8080913044729,74947.46260756563,0.006171527423146627,7.045167591871169e-05,0.006101075747227916,0.008037701537438246,-0.000528204089404743,8,7
NG-0025,NG,Energy,Short,2009-10-01,2011-08-01,Closed,3.0,7.0,12129997.696578149,477,669,62580.00000000004,256.0574182222695,1174.2545968722532,61149.68798490551,0.004744543655570989,0.0001068466757898705,0.004637696979781117,0.005009015626850142,-0.0017272399441416162,10,22
NQ-0016,NQ,Equity indices,Long,2009-10-01,2012-01-03,Closed,16.0,16.0,12129997.696578149,588,824,168710.0,762.0425681102466,1280.0195019714436,166667.93792991832,0.012529113424413266,0.000145834927952577,0.0123832784964607,0.013394407344921982,-0.00022757665236164667,18,9
PL-0032,PL,Metals,Long,2009-10-01,2011-10-03,Closed,1.0,9.0,12129997.696578149,522,732,55679.99999999999,348.8539667455039,595.2950103439005,54735.85102291059,0.0047187762277034724,6.5233771784343e-05,0.004653542455919134,0.00892995992873149,-2.5025045977444425e-05,14,8
RTY-0009,RTY,Equity indices,Long,2009-10-01,2011-10-03,Closed,13.0,13.0,12129997.696578149,522,732,63050.0,604.4411884093514,960.3748164196018,61485.18399517105,0.005118602439249754,0.00011292700076008454,0.0050056754384896675,0.009514300976327508,-0.0012677677958371676,15,8
SNK-0038,SNK,Equity indices,Long,2009-10-01,2010-06-01,Closed,7.0,7.0,12129997.696578149,173,243,-3027.319999999998,354.003529924002,610.2779503972674,-3991.6014803212674,-0.00033165054432130484,7.722482002474446e-05,-0.0004088753643460501,0.0030724900390776614,-0.002958370497431918,1,2
SXF-0012,SXF,Equity indices,Long,2009-10-01,2011-10-03,Closed,3.0,6.0,12129997.696578149,522,732,79893.504,368.4664184204644,945.5306663191737,78579.50691526037,0.006187998980128207,9.427356142672302e-05,0.006093725418701486,0.008969157626994038,-0.0008895185223670057,9,8
YAP-0036,YAP,Equity indices,Long,2009-10-01,2010-09-01,Closed,5.0,5.0,12129997.696578149,239,335,-41068.077500000014,343.5822697715861,438.536391813936,-41850.19616158553,-0.0032388120513712256,6.212014785421107e-05,-0.003300932199225437,0.0013707636921703745,-0.004033978936429702,7,3
YM-0011,YM,Equity indices,Long,2009-10-01,,Open,13.0,24.0,12129997.696578149,1369,1917,520545.0,2059.7730104468005,4935.22497031453,513550.00201923866,0.03253504066590285,0.00042315206447962096,0.03211188860142324,0.03334964408132282,-0.0002011371503799445,44,21
6M-0024,6M,FX,Long,2009-11-02,2010-10-01,Closed,13.0,19.0,11922787.70954635,239,333,63374.99999999999,635.8137624330545,893.7038072082902,61845.48243035865,0.004932222581746145,0.00011821064173221145,0.004814011940013934,0.004927253717487439,-0.0003772018984612296,6,4
6N-0004,6N,FX,Long,2009-11-02,2010-02-01,Closed,1.0,2.0,11922787.70954635,65,91,559.9999999999939,34.21147108294492,39.055681123855926,486.73284779319295,6.289863019598882e-05,5.928673181372455e-06,5.696995701461631e-05,0.0003193324621734651,-0.00026137593369153814,2,1
HG-0035,HG,Metals,Long,2009-11-02,2009-12-01,Closed,1.0,1.0,11922787.70954635,21,29,6349.9999999999945,27.606448595159947,28.034982228912877,6294.358569175922,0.0005170375976132416,4.499647088163688e-06,0.0005125379505250779,0.0005136424535588356,-1.1525444761118178e-06,0,1
KC-0040,KC,Agriculture & livestock,Long,2009-11-02,2010-05-03,Closed,1.0,5.0,11922787.70954635,130,182,-8587.499999999973,262.99690627559346,304.82465885978263,-9155.32156513535,-0.0007082295342182745,4.462152293472939e-05,-0.000752851057153004,0.0005947884041628265,-0.0018790388822379335,3,3
LE-0031,LE,Agriculture & livestock,Short,2009-11-02,2010-05-03,Closed,2.0,9.0,11922787.70954635,130,182,-13620.000000000007,335.1420346027329,361.7367615318701,-14316.878796134612,-0.001050860299543714,5.4867040206209335e-05,-0.0011057273397499234,0.0005886646940392677,-0.0011157429835213291,5,3
RB-0004,RB,Energy,Long,2009-11-02,2010-06-01,Closed,2.0,2.0,11922787.70954635,151,211,-21298.2,45.70013247730212,200.66086927232044,-21544.561001749622,-0.0015833340056558938,1.9608487801254643e-05,-0.0016029424934571484,0.0012934569511397047,-0.0019740701783667403,2,7
ZC-0018,ZC,Agriculture & livestock,Short,2009-11-02,2009-12-01,Closed,1.0,1.0,11922787.70954635,21,29,-800.0,26.93746288041361,26.863893690379058,-853.8013565707927,-6.545195079854799e-05,4.3512911082039694e-06,-6.980324190675196e-05,6.280196866248754e-05,-8.335282839958206e-05,0,1
ZL-0036,ZL,Agriculture & livestock,Long,2009-11-02,2010-04-01,Closed,11.0,12.0,11922787.70954635,108,150,4253.999999999989,210.9231693902998,622.4965778475954,3420.580252762094,0.000507030940675634,6.696194706455633e-05,0.0004400689936110783,0.002036485384078873,-0.0009822593995968422,1,3
6B-0036,6B,FX,Long,2009-12-01,2010-01-04,Closed,1.0,1.0,12553071.432948383,24,34,-3406.2499999999995,17.97551962803196,18.42951849905246,-3442.655038127084,-0.0002699447019515205,2.9177620037039235e-06,-0.00027286246395522435,0.0,-0.00036604378212210686,0,1
BRN-0026,BRN,Energy,Long,2009-12-01,2010-06-01,Closed,1.0,3.0,12553071.432948383,130,182,-31580.000000000007,70.27113546878002,383.32277115573595,-32033.593906624526,-0.002363710033740471,3.584887142088253e-05,-0.0023995589051613534,0.001571301575206419,-0.0031673007318526233,1,6
NKD-0029,NKD,Equity indices,Long,2009-12-01,2010-06-01,Closed,7.0,8.0,12553071.432948383,130,182,-8125.0,477.0242240621479,582.2773976671838,-9184.301621729332,-0.000504041403834375,8.386459995743377e-05,-0.0005879060037918085,0.003739264067685124,-0.00104785584597205,3,2
RS-0036,RS,Agriculture & livestock,Long,2009-12-01,2010-01-04,Closed,48.0,48.0,12553071.432948383,24,34,-6504.470399999997,565.4058074430873,598.2474270454703,-7668.123634488556,-0.0005176550438760955,9.307884546379577e-05,-0.0006107338893398912,8.410540108340906e-05,-0.0013036884725230837,0,1
ZB-0025,ZB,Government bonds,Short,2009-12-01,2010-05-03,Closed,2.0,3.0,12553071.432948383,109,153,62.5,168.4683863168453,111.17174645937766,-217.14013277622297,4.576883932006393e-05,2.2051820318502785e-05,2.371701900156115e-05,0.0010524165870589891,-4.850767098426217e-05,1,1
ZC-0019,ZC,Agriculture & livestock,Long,2009-12-01,2010-02-01,Closed,10.0,10.0,12553071.432948383,44,62,-27750.0,270.27563790628847,0.0,-28020.27563790629,-0.002168777570049105,2.188094958702056e-05,-0.002190658519636125,0.00035136385770599384,-0.0022823717596790073,0,0
GF-0033,GF,Agriculture & livestock,Short,2010-01-04,2010-03-01,Closed,1.0,9.0,12492059.146365762,40,56,-19674.999999999996,282.03929514145636,29.238456828047752,-19986.2777519695,-0.0016174294049631469,2.526047939589896e-05,-0.0016426898843590462,0.00017371690446532406,-0.0018157404188090412,1,1
ZF-0024,ZF,Government bonds,Short,2010-01-04,2010-02-01,Closed,11.0,11.0,12492059.146365762,20,28,-19507.83999999993,238.89972511378824,0.0,-19746.73972511372,-0.0015470827016092047,1.938837229691851e-05,-0.0015664710739061235,0.0,-0.0016838547592269366,0,0
ZN-0026,ZN,Government bonds,Short,2010-01-04,2010-02-01,Closed,8.0,8.0,12492059.146365762,20,28,-18625.0,260.10454566106813,0.0,-18885.104545661066,-0.0014704282426187252,2.1108483963602573e-05,-0.0014915367265823276,0.0,-0.0016761940190244827,0,0
CGB-0015,CGB,Government bonds,Long,2010-02-01,2010-03-01,Closed,11.0,11.0,12157148.537772303,20,28,463.9799999998754,309.0338726336025,316.3894237677089,-161.443296401436,2.4600566670297385e-05,5.071366681942854e-05,-2.611310014913118e-05,0.0003726905953453672,-0.0007841972788343597,0,1
CL-0025,CL,Energy,Long,2010-02-01,2010-06-01,Closed,3.0,3.0,12157148.537772303,86,120,-20040.000000000015,70.09051764590149,281.9309462056045,-20392.02146385152,-0.0014036399833174842,2.7807058843828007e-05,-0.0014314470421613124,0.0028350459358204,-0.0023511073589590117,0,4
FGBL-0018,FGBL,Government bonds,Long,2010-02-01,2011-06-01,Closed,9.0,11.0,12157148.537772303,347,485,112818.47500000015,692.2944460849671,635.9646832114669,111490.21587070372,0.008807930180034474,9.834779355442212e-05,0.00870958238648005,0.01181615420493478,-0.0008686928392229957,11,5
HG-0036,HG,Metals,Long,2010-02-01,2010-04-01,Closed,1.0,1.0,12157148.537772303,43,59,12075.000000000007,27.660235920000396,27.944142343054352,12019.395621736952,0.0009771744518132857,4.465544373270845e-06,0.0009727089074400148,0.0009737856360207443,-0.0004605385123640029,0,1
LLG-0032,LLG,Government bonds,Long,2010-02-01,2010-03-01,Closed,5.0,5.0,12157148.537772303,20,28,-3027.684999999981,170.7539995248266,165.82752549566732,-3364.266525020475,-0.00026400778388831897,2.7258454967902236e-05,-0.0002912662388562209,0.00011349583491237767,-0.001372639470525136,0,1
ZF-0025,ZF,Government bonds,Long,2010-02-01,2010-11-01,Closed,14.0,16.0,12157148.537772303,195,273,93742.17000000007,460.42391458812745,916.010727730087,92365.73535768186,0.007160929411050629,0.0001072966198926924,0.0070536327911579376,0.007120065238904104,-0.0015090990985255292,6,3
ZN-0027,ZN,Government bonds,Long,2010-02-01,2010-04-01,Closed,8.0,8.0,12157148.537772303,43,59,828.125,258.97576855786536,258.2584284843205,310.89080295781406,8.39373148258907e-05,4.167302437894489e-05,4.22642904469459e-05,0.0006475718969346223,-0.0004484695470579883,1,1
6E-0010,6E,FX,Long,2010-03-01,2010-05-03,Closed,1.0,1.0,12459282.2833537,45,63,-4500.000000000004,18.393338927961523,18.37584119780567,-4536.7691801257715,-0.00033802481751371257,2.8845077621021065e-06,-0.0003409093252758147,0.00018015704365086517,-0.00036404732099698566,0,1
6J-0027,6J,FX,Long,2010-03-01,2012-07-02,Closed,4.0,12.0,12459282.2833537,610,854,63962.49999999959,603.5696302410628,979.4748286168002,62379.455541141724,0.004308858331607281,0.00010766998730972935,0.00420118834429755,0.005130884321087752,-0.0026193706875262453,18,10
6N-0005,6N,FX,Long,2010-03-01,2010-05-03,Closed,2.0,2.0,12459282.2833537,45,63,4399.999999999992,35.09685905148024,38.748247376544185,4326.1548935719675,0.0003424120718326605,5.807347203927239e-06,0.0003366047246287332,0.00033726774639610376,-0.00021288967895698884,1,1
GF-0034,GF,Agriculture & livestock,Long,2010-03-01,2011-11-01,Closed,6.0,14.0,12459282.2833537,436,610,73500.00000000003,822.9987088007493,3408.984373721128,69268.01691747815,0.005117057978279034,0.00029484713312175314,0.004822210845157279,0.006011439961419382,-0.0011127434939881562,13,14
RS-0037,RS,Agriculture & livestock,Short,2010-03-01,2010-08-03,Closed,10.0,65.0,12459282.2833537,111,155,-67832.22139999998,828.5806086347372,649.4338432656783,-69310.2358519004,-0.0053476656881849905,0.0001152657074132817,-0.005462931395598272,0.0014557055690853618,-0.005462931395598272,4,2
ZC-0020,ZC,Agriculture & livestock,Short,2010-03-01,2010-04-01,Closed,1.0,1.0,12459282.2833537,23,31,1862.5,26.832272307401503,0.0,1835.6677276925984,0.0001458679906662276,2.1170217452037565e-06,0.00014375096892102384,0.0001447911740766288,-2.0939641063681598e-05,0,0
6B-0037,6B,FX,Long,2010-04-01,2010-05-03,Closed,1.0,1.0,12897369.694720913,22,32,-62.50000000000705,18.052635094623465,0.0,-80.55263509463052,-2.9555868607918076e-06,1.3885241490798491e-06,-4.344111009871642e-06,0.00011261805468208385,-3.774730454649575e-05,0,0
ZL-0037,ZL,Agriculture & livestock,Short,2010-04-01,2010-07-01,Closed,1.0,8.0,12897369.694720913,65,91,14399.999999999989,140.8444193160829,139.81253779038698,14119.343042893519,0.001115043595746978,2.1950171529822886e-05,0.001093093424217155,0.0010980084633096295,-5.087883905821e-05,2,2
ZN-0028,ZN,Government bonds,Short,2010-04-01,2010-05-03,Closed,11.0,11.0,12897369.694720913,22,32,-15984.375,357.8202741864958,0.0,-16342.195274186495,-0.0012061370535451665,2.752232558171889e-05,-0.001233659379126885,0.0008597070694065946,-0.0015740526581869366,0,0
6E-0011,6E,FX,Short,2010-05-03,2011-02-01,Closed,4.0,6.0,13105797.195482653,196,274,-43087.50000000003,184.41154982701835,170.05223556491018,-43441.963785391956,-0.0030422247539563275,2.569897970806917e-05,-0.003067923733664396,0.00433483053657764,-0.0038967491333071445,7,3
CC-0048,CC,Agriculture & livestock,Long,2010-05-03,2010-09-01,Closed,2.0,3.0,13105797.195482653,87,121,-15260.0,97.49538436410069,97.33465697752929,-15454.830041341631,-0.001160825931259032,1.4953922548667854e-05,-0.0011757798538076993,0.0,-0.0012586346977116968,2,2
GAS-0016,GAS,Energy,Long,2010-05-03,2010-06-01,Closed,2.0,2.0,13105797.195482653,21,29,-21700.0,92.43875071886677,92.42889789220379,-21884.86764861107,-0.0016580017342718986,1.4294635872430842e-05,-0.0016722963701443299,0.0,-0.002419908596212438,0,1
HE-0023,HE,Agriculture & livestock,Long,2010-05-03,2011-05-02,Closed,5.0,19.0,13105797.195482653,260,364,-26650.000000000036,479.5977226084304,1780.9324782672738,-28910.53020087574,-0.001942421414576156,0.00015995453267612204,-0.002102375947252279,0.0007967104129901248,-0.005691037046994325,8,7
KC-0041,KC,Agriculture & livestock,Short,2010-05-03,2010-07-01,Closed,1.0,4.0,13105797.195482653,43,59,-44024.99999999995,151.14620201195885,154.39191748629636,-44330.538119498204,-0.0034766187708515834,2.4055025493219693e-05,-0.0035006737963448028,0.0004554460942637362,-0.0035703112375915914,1,1
LE-0032,LE,Agriculture & livestock,Long,2010-05-03,2010-07-01,Closed,13.0,13.0,13105797.195482653,43,59,-20439.999999999996,316.7364683102268,168.94068295863192,-20925.677151268857,-0.0015716462147962159,3.7862973089823845e-05,-0.001609509187886039,0.0005027696079911845,-0.0022353365092260507,1,1
SB-0023,SB,Agriculture & livestock,Short,2010-05-03,2010-07-01,Closed,2.0,2.0,13105797.195482653,43,59,-3382.3999999999996,50.161913218493375,24.96419222344252,-3457.526105441935,-0.00027218739303401166,5.8623052855662654e-06,-0.00027804969831957794,0.0002237346133653523,-0.00027804969831957794,1,1
ZB-0026,ZB,Government bonds,Long,2010-05-03,2012-09-04,Closed,6.0,7.0,13105797.195482653,611,855,165343.75,1060.4368887124326,2296.955520415197,161986.3575908724,0.011008174646799991,0.0002279596679970867,0.010780214978802907,0.010958053871502437,-7.529782554500637e-05,11,10
ZC-0021,ZC,Agriculture & livestock,Short,2010-05-03,2010-06-01,Closed,2.0,2.0,13105797.195482653,21,29,1750.0,53.722490018272396,0.0,1696.2775099817277,0.000133250055244422,4.156118140738686e-06,0.00012909393710368335,0.00013119976208195372,-5.432030641062653e-05,0,0
ZN-0029,ZN,Government bonds,Long,2010-05-03,2010-11-01,Closed,5.0,5.0,13105797.195482653,130,182,37843.75,224.44381190724857,288.3784606787215,37330.927727414026,0.0029046822069723494,3.917392514926815e-05,0.0028655082818230815,0.003019505867622709,-6.225548866805775e-06,4,2
LLG-0033,LLG,Government bonds,Long,2010-05-04,2012-12-03,Closed,6.0,12.0,13117621.17172122,674,944,271275.446,944.5184048332721,2509.6101710667967,267821.31742409995,0.01857410842582149,0.00023351601695821198,0.018340592408863283,0.02008434425340743,-0.0003806600014869347,16,11
6B-0038,6B,FX,Short,2010-06-01,2011-02-01,Closed,4.0,11.0,12751184.887992311,175,245,-62831.249999999985,242.93628148808745,308.82631153430503,-63383.01259302238,-0.004620456396169797,3.964135923802748e-05,-0.004660097755407823,0.0005526520768509014,-0.004970340833682367,5,3
6N-0006,6N,FX,Long,2010-06-01,2012-03-01,Closed,4.0,14.0,12751184.887992311,457,639,208869.99999999994,622.2792690802366,836.4984423085682,207411.22228861114,0.014301721123522777,9.986700385380844e-05,0.014201854119668969,0.014283143700279397,-0.0006203508828529632,11,7
6S-0027,6S,FX,Short,2010-06-01,2010-07-01,Closed,1.0,1.0,12751184.887992311,22,30,-9375.000000000024,19.802697161781232,18.833141868993657,-9413.6358390308,-0.000740252752979817,3.0415694223068924e-06,-0.0007432943224021239,4.650830807260617e-05,-0.0007432943224021239,0,1
BRN-0027,BRN,Energy,Short,2010-06-01,2010-07-01,Closed,1.0,1.0,12751184.887992311,22,30,1289.9999999999982,23.440731986374566,23.319992230494574,1243.239275783129,0.00010301102267417625,3.6897782482980884e-06,9.932124442587817e-05,0.00010024829299546789,-0.00041630968840308645,0,1
CGB-0016,CGB,Government bonds,Long,2010-06-01,2011-05-02,Closed,5.0,13.0,12751184.887992311,239,335,20691.085999999952,332.6295655618377,567.5777831402208,19790.878651297895,0.0017827232178884724,6.345335699682582e-05,0.0017192698608916451,0.004201817278162744,-0.0005238022559061557,7,3
CL-0026,CL,Energy,Short,2010-06-01,2010-07-01,Closed,1.0,1.0,12751184.887992311,22,30,419.99999999998727,23.347595672979715,23.320292068425125,373.3321122585824,3.4808812972368376e-05,3.6801686196622935e-06,3.112864435270612e-05,8.898777340194335e-05,-0.00043512991000909057,0,1
GAS-0017,GAS,Energy,Short,2010-06-01,2010-07-01,Closed,2.0,2.0,12751184.887992311,22,30,5050.0,92.23536314647096,92.0124704982385,4865.752166355291,0.0003996735110280674,1.4521084327842325e-05,0.00038515242670022505,0.00038880559718424654,-0.000768387258549889,0,1
HO-0019,HO,Energy,Short,2010-06-01,2010-07-01,Closed,2.0,2.0,12751184.887992311,22,30,5073.599999999998,30.278483538249596,30.522306552628084,5012.79920990912,0.0004031293314880338,4.797739452606364e-06,0.0003983315920354271,0.00039953426510211745,-0.0011737065056033856,0,1
NKD-0030,NKD,Equity indices,Short,2010-06-01,2010-10-01,Closed,1.0,3.0,12751184.887992311,88,122,4650.0,140.2343430337932,92.95760409860803,4416.808052867599,0.0003574710324645121,1.7772355849065985e-05,0.00033969867661544606,0.0007984874640281933,-0.000276241854670877,3,2
RB-0005,RB,Energy,Short,2010-06-01,2010-07-01,Closed,2.0,2.0,12751184.887992311,22,30,-1848.0000000000055,30.771668188288977,30.775531739905496,-1909.5471999282,-0.00014244575351948958,4.8566224517371385e-06,-0.00014730237597122684,0.0,-0.0012278492475884205,0,1
SNK-0039,SNK,Equity indices,Short,2010-06-01,2010-07-01,Closed,2.0,2.0,12751184.887992311,22,30,6472.890000000001,101.64619678481056,99.10131472167964,6272.14248849351,0.0005114202579326074,1.5822033829726982e-05,0.0004955982241028805,0.0004996865731975781,-0.00044653945674080406,0,1
6S-0028,6S,FX,Long,2010-07-01,2012-01-03,Closed,7.0,8.0,12630096.05514504,393,551,97362.50000000012,317.4449702543523,347.1492878003519,96697.90574194542,0.00698131215417063,4.584282773360594e-05,0.006935469326437026,0.012329488931578673,-5.424991851688065e-05,11,6
BRN-0028,BRN,Energy,Long,2010-07-01,2010-08-02,Closed,3.0,3.0,12630096.05514504,22,32,24419.999999999993,70.4687487116986,70.98226463621478,24278.54898665208,0.0019191447906852202,1.1072167129085202e-05,0.001908072623556135,0.001910818738393272,-0.00021263591461247137,0,1
CL-0027,CL,Energy,Long,2010-07-01,2010-08-02,Closed,3.0,3.0,12630096.05514504,22,32,24090.000000000004,70.25112421708073,70.68351142479976,23949.065364358124,0.0018936765920726272,1.108426340222855e-05,0.0018825923286703986,0.0018853294878233083,-0.00023405222061705883,0,1
CT-0031,CT,Agriculture & livestock,Long,2010-07-01,2012-02-01,Closed,8.0,17.0,12630096.05514504,414,580,250764.99999999994,517.9289925252301,198.5797678280135,250048.49123964668,0.018153998673675613,4.910855923881687e-05,0.0181048901144368,0.021570636312526797,-0.001092741185275882,11,5
GAS-0018,GAS,Energy,Long,2010-07-01,2010-08-02,Closed,4.0,4.0,12630096.05514504,22,32,24100.0,185.1733170995911,185.39943892061112,23729.427243979797,0.00189301939587414,2.9040181943326145e-05,0.0018639792139308138,0.0018711970251999522,-0.0002860745999536871,0,1
HO-0020,HO,Energy,Long,2010-07-01,2010-08-02,Closed,2.0,2.0,12630096.05514504,22,32,15363.599999999984,30.763816242416233,30.913765958519466,15301.922417799049,0.001209050675241893,4.8276496562056595e-06,0.0012042230255856874,0.0012054331180453041,-0.00015469846517201063,0,1
KC-0042,KC,Agriculture & livestock,Long,2010-07-01,2011-08-01,Closed,3.0,4.0,12630096.05514504,282,396,40575.00000000004,302.1334231313727,270.99895009444754,40001.86762677421,0.0029505279811627588,3.9333215372674445e-05,0.0029111947657900843,0.006346193184855662,-0.000982335434628857,8,5
LE-0033,LE,Agriculture & livestock,Short,2010-07-01,2010-08-02,Closed,4.0,4.0,12630096.05514504,22,32,-3559.999999999991,97.90753968010031,0.0,-3657.9075396800913,-0.00028000191289758277,7.679167001698346e-06,-0.0002876810798992811,5.65319199269441e-05,-0.00044974670832161273,0,0
RB-0006,RB,Energy,Long,2010-07-01,2010-08-02,Closed,2.0,2.0,12630096.05514504,22,32,14053.2,30.60380245444068,31.225606060891195,13991.370591484669,0.0011077428336310584,4.839962452121834e-06,0.0011029028711789365,0.0011040802182173595,-0.00017683442647134102,0,1
SNK-0040,SNK,Equity indices,Long,2010-07-01,2010-08-02,Closed,4.0,4.0,12630096.05514504,22,32,8354.140000000007,207.69069099662238,0.0,8146.449309003385,0.000657852497823474,1.6289975009393317e-05,0.0006415625228140806,0.0010896400032493305,-8.176698189395209e-06,0,0
ZC-0022,ZC,Agriculture & livestock,Short,2010-07-01,2010-08-02,Closed,7.0,7.0,12630096.05514504,22,32,-6037.5,188.90889533403282,0.0,-6226.408895334032,-0.0004738201359853147,1.4817335575877652e-05,-0.0004886374715611924,0.0002803951899453762,-0.0005980568605322463,0,0
ZL-0038,ZL,Agriculture & livestock,Long,2010-07-01,2010-08-02,Closed,19.0,19.0,12630096.05514504,22,32,50387.99999999997,339.8203215919481,342.1265008165457,49706.05317759148,0.003958956737400832,5.337852665646178e-05,0.0039055782107443706,0.003918890093361022,-3.1786715620175866e-05,0,1
ZS-0034,ZS,Agriculture & livestock,Long,2010-07-01,2010-09-01,Closed,10.0,10.0,12630096.05514504,44,62,54475.0,275.5979629510153,390.54341087236617,53808.85862617662,0.004303473520339118,5.166240152953753e-05,0.00425181111880958,0.004932822564356642,-1.096312507140442e-05,1,2
BRN-0029,BRN,Energy,Short,2010-08-02,2010-10-01,Closed,1.0,2.0,12870041.26289071,44,60,-9390.000000000002,47.183073539414735,70.33165936935522,-9507.51473290877,-0.0006529922072719072,8.575540573614871e-06,-0.0006615677478455219,0.0006592198158003119,-0.0006615677478455219,1,2
CL-0028,CL,Energy,Short,2010-08-02,2010-12-01,Closed,2.0,3.0,12870041.26289071,87,121,-2469.999999999969,70.0698217563927,187.33306084683915,-2727.402882603201,-0.00010758685224408209,1.8401568247275954e-05,-0.0001259884204913582,0.00152753784863536,-0.0002294031215129264,2,4
GAS-0019,GAS,Energy,Short,2010-08-02,2010-09-01,Closed,4.0,4.0,12870041.26289071,22,30,16600.0,185.64610681141855,184.80657332240315,16229.547319866178,0.0012775669492346698,2.841200418042015e-05,0.0012491549450542496,0.0021084614139159205,-0.00042445918757143296,0,1
HO-0021,HO,Energy,Short,2010-08-02,2010-09-01,Closed,3.0,3.0,12870041.26289071,22,30,15775.199999999997,46.73038219658453,46.168415158590406,15682.301202644821,0.0012163332295001992,7.042639936352244e-06,0.0012092905895638472,0.002096362348679857,-0.0004730526545534328,0,1
KE-0019,KE,Agriculture & livestock,Long,2010-08-02,2011-08-01,Closed,9.0,9.0,12870041.26289071,260,364,24912.5,306.1514667921015,652.1647944829111,23954.183738724987,0.0018939063640808673,6.698371204162731e-05,0.001826922652039242,0.004626052428087091,-0.0008188737126793279,5,5
LE-0034,LE,Agriculture & livestock,Long,2010-08-02,2012-04-02,Closed,18.0,28.0,12870041.26289071,435,609,-24560.000000000047,1271.0065014865124,2932.6177252425464,-28763.62422672911,-0.0014125635723863366,0.0002888432971991729,-0.0017014068695855105,0.0041156119284812675,-0.0019042715839131213,12,10
SNK-0041,SNK,Equity indices,Short,2010-08-02,2010-10-01,Closed,3.0,8.0,12870041.26289071,44,60,-13626.0975,426.6424149276718,428.6185817721298,-14481.358496699802,-0.0009939333673672332,6.30689914746253e-05,-0.0010570023588418584,0.0010101488461516709,-0.0016438123324338141,1,1
ZC-0023,ZC,Agriculture & livestock,Long,2010-08-02,2012-02-01,Closed,13.0,19.0,12870041.26289071,392,548,109912.5,893.1787308127863,1167.258448258736,107852.06282092848,0.007997864522626253,0.00014066771633310245,0.007857196806293154,0.009442585065666257,-6.388532003659384e-05,11,7
ZL-0039,ZL,Agriculture & livestock,Short,2010-08-02,2010-09-01,Closed,19.0,19.0,12870041.26289071,22,30,11627.999999999993,344.03471224271334,341.4116113065411,10942.553676450738,0.0008651139995410947,5.1960930881183555e-05,0.000813153068659911,0.0012051403184264976,-0.0017205733400407507,0,1
ZW-0028,ZW,Agriculture & livestock,Long,2010-08-02,2011-06-01,Closed,6.0,6.0,12870041.26289071,217,303,-7262.5,162.8664875087146,439.3864412318396,-7864.752928740554,-0.0004229550004030193,4.202275707138415e-05,-0.00046497775747440345,0.0021305416497448514,-0.0015244041969380427,4,4
RS-0038,RS,Agriculture & livestock,Long,2010-08-03,2011-11-01,Closed,25.0,72.0,12940950.591982277,325,455,87838.02779999997,1129.2640412938854,2069.083122288364,84639.68063641772,0.006260794683724074,0.00021508246687213753,0.006045712216851937,0.008453391145049146,-0.0009612227151561755,11,6
CC-0049,CC,Agriculture & livestock,Short,2010-09-01,2011-02-01,Closed,15.0,16.0,13316510.166567622,109,153,-33460.0,392.609551434454,257.30109171377023,-34109.91064314823,-0.0022376811887147054,4.5172691198492085e-05,-0.0022828538799131966,0.0015657071109918988,-0.00248416279407088,3,1
FCE-0010,FCE,Equity indices,Short,2010-09-01,2010-10-01,Closed,8.0,8.0,13316510.166567622,22,30,-6364.164000000006,150.85823985913345,148.75541172679542,-6663.777651585935,-0.0005000681902070516,2.192192608951742e-05,-0.000521990116296569,0.0,-0.0012496792018380466,0,1
FESX-0013,FESX,Equity indices,Short,2010-09-01,2010-11-01,Closed,7.0,13.0,13316510.166567622,43,61,-21185.691,371.8649118886435,194.1939130041307,-21751.749824892773,-0.0015139458746001337,4.0446361568674413e-05,-0.0015543922361688077,0.00018842757336629448,-0.0020631446007077993,1,1
GAS-0020,GAS,Energy,Long,2010-09-01,2012-06-01,Closed,6.0,10.0,13316510.166567622,457,639,45050.0,832.0985828599962,5006.7370133562545,39211.164403783754,0.0035294575411534304,0.0003852214249937676,0.0031442361161596625,0.015303906806252902,-0.00030224664261641743,11,21
HG-0037,HG,Metals,Long,2010-09-01,2011-10-03,Closed,2.0,3.0,13316510.166567622,283,397,-34637.499999999956,139.49718697445653,351.1563018267809,-35128.153488801196,-0.0018862630218121072,3.179721210925731e-05,-0.0019180602339213654,0.004160820861145291,-0.0019180602339213654,6,5
HO-0022,HO,Energy,Long,2010-09-01,2010-11-01,Closed,4.0,4.0,13316510.166567622,43,61,33583.20000000003,63.53808943859775,126.85853593023494,33392.8033746312,0.0024622372284219232,1.3388343727930424e-05,0.002448848884693992,0.0029745897552339792,-2.339899575639452e-06,0,2
RB-0007,RB,Energy,Short,2010-09-01,2010-10-01,Closed,5.0,5.0,13316510.166567622,22,30,-44016.0,76.5373492802983,78.93770993324598,-44171.475059213546,-0.003172083216980727,1.1207587211126705e-05,-0.003183290804191854,0.0,-0.003183290804191854,0,1
YAP-0037,YAP,Equity indices,Short,2010-09-01,2011-02-01,Closed,6.0,7.0,13316510.166567622,109,153,-30676.3975,324.54954368171553,467.2396533875342,-31468.186697069246,-0.002207558227215336,5.582144248766875e-05,-0.002263379669703005,0.0,-0.002935871736365444,2,2
ZL-0040,ZL,Agriculture & livestock,Long,2010-09-01,2011-08-01,Closed,22.0,23.0,13316510.166567622,238,334,147810.00000000012,464.03815569789356,912.9436193922144,146433.01822491002,0.010502256893559615,9.448674500697505e-05,0.010407770148552641,0.011558324552616761,-1.5017468396374743e-05,7,7
BRN-0030,BRN,Energy,Long,2010-10-01,2010-11-01,Closed,6.0,6.0,14081891.827579204,21,31,2940.000000000011,142.17681165372147,143.41070548524033,2654.4124828610493,0.0002373031463946423,1.9683985723685864e-05,0.00021761916067095642,0.0005403145121166747,-0.0011792601741847826,0,1
FCE-0011,FCE,Equity indices,Long,2010-10-01,2010-12-01,Closed,11.0,11.0,14081891.827579204,43,61,6914.519500000011,209.44925054851396,369.8324406605956,6335.237808790902,0.0005442892526154805,3.9670760164202924e-05,0.0005046184924512771,0.0023605224387391334,-0.00045813298850542496,1,2
SB-0024,SB,Agriculture & livestock,Long,2010-10-01,2012-01-03,Closed,11.0,13.0,14081891.827579204,327,459,100060.7999999999,608.0961053865126,405.23831185020856,99047.46558276318,0.006990257551519033,6.672933268245574e-05,0.006923528218836576,0.008366118147517929,-0.000334897773877026,7,4
ZS-0035,ZS,Agriculture & livestock,Long,2010-10-01,2011-07-01,Closed,3.0,3.0,14081891.827579204,195,273,36300.0,108.43881356864463,302.75840136943185,35888.802785061926,0.002554766829565556,2.7028335303526185e-05,0.002527738494262031,0.003500066178200844,-3.497392587379678e-05,4,5
FESX-0014,FESX,Equity indices,Long,2010-11-01,2010-12-01,Closed,11.0,11.0,14731299.7076104,22,30,-15098.534000000005,314.06974492961297,0.0,-15412.603744929618,-0.0010017562287544888,2.1307421896171168e-05,-0.00102306365065066,0.0005925833954002735,-0.0016786431132720108,0,0
HO-0023,HO,Energy,Short,2010-11-01,2010-12-01,Closed,3.0,3.0,14731299.7076104,22,30,-13318.199999999984,48.01544556045688,47.121053446118125,-13413.33649900656,-0.0008969375675471007,6.462921657372484e-06,-0.0009034004892044731,0.00024437883732920257,-0.0013829680329913395,0,1
RB-0008,RB,Energy,Short,2010-11-01,2010-12-01,Closed,3.0,3.0,14731299.7076104,22,30,-33730.200000000004,45.922535664764595,46.75213911816525,-33822.874674782935,-0.002281575534055126,6.295805336701684e-06,-0.002287871339391828,0.0,-0.002287871339391828,0,1
6M-0025,6M,FX,Long,2010-12-01,2011-01-03,Closed,13.0,13.0,14748937.408821663,23,33,7149.999999999979,222.64041135226557,230.18509575856723,6697.174492889146,0.00047279526224393515,3.0257539484659696e-05,0.00044253772275927545,0.0004497903466408639,-0.00023854826905349129,0,1
BRN-0031,BRN,Energy,Long,2010-12-01,2012-06-01,Closed,2.0,7.0,14748937.408821663,392,548,19020.00000000006,258.5339722955554,1538.7856864439107,17222.680341260595,0.0015678162040791766,0.00011633439068428237,0.001451481813394898,0.013344655388380925,-1.5860282251156163e-06,8,18
CL-0029,CL,Energy,Long,2010-12-01,2011-10-03,Closed,2.0,4.0,14748937.408821663,218,306,-50000.000000000044,116.67714299510747,469.45087179710134,-50586.12801479225,-0.003113809031597886,3.7946349099952544e-05,-0.0031517553806978387,0.0016004773923151638,-0.0031517553806978387,4,10
FCE-0012,FCE,Equity indices,Short,2010-12-01,2011-02-01,Closed,5.0,9.0,14748937.408821663,44,62,-36000.22750000002,171.81990296953848,265.72985665661383,-36437.77725962618,-0.0023772498732134995,2.9024327000531953e-05,-0.002406274200214031,0.0,-0.002406274200214031,1,2
FESX-0015,FESX,Equity indices,Short,2010-12-01,2011-02-01,Closed,7.0,11.0,14748937.408821663,44,62,-35639.28899999999,314.0049122885473,196.0625628024155,-36149.35647509095,-0.002349666247735638,3.3911379656455194e-05,-0.0023835776273920923,0.0,-0.0023835776273920923,1,1
HO-0024,HO,Energy,Long,2010-12-01,2012-04-02,Closed,2.0,7.0,14748937.408821663,348,488,112816.19999999991,172.54245950995363,798.4993341001455,111845.15820638982,0.00761658161735733,6.302515513392276e-05,0.0075535564622234075,0.008965638325650704,-1.072680704131126e-06,8,16
RB-0009,RB,Energy,Long,2010-12-01,2012-07-02,Closed,2.0,6.0,14748937.408821663,413,579,62479.19999999982,138.34776179441207,925.4443013530064,61415.4079368524,0.004329010409221068,6.906168733741314e-05,0.004259948721883654,0.0122431870141753,-2.1025832304376254e-05,9,19
SNK-0042,SNK,Equity indices,Short,2010-12-01,2011-01-04,Closed,1.0,1.0,14748937.408821663,24,34,-2394.49,53.54349219700764,53.17160603919949,-2501.205098236207,-0.00015958348008812527,7.134181692562457e-06,-0.00016671766178068777,0.0,-0.00016671766178068777,0,1
ZF-0026,ZF,Government bonds,Long,2010-12-01,2012-06-01,Closed,5.0,47.0,14748937.408821663,392,548,68804.50000000045,1049.2694625032764,1864.8692140412204,65890.36132345596,0.004451066286118556,0.00018959109159118643,0.004261475194527371,0.005807561327738368,-0.0009942364364578832,11,6
ZN-0030,ZN,Government bonds,Long,2010-12-01,2011-03-01,Closed,1.0,2.0,14748937.408821663,64,90,-2343.75,63.30979463850719,31.727679837163997,-2438.7874744756714,-0.00015724852725804573,6.1850621870392714e-06,-0.00016343358944508502,3.2129257684522934e-05,-0.0003132279685975015,2,1
ZT-0024,ZT,Government bonds,Long,2011-01-03,2011-05-02,Closed,7.0,7.0,15288649.322445646,85,119,2109.3700000000126,153.945993482938,108.68991074489105,1846.7340957721835,0.00013378021221374463,1.6926395336467268e-05,0.00011685381687727736,0.00018972415114902865,-0.00025043859530847923,3,1
6B-0039,6B,FX,Long,2011-02-01,2011-10-03,Closed,7.0,8.0,15313784.065666735,174,244,-35549.99999999999,189.22391794961086,433.1953243566679,-36172.41924230627,-0.0022482698472679067,4.005497056573361e-05,-0.00228832481783364,0.0015962796199330213,-0.0026530306935144883,2,3
6E-0012,6E,FX,Long,2011-02-01,2011-10-03,Closed,3.0,4.0,15313784.065666735,174,244,-25487.49999999998,73.85717087620502,171.2733955084953,-25732.630566384683,-0.001594219084445775,1.5763521592420115e-05,-0.0016099826060381945,0.0024643312831644382,-0.0016099826060381945,2,3
CC-0050,CC,Agriculture & livestock,Long,2011-02-01,2011-04-01,Closed,2.0,4.0,15313784.065666735,43,59,-18160.0,95.99037212904629,49.03958761710053,-18305.029959746145,-0.0011660545295353248,9.328818857814122e-06,-0.001175383348393139,0.0006817658700022251,-0.0013220673356049988,1,1
FCE-0013,FCE,Equity indices,Long,2011-02-01,2011-09-01,Closed,7.0,7.0,15313784.065666735,152,212,-47676.45350000002,213.71478098768313,838.653598406863,-48728.82187939456,-0.0029750152236727445,6.75348378761961e-05,-0.00304255006154894,0.0005096035332859623,-0.0045084845899966645,4,7
FESX-0016,FESX,Equity indices,Long,2011-02-01,2011-09-01,Closed,8.0,8.0,15313784.065666735,152,212,-47502.853,294.6884690286015,472.18722593251243,-48269.728694961115,-0.002990027521874357,4.96242618557534e-05,-0.0030396517837301103,0.00045140108529872553,-0.0037010667353843986,3,2
NKD-0031,NKD,Equity indices,Long,2011-02-01,2011-03-01,Closed,8.0,8.0,15313784.065666735,20,28,10600.0,388.2347287206485,0.0,10211.765271279352,0.0007011861051252299,2.505889861513724e-05,0.0006761272065100928,0.0014032879190071803,-1.2751149205874332e-05,0,0
SNK-0043,SNK,Equity indices,Long,2011-02-01,2011-04-01,Closed,8.0,8.0,15313784.065666735,43,59,11523.629999999994,438.2510848109825,107.22397789683384,10978.154937292176,0.000758311744903522,3.5119192428711414e-05,0.0007231925524748107,0.0018416054513350284,-0.00013830848042892046,1,1
YAP-0038,YAP,Equity indices,Long,2011-02-01,2011-03-01,Closed,1.0,1.0,15313784.065666735,20,28,2589.0775000000003,48.7515256933338,0.0,2540.3259743066665,0.00016977249275642263,3.1463134433668385e-06,0.00016662617931305574,0.00032356527880061866,-1.5844252112925642e-06,0,0
6M-0026,6M,FX,Long,2011-03-01,2011-04-01,Closed,18.0,18.0,15678445.894223608,23,31,19349.999999999993,312.2768582458561,336.02592438724645,18701.69721736689,0.0012308455691598023,4.1480660779122895e-05,0.0011893649083806793,0.0011992726891978734,-0.00010660145949543346,0,1
YAP-0039,YAP,Equity indices,Short,2011-03-01,2011-05-02,Closed,4.0,4.0,15678445.894223608,44,62,1038.6175000000053,198.92795618049993,186.43992864090828,653.2496151785971,5.232335767624372e-05,2.4814767682821968e-05,2.7508589993421575e-05,0.0018542241340634418,-0.0008704082972742258,1,1
CC-0051,CC,Agriculture & livestock,Short,2011-04-01,2011-05-02,Closed,4.0,4.0,15761488.79402484,21,31,-14480.0,98.0852697563917,97.92535475228419,-14676.010624508675,-0.0009091733084255912,1.2314800731612563e-05,-0.0009214881091572037,9.035507806309932e-05,-0.0010396621216048588,0,1
FGBS-0011,FGBS,Government bonds,Short,2011-04-01,2011-08-01,Closed,19.0,29.0,15761488.79402484,86,122,-55201.51700000014,600.8761358548406,636.3043526147719,-56438.697488469756,-0.0035010614531110268,7.85697613754647e-05,-0.003579631214486492,0.0003139912470149874,-0.003579631214486492,2,1
FSMI-0012,FSMI,Equity indices,Short,2011-04-01,2011-05-02,Closed,2.0,2.0,15761488.79402484,21,31,-4091.8360000000002,53.923495102066966,0.0,-4145.759495102067,-0.0002566212057494932,3.3762605801749317e-06,-0.0002599974663296681,0.00019587312501526949,-0.00026395769496211915,0,0
NKD-0032,NKD,Equity indices,Short,2011-04-01,2011-05-02,Closed,1.0,1.0,15761488.79402484,21,31,-825.0,46.74205618002245,0.0,-871.7420561800225,-5.095205522901888e-05,2.92874667321817e-06,-5.3880801902237015e-05,9.924740401239242e-05,-5.3880801902237015e-05,0,0
SNK-0044,SNK,Equity indices,Short,2011-04-01,2011-06-01,Closed,1.0,1.0,15761488.79402484,43,61,-22.082500000000522,54.25086774526084,0.0,-76.33336774526137,1.5805124519648128e-06,3.434324119005017e-06,-1.853811667040215e-06,0.000113432868906524,-0.00012600211891077755,0,0
CC-0052,CC,Agriculture & livestock,Long,2011-05-02,2011-06-01,Closed,7.0,7.0,16162239.649660794,22,30,-23660.0,171.56197758145993,0.0,-23831.56197758146,-0.0014876525192378282,1.0723822787453931e-05,-0.0014983763420252823,0.0,-0.0018938502665026865,0,0
FGBM-0018,FGBM,Government bonds,Short,2011-05-02,2011-07-01,Closed,8.0,8.0,16162239.649660794,44,60,-21877.512000000082,259.40616087721605,252.05257058735046,-22388.97073146465,-0.0013922137381343687,3.240493685796587e-05,-0.0014246186749923345,0.00026427942096692703,-0.002532515261532567,0,1
FSMI-0013,FSMI,Equity indices,Long,2011-05-02,2011-08-02,Closed,7.0,7.0,16162239.649660794,66,92,-58800.873999999996,198.44997667056325,198.92850053612838,-59198.25247720669,-0.003715082240725285,2.53573075234434e-05,-0.003740439548248728,0.0002329483187418524,-0.003740439548248728,1,1
HE-0024,HE,Agriculture & livestock,Short,2011-05-02,2011-07-01,Closed,9.0,9.0,16162239.649660794,44,60,9300.000000000011,218.77464357078077,145.54892619598405,8935.676430233245,0.0005827050743350833,2.311836839771549e-05,0.0005595867059373677,0.0018313977402324897,-6.815697709030477e-06,1,1
YAP-0040,YAP,Equity indices,Long,2011-05-02,2011-08-01,Closed,1.0,2.0,16162239.649660794,65,91,-11900.362500000001,101.7438341748585,48.164577284565986,-12050.270911459425,-0.000753959949960301,9.525359697714864e-06,-0.0007634853096580159,0.0,-0.0010789122919661798,1,1
6M-0027,6M,FX,Long,2011-06-01,2011-10-03,Closed,15.0,15.0,15830680.207092648,88,124,-23612.50000000001,286.72978636039437,325.9238863768131,-24225.153672737215,-0.0014896502339732485,3.919230631114302e-05,-0.0015288425402843913,0.000383235177198457,-0.001547328157619072,3,2
CGB-0017,CGB,Government bonds,Long,2011-06-01,2012-06-01,Closed,5.0,18.0,15830680.207092648,262,366,141597.65600000008,536.0971856696895,1343.0134193993722,139718.54539493102,0.009120341493163433,0.00012129972391432817,0.008999041769249105,0.009014739707842556,-0.00037292795828194387,5,4
FGBL-0019,FGBL,Government bonds,Short,2011-06-01,2011-07-01,Closed,6.0,6.0,15830680.207092648,22,30,-814.2000000000043,184.116810356501,186.38069030172855,-1184.6975006582338,-4.351754771883241e-05,2.3603649045004398e-05,-6.712119676383684e-05,0.00044534587322953354,-0.00119325202887041,0,1
FGBX-0009,FGBX,Government bonds,Short,2011-06-01,2011-09-01,Closed,2.0,2.0,15830680.207092648,66,92,-11312.587999999987,110.4430594181242,117.6753397867976,-11540.70639920491,-0.0006968405675083218,1.4521314036560965e-05,-0.0007113618815448826,0.000572533771406718,-0.0008429095180428875,1,1
SNK-0045,SNK,Equity indices,Long,2011-06-01,2011-09-01,Closed,4.0,6.0,15830680.207092648,66,92,-28812.890000000018,341.35937651804045,221.7945872151185,-29376.043963733176,-0.0018453656872088797,3.581324841211639e-05,-0.0018811789356209955,0.0007172681187653631,-0.0029562506739967747,1,1
ZN-0031,ZN,Government bonds,Long,2011-06-01,2012-06-01,Closed,6.0,25.0,15830680.207092648,262,366,151390.625,836.7876547122451,1723.3431364886799,148830.49420879906,0.00979345869767065,0.00016578036375461945,0.009627678333916034,0.009644122129669377,-0.0005258854129454685,5,4
CC-0053,CC,Agriculture & livestock,Long,2011-07-01,2011-10-03,Closed,6.0,8.0,15650633.813270438,66,94,-44160.0,193.52250799479728,199.1475997254507,-44552.67010772025,-0.0027953611365251906,2.5181557029147473e-05,-0.002820542693554339,0.0002704446140927999,-0.002820542693554339,1,1
FGBL-0020,FGBL,Government bonds,Long,2011-07-01,2011-09-01,Closed,4.0,4.0,15650633.813270438,44,62,56176.380000000056,121.8937241755664,0.0,56054.48627582449,0.0035507323337571335,7.76146206432214e-06,0.003542970871692811,0.0037158545831820957,-3.942566271946978e-06,0,0
FGBM-0019,FGBM,Government bonds,Long,2011-07-01,2012-03-01,Closed,6.0,10.0,15650633.813270438,174,244,77968.05499999995,415.96380551082103,267.9549327423582,77284.13626174677,0.005014132313047308,4.439229689897435e-05,0.004969740016148331,0.005195839150723825,-1.1546897911859253e-05,5,2
HE-0025,HE,Agriculture & livestock,Long,2011-07-01,,Open,5.0,31.0,15650633.813270438,913,1279,426020.00000000006,1875.886327305988,10216.591884711524,413927.52178798255,0.024914824519944857,0.0007183507918553346,0.02419647372808951,0.02733313150236027,-0.0050832505450828114,30,25
NKD-0033,NKD,Equity indices,Long,2011-07-01,2011-09-01,Closed,5.0,8.0,15650633.813270438,44,62,-37175.0,383.5979409265218,0.0,-37558.59794092652,-0.0023448187277844805,2.43570245352712e-05,-0.0023691757523197515,0.0003415294684441537,-0.0033056815440850604,1,0
ZW-0029,ZW,Agriculture & livestock,Short,2011-07-01,2012-08-01,Closed,3.0,18.0,15650633.813270438,283,397,-42312.5,571.6100206814456,1022.5754667856421,-43906.68548746709,-0.0028198556746374054,0.00010385173072336043,-0.0029237074053607656,0.0035761634558875294,-0.0033434850551297673,9,5
FGBS-0012,FGBS,Government bonds,Long,2011-08-01,2012-03-01,Closed,9.0,37.0,15886569.384429682,153,213,29931.292500000043,872.8277923600659,358.12283044344605,28700.341877196533,0.0019424078535835816,7.999489802219004e-05,0.00186241295556139,0.002014272731978516,-5.877680157563506e-06,5,2
KE-0020,KE,Agriculture & livestock,Short,2011-08-01,2011-09-01,Closed,5.0,5.0,15886569.384429682,23,31,-19062.5,140.80742407686168,142.11923884213982,-19345.426662919002,-0.001236699416612443,1.79298958967453e-05,-0.0012546293125091882,0.0002571418542602785,-0.0016621624498382532,0,1
SI-0026,SI,Metals,Long,2011-08-01,2011-09-01,Closed,1.0,1.0,15886569.384429682,23,31,10785.000000000036,47.589988899828015,48.388013192380555,10689.021997907828,0.0006900402675438218,6.08257827165258e-06,0.0006839576892721692,0.0012807324935675771,-0.00046908968009917105,0,1
YAP-0041,YAP,Equity indices,Short,2011-08-01,2012-05-01,Closed,3.0,5.0,15886569.384429682,196,274,3619.165000000006,348.01405139350373,494.2913172458264,2776.8596313606754,0.00016775408644270588,5.472725279227639e-05,0.00011302683365042845,0.0025862921721576775,-4.853378844377081e-06,5,3
FSMI-0014,FSMI,Equity indices,Short,2011-08-02,2011-12-01,Closed,3.0,3.0,15879839.766571214,87,121,-2445.977999999997,107.60603945677572,52.33818025972471,-2605.9222197164972,-0.00017668172499745013,1.0259834659990968e-05,-0.0001869415596574411,0.0019585862631166426,-0.0003736133013816527,2,1
FCE-0014,FCE,Equity indices,Short,2011-09-01,2012-04-02,Closed,3.0,14.0,15761116.940909835,152,214,-49640.281,264.76731207092894,1126.5203857477406,-51031.56869781867,-0.0032157523169221826,9.104717080389747e-05,-0.0033067994877260787,0.0013050634833792808,-0.004859621982401355,3,7
FDAX-0017,FDAX,Equity indices,Short,2011-09-01,2012-07-02,Closed,1.0,3.0,15761116.940909835,217,305,-51941.856250000004,102.05716636628368,310.80715535675466,-52354.720571723046,-0.0034229565563449115,2.7067131362455622e-05,-0.0034500236877073663,0.0014194532649265273,-0.007719466713760832,2,4
FESX-0017,FESX,Equity indices,Short,2011-09-01,2012-03-01,Closed,3.0,16.0,15761116.940909835,130,182,-49437.272999999994,451.7029975079138,335.995256143815,-50224.971253651725,-0.0032204055052508155,5.1358351501638145e-05,-0.0032717638567524533,0.0007900001462432085,-0.0032970798092321176,3,2
FGBX-0010,FGBX,Government bonds,Long,2011-09-01,2013-01-02,Closed,2.0,7.0,15761116.940909835,349,489,184260.22400000013,531.6715219945146,1088.9172055951894,182639.63527241044,0.011941143149498169,0.00010580145082670865,0.011835341698671462,0.01361793698772565,-3.5918405618149403e-06,9,6
KC-0043,KC,Agriculture & livestock,Long,2011-09-01,2011-11-01,Closed,1.0,1.0,15761116.940909835,43,61,-24787.499999999975,37.42842936016009,0.0,-24824.928429360134,-0.001587918619209694,2.425575375448261e-06,-0.0015903441945851425,0.0,-0.0015938336885228655,0,0
LFT-0019,LFT,Equity indices,Short,2011-09-01,2012-03-01,Closed,1.0,8.0,15761116.940909835,130,182,-48294.22149999998,173.33413375173905,61.51844035153202,-48529.07407410325,-0.003143498777020534,1.5336404429568523e-05,-0.003158835181450103,0.0005833898240647174,-0.0032039322271641647,2,2
NKD-0034,NKD,Equity indices,Short,2011-09-01,2011-10-03,Closed,1.0,1.0,15761116.940909835,22,32,2850.0,47.26798690864504,46.33696846090746,2756.3950446304475,0.00018171332604469454,5.982330439671885e-06,0.00017573099560502266,0.0001800486042405604,-1.5262840482096454e-06,0,1
SNK-0046,SNK,Equity indices,Short,2011-09-01,2012-03-01,Closed,4.0,8.0,15761116.940909835,130,182,-31781.57250000001,566.2518836295463,686.2267767863168,-33034.051160415875,-0.002101698716690601,8.137108844961363e-05,-0.002183069805140214,0.0015980391936362098,-0.002365610495393538,4,2
ZS-0036,ZS,Agriculture & livestock,Long,2011-09-01,2011-10-03,Closed,3.0,3.0,15761116.940909835,22,32,-38550.0,82.05162304623583,0.0,-38632.05162304624,-0.0024757166521065473,5.286187858912088e-06,-0.0024810028399654595,0.0001045291714222888,-0.0024810028399654595,0,0
6M-0028,6M,FX,Short,2011-10-03,2012-09-04,Closed,8.0,32.0,15290792.773358343,241,337,-61862.49999999997,564.0837410530655,1491.0913721692154,-63917.67511322225,-0.004053672555990412,0.00013540629569314962,-0.004189078851683564,0.00217507894300901,-0.007102436828007665,6,3
CC-0054,CC,Agriculture & livestock,Short,2011-10-03,2012-12-03,Closed,1.0,21.0,15290792.773358343,305,427,-28790.0,913.6619063191564,1867.9815158290417,-31571.643422148198,-0.001815825578866088,0.0001834110381148961,-0.0019992366169809847,0.004037495860608176,-0.004353597963541671,10,6
CL-0030,CL,Energy,Short,2011-10-03,2011-12-01,Closed,2.0,2.0,15290792.773358343,43,59,-44299.99999999999,47.03500705109785,93.95336421121269,-44440.988371262305,-0.0029130657095309703,9.266709548892942e-06,-0.002922332419079863,0.0002527710352686303,-0.003262495646584105,0,2
EMD-0008,EMD,Equity indices,Short,2011-10-03,2011-11-01,Closed,1.0,1.0,15290792.773358343,21,29,-12339.999999999998,23.998398561156648,0.0,-12363.998398561154,-0.0008094176164458809,1.579067288784914e-06,-0.0008109966837346658,0.0,-0.0011286232487083682,0,0
ES-0016,ES,Equity indices,Short,2011-10-03,2011-11-01,Closed,2.0,2.0,15290792.773358343,21,29,-13825.0,53.75897580124726,0.0,-13878.758975801247,-0.000906515362675928,3.5371023192236383e-06,-0.0009100524649951516,0.0,-0.001293117434097788,0,0
FGBL-0021,FGBL,Government bonds,Long,2011-10-03,2012-03-01,Closed,3.0,5.0,15290792.773358343,108,150,8794.827000000025,144.19975419572677,87.20806812149418,8563.419177682805,0.0005983885592271948,1.5162930419628076e-05,0.0005832256288075666,0.0009189435262487822,-0.001087983106548157,1,1
HG-0038,HG,Metals,Short,2011-10-03,2012-08-01,Closed,1.0,6.0,15290792.773358343,217,303,-13537.500000000024,168.05854162024414,493.49664925290995,-14199.055190873178,-0.0008483363418390255,4.318145580539214e-05,-0.0008915177976444157,0.000698656668625357,-0.004985608961435086,4,4
HTW-0019,HTW,Equity indices,Short,2011-10-03,2012-03-01,Closed,8.0,26.0,15290792.773358343,108,150,-94180.00000000001,631.3326953839339,2114.579595134803,-96925.91229051874,-0.006180098666509705,0.00018002787001846472,-0.006360126536528171,0.0018357210088766913,-0.006360126536528171,3,5
KE-0021,KE,Agriculture & livestock,Short,2011-10-03,2012-08-01,Closed,5.0,18.0,15290792.773358343,217,303,-48825.0,504.5944207152919,1310.667969619524,-50640.262390334814,-0.0032889041597102065,0.00011872813204395444,-0.0034076322917541615,0.0044818229846839315,-0.004158204033713684,5,4
RTY-0010,RTY,Equity indices,Short,2011-10-03,2011-11-01,Closed,2.0,2.0,15290792.773358343,21,29,-11440.000000000011,31.635532475544956,0.0,-11471.635532475555,-0.0007502433932012696,2.0815154384241274e-06,-0.0007523249086396938,0.0,-0.001049136244257235,0,0
SXF-0013,SXF,Equity indices,Short,2011-10-03,2012-06-01,Closed,2.0,6.0,15290792.773358343,174,242,22297.440000000046,425.973841902962,160.4619790765899,21711.004179020492,0.0014308703428635235,3.8178916965734706e-05,0.001392691425897789,0.0021640583111900715,-0.003953257396269195,3,2
ZL-0041,ZL,Agriculture & livestock,Short,2011-10-03,2014-01-02,Closed,10.0,31.0,15290792.773358343,588,822,134364.00000000006,1174.7041238500058,4221.433825942573,128967.86205020748,0.007719227784596549,0.0003281315808187553,0.007391096203777792,0.007422970926896295,-0.003338691907789382,20,18
ZM-0029,ZM,Agriculture & livestock,Short,2011-10-03,2012-04-02,Closed,8.0,26.0,15290792.773358343,130,182,-126279.99999999999,620.7277648585278,925.5523840259386,-127826.28014888446,-0.008191129534091771,0.00010126158267440645,-0.008292391116766178,0.002287856894597115,-0.008292391116766178,3,3
ZS-0037,ZS,Agriculture & livestock,Short,2011-10-03,2012-04-02,Closed,4.0,15.0,15290792.773358343,130,182,-138562.5,524.1086585690502,644.3848492430624,-139730.99350781212,-0.009010253473160179,7.659698609791507e-05,-0.009086850459258092,0.001573492690289337,-0.009086850459258092,4,3
6B-0040,6B,FX,Long,2011-11-01,2011-12-01,Closed,9.0,9.0,15107587.553805903,22,30,-15299.999999999936,172.47021951194253,0.0,-15472.470219511879,-0.0009974290523292407,1.1373896906150133e-05,-0.001008802949235391,0.0005780129727472674,-0.001932425082944977,0,0
6C-0022,6C,FX,Long,2011-11-01,2011-12-01,Closed,5.0,5.0,15107587.553805903,22,30,1599.9999999999895,84.12298162381997,0.0,1515.8770183761696,0.00010905568518869863,5.547703972667623e-06,0.00010350798121603108,0.0002963931818280233,-0.0009760951208989117,0,0
6E-0013,6E,FX,Long,2011-11-01,2012-01-03,Closed,3.0,5.0,15107587.553805903,45,63,-34662.49999999997,94.51296424305436,99.4516029620086,-34856.46456720503,-0.0022695599822801097,1.274897445982042e-05,-0.0022823089567399297,0.0003253772035871509,-0.00275598228952827,1,1
EMD-0009,EMD,Equity indices,Long,2011-11-01,2011-12-01,Closed,2.0,2.0,15107587.553805903,22,30,3100.000000000001,49.11700255119904,0.0,3050.8829974488017,0.00020849164550096284,3.2390232337935654e-06,0.00020525262226716928,0.0005583624544255207,-0.0007041534325068092,0,0
ES-0017,ES,Equity indices,Long,2011-11-01,2012-01-03,Closed,3.0,6.0,15107587.553805903,45,63,13275.0,161.99221232815955,162.0538623699205,12950.95392530192,0.0008775157401743535,2.1284286787052502e-05,0.000856231453387301,0.0008615845151882798,-0.0006996650578953073,1,1
NG-0026,NG,Energy,Short,2011-11-01,2013-03-01,Closed,3.0,10.0,15107587.553805903,348,486,103589.99999999996,512.020818508577,2741.9797029318247,100335.99947855955,0.0067148578282343625,0.00021246227300389977,0.006502395555230463,0.010935002828461845,-6.294995731262693e-06,9,16
PA-0009,PA,Metals,Short,2011-11-01,2012-10-01,Closed,1.0,8.0,15107587.553805903,239,335,26819.999999999985,271.33820995808446,625.5175634713044,25923.144226570595,0.0018606657332349242,5.8592210360927656e-05,0.001802073522873999,0.005112754122271411,-0.002805023018661117,5,4
RS-0039,RS,Agriculture & livestock,Short,2011-11-01,2012-01-03,Closed,42.0,70.0,15107587.553805903,45,63,-19828.451999999997,861.9436610682011,928.3859489115537,-21618.781609979753,-0.0013044851046573047,0.0001176336869653825,-0.001422118791622687,0.0013736729712585092,-0.001422118791622687,1,1
RTY-0011,RTY,Equity indices,Long,2011-11-01,2011-12-01,Closed,5.0,5.0,15107587.553805903,22,30,3349.9999999999927,79.58572550145688,0.0,3270.4142744985356,0.0002254502873148421,5.248506252141778e-06,0.00022020178106270014,0.0005639891902828229,-0.0008913277401072395,0,0
6B-0041,6B,FX,Short,2011-12-01,2012-01-03,Closed,2.0,2.0,15219516.406737858,23,33,400.00000000001114,37.7394066067081,37.833006161806836,324.4275872314962,2.6981880875895844e-05,4.962117409770335e-06,2.2019763466125508e-05,0.00023342459814399067,-9.31822749528736e-06,0,1
CL-0031,CL,Energy,Long,2011-12-01,2012-01-03,Closed,4.0,4.0,15219516.406737858,23,33,10360.000000000013,94.75137653490074,95.3355880822105,10169.9130353829,0.0006851167355603941,1.2467725490312653e-05,0.0006726490100700813,0.0006757710913488784,-0.0017492402360535482,0,1
EMD-0010,EMD,Equity indices,Short,2011-12-01,2012-03-01,Closed,1.0,3.0,15219516.406737858,65,91,-27929.99999999999,75.91812577926906,24.4015676992047,-28030.319693478465,-0.0018181921193823995,6.572510895045937e-06,-0.0018247646302774457,0.0002576903664378592,-0.0018247646302774457,2,1
SI-0027,SI,Metals,Long,2011-12-01,2012-01-03,Closed,1.0,1.0,15219516.406737858,23,33,-15934.999999999989,47.65625635753132,0.0,-15982.65625635752,-0.0010446320271531042,3.134457460313568e-06,-0.0010477664846134176,0.0,-0.0018148248670325697,0,0
6C-0023,6C,FX,Short,2012-01-03,2012-09-04,Closed,6.0,23.0,15188745.494627511,175,245,-31809.999999999927,519.3572326108261,522.6065278875692,-32851.96376049832,-0.002077417949113657,6.862463406962437e-05,-0.002146042583183282,0.00340963216720373,-0.002146042583183282,5,2
6E-0014,6E,FX,Short,2012-01-03,2012-02-01,Closed,1.0,1.0,15188745.494627511,21,29,-1187.49999999998,18.73328722295226,0.0,-1206.2332872229322,-7.730452182668728e-05,1.2253638973252257e-06,-7.852988572401252e-05,0.0003187897452960639,-0.00011851192201986263,0,0
CL-0032,CL,Energy,Short,2012-01-03,2012-02-01,Closed,4.0,4.0,15188745.494627511,21,29,22000.0,94.90947181175,94.6832178098663,21810.407310378385,0.001441091632556833,1.2411602271200297e-05,0.0014286800302856326,0.0014317642347353727,-7.1314335143334e-05,0,1
ES-0018,ES,Equity indices,Short,2012-01-03,2012-02-01,Closed,6.0,6.0,15188745.494627511,21,29,-14325.0,162.77309483890352,0.0,-14487.773094838903,-0.0009283972879544322,1.0643979910614765e-05,-0.0009390412678650469,0.0,-0.0009474750881670853,0,0
FSMI-0015,FSMI,Equity indices,Short,2012-01-03,2012-03-01,Closed,9.0,9.0,15188745.494627511,42,58,-7928.211000000001,235.65245520497356,0.0,-8163.863455204974,-0.000484142418553078,1.5446892412649005e-05,-0.000499589310965727,0.0006632905035801983,-0.000835159730595053,1,0
KC-0044,KC,Agriculture & livestock,Short,2012-01-03,2014-03-03,Closed,7.0,14.0,15188745.494627511,564,790,239156.25000000058,1062.2347392760457,3125.1682259909026,234968.84703473363,0.016169247830222822,0.00025024366384880507,0.01591900416637402,0.024308135681384416,-0.0013196338937466875,14,11
SB-0025,SB,Agriculture & livestock,Short,2012-01-03,2012-03-01,Closed,3.0,3.0,15188745.494627511,42,58,-3695.9999999999936,76.41101577727403,75.52137455510884,-3847.932390332376,-0.00023952947173462255,9.94612759056074e-06,-0.0002494755993251833,0.00030029198905675555,-0.0004366671057269363,0,1
SI-0028,SI,Metals,Short,2012-01-03,2012-02-01,Closed,2.0,2.0,15188745.494627511,21,29,-42350.0,95.66970616920213,0.0,-42445.6697061692,-0.002773787413619566,6.2562198393034716e-06,-0.00278004363345887,0.0005755324195467687,-0.00278004363345887,0,0
SJB-0019,SJB,Government bonds,Long,2012-01-04,2012-03-01,Closed,14.0,14.0,15250999.066050984,41,57,5115.180000000112,672.413529667886,0.0,4442.766470332226,0.0003311912959542584,4.403705868153177e-05,0.0002871542372727266,0.0005789891300945384,-0.000333124206577195,0,0
CL-0033,CL,Energy,Long,2012-02-01,2012-04-02,Closed,5.0,5.0,15397479.197127353,43,61,33949.999999999956,118.48285242478609,238.04270630397005,33593.4744412712,0.002238619772060345,2.337452570659998e-05,0.002215245246353745,0.003844069251859764,-0.0004126851591654304,0,2
ES-0019,ES,Equity indices,Long,2012-02-01,,Open,12.0,20.0,15397479.197127353,760,1064,425087.5,1937.3881311614539,4845.812730045998,418304.29913879256,0.024843309995201988,0.0003873015729598012,0.02445600842224219,0.02573557940968908,-0.0031401634737436173,28,12
NQ-0017,NQ,Equity indices,Long,2012-02-01,,Open,16.0,22.0,15397479.197127353,760,1064,367570.0,1405.148172315451,3227.4982997078355,362937.3535279767,0.020854406097010246,0.00026549874493860996,0.020588907352071608,0.02180054593562399,-0.0019404758826551429,29,12
RS-0040,RS,Agriculture & livestock,Short,2012-02-01,2012-03-01,Closed,8.0,8.0,15397479.197127353,21,29,-8696.563200000002,97.06676524131588,93.62979257463417,-8887.259757815953,-0.0005678358309590787,1.2442230729958708e-05,-0.0005802780616890374,8.547099957331073e-06,-0.0006204329571561828,0,1
6B-0042,6B,FX,Short,2012-03-01,2012-04-02,Closed,8.0,8.0,15287233.207465345,22,32,-4699.999999999925,154.3467080470897,161.45809073755973,-5015.804798784575,-0.00030929155377871435,2.075699431123676e-05,-0.0003300485480899511,0.0010381025428092155,-0.0003300485480899511,0,1
6E-0015,6E,FX,Short,2012-03-01,2013-01-02,Closed,5.0,12.0,15287233.207465345,219,307,-32300.000000000106,323.31056351610044,707.3794690509042,-33330.69003256711,-0.0020917843708166232,6.757622114063406e-05,-0.0021593605919572574,0.004252198429719285,-0.0027061522085808304,5,4
6S-0029,6S,FX,Long,2012-03-01,2012-04-02,Closed,2.0,2.0,15287233.207465345,22,32,800.000000000023,41.67150402283036,40.2670364105609,718.0614595666317,5.485596481903193e-05,5.385137129282396e-06,4.947082768974961e-05,5.750760253000301e-05,-0.0004759401440656605,0,1
EMD-0011,EMD,Equity indices,Long,2012-03-01,2012-05-01,Closed,10.0,10.0,15287233.207465345,43,61,7200.00000000004,269.9720389555184,289.87569780942226,6640.152263235099,0.0004531087432957841,3.6664485605145396e-05,0.00041644425769063844,0.0013001423472291788,-0.0023138272450966457,0,1
GC-0023,GC,Metals,Long,2012-03-01,2012-04-02,Closed,1.0,1.0,15287233.207465345,22,32,-4520.000000000027,23.81849247422817,24.322367842370486,-4568.140860316626,-0.00029482038632538016,3.1388366784556357e-06,-0.0002979592230038358,0.0,-0.0005213472248900663,0,1
HTW-0020,HTW,Equity indices,Long,2012-03-01,2012-04-02,Closed,17.0,17.0,15287233.207465345,22,32,-11899.999999999998,422.3021331146381,406.943609163429,-12729.245742278064,-0.000786471176669155,5.4124754965533434e-05,-0.0008405959316346883,2.216751519916601e-05,-0.0010632667932313387,0,1
LFT-0020,LFT,Equity indices,Long,2012-03-01,2012-04-02,Closed,12.0,12.0,15287233.207465345,22,32,-6698.682000000008,267.42357982800576,269.5589383190437,-7235.664518147058,-0.0004482251804921581,3.5306249407756604e-05,-0.00048353142989991476,0.0006141776883743802,-0.0021848265109945648,0,1
RS-0041,RS,Agriculture & livestock,Long,2012-03-01,2013-08-01,Closed,113.0,113.0,15287233.207465345,370,518,171597.51039999985,2446.5394097769245,5548.467533757612,163602.50345646532,0.011541201602640775,0.0005032109620760465,0.011037990640564726,0.016435759088856815,-0.0001821595007756027,14,7
RTY-0012,RTY,Equity indices,Long,2012-03-01,2012-05-01,Closed,18.0,18.0,15287233.207465345,43,61,-90.0000000000191,295.24049688450833,306.3681715203132,-691.6086684048406,-7.173830682609742e-06,3.939355815604734e-05,-4.656738883865721e-05,0.0018995530187334345,-0.0017551492268917009,0,1
SB-0026,SB,Agriculture & livestock,Long,2012-03-01,2012-06-01,Closed,12.0,12.0,15287233.207465345,66,92,-58531.19999999994,304.76506061238507,306.2795346914071,-59142.24459530373,-0.003789139142783424,3.949959313290601e-05,-0.00382863873591633,0.0009205810245283171,-0.00382863873591633,1,1
SI-0029,SI,Metals,Short,2012-03-01,2012-10-01,Closed,2.0,4.0,15287233.207465345,152,214,-10984.999999999996,285.9076811517812,337.8978439523619,-11608.805525104139,-0.0007352161080685673,4.094962605121819e-05,-0.000776165734119787,0.006977892810339328,-0.000776165734119787,4,3
6N-0007,6N,FX,Long,2012-04-02,2012-06-01,Closed,14.0,15.0,15250039.703515457,44,60,-101760.00000000003,314.86323607319025,0.0,-102074.86323607322,-0.006598737037697324,2.0363926205420612e-05,-0.006619100963902746,0.00026092822648655163,-0.0070668664551613155,1,0
6S-0030,6S,FX,Short,2012-04-02,2012-12-03,Closed,10.0,11.0,15250039.703515457,175,245,31987.500000000106,347.3112793861802,516.5412567996839,31123.647463814243,0.0020757195809533785,5.666410753880083e-05,0.0020190554734145793,0.0070757556533213055,-7.397074316104489e-06,3,2
FESX-0018,FESX,Equity indices,Short,2012-04-02,2012-08-01,Closed,23.0,23.0,15250039.703515457,87,121,36953.54400000003,635.14616855211,625.7400072297156,35692.6578242182,0.002383501809770081,8.2948832499272e-05,0.0023005529772708094,0.006929131612341012,-2.1330174675509084e-05,1,1
FGBL-0022,FGBL,Government bonds,Long,2012-04-02,2012-09-03,Closed,8.0,8.0,15250039.703515457,110,154,69873.44800000009,310.0100420576715,139.82163772615232,69423.61632021626,0.00457403889739915,2.944124944010099e-05,0.0045445976479590484,0.005436607876410936,-9.73543909058081e-05,2,1
FGBM-0020,FGBM,Government bonds,Long,2012-04-02,2012-06-01,Closed,12.0,13.0,15250039.703515457,44,60,47820.558000000085,373.0083994771048,0.0,47447.54960052298,0.0031011306765202085,2.4129909059273176e-05,0.003077000767460935,0.0030884833297786345,-4.2772531543982566e-05,1,0
FSMI-0016,FSMI,Equity indices,Long,2012-04-02,2012-05-02,Closed,18.0,18.0,15250039.703515457,22,30,-21046.30200000001,506.94443623953254,0.0,-21553.246436239544,-0.0013809899999521896,3.306901774955114e-05,-0.00141405901770174,0.0,-0.0030514201874162635,0,0
GF-0035,GF,Agriculture & livestock,Long,2012-04-02,2012-06-01,Closed,5.0,10.0,15250039.703515457,44,60,6000.0000000000155,321.6246237903242,547.4688734852782,5130.906502724413,0.00038200419262826926,5.602819506305436e-05,0.00032597599756521473,0.000964242304124584,-0.00040295887957967285,1,2
HTW-0021,HTW,Equity indices,Short,2012-04-02,2012-08-01,Closed,28.0,29.0,15250039.703515457,87,121,47840.00000000001,710.032801041067,2318.3954196401946,44811.57177931874,0.0030668436773049488,0.00019769799633430406,0.002869145680970645,0.006262726224735756,-2.2877795665157426e-05,2,4
LE-0035,LE,Agriculture & livestock,Short,2012-04-02,2012-06-01,Closed,21.0,22.0,15250039.703515457,44,60,3790.0000000000646,556.6674178479632,540.5392626369809,2692.7933195151204,0.00028034770882157177,7.093177420861696e-05,0.00020941593461295497,0.0036468501344790105,-0.0008243992057570639,1,1
LFT-0021,LFT,Equity indices,Short,2012-04-02,2012-06-01,Closed,7.0,7.0,15250039.703515457,44,60,64001.34299999998,149.74672590024747,0.0,63851.596274099735,0.004167999260049497,9.691379965055665e-06,0.004158307880084442,0.0042181969551307544,-5.097798668316874e-06,0,0
NKD-0035,NKD,Equity indices,Long,2012-04-02,2012-05-01,Closed,21.0,21.0,15250039.703515457,21,29,-76650.0,1103.9159766078085,0.0,-77753.91597660781,-0.0049777304834629525,7.178026446322467e-05,-0.005049510747926177,0.0,-0.005125736965026542,0,0
PL-0033,PL,Metals,Short,2012-04-02,2012-10-01,Closed,3.0,8.0,15250039.703515457,130,182,-53774.999999999985,156.79255734492267,230.10188874519756,-54161.89444609011,-0.003560473819124343,2.557644666784e-05,-0.003586050265792183,0.0029914613912581,-0.0044168377752518565,3,2
SJB-0020,SJB,Government bonds,Long,2012-04-02,2012-11-01,Closed,8.0,8.0,15250039.703515457,153,213,25755.615000000085,389.88483681921423,402.6742771586921,24963.05588602218,0.0016805709727751594,5.204225585568625e-05,0.0016285287169194728,0.0020019652597628827,-0.00010540788122044079,2,2
SNK-0047,SNK,Equity indices,Long,2012-04-02,2012-05-01,Closed,17.0,17.0,15250039.703515457,21,29,-81342.11,954.0759728441938,0.0,-82296.18597284419,-0.005270094605362828,6.202477084472554e-05,-0.005332119376207553,0.0,-0.005332119376207553,0,0
ZM-0030,ZM,Agriculture & livestock,Long,2012-04-02,,Open,5.0,15.0,15250039.703515457,717,1003,289489.99999999994,815.1782223417331,4574.423890792162,284100.397886866,0.01606693333288396,0.00030395666372349904,0.01576297666916047,0.016586508463247482,-0.0012271568551484042,23,23
ZS-0038,ZS,Agriculture & livestock,Long,2012-04-02,2012-06-01,Closed,8.0,8.0,15250039.703515457,44,60,-29400.0,223.2921349463822,225.18519510240677,-29848.47733004879,-0.0019048990745471441,2.8951894413144098e-05,-0.0019338509689602885,0.0022530232166420956,-0.0020351791797148635,0,1
6B-0043,6B,FX,Long,2012-05-01,2012-06-01,Closed,24.0,24.0,15511992.60703164,23,31,-126599.99999999974,498.63671631900456,0.0,-127098.63671631874,-0.008157005960013964,3.1980176217309125e-05,-0.008188986136231272,0.0,-0.008188986136231272,0,0
CL-0034,CL,Energy,Long,2012-05-01,2012-06-01,Closed,8.0,8.0,15511992.60703164,23,31,-185759.99999999997,189.51603347758356,192.9322533310517,-186142.44828680862,-0.011992573740354867,2.4627058997671975e-05,-0.012017200799352541,0.0,-0.012017200799352541,0,1
CT-0032,CT,Agriculture & livestock,Short,2012-05-01,2013-05-01,Closed,10.0,16.0,15511992.60703164,261,365,49705.00000000001,375.7223741214598,825.5728477756015,48503.70477810295,0.0032006681600003804,7.580358339812353e-05,0.003124864576602257,0.007185832157115821,-0.0005395764466093836,6,4
HO-0025,HO,Energy,Long,2012-05-01,2012-06-01,Closed,7.0,7.0,15511992.60703164,23,31,-162640.79999999996,112.5307888474376,115.46225340416059,-162868.79304225158,-0.010489040074859995,1.4599498531596471e-05,-0.01050363957339159,0.0,-0.01050363957339159,0,1
SNK-0048,SNK,Equity indices,Short,2012-05-01,2012-09-03,Closed,12.0,12.0,15511992.60703164,89,125,32733.374999999993,680.8180552846728,672.8648190504142,31379.692125664908,0.0020920482734541252,8.831107094521818e-05,0.0020037372025089074,0.005034493698406263,-0.00021647648905420125,1,1
FCE-0015,FCE,Equity indices,Short,2012-05-02,2012-08-01,Closed,2.0,15.0,15408084.660450699,65,91,-60320.52500000001,270.6212552998929,419.02279905401076,-61010.16905435391,-0.003928910325499286,4.517407705373719e-05,-0.003974084402553022,0.00034602128515209027,-0.003974084402553022,2,3
FSMI-0017,FSMI,Equity indices,Short,2012-05-02,2012-07-02,Closed,18.0,18.0,15408084.660450699,43,61,16735.898999999994,498.42758640235127,350.50965043361106,15886.961763164032,0.0010551670866914737,5.557786408324e-05,0.000999589222608234,0.004599071975760323,-1.6707920669067664e-05,1,1
6A-0015,6A,FX,Short,2012-06-01,2012-08-01,Closed,14.0,14.0,15675153.90638822,43,61,-97979.99999999991,243.2537722333803,254.68201142161953,-98477.93578365492,-0.00634327326030853,3.26210243754142e-05,-0.006375894284683943,0.0,-0.006555887968334351,1,1
6B-0044,6B,FX,Short,2012-06-01,2012-09-04,Closed,24.0,24.0,15675153.90638822,67,95,-60387.49999999994,483.34379763975414,520.398507082169,-61391.24230472186,-0.003863803512413813,6.572218371000267e-05,-0.003929525696123816,2.2675729615124633e-05,-0.0039311809895431924,1,1
6N-0008,6N,FX,Short,2012-06-01,2012-09-04,Closed,16.0,16.0,15675153.90638822,67,95,-75490.00000000003,384.9791878384993,344.0043789494783,-76218.98356678801,-0.0048650598799095685,4.7788147366878795e-05,-0.00491284802727645,0.0,-0.006425926018820108,2,1
CL-0035,CL,Energy,Short,2012-06-01,2012-09-04,Closed,1.0,1.0,15675153.90638822,67,95,-11150.000000000007,23.643194033048292,70.02308986820871,-11243.666283901264,-0.0007281363278052645,6.1800062226865744e-06,-0.0007343163340279506,0.00039044665956467536,-0.0008632032512246553,0,3
LE-0036,LE,Agriculture & livestock,Long,2012-06-01,2012-07-02,Closed,22.0,22.0,15675153.90638822,21,31,-2859.999999999909,556.2013736454439,566.8449599084101,-3983.046333553763,-0.00018266619971516644,7.25594332485309e-05,-0.00025522563296369766,0.0006496761968687961,-0.002429016507151428,0,1
SB-0027,SB,Agriculture & livestock,Short,2012-06-01,,Open,27.0,42.0,15675153.90638822,673,943,259660.80000000008,2534.621989909543,6909.5951170209355,250216.5828930696,0.012978308012971193,0.0005331636347893844,0.01244514437818181,0.01244514437818181,-0.007659239919469718,25,10
ZS-0039,ZS,Agriculture & livestock,Short,2012-06-01,2012-07-02,Closed,10.0,10.0,15675153.90638822,21,31,-84875.0,279.52212889912425,281.0532308174896,-85435.57535971662,-0.005545527996019837,3.669046141808877e-05,-0.005582218457437926,0.00012662462212862475,-0.005582218457437926,0,1
6J-0028,6J,FX,Short,2012-07-02,2013-11-01,Closed,5.0,13.0,14897676.241490247,349,487,214212.49999999977,384.20614071987757,749.0284825742041,213079.26537670568,0.014109632073847498,7.117708955344527e-05,0.014038454984294051,0.015559344355349084,-0.0023627637076371793,12,5
FSMI-0018,FSMI,Equity indices,Long,2012-07-02,,Open,9.0,20.0,14897676.241490247,652,912,350303.02199999976,1413.860229100792,3551.678929396057,345337.48284150293,0.021658233203090654,0.0002762724707292956,0.021381960732361375,0.023115449729286978,-8.318838080073848e-06,24,10
GF-0036,GF,Agriculture & livestock,Short,2012-07-02,2014-02-03,Closed,7.0,27.0,14897676.241490247,415,581,86537.50000000033,1252.30013010239,8015.784620511355,77269.41524938658,0.006459570098376589,0.0005415650698685491,0.005918005028508036,0.018233008893466664,-7.575855798997621e-06,12,13
LE-0037,LE,Agriculture & livestock,Short,2012-07-02,2012-08-01,Closed,6.0,6.0,14897676.241490247,22,30,660.0000000000136,147.79293955300705,0.0,512.2070604470066,4.674323936235407e-05,9.872461622018703e-06,3.687077774033543e-05,0.0006020153173864971,-6.218404169166859e-05,0,0
LFT-0022,LFT,Equity indices,Short,2012-07-02,2012-08-01,Closed,3.0,3.0,14897676.241490247,22,30,-3807.2729999999997,63.202834411486194,0.0,-3870.4758344114857,-0.0002540047068433158,4.221022655594254e-06,-0.00025822572949891007,0.0004254677217274109,-0.00025822572949891007,0,0
ZN-0032,ZN,Government bonds,Long,2012-07-02,2013-01-02,Closed,1.0,5.0,14897676.241490247,132,184,-109.375,159.04065987884167,160.0374868671711,-428.45314674601275,-9.414443774004545e-06,2.1118541347839775e-05,-3.053298512184436e-05,0.00014464156494010965,-0.00046472926675451885,4,2
ZS-0040,ZS,Agriculture & livestock,Long,2012-07-02,2013-08-01,Closed,4.0,10.0,14897676.241490247,283,395,25712.5,358.17716642611435,1490.4967214095384,23863.826112164348,0.001398725888755752,0.00011322228141650605,0.0012855036073392446,0.006574986482904955,-0.00309403100299143,7,8
SXF-0014,SXF,Equity indices,Short,2012-07-03,2012-10-01,Closed,2.0,8.0,14839986.491976375,64,90,-41307.72800000001,375.73208608763883,363.99115364686924,-42047.45123973452,-0.0027354482579151616,4.893137610130807e-05,-0.0027843796340164696,0.0007137522303918124,-0.0038566383166873624,1,1
6A-0016,6A,FX,Long,2012-08-01,2013-04-01,Closed,4.0,15.0,15047132.525716776,173,243,60690.0,604.0152739775135,745.8703339908268,59340.11439203166,0.003930712526173729,8.669162177839354e-05,0.003844020904395335,0.0042818546358633185,-0.0008928087088712933,6,3
BRN-0032,BRN,Energy,Long,2012-08-01,2013-03-01,Closed,3.0,8.0,15047132.525716776,152,212,-159.99999999999454,236.73045800498184,842.6777164387227,-1239.408174443699,0.00017726012735527438,6.99911051967003e-05,0.00010726902215857313,0.0039364796141377915,-0.0007736290306812972,3,7
EMD-0012,EMD,Equity indices,Long,2012-08-01,,Open,5.0,12.0,15047132.525716776,630,882,255389.99999999977,964.9050135664721,2398.855495449321,252026.23949098398,0.015779741903877313,0.00018446534462942686,0.015595276559247896,0.017311919413585303,-0.00012721642305723568,23,10
FCE-0016,FCE,Equity indices,Long,2012-08-01,,Open,9.0,21.0,15047132.525716776,630,882,170969.17,990.9518377368362,7336.022192378543,162642.19596988463,0.010606079464286568,0.0004643662158608104,0.010141713248425752,0.013724017930789326,-0.0006685033755688993,25,29
FDAX-0018,FDAX,Equity indices,Long,2012-08-01,2014-06-02,Closed,2.0,4.0,15047132.525716776,478,670,228880.71250000002,379.7990511743018,511.77481057764055,227989.13863824809,0.013494123386873358,5.2935701336167005e-05,0.01344118768553719,0.014094322447077206,-0.0005891352058962256,13,7
FESX-0019,FESX,Equity indices,Long,2012-08-01,,Open,13.0,28.0,15047132.525716776,630,882,190246.96799999982,2399.1990235851777,5634.213239633719,182213.55573678092,0.011746508380937964,0.000441564455088614,0.011304943925849348,0.014872940104355793,-0.0007166675805324183,25,10
GAS-0021,GAS,Energy,Long,2012-08-01,2013-01-02,Closed,5.0,9.0,15047132.525716776,110,154,12400.0,510.8720200031077,1219.4236734723067,10669.704306524585,0.0008148678711358726,0.00011454795234478907,0.0007003199187910834,0.003808276486376731,-0.00019801209270062302,4,5
GC-0024,GC,Metals,Short,2012-08-01,2012-10-01,Closed,3.0,6.0,15047132.525716776,43,61,-78989.9999999999,147.89994656884787,0.0,-79137.89994656875,-0.005221975915264902,9.79709515184481e-06,-0.005231773010416747,0.00032859374684563033,-0.005231773010416747,1,0
HTW-0022,HTW,Equity indices,Long,2012-08-01,2013-02-01,Closed,13.0,17.0,15047132.525716776,132,184,20239.999999999993,452.36033091018237,1003.7622238329401,18783.877445256872,0.0013190718321109702,9.668806527549614e-05,0.001222383766835474,0.0022392415500341214,-0.00020873210614685383,5,6
KE-0022,KE,Agriculture & livestock,Long,2012-08-01,2013-03-01,Closed,2.0,8.0,15047132.525716776,152,212,-59925.0,283.93374640908644,458.70397592185117,-60667.63772233094,-0.0038190788178150735,4.777701769563983e-05,-0.0038668558355107138,0.0010474766104609334,-0.0042448450077605575,3,3
LFT-0023,LFT,Equity indices,Long,2012-08-01,,Open,7.0,18.0,15047132.525716776,630,882,99587.46950000028,1238.1285783409598,2612.478139806332,95736.862781853,0.007463716463152805,0.00020924079597174617,0.0072544756671810515,0.012513789432127996,-0.0005380994932703935,24,10
RB-0010,RB,Energy,Long,2012-08-01,2013-10-01,Closed,3.0,5.0,15047132.525716776,304,426,49866.599999999926,153.68792513443478,740.3645481090357,48972.547526756454,0.0036666390718375287,5.531139690545896e-05,0.003611327674932072,0.010002850394354062,-1.5462779770757076e-06,11,14
RTY-0013,RTY,Equity indices,Long,2012-08-01,,Open,11.0,22.0,15047132.525716776,630,882,290120.0000000002,1035.5272583474446,2868.2981928803147,286216.17454877245,0.017345940259556294,0.00021616837904326177,0.017129771880513026,0.01786708634631155,-0.0011493024580089368,23,10
YAP-0042,YAP,Equity indices,Long,2012-08-01,,Open,6.0,14.0,15047132.525716776,630,882,292044.2099999997,1438.3253180774295,4150.907620920698,286454.9770610016,0.017949820963905766,0.00031209831997002646,0.017637722643935747,0.019308268655415583,-0.0004391872426076161,20,10
ZC-0024,ZC,Agriculture & livestock,Long,2012-08-01,2013-07-01,Closed,7.0,20.0,15047132.525716776,238,334,-92425.0,622.8707928473214,1535.0975734481065,-94582.96836629542,-0.005835397557677537,0.00013406391580489787,-0.005969461473482434,0.0007045561539063187,-0.007547247380284529,7,5
ZW-0030,ZW,Agriculture & livestock,Long,2012-08-01,2013-03-01,Closed,6.0,15.0,15047132.525716776,152,212,-82725.0,521.8720627572382,750.9338063915663,-83997.8058691488,-0.005283317373741711,8.156685920481922e-05,-0.00536488423294653,0.0009534029469392474,-0.005955216310307812,4,3
6B-0045,6B,FX,Long,2012-09-04,2013-03-01,Closed,11.0,11.0,15124663.277880799,128,178,5231.250000000114,367.6565682252158,430.3526653093873,4433.24076646551,0.00043857981038185405,5.2101518625718226e-05,0.0003864782917561365,0.0018351328318792662,-7.2702887215493844e-06,4,2
6C-0024,6C,FX,Long,2012-09-04,2013-03-01,Closed,21.0,21.0,15124663.277880799,128,178,-50169.99999999993,404.7875807295297,711.0056119952862,-51285.79319272474,-0.0030655079621568202,7.301813551241152e-05,-0.003138526097669232,0.002322708121091007,-0.0032610305431890274,2,2
6M-0029,6M,FX,Long,2012-09-04,2013-12-02,Closed,33.0,36.0,15124663.277880799,324,454,55837.50000000004,1083.7126974563657,3054.41659890814,51699.37070363553,0.0041644374013031305,0.00025160756204404113,0.0039128298392590915,0.00936777786188166,-1.955592390242879e-05,11,5
6N-0009,6N,FX,Long,2012-09-04,2013-07-01,Closed,18.0,18.0,15124663.277880799,214,300,32030.00000000004,523.2998460229221,1085.520985303876,30421.179168673243,0.0026125249594292715,0.00010127387181273481,0.0025112510876165355,0.0067039305136826636,-1.2627786079580026e-05,6,4
CGB-0018,CGB,Government bonds,Long,2012-09-04,2013-01-02,Closed,3.0,3.0,15124663.277880799,86,120,-249.51900000001194,75.62884505759166,24.796127120182078,-349.94397217778567,-1.7036248548664232e-05,6.660691444225922e-06,-2.369693999289016e-05,0.000124568634815865,-0.0004660274442648098,2,1
CL-0036,CL,Energy,Long,2012-09-04,2012-11-01,Closed,6.0,6.0,15124663.277880799,42,58,-53519.99999999991,142.24000363868134,286.6934611843959,-53948.93346482299,-0.0035225084695471435,2.8524499793487165e-05,-0.0035510329693406307,0.0014573374926256416,-0.004170915922714455,0,2
HO-0026,HO,Energy,Long,2012-09-04,2012-11-01,Closed,6.0,6.0,15124663.277880799,42,58,-22730.399999999987,95.31859412429802,197.6238453459602,-23023.342439470245,-0.00146505705929885,1.9537816706888675e-05,-0.0014845948760057388,0.0019870961690531103,-0.0016931849371426828,0,2
LE-0038,LE,Agriculture & livestock,Short,2012-09-04,2013-12-02,Closed,7.0,39.0,15124663.277880799,324,454,39120.00000000046,1791.7098865229177,2658.5143493652645,34669.77576411227,0.0027873953920270153,0.00026458939218594845,0.0025228059998410675,0.0059552384386134215,-0.0013242785181643473,11,7
NKD-0036,NKD,Equity indices,Long,2012-09-04,2013-08-01,Closed,19.0,19.0,15124663.277880799,237,331,218275.0,973.3284676340824,1883.6725423973203,215417.99898996862,0.01424517697890959,0.0001849407258836878,0.014060236253025903,0.016221935745550375,-0.0013079273784430434,6,4
FGBL-0023,FGBL,Government bonds,Long,2012-10-01,2013-03-01,Closed,7.0,10.0,15106555.80550107,109,151,17328.968999999914,285.2079361121548,294.35906090469183,16749.402002983068,0.001096299666623798,3.7914944521807856e-05,0.00105838472210199,0.0018197154198124458,-0.0010110893859739565,2,1
FGBM-0021,FGBM,Government bonds,Long,2012-10-01,2013-01-02,Closed,6.0,19.0,15106555.80550107,67,93,9660.627999999928,675.3938036815462,581.9622744478542,8403.271921870528,0.0006563154052816296,8.292106048307717e-05,0.0005733943447985527,0.001675905736681042,-0.0003099091825800764,2,1
HG-0039,HG,Metals,Long,2012-10-01,2012-11-01,Closed,6.0,6.0,15106555.80550107,23,31,-35024.99999999995,172.28539971098235,0.0,-35197.285399710934,-0.0023183187204784397,1.1479103597098068e-05,-0.0023297978240755376,0.00014859081486519562,-0.00290356272102033,0,0
PA-0010,PA,Metals,Long,2012-10-01,2012-11-01,Closed,5.0,5.0,15106555.80550107,23,31,-16574.99999999999,142.58347310496575,0.0,-16717.583473104954,-0.0010812269762205604,9.500225982156733e-06,-0.0010907272022027171,0.0009666278817964387,-0.001849768471550052,0,0
PL-0034,PL,Metals,Long,2012-10-01,2012-11-01,Closed,6.0,6.0,15106555.80550107,23,31,-33780.000000000044,128.84841437078805,0.0,-33908.848414370834,-0.0022308718954802743,8.586539924686648e-06,-0.0022394584354049614,0.000782766606562831,-0.0030296378143950635,0,0
SNK-0049,SNK,Equity indices,Long,2012-10-01,2013-03-01,Closed,12.0,12.0,15106555.80550107,109,151,133561.68499999994,856.7218631049848,321.868836676832,132383.09430021813,0.008720353115270713,7.659545298580416e-05,0.00864375766228491,0.008926115736330965,-0.0011421450824527642,4,1
SXF-0015,SXF,Equity indices,Long,2012-10-01,2013-06-03,Closed,7.0,9.0,15106555.80550107,175,245,-18765.602000000064,673.9684889891778,419.0202317504964,-19858.59072073974,-0.001072854108733559,6.851336080539421e-05,-0.0011413674695389528,0.001823248673067894,-0.004160410721707884,4,2
CL-0037,CL,Energy,Short,2012-11-01,2013-06-03,Closed,1.0,9.0,14911087.243418215,152,214,60280.00000000006,258.8720002057324,741.651464158936,59279.47653563539,0.003667510325073376,6.057397693909152e-05,0.0036069363481342834,0.006487048291300061,-0.0006365886000953963,4,7
GC-0025,GC,Metals,Short,2012-11-01,2012-12-03,Closed,4.0,4.0,14911087.243418215,22,32,-1319.9999999998909,100.38179437539816,102.02560197867612,-1522.4073963539652,-9.43454819367439e-05,1.3410610989355644e-05,-0.00010775609292609944,0.0010669673583893645,-0.0009683823302851228,0,1
PA-0011,PA,Metals,Short,2012-11-01,2012-12-03,Closed,4.0,4.0,14911087.243418215,22,32,-30620.00000000003,116.23505190384402,112.53599388899148,-30848.771045792866,-0.0020580134540009814,1.5157735460002941e-05,-0.0020731711894609846,0.00033613200898676196,-0.0020731711894609846,0,1
PL-0035,PL,Metals,Short,2012-11-01,2012-12-03,Closed,5.0,5.0,14911087.243418215,22,32,-10150.000000000033,106.98621809210889,0.0,-10256.986218092141,-0.000688399539329469,7.114134884325904e-06,-0.000695513674213795,0.0005540793801602295,-0.0007865261339752186,0,0
SI-0030,SI,Metals,Short,2012-11-01,2012-12-03,Closed,2.0,2.0,14911087.243418215,22,32,-14279.999999999973,96.08564629934389,96.4522779041776,-14472.537924203494,-0.0009705421676375376,1.2757428833937314e-05,-0.0009832995964714746,0.0009203483496544297,-0.001418246959988567,0,1
6S-0031,6S,FX,Long,2012-12-03,2013-03-01,Closed,1.0,11.0,15175595.534042912,64,88,-40537.5,248.76637341096094,19.793234465193564,-40806.05960787615,-0.002520223852595307,1.7179726511888423e-05,-0.002537403579107196,0.0010919715724286307,-0.002537403579107196,1,1
CC-0055,CC,Agriculture & livestock,Long,2012-12-03,2013-03-01,Closed,15.0,25.0,15175595.534042912,64,88,-84600.0,607.1153817728676,642.9372786204772,-85850.05266039334,-0.005402952074531647,7.825977397455475e-05,-0.0054812118485062025,0.0,-0.0054812118485062025,1,1
GC-0026,GC,Metals,Long,2012-12-03,2013-02-01,Closed,1.0,1.0,15175595.534042912,44,60,-5219.999999999982,25.097921191308984,24.103691747558397,-5269.201612938849,-0.0003395101802951077,3.1215940017626647e-06,-0.0003426317742968704,0.0,-0.0004944767103205984,0,1
HG-0040,HG,Metals,Long,2012-12-03,2013-01-02,Closed,6.0,6.0,15175595.534042912,22,30,11625.0,172.47826070748394,0.0,11452.521739292517,0.0007759300692823999,1.1335708330111138e-05,0.0007645943609522887,0.0007702358292986696,-0.0012041605291530006,0,0
HO-0027,HO,Energy,Long,2012-12-03,2013-02-01,Closed,3.0,3.0,15175595.534042912,44,60,17199.0,46.965773190180606,98.1597930044006,17053.87443380542,0.001080629787499771,9.339529674183433e-06,0.0010712902578255874,0.0010727652405176883,-0.0013328847185105827,0,2
PA-0012,PA,Metals,Long,2012-12-03,2014-02-03,Closed,5.0,8.0,15175595.534042912,305,427,-8040.000000000061,413.72136621305106,601.5803632658734,-9055.301729478986,-0.00042323448953435883,5.961930098359806e-05,-0.0004828537905179573,0.0028641976991904136,-0.0023160032236153663,10,4
PL-0036,PL,Metals,Long,2012-12-03,2013-03-01,Closed,5.0,5.0,15175595.534042912,64,88,-11399.999999999998,99.31642715287023,105.3518655011677,-11604.668292654036,-0.0006837816441546952,1.3365143415616937e-05,-0.0006971467875703121,0.00132407137045969,-0.0015830449782854754,1,1
ZB-0027,ZB,Government bonds,Long,2012-12-03,2013-05-01,Closed,2.0,2.0,15175595.534042912,107,149,-5968.75,110.84953203150333,55.392356916384784,-6134.991888947888,-0.0004181306749139758,1.0463917012687942e-05,-0.0004285945919266638,9.964859623194465e-05,-0.0009222425705732357,1,1
GAS-0022,GAS,Energy,Short,2013-01-02,2013-02-01,Closed,2.0,2.0,15255740.625723945,22,30,-12600.0,93.45538497134442,92.16302100199121,-12785.618405973337,-0.0007975576903609217,1.1936901350898938e-05,-0.0008094945917118207,0.00017812991131064485,-0.0008094945917118207,0,1
LLG-0034,LLG,Government bonds,Long,2013-01-02,2013-07-01,Closed,1.0,5.0,15255740.625723945,128,180,-16399.44200000003,165.6016034420803,296.2266701643488,-16861.270273606457,-0.0008774076167434994,2.771338248864867e-05,-0.0009051209992321481,0.0018201336284027576,-0.001299686764104405,3,2
SI-0031,SI,Metals,Short,2013-01-02,2013-06-03,Closed,2.0,4.0,15255740.625723945,108,152,127060.00000000003,189.0033570981027,290.714760506769,126580.28188239515,0.007669580161508645,2.8848119786480335e-05,0.007640732041722162,0.008050155044055431,-0.0009133151886401142,2,2
CGB-0019,CGB,Government bonds,Long,2013-02-01,2013-04-01,Closed,21.0,21.0,15974733.255460607,41,59,54499.943999999974,577.1950217854051,606.5721180852653,53316.17686012931,0.0033831095967406604,7.375340205514181e-05,0.0033093561946855175,0.003310099410771532,-1.8671825747308382e-05,1,1
FGBM-0022,FGBM,Government bonds,Long,2013-02-01,2013-03-01,Closed,5.0,5.0,15974733.255460607,20,28,12712.029999999952,144.64450282478415,0.0,12567.385497175168,0.0007903102584608818,9.01941579558333e-06,0.0007812908426652983,0.0007857029643226086,-4.607294138273085e-06,0,0
FGBX-0011,FGBX,Government bonds,Long,2013-02-01,2013-03-01,Closed,2.0,2.0,15974733.255460607,20,28,8232.572000000018,103.85404146275428,0.0,8128.717958537264,0.0005122551556743874,6.475935135335532e-06,0.0005057792205390518,0.0005089422132793427,-0.0002393715720796165,0,0
GAS-0023,GAS,Energy,Long,2013-02-01,2013-03-01,Closed,7.0,7.0,15974733.255460607,20,28,-51800.0,326.5118968890251,327.77779359826303,-52454.28969048728,-0.0032173356999471124,4.0812052828676365e-05,-0.0032581477527757886,0.0010828373315336613,-0.0032581477527757886,0,1
GC-0027,GC,Metals,Short,2013-02-01,2013-11-01,Closed,5.0,5.0,15974733.255460607,195,273,121309.99999999997,169.1905558560861,198.57159048435403,120942.23785365954,0.00737161478300263,2.1790532784016842e-05,0.007349824250218613,0.008133356654017881,-0.00025866235307949674,6,3
SJB-0021,SJB,Government bonds,Long,2013-02-01,2013-06-03,Closed,2.0,31.0,15974733.255460607,86,122,-46324.587999999836,1482.350027196936,250.9944319822552,-48057.93245917903,-0.0027614455539818963,0.0001040375456149627,-0.0028654830995968592,0.001392606267720107,-0.004046915708618234,3,1
6B-0046,6B,FX,Short,2013-03-01,2013-10-01,Closed,13.0,21.0,16102050.998234475,152,214,-94331.24999999978,448.3307679495857,757.020327830535,-95536.60109577992,-0.005394324360232049,7.071844396748461e-05,-0.005465042804199532,0.0005242373449440316,-0.005465042804199532,6,3
6C-0025,6C,FX,Short,2013-03-01,2013-09-03,Closed,6.0,28.0,16102050.998234475,132,186,-15130.000000000115,668.0859815098488,162.24652181798584,-15960.332503327949,-0.0009192245394273731,4.9384512108478155e-05,-0.0009686090515358507,0.0011523828955627502,-0.0022961051138622145,5,2
6E-0016,6E,FX,Short,2013-03-01,2013-05-01,Closed,7.0,10.0,16102050.998234475,43,61,-30074.999999999935,193.42153719174024,135.84089521886932,-30404.262432410545,-0.0017926765952876978,1.992448130862323e-05,-0.001812601076596321,0.0013004900434243887,-0.001812601076596321,1,1
6S-0032,6S,FX,Short,2013-03-01,2013-07-01,Closed,10.0,10.0,16102050.998234475,86,122,5124.999999999823,222.51110931925606,370.1740054930319,4532.314885187534,0.00029244854444760956,3.560909291432737e-05,0.00025683945153328193,0.0028162629311440784,-0.0019344910221740803,1,2
BRN-0033,BRN,Energy,Short,2013-03-01,2013-06-03,Closed,1.0,4.0,16102050.998234475,66,94,32299.99999999997,94.99626437067465,213.45298070773896,31991.550754921558,0.0019583188873381675,1.810131715112964e-05,0.0019402175701870377,0.003065802324900309,-0.00010696816106858167,1,3
CC-0056,CC,Agriculture & livestock,Short,2013-03-01,2013-04-01,Closed,2.0,2.0,16102050.998234475,21,31,-2040.0,49.22028828968252,0.0,-2089.2202882896827,-0.00012478555558394168,3.0326410764624083e-06,-0.0001278181966604041,4.812322677713665e-05,-0.0001278181966604041,0,0
GAS-0024,GAS,Energy,Short,2013-03-01,2013-06-03,Closed,2.0,7.0,16102050.998234475,66,94,20650.0,325.0117091758583,605.0646207398765,19719.923670084267,0.0012568378063946097,5.496630437387755e-05,0.001201871502020732,0.0024192835013505153,-0.0002213568907360975,2,3
HG-0041,HG,Metals,Short,2013-03-01,2014-03-03,Closed,2.0,9.0,16102050.998234475,261,367,11674.99999999997,306.9390790343589,786.1052689876731,10581.95565197794,0.000648365415382489,5.977686601341727e-05,0.0005885885493690725,0.0014297955000371503,-0.0011406455790756252,8,5
HTW-0023,HTW,Equity indices,Long,2013-03-01,2013-06-03,Closed,2.0,19.0,16102050.998234475,66,94,16240.000000000004,461.8281449279035,841.4158485987192,14936.75600647338,0.0009549453398546364,7.66870013560373e-05,0.0008782583384985991,0.001783670898445255,-0.0009260407458178268,2,3
KE-0023,KE,Agriculture & livestock,Short,2013-03-01,2013-04-01,Closed,11.0,11.0,16102050.998234475,21,31,25437.5,314.1965251972217,0.0,25123.30347480278,0.0015581237054787624,1.9361864164564814e-05,0.0015387618413141976,0.0015483140502705515,-0.0006053354016872144,0,0
NG-0027,NG,Energy,Long,2013-03-01,2013-07-01,Closed,2.0,5.0,16102050.998234475,86,122,-12110.000000000042,117.02957409614666,374.98233879603777,-12602.011912892227,-0.0006522595513376511,2.896256684542943e-05,-0.0006812221181830805,0.0018347093532389625,-0.00070634732282153,2,4
PL-0037,PL,Metals,Short,2013-03-01,2013-05-01,Closed,6.0,8.0,16102050.998234475,43,61,45240.00000000001,160.41919376081313,120.89991650400108,44958.680889735195,0.002751604820903067,1.698815699371301e-05,0.002734616663909354,0.003958891630974425,-0.0005684352337331673,1,1
ZF-0027,ZF,Government bonds,Long,2013-03-01,2013-04-01,Closed,2.0,2.0,16102050.998234475,21,31,156.25999999997475,40.421102598277926,0.0,115.83889740169683,8.51622618118048e-06,2.4906949306776685e-06,6.025531250502809e-06,7.266539060746022e-06,-9.303303359873649e-05,0,0
ZN-0033,ZN,Government bonds,Long,2013-03-01,2013-06-03,Closed,20.0,33.0,16102050.998234475,66,94,-53328.125,1072.2580343393943,1078.4090019319447,-55478.792036271334,-0.0029800771518346796,0.00012607181127424866,-0.0031061489631089272,0.0031736951241011697,-0.003402741616196167,2,1
ZT-0025,ZT,Government bonds,Long,2013-03-01,2013-04-01,Closed,9.0,9.0,16102050.998234475,21,31,-281.25,210.4977758190367,0.0,-491.7477758190367,-1.794091258648336e-05,1.2967492742839718e-05,-3.0908405329323067e-05,0.0,-9.293329583291766e-05,0,0
CC-0057,CC,Agriculture & livestock,Long,2013-04-01,2013-06-03,Closed,31.0,33.0,16356526.272971176,45,63,9020.0,810.4573104918438,782.0357067231977,7427.506982784958,0.0006688137623307742,9.485289469078251e-05,0.0005739608676399913,0.0038092684450489497,-0.0010117789328031302,1,1
HO-0028,HO,Energy,Short,2013-04-01,2013-06-03,Closed,7.0,7.0,16356526.272971176,45,63,65003.39999999998,112.3043214773812,181.22160497066088,64709.87407355194,0.003933493427927636,1.7219718837701107e-05,0.003916273709089934,0.00592862561314331,-0.00034202266909913237,1,2
KE-0024,KE,Agriculture & livestock,Long,2013-04-01,2013-07-01,Closed,10.0,11.0,16356526.272971176,65,91,-12475.0,312.0969461226297,546.821089446474,-13333.918035569104,-0.0006824679053328765,5.035215236888064e-05,-0.0007328200577017567,0.0025593239903495568,-0.0007328200577017567,2,2
SNK-0050,SNK,Equity indices,Long,2013-04-01,2014-01-02,Closed,7.0,7.0,16356526.272971176,198,276,101423.7275,756.9150544275591,648.754626035889,100018.05781953654,0.005900151306708516,7.876107955360824e-05,0.005821390227154905,0.007177449826569853,-0.00035697886511967423,6,3
FGBL-0024,FGBL,Government bonds,Long,2013-04-02,2013-06-03,Closed,6.0,7.0,16240273.476943502,44,62,-17810.688000000064,198.30930685908538,0.0,-18008.99730685915,-0.001008182663363681,1.1787988334402003e-05,-0.0010199706516980831,0.0008786144693864188,-0.0010927422595142248,1,0
FGBM-0023,FGBM,Government bonds,Long,2013-04-02,2013-05-02,Closed,3.0,3.0,16240273.476943502,22,30,1701.8309999999917,84.53628943763229,0.0,1617.2947105623593,9.949223070243768e-05,5.069860168929601e-06,9.442237053350808e-05,9.689784497447447e-05,-3.6887702574873795e-05,0,0
FGBX-0012,FGBX,Government bonds,Long,2013-04-02,2013-06-03,Closed,2.0,2.0,16240273.476943502,44,62,2431.8160000000157,101.69426863970993,0.0,2330.1217313603056,0.00015852566847875178,6.088644147336161e-06,0.00015243702433141563,0.0007308435123555327,-3.21568690974785e-06,1,0
6A-0017,6A,FX,Long,2013-05-01,2013-06-03,Closed,1.0,1.0,17142289.923385743,23,33,-5120.000000000002,16.615173790004185,0.0,-5136.615173790006,-0.0002951704044156248,9.64300143077608e-07,-0.00029613470455870243,1.4102006711673523e-05,-0.0004013343514703417,0,0
CT-0033,CT,Agriculture & livestock,Long,2013-05-01,2013-12-02,Closed,1.0,15.0,17142289.923385743,153,215,-55175.00000000001,281.48008969979924,322.3262979250674,-55778.80638762487,-0.002996220553007564,3.3596262353251165e-05,-0.0030298168153608156,0.003574955610945583,-0.0034322604418169866,6,2
PL-0038,PL,Metals,Long,2013-05-01,2013-06-03,Closed,5.0,5.0,17142289.923385743,23,33,6975.000000000022,100.4232147160547,0.0,6874.576785283967,0.00041546664758718355,5.83046645111627e-06,0.0004096361811360673,0.0006809318826778172,-0.0002443425391627865,0,0
ZW-0031,ZW,Agriculture & livestock,Long,2013-05-01,2013-07-01,Closed,10.0,10.0,17142289.923385743,43,61,-31725.0,274.86072991717856,220.07074992143805,-32219.931479838615,-0.0018608011590053675,2.8735653586038313e-05,-0.0018895368125914057,0.0002108854913197786,-0.0018895368125914057,1,1
6A-0018,6A,FX,Short,2013-06-03,2014-06-02,Closed,10.0,16.0,17314295.436278973,260,364,33009.99999999999,420.7927982665418,759.2476934234022,31829.959508310047,0.0019139501265443815,6.43065314969803e-05,0.0018496435950474013,0.005111234166170307,-0.0010475555386338493,9,4
BRN-0034,BRN,Energy,Long,2013-06-03,2014-02-03,Closed,4.0,9.0,17314295.436278973,175,245,61430.00000000002,211.77787588038922,1211.099255251956,60007.12286886768,0.0036067863299389115,7.863948461820152e-05,0.003528146845320711,0.006244024612887768,-0.0002050736461117837,6,8
CC-0058,CC,Agriculture & livestock,Short,2013-06-03,2013-10-01,Closed,5.0,15.0,17314295.436278973,86,120,-35450.0,421.66903925820645,191.3622617057758,-36063.03130096399,-0.001988858233000787,3.489920279525932e-05,-0.0020237574357960465,0.00029555164363194225,-0.0020633870323227468,3,2
CGB-0020,CGB,Government bonds,Short,2013-06-03,2014-06-02,Closed,18.0,26.0,17314295.436278973,260,364,-24671.558000000256,1176.960546125675,1714.9913342680613,-27563.509880393995,-0.0007375731255595167,0.00015321112182441947,-0.0008907842473839347,0.006186008565506708,-0.0017555679454009628,11,4
CL-0038,CL,Energy,Long,2013-06-03,2014-02-03,Closed,2.0,8.0,17314295.436278973,175,245,-26780.000000000047,235.06368837648478,1052.5452926769137,-28067.608981053447,-0.001348568824780851,7.038917625162016e-05,-0.0014189580010324696,0.0038340338799214375,-0.0033258126730161155,7,8
FGBM-0024,FGBM,Government bonds,Long,2013-06-03,2013-07-01,Closed,25.0,25.0,17314295.436278973,20,28,-35257.82500000008,749.4372505353256,762.4192624204911,-36769.68151295589,-0.00203486144663267,8.78593351801476e-05,-0.002122720781812818,5.471926114876951e-05,-0.003846591379079233,0,1
FGBS-0013,FGBS,Government bonds,Long,2013-06-03,2013-07-01,Closed,39.0,39.0,17314295.436278973,20,28,-10126.642500000376,854.3141051177413,819.1401450982943,-11800.096750216411,-0.0005809535232602218,9.724897695312016e-05,-0.000678202500213342,0.0,-0.0011320608769535673,0,1
GAS-0025,GAS,Energy,Long,2013-06-03,2013-08-01,Closed,3.0,4.0,17314295.436278973,43,59,27225.0,186.35948302114014,324.90713834696453,26713.733378631896,0.0015783864061603959,2.9384852192595742e-05,0.0015490015539678002,0.0015934923586807472,-4.030296164101791e-06,1,2
HO-0029,HO,Energy,Long,2013-06-03,2013-08-01,Closed,3.0,3.0,17314295.436278973,43,59,33049.8,49.160481860303676,95.92999125558839,32904.709526884115,0.0019139411659147383,8.339989181136535e-06,0.001905601176733602,0.0019541571744916154,-1.3851293431027704e-06,0,2
PL-0039,PL,Metals,Short,2013-06-03,2013-08-01,Closed,4.0,6.0,17314295.436278973,43,59,5369.999999999989,118.65186168995737,73.54405440532912,5177.804083904703,0.0003566763050883964,1.1074908338800934e-05,0.00034560139674959527,0.0023570021970610302,-0.000372858272840006,1,1
SJB-0022,SJB,Government bonds,Short,2013-06-03,2013-08-01,Closed,16.0,18.0,17314295.436278973,43,59,-16790.96400000022,987.3981919362892,644.6932226337398,-18423.055414570248,-0.0009625757269690654,9.408321710355475e-05,-0.0010566589440726198,0.0005720172687575606,-0.0011852618277470987,1,1
ZB-0028,ZB,Government bonds,Short,2013-06-03,2013-09-03,Closed,7.0,9.0,17314295.436278973,66,92,67593.75,501.6975492277736,394.1257191396045,66697.92673163263,0.003918906299504532,5.120317600355303e-05,0.0038677031235009804,0.004427375871100024,-0.00035438167160144673,2,1
ZF-0028,ZF,Government bonds,Short,2013-06-03,2014-05-01,Closed,40.0,40.0,17314295.436278973,238,332,33093.63500000028,1022.2489177810286,1299.9680886590877,30771.417993560164,0.0020886577246834064,0.0001274488973304108,0.0019612088273529968,0.005491921519147517,-0.00024256060088792672,10,3
ZN-0034,ZN,Government bonds,Short,2013-06-03,2014-01-02,Closed,7.0,15.0,17314295.436278973,153,213,2046.875,545.1336563815714,618.1476613736373,883.5936822447912,0.0002202618540017534,6.407302262731171e-05,0.00015618883137444086,0.0029983541134735257,-0.0013046402408678178,6,2
ZT-0026,ZT,Government bonds,Long,2013-06-03,2013-07-01,Closed,173.0,173.0,17314295.436278973,20,28,-32437.500000000015,6025.044217649134,0.0,-38462.54421764915,-0.0018720788541584112,0.0003489410243656454,-0.0022210198785240563,0.001580032143391773,-0.00488378785137329,0,0
6E-0017,6E,FX,Long,2013-07-01,2014-09-02,Closed,4.0,14.0,17228683.203956146,306,428,-15087.499999999964,360.2862452133148,1017.3082978999332,-16465.09454311321,-0.00023612853646196876,7.246999131580108e-05,-0.00030859852777777015,0.006109395873417048,-0.000790454545104569,11,4
6N-0010,6N,FX,Short,2013-07-01,2013-08-01,Closed,7.0,7.0,17228683.203956146,23,31,-6230.000000000013,148.17500383015562,0.0,-6378.175003830168,-0.00034513324094403454,8.530580625981007e-06,-0.00035366382157001535,0.0003842767707942088,-0.0011733986816069924,0,0
6S-0033,6S,FX,Long,2013-07-01,2014-10-01,Closed,7.0,20.0,17228683.203956146,327,457,-114075.00000000042,613.7408610972241,1594.472334994941,-116283.21319609258,-0.005102849057596899,0.00011284743422973387,-0.005215696491826632,0.005369035409546097,-0.005215696491826632,12,5
FGBL-0025,FGBL,Government bonds,Short,2013-07-01,2013-08-01,Closed,10.0,10.0,17228683.203956146,23,31,-10122.29999999996,291.997161977632,0.0,-10414.29716197759,-0.00058193694074518,1.6806365251916868e-05,-0.0005987433059970972,0.0,-0.00197451215768163,0,0
FGBM-0025,FGBM,Government bonds,Short,2013-07-01,2013-08-01,Closed,17.0,17.0,17228683.203956146,23,31,-11691.919999999824,525.7765878537705,0.0,-12217.696587853594,-0.0006782795964301049,3.0262622904299433e-05,-0.0007085422193344044,0.0,-0.001844246601677544,0,0
FGBS-0014,FGBS,Government bonds,Short,2013-07-01,2013-10-01,Closed,93.0,150.0,17228683.203956146,66,92,-36201.862499999166,3759.6533830033413,3775.157050106547,-43736.67293310906,-0.0019865549247267264,0.0004246418781333434,-0.0024111968028600697,0.0018444880103039131,-0.0024111968028600697,2,1
FGBX-0013,FGBX,Government bonds,Short,2013-07-01,2013-12-02,Closed,6.0,10.0,17228683.203956146,110,154,24510.846000000027,540.429164478405,583.340324792383,23387.07651072924,0.0015040726925438484,6.274258937373714e-05,0.0014413301031701124,0.004427049035772356,-0.0011471238127146158,4,1
HTW-0024,HTW,Equity indices,Long,2013-07-01,2013-08-01,Closed,3.0,3.0,17228683.203956146,23,31,1289.999999999999,70.27485478815902,70.32848725727244,1149.3966579545677,7.363615810729228e-05,8.065973065636353e-06,6.557018504165595e-05,0.00018801191885254356,-5.0705281058239185e-05,0,1
KE-0025,KE,Agriculture & livestock,Short,2013-07-01,2013-09-03,Closed,3.0,3.0,17228683.203956146,46,64,-1400.0,84.1816756945408,55.83633592797489,-1540.0180116225158,-7.994487331056288e-05,8.017132416434639e-06,-8.796200572699754e-05,4.075702792585366e-05,-0.0001586635430084214,1,1
LLG-0035,LLG,Government bonds,Short,2013-07-01,2014-07-01,Closed,7.0,13.0,17228683.203956146,261,365,-23663.109000000193,661.7176623734958,1319.3192698020791,-25644.14593217577,-0.0010547788640859683,0.00010484409121607025,-0.001159622955302039,0.0038200048169490094,-0.0023068199054341793,10,4
NG-0028,NG,Energy,Short,2013-07-01,2013-11-01,Closed,8.0,12.0,17228683.203956146,89,123,16319.999999999987,280.576034128339,847.8702625149989,15191.55370335665,0.0008739594788658189,6.342172910286917e-05,0.0008105377497629494,0.0017684099966063776,-0.001081190279243025,3,4
SI-0032,SI,Metals,Short,2013-07-01,2013-12-02,Closed,1.0,2.0,17228683.203956146,110,154,18210.00000000001,92.72525709374969,94.03844389772152,18023.236299008542,0.0009953326864851108,1.0377056271122702e-05,0.0009849556302139878,0.000986189826971222,-0.001427170966587505,2,2
ZT-0027,ZT,Government bonds,Short,2013-07-01,2013-08-01,Closed,53.0,53.0,17228683.203956146,23,31,-11593.75,1871.3552666826247,0.0,-13465.105266682625,-0.0006513195794757714,0.0001077941513097938,-0.0007591137307855653,0.0005152376833056338,-0.000994516765240639,0,0
ZW-0032,ZW,Agriculture & livestock,Short,2013-07-01,2013-08-01,Closed,2.0,2.0,17228683.203956146,23,31,-300.0,54.50201915301038,0.0,-354.5020191530104,-1.828233636185206e-05,3.1371514479278343e-06,-2.1419487809779908e-05,3.0148149792385442e-05,-0.00016204730714091545,0,0
SXF-0016,SXF,Equity indices,Long,2013-07-02,,Open,3.0,14.0,17251634.870744787,391,547,173199.87399999995,1190.8079526955485,2217.0954989288075,169791.9705483756,0.009762344726533326,0.00017251978220462897,0.009589824944328702,0.014979364607310681,-0.00010911015431227806,16,6
6N-0011,6N,FX,Long,2013-08-01,2013-09-03,Closed,9.0,9.0,17522719.106454678,23,33,-5850.0000000000555,178.39849155085352,0.0,-6028.398491550909,-0.000337918390865953,1.0159717973100657e-05,-0.00034807810883905364,0.0012449934956057537,-0.0006602504849878088,0,0
FGBM-0026,FGBM,Government bonds,Long,2013-08-01,2013-09-02,Closed,28.0,28.0,17522719.106454678,22,32,-36701.78399999981,862.6045899972171,0.0,-37564.38858999703,-0.002080785949175329,4.923226889540619e-05,-0.0021300182180707347,0.00016457892451886505,-0.002631643751901812,0,0
GAS-0026,GAS,Energy,Short,2013-08-01,2013-11-01,Closed,9.0,10.0,17522719.106454678,66,92,16725.0,467.2571052016767,1362.5266082080527,14895.21628659027,0.0008768737840331763,0.00010259243805270919,0.0007742813459804671,0.0015622576749654612,-0.0025818152353421302,1,3
HO-0030,HO,Energy,Short,2013-08-01,2013-12-02,Closed,6.0,8.0,17522719.106454678,87,123,28564.199999999986,129.9418187578595,469.9010986694158,27964.35708257271,0.0016024502144637615,3.30669127226166e-05,0.0015693833017411437,0.004499056228426167,-0.0015975892834757498,3,4
PL-0040,PL,Metals,Long,2013-08-01,2013-09-03,Closed,7.0,7.0,17522719.106454678,23,33,33039.999999999956,146.80880314986752,0.0,32893.191196850086,0.0018663657500278756,8.360175971146738e-06,0.0018580055740567288,0.0019860909144395283,-0.0003194378831062119,0,0
SJB-0023,SJB,Government bonds,Long,2013-08-01,,Open,18.0,75.0,17522719.106454678,369,517,295018.6479999995,5816.040914226129,13934.91661172607,275267.6904740473,0.015061370521149647,0.0010090080875920346,0.014052362433557614,0.014052362433557614,-0.0003394890286254918,19,6
ZT-0028,ZT,Government bonds,Long,2013-08-01,2013-09-03,Closed,83.0,83.0,17522719.106454678,23,33,-19452.710000001047,2554.268243719621,2458.273915558285,-24465.252159278953,-0.0011052412116350436,0.00028537931643933485,-0.0013906205280743785,0.0005836713194719079,-0.0013906205280743785,0,1
HTW-0025,HTW,Equity indices,Long,2013-09-02,,Open,11.0,24.0,17519527.138631444,347,485,120219.99999999999,796.7409685216875,5732.421088536619,113690.83794294168,0.006120418491900817,0.00033537271225890844,0.005785045779641907,0.0059449814939617086,-7.4928582396327375e-06,13,16
6N-0012,6N,FX,Short,2013-09-03,2013-10-01,Closed,2.0,2.0,17598860.863473658,20,28,-9780.000000000011,40.55190417600046,37.07517061046745,-9857.627074786478,-0.0005445261585195314,4.335096891765771e-06,-0.0005488612554112972,0.0,-0.0006672215109098434,0,1
NKD-0037,NKD,Equity indices,Long,2013-09-03,2013-10-01,Closed,2.0,2.0,17598860.863473658,20,28,6150.0,93.8113152697755,95.3781020822034,5960.810582648021,0.00034603210189928103,1.0560666331930058e-05,0.0003354714355673509,0.0005439106600534124,-2.8791831426166632e-05,0,1
PL-0041,PL,Metals,Short,2013-09-03,2014-07-01,Closed,10.0,10.0,17598860.863473658,215,301,45949.99999999997,231.44734318204686,531.1084905859034,45187.444166232024,0.0027194616491243288,4.071059456441089e-05,0.002678751054559916,0.005437705209063649,-5.924812186686865e-06,5,4
RS-0042,RS,Agriculture & livestock,Short,2013-09-03,2013-10-01,Closed,4.0,4.0,17598860.863473658,20,28,3446.528000000001,44.530644019186624,0.0,3401.9973559808145,0.00019244981006357994,2.5125775412524836e-06,0.00018993723252232748,0.00019118627327521944,-1.2635367883605359e-06,0,0
ZT-0029,ZT,Government bonds,Short,2013-09-03,2013-10-01,Closed,74.0,74.0,17598860.863473658,20,28,-46250.0,2369.7092568678236,0.0,-48619.70925686782,-0.0025135711717670334,0.00013363750467518124,-0.002647208676442214,0.0019006138612469067,-0.0028349374657232773,0,0
ZW-0033,ZW,Agriculture & livestock,Short,2013-09-03,,Open,11.0,20.0,17598860.863473658,346,484,34625.0,725.126216297299,1023.8224292812514,32876.05135442145,0.001755448478501368,8.723285469865307e-05,0.0016682156238027159,0.006465764056107942,-0.0017096391871214453,15,6
6B-0047,6B,FX,Long,2013-10-01,2014-12-01,Closed,14.0,31.0,17848765.80954744,304,426,-68656.24999999987,773.7206720458363,2097.0535263469633,-71527.02419839267,-0.0028901173594437788,0.0001454452655028134,-0.003035562624946593,0.00644411950730551,-0.003556778964034492,13,4
6C-0026,6C,FX,Short,2013-10-01,2013-12-02,Closed,16.0,16.0,17848765.80954744,44,62,35279.99999999994,294.5008892858657,0.0,34985.499110714074,0.0019069660987521267,1.6146170870119863e-05,0.0018908199278820067,0.001896608538620097,-0.00037636911534309634,1,0
6N-0013,6N,FX,Long,2013-10-01,2013-12-02,Closed,15.0,15.0,17848765.80954744,44,62,-6809.999999999985,310.43573151825774,0.0,-7120.435731518243,-0.0003278771172162361,1.7011595900052915e-05,-0.00034488871311628863,0.002164354885075386,-0.000651589141366867,1,0
CC-0059,CC,Agriculture & livestock,Long,2013-10-01,,Open,30.0,47.0,17848765.80954744,326,456,-6660.0,1847.2879044087897,1852.2348786716811,-10359.52278308047,-8.767106561921232e-05,0.00018679039729086762,-0.0002744614629100794,0.007508406016365972,-0.00110231015386403,14,6
FGBL-0026,FGBL,Government bonds,Long,2013-10-01,2013-11-01,Closed,2.0,2.0,17848765.80954744,23,31,4427.938000000008,57.8856513236094,0.0,4370.052348676399,0.00023737778984233673,3.1972990612249624e-06,0.00023418049078111178,0.0002577936435815156,-0.00020693615072152314,0,0
FGBM-0027,FGBM,Government bonds,Long,2013-10-01,2014-09-01,Closed,23.0,36.0,17848765.80954744,239,335,210905.73499999975,2320.2181315323287,1937.0263934270183,206648.4904750404,0.010753316208472488,0.00022010758801741702,0.010533208620455072,0.010549414832048873,-0.0016725024514719872,10,3
FGBS-0015,FGBS,Government bonds,Long,2013-10-01,2013-11-01,Closed,85.0,85.0,17848765.80954744,23,31,16333.17500000006,2229.6659447261504,0.0,14103.50905527391,0.0008824413685330545,0.00012322275540742407,0.0007592186131256307,0.0008175671012637133,-0.0006108863464407213,0,0
RB-0011,RB,Energy,Short,2013-10-01,2013-11-01,Closed,5.0,5.0,17848765.80954744,23,31,7560.0000000000055,79.79331258123771,81.98527861113958,7398.221408807628,0.000390582248873374,8.868398176031899e-06,0.0003817138506973422,0.0006441200712808634,-0.0010829556671509623,0,1
ZS-0041,ZS,Agriculture & livestock,Long,2013-10-01,2014-09-02,Closed,8.0,14.0,17848765.80954744,240,336,98100.0,383.7896068052393,1405.5019796008753,96310.7084135939,0.005405290020032202,9.217418026424657e-05,0.005313115839767952,0.008469640660614647,-0.00016054229921096358,7,7
ZT-0030,ZT,Government bonds,Long,2013-10-01,,Open,88.0,141.0,17848765.80954744,326,456,96029.93000000331,5791.409437089323,11552.39034158867,78686.13022132531,0.0050324810052301185,0.0008766939948125168,0.004155787010417603,0.010297106281150646,-0.0022672330037757263,14,5
FGBS-0016,FGBS,Government bonds,Short,2013-11-01,2014-01-02,Closed,123.0,123.0,18367919.63886701,44,62,26906.878499999417,3139.808673885019,2218.577273486865,21548.492552627533,0.0014536376705071158,0.00028821017887899756,0.0011654274916281186,0.0015915236202298838,-0.0007044915885741747,1,1
GAS-0027,GAS,Energy,Long,2013-11-01,2014-02-03,Closed,1.0,3.0,18367919.63886701,66,94,-8475.0,139.52947216879295,325.0692572572649,-8939.598729426058,-0.00044793328440696605,2.4951556334902553e-05,-0.0004728848407418685,0.000358670970577342,-0.0005237377451771363,1,3
RS-0043,RS,Agriculture & livestock,Long,2013-11-01,2014-01-02,Closed,79.0,89.0,18367919.63886701,44,62,-98835.88120000003,1088.4768519556592,1145.1701410774594,-101069.52819303314,-0.0053006098091723935,0.0001186693057305343,-0.005419279114902928,0.0005479724212482284,-0.005709167261592963,1,1
6J-0029,6J,FX,Short,2013-12-02,2014-01-02,Closed,5.0,5.0,18772125.36030602,23,31,9375.00000000008,95.28966345127367,97.64058351949356,9182.069753029313,0.00050898315583003,1.0414599885596584e-05,0.0004985685559444335,0.0006726158686724036,-0.00045055504105108945,0,1
6M-0030,6M,FX,Short,2013-12-02,2014-06-02,Closed,11.0,53.0,18772125.36030602,130,182,-34437.50000000004,1382.5280334344343,374.80891321400065,-36194.83694664847,-0.001805218826958627,9.089499637539208e-05,-0.0018961138233340193,0.0012123561125715668,-0.0024658855562767795,5,2
CT-0034,CT,Agriculture & livestock,Short,2013-12-02,2014-01-02,Closed,18.0,18.0,18772125.36030602,23,31,-48779.99999999995,342.3725508447581,0.0,-49122.37255084471,-0.0026233402064910244,1.8154232858680976e-05,-0.002641494439349706,0.0,-0.002927033637052977,0,0
FGBL-0027,FGBL,Government bonds,Long,2013-12-02,,Open,14.0,26.0,18772125.36030602,282,394,395414.0289999999,957.5335930973172,2395.3313108586435,392061.16409604397,0.01948447217716241,0.00016536762215233267,0.01931910455501008,0.01931910455501008,-0.0021711066027522005,11,5
HO-0031,HO,Energy,Long,2013-12-02,2014-02-03,Closed,3.0,3.0,18772125.36030602,45,63,3502.800000000002,47.441387956141156,64.77665371237894,3390.581958331482,0.00018507307967253672,5.934135422080318e-06,0.00017913894425045633,0.0004945127774878931,-0.0005963857538011584,1,2
NG-0029,NG,Energy,Long,2013-12-02,2014-12-01,Closed,14.0,14.0,18772125.36030602,260,364,35489.99999999997,585.9252637941643,1942.5275836941032,32961.54715251171,0.002186877661619515,0.0001264882623129726,0.0020603893993065415,0.0073419663474083435,-0.00021845248363114032,9,12
ZB-0029,ZB,Government bonds,Short,2013-12-02,2014-05-01,Closed,4.0,4.0,18772125.36030602,108,150,-17812.5,277.6779672413945,111.23336907041939,-18201.411336311812,-0.0009244696433171248,2.0256118879414864e-05,-0.0009447257621965397,0.00031527505290667736,-0.0009447257621965397,4,1
6C-0027,6C,FX,Short,2014-01-02,2014-03-03,Closed,11.0,12.0,18948885.03003873,42,60,37559.99999999998,216.18527514356964,0.0,37343.814724856406,0.0019855370749394152,1.1261540352259973e-05,0.0019742755345871555,0.0024690336624924873,-0.000240282556905819,1,0
6N-0014,6N,FX,Long,2014-01-02,2014-02-03,Closed,14.0,14.0,18948885.03003873,22,32,-9520.000000000045,303.24665644395174,0.0,-9823.246656443996,-0.00047758442239287076,1.6030005458906897e-05,-0.0004936144278517777,0.001545181154381084,-0.0005598306426366999,0,0
CT-0035,CT,Agriculture & livestock,Long,2014-01-02,2014-02-03,Closed,13.0,13.0,18948885.03003873,22,32,6305.00000000004,241.20575927766197,0.0,6063.794240722378,0.00033314820069648305,1.2750452381096414e-05,0.0003203977483153866,0.0013901735732921793,-0.0005068338739955959,0,0
FGBS-0017,FGBS,Government bonds,Long,2014-01-02,2014-09-01,Closed,120.0,209.0,18948885.03003873,172,242,118301.63800000094,5752.6529989436385,7971.238429139758,104577.74657191754,0.005969049588652751,0.0006904420801005031,0.005278607508552246,0.0054061786176347265,-0.0003478577576056342,7,2
LE-0039,LE,Agriculture & livestock,Short,2014-01-02,2014-02-03,Closed,4.0,4.0,18948885.03003873,22,32,-7600.0,98.90824388811251,0.0,-7698.908243888112,-0.00040022997601422516,5.228862972408441e-06,-0.0004054588389866336,0.0,-0.0007023864855263736,0,0
RS-0044,RS,Agriculture & livestock,Short,2014-01-02,,Open,59.0,120.0,18948885.03003873,259,363,-89039.53640000003,1977.0922676105774,4985.88644948593,-96002.51511709654,-0.004276241864167116,0.00033909053167374757,-0.004615332395840864,0.0033348466629597065,-0.004883102416133835,11,5
6N-0015,6N,FX,Short,2014-02-03,2014-03-03,Closed,9.0,9.0,18885206.236721538,20,28,-26550.000000000073,209.37293850556262,0.0,-26759.372938505636,-0.0014146417668974367,1.0911293085591006e-05,-0.0014255530599830279,0.0,-0.0015492679090279688,0,0
BRN-0035,BRN,Energy,Short,2014-02-03,2014-03-03,Closed,6.0,6.0,18885206.236721538,20,28,-34799.999999999985,142.02432279032936,144.55650197172216,-35086.58082476204,-0.0018364912781348457,1.4856706773560021e-05,-0.0018513479849084058,6.699412204208423e-05,-0.0018513479849084058,0,1
CT-0036,CT,Agriculture & livestock,Short,2014-02-03,2014-04-01,Closed,14.0,16.0,18885206.236721538,41,57,-44339.999999999935,289.3036100970505,259.5335468201404,-44888.83715691712,-0.002331676220626516,2.8607680931638155e-05,-0.0023602839015581544,0.0,-0.0031979703061780548,1,1
FGBX-0014,FGBX,Government bonds,Long,2014-02-03,2014-03-03,Closed,8.0,8.0,18885206.236721538,20,28,18057.90400000001,440.6865551775214,0.0,17617.217444822487,0.0009164798377764129,2.300139094853731e-05,0.0008934784468278758,0.0009045584468573903,-0.0010041461730072388,0,0
GAS-0028,GAS,Energy,Short,2014-02-03,2014-03-03,Closed,8.0,8.0,18885206.236721538,20,28,-31800.0,372.8745249982731,375.53862390096737,-32548.413148899243,-0.0016693856477338713,3.929978107241162e-05,-0.001708685428806283,0.00016244249876200563,-0.001708685428806283,0,1
GF-0037,GF,Agriculture & livestock,Long,2014-02-03,,Open,2.0,19.0,18885206.236721538,237,331,286324.99999999965,778.7065664329684,2752.3614298326343,282793.93200373405,0.014503030866083781,0.0001753718809193368,0.014327658985164443,0.020511526973456342,-5.952531395268348e-05,8,7
LE-0040,LE,Agriculture & livestock,Long,2014-02-03,,Open,24.0,28.0,18885206.236721538,237,331,152169.99999999994,1154.4289957842595,2506.1986957979725,148509.37230841772,0.007727224613307557,0.00018289223189011042,0.007544332381417445,0.010768240446769948,-0.00044102391421637683,10,6
PA-0013,PA,Metals,Short,2014-02-03,2014-04-01,Closed,9.0,11.0,18885206.236721538,41,57,-76274.99999999997,340.987169954607,284.0451579527678,-76900.03232790735,-0.003976014103720991,3.240138925578455e-05,-0.004008415492976775,0.00011821439236227813,-0.0047163996211064246,1,1
RB-0012,RB,Energy,Short,2014-02-03,2014-04-01,Closed,4.0,6.0,18885206.236721538,41,57,1680.0000000000055,94.95324176369988,166.09049636010758,1418.956261876198,3.681356250765386e-05,1.3530375866110745e-05,2.3283186641543387e-05,5.921882895722181e-05,-0.0021442666813934917,1,2
6N-0016,6N,FX,Long,2014-03-03,2014-10-01,Closed,19.0,25.0,19453847.334749617,152,212,-92060.00000000012,648.6199676878036,1541.322624608472,-94249.94259229639,-0.004158245267480189,0.00010925124413486665,-0.004267496511615056,0.004750409796134758,-0.004667932091991929,5,3
CL-0039,CL,Energy,Long,2014-03-03,2014-08-01,Closed,9.0,9.0,19453847.334749617,109,151,-27310.000000000207,236.64612436915277,964.2876929920268,-28510.933817361387,-0.0012780460555656653,6.039486814372754e-05,-0.0013384409237093932,0.0014023398243657645,-0.003227763042367409,3,5
FGBX-0015,FGBX,Government bonds,Short,2014-03-03,2014-05-02,Closed,7.0,7.0,19453847.334749617,44,60,-13307.59199999999,387.7136899300939,403.4120906681749,-14098.717780598257,-0.0006855867146003243,4.063224133369025e-05,-0.0007262189559340146,0.0010483425415340384,-0.0007262189559340146,1,1
HO-0032,HO,Energy,Long,2014-03-03,2014-10-01,Closed,6.0,9.0,19453847.334749617,152,212,-119649.59999999999,172.90444079826224,722.0891737300063,-120544.59361452826,-0.005831091412212065,4.420297680824055e-05,-0.005875294389020304,0.0,-0.005965180950216546,5,7
KC-0045,KC,Agriculture & livestock,Long,2014-03-03,,Open,5.0,6.0,19453847.334749617,217,303,-97481.24999999999,378.65361896703166,306.5162545940592,-98166.41987356107,-0.004764441402123925,3.367423076798889e-05,-0.004798115632891914,0.0011929125972035487,-0.004981808166675661,7,4
6C-0028,6C,FX,Short,2014-04-01,2014-06-02,Closed,11.0,11.0,19387943.330609985,44,62,-13639.999999999964,201.67658383848763,0.0,-13841.67658383845,-0.0006993511074542529,1.0245620076498073e-05,-0.000709596727530751,3.812945203375499e-07,-0.0010608604672762807,0,0
BRN-0036,BRN,Energy,Long,2014-04-01,2014-08-01,Closed,2.0,5.0,19387943.330609985,88,122,12039.999999999982,117.05400576662109,333.67337951979954,11589.272614713562,0.0006531767717440054,2.227988407782857e-05,0.0006308968876661766,0.0022853192845714043,-8.240484570959578e-05,3,4
CT-0037,CT,Agriculture & livestock,Long,2014-04-01,2014-06-02,Closed,5.0,8.0,19387943.330609985,44,62,-24904.99999999997,140.1975689996243,89.65794676158318,-25134.85551576118,-0.0012574878792025843,1.166735477539942e-05,-0.001269155233977984,0.000408157870779162,-0.0015879294342715726,1,1
KE-0026,KE,Agriculture & livestock,Long,2014-04-01,2014-06-02,Closed,12.0,12.0,19387943.330609985,44,62,-19737.5,340.38769590436465,350.24104630039585,-20428.12874220476,-0.0009710262297687349,3.507465849287311e-05,-0.001006100888261608,0.0025289411421738454,-0.0010562706185320784,1,1
PA-0014,PA,Metals,Long,2014-04-01,,Open,8.0,13.0,19387943.330609985,196,274,-57494.99999999999,432.85118194754705,526.75572985348,-58454.60691180102,-0.002643786694659447,4.672683291037888e-05,-0.002690513527569826,0.0038723434532608016,-0.004074751960923984,7,3
SNK-0051,SNK,Equity indices,Long,2014-04-01,2014-05-01,Closed,3.0,3.0,19387943.330609985,22,30,-4293.000000000004,137.32249103050117,0.0,-4430.322491030505,-0.00022461937136284668,7.019856834956737e-06,-0.00023163922819780344,0.00023415905058678192,-0.0006426002409623824,0,0
ZC-0025,ZC,Agriculture & livestock,Short,2014-04-01,,Open,4.0,40.0,19387943.330609985,196,274,80287.5,1122.998008100677,1387.8999335180995,77776.60205838122,0.003866842445588409,0.0001203799727887042,0.003746462472799706,0.008916614506485418,-0.00032443097703727244,8,4
ZL-0042,ZL,Agriculture & livestock,Short,2014-04-01,,Open,1.0,22.0,19387943.330609985,196,274,61698.00000000001,399.09985860294677,1348.921277775186,59949.97886362187,0.0030006397080491296,8.304797968157743e-05,0.0029175917283675522,0.0033475467745011926,-0.00011122937275532848,8,7
GAS-0029,GAS,Energy,Long,2014-05-01,2014-08-01,Closed,1.0,4.0,19733692.270695906,66,92,-4775.0,186.3368359233257,418.03699030103814,-5379.373826224363,-0.0002160265940341781,2.985047215580763e-05,-0.00024587706618998587,0.0008966890891765985,-0.0004347312366210729,1,3
NKD-0038,NKD,Equity indices,Short,2014-05-01,2014-06-02,Closed,8.0,8.0,19733692.270695906,22,32,-23400.0,393.11576117828565,0.0,-23793.115761178287,-0.0011676264788320952,1.9791890650628757e-05,-0.001187418369482724,0.0009504977277818897,-0.001187418369482724,0,0
SNK-0052,SNK,Equity indices,Short,2014-05-01,2014-06-02,Closed,9.0,9.0,19733692.270695906,22,32,-20810.317500000005,417.8600015527495,0.0,-21228.177501552753,-0.0010327471021851949,2.1036067701446544e-05,-0.0010537831698866412,0.0010017111552242473,-0.0010537831698866412,0,0
FGBX-0016,FGBX,Government bonds,Long,2014-05-02,,Open,10.0,10.0,19717648.61599181,173,243,194882.05800000008,827.2383620532014,923.1577226038349,193131.66191534305,0.009459619052788781,8.51611821898711e-05,0.009374457870598912,0.009374457870598912,-0.000644579551270005,7,3
6A-0019,6A,FX,Long,2014-06-02,2014-07-01,Closed,9.0,9.0,19996368.18204069,21,29,24120.000000000044,163.73567226170485,167.64372536867788,23788.62060236966,0.0011935825495049796,1.6347776798058628e-05,0.0011772347727069211,0.0011810260114953394,-4.279743838729166e-06,0,1
6J-0030,6J,FX,Short,2014-06-02,2014-07-01,Closed,1.0,1.0,19996368.18204069,21,29,-1137.5000000000134,18.11038531894595,18.62864572676532,-1174.2390310457247,-5.6268102807523254e-05,1.8117338692885734e-06,-5.807983667681182e-05,1.3964018325575682e-05,-7.219045407365002e-05,0,1
6M-0031,6M,FX,Long,2014-06-02,2014-08-01,Closed,47.0,47.0,19996368.18204069,44,60,-5210.00000000003,920.704195952103,1024.7263325498193,-7155.430528501953,-0.0002557181340585997,9.59881758318142e-05,-0.00035170630989041386,0.00027225914129382273,-0.0013485874527641645,1,1
CGB-0021,CGB,Government bonds,Long,2014-06-02,,Open,7.0,31.0,19996368.18204069,152,212,94223.20399999975,663.5383564816768,625.2638168188686,92934.4018266992,0.004457957360990407,6.114106129943112e-05,0.004396816299690976,0.0047325477011593104,-0.0013865233731678692,6,2
CT-0038,CT,Agriculture & livestock,Short,2014-06-02,2014-07-01,Closed,5.0,5.0,19996368.18204069,21,29,8100.0000000000055,85.14097088619506,88.75534699807676,7926.103682115734,0.0003969359824762413,8.555255002491876e-06,0.0003883807274737495,0.00039041332230095696,-0.000576720948261631,0,1
KE-0027,KE,Agriculture & livestock,Short,2014-06-02,2014-08-01,Closed,3.0,3.0,19996368.18204069,44,60,6662.5,83.51651039782462,83.67450374606541,6495.308985856111,0.00032232421814266504,8.187040325658631e-06,0.00031413717781700643,0.00036646658293559245,-0.00012719383429264663,1,1
SNK-0053,SNK,Equity indices,Long,2014-06-02,,Open,3.0,17.0,19996368.18204069,152,212,121522.62500000009,770.1849983341921,1262.6896976363487,119489.75030402954,0.005822482973900642,9.732899462855476e-05,0.005725153979272086,0.006803170050369876,-0.001977167701361848,6,3
ZB-0030,ZB,Government bonds,Long,2014-06-02,,Open,11.0,19.0,19996368.18204069,152,212,134937.5,1034.510825154306,1085.3217047844196,132817.66747006128,0.006414487271537975,0.00010103969666310777,0.006313447574874865,0.007425224312594258,-0.0008821194601291006,6,2
ZF-0029,ZF,Government bonds,Long,2014-06-02,,Open,34.0,68.0,19996368.18204069,152,212,45226.594999999914,1547.5698437284277,1222.3515265020847,42456.6736297694,0.0022752350135819993,0.00013240037645881873,0.00214283463712318,0.005742176856814696,-0.002256146277719861,6,2
ZN-0035,ZN,Government bonds,Long,2014-06-02,,Open,21.0,27.0,19996368.18204069,152,212,63687.5,948.0022727707461,1081.7718116185924,61657.72591561066,0.0031245233768213638,9.705668563261106e-05,0.0030274666911887524,0.004984278141766605,-0.0010975135131960905,6,2
6C-0029,6C,FX,Short,2014-07-01,2014-09-02,Closed,19.0,19.0,20614987.105643053,45,63,44499.99999999994,359.8376477518823,0.0,44140.16235224806,0.0021493034769116876,1.73427733714664e-05,0.002131960703540221,0.002551557593936156,-0.00012047053887313813,1,0
GC-0028,GC,Metals,Long,2014-07-01,2014-08-01,Closed,5.0,5.0,20614987.105643053,23,31,-16900.000000000087,122.8362235832011,125.19624923791315,-17148.032472821204,-0.0008126018435721936,1.2066376388294883e-05,-0.0008246682199604885,0.00030321026968074187,-0.0011159964592956971,0,1
HG-0042,HG,Metals,Long,2014-07-01,2014-08-01,Closed,8.0,8.0,20614987.105643053,23,31,2100.0000000000227,230.73594936041633,0.0,1869.2640506396065,9.140679135032756e-05,1.1255415561444519e-05,8.01513757888831e-05,0.0007238609783820085,-0.00019955282616022408,0,0
LLG-0036,LLG,Government bonds,Long,2014-07-01,,Open,9.0,16.0,20614987.105643053,131,183,196083.47500000003,551.6824815618926,646.6849810114468,194885.1075374267,0.009379467633035371,5.6927722459371616e-05,0.009322539910576,0.009322539910576,-0.00040348739123170416,5,2
NKD-0039,NKD,Equity indices,Long,2014-07-01,,Open,6.0,17.0,20614987.105643053,131,183,108000.0,877.8047904576505,1158.8664497306436,105963.3287598117,0.005287435728853396,9.732577928346441e-05,0.005190109949569931,0.006233836985137748,-0.002407296139905988,5,2
PL-0042,PL,Metals,Long,2014-07-01,2014-08-01,Closed,8.0,8.0,20614987.105643053,23,31,-20680.00000000002,155.45510697494996,0.0,-20835.45510697497,-0.0010004496811644613,7.583016165539261e-06,-0.0010080326973300005,3.6475127003536166e-05,-0.0010080326973300005,0,0
RB-0013,RB,Energy,Long,2014-07-01,2014-08-01,Closed,1.0,1.0,20614987.105643053,23,31,-11121.6,15.352637723750933,15.24882549515534,-11152.201463218906,-0.0005404733345880387,1.4888600207401565e-06,-0.0005419621946087789,0.0,-0.0005419621946087789,0,1
SI-0033,SI,Metals,Long,2014-07-01,2014-08-01,Closed,4.0,4.0,20614987.105643053,23,31,-14919.999999999982,189.73353020025104,0.0,-15109.733530200232,-0.0007209066204638844,9.255563636703494e-06,-0.0007301621841005878,0.00037453564105802405,-0.0007301621841005878,0,0
6M-0032,6M,FX,Short,2014-08-01,2014-09-02,Closed,41.0,41.0,20385285.95698676,22,32,-13324.999999999949,769.190373932463,0.0,-14094.190373932412,-0.0006545157055759594,3.718609996192649e-05,-0.0006917018055378858,0.0005450786472850452,-0.000968605403061756,0,0
GAS-0030,GAS,Energy,Short,2014-08-01,,Open,8.0,18.0,20385285.95698676,108,152,324275.0,727.3967907665201,2213.580114091831,321334.0230951417,0.015459569005955956,0.0001416518542423265,0.015317917151713632,0.015317917151713632,-2.0117536345949882e-05,3,5
RB-0014,RB,Energy,Short,2014-08-01,2014-09-02,Closed,4.0,4.0,20385285.95698676,22,32,6619.200000000001,62.40418475735553,65.05934659016619,6491.736468652479,0.0003180078958448727,6.1321478610212216e-06,0.00031187574798385154,0.0007185497212519467,-0.0003272852191926133,0,1
SI-0034,SI,Metals,Short,2014-08-01,,Open,1.0,10.0,20385285.95698676,108,152,154650.00000000006,356.18958169215364,283.1391070329986,154010.6713112749,0.007479822084879919,3.0286391162161684e-05,0.007449535693717758,0.007598594780135289,-1.1643333436819322e-06,3,2
BRN-0037,BRN,Energy,Short,2014-09-01,,Open,11.0,11.0,20933027.89205409,87,121,311510.0,205.46338904382876,667.8681591240078,310636.6684518322,0.014858552083398294,4.166735170604343e-05,0.01481688473169225,0.01481688473169225,-3.5054625270340136e-05,2,4
6A-0020,6A,FX,Long,2014-09-02,2014-10-01,Closed,34.0,34.0,20952618.646164965,21,29,-178840.00000000035,631.2638625935426,680.4842774748629,-180151.74814006875,-0.008573018361598279,6.329915768584807e-05,-0.008636317519284129,0.001707334990363291,-0.008654566493433744,0,1
6J-0031,6J,FX,Short,2014-09-02,,Open,22.0,22.0,20952618.646164965,86,120,208862.5,463.75335697690946,852.9485748886592,207545.79806813443,0.010008878234172484,6.2855331397496e-05,0.009946022902774987,0.011014828324530525,-0.00035236893887824933,3,2
6M-0033,6M,FX,Long,2014-09-02,2014-10-01,Closed,89.0,89.0,20952618.646164965,21,29,-81434.99999999991,1759.8585191415668,1742.735959747734,-84937.59447888921,-0.003887105829789899,0.00016898088319671734,-0.004056086712986616,0.0008308000455383158,-0.004490340937823535,0,1
CT-0039,CT,Agriculture & livestock,Short,2014-09-02,2014-12-01,Closed,1.0,6.0,20952618.646164965,64,90,14609.999999999998,97.90357925570834,104.07648404058341,14408.019936703708,0.0006913477471992034,9.510926343366244e-06,0.0006818368208558371,0.0007375704790749301,-0.00015732265483753874,2,1
GC-0029,GC,Metals,Short,2014-09-02,,Open,1.0,10.0,20952618.646164965,86,120,29299.99999999997,119.84088231241307,72.30550468666203,29107.853613000898,0.0014117457876557053,8.945601864280548e-06,0.0014028001857914248,0.0018805358730064514,-0.0008469674422705782,2,1
HG-0043,HG,Metals,Short,2014-09-02,2014-11-03,Closed,1.0,1.0,20952618.646164965,44,62,2250.0,27.453473111095462,0.0,2222.5465268889047,0.00010695046310540431,1.3132570148270916e-06,0.00010563720609057723,0.0002082950969641879,-1.784243116834207e-05,0,0
KE-0028,KE,Agriculture & livestock,Short,2014-09-02,,Open,8.0,27.0,20952618.646164965,86,120,49612.5,441.0183277963778,169.3496335009323,49002.132038702686,0.002208427288108324,2.84503869705253e-05,0.0021799769011377986,0.002848978688383455,-0.0013636529823154323,2,1
ZS-0042,ZS,Agriculture & livestock,Short,2014-09-02,,Open,10.0,14.0,20952618.646164965,86,120,-12687.5,342.76866280435985,755.9777378074094,-13786.246400611768,-0.0006894442945370583,5.190638782252954e-05,-0.0007413506823595869,0.0029113462884164934,-0.001684142675078757,3,2
6A-0021,6A,FX,Short,2014-10-01,,Open,19.0,19.0,20647179.620638154,65,91,51809.99999999984,269.23779873696776,142.6768408310179,51398.085360431854,0.002413226737048864,1.9618036612668458e-05,0.0023936087004361953,0.0026618791371809058,-0.0013603222388087588,2,1
6C-0030,6C,FX,Short,2014-10-01,,Open,19.0,19.0,20647179.620638154,65,91,35829.9999999999,276.9577378479661,125.88981287830798,35427.15244927362,0.0017251897738063617,1.9221750925173352e-05,0.0017059680228811887,0.0018471567029791451,-0.000528019826009056,2,1
6E-0018,6E,FX,Short,2014-10-01,,Open,1.0,10.0,20647179.620638154,65,91,49437.499999999985,93.89807951720243,203.69982713344282,49139.90209334934,0.00230303631417591,1.3969879468746828e-05,0.0022890664347071633,0.0022890664347071633,-0.0001228843430068947,2,1
6M-0034,6M,FX,Short,2014-10-01,,Open,59.0,59.0,20647179.620638154,65,91,149814.99999999997,690.3187825336743,923.8110153341106,148200.8702021322,0.006956830650571266,7.680449858533955e-05,0.006880026151985928,0.007034376347505552,-0.000760514768881863,2,1
6N-0017,6N,FX,Short,2014-10-01,2014-12-01,Closed,1.0,3.0,20647179.620638154,43,61,-5209.9999999999945,52.545922232293556,0.0,-5262.545922232288,-0.0002464177510017336,2.4779195367500063e-06,-0.00024889567053848363,5.8322453239367744e-05,-0.0002925715826258432,1,0
6S-0034,6S,FX,Short,2014-10-01,,Open,5.0,17.0,20647179.620638154,65,91,71212.4999999998,188.3497097346471,427.9890172973089,70596.16127296785,0.003324976330724924,2.896308143371968e-05,0.003296013249291204,0.003296013249291204,-0.0005057927502154625,1,1
FGBM-0028,FGBM,Government bonds,Long,2014-10-01,,Open,39.0,84.0,20647179.620638154,65,91,93089.22600000032,1384.697744061583,2754.4354456169513,88950.09281032177,0.00431702959245879,0.00019206965688036885,0.004124959935578421,0.004124959935578421,-0.0006547486298373769,2,1
RB-0015,RB,Energy,Long,2014-10-01,2014-11-03,Closed,3.0,3.0,20647179.620638154,23,33,-37459.79999999999,46.14724023485776,47.043473469440464,-37552.99071370429,-0.0018423837053444427,4.515751231608509e-06,-0.0018468994565760514,0.0,-0.0018742137925164915,0,1
FDAX-0019,FDAX,Equity indices,Long,2014-11-03,2014-12-01,Closed,1.0,1.0,20857429.70334685,20,28,21970.11625,33.24741286857527,0.0,21936.868837131424,0.0010333745310760747,1.5644496812011791e-06,0.0010318100813948735,0.0010541842848249521,-0.00012084732935257634,0,0
RB-0016,RB,Energy,Short,2014-11-03,,Open,2.0,4.0,20857429.70334685,42,58,89543.99999999999,30.474615290509156,92.82807301299547,89420.69731169648,0.004158297333025441,5.675591904162908e-06,0.004152621741121278,0.004169878295398008,-6.992484857824003e-05,1,2
HG-0044,HG,Metals,Short,2014-12-01,,Open,6.0,6.0,21659749.676147178,22,30,10875.0,83.52613166263126,0.0,10791.473868337369,0.0005096796173241142,3.856283332517665e-06,0.0005058233339915964,0.0005829309550530847,-0.0002533640689203389,0,0
HO-0033,HO,Energy,Short,2014-12-01,,Open,1.0,1.0,21659749.676147178,22,30,14767.199999999995,7.406153235907087,15.037773130941657,14744.756073633147,0.0006847813100316478,1.0239875799342926e-06,0.0006837573224517136,0.0007064777708104778,-3.4193161724593346e-07,0,1
NG-0030,NG,Energy,Short,2014-12-01,,Open,1.0,1.0,21659749.676147178,22,30,11440.0,11.722149713336002,23.19309092111206,11405.084759365553,0.0005265759171618917,1.5992606874257693e-06,0.000524976656474466,0.000524976656474466,-5.411950686690083e-07,0,1
