decision_date,EMD,ES,FCE,FDAX,FESX,FSMI,HTW,LFT,NKD,NQ,RTY,SNK,SXF,YAP,YM,CGB,FGBL,FGBM,FGBS,FGBX,LLG,SJB,ZT,ZF,ZN,ZB,6A,6B,6C,6E,6J,6M,6N,6S,BRN,CL,GAS,HO,NG,RB,GC,HG,PA,PL,SI,CC,CT,GF,HE,KC,KE,LE,RS,SB,ZC,ZL,ZM,ZS,ZW
1989-12-29,0.0,0.0,0.0,0.0,0.0,0.0,0.0,0.0,0.0,0.0,0.0,0.0,0.0,8.608860048780696e-07,0.0,0.0,0.0,0.0,0.0,0.0,-1.0227040983313381e-06,0.0,0.0,3.462459300398541e-06,0.0,0.0,0.0,0.0,5.4390229085484365e-06,0.0,-1.4157166900718803e-06,0.0,0.0,0.0,4.086545348330319e-06,1.946930025646598e-06,0.0,5.661346712615676e-07,0.0,0.0,-1.1968498793425076e-06,-1.5534968137591126e-06,0.0,-2.3163831060974773e-06,-1.116818985892687e-06,0.0,0.0,-5.2880182024579295e-06,2.7440527118187355e-06,0.0,0.0,2.2166693919648806e-06,-1.7761324644873702e-05,1.8128095373909705e-06,0.0,-5.778442025118704e-06,0.0,0.0,0.0
1990-01-31,0.0,0.0,0.0,0.0,0.0,0.0,0.0,0.0,0.0,0.0,0.0,0.0,0.0,8.608860048780696e-07,0.0,0.0,0.0,0.0,0.0,0.0,-1.0227040983313381e-06,0.0,0.0,3.462459300398541e-06,0.0,0.0,0.0,0.0,1.9691219285824604e-06,0.0,-1.4157166900718803e-06,0.0,0.0,9.62051775935855e-07,1.5134498413639318e-06,9.170161008036469e-07,7.705844935807459e-07,5.661346712615676e-07,0.0,0.0,-1.1968498793425076e-06,-1.5534968137591126e-06,0.0,-2.3163831060974773e-06,-1.116818985892687e-06,0.0,0.0,-5.2880182024579295e-06,2.7440527118187355e-06,0.0,0.0,3.5575070244267465e-06,-1.7761324644873702e-05,1.8128095373909705e-06,0.0,-5.778442025118704e-06,0.0,0.0,0.0
1990-02-28,0.0,0.0,0.0,0.0,0.0,0.0,0.0,0.0,0.0,0.0,0.0,0.0,0.0,1.2468478676287042e-06,0.0,0.0,0.0,0.0,0.0,0.0,-1.0227040983313381e-06,0.0,0.0,3.462459300398541e-06,0.0,0.0,0.0,1.4789157017633849e-06,1.9691219285824604e-06,0.0,0.0,0.0,0.0,1.3655560200666134e-06,2.466345995810408e-06,1.4933890527177385e-06,1.324800947594203e-06,1.072703877931493e-06,0.0,0.0,-2.149696067259928e-06,-1.5534968137591126e-06,0.0,-2.3163831060974773e-06,-1.5689591706155791e-06,-3.1984412807780895e-06,-2.4035170375626253e-06,-5.2880182024579295e-06,3.878398942706281e-06,0.0,0.0,5.021810305055808e-06,-2.7770125484610116e-05,3.314309642190463e-06,0.0,-1.96680093977824e-06,-7.863935718656385e-07,0.0,0.0
1990-03-30,0.0,0.0,0.0,0.0,0.0,0.0,0.0,0.0,0.0,0.0,0.0,0.0,0.0,0.0,0.0,0.0,0.0,0.0,0.0,0.0,-1.0227040983313381e-06,0.0,0.0,4.639867599815903e-06,1.2774371501348686e-07,3.344950975605158e-07,0.0,1.4789157017633849e-06,4.161669931512108e-06,0.0,-1.1649867324611593e-07,0.0,0.0,1.9748570874036377e-06,4.2460842466828955e-06,3.3515804306039605e-06,3.390968636664956e-06,1.8730345409067916e-06,0.0,0.0,-2.149696067259928e-06,-1.5534968137591126e-06,0.0,-4.721031727500271e-06,-1.5689591706155791e-06,-4.818752927974431e-06,-2.4035170375626253e-06,2.4703473488168376e-06,3.878398942706281e-06,-6.006749350404802e-07,0.0,2.4779076524615193e-06,-3.853962952033842e-05,3.314309642190463e-06,0.0,-3.445611666967112e-06,-2.64506582289668e-06,-2.4541227568906164e-07,0.0
1990-04-30,0.0,0.0,0.0,0.0,0.0,0.0,0.0,0.0,0.0,0.0,0.0,0.0,0.0,-3.0523145091954033e-06,0.0,0.0,0.0,0.0,0.0,0.0,-1.0227040983313381e-06,0.0,0.0,-4.882288806204155e-06,-3.175569168830487e-06,1.1305021248599951e-07,0.0,1.4789157017633849e-06,4.161669931512108e-06,0.0,-1.1649867324611593e-07,0.0,0.0,1.9748570874036377e-06,4.2460842466828955e-06,1.929715676064208e-06,3.390968636664956e-06,1.8730345409067916e-06,0.0,0.0,-2.149696067259928e-06,3.942132748987763e-07,0.0,-4.721031727500271e-06,-9.7450853553749e-07,1.6975079620259805e-06,-2.4035170375626253e-06,4.628945885095928e-06,3.878398942706281e-06,-1.2776285008372134e-06,0.0,4.572052481414036e-06,-2.3196234456175702e-05,3.314309642190463e-06,1.1443286171942733e-05,-4.0974064200809384e-07,-2.64506582289668e-06,-7.453636285523144e-07,0.0
1990-05-31,0.0,0.0,0.0,0.0,0.0,0.0,0.0,0.0,0.0,0.0,0.0,0.0,0.0,-3.0523145091954033e-06,0.0,0.0,0.0,0.0,0.0,0.0,-6.1272637109007e-07,0.0,0.0,-3.3059603715736617e-06,-1.8747111542361465e-06,-1.6472926725764754e-06,0.0,1.4789157017633849e-06,4.161669931512108e-06,0.0,-7.726780558729651e-07,0.0,0.0,1.2893675416366052e-06,2.5518974916802877e-06,9.903740914288987e-07,3.390968636664956e-06,1.8730345409067916e-06,0.0,0.0,-2.149696067259928e-06,3.942132748987763e-07,0.0,-3.0627569601318287e-06,-9.7450853553749e-07,1.0990071941542896e-06,0.0,4.628945885095928e-06,1.656511778019771e-06,-1.2776285008372134e-06,0.0,4.572052481414036e-06,-8.156774906992379e-06,1.792071105838231e-06,5.9089507812696264e-06,4.118513557244018e-06,-2.64506582289668e-06,-4.480995261701811e-07,0.0
1990-06-29,0.0,0.0,0.0,0.0,0.0,0.0,0.0,0.0,0.0,0.0,0.0,0.0,0.0,-3.0523145091954033e-06,0.0,0.0,0.0,0.0,0.0,0.0,-8.35491385353825e-07,0.0,0.0,-4.530485598988275e-06,-1.8747111542361465e-06,-2.3470189503659145e-06,0.0,2.316651181149671e-06,4.161669931512108e-06,0.0,0.0,0.0,0.0,1.7505964634682428e-06,-3.216785454807164e-06,-2.7763190967774676e-06,5.050125254068211e-06,2.981355494095029e-06,0.0,0.0,-3.2052268163619483e-06,9.508935682234601e-07,0.0,-4.7804908252985455e-06,-1.3036048686997784e-06,-3.033563973420898e-06,2.8033094424341964e-06,4.628945885095928e-06,2.4429134360326006e-06,-1.827605041086102e-06,0.0,6.571145754883739e-06,-1.0917416423515747e-05,3.404943887252132e-06,3.419300674724906e-06,4.118513557244018e-06,-4.487980122103084e-06,-2.3970439143969352e-06,0.0
1990-07-31,0.0,0.0,0.0,0.0,0.0,0.0,0.0,0.0,0.0,0.0,0.0,0.0,0.0,-3.0523145091954033e-06,0.0,0.0,0.0,0.0,0.0,0.0,-8.35491385353825e-07,0.0,0.0,-4.530485598988275e-06,-1.8747111542361465e-06,-2.3470189503659145e-06,0.0,1.3234013781877553e-06,4.161669931512108e-06,0.0,-2.5749825916923354e-07,0.0,0.0,1.7505964634682428e-06,3.0770937190727833e-06,7.201010236557462e-07,3.1164002090897175e-06,2.981355494095029e-06,0.0,0.0,-3.2052268163619483e-06,9.508935682234601e-07,0.0,-4.7804908252985455e-06,-8.50145808655984e-07,-3.033563973420898e-06,2.8033094424341964e-06,3.4416031304694396e-06,2.4429134360326006e-06,6.628541075107117e-08,0.0,6.571145754883739e-06,-1.0917416423515747e-05,-1.5375980728305053e-06,3.419300674724906e-06,4.118513557244018e-06,-4.487980122103084e-06,-2.3970439143969352e-06,0.0
1990-08-31,0.0,0.0,0.0,0.0,0.0,0.0,0.0,0.0,0.0,0.0,0.0,0.0,0.0,-6.424509322767143e-07,0.0,0.0,0.0,0.0,0.0,0.0,-2.5981681168349924e-07,0.0,0.0,-1.1416520057943503e-06,-5.375782912470977e-07,-3.55468081984829e-07,0.0,2.652229288765121e-07,8.060801000752965e-07,0.0,5.537353531565649e-07,0.0,0.0,3.2335311597954963e-07,1.3698779198552224e-07,1.2390084155145378e-07,1.2576608200416467e-07,6.229914298878766e-08,0.0,0.0,-4.26516773278958e-07,1.7027916141669094e-07,0.0,-1.103779418130821e-06,-3.952847437139465e-07,3.50958544945381e-07,7.158093831630956e-07,1.181975303041068e-06,7.905510938442818e-07,6.628541075107117e-08,-8.347677686254754e-07,1.4047919832445017e-06,-5.004562782372483e-06,-4.812152802647189e-07,1.6667792738362112e-06,1.5743121692549265e-06,-1.3548164778297294e-06,-8.337531860697169e-07,0.0
1990-09-28,0.0,0.0,0.0,0.0,0.0,0.0,0.0,0.0,0.0,0.0,0.0,0.0,0.0,-9.813691363719412e-07,0.0,0.0,0.0,0.0,0.0,0.0,-4.924598280681879e-07,0.0,0.0,-2.265581756809828e-06,-1.0664579259562206e-06,-6.879798371087901e-07,0.0,2.652229288765121e-07,1.522811183196961e-06,0.0,8.346315226182751e-07,0.0,0.0,4.4884457472349135e-07,2.666414138351221e-07,2.8166303166822496e-07,2.280022075362976e-07,1.4355425130571714e-07,0.0,0.0,4.4445127630824557e-07,2.2893582725741288e-07,0.0,-1.4903808198564362e-06,-7.855380392745913e-07,7.360899529212788e-07,1.0960259807519372e-06,2.724338934721455e-06,1.421077395127657e-06,1.635246608378683e-07,-1.608045007464657e-06,2.814401999306312e-06,-9.28787861080702e-06,-1.7350897432558282e-06,-2.7354565771532196e-06,3.0392805996147366e-06,-2.2880722808959347e-06,-1.4965941401797509e-06,0.0
1990-10-31,0.0,0.0,0.0,0.0,0.0,0.0,0.0,0.0,0.0,0.0,0.0,0.0,0.0,-1.4116096965195175e-06,0.0,0.0,0.0,0.0,0.0,0.0,-4.924598280681879e-07,0.0,0.0,-2.265581756809828e-06,-1.4797247304781009e-06,-9.62532810426448e-07,0.0,4.888583435678951e-07,1.522811183196961e-06,0.0,8.346315226182751e-07,0.0,0.0,5.996925989437072e-07,2.666414138351221e-07,2.8166303166822496e-07,2.280022075362976e-07,1.4355425130571714e-07,0.0,0.0,-1.0198969280517946e-06,0.0,0.0,-1.4903808198564362e-06,-7.855380392745913e-07,7.360899529212788e-07,1.6868360677140172e-06,2.724338934721455e-06,1.421077395127657e-06,-1.2308652892264635e-06,-2.156817296190632e-06,2.814401999306312e-06,-1.3536708195959423e-05,-2.375504851451981e-06,-3.866875889502091e-06,4.183422977144756e-06,-2.2880722808959347e-06,-1.4965941401797509e-06,0.0
1990-11-30,0.0,0.0,0.0,0.0,0.0,0.0,0.0,0.0,0.0,0.0,0.0,0.0,0.0,-2.415038838496289e-06,0.0,0.0,0.0,0.0,0.0,0.0,-7.769151495113651e-07,0.0,0.0,-4.438820025127241e-06,-1.4797247304781009e-06,-9.62532810426448e-07,0.0,9.297662580809767e-07,3.231171653076563e-06,0.0,5.298794600574763e-07,0.0,0.0,1.0832858451717974e-06,4.699082450018907e-07,3.9587031558645585e-07,5.798997942771575e-07,5.140234486494354e-07,0.0,0.0,-1.609196535747867e-06,1.744816823733721e-06,0.0,-2.1159272318361695e-06,-7.855380392745913e-07,1.2327091578707386e-06,1.6868360677140172e-06,4.733905754633788e-06,2.079364614317806e-06,-1.2308652892264635e-06,-5.510887137983842e-06,4.809860744286682e-06,-2.0079306458280575e-05,-3.6151573178303775e-06,-5.873903317718678e-06,4.183422977144756e-06,-3.3519233447159813e-06,-2.172519037270163e-06,0.0
1990-12-31,0.0,0.0,0.0,0.0,0.0,0.0,0.0,0.0,0.0,0.0,0.0,-4.2201273038510756e-07,0.0,-2.415038838496289e-06,0.0,0.0,0.0,0.0,0.0,0.0,-7.769151495113651e-07,0.0,0.0,3.496442707819423e-06,-1.4797247304781009e-06,-9.62532810426448e-07,0.0,9.297662580809767e-07,3.231171653076563e-06,0.0,8.943971732791637e-07,0.0,0.0,1.0832858451717974e-06,6.559217312595753e-07,3.9587031558645585e-07,7.82794930818816e-07,3.050685909250244e-07,0.0,0.0,-1.609196535747867e-06,1.744816823733721e-06,0.0,-2.1159272318361695e-06,-7.855380392745913e-07,-3.287360054811119e-06,1.6868360677140172e-06,4.733905754633788e-06,2.079364614317806e-06,-1.2308652892264635e-06,-5.510887137983842e-06,4.809860744286682e-06,-2.0079306458280575e-05,-3.6151573178303775e-06,-5.873903317718678e-06,6.337161068789892e-06,-3.3519233447159813e-06,-2.172519037270163e-06,0.0
1991-01-31,0.0,0.0,0.0,0.0,0.0,0.0,0.0,0.0,0.0,0.0,0.0,-4.2201273038510756e-07,0.0,-1.2487568194195928e-06,0.0,0.0,0.0,0.0,0.0,0.0,5.091222612455268e-07,0.0,0.0,3.496442707819423e-06,1.7140331022832932e-06,1.111407798554865e-06,0.0,6.838678915078544e-07,3.231171653076563e-06,0.0,8.943971732791637e-07,0.0,0.0,7.617312146232569e-07,2.620179134700991e-07,-2.8204090891073e-07,2.514378158003224e-07,1.9704686364754214e-07,0.0,0.0,-4.1368934341006987e-07,1.744816823733721e-06,0.0,-2.1159272318361695e-06,-7.855380392745913e-07,0.0,1.6868360677140172e-06,2.910005318312363e-06,1.2722803957188887e-06,-1.2308652892264635e-06,-5.510887137983842e-06,3.451572350574574e-06,-1.2109249016312577e-05,-3.6151573178303775e-06,-5.873903317718678e-06,3.474372505040797e-06,-3.3519233447159813e-06,-2.172519037270163e-06,0.0
1991-02-28,0.0,0.0,0.0,0.0,0.0,0.0,0.0,0.0,0.0,0.0,0.0,-4.2201273038510756e-07,0.0,-1.2487568194195928e-06,0.0,0.0,0.0,0.0,0.0,0.0,7.624294883586496e-07,0.0,0.0,3.496442707819423e-06,1.7140331022832932e-06,1.111407798554865e-06,0.0,6.838678915078544e-07,3.231171653076563e-06,0.0,8.943971732791637e-07,0.0,0.0,7.617312146232569e-07,4.3198420804036525e-07,-4.3694855187765953e-07,2.514378158003224e-07,3.44792201393182e-07,0.0,0.0,-5.803189259509238e-07,1.744816823733721e-06,0.0,-2.1159272318361695e-06,-5.890110451869467e-07,-3.628394144359697e-06,1.6868360677140172e-06,2.910005318312363e-06,1.2722803957188887e-06,-1.2308652892264635e-06,-5.510887137983842e-06,4.666980670791762e-06,-9.028796408615595e-06,-8.420421269223841e-07,-8.425799465223912e-06,0.0,-3.3519233447159813e-06,-2.172519037270163e-06,-5.294972056096046e-06
1991-03-29,0.0,0.0,0.0,0.0,0.0,0.0,0.0,0.0,0.0,0.0,0.0,-4.2201273038510756e-07,0.0,-7.634161518656002e-07,0.0,0.0,0.0,0.0,0.0,0.0,7.624294883586496e-07,0.0,0.0,2.4868073372921475e-06,1.7140331022832932e-06,1.111407798554865e-06,0.0,6.838678915078544e-07,3.231171653076563e-06,0.0,8.943971732791637e-07,0.0,0.0,7.617312146232569e-07,4.3198420804036525e-07,3.0896653670152357e-07,3.53687393577817e-07,3.44792201393182e-07,0.0,0.0,-1.0110187997066233e-07,1.744816823733721e-06,0.0,-1.4467027014562592e-06,-5.890110451869467e-07,-3.628394144359697e-06,8.76250697378409e-07,2.910005318312363e-06,8.051955398866687e-07,-1.2308652892264635e-06,-3.19509134808212e-06,1.8886710630778582e-06,-6.177558382715584e-06,-8.420421269223841e-07,-5.334349143863137e-06,0.0,-3.3519233447159813e-06,-2.172519037270163e-06,-3.0803220641354693e-06
1991-04-30,0.0,0.0,0.0,0.0,0.0,0.0,0.0,0.0,0.0,0.0,0.0,-4.2201273038510756e-07,0.0,-1.2474395866105955e-06,0.0,0.0,0.0,0.0,0.0,0.0,7.624294883586496e-07,0.0,0.0,2.4868073372921475e-06,1.7140331022832932e-06,1.111407798554865e-06,0.0,4.38871539497049e-07,3.231171653076563e-06,0.0,8.943971732791637e-07,0.0,0.0,-1.0458607843418906e-07,7.646158109349344e-07,5.41783969900552e-07,6.451923376499975e-07,3.44792201393182e-07,0.0,0.0,-1.0110187997066233e-07,9.996776597806932e-07,0.0,-2.1742099483965605e-06,-1.6180213508932706e-07,-3.628394144359697e-06,8.76250697378409e-07,2.910005318312363e-06,1.817023425434504e-06,-1.2308652892264635e-06,-3.19509134808212e-06,3.859245228643363e-06,-4.170050053900304e-06,-4.279418420199651e-07,-5.334349143863137e-06,-1.2966721428857853e-06,-2.4006466863653737e-06,-2.172519037270163e-06,-3.0803220641354693e-06
1991-05-31,0.0,0.0,0.0,0.0,0.0,0.0,0.0,0.0,0.0,0.0,0.0,-8.197437842540462e-07,0.0,-1.8205516406622973e-06,0.0,0.0,0.0,0.0,0.0,0.0,1.173155305008702e-06,0.0,0.0,4.41197741607738e-06,2.610021066876548e-06,1.793227721514474e-06,0.0,7.280894757805401e-07,5.877915203279983e-06,0.0,8.943971732791637e-07,0.0,0.0,-2.4846828107974684e-07,1.4120491614191705e-06,1.2322525595533459e-06,1.1969404002172417e-06,7.042532838937888e-07,0.0,0.0,0.0,9.996776597806932e-07,0.0,-2.1742099483965605e-06,0.0,-3.628394144359697e-06,1.3054322949100775e-06,4.7539977786635875e-06,2.6927966893885916e-06,-1.9291017115423474e-06,-5.814983149729641e-06,3.859245228643363e-06,0.0,-8.651081126731718e-07,-7.24927929782701e-06,-1.7973094838892136e-06,-4.573653541160845e-06,-2.172519037270163e-06,-5.073500452005488e-06
1991-06-28,0.0,0.0,0.0,0.0,0.0,0.0,0.0,0.0,0.0,0.0,0.0,-5.152129073632948e-07,0.0,-4.655952314529412e-07,0.0,0.0,0.0,0.0,0.0,0.0,8.531203339243079e-07,0.0,0.0,2.9956514884159946e-06,1.877604523625485e-06,1.3013309963830674e-06,0.0,-3.2128766831327254e-07,1.6161522219152164e-06,0.0,8.943971732791637e-07,0.0,0.0,-9.65046565756868e-08,1.4120491614191705e-06,1.2322525595533459e-06,1.1969404002172417e-06,3.801450352884831e-07,-1.9408495420499055e-06,0.0,0.0,-1.629431567042619e-06,0.0,-2.1742099483965605e-06,0.0,-3.628394144359697e-06,6.534188121246066e-07,2.0197792700195894e-06,2.6927966893885916e-06,-9.90476192583955e-07,-3.1252470581967835e-06,3.859245228643363e-06,0.0,0.0,-3.0624252036682846e-06,-2.7979899722416545e-06,-2.447859278249659e-06,-1.460262116960414e-06,-2.275466938636927e-06
1991-07-31,0.0,0.0,0.0,0.0,0.0,0.0,0.0,0.0,0.0,0.0,0.0,-2.8761619934024907e-07,0.0,1.6044064951326062e-06,0.0,0.0,0.0,0.0,0.0,0.0,8.531203339243079e-07,0.0,0.0,2.9956514884159946e-06,1.877604523625485e-06,1.3013309963830674e-06,0.0,-3.2128766831327254e-07,1.6161522219152164e-06,0.0,8.943971732791637e-07,0.0,0.0,0.0,1.4120491614191705e-06,0.0,1.1969404002172417e-06,8.577483208333977e-08,-1.9408495420499055e-06,0.0,0.0,-1.629431567042619e-06,0.0,-1.4351917442711907e-06,0.0,-1.5947366953679746e-06,6.534188121246066e-07,1.3636634228886537e-06,1.5216670576530798e-06,-9.90476192583955e-07,-1.642158545775353e-06,2.0601515539848208e-06,-1.5929500782342186e-06,1.5131088451031817e-06,-1.3382584863066297e-06,-1.465518759352304e-06,-1.0015337301011582e-06,-4.356714051782804e-07,-1.49184511569183e-06
1991-08-30,0.0,0.0,0.0,0.0,0.0,0.0,0.0,0.0,0.0,0.0,0.0,-1.8482815823631103e-07,0.0,-2.1460783754325827e-07,0.0,0.0,0.0,0.0,0.0,0.0,8.531203339243079e-07,0.0,0.0,1.4912535750950458e-06,1.1703752422708263e-06,9.223315239362093e-07,0.0,-1.3178275830241737e-07,2.333149006829033e-06,0.0,8.943971732791637e-07,0.0,0.0,0.0,0.0,0.0,6.186997905715075e-07,1.6293307673769407e-07,-8.842059618900812e-07,0.0,0.0,-1.629431567042619e-06,0.0,-1.4351917442711907e-06,0.0,-1.1440656988601243e-06,6.534188121246066e-07,6.793654122908542e-07,1.5216670576530798e-06,-9.90476192583955e-07,3.8351925345962043e-07,8.247037332202875e-07,-1.5929500782342186e-06,1.5131088451031817e-06,-1.3382584863066297e-06,-1.465518759352304e-06,-4.1669055644416456e-07,-2.5761773264748425e-07,-8.962883278735437e-07
1991-09-30,0.0,0.0,0.0,0.0,0.0,0.0,0.0,0.0,0.0,0.0,0.0,-4.50655037826292e-07,0.0,1.6509321110455768e-06,0.0,0.0,0.0,0.0,0.0,0.0,1.1848863941257366e-06,0.0,0.0,3.1778655141098197e-06,2.357712447396653e-06,1.8592376369856334e-06,0.0,-7.50578694045603e-07,1.3833001952995673e-06,0.0,0.0,0.0,0.0,0.0,-4.772497830252089e-07,0.0,1.377942181813185e-06,-1.4584803909120312e-06,-1.61957015531545e-06,0.0,0.0,-2.241040960236687e-06,0.0,-1.0183722598239997e-06,0.0,-2.133141014066111e-06,1.395646054430787e-06,1.1721961141661608e-06,2.043390646827367e-06,-9.90476192583955e-07,7.656577534291393e-07,8.247037332202875e-07,-2.2668239500643833e-06,2.412950015940105e-06,-3.5067979119005173e-06,-2.9919221414132223e-06,-7.85832003997184e-07,-8.353256048081032e-07,-2.634384188164694e-06
1991-10-31,0.0,0.0,0.0,0.0,0.0,0.0,0.0,0.0,0.0,0.0,0.0,-7.360861581117975e-07,0.0,2.4812875303194552e-06,0.0,0.0,0.0,0.0,0.0,0.0,1.1848863941257366e-06,0.0,0.0,3.1778655141098197e-06,2.357712447396653e-06,1.8592376369856334e-06,0.0,-7.50578694045603e-07,1.3833001952995673e-06,0.0,1.5191950538739611e-06,0.0,0.0,0.0,-2.0448590450769352e-06,-9.404347817346558e-08,2.068889323542096e-06,-2.125291812700377e-06,-1.61957015531545e-06,0.0,0.0,2.9416747588549374e-07,0.0,-1.0183722598239997e-06,0.0,-3.4135788238903246e-06,-1.3083058309743359e-06,2.8162556990845906e-06,3.0469360096019144e-06,-1.6540396391963372e-06,1.1275532915198193e-06,-3.507741469998933e-06,0.0,4.002878346586919e-06,-5.423467694878533e-06,-4.165184853246251e-06,-2.5804440111325026e-06,-1.634742244207243e-06,7.204423550374365e-07
1991-11-29,0.0,0.0,0.0,0.0,0.0,0.0,0.0,0.0,0.0,0.0,0.0,-1.0276722031311705e-06,0.0,4.6052589322822495e-06,0.0,0.0,0.0,0.0,0.0,0.0,1.1848863941257366e-06,0.0,0.0,6.5884009797834815e-06,3.6898454166467107e-06,1.8592376369856334e-06,0.0,-7.50578694045603e-07,5.0765198491543784e-06,0.0,1.5191950538739611e-06,0.0,0.0,0.0,-3.995812507418326e-06,3.918008162547768e-06,3.0779225999419783e-06,0.0,-2.4692290117045606e-06,0.0,-8.326521301892855e-07,-4.438830736965249e-06,0.0,-1.0183722598239997e-06,0.0,-5.833825675242014e-06,-2.5764441964492653e-06,5.2716362546246166e-06,3.0469360096019144e-06,-2.3386897709250753e-06,3.5055572006485444e-06,-5.065698287057337e-06,0.0,6.322732145577305e-06,-8.934056931130015e-06,-7.2406237392073355e-06,-3.67866295306385e-06,-2.6287966923508567e-06,2.4936011012348443e-06
1991-12-31,0.0,0.0,0.0,0.0,0.0,0.0,0.0,0.0,0.0,0.0,0.0,-6.694465601030444e-07,0.0,1.5652909590931205e-06,0.0,0.0,0.0,0.0,0.0,0.0,1.1848863941257366e-06,0.0,4.8809139291930305e-06,6.5884009797834815e-06,2.7488310766730968e-06,1.8592376369856334e-06,0.0,5.241690825549253e-07,2.186171826768631e-06,0.0,1.5191950538739611e-06,0.0,0.0,0.0,-3.995812507418326e-06,-4.600204835753444e-07,2.235902885095173e-06,-1.0544503553789128e-06,-2.4692290117045606e-06,0.0,-8.326521301892855e-07,-4.438830736965249e-06,0.0,-1.8189780174343902e-07,0.0,-5.833825675242014e-06,-2.5764441964492653e-06,3.007454587915633e-06,4.160383450181868e-06,-2.3386897709250753e-06,3.5055572006485444e-06,-5.065698287057337e-06,0.0,6.322732145577305e-06,-8.934056931130015e-06,-7.2406237392073355e-06,4.975956383094697e-06,-2.6287966923508567e-06,1.7751569693971187e-06
1992-01-31,0.0,0.0,0.0,0.0,0.0,0.0,0.0,0.0,-2.472224071012822e-07,0.0,0.0,-3.32142052808083e-07,0.0,1.5652909590931205e-06,0.0,0.0,0.0,0.0,0.0,0.0,8.72979811879108e-07,0.0,0.0,2.2903741723599293e-06,1.4687218727104431e-06,1.3492648551878457e-06,0.0,-6.087461211791979e-07,1.3056401694706483e-06,0.0,6.593776751456701e-07,0.0,0.0,0.0,5.853883323341266e-07,-7.746905747592864e-07,-1.663844301905946e-06,-1.0544503553789128e-06,-1.4874514331831788e-06,0.0,-1.135478029184966e-06,-3.146333692926555e-06,0.0,-5.502763245096195e-08,2.246254640685761e-06,-3.4863447821182246e-06,-1.8288802932227948e-06,1.7312642125959017e-06,2.7688735436445613e-06,-1.648275350377929e-06,1.8431303483887377e-06,-2.410650991798078e-06,0.0,3.931188961293038e-06,-6.425885262038881e-06,-5.085788547918022e-06,3.52066354884261e-06,-1.5824375435086984e-06,2.4342636392101867e-07
1992-02-28,0.0,0.0,0.0,0.0,0.0,0.0,0.0,0.0,-5.006381545595907e-07,0.0,0.0,-6.427127340329359e-07,0.0,2.735788578621529e-06,0.0,0.0,0.0,0.0,0.0,0.0,1.586909285456926e-06,0.0,0.0,3.4397798829562305e-06,2.2720978043469717e-06,2.0834300086430376e-06,0.0,-6.087461211791979e-07,3.173216257604736e-06,0.0,1.536753469767829e-06,0.0,0.0,0.0,-3.312231727382795e-06,-2.0526086854753766e-06,-3.2699110900784365e-06,-2.097633172406725e-06,-2.366915703206256e-06,0.0,-1.135478029184966e-06,-4.6335635394517514e-06,0.0,0.0,0.0,-5.64720724937992e-06,-2.6689211108723733e-06,2.6128231118582873e-06,-3.7795829925872127e-06,-1.648275350377929e-06,3.2820965474097083e-06,-3.326135975323865e-06,0.0,3.931188961293038e-06,-6.425885262038881e-06,-8.326611996189978e-06,6.291802928052624e-06,-2.3609295006765917e-06,2.748217942518965e-06
1992-03-31,0.0,0.0,0.0,0.0,0.0,0.0,0.0,0.0,-5.006381545595907e-07,0.0,0.0,-6.427127340329359e-07,0.0,2.735788578621529e-06,0.0,0.0,0.0,0.0,0.0,0.0,1.586909285456926e-06,0.0,3.1409372018875233e-06,3.4397798829562305e-06,2.2720978043469717e-06,2.0834300086430376e-06,0.0,5.415258382454791e-07,-3.6831168849990578e-06,0.0,1.536753469767829e-06,0.0,0.0,0.0,-3.312231727382795e-06,-3.0872336006857674e-06,-3.2699110900784365e-06,-2.097633172406725e-06,-2.366915703206256e-06,0.0,-2.7866905366642753e-06,-4.6335635394517514e-06,0.0,0.0,0.0,-5.64720724937992e-06,-2.6689211108723733e-06,2.6128231118582873e-06,3.475806577076241e-06,-1.648275350377929e-06,3.2820965474097083e-06,-3.326135975323865e-06,0.0,3.931188961293038e-06,-6.425885262038881e-06,-8.326611996189978e-06,6.291802928052624e-06,-2.3609295006765917e-06,2.748217942518965e-06
1992-04-30,0.0,0.0,0.0,0.0,0.0,0.0,0.0,0.0,-3.145481761406387e-07,0.0,0.0,-3.7964296571100283e-07,0.0,1.2438874777415236e-06,0.0,0.0,0.0,0.0,0.0,0.0,3.718642634873821e-07,0.0,2.098544437351975e-06,2.5252295105707262e-06,2.2720978043469717e-06,2.0834300086430376e-06,0.0,3.4403698030735856e-07,-2.6532314691735473e-06,0.0,1.536753469767829e-06,0.0,0.0,0.0,2.546747884301689e-07,-3.0872336006857674e-06,-3.2699110900784365e-06,-2.097633172406725e-06,-1.5771219311892392e-06,0.0,-2.7866905366642753e-06,0.0,0.0,0.0,0.0,-3.7085971904875917e-06,-1.7647376297774969e-06,2.6128231118582873e-06,1.8538546015315523e-06,-1.648275350377929e-06,3.2820965474097083e-06,-3.326135975323865e-06,0.0,1.8492520135654245e-06,-6.425885262038881e-06,-5.917021583475256e-06,6.291802928052624e-06,-1.2752468382012982e-06,2.748217942518965e-06
1992-05-29,0.0,0.0,0.0,0.0,0.0,0.0,0.0,0.0,-3.145481761406387e-07,0.0,0.0,-3.7964296571100283e-07,0.0,1.2438874777415236e-06,0.0,0.0,0.0,0.0,0.0,0.0,3.718642634873821e-07,0.0,2.098544437351975e-06,2.5252295105707262e-06,2.2720978043469717e-06,2.0834300086430376e-06,0.0,9.668798999528147e-07,-2.6532314691735473e-06,0.0,9.68620155003649e-07,0.0,0.0,1.0272081465885407e-06,8.748840420581414e-07,5.381361655326863e-07,1.0582702079905683e-07,-2.097633172406725e-06,1.4820293523328921e-06,0.0,-2.7866905366642753e-06,0.0,0.0,0.0,0.0,-3.7085971904875917e-06,-8.886027291060946e-07,3.8003057295807933e-06,2.9185668305780916e-06,-1.648275350377929e-06,3.2820965474097083e-06,-3.326135975323865e-06,-2.4727245107187475e-05,3.1904350557542445e-06,-4.6621803582722755e-06,-5.917021583475256e-06,2.9428299080869874e-06,-9.315692033252357e-07,2.748217942518965e-06
1992-06-30,0.0,0.0,0.0,0.0,0.0,0.0,0.0,0.0,-3.145481761406387e-07,0.0,0.0,-3.7964296571100283e-07,0.0,1.2438874777415236e-06,0.0,0.0,0.0,0.0,0.0,0.0,6.414601443122083e-07,0.0,2.098544437351975e-06,2.5252295105707262e-06,2.2720978043469717e-06,2.0834300086430376e-06,0.0,9.668798999528147e-07,-3.6202363002574824e-06,0.0,9.68620155003649e-07,0.0,0.0,1.0272081465885407e-06,8.748840420581414e-07,-2.674455772674795e-06,-3.419242104262921e-06,-2.097633172406725e-06,1.4820293523328921e-06,0.0,-2.7866905366642753e-06,0.0,0.0,-1.2509431769938274e-06,0.0,-3.7085971904875917e-06,-1.7308923823913217e-06,3.8003057295807933e-06,0.0,-1.648275350377929e-06,3.2820965474097083e-06,-3.326135975323865e-06,1.0112420965263988e-05,1.0327835313751265e-06,-3.4046136170580613e-06,2.3646161154761912e-06,2.9428299080869874e-06,1.888997633743598e-06,2.748217942518965e-06
1992-07-31,0.0,0.0,0.0,0.0,0.0,0.0,0.0,0.0,-3.145481761406387e-07,0.0,0.0,-3.7964296571100283e-07,0.0,-3.244690871847723e-06,0.0,0.0,0.0,0.0,0.0,0.0,6.414601443122083e-07,0.0,2.098544437351975e-06,2.5252295105707262e-06,2.2720978043469717e-06,2.0834300086430376e-06,0.0,5.952399512770507e-07,-3.6202363002574824e-06,0.0,9.68620155003649e-07,0.0,0.0,6.923597976315781e-07,7.326865549249246e-08,4.5699294821834267e-07,-3.419242104262921e-06,-2.097633172406725e-06,1.4820293523328921e-06,0.0,-1.1513134983319134e-06,0.0,0.0,2.821830538559811e-06,0.0,-3.7085971904875917e-06,-1.7308923823913217e-06,2.6682434556528624e-06,0.0,-1.648275350377929e-06,3.2820965474097083e-06,3.833734929427774e-07,-1.7475530012360993e-05,1.5579431351765223e-06,-3.4046136170580613e-06,-3.278342128748865e-06,4.210976058049118e-06,0.0,2.748217942518965e-06
1992-08-31,0.0,0.0,0.0,0.0,0.0,0.0,0.0,0.0,-3.145481761406387e-07,0.0,0.0,-8.956594107674999e-08,0.0,-3.244690871847723e-06,0.0,0.0,0.0,0.0,0.0,0.0,-2.737156581092203e-07,0.0,2.915268317014514e-06,2.5252295105707262e-06,1.6890819276103896e-06,2.0834300086430376e-06,0.0,8.808146810877975e-07,-1.864259610860004e-06,0.0,1.3689393580926787e-06,0.0,0.0,6.923597976315781e-07,0.0,-3.1515293087644572e-06,-3.419242104262921e-06,-2.097633172406725e-06,1.0285926894690147e-06,0.0,-1.1513134983319134e-06,0.0,0.0,-8.092035732614052e-07,0.0,-2.1430210677327796e-06,-1.7308923823913217e-06,5.415123612206464e-07,0.0,-1.648275350377929e-06,3.2820965474097083e-06,0.0,-7.745702772423175e-06,2.1392941558510725e-06,-2.2727716537767322e-06,-3.278342128748865e-06,-3.6498583798420137e-06,0.0,2.748217942518965e-06
1992-09-30,0.0,0.0,0.0,0.0,0.0,0.0,0.0,0.0,-3.145481761406387e-07,0.0,0.0,-8.956594107674999e-08,0.0,-9.825068784532108e-07,0.0,0.0,0.0,0.0,0.0,0.0,5.038069462636609e-07,0.0,2.915268317014514e-06,2.5252295105707262e-06,1.6890819276103896e-06,1.2948167425990003e-06,0.0,3.67004806956958e-07,-1.1637233567502889e-06,0.0,8.155354382982223e-07,0.0,0.0,4.0796823111448027e-07,-3.872329377328752e-06,-3.1515293087644572e-06,-3.419242104262921e-06,-2.097633172406725e-06,6.498996291831568e-07,0.0,-1.1513134983319134e-06,-2.244518368767726e-06,0.0,0.0,0.0,-2.1430210677327796e-06,-1.7308923823913217e-06,4.134538111313988e-06,0.0,-1.1919035425569107e-06,3.2820965474097083e-06,4.130947544265578e-06,-5.33513780324259e-06,1.3436793734374753e-06,-3.4223769658641166e-06,-3.278342128748865e-06,-3.6498583798420137e-06,0.0,2.748217942518965e-06
1992-10-30,0.0,0.0,0.0,0.0,0.0,0.0,0.0,0.0,-3.145481761406387e-07,0.0,0.0,-1.3701951901992965e-07,0.0,-9.825068784532108e-07,0.0,0.0,0.0,0.0,0.0,0.0,5.038069462636609e-07,0.0,1.8959075347463802e-06,1.4585825959376536e-06,1.101226035117468e-06,1.2948167425990003e-06,0.0,-1.70041646283306e-07,-1.1637233567502889e-06,0.0,8.155354382982223e-07,0.0,0.0,4.0796823111448027e-07,-3.872329377328752e-06,-3.1515293087644572e-06,-3.419242104262921e-06,-2.097633172406725e-06,6.498996291831568e-07,0.0,-1.1513134983319134e-06,-2.244518368767726e-06,0.0,0.0,0.0,-2.1430210677327796e-06,-1.7308923823913217e-06,4.134538111313988e-06,1.6574411731313138e-07,-1.1919035425569107e-06,-7.049632920066919e-07,4.130947544265578e-06,4.4618989675943086e-06,1.3436793734374753e-06,-3.4223769658641166e-06,-2.416494316723511e-06,-3.6498583798420137e-06,0.0,2.748217942518965e-06
1992-11-30,0.0,0.0,0.0,0.0,0.0,0.0,0.0,0.0,0.0,0.0,0.0,0.0,0.0,-9.825068784532108e-07,0.0,0.0,0.0,0.0,0.0,0.0,7.367938109419237e-07,0.0,1.8959075347463802e-06,2.0180453869950084e-06,1.6266764464500431e-06,1.2948167425990003e-06,0.0,-6.026178627015854e-09,-1.1637233567502889e-06,0.0,8.155354382982223e-07,0.0,0.0,5.966568651158951e-07,4.17784543212737e-07,-3.1515293087644572e-06,-3.419242104262921e-06,-2.097633172406725e-06,9.716629907828829e-07,0.0,0.0,-2.244518368767726e-06,0.0,0.0,-2.8349685472403703e-07,-2.1430210677327796e-06,-1.7308923823913217e-06,4.134538111313988e-06,1.6574411731313138e-07,-4.3326669564877397e-07,-1.118615600369866e-06,4.130947544265578e-06,7.521475523020374e-06,1.3436793734374753e-06,-4.794350227895552e-06,-3.541685136501257e-06,-5.135769896505633e-06,3.0090013410876302e-06,3.776175283694724e-06
1992-12-31,0.0,0.0,0.0,0.0,0.0,0.0,0.0,0.0,0.0,0.0,0.0,0.0,0.0,-1.5139433076335945e-07,0.0,0.0,0.0,0.0,0.0,0.0,1.167739318761915e-06,0.0,4.132673658496845e-06,3.622773496659965e-06,2.769253729981112e-06,2.7066024710373595e-06,0.0,-6.342015499038725e-07,-2.973632902733838e-06,0.0,3.845623904149088e-07,0.0,0.0,9.788231126400745e-07,1.5156123828896423e-06,8.352638869860251e-07,-3.419242104262921e-06,-2.097633172406725e-06,1.4740763427043798e-06,0.0,0.0,0.0,0.0,5.9806854068973806e-06,0.0,-4.766886300072104e-06,-2.7804452878313634e-06,4.134538111313988e-06,7.360734046833506e-09,-7.57230608913234e-07,0.0,6.025922771369707e-06,1.4905667514356861e-05,8.227801776660209e-07,-7.913572395825281e-06,-5.787545279368378e-06,-7.539563357793929e-06,0.0,-8.0736634014077e-07
1993-01-29,0.0,0.0,0.0,0.0,0.0,0.0,0.0,0.0,0.0,0.0,0.0,0.0,0.0,-6.11553895952982e-07,0.0,0.0,0.0,0.0,0.0,0.0,1.167739318761915e-06,0.0,4.132673658496845e-06,3.622773496659965e-06,2.769253729981112e-06,2.7066024710373595e-06,0.0,-6.342015499038725e-07,-2.973632902733838e-06,0.0,3.845623904149088e-07,0.0,0.0,9.788231126400745e-07,1.5156123828896423e-06,1.1419590053395233e-06,-3.419242104262921e-06,-1.5642548394341336e-06,1.4740763427043798e-06,0.0,0.0,-2.6074562053434027e-06,0.0,0.0,0.0,-4.766886300072104e-06,-2.7804452878313634e-06,4.134538111313988e-06,1.2643042061073465e-06,-1.1649160863851935e-06,0.0,3.259048616127078e-06,1.4905667514356861e-05,8.227801776660209e-07,-7.913572395825281e-06,-5.787545279368378e-06,-7.539563357793929e-06,0.0,0.0
1993-02-26,0.0,0.0,0.0,0.0,0.0,0.0,0.0,0.0,0.0,0.0,0.0,-1.2393797464395203e-07,0.0,-6.11553895952982e-07,0.0,0.0,0.0,0.0,0.0,0.0,3.5985065627251494e-07,0.0,4.132673658496845e-06,3.622773496659965e-06,2.769253729981112e-06,1.942826700754056e-06,0.0,-1.2495459483346314e-07,-1.5561018547309468e-06,0.0,9.200695401779935e-07,0.0,0.0,9.788231126400745e-07,2.8954055563929886e-06,2.0072418920915697e-06,-3.419242104262921e-06,1.7582246647785872e-06,1.4740763427043798e-06,0.0,0.0,-2.6074562053434027e-06,0.0,-1.0652312720089381e-07,0.0,-4.766886300072104e-06,6.246393190120601e-07,4.134538111313988e-06,5.403585502356512e-07,-8.059157775772409e-07,0.0,3.259048616127078e-06,1.4905667514356861e-05,2.817614429427668e-06,-1.227793889796447e-05,-5.787545279368378e-06,-1.0083876374979639e-05,0.0,0.0
1993-03-31,0.0,0.0,0.0,0.0,0.0,0.0,0.0,0.0,0.0,0.0,0.0,1.0148954387201986e-06,0.0,3.890071271460875e-06,0.0,0.0,0.0,0.0,0.0,0.0,3.5985065627251494e-07,0.0,4.132673658496845e-06,3.622773496659965e-06,2.769253729981112e-06,1.942826700754056e-06,0.0,-1.1689016969148184e-06,-3.939947302395998e-06,0.0,9.200695401779935e-07,0.0,0.0,1.4794987855160518e-06,2.8954055563929886e-06,-3.294343077805209e-06,-3.419242104262921e-06,-1.816137782721406e-06,1.4740763427043798e-06,0.0,0.0,-4.000966688668093e-06,0.0,5.3269627845737205e-06,0.0,-4.766886300072104e-06,1.0709366920463565e-06,4.134538111313988e-06,5.403585502356512e-07,-1.416426541111972e-06,0.0,3.259048616127078e-06,2.2675628924279147e-05,2.817614429427668e-06,-1.227793889796447e-05,-5.787545279368378e-06,-1.0083876374979639e-05,5.848319015262839e-06,4.720388281978553e-06
1993-04-30,0.0,0.0,0.0,0.0,0.0,0.0,0.0,0.0,5.04726803691819e-07,0.0,0.0,6.815459045671533e-07,0.0,-1.0253665297657781e-06,0.0,0.0,0.0,0.0,0.0,0.0,5.484121695860189e-07,0.0,4.132673658496845e-06,3.622773496659965e-06,2.769253729981112e-06,1.942826700754056e-06,0.0,-1.1689016969148184e-06,-3.939947302395998e-06,0.0,4.311731920517258e-07,0.0,0.0,1.4794987855160518e-06,-4.449863060133261e-06,-3.294343077805209e-06,-3.419242104262921e-06,-2.656533365386974e-06,1.0772687356841553e-06,0.0,4.0046808449163824e-06,-2.238723349967382e-06,0.0,5.3269627845737205e-06,3.2171605547978976e-06,-1.5634062495190654e-06,-2.0422056817813386e-06,4.134538111313988e-06,8.309457421124187e-07,-7.193310048397628e-07,0.0,4.508483172264564e-06,1.3190058736760805e-05,1.360989211906624e-06,-7.17404508252706e-06,-5.787545279368378e-06,-1.0083876374979639e-05,0.0,4.720388281978553e-06
1993-05-31,0.0,0.0,0.0,0.0,0.0,0.0,0.0,0.0,5.04726803691819e-07,0.0,0.0,6.815459045671533e-07,0.0,2.823614079226837e-06,0.0,0.0,0.0,0.0,0.0,0.0,1.0974672163374388e-06,0.0,0.0,3.622773496659965e-06,2.769253729981112e-06,1.942826700754056e-06,0.0,-4.4017702337718426e-07,-1.8745799916772845e-06,0.0,7.902097949989706e-07,0.0,0.0,1.4794987855160518e-06,-4.449863060133261e-06,-4.646231686352749e-06,-4.839878254760471e-06,-2.656533365386974e-06,1.0772687356841553e-06,0.0,2.846496758508744e-06,-2.238723349967382e-06,0.0,3.741381637412561e-06,2.1802813354164267e-06,-7.284122727994965e-06,-1.2217791725184203e-06,0.0,1.1138638068522088e-06,-1.1100433285083826e-06,0.0,4.508483172264564e-06,1.3190058736760805e-05,1.360989211906624e-06,-7.17404508252706e-06,-5.787545279368378e-06,-1.0083876374979639e-05,0.0,0.0
1993-06-30,0.0,0.0,0.0,0.0,0.0,0.0,0.0,0.0,5.04726803691819e-07,0.0,0.0,6.815459045671533e-07,0.0,2.823614079226837e-06,0.0,0.0,0.0,0.0,0.0,0.0,1.0974672163374388e-06,0.0,1.8559144447267276e-06,3.622773496659965e-06,2.769253729981112e-06,1.942826700754056e-06,0.0,-7.819931537969151e-07,-3.112301185476115e-06,0.0,2.8373830242782994e-07,0.0,0.0,-9.233702523568047e-07,-4.449863060133261e-06,-4.646231686352749e-06,-4.839878254760471e-06,-2.656533365386974e-06,8.064010568904851e-07,0.0,2.0275265404798e-06,-2.238723349967382e-06,0.0,3.741381637412561e-06,1.4402055711866276e-06,0.0,-8.980797001118792e-07,1.1431773709915937e-06,1.1138638068522088e-06,-2.6414564496563484e-07,0.0,4.508483172264564e-06,1.3190058736760805e-05,-1.8881566485142535e-06,-3.445157434436001e-06,3.120006599558275e-06,8.528480666856014e-07,1.930133208861796e-06,4.115869834386205e-06
1993-07-30,0.0,0.0,0.0,0.0,0.0,0.0,0.0,0.0,0.0,0.0,0.0,4.446000409071896e-07,0.0,2.0350616551582018e-06,0.0,0.0,0.0,0.0,0.0,0.0,1.0974672163374388e-06,0.0,1.8559144447267276e-06,2.2999314565580147e-06,1.6537826651360134e-06,1.1857849154850242e-06,0.0,-7.819931537969151e-07,-3.112301185476115e-06,0.0,2.1278702873494882e-07,0.0,0.0,-9.233702523568047e-07,-1.8428792265388154e-06,-1.8714415012420309e-06,-2.985776525290425e-06,-1.7504921352957426e-06,8.064010568904851e-07,0.0,9.270689433747808e-07,-2.238723349967382e-06,0.0,2.3284302431668766e-06,8.512115179614207e-07,-2.577152805172407e-06,1.2676502970180894e-06,1.1431773709915937e-06,1.1138638068522088e-06,7.418094691603421e-07,2.2207028695077902e-06,2.15356593746582e-06,7.332162433819855e-06,-1.8881566485142535e-06,-2.054726195903562e-06,2.0760790350944113e-06,6.094637926634206e-07,9.234276098264225e-07,2.338582482479495e-06
1993-08-31,0.0,0.0,0.0,0.0,0.0,0.0,0.0,0.0,0.0,0.0,0.0,7.383925923091062e-07,0.0,3.098099780967422e-06,0.0,0.0,0.0,0.0,0.0,0.0,1.0974672163374388e-06,0.0,1.8559144447267276e-06,2.2999314565580147e-06,2.418203126070581e-06,1.7781038726786954e-06,0.0,-5.127319423117792e-07,-6.396436727314901e-07,0.0,3.8497362405962006e-07,0.0,0.0,-9.233702523568047e-07,-3.2129016968767795e-06,-2.8115366587649257e-06,-4.60957115100085e-06,-1.7504921352957426e-06,1.5341953735044976e-06,0.0,9.270689433747808e-07,-2.238723349967382e-06,0.0,2.3284302431668766e-06,8.512115179614207e-07,-1.3016230945697667e-06,1.7075298912838408e-06,1.8986757892837703e-06,7.667223691650871e-07,1.053205943268341e-06,3.7676145506118155e-06,3.5747703452677026e-06,7.332162433819855e-06,-2.5188304674075957e-06,-5.406291543191203e-06,2.0760790350944113e-06,2.5316238814780804e-06,6.44138703886743e-07,3.330984810780155e-06
1993-09-30,0.0,0.0,0.0,0.0,0.0,0.0,0.0,0.0,0.0,0.0,0.0,7.383925923091062e-07,0.0,1.3580380154656181e-06,0.0,0.0,0.0,0.0,0.0,0.0,7.559161379479958e-07,0.0,1.8559144447267276e-06,1.5011697578042987e-06,1.3494372594013167e-06,9.014452213080972e-07,0.0,-7.787130637733454e-07,-1.8105756603690288e-06,0.0,1.2142221910758527e-07,0.0,0.0,-9.233702523568047e-07,-2.2772097285813286e-06,-2.0492718760243866e-06,-2.4885285185457678e-06,-1.7504921352957426e-06,7.267280107040056e-07,0.0,9.270689433747808e-07,-2.238723349967382e-06,0.0,1.6710291355311408e-06,8.512115179614207e-07,3.4766005636993404e-06,1.7075298912838408e-06,5.250297600880093e-07,7.667223691650871e-07,-1.797774253082283e-07,3.7676145506118155e-06,2.60087354257823e-06,1.1340024094845077e-05,-2.5188304674075957e-06,-5.406291543191203e-06,2.907563156554447e-06,2.5316238814780804e-06,6.44138703886743e-07,3.330984810780155e-06
1993-10-29,0.0,0.0,0.0,0.0,0.0,0.0,0.0,0.0,0.0,0.0,0.0,7.383925923091062e-07,0.0,1.3580380154656181e-06,0.0,0.0,0.0,0.0,0.0,0.0,1.0277909997817123e-06,0.0,1.8559144447267276e-06,2.93218953070867e-06,2.1532932596199997e-06,1.3165134071907063e-06,0.0,0.0,-1.8105756603690288e-06,0.0,0.0,0.0,0.0,-9.233702523568047e-07,-3.5755428163078243e-06,-3.1305455557239833e-06,-3.452057968820241e-06,-2.842502476522793e-06,7.267280107040056e-07,0.0,1.7638556777327256e-06,-3.2309442514865154e-06,0.0,3.149332525390515e-06,1.4621688080060812e-06,-3.459799183610841e-06,2.4028634523659452e-06,9.82271151413253e-07,1.5652648832486203e-06,7.43684043217037e-07,5.041288476218671e-06,2.60087354257823e-06,1.876110595684058e-05,-3.6318057133079507e-06,2.19216814750602e-06,4.642109486519838e-06,3.893448722434469e-06,1.8727000952856956e-06,3.330984810780155e-06
1993-11-30,0.0,0.0,0.0,0.0,0.0,0.0,0.0,0.0,0.0,0.0,0.0,-1.872036942824715e-07,0.0,1.3580380154656181e-06,0.0,0.0,0.0,0.0,0.0,0.0,7.245141620509351e-07,0.0,5.118978657094601e-07,1.6160382973739729e-06,8.511783157883011e-07,8.32044565270684e-07,0.0,-1.0654104302689841e-06,-3.7234426599731917e-07,0.0,1.813587713252231e-07,0.0,0.0,-9.233702523568047e-07,-2.4470663221377088e-06,-1.8812002771963496e-06,-2.1476422481799017e-06,-1.5459030612493056e-06,7.267280107040056e-07,0.0,1.7638556777327256e-06,-3.2309442514865154e-06,0.0,-1.3972744256939277e-06,1.4621688080060812e-06,2.7984322783377368e-06,2.4028634523659452e-06,2.893155092863255e-07,1.0503466269951058e-06,-7.912851905217782e-07,3.33659938591447e-06,1.379965589393815e-06,1.3612537119881152e-05,-3.6318057133079507e-06,2.19216814750602e-06,2.825597934413223e-06,2.468260771253584e-06,1.3649237012941376e-06,3.330984810780155e-06
1993-12-31,0.0,0.0,0.0,0.0,0.0,0.0,0.0,0.0,3.547577497102734e-07,0.0,0.0,3.874566496581455e-07,0.0,8.556998857199152e-07,0.0,0.0,0.0,0.0,0.0,0.0,1.3280741434967873e-06,0.0,7.167898748602767e-08,2.224945365142391e-06,1.7094225067550788e-06,1.516615428526069e-06,0.0,-1.0654104302689841e-06,-2.761610453754603e-06,0.0,0.0,0.0,0.0,8.521379646345179e-08,-3.627747374279736e-06,-2.7622391177801173e-06,-2.1476422481799017e-06,-2.482442451583674e-06,7.267280107040056e-07,0.0,2.8182186469918405e-06,-3.2309442514865154e-06,0.0,3.5832962207241063e-06,2.1030698089612113e-06,-1.8220167734940714e-06,2.4028634523659452e-06,2.893155092863255e-07,-3.359611581314931e-06,-1.343716596176649e-06,5.075140926388925e-06,-4.473303454727513e-06,1.3612537119881152e-05,-3.6318057133079507e-06,3.83394466770837e-06,4.182550061280488e-06,4.3001271973294035e-06,2.211703333502245e-06,4.801357805495277e-06
1994-01-31,0.0,0.0,0.0,0.0,0.0,0.0,0.0,0.0,2.4484948924167356e-07,0.0,0.0,2.1303981980540918e-07,0.0,8.556998857199152e-07,0.0,0.0,0.0,0.0,0.0,0.0,8.151763044558423e-07,0.0,1.6248622482988027e-07,2.224945365142391e-06,1.7094225067550788e-06,1.516615428526069e-06,0.0,0.0,-2.761610453754603e-06,0.0,0.0,0.0,0.0,2.7073121584388567e-08,-3.627747374279736e-06,-2.7622391177801173e-06,-6.551412308952296e-07,-6.978146376266133e-07,7.267280107040056e-07,0.0,1.8072319320172645e-06,-3.2309442514865154e-06,0.0,2.68023158954784e-06,2.1030698089612113e-06,3.2451480032197134e-06,1.2343996738685876e-06,1.897299212561689e-07,0.0,-1.343716596176649e-06,3.4335135840787723e-06,-4.473303454727513e-06,5.886105053481381e-06,-3.6318057133079507e-06,3.83394466770837e-06,3.0396408949973677e-06,4.3001271973294035e-06,2.211703333502245e-06,3.078077467557201e-06
1994-02-28,0.0,0.0,0.0,0.0,0.0,0.0,0.0,0.0,3.4990399668224784e-07,0.0,0.0,3.57606194447086e-07,0.0,8.556998857199152e-07,0.0,0.0,0.0,0.0,0.0,0.0,5.57584067462615e-07,0.0,1.8295324865957866e-06,1.561006452255342e-06,1.0905330673003595e-06,1.0222010367906886e-06,0.0,2.462421863165548e-07,-1.8325164248143772e-06,0.0,0.0,0.0,0.0,3.5258434106621926e-07,-3.627747374279736e-06,-2.7622391177801173e-06,-6.551412308952296e-07,-1.694785026341117e-07,7.267280107040056e-07,0.0,1.8072319320172645e-06,-1.4497665810884244e-06,0.0,2.68023158954784e-06,1.308531629109028e-06,3.2451480032197134e-06,1.2343996738685876e-06,0.0,-2.4070148340451865e-06,1.451786047192351e-06,3.4335135840787723e-06,-4.473303454727513e-06,5.886105053481381e-06,-3.6318057133079507e-06,3.83394466770837e-06,3.0396408949973677e-06,4.3001271973294035e-06,1.3899957756473107e-06,1.3279678888036852e-06
1994-03-31,0.0,0.0,0.0,0.0,0.0,0.0,0.0,0.0,-3.853774365830098e-07,0.0,0.0,-3.3984276124102525e-07,0.0,8.556998857199152e-07,0.0,0.0,0.0,0.0,0.0,0.0,3.625913574852294e-07,0.0,-3.611032875523313e-06,-2.741352010885233e-06,-1.8373638619994037e-06,-1.0148703919149153e-06,0.0,-1.4829939895351437e-06,-2.911123508771391e-06,0.0,0.0,0.0,0.0,0.0,-2.106437131667468e-06,-1.9764054120122726e-06,-1.409000592692359e-06,0.0,5.030692152848788e-07,0.0,1.8072319320172645e-06,-1.4497665810884244e-06,0.0,1.147224595747898e-06,1.308531629109028e-06,3.2451480032197134e-06,8.013957905158988e-07,0.0,-2.4070148340451865e-06,1.451786047192351e-06,3.4335135840787723e-06,-4.473303454727513e-06,5.886105053481381e-06,-3.6318057133079507e-06,3.83394466770837e-06,3.0396408949973677e-06,4.3001271973294035e-06,1.3899957756473107e-06,1.9011795615798813e-06
1994-04-29,0.0,0.0,0.0,0.0,0.0,0.0,0.0,0.0,-3.853774365830098e-07,0.0,0.0,-3.3984276124102525e-07,0.0,8.556998857199152e-07,0.0,0.0,0.0,0.0,0.0,0.0,3.625913574852294e-07,0.0,-1.8615171073622705e-06,-1.39736390514547e-06,-9.71862184707409e-07,-6.236971986592885e-07,0.0,0.0,-1.7027116470722325e-06,0.0,0.0,0.0,0.0,0.0,-1.3835286510939157e-06,-1.448567479955232e-06,-8.668844677881554e-07,0.0,-1.0409160128624802e-06,0.0,8.704332494698592e-07,1.8093848626416682e-06,0.0,1.147224595747898e-06,5.369508885424412e-07,3.2451480032197134e-06,8.013957905158988e-07,2.891535704686231e-06,-1.7787109649964173e-06,9.679168873056205e-07,1.570050321442705e-06,-2.8829991460566087e-06,5.886105053481381e-06,-1.4728317939345267e-06,1.788510796641964e-06,3.0396408949973677e-06,2.5905661731588765e-06,8.124376728043975e-07,0.0
1994-05-31,0.0,0.0,0.0,0.0,0.0,0.0,0.0,0.0,3.098644788016489e-07,0.0,0.0,3.4321713083056233e-07,0.0,5.860704124810385e-07,0.0,0.0,0.0,0.0,0.0,0.0,0.0,0.0,-8.945547506335888e-07,-9.592805648198124e-07,-6.698114990731187e-07,-6.236971986592885e-07,0.0,0.0,-1.7027116470722325e-06,0.0,0.0,0.0,0.0,8.303972771177332e-08,-1.3835286510939157e-06,-9.245814871325871e-07,0.0,1.1892099115023986e-06,-1.0409160128624802e-06,0.0,3.255613801632114e-07,9.021494857827716e-07,0.0,8.305783356289466e-07,3.790389425752488e-07,4.97613642404075e-07,8.013957905158988e-07,-8.136162512373396e-07,-7.479801783114008e-07,7.181556097431763e-08,1.1696902132938941e-06,-7.496510255876849e-07,3.1318039526838272e-06,-1.4728317939345267e-06,1.1432608461065076e-06,9.632556633504187e-07,5.273914006687843e-07,3.536949481220254e-07,5.347268565309424e-07
1994-06-30,0.0,0.0,0.0,0.0,0.0,0.0,0.0,0.0,-2.685404434836695e-07,0.0,0.0,-2.890759215474282e-07,0.0,8.386366842150847e-07,0.0,0.0,0.0,0.0,0.0,0.0,0.0,0.0,-1.381062174195354e-06,-1.3091337312688533e-06,-6.698114990731187e-07,-6.236971986592885e-07,0.0,0.0,-1.7027116470722325e-06,0.0,0.0,0.0,0.0,0.0,-9.545412207259112e-07,1.113849985716874e-06,-2.526628033021163e-07,1.1892099115023986e-06,7.13472805553635e-08,0.0,-1.4453257890725647e-06,9.021494857827716e-07,0.0,-2.1872852028684435e-06,2.349842845050761e-07,9.271501261386922e-07,8.013957905158988e-07,-8.136162512373396e-07,-7.479801783114008e-07,4.513361180944867e-08,1.1696902132938941e-06,-7.496510255876849e-07,4.412418035814729e-06,7.794169672212138e-07,-1.3296018389058209e-06,9.632556633504187e-07,-2.568254496499236e-07,-6.775898103301801e-07,7.231724841293488e-07
1994-07-29,0.0,0.0,0.0,0.0,0.0,0.0,0.0,0.0,-4.840916257218684e-07,0.0,0.0,-4.7680680925255755e-07,0.0,1.3836334203311387e-06,0.0,0.0,0.0,0.0,0.0,0.0,0.0,0.0,-2.0778046202373137e-06,-1.961290662611253e-06,-1.3803995847731155e-06,-1.040560311538171e-06,0.0,0.0,-3.59749156808917e-06,0.0,0.0,0.0,0.0,0.0,2.7651382362802517e-06,2.1346488963257276e-06,-2.3588023337660787e-06,2.071128328714668e-06,-1.6080654437543076e-06,0.0,-2.8134608479825063e-06,1.3051763396547576e-06,0.0,1.53778544157006e-07,8.956856448163739e-08,6.220734513940163e-07,8.013957905158988e-07,1.5750093713330756e-06,-1.139154834592712e-06,6.382109335719478e-08,3.82175706680294e-06,-1.9502799021552657e-06,7.98474609804911e-06,2.434421640893105e-06,-2.4713621855452395e-06,0.0,-3.8235196576281285e-07,-1.243545880380204e-06,-3.4212633166600103e-06
1994-08-31,0.0,0.0,0.0,0.0,0.0,0.0,0.0,0.0,-1.9604074603662823e-07,0.0,0.0,-1.0638282027668198e-07,0.0,2.0513409911767375e-06,0.0,0.0,0.0,0.0,0.0,0.0,0.0,0.0,-2.0778046202373137e-06,-2.8001880971317117e-06,-1.9889942906028835e-06,-1.4263809942163092e-06,0.0,0.0,-4.9572893399195774e-06,0.0,0.0,0.0,0.0,0.0,2.7651382362802517e-06,2.1346488963257276e-06,-3.205945683078212e-06,2.071128328714668e-06,-1.6080654437543076e-06,0.0,0.0,2.220877506225514e-06,0.0,0.0,0.0,-2.8015204646987042e-06,1.246546890132591e-06,-2.0956879192214775e-06,-2.9200089870346387e-06,1.365077056764638e-07,3.82175706680294e-06,-2.8898810775190494e-06,7.98474609804911e-06,5.044319119764406e-06,0.0,4.456066157491643e-06,-3.780012982747296e-06,-6.49982429327484e-07,1.2490655021436532e-06
1994-09-30,0.0,0.0,0.0,0.0,0.0,0.0,0.0,0.0,-4.900726328936363e-07,0.0,0.0,-2.9697930328399486e-07,0.0,0.0,0.0,0.0,0.0,0.0,0.0,0.0,0.0,0.0,-3.782021598727841e-06,-3.818892080110825e-06,-1.9889942906028835e-06,-1.4263809942163092e-06,0.0,0.0,-2.1694341423952488e-06,0.0,0.0,0.0,0.0,0.0,-2.0584038346187565e-06,3.4199848465766598e-06,-4.829538126673196e-06,3.1890860759058574e-06,-2.504506405486973e-06,0.0,0.0,2.220877506225514e-06,0.0,0.0,0.0,-3.862062020167117e-06,1.246546890132591e-06,-3.428854593806298e-06,-4.049974102434839e-06,3.049491348106014e-07,3.82175706680294e-06,-2.8898810775190494e-06,1.279827051150686e-05,5.044319119764406e-06,0.0,4.456066157491643e-06,-5.812344053859695e-06,-9.455099058868036e-07,1.7644079403771467e-06
1994-10-31,0.0,0.0,0.0,0.0,0.0,0.0,0.0,0.0,1.4343466435669334e-06,0.0,0.0,1.388291224738449e-06,0.0,0.0,0.0,0.0,0.0,0.0,0.0,0.0,0.0,0.0,-3.782021598727841e-06,-3.818892080110825e-06,-2.939054775344499e-06,-2.146415423134743e-06,0.0,8.181267992426799e-08,-5.128154963157269e-06,0.0,0.0,0.0,0.0,0.0,4.2362631549283375e-06,3.4199848465766598e-06,-4.829538126673196e-06,3.1890860759058574e-06,-2.504506405486973e-06,0.0,-5.681696375770091e-06,2.220877506225514e-06,0.0,0.0,0.0,1.5902508710403707e-06,1.246546890132591e-06,4.233456269978604e-06,-4.049974102434839e-06,3.049491348106014e-07,3.82175706680294e-06,-4.3339463291075e-06,1.279827051150686e-05,5.044319119764406e-06,0.0,4.456066157491643e-06,-5.812344053859695e-06,-9.455099058868036e-07,1.7644079403771467e-06
1994-11-30,0.0,0.0,0.0,0.0,0.0,0.0,0.0,0.0,9.613467323480976e-07,0.0,0.0,9.389428962886825e-07,0.0,-2.651037983935791e-07,0.0,0.0,0.0,0.0,0.0,0.0,0.0,0.0,-1.3782160562379688e-06,-2.4011758282818057e-06,-1.5733254592778374e-06,-1.2096272819353133e-06,0.0,0.0,-5.128154963157269e-06,0.0,0.0,0.0,0.0,0.0,2.9986246529696817e-06,2.4463503353642635e-06,-3.340600341156595e-06,1.9074453706722204e-06,-1.3515357537710809e-06,0.0,-4.204484368811213e-06,1.2290021501000115e-06,0.0,0.0,-1.9569744159041735e-06,-2.687893639560284e-06,6.69518208659981e-07,-2.644132902835483e-06,-1.8932148586802285e-06,2.179198555664657e-07,5.53267937783724e-07,-2.8937761419531034e-06,9.588746552280609e-06,1.733330471440994e-06,-1.81099919823399e-06,2.6623788181338157e-06,-5.812344053859695e-06,-9.455099058868036e-07,-2.837297206060619e-06
1994-12-30,0.0,0.0,0.0,0.0,0.0,0.0,0.0,0.0,9.613467323480976e-07,0.0,0.0,9.389428962886825e-07,0.0,0.0,0.0,0.0,0.0,0.0,0.0,0.0,0.0,0.0,-1.3782160562379688e-06,-3.2293357404637728e-06,-2.1719090661909563e-06,-1.2096272819353133e-06,0.0,1.9490776686421656e-07,-5.128154963157269e-06,0.0,0.0,0.0,0.0,0.0,2.9986246529696817e-06,2.4463503353642635e-06,-3.340600341156595e-06,1.9074453706722204e-06,-1.3515357537710809e-06,0.0,-4.204484368811213e-06,1.7384073779398654e-06,0.0,0.0,-1.9569744159041735e-06,-2.687893639560284e-06,6.69518208659981e-07,-3.6688719106323394e-06,-1.8932148586802285e-06,2.179198555664657e-07,5.53267937783724e-07,-2.8937761419531034e-06,9.588746552280609e-06,2.460568727274151e-06,-1.81099919823399e-06,2.6623788181338157e-06,-5.812344053859695e-06,-9.455099058868036e-07,-3.816351127263961e-06
1995-01-31,0.0,0.0,0.0,0.0,0.0,0.0,0.0,0.0,-3.061091845385709e-07,0.0,0.0,-2.326864354914877e-07,0.0,0.0,0.0,0.0,0.0,0.0,0.0,0.0,0.0,0.0,-1.3782160562379688e-06,-3.2293357404637728e-06,-2.1719090661909563e-06,-1.2096272819353133e-06,0.0,1.0510465175103351e-07,-2.660583536541225e-06,0.0,0.0,0.0,0.0,0.0,2.9986246529696817e-06,2.4463503353642635e-06,-3.340600341156595e-06,1.9074453706722204e-06,-1.3515357537710809e-06,0.0,-2.8839673038488713e-06,1.7384073779398654e-06,0.0,0.0,-1.9569744159041735e-06,5.094509332713166e-07,4.018116771839955e-07,-3.6688719106323394e-06,-1.8932148586802285e-06,1.3068179286293037e-07,9.914155352942325e-08,-2.8937761419531034e-06,9.588746552280609e-06,1.6505103010980575e-06,-9.405424337641091e-07,2.6623788181338157e-06,-5.812344053859695e-06,-7.087016251258963e-07,-3.816351127263961e-06
1995-02-28,0.0,0.0,0.0,0.0,0.0,0.0,0.0,0.0,-1.0798621186784638e-07,0.0,0.0,-1.2923738377452443e-07,0.0,0.0,0.0,0.0,0.0,0.0,0.0,0.0,-9.148220798905825e-07,0.0,-2.2917854071901906e-06,-3.2293357404637728e-06,-2.1719090661909563e-06,-1.2096272819353133e-06,0.0,5.188743387896815e-07,-1.918198603884077e-06,0.0,0.0,0.0,0.0,0.0,4.0388314012629166e-06,3.285353219701949e-06,-4.699668662526927e-06,8.74262133730533e-07,-1.3515357537710809e-06,0.0,-2.8839673038488713e-06,1.7384073779398654e-06,0.0,-4.884913209417644e-06,-1.9569744159041735e-06,3.1166901355462796e-06,1.1581110790641755e-06,-3.6688719106323394e-06,-1.8932148586802285e-06,2.5381178835628995e-07,9.116912288027206e-07,-2.8937761419531034e-06,9.588746552280609e-06,2.6280207252180044e-06,-1.7822061153814682e-06,3.889678994613819e-06,-5.812344053859695e-06,-3.3725725921623025e-07,-3.816351127263961e-06
1995-03-31,0.0,0.0,0.0,0.0,0.0,0.0,0.0,0.0,-1.4845948705325978e-07,0.0,0.0,-1.2923738377452443e-07,0.0,-7.876552042619976e-07,0.0,0.0,0.0,0.0,0.0,0.0,-6.348833334507135e-07,0.0,2.13698259459231e-06,0.0,4.021462110251682e-07,0.0,0.0,3.010839269983701e-07,-1.1655538090213223e-06,0.0,0.0,0.0,0.0,0.0,4.0388314012629166e-06,3.285353219701949e-06,-4.699668662526927e-06,-1.942339287342534e-06,-1.3515357537710809e-06,0.0,-2.001681000994715e-06,1.7384073779398654e-06,0.0,3.096372046320649e-07,-6.07972838297371e-07,-2.838843242700354e-06,6.069950566922766e-07,-1.5898898947064145e-06,-1.8932148586802285e-06,6.32405506779953e-08,5.305161399966813e-08,-1.5314805364839141e-06,7.0353938644332465e-06,2.6280207252180044e-06,-6.717763580977685e-07,2.6797080047680943e-06,-3.939746824776728e-06,-5.464425110102109e-07,-2.4245222127374196e-06
1995-04-28,0.0,0.0,0.0,0.0,0.0,0.0,0.0,0.0,-3.5173429567519485e-07,0.0,0.0,-2.774872848450327e-07,0.0,2.124042065070651e-06,0.0,0.0,0.0,0.0,0.0,0.0,4.946341101377821e-07,0.0,3.380306155953877e-06,0.0,4.021462110251682e-07,0.0,0.0,3.010839269983701e-07,1.9070953354592346e-06,0.0,0.0,0.0,0.0,0.0,2.901872851816837e-06,3.285353219701949e-06,-2.844295106718915e-06,-2.6305298362987933e-06,-2.0566438123790405e-06,0.0,-3.3015422304646706e-06,1.7384073779398654e-06,0.0,5.979943876183369e-07,-9.002438195934029e-07,-1.3521930328371863e-06,8.750985158640748e-07,-2.5078751407613507e-06,-1.8932148586802285e-06,0.0,0.0,-1.5314805364839141e-06,9.808400502998245e-06,2.6280207252180044e-06,-3.264915607256953e-06,3.888963921698694e-06,-3.939746824776728e-06,-2.7027891874715674e-06,-2.4245222127374196e-06
1995-05-31,0.0,0.0,0.0,0.0,0.0,0.0,0.0,0.0,-7.839147193356499e-08,0.0,0.0,0.0,0.0,-8.388304813484014e-07,0.0,0.0,0.0,0.0,0.0,0.0,3.7076262362351806e-07,0.0,7.099913866686057e-07,0.0,0.0,0.0,0.0,3.010839269983701e-07,1.9070953354592346e-06,0.0,1.702768100531873e-07,0.0,0.0,0.0,2.901872851816837e-06,2.361029275927928e-06,-2.844295106718915e-06,-2.6305298362987933e-06,-2.0566438123790405e-06,0.0,-3.3015422304646706e-06,1.7384073779398654e-06,0.0,8.153069220028877e-07,-9.002438195934029e-07,-4.042845104948091e-06,8.750985158640748e-07,-2.5078751407613507e-06,-8.76795142535175e-07,-6.655791825917169e-07,2.9965849833690347e-07,-1.5314805364839141e-06,0.0,2.6280207252180044e-06,-3.264915607256953e-06,2.5024175935439855e-06,-1.607357578191815e-06,-1.4690233875336728e-06,-2.4245222127374196e-06
1995-06-30,0.0,0.0,0.0,0.0,0.0,0.0,0.0,0.0,-4.0953703682717357e-07,0.0,0.0,-1.7071427353053137e-07,0.0,1.1118188603531582e-06,0.0,0.0,0.0,0.0,0.0,0.0,5.786889396273083e-07,0.0,1.5129461041265598e-06,1.0869977507862385e-07,3.991420835161662e-07,4.523513580587583e-08,0.0,4.0612077186440975e-07,3.858630644905868e-06,0.0,0.0,0.0,0.0,0.0,2.901872851816837e-06,-1.4267505118054815e-06,-3.841772961800632e-06,-2.6305298362987933e-06,-3.5713260453224307e-06,0.0,-5.725182409702624e-06,1.7384073779398654e-06,0.0,3.615672812903275e-06,-1.7623663621124502e-06,-1.7419066089954874e-06,1.1869562059136158e-06,-3.378112674574629e-06,-2.0188812081473747e-06,-6.655791825917169e-07,1.78887974318102e-06,-2.272058018037237e-06,1.9201615211387096e-06,3.8293376511141066e-06,3.057525826103628e-06,2.5024175935439855e-06,-3.123576772044914e-06,-2.4338928101733695e-06,1.6779276620080776e-06
1995-07-31,0.0,0.0,0.0,0.0,0.0,0.0,0.0,0.0,-4.0953703682717357e-07,0.0,0.0,-2.455114948402433e-07,0.0,1.1118188603531582e-06,0.0,0.0,0.0,0.0,0.0,0.0,5.786889396273083e-07,0.0,1.5129461041265598e-06,0.0,3.991420835161662e-07,0.0,2.8068076708389565e-06,0.0,3.858630644905868e-06,0.0,0.0,0.0,0.0,0.0,5.402596657225107e-06,3.4981259994882476e-06,-3.841772961800632e-06,-4.059848021279795e-06,-3.5713260453224307e-06,0.0,-5.725182409702624e-06,2.3395209826197476e-06,0.0,-5.866567322632562e-06,-1.7623663621124502e-06,-6.42954540500542e-06,1.1869562059136158e-06,-3.378112674574629e-06,-9.55854532447421e-07,-6.655791825917169e-07,1.78887974318102e-06,-1.6318935040134284e-06,4.026436168003443e-06,3.8293376511141066e-06,3.057525826103628e-06,3.581712619171327e-06,-3.123576772044914e-06,-2.4338928101733695e-06,1.6779276620080776e-06
1995-08-31,0.0,0.0,0.0,0.0,0.0,0.0,0.0,0.0,-2.9509382047133637e-07,0.0,0.0,-9.892826720693658e-08,0.0,1.5508701382193656e-06,0.0,0.0,0.0,0.0,0.0,0.0,7.928001555415777e-07,0.0,0.0,0.0,0.0,0.0,0.0,-2.3176163007771636e-06,5.607325078271127e-06,0.0,-8.225866449363428e-07,0.0,0.0,0.0,7.734213062192591e-06,6.185178805420474e-06,-6.1203115747755895e-06,-5.717468855395889e-06,-2.472788276660505e-06,0.0,-8.934132388855024e-06,2.3395209826197476e-06,0.0,-5.866567322632562e-06,-1.7623663621124502e-06,-2.7146024346794364e-06,1.6120619127944704e-06,-5.187057884336893e-06,3.7524892737293386e-06,-2.5918529303866277e-07,2.4677249516057815e-06,-1.6318935040134284e-06,5.907811203873588e-06,3.8293376511141066e-06,5.265929629967158e-06,5.945571026122686e-06,-5.284852992650631e-06,-2.4338928101733695e-06,2.6323677074029592e-06
1995-09-29,0.0,0.0,0.0,0.0,0.0,0.0,0.0,0.0,-5.781002395136255e-07,0.0,0.0,-2.852679246620927e-07,0.0,2.72398481024183e-07,0.0,0.0,0.0,0.0,0.0,0.0,7.928001555415777e-07,0.0,1.1937625174333833e-07,0.0,0.0,0.0,2.8974899464941175e-06,4.585114404228913e-07,4.160600488092912e-06,0.0,-8.225866449363428e-07,0.0,0.0,0.0,7.734213062192591e-06,6.185178805420474e-06,-6.1203115747755895e-06,-3.868778949738794e-06,-1.8380692136253808e-06,0.0,-8.934132388855024e-06,2.3395209826197476e-06,0.0,-3.486029342099677e-06,-2.53634642706626e-06,-2.7146024346794364e-06,1.1583547544330547e-06,-5.187057884336893e-06,3.7524892737293386e-06,-2.5918529303866277e-07,2.4677249516057815e-06,4.781493509438272e-06,5.907811203873588e-06,3.8293376511141066e-06,5.265929629967158e-06,5.945571026122686e-06,0.0,6.769508810139055e-07,2.6323677074029592e-06
1995-10-31,0.0,0.0,0.0,0.0,0.0,0.0,0.0,0.0,-5.781002395136255e-07,0.0,0.0,-1.475528252812436e-07,0.0,7.916336655321638e-07,0.0,0.0,0.0,0.0,0.0,0.0,7.928001555415777e-07,0.0,0.0,0.0,0.0,0.0,2.8974899464941175e-06,-1.6969321594227932e-06,1.948560930462047e-06,0.0,-8.225866449363428e-07,0.0,0.0,0.0,7.734213062192591e-06,6.185178805420474e-06,-3.7521367196801488e-06,-3.868778949738794e-06,-1.3713095583220098e-06,0.0,-8.934132388855024e-06,2.3395209826197476e-06,0.0,-3.486029342099677e-06,-2.53634642706626e-06,-6.311903386445978e-06,1.1583547544330547e-06,-5.187057884336893e-06,3.7524892737293386e-06,-7.24852260341522e-07,2.4677249516057815e-06,4.781493509438272e-06,5.907811203873588e-06,5.692467420816315e-06,5.265929629967158e-06,5.945571026122686e-06,0.0,6.769508810139055e-07,2.6323677074029592e-06
1995-11-30,0.0,0.0,0.0,0.0,0.0,0.0,0.0,0.0,0.0,0.0,0.0,0.0,0.0,7.916336655321638e-07,0.0,0.0,0.0,0.0,0.0,0.0,4.945624551012299e-07,0.0,0.0,0.0,0.0,0.0,0.0,-1.2165644370926432e-06,3.4015368034534457e-06,0.0,-8.225866449363428e-07,0.0,0.0,0.0,7.734213062192591e-06,6.185178805420474e-06,6.941403942046177e-06,5.295707485568425e-07,2.300057877059513e-06,0.0,-2.030081963051076e-06,2.3395209826197476e-06,0.0,-3.486029342099677e-06,4.6620724933377425e-07,0.0,1.1583547544330547e-06,-5.187057884336893e-06,3.7524892737293386e-06,0.0,3.544638527841703e-06,4.781493509438272e-06,-2.2498529341948764e-05,5.692467420816315e-06,5.265929629967158e-06,-3.3237279371964164e-06,0.0,6.769508810139055e-07,2.6323677074029592e-06
1995-12-29,0.0,0.0,0.0,0.0,0.0,0.0,0.0,1.9165358703641256e-06,7.94144217226774e-07,0.0,0.0,7.746132728905082e-07,0.0,0.0,0.0,0.0,0.0,0.0,0.0,0.0,1.3943216851663184e-07,0.0,0.0,0.0,0.0,0.0,0.0,1.5922171209712387e-06,3.4015368034534457e-06,0.0,-8.225866449363428e-07,0.0,0.0,0.0,4.391653432340252e-06,4.1315017023792766e-06,3.0267306277976615e-06,5.295707485568425e-07,1.9101465210150337e-07,0.0,-2.030081963051076e-06,0.0,0.0,-2.3632117263048334e-07,0.0,0.0,1.1583547544330547e-06,-2.990820903089237e-06,2.4047109890933684e-06,0.0,3.544638527841703e-06,-1.242348145784518e-07,-1.4527753845365243e-05,5.692467420816315e-06,5.265929629967158e-06,-5.80791384202699e-06,0.0,6.769508810139055e-07,2.6323677074029592e-06
1996-01-31,0.0,0.0,0.0,0.0,0.0,0.0,0.0,1.9165358703641256e-06,5.638739893293487e-07,0.0,0.0,5.771052007946409e-07,0.0,2.8554673814728525e-08,0.0,0.0,0.0,0.0,0.0,0.0,0.0,0.0,0.0,0.0,0.0,0.0,0.0,-1.3087565244490066e-06,2.4109272168799738e-06,0.0,-8.225866449363428e-07,0.0,0.0,0.0,1.8485955191102506e-06,1.4424262444793396e-06,1.7135245181913096e-06,7.366708761939446e-07,1.9101465210150337e-07,0.0,2.7957364211182425e-06,0.0,0.0,3.1708937646349527e-06,5.263250508822799e-08,-7.023788045562403e-07,1.1583547544330547e-06,-2.990820903089237e-06,1.5600580168192133e-06,-1.6078374238203635e-07,1.488902770494705e-06,-6.785913016405113e-07,-1.4527753845365243e-05,1.8661564124044928e-06,2.524918408306414e-06,-4.132722537883115e-06,0.0,6.769508810139055e-07,1.4805311083573114e-06
1996-02-29,0.0,0.0,0.0,0.0,0.0,0.0,0.0,1.9165358703641256e-06,5.638739893293487e-07,0.0,0.0,5.771052007946409e-07,0.0,1.0836659610641427e-07,0.0,0.0,0.0,0.0,0.0,0.0,8.467475011409532e-07,0.0,3.465585196176016e-07,0.0,2.608923181928946e-07,0.0,0.0,-1.3087565244490066e-06,0.0,0.0,-8.225866449363428e-07,0.0,0.0,-1.0825790174318325e-06,1.8485955191102506e-06,1.4424262444793396e-06,1.7135245181913096e-06,1.0703316783363276e-06,1.9101465210150337e-07,0.0,-1.2834106467570022e-06,0.0,0.0,-4.894761220409423e-07,8.610651949771405e-07,-4.861866745624653e-07,1.1583547544330547e-06,-2.990820903089237e-06,2.121510311672088e-06,-1.6078374238203635e-07,2.242392060158533e-06,-6.785913016405113e-07,-1.4527753845365243e-05,1.8661564124044928e-06,3.65318532025329e-06,-5.564437950667235e-06,0.0,6.769508810139055e-07,1.4805311083573114e-06
1996-03-29,0.0,0.0,0.0,0.0,0.0,0.0,0.0,1.9165358703641256e-06,5.638739893293487e-07,0.0,0.0,5.771052007946409e-07,0.0,6.097448659171406e-07,0.0,0.0,0.0,0.0,0.0,0.0,8.467475011409532e-07,0.0,5.949602099775097e-07,3.78853642264597e-07,4.1576025667054e-07,7.842368805442878e-08,2.1054655602113157e-06,-1.3087565244490066e-06,0.0,0.0,-1.1109073938767105e-06,0.0,0.0,-1.0825790174318325e-06,1.8485955191102506e-06,1.4424262444793396e-06,1.0360885832654596e-06,1.0703316783363276e-06,5.282091117386891e-07,0.0,-1.2834106467570022e-06,0.0,0.0,-3.3128057754339023e-07,-1.9830774385411255e-06,-3.255199481972431e-06,1.1583547544330547e-06,-2.990820903089237e-06,1.031967920079417e-06,-1.6078374238203635e-07,2.242392060158533e-06,-2.396748127755557e-06,-1.4527753845365243e-05,1.8661564124044928e-06,3.65318532025329e-06,-5.564437950667235e-06,0.0,2.255639129308008e-07,1.4805311083573114e-06
1996-04-30,0.0,0.0,0.0,0.0,0.0,0.0,0.0,9.92236154802601e-07,4.16600763262474e-07,0.0,0.0,4.285630197310482e-07,0.0,2.505981846322231e-07,0.0,0.0,0.0,0.0,0.0,0.0,4.761214323683184e-07,0.0,1.750049463187875e-07,7.664543758107811e-08,1.3999672992516547e-07,0.0,1.3248143762203802e-06,-6.785228396382782e-07,0.0,0.0,-5.944061539322906e-07,0.0,0.0,-7.394852770024669e-07,5.344436845157228e-07,5.021638190808391e-07,1.0360885832654596e-06,5.482343021426856e-07,5.282091117386891e-07,0.0,-1.2834106467570022e-06,1.0704913375225928e-06,0.0,-1.1623363613516048e-07,-8.253512936701052e-07,-1.4652703097143985e-06,8.120727234265809e-07,-6.124829475613164e-07,1.031967920079417e-06,-7.187770511204753e-09,3.0671141496576353e-07,-1.1211413692104836e-06,0.0,1.8661564124044928e-06,3.8370849414012564e-07,2.9126440060271355e-07,1.8405948124230727e-07,3.4937610092833536e-07,2.254037472437198e-07
1996-05-31,0.0,0.0,0.0,0.0,0.0,0.0,0.0,1.4636395438255058e-06,4.16600763262474e-07,0.0,0.0,4.285630197310482e-07,0.0,0.0,0.0,0.0,0.0,0.0,0.0,0.0,7.53677841343751e-07,0.0,-2.079143941640862e-06,-1.853004513440444e-06,-1.347210513619678e-06,-9.123482236553264e-07,1.9427093658368415e-06,-6.785228396382782e-07,2.8525438572816287e-06,0.0,-8.560655121337177e-07,0.0,0.0,-1.1159628149255592e-06,1.0067267664887674e-06,7.827427094301533e-07,1.7282272591251406e-06,9.926633469898525e-07,8.458075134325605e-07,0.0,-3.2737466746733342e-06,-3.5443165790651044e-08,0.0,0.0,-1.6279323259443259e-06,-2.978377417936936e-06,0.0,-6.124829475613164e-07,1.031967920079417e-06,0.0,5.359667408247265e-07,-1.6032945352479915e-06,9.284705490704192e-06,3.105048250731234e-06,8.20768667250374e-07,-2.8139002138496567e-06,3.527719123931294e-07,4.793211462447533e-07,6.094244124022432e-07
1996-06-28,0.0,0.0,0.0,0.0,0.0,0.0,0.0,2.2481412450672465e-06,4.16600763262474e-07,0.0,0.0,6.850854468797793e-07,0.0,1.2233607215623964e-06,0.0,0.0,0.0,0.0,0.0,0.0,1.0957749380256398e-06,0.0,-3.0146222887584704e-06,-2.6899650061216894e-06,-1.965636160666819e-06,-1.368995763408174e-06,2.635809048029128e-06,-1.6289929641686056e-06,-5.988396992703839e-06,0.0,-8.560655121337177e-07,0.0,0.0,-1.5171514171218007e-06,1.791435283464234e-06,1.1898848675761468e-06,2.745793618155035e-06,1.6842793165574286e-06,1.3745866917463131e-06,0.0,-5.0098193172792095e-06,-3.1947270257021924e-07,0.0,-1.5978579230079208e-07,-1.6279323259443259e-06,3.96218425618099e-06,-1.3379191624841297e-06,-1.1022456992864177e-06,1.4652864581300032e-06,0.0,8.965216724929265e-07,-2.6254819110085354e-06,1.2865294266152357e-05,2.326715688129231e-06,1.5917079733700545e-06,-4.104391378291513e-06,1.3538451241936597e-06,9.319863180372957e-07,1.038923524650615e-06
1996-07-31,0.0,0.0,0.0,0.0,0.0,0.0,0.0,1.3289661852548309e-06,4.16600763262474e-07,0.0,0.0,4.5721426987995503e-07,0.0,-1.2003566659579227e-06,0.0,0.0,0.0,0.0,0.0,0.0,1.0957749380256398e-06,0.0,-2.121230252543233e-06,3.2825219121639373e-07,2.8181887061655517e-07,3.3892107009317493e-07,1.348082307627221e-06,-1.2179172898290313e-06,-4.096788102981509e-06,0.0,-8.560655121337177e-07,2.338935234911162e-06,0.0,-7.382602699378236e-07,1.791435283464234e-06,1.1898848675761468e-06,2.745793618155035e-06,1.6842793165574286e-06,5.725289465679937e-07,0.0,-3.7190168897960984e-06,-3.1947270257021924e-07,0.0,-2.345466621861632e-07,-1.6279323259443259e-06,-3.1295175334487625e-06,-1.3379191624841297e-06,-1.1022456992864177e-06,9.578415442816957e-07,0.0,8.965216724929265e-07,-2.6254819110085354e-06,7.862011866200797e-06,2.326715688129231e-06,1.5917079733700545e-06,-2.5022582059708434e-06,1.3538451241936597e-06,9.319863180372957e-07,1.038923524650615e-06
1996-08-30,0.0,0.0,0.0,0.0,0.0,0.0,0.0,1.3289661852548309e-06,6.644995317880496e-07,0.0,0.0,7.76293314542991e-07,0.0,-1.6138964636185876e-06,0.0,0.0,0.0,0.0,0.0,0.0,1.0957749380256398e-06,0.0,-2.121230252543233e-06,-1.8517330386182754e-06,-1.464864818218313e-06,-9.235350593572487e-07,2.256317712277989e-06,2.499241382417063e-06,-6.1474907433990914e-06,0.0,-1.3748247775313515e-06,2.338935234911162e-06,0.0,-1.0764103215758761e-06,1.791435283464234e-06,1.6964549075356124e-06,2.745793618155035e-06,1.6842793165574286e-06,8.065655668376049e-07,0.0,-3.7190168897960984e-06,-8.140549564022541e-07,0.0,0.0,-1.6279323259443259e-06,-3.1295175334487625e-06,-1.3379191624841297e-06,2.3291013038441078e-06,1.691196986294724e-06,6.994173562986266e-07,1.720076284783645e-06,-2.6254819110085354e-06,1.1821593481076492e-05,4.734980386949576e-06,1.5917079733700545e-06,-3.7395048707688637e-06,2.5017850306376507e-06,1.3414648695197595e-06,1.671208166000047e-06
1996-09-30,0.0,0.0,0.0,0.0,0.0,0.0,0.0,1.3289661852548309e-06,6.644995317880496e-07,0.0,0.0,7.76293314542991e-07,0.0,1.0499852823344286e-06,0.0,0.0,0.0,0.0,0.0,0.0,1.0957749380256398e-06,0.0,-2.121230252543233e-06,-1.8517330386182754e-06,-1.464864818218313e-06,-9.235350593572487e-07,1.3149382085291925e-06,-2.199517428354994e-06,-6.1474907433990914e-06,0.0,-7.700523559472731e-07,2.338935234911162e-06,0.0,-7.991975817523731e-07,1.2625177692419896e-06,1.6964549075356124e-06,1.4165481804020361e-06,1.086136951407853e-06,8.065655668376049e-07,0.0,-3.7190168897960984e-06,-8.140549564022541e-07,0.0,-5.316919685372253e-06,-1.6279323259443259e-06,-3.1295175334487625e-06,-1.3379191624841297e-06,2.3291013038441078e-06,1.691196986294724e-06,6.994173562986266e-07,1.720076284783645e-06,8.858257242934155e-07,1.1821593481076492e-05,2.4266077973169525e-06,1.5917079733700545e-06,-3.7395048707688637e-06,2.5017850306376507e-06,1.3414648695197595e-06,1.671208166000047e-06
1996-10-31,0.0,0.0,0.0,0.0,0.0,0.0,0.0,1.3289661852548309e-06,6.644995317880496e-07,0.0,0.0,7.76293314542991e-07,0.0,1.0499852823344286e-06,0.0,0.0,0.0,0.0,0.0,0.0,6.167789266874418e-07,0.0,-2.121230252543233e-06,-1.8517330386182754e-06,-1.464864818218313e-06,-9.235350593572487e-07,2.045215825712341e-06,9.833745655268925e-07,0.0,0.0,-7.700523559472731e-07,1.3577877821869633e-06,0.0,-7.991975817523731e-07,1.2625177692419896e-06,1.0293877090216978e-06,9.357997168646398e-07,6.409517245048282e-07,8.065655668376049e-07,0.0,-3.7190168897960984e-06,-4.920422060889409e-07,0.0,-5.316919685372253e-06,-1.6279323259443259e-06,-3.1295175334487625e-06,-9.874197467827907e-07,-2.1453948243848288e-06,1.691196986294724e-06,6.994173562986266e-07,1.720076284783645e-06,-2.6072421992177646e-06,-6.259718539876687e-06,2.4266077973169525e-06,2.343901462757642e-06,-3.7395048707688637e-06,1.5895653057998753e-06,1.3414648695197595e-06,0.0
1996-11-29,0.0,0.0,0.0,0.0,0.0,0.0,0.0,1.3289661852548309e-06,0.0,0.0,0.0,7.76293314542991e-07,0.0,1.0499852823344286e-06,0.0,0.0,0.0,0.0,0.0,0.0,6.167789266874418e-07,0.0,2.6357747896574832e-06,-1.8517330386182754e-06,-1.464864818218313e-06,-9.235350593572487e-07,2.045215825712341e-06,9.833745655268925e-07,0.0,0.0,-7.700523559472731e-07,1.3577877821869633e-06,0.0,-7.991975817523731e-07,1.2625177692419896e-06,1.0293877090216978e-06,9.357997168646398e-07,6.409517245048282e-07,3.4764401124449087e-07,0.0,-3.7190168897960984e-06,-1.0324193447350246e-06,0.0,-5.316919685372253e-06,0.0,-3.1295175334487625e-06,-9.874197467827907e-07,0.0,1.691196986294724e-06,6.994173562986266e-07,1.720076284783645e-06,1.7951587202859991e-06,-6.259718539876687e-06,2.4266077973169525e-06,2.343901462757642e-06,-3.7395048707688637e-06,1.5895653057998753e-06,1.3414648695197595e-06,0.0
1996-12-31,0.0,0.0,0.0,0.0,0.0,0.0,0.0,9.046770808487915e-07,0.0,0.0,0.0,-2.6919599728985344e-07,0.0,1.0499852823344286e-06,0.0,0.0,0.0,0.0,0.0,0.0,6.167789266874418e-07,0.0,-2.475547370992382e-06,-1.8517330386182754e-06,-1.464864818218313e-06,-9.235350593572487e-07,3.56086438742914e-07,4.905703479667316e-07,-3.677647416411515e-06,0.0,-7.700523559472731e-07,2.215091022191289e-06,0.0,-7.991975817523731e-07,1.2625177692419896e-06,1.0293877090216978e-06,9.357997168646398e-07,6.409517245048282e-07,1.0545999778116828e-07,0.0,-3.7190168897960984e-06,-1.0324193447350246e-06,0.0,-5.316919685372253e-06,-1.3177305068625858e-06,-4.2256428801018374e-06,-1.5895259880131415e-06,0.0,1.691196986294724e-06,6.994173562986266e-07,1.720076284783645e-06,1.7951587202859991e-06,-9.262079809269692e-06,2.4266077973169525e-06,3.623476107032862e-06,-3.7395048707688637e-06,2.122078556502561e-06,-9.539537583426809e-09,0.0
1997-01-31,0.0,0.0,0.0,0.0,0.0,0.0,0.0,9.046770808487915e-07,-1.3616050332687086e-07,0.0,0.0,-2.6919599728985344e-07,0.0,1.7502325930833336e-06,0.0,0.0,0.0,0.0,0.0,0.0,6.167789266874418e-07,0.0,-2.475547370992382e-06,-1.8517330386182754e-06,-1.464864818218313e-06,-9.235350593572487e-07,3.56086438742914e-07,6.62491512988728e-07,0.0,0.0,-7.700523559472731e-07,3.030876541660767e-06,0.0,-7.991975817523731e-07,1.2625177692419896e-06,1.0293877090216978e-06,9.357997168646398e-07,9.801813463561787e-07,1.5207966171190764e-07,0.0,-1.487004161020394e-06,1.4067273303795727e-06,0.0,-5.316919685372253e-06,-1.3177305068625858e-06,-4.2256428801018374e-06,-1.5895259880131415e-06,0.0,1.691196986294724e-06,6.994173562986266e-07,0.0,2.9134291392666653e-06,-9.262079809269692e-06,2.4266077973169525e-06,3.623476107032862e-06,-3.7395048707688637e-06,2.122078556502561e-06,1.5898258927682317e-06,0.0
1997-02-28,0.0,0.0,0.0,0.0,0.0,0.0,0.0,1.2966753395344477e-06,-6.300397011886392e-08,0.0,0.0,-1.873867817004953e-07,0.0,1.7502325930833336e-06,0.0,0.0,0.0,0.0,0.0,0.0,6.167789266874418e-07,0.0,3.22902707029116e-06,-1.383632910517809e-06,1.919123310417608e-06,1.2414346725962346e-06,1.6273840094199373e-06,8.974489154526912e-07,-2.9924572232609066e-06,0.0,-7.700523559472731e-07,1.1450079831583633e-06,0.0,-1.086591293540901e-06,1.2625177692419896e-06,1.0293877090216978e-06,5.937549458981054e-07,9.801813463561787e-07,2.485287541824334e-07,0.0,-1.487004161020394e-06,1.4067273303795727e-06,0.0,-2.226743374240866e-06,-1.3177305068625858e-06,-4.2256428801018374e-06,-1.5895259880131415e-06,0.0,1.691196986294724e-06,2.7054291865417645e-07,2.2477908625699778e-06,2.9134291392666653e-06,1.2840387283700614e-05,3.847111233134488e-07,3.623476107032862e-06,-3.7395048707688637e-06,2.122078556502561e-06,1.5898258927682317e-06,0.0
1997-03-31,0.0,0.0,0.0,0.0,0.0,0.0,0.0,1.2966753395344477e-06,0.0,0.0,0.0,-6.924941656556566e-08,0.0,1.7502325930833336e-06,0.0,0.0,0.0,0.0,0.0,0.0,6.167789266874418e-07,0.0,3.22902707029116e-06,3.2253201131376457e-06,1.919123310417608e-06,1.2414346725962346e-06,2.968426724512115e-07,8.974489154526912e-07,-2.9924572232609066e-06,0.0,-7.700523559472731e-07,1.6199675040571733e-06,0.0,-8.024968954509095e-07,1.2625177692419896e-06,1.0293877090216978e-06,5.937549458981054e-07,9.801813463561787e-07,4.0302840545011766e-07,0.0,-1.487004161020394e-06,1.4067273303795727e-06,1.481194700597547e-06,-2.226743374240866e-06,-1.3177305068625858e-06,-1.7697663917796584e-06,-1.5895259880131415e-06,1.111759546944373e-06,1.0326212068697581e-06,1.5340544106945398e-07,0.0,2.9134291392666653e-06,-5.5261201968433334e-06,0.0,0.0,-2.102573062270403e-06,1.1834422255090248e-06,9.464379590659974e-07,0.0
1997-04-30,0.0,0.0,0.0,0.0,0.0,0.0,0.0,1.2966753395344477e-06,0.0,0.0,0.0,0.0,0.0,1.7502325930833336e-06,0.0,0.0,0.0,0.0,0.0,0.0,6.167789266874418e-07,0.0,3.22902707029116e-06,3.2253201131376457e-06,1.919123310417608e-06,1.2414346725962346e-06,-1.5820437666925329e-06,6.277863358086291e-07,-2.9924572232609066e-06,0.0,-5.706170637881085e-07,1.6199675040571733e-06,0.0,-8.024968954509095e-07,1.2625177692419896e-06,5.173438706679679e-07,1.2445655177836688e-06,6.03330784944969e-07,4.0302840545011766e-07,0.0,-2.2731424268411912e-06,-1.2745554653390941e-06,1.481194700597547e-06,-2.226743374240866e-06,-1.3177305068625858e-06,-1.7697663917796584e-06,-1.5895259880131415e-06,0.0,1.0326212068697581e-06,1.5340544106945398e-07,-7.865485813329437e-07,2.9134291392666653e-06,0.0,1.4300583625852255e-06,0.0,-2.102573062270403e-06,1.1834422255090248e-06,9.464379590659974e-07,-1.3922724125280953e-06
1997-05-30,0.0,0.0,0.0,0.0,0.0,0.0,0.0,1.2966753395344477e-06,0.0,0.0,0.0,-6.777802918130818e-08,0.0,1.7502325930833336e-06,0.0,0.0,0.0,0.0,0.0,0.0,1.3056744162629827e-07,0.0,3.22902707029116e-06,3.2253201131376457e-06,2.7279485815987508e-06,1.2414346725962346e-06,-1.1765264902858328e-06,1.0712504953823982e-06,-2.9924572232609066e-06,0.0,-5.706170637881085e-07,3.368458322796974e-06,0.0,-8.024968954509095e-07,1.2625177692419896e-06,5.173438706679679e-07,1.766517268590377e-06,9.483872034195884e-07,6.573299681965579e-07,0.0,-2.2731424268411912e-06,1.9493813473116193e-06,8.314078721488296e-07,-2.226743374240866e-06,-1.3177305068625858e-06,-2.903736825035664e-06,-1.5895259880131415e-06,0.0,1.6964241986483642e-06,8.345250084016755e-08,-1.544834174382529e-06,2.9134291392666653e-06,-1.2699931557657854e-05,4.941905257000587e-07,0.0,-3.1587885014846064e-06,1.1834422255090248e-06,9.464379590659974e-07,-1.893903984923545e-06
1997-06-30,0.0,0.0,0.0,0.0,0.0,0.0,0.0,8.246402599676977e-07,0.0,0.0,0.0,0.0,0.0,1.7502325930833336e-06,0.0,0.0,0.0,0.0,0.0,0.0,2.1321559603674128e-07,0.0,3.22902707029116e-06,3.2253201131376457e-06,2.7279485815987508e-06,1.2414346725962346e-06,-1.6071753341469369e-06,1.0712504953823982e-06,-2.9924572232609066e-06,0.0,-5.706170637881085e-07,3.368458322796974e-06,0.0,-8.024968954509095e-07,8.07610428773531e-07,5.173438706679679e-07,1.766517268590377e-06,9.483872034195884e-07,6.573299681965579e-07,0.0,-2.2731424268411912e-06,1.136516525313944e-06,8.314078721488296e-07,1.2654495654417439e-06,-1.3177305068625858e-06,4.1278514210853937e-07,-1.5895259880131415e-06,1.2361355650273485e-07,1.6964241986483642e-06,8.345250084016755e-08,-1.544834174382529e-06,2.9134291392666653e-06,-9.16950502845232e-06,0.0,-3.7003628135741434e-06,-4.2243184625018405e-06,1.1834422255090248e-06,0.0,-1.893903984923545e-06
1997-07-31,0.0,0.0,0.0,0.0,0.0,0.0,0.0,4.767602411084846e-07,0.0,0.0,0.0,0.0,0.0,1.1763153917593166e-06,0.0,0.0,0.0,0.0,0.0,0.0,2.877392941879091e-07,0.0,3.22902707029116e-06,3.2253201131376457e-06,2.7279485815987508e-06,1.2414346725962346e-06,-1.6071753341469369e-06,1.0712504953823982e-06,-2.9924572232609066e-06,0.0,-5.706170637881085e-07,1.4300276184395219e-06,0.0,-8.024968954509095e-07,8.07610428773531e-07,5.173438706679679e-07,1.1206696674587944e-06,9.483872034195884e-07,4.544907495125757e-07,0.0,-9.880858364740886e-07,1.136516525313944e-06,0.0,1.2654495654417439e-06,-1.3177305068625858e-06,-1.9583400047889966e-06,-1.5895259880131415e-06,0.0,1.6964241986483642e-06,1.2149180197168886e-07,-1.544834174382529e-06,2.9134291392666653e-06,-6.056745340046161e-06,0.0,-2.334507324986426e-06,-2.4549638676730487e-06,1.1834422255090248e-06,7.181823058114559e-07,-1.893903984923545e-06
1997-08-29,0.0,0.0,0.0,0.0,0.0,0.0,0.0,4.767602411084846e-07,0.0,0.0,0.0,-2.5213503957095635e-08,0.0,1.1763153917593166e-06,0.0,0.0,0.0,0.0,0.0,0.0,1.8594273837139024e-07,0.0,3.22902707029116e-06,1.762332623883478e-06,1.1708032931562095e-06,6.244712442559977e-07,-1.6071753341469369e-06,1.0712504953823982e-06,-2.9924572232609066e-06,0.0,-5.706170637881085e-07,1.4300276184395219e-06,0.0,-8.024968954509095e-07,-1.9907518586005736e-06,-1.6273397461668213e-06,-2.441033014568665e-06,-1.3964250992863723e-06,4.544907495125757e-07,0.0,-9.880858364740886e-07,6.163904848127973e-07,0.0,1.2654495654417439e-06,-8.60499712403547e-07,3.9798739778902894e-07,-1.5895259880131415e-06,0.0,1.6964241986483642e-06,1.686938589420141e-07,8.074778793930362e-07,2.1333853067582724e-06,-6.056745340046161e-06,0.0,-2.334507324986426e-06,-2.4549638676730487e-06,1.1834422255090248e-06,7.181823058114559e-07,-1.893903984923545e-06
1997-09-30,0.0,0.0,0.0,0.0,0.0,0.0,0.0,1.8329408013103245e-07,0.0,0.0,0.0,0.0,0.0,1.1763153917593166e-06,0.0,0.0,0.0,0.0,0.0,0.0,3.7583573781783117e-07,0.0,4.3505314518792405e-06,2.719407541212705e-06,1.787524571168526e-06,9.59628784034324e-07,-1.6071753341469369e-06,1.0712504953823982e-06,-4.670441517068903e-06,0.0,-5.706170637881085e-07,2.666891011700662e-06,0.0,-1.2448742289591183e-06,-3.2704452918234144e-06,-2.6875436941916404e-06,-3.584205130208916e-06,-2.102029059857625e-06,4.544907495125757e-07,0.0,-1.5146872473896867e-06,8.814883010417631e-07,0.0,2.632987218196242e-06,-1.1763694066500335e-06,2.413604314771484e-07,-2.1921992255012487e-06,0.0,-2.301865260208333e-06,2.922988007371965e-07,-3.2151205478010027e-06,2.1333853067582724e-06,-1.4820117899732412e-05,0.0,-3.5762660971535435e-06,-3.894430457556013e-06,1.944540419673956e-06,1.5212954553166276e-06,-3.422177375382931e-06
1997-10-31,0.0,0.0,0.0,0.0,0.0,0.0,0.0,1.8329408013103245e-07,-2.0919674572224033e-08,0.0,0.0,-6.909415830784129e-09,0.0,2.901353516319033e-07,0.0,0.0,0.0,0.0,0.0,0.0,3.7583573781783117e-07,0.0,2.6101795604883145e-06,2.719407541212705e-06,1.787524571168526e-06,9.59628784034324e-07,-8.068230752812559e-07,1.0712504953823982e-06,-3.2472517253737104e-06,0.0,-5.706170637881085e-07,1.3448141406388655e-07,0.0,-8.37570172742999e-07,-1.4888016860247556e-06,-1.4180720045689426e-06,-2.3040434090097787e-06,-1.4795749238788924e-06,4.544907495125757e-07,0.0,-9.583446165718242e-07,4.050307722536763e-07,0.0,2.632987218196242e-06,-8.581624875615309e-07,0.0,-2.1921992255012487e-06,6.103151152948375e-08,-2.301865260208333e-06,2.922988007371965e-07,-3.2151205478010027e-06,2.1333853067582724e-06,-1.4820117899732412e-05,0.0,1.328675046908959e-06,-3.894430457556013e-06,1.944540419673956e-06,1.5212954553166276e-06,-3.422177375382931e-06
1997-11-28,0.0,0.0,0.0,0.0,0.0,0.0,0.0,2.507844049858606e-07,-1.9113693790240196e-07,0.0,0.0,-2.111491282234886e-07,0.0,6.414011772418156e-07,0.0,0.0,0.0,0.0,0.0,0.0,0.0,0.0,2.6101795604883145e-06,9.910063395191043e-07,2.997524958140174e-06,5.012479375501646e-07,-1.1658275859268886e-06,1.4963768202309613e-06,-3.2472517253737104e-06,0.0,-1.1096125154376987e-06,2.9244698665823447e-07,0.0,-1.3336357483945366e-06,-2.0388234670650275e-06,-1.9094735711608482e-06,-2.3040434090097787e-06,-1.4795749238788924e-06,-6.498565423378384e-07,0.0,-5.929070168887056e-07,-2.3727214695189373e-06,0.0,2.632987218196242e-06,1.7456769506327663e-06,-4.1204337098063e-06,-2.1921992255012487e-06,2.906745305672257e-06,-2.301865260208333e-06,4.213910108574276e-07,-3.2151205478010027e-06,2.1333853067582724e-06,1.389686968809153e-05,0.0,1.954076595277658e-06,-3.894430457556013e-06,1.944540419673956e-06,1.5212954553166276e-06,-3.422177375382931e-06
1997-12-31,0.0,0.0,0.0,0.0,0.0,0.0,0.0,1.770721390521705e-07,-1.1973250774339444e-08,0.0,0.0,-4.550256048761764e-08,0.0,8.989736476469046e-07,0.0,3.04188001361642e-06,0.0,0.0,0.0,0.0,0.0,0.0,4.763098803257574e-06,2.0256807885797294e-06,2.997524958140174e-06,7.078168622432896e-07,-1.6125912812319444e-06,0.0,-3.2472517253737104e-06,0.0,-1.1096125154376987e-06,4.4904656221769423e-07,0.0,-1.3336357483945366e-06,-2.9288764685751987e-06,-2.9677402199766636e-06,-3.6164600655841816e-06,-2.6651162597081593e-06,-6.498565423378384e-07,0.0,-8.157328065478709e-07,-2.3727214695189373e-06,0.0,2.632987218196242e-06,1.177075943999625e-06,2.6475362209287544e-06,-3.2636942547620983e-06,2.906745305672257e-06,-3.82196291204491e-06,4.213910108574276e-07,-4.336126291964069e-06,-4.3300121753616744e-06,-2.0745656391942646e-05,0.0,-5.338651419504273e-06,-3.894430457556013e-06,1.944540419673956e-06,2.0712415530022904e-06,-3.422177375382931e-06
1998-01-30,0.0,0.0,0.0,0.0,0.0,0.0,0.0,5.6862488119381644e-08,0.0,0.0,0.0,0.0,0.0,8.989736476469046e-07,0.0,1.8213227921080233e-06,0.0,0.0,0.0,0.0,0.0,0.0,2.2664167399219033e-06,1.3429257390547494e-06,1.5252388357657588e-06,4.903232053176258e-07,-7.74194521079643e-07,8.695208054327887e-07,-1.989296809028203e-06,0.0,-4.799539693692132e-07,1.0195714507850868e-06,0.0,-8.582651566267503e-07,-1.4501816545090931e-06,-1.5317162866148276e-06,-2.0868572171718676e-06,-1.3615914864885811e-06,-6.498565423378384e-07,0.0,-8.157328065478709e-07,-2.3727214695189373e-06,0.0,1.8346836962790837e-06,6.617545623375876e-07,7.714583396536603e-07,-2.0380489074754594e-06,2.0840260727081403e-06,-2.148408501864625e-06,2.890513150277991e-07,-2.423736067564351e-06,-2.2328926631942797e-06,-1.4463354552829669e-05,0.0,-3.1887839335656273e-06,-3.894430457556013e-06,1.944540419673956e-06,1.470454921955903e-06,-2.4897968992004094e-06
1998-02-27,0.0,0.0,0.0,0.0,0.0,0.0,0.0,0.0,-2.152719125566112e-08,0.0,0.0,0.0,0.0,8.989736476469046e-07,0.0,2.5977419432053156e-06,0.0,0.0,0.0,0.0,0.0,0.0,1.3645337330414556e-06,7.533541717431854e-07,3.59726796426544e-07,2.96411872625506e-07,-7.74194521079643e-07,8.695208054327887e-07,-1.989296809028203e-06,0.0,-7.205686589658084e-07,1.4494538336636077e-06,0.0,-8.582651566267503e-07,-1.4501816545090931e-06,-1.5317162866148276e-06,-2.0868572171718676e-06,-1.3615914864885811e-06,0.0,0.0,-1.2435952132570651e-06,-2.3727214695189373e-06,0.0,1.8346836962790837e-06,4.1684503573303636e-07,2.6452935334110037e-06,-2.0380489074754594e-06,2.0840260727081403e-06,-2.148408501864625e-06,2.890513150277991e-07,-2.423736067564351e-06,-2.2328926631942797e-06,-1.4463354552829669e-05,-3.188999684128724e-06,-4.431300783650829e-06,-2.836487521581045e-06,1.944540419673956e-06,0.0,-2.4897968992004094e-06
1998-03-31,0.0,0.0,0.0,0.0,0.0,0.0,6.600892701523174e-07,0.0,-8.144185096513793e-08,0.0,0.0,-1.146419510056887e-07,0.0,5.696857406808131e-07,0.0,2.5977419432053156e-06,0.0,0.0,0.0,0.0,8.294316041490701e-07,0.0,1.3645337330414556e-06,5.348296446889988e-07,3.59726796426544e-07,1.5351687249799152e-07,-7.74194521079643e-07,8.695208054327887e-07,-1.0435751917218378e-06,0.0,-4.3545101907871e-07,7.052900712633039e-07,0.0,-8.582651566267503e-07,-6.54177000042303e-07,-5.624303174796566e-07,-6.703455684534025e-07,-6.955481964082126e-07,0.0,0.0,-1.2435952132570651e-06,-1.5765872655942679e-06,0.0,1.8346836962790837e-06,4.1684503573303636e-07,2.6452935334110037e-06,-9.17832243712566e-07,1.5060633446477334e-06,-1.4653198667408153e-06,2.890513150277991e-07,-2.423736067564351e-06,-2.2328926631942797e-06,2.0246534211442753e-06,-3.188999684128724e-06,-2.7307852238190923e-06,2.962014543360961e-06,0.0,0.0,-2.4897968992004094e-06
1998-04-30,0.0,0.0,0.0,0.0,0.0,0.0,1.1012194267785163e-06,0.0,0.0,0.0,0.0,-1.551698448200984e-07,0.0,8.514179219680377e-07,0.0,2.5977419432053156e-06,0.0,0.0,0.0,0.0,1.1427105267804896e-06,0.0,2.166673761077288e-06,9.271597134086303e-07,8.585482014276417e-07,2.366983259419973e-07,-1.4618761352768774e-06,1.438792357526745e-06,-2.323635677787874e-06,0.0,-6.424809039186265e-07,1.32377514968737e-06,0.0,-1.2710302168085244e-06,-1.4644546629729882e-06,-1.3266620735492984e-06,-1.7817705698393858e-06,-1.4889434328530647e-06,-9.527865555955018e-07,0.0,-1.7720978621685952e-06,-1.5765872655942679e-06,0.0,1.8346836962790837e-06,8.621085048644423e-07,2.6452935334110037e-06,-1.2510547331745207e-06,-2.4117923551732693e-06,-1.4653198667408153e-06,-4.0757330224317305e-07,-3.833730291777702e-06,-2.2328926631942797e-06,-9.150873544943162e-06,-3.188999684128724e-06,-4.266046224862715e-06,2.962014543360961e-06,0.0,0.0,-3.557803707631348e-06
1998-05-29,0.0,0.0,0.0,0.0,0.0,0.0,1.1012194267785163e-06,0.0,0.0,0.0,0.0,-8.69121324430904e-07,0.0,-1.8178907418700631e-06,0.0,2.5977419432053156e-06,0.0,0.0,0.0,0.0,1.1427105267804896e-06,0.0,8.702395604578227e-07,0.0,0.0,0.0,-1.4618761352768774e-06,1.972722903738536e-06,-4.417981198461776e-06,0.0,-1.0864122910024497e-06,2.770472452437563e-06,0.0,-1.7537115257504964e-06,-2.1417627532616377e-06,-1.3266620735492984e-06,-2.4280991912228512e-06,-2.119942455403997e-06,-1.2925313619670207e-06,0.0,-3.158718728031422e-06,-1.5765872655942679e-06,0.0,0.0,1.279442229211869e-06,2.6452935334110037e-06,-2.0007396544958813e-06,-2.4117923551732693e-06,-2.2366589084931275e-06,-4.0757330224317305e-07,-3.833730291777702e-06,-3.796718815193268e-06,1.3104694278566133e-05,-4.40991259137609e-06,-4.266046224862715e-06,4.009233553867619e-06,0.0,0.0,-3.557803707631348e-06
1998-06-30,0.0,0.0,0.0,0.0,0.0,0.0,-1.0031081746374486e-06,0.0,0.0,0.0,0.0,0.0,0.0,-9.389543979012581e-07,0.0,2.5977419432053156e-06,0.0,0.0,0.0,0.0,8.000397685683943e-07,0.0,6.501406891017006e-07,0.0,0.0,0.0,-7.563618679347446e-07,1.37240445273334e-06,-1.501221850720188e-06,0.0,-3.4621319194511365e-07,1.104555628834634e-06,0.0,-1.295906240155325e-06,-2.1417627532616377e-06,-1.3266620735492984e-06,-2.4280991912228512e-06,-2.119942455403997e-06,0.0,0.0,-1.8512688017292638e-06,-1.5765872655942679e-06,0.0,-9.973524699784382e-08,1.279442229211869e-06,-5.283883505151171e-07,1.0345452930141601e-06,-1.26571893814866e-06,-2.2366589084931275e-06,-4.0757330224317305e-07,-2.3614205716449336e-06,-3.796718815193268e-06,9.658153450498286e-07,-1.6033836801594295e-06,-1.9226429685895998e-06,2.4386323896460997e-06,-1.1876092701247546e-06,-5.825951176042751e-07,-1.9879303343923658e-06
1998-07-31,0.0,0.0,0.0,0.0,0.0,0.0,-1.0031081746374486e-06,0.0,0.0,0.0,0.0,0.0,0.0,1.1933157198657215e-06,0.0,4.0786467833183186e-06,0.0,0.0,0.0,0.0,8.000397685683943e-07,0.0,0.0,0.0,0.0,0.0,-1.0426061567425464e-06,1.37240445273334e-06,-1.501221850720188e-06,0.0,-4.7648962771191803e-07,1.5472721470006165e-06,0.0,-1.295906240155325e-06,-2.1417627532616377e-06,-1.3266620735492984e-06,-2.4280991912228512e-06,-2.119942455403997e-06,-1.1087880499595914e-06,0.0,-3.1472404880090218e-06,-2.1291201211008237e-06,0.0,0.0,1.279442229211869e-06,-2.3221091395145793e-06,0.0,-1.26571893814866e-06,-1.076261662925225e-06,-6.163202685748219e-07,-3.3660815809823705e-06,-2.4775930905924995e-06,-1.2698977197515278e-05,-2.2838841605208007e-06,-2.907808834190004e-06,-1.561898693040336e-06,-2.022221696179257e-06,-1.544869307096478e-06,-3.419969338964241e-06
1998-08-31,0.0,0.0,0.0,0.0,0.0,0.0,-1.3841647528609968e-06,0.0,0.0,0.0,0.0,0.0,0.0,-9.133205824959056e-07,0.0,2.7248156338839174e-06,0.0,0.0,0.0,0.0,8.000397685683943e-07,0.0,0.0,0.0,0.0,0.0,-1.0426061567425464e-06,1.37240445273334e-06,-1.501221850720188e-06,0.0,-8.55184001246984e-07,-1.069209625054642e-06,0.0,-8.990024406571486e-07,-2.1417627532616377e-06,-1.9609537937935817e-06,-3.5667986124198106e-06,-2.119942455403997e-06,-1.1087880499595914e-06,0.0,-3.1472404880090218e-06,-2.1291201211008237e-06,0.0,0.0,-1.1098557450743187e-06,-2.3221091395145793e-06,-1.6098727455940008e-08,-1.26571893814866e-06,-1.5662996901566245e-06,-6.163202685748219e-07,-3.3660815809823705e-06,-1.6719870481367876e-06,-1.2698977197515278e-05,-2.2838841605208007e-06,-2.907808834190004e-06,-1.561898693040336e-06,-2.7090785079885964e-06,-1.544869307096478e-06,-3.419969338964241e-06
1998-09-30,0.0,0.0,0.0,0.0,0.0,0.0,-9.500994194023668e-07,-3.176551247536777e-07,0.0,0.0,0.0,0.0,0.0,-6.323214592482864e-07,0.0,1.2698427364856287e-06,0.0,0.0,0.0,0.0,5.761434390669428e-07,0.0,5.471173268234745e-07,0.0,2.2943665739333388e-07,0.0,-7.429918965641414e-07,8.448182004067667e-07,-7.32051343297098e-07,0.0,-3.0859253927745727e-07,-5.023602407975531e-07,0.0,3.79783437125441e-07,-2.1417627532616377e-06,-1.9609537937935817e-06,-2.2662617111736667e-06,-1.3907255148014182e-06,-5.986621884950434e-07,0.0,-2.070484746963866e-06,-2.1291201211008237e-06,0.0,-1.4538432970402828e-06,-1.1098557450743187e-06,-1.209133957033822e-06,1.1257980322084397e-06,-1.26571893814866e-06,-1.0081159643742442e-06,-6.163202685748219e-07,-3.3660815809823705e-06,-1.6719870481367876e-06,-1.2698977197515278e-05,-2.2838841605208007e-06,-2.907808834190004e-06,-5.497423305908228e-07,-2.7090785079885964e-06,-1.544869307096478e-06,-3.419969338964241e-06
1998-10-30,0.0,0.0,0.0,0.0,0.0,0.0,-6.916528334148866e-07,0.0,0.0,0.0,0.0,0.0,0.0,8.213725339675553e-07,0.0,7.536018191429853e-07,0.0,0.0,0.0,0.0,2.385874191067445e-07,0.0,5.471173268234745e-07,8.34026868388287e-08,3.598805079462452e-07,9.384771395650326e-08,-4.6294312141542517e-07,0.0,-7.32051343297098e-07,0.0,2.3543893376297913e-07,5.843586757352423e-07,0.0,-2.8239165667000915e-07,-1.457883590925933e-06,-1.276341941220286e-06,-1.513550289367689e-06,-1.3907255148014182e-06,-5.986621884950434e-07,0.0,-2.070484746963866e-06,-2.1291201211008237e-06,0.0,-1.4538432970402828e-06,-7.353630042361658e-07,-2.3606768081562097e-06,-8.757232507326013e-08,-1.26571893814866e-06,-1.0081159643742442e-06,-3.965854297933328e-07,-1.7303305953215997e-06,-1.6719870481367876e-06,-1.2698977197515278e-05,-2.2838841605208007e-06,-2.907808834190004e-06,-9.139171297593503e-08,-1.6141885508140636e-06,-1.544869307096478e-06,-1.531034573396315e-06
1998-11-30,0.0,5.741090481983356e-07,0.0,0.0,0.0,0.0,-6.916528334148866e-07,0.0,0.0,0.0,0.0,0.0,0.0,8.213725339675553e-07,0.0,1.2939940884524176e-06,0.0,0.0,0.0,0.0,4.1998966647496896e-07,0.0,2.7918654242560605e-07,0.0,0.0,2.4174794635168847e-07,-7.47604241159994e-07,9.967986928153031e-07,-7.32051343297098e-07,0.0,2.3543893376297913e-07,1.1851463006823703e-06,0.0,-7.106373629363856e-07,-1.457883590925933e-06,-1.276341941220286e-06,-1.513550289367689e-06,-1.3907255148014182e-06,-5.986621884950434e-07,0.0,-2.070484746963866e-06,-2.1291201211008237e-06,0.0,2.160120376860633e-06,-4.71939906343537e-07,-1.405973366750081e-06,-2.944383585334894e-07,-1.969944197193817e-06,-1.4838415945142782e-06,-3.965854297933328e-07,-1.7303305953215997e-06,-1.6719870481367876e-06,-5.377923868747788e-06,-2.2838841605208007e-06,-3.910476845937582e-06,0.0,-1.6141885508140636e-06,-1.544869307096478e-06,-1.531034573396315e-06
1998-12-31,0.0,5.741090481983356e-07,0.0,0.0,0.0,0.0,-6.916528334148866e-07,5.951672682286484e-08,0.0,0.0,0.0,0.0,0.0,3.9558524389116343e-07,0.0,1.2939940884524176e-06,0.0,0.0,0.0,0.0,7.39965050567912e-07,0.0,4.504535993191672e-08,0.0,0.0,2.4174794635168847e-07,-7.47604241159994e-07,9.967986928153031e-07,-2.1415045468528952e-07,0.0,4.981068007390469e-07,1.676605489672829e-06,0.0,6.063125559101039e-07,-1.457883590925933e-06,-1.276341941220286e-06,-1.513550289367689e-06,-1.3907255148014182e-06,-5.986621884950434e-07,0.0,-2.9674989696311415e-06,-2.1291201211008237e-06,0.0,-2.521703812537715e-06,-4.71939906343537e-07,-1.405973366750081e-06,-1.702891707566524e-07,-1.3711479293062892e-06,-1.4838415945142782e-06,-5.965317864576658e-07,-3.138911715529712e-06,-1.6719870481367876e-06,-1.4475363083730427e-05,-3.530667487505492e-06,-3.910476845937582e-06,0.0,-2.512476142800013e-06,-1.544869307096478e-06,-2.8226821130580166e-06
1999-01-29,0.0,5.741090481983356e-07,0.0,0.0,0.0,0.0,-6.916528334148866e-07,9.796735041691976e-08,0.0,0.0,0.0,0.0,0.0,3.9558524389116343e-07,0.0,1.7982005059045353e-06,0.0,0.0,0.0,0.0,7.39965050567912e-07,0.0,0.0,0.0,0.0,1.7061006000479415e-07,-7.47604241159994e-07,9.967986928153031e-07,0.0,0.0,4.981068007390469e-07,4.855346207454573e-07,0.0,-5.028960913861911e-07,-1.457883590925933e-06,-1.276341941220286e-06,-1.513550289367689e-06,-1.3907255148014182e-06,-5.986621884950434e-07,0.0,-2.9674989696311415e-06,-2.1291201211008237e-06,0.0,-2.521703812537715e-06,-4.71939906343537e-07,-3.320036416242296e-06,-4.2720902923909114e-07,-1.3711479293062892e-06,-7.852130776537775e-07,-5.965317864576658e-07,-3.138911715529712e-06,-1.6719870481367876e-06,-1.4475363083730427e-05,-1.803842376504931e-06,-3.910476845937582e-06,0.0,-2.512476142800013e-06,-1.544869307096478e-06,-2.8226821130580166e-06
1999-02-26,0.0,5.741090481983356e-07,0.0,0.0,0.0,0.0,-6.916528334148866e-07,6.334682237518187e-08,0.0,0.0,0.0,0.0,0.0,3.9558524389116343e-07,0.0,1.7982005059045353e-06,0.0,0.0,0.0,0.0,0.0,0.0,0.0,0.0,0.0,6.530565774322308e-07,-7.47604241159994e-07,-6.106775900126364e-08,-3.262452614395986e-07,0.0,1.6685839741568413e-07,8.709643819540393e-07,0.0,-7.762143760876314e-07,-1.457883590925933e-06,-1.276341941220286e-06,-2.0655416434826745e-06,-1.3907255148014182e-06,-9.157949705441608e-07,0.0,-2.9674989696311415e-06,-2.1291201211008237e-06,0.0,-2.521703812537715e-06,0.0,-2.4936004178007376e-09,0.0,-1.3711479293062892e-06,-7.852130776537775e-07,-5.965317864576658e-07,-3.138911715529712e-06,-1.6719870481367876e-06,-6.711898065467254e-06,-1.803842376504931e-06,-3.910476845937582e-06,-2.2790980078053345e-07,-2.512476142800013e-06,-2.078814529116218e-06,-2.8226821130580166e-06
1999-03-31,0.0,5.741090481983356e-07,1.9791858452746482e-07,0.0,0.0,0.0,-6.916528334148866e-07,-3.0608765106497824e-07,-2.2577099517420372e-08,0.0,0.0,0.0,0.0,6.672178013218667e-07,0.0,1.7982005059045353e-06,0.0,0.0,0.0,0.0,8.147824282133675e-08,0.0,0.0,0.0,0.0,6.530565774322308e-07,-5.506485707752465e-07,-6.833311556500255e-07,0.0,0.0,3.624287226823379e-07,8.709643819540393e-07,0.0,-4.4393575740862326e-07,-1.457883590925933e-06,-1.276341941220286e-06,-1.030982316285844e-06,-7.872839423467923e-07,-9.157949705441608e-07,0.0,-1.3573447365325658e-06,-1.03312334607553e-06,0.0,-1.865749864721103e-06,0.0,-2.265861229388249e-06,0.0,-1.3711479293062892e-06,-7.852130776537775e-07,-4.115849239048617e-07,-1.161950948021555e-06,-1.0724924257215129e-06,-3.1667464571795553e-06,-1.803842376504931e-06,-2.4072051641187368e-06,-3.205474819161268e-07,-2.512476142800013e-06,-9.710989814549885e-07,-1.1643125446283513e-06
1999-04-30,0.0,5.741090481983356e-07,6.350890554161441e-07,0.0,0.0,0.0,9.092707209077128e-07,4.102161690220597e-07,4.949932290241992e-07,0.0,0.0,5.607107357942949e-07,0.0,6.672178013218667e-07,0.0,1.7982005059045353e-06,0.0,0.0,0.0,0.0,2.149091618290193e-07,0.0,0.0,0.0,0.0,6.530565774322308e-07,1.3104240112891708e-06,8.755054550476581e-07,0.0,0.0,5.943025736907982e-07,1.70443825102869e-06,0.0,-6.335212457627142e-07,-1.457883590925933e-06,-1.276341941220286e-06,-1.6317860529340965e-06,-7.872839423467923e-07,-9.157949705441608e-07,0.0,-2.3321992303943466e-06,-1.03312334607553e-06,0.0,-3.0774394843957974e-06,0.0,-2.265861229388249e-06,0.0,-2.358607477625455e-06,-1.4387252737035815e-06,-6.34473826022895e-07,-1.8170411032293664e-06,-1.0724924257215129e-06,-4.909857329356146e-06,-1.2803588161157675e-06,-3.530426162882738e-06,-8.425775839909855e-07,-2.512476142800013e-06,-1.928199393426268e-06,-2.029268531118567e-06
1999-05-31,0.0,7.896510476567654e-07,0.0,0.0,0.0,0.0,9.092707209077128e-07,4.102161690220597e-07,3.1005359912047485e-07,0.0,0.0,5.607107357942949e-07,0.0,6.672178013218667e-07,0.0,-1.9973996727231576e-06,0.0,0.0,0.0,0.0,3.7867898790604444e-07,0.0,0.0,-2.43191774874393e-06,-1.6828699156729957e-06,-7.034194897850422e-07,1.3104240112891708e-06,-1.4417982759030516e-06,0.0,0.0,0.0,1.70443825102869e-06,0.0,-1.4017505638837516e-06,1.1473076933422323e-06,1.177222442937465e-06,-1.6317860529340965e-06,-7.872839423467923e-07,-1.3078587465595342e-06,0.0,-1.1830638188883686e-06,-1.6760474614473476e-06,0.0,0.0,0.0,-3.75890665393182e-06,0.0,-2.358607477625455e-06,-1.4387252737035815e-06,-6.34473826022895e-07,-2.9099142716178217e-06,-1.0724924257215129e-06,-1.2254885971309183e-05,-8.986858195917168e-07,-5.150112458564738e-06,-8.425775839909855e-07,-4.0519625717833075e-06,-2.7100696051564663e-06,-3.1557760019110483e-06
1999-06-30,0.0,7.896510476567654e-07,0.0,0.0,0.0,0.0,6.397177794075841e-07,6.115796984817113e-07,3.1005359912047485e-07,0.0,0.0,5.607107357942949e-07,0.0,0.0,0.0,-1.4966537983553088e-06,0.0,0.0,0.0,0.0,3.7867898790604444e-07,0.0,-2.8860574243631805e-06,-2.43191774874393e-06,-1.6828699156729957e-06,-7.034194897850422e-07,1.3104240112891708e-06,-1.4417982759030516e-06,2.3658080854562673e-06,0.0,4.6196736450381003e-07,1.70443825102869e-06,0.0,-1.4017505638837516e-06,1.715819723214279e-06,1.177222442937465e-06,-1.6317860529340965e-06,1.200402349253569e-06,-1.3078587465595342e-06,0.0,-1.6402356325104151e-06,-1.6760474614473476e-06,0.0,-3.835885352625498e-06,0.0,-8.612752456087238e-07,-1.3507821351691482e-06,-2.358607477625455e-06,-1.4387252737035815e-06,-6.34473826022895e-07,-2.9099142716178217e-06,-1.0724924257215129e-06,0.0,-8.986858195917168e-07,-2.998143924845559e-06,0.0,-4.0519625717833075e-06,-2.7100696051564663e-06,-3.1557760019110483e-06
1999-07-30,0.0,7.896510476567654e-07,5.239111683157065e-07,0.0,0.0,0.0,3.28212033766042e-07,3.6332900342508173e-07,3.1005359912047485e-07,0.0,0.0,5.607107357942949e-07,0.0,1.0090870183291311e-07,0.0,-1.4966537983553088e-06,0.0,0.0,0.0,0.0,-6.812116932966254e-07,0.0,-2.8860574243631805e-06,-2.43191774874393e-06,-1.6828699156729957e-06,-7.034194897850422e-07,1.3104240112891708e-06,1.9789503531140307e-07,2.3658080854562673e-06,0.0,4.6196736450381003e-07,1.70443825102869e-06,0.0,-7.805881764336354e-07,1.715819723214279e-06,1.177222442937465e-06,1.689941532132605e-06,1.200402349253569e-06,-8.390866133733626e-07,0.0,-3.4420792008334604e-07,-1.1749853698090333e-06,0.0,-3.835885352625498e-06,1.4477024412161787e-06,-8.612752456087238e-07,-1.3507821351691482e-06,-1.399388004734557e-06,-9.261614912989514e-07,-4.2794593636747756e-07,-2.9099142716178217e-06,2.258979488784938e-06,-2.2293552856042798e-06,-8.986858195917168e-07,-1.3264167478047753e-06,0.0,-1.2417299005293102e-06,-6.647836142383798e-07,-3.1557760019110483e-06
1999-08-31,0.0,7.896510476567654e-07,7.368903451263506e-07,0.0,0.0,0.0,3.28212033766042e-07,2.3911498575891527e-07,0.0,0.0,0.0,7.290010830174218e-08,0.0,1.6102649375474285e-07,0.0,-7.845012846937527e-07,0.0,0.0,0.0,0.0,-6.812116932966254e-07,0.0,-5.124134885751666e-07,-4.2297008279755597e-07,-3.925971028136068e-07,-5.4563080433619104e-08,8.800480614360545e-07,-6.472476956077974e-07,1.5971875020647376e-06,0.0,0.0,1.70443825102869e-06,0.0,-7.805881764336354e-07,1.715819723214279e-06,1.177222442937465e-06,1.689941532132605e-06,1.200402349253569e-06,8.366451886576295e-08,0.0,-5.406435757134026e-07,-1.1749853698090333e-06,0.0,-3.835885352625498e-06,1.4477024412161787e-06,-8.612752456087238e-07,-1.3507821351691482e-06,-1.9392929647951713e-06,-9.261614912989514e-07,-4.2794593636747756e-07,-1.9168865393916166e-06,2.258979488784938e-06,-3.1655710288109533e-06,-6.64292252554732e-07,-1.3264167478047753e-06,-4.3661586844216146e-07,3.305108799086851e-07,-4.73170645646336e-07,-1.6201949812701462e-06
1999-09-30,0.0,7.896510476567654e-07,7.368903451263506e-07,0.0,0.0,0.0,4.7215371675610294e-07,4.6293351140966125e-07,2.0235345444165633e-09,0.0,0.0,2.5296388155995983e-07,0.0,2.9221944566576494e-07,0.0,-1.275961341926151e-06,0.0,0.0,0.0,0.0,-6.812116932966254e-07,0.0,-1.336884422234724e-06,-9.702895438159593e-07,-8.340231727271631e-07,-1.549859063646586e-07,1.3914687349230713e-06,-1.2093651429406925e-06,1.5971875020647376e-06,0.0,2.2579453017614874e-07,8.658252303363579e-07,0.0,-7.805881764336354e-07,1.715819723214279e-06,1.58236592261128e-06,2.390337808310947e-06,1.6320660912476863e-06,-5.466416235497213e-07,0.0,-5.406435757134026e-07,1.670841529631651e-06,0.0,4.69951209060521e-07,1.4477024412161787e-06,-8.612752456087238e-07,-1.3507821351691482e-06,0.0,-1.5358611279848745e-06,-7.237565777442692e-07,-1.9168865393916166e-06,2.258979488784938e-06,-3.1655710288109533e-06,0.0,-2.9015072738977335e-06,-1.879901671450495e-06,-1.2557325688321843e-06,-8.323919757187365e-07,-1.6201949812701462e-06
1999-10-29,0.0,4.8534876561191e-07,7.368903451263506e-07,0.0,0.0,0.0,6.611130440554444e-07,4.6293351140966125e-07,7.086650902534684e-08,0.0,0.0,2.5296388155995983e-07,0.0,2.1197612630525548e-07,0.0,-1.275961341926151e-06,0.0,0.0,0.0,0.0,-6.812116932966254e-07,0.0,-1.336884422234724e-06,-9.702895438159593e-07,-8.340231727271631e-07,-1.549859063646586e-07,1.3914687349230713e-06,-1.2093651429406925e-06,1.5971875020647376e-06,0.0,2.2579453017614874e-07,8.658252303363579e-07,0.0,-7.805881764336354e-07,8.675400673849296e-07,7.468931452017961e-07,1.25721794175466e-06,8.115334788059654e-07,-3.9510745434113863e-07,0.0,-7.513211753061584e-07,1.670841529631651e-06,0.0,4.69951209060521e-07,1.4477024412161787e-06,-2.390509806444943e-06,-1.3507821351691482e-06,8.748428408290502e-07,-1.5358611279848745e-06,-9.646817734471259e-08,-2.744781258929921e-06,2.258979488784938e-06,-3.1655710288109533e-06,0.0,-2.9015072738977335e-06,-1.879901671450495e-06,-2.0346907883094654e-06,-1.419592243585776e-06,-2.5336238811433433e-06
1999-11-30,0.0,8.132208477201495e-07,7.368903451263506e-07,0.0,0.0,0.0,6.611130440554444e-07,4.6293351140966125e-07,2.591311047327033e-07,0.0,0.0,4.7675740475680625e-07,0.0,0.0,0.0,-1.8868161737685937e-06,0.0,0.0,0.0,0.0,-6.812116932966254e-07,0.0,-8.309548552547568e-07,0.0,-8.203341453164864e-08,-1.549859063646586e-07,1.3914687349230713e-06,-1.2093651429406925e-06,2.6582005718442584e-06,0.0,0.0,2.6398369475949373e-06,0.0,-1.1623625088840454e-06,1.1678617828747516e-06,7.468931452017961e-07,1.926986168286488e-06,8.115334788059654e-07,-5.523769227382016e-07,0.0,-7.513211753061584e-07,1.670841529631651e-06,0.0,9.249876441602223e-07,1.4477024412161787e-06,-6.863053596403154e-07,-2.0903051368951733e-06,2.2621335310082197e-06,0.0,6.675269135880332e-08,-3.887658747771428e-06,3.1902796366337488e-06,-8.360717000754206e-07,0.0,-4.9780086773251315e-06,-4.437963387478168e-06,-2.8851072293829563e-06,-2.0927152376258396e-06,-2.5336238811433433e-06
1999-12-31,0.0,1.178106276956313e-06,7.368903451263506e-07,0.0,0.0,0.0,0.0,8.169327206484475e-07,3.603657979505025e-08,0.0,0.0,6.921552094702517e-07,0.0,2.0162352553859505e-06,0.0,-2.5966253902520946e-06,0.0,0.0,0.0,0.0,-9.253631824229271e-07,0.0,-1.2664885051978713e-06,-4.917218333009158e-07,-4.1517759185917526e-07,-1.549859063646586e-07,2.4632615313385558e-06,-1.7594157177157928e-06,2.6582005718442584e-06,0.0,2.1640444537248865e-07,7.07342092601402e-07,0.0,-1.1623625088840454e-06,1.6640415755704928e-06,1.258802010821425e-06,1.926986168286488e-06,1.3753214863861483e-06,-8.539370507655509e-07,0.0,-1.1987783503878459e-06,1.670841529631651e-06,0.0,2.765823425100982e-06,2.42085199501462e-06,-6.863053596403154e-07,-2.0903051368951733e-06,2.2621335310082197e-06,-2.616321081842991e-06,-1.5033659876980594e-07,-3.887658747771428e-06,4.5382556432621605e-06,0.0,0.0,-4.9780086773251315e-06,-6.359221607068761e-06,3.599999889958769e-06,-2.0927152376258396e-06,-4.69907240930155e-06
2000-01-31,0.0,4.307097560505876e-07,3.5735718673914935e-07,0.0,0.0,0.0,0.0,2.9899086155346796e-07,1.0044424714463925e-07,0.0,0.0,3.6042479181405436e-07,0.0,1.0913955158799827e-06,0.0,-1.5843160114929204e-06,0.0,0.0,0.0,0.0,-5.290371157276597e-07,0.0,-9.2500167165823e-07,-4.917218333009158e-07,-4.1517759185917526e-07,-1.549859063646586e-07,-5.631680416797223e-07,-1.0166014854188058e-06,1.6815137979214042e-06,0.0,2.1640444537248865e-07,7.07342092601402e-07,0.0,-7.370946727773598e-07,1.1259421059378504e-06,8.765219961397187e-07,9.288859599132861e-07,4.1870020310939717e-07,5.920187034921955e-07,0.0,-1.1987783503878459e-06,5.70296857153062e-07,0.0,1.539143344049546e-06,0.0,-2.2567186790764172e-06,-1.1210978152272803e-06,1.0282490883412606e-06,-1.7731116253644606e-06,-2.891998024746897e-07,-3.887658747771428e-06,2.9839509960242694e-06,0.0,0.0,-3.049818112858731e-06,-3.3928909294200857e-06,2.1396408796300764e-06,-1.4948800202740912e-06,-3.1499297621841177e-06
2000-02-29,0.0,4.307097560505876e-07,3.5735718673914935e-07,0.0,0.0,0.0,0.0,-1.8151099620168723e-07,2.104214027041062e-07,0.0,0.0,6.997811109077187e-08,0.0,1.0913955158799827e-06,0.0,0.0,0.0,0.0,0.0,0.0,-2.8876546093739046e-07,1.0820723193086455e-06,-9.2500167165823e-07,0.0,-2.5634307314468234e-07,-3.501851010809662e-07,-9.414418897515371e-07,-1.0166014854188058e-06,1.6815137979214042e-06,0.0,0.0,1.137712997368026e-06,0.0,-7.370946727773598e-07,1.1259421059378504e-06,8.765219961397187e-07,9.288859599132861e-07,4.1870020310939717e-07,5.920187034921955e-07,0.0,-6.889308701628718e-07,2.779402278629516e-07,0.0,4.6144720397454096e-07,-7.545638347559506e-07,-2.2567186790764172e-06,-1.1210978152272803e-06,1.0282490883412606e-06,-1.7731116253644606e-06,-2.891998024746897e-07,-2.4290818219588762e-06,2.9839509960242694e-06,-5.5890244556303345e-06,-2.3613759037211455e-06,-3.049818112858731e-06,-3.3928909294200857e-06,2.1396408796300764e-06,-1.4948800202740912e-06,-3.1499297621841177e-06
2000-03-31,0.0,4.307097560505876e-07,3.5735718673914935e-07,1.3234626148363883e-07,0.0,8.819456999192563e-07,0.0,-1.8151099620168723e-07,2.104214027041062e-07,0.0,0.0,3.170620452476589e-07,0.0,1.0913955158799827e-06,0.0,0.0,-1.161520534180554e-06,0.0,0.0,0.0,-2.8876546093739046e-07,1.0820723193086455e-06,-9.2500167165823e-07,0.0,-7.520772281089769e-08,-3.501851010809662e-07,-9.414418897515371e-07,-1.0166014854188058e-06,1.0816976750631854e-06,-4.867569426510412e-07,8.35832067926101e-08,1.7527492345413184e-07,0.0,-5.501019850596053e-07,4.7367295441959477e-07,5.017586593477615e-07,9.288859599132861e-07,4.1870020310939717e-07,5.920187034921955e-07,0.0,-1.0734243756250048e-06,4.988905933826424e-09,0.0,8.74179261818733e-07,-7.545638347559506e-07,-2.2567186790764172e-06,-1.1210978152272803e-06,1.0282490883412606e-06,1.7059643733771466e-06,-4.498826916905762e-07,-2.4290818219588762e-06,1.6750763340271556e-06,-5.5890244556303345e-06,3.107925321472655e-06,-3.049818112858731e-06,-2.251211732758004e-06,2.1396408796300764e-06,5.512468539347255e-07,-1.944007983462812e-06
2000-04-28,0.0,4.307097560505876e-07,5.564515804245682e-07,1.8483728393459701e-07,0.0,1.2463061083185265e-06,0.0,-3.1187722623416915e-07,2.104214027041062e-07,0.0,0.0,3.170620452476589e-07,0.0,7.095230743420359e-07,0.0,0.0,-1.6845344962884618e-06,-3.2615721150306948e-06,-7.378214715844796e-06,0.0,-7.745811291451689e-07,-1.7917906005616226e-06,-6.595183611168398e-07,-1.0316301908177075e-07,-3.5409801306017496e-08,-3.501851010809662e-07,-1.4638924567031191e-06,-1.0166014854188058e-06,-2.4356174038371537e-06,-4.867569426510412e-07,8.35832067926101e-08,4.749789633536006e-07,0.0,-5.501019850596053e-07,4.7367295441959477e-07,5.017586593477615e-07,1.338741261068512e-06,6.002328684790676e-07,8.192291132224284e-07,0.0,-1.549834426064824e-06,2.897371949590173e-07,0.0,6.16793586693289e-07,-1.838597957649894e-06,-2.2567186790764172e-06,-1.1210978152272803e-06,1.0282490883412606e-06,1.7059643733771466e-06,-6.422733473735729e-07,-3.395732303673793e-06,3.565034276281523e-06,-1.388010075135869e-05,2.2133868073190576e-07,-3.049818112858731e-06,-3.4292421342476338e-06,2.1396408796300764e-06,8.599566882732246e-07,-2.9997610062255596e-06
2000-05-31,0.0,2.8911255966350017e-07,5.732874569580507e-08,1.8483728393459701e-07,0.0,1.2463061083185265e-06,3.2827023796043335e-08,-3.1187722623416915e-07,-2.82784727663363e-07,0.0,0.0,-2.7805587855306277e-07,0.0,7.095230743420359e-07,0.0,0.0,-1.2269299770851565e-06,-2.2337640040736423e-06,-4.1948153789080106e-06,0.0,-5.498109020064104e-07,0.0,-6.595183611168398e-07,-4.0141822449383203e-07,9.977990803773045e-07,4.704222635012918e-07,-7.368631271832164e-07,-6.839207306858693e-07,-1.727158361497505e-06,-4.867569426510412e-07,4.174197646806324e-07,0.0,0.0,0.0,4.7367295441959477e-07,5.017586593477615e-07,1.338741261068512e-06,6.002328684790676e-07,4.3581053474495083e-07,0.0,-1.549834426064824e-06,1.7629030169390385e-07,0.0,0.0,-1.838597957649894e-06,-2.2567186790764172e-06,-7.794683650569294e-07,2.395665561735886e-06,1.2481324483139101e-06,-3.9476411562686406e-07,-2.2460550238995536e-06,2.3404652579813117e-06,-9.514664203564305e-06,9.604347897200005e-07,-2.1228967404665026e-06,-2.2701760275431326e-06,1.2704372075077955e-06,-9.850497154464098e-07,-2.0880689633715677e-06
2000-06-30,0.0,-4.721456086987083e-07,0.0,1.8483728393459701e-07,5.930249063341369e-07,1.2463061083185265e-06,-5.389587422107385e-07,-3.1187722623416915e-07,-2.82784727663363e-07,0.0,0.0,-2.7805587855306277e-07,0.0,7.095230743420359e-07,0.0,0.0,-1.2269299770851565e-06,-2.2337640040736423e-06,-4.1948153789080106e-06,0.0,-5.498109020064104e-07,0.0,-6.595183611168398e-07,-1.297677118428305e-07,9.977990803773045e-07,4.704222635012918e-07,-1.0720595516359885e-06,-6.839207306858693e-07,-1.727158361497505e-06,-4.867569426510412e-07,0.0,3.5324870031489923e-07,0.0,-5.41402193838329e-07,7.418183352942064e-07,6.869709336300796e-07,1.338741261068512e-06,6.002328684790676e-07,2.504565746085949e-07,0.0,9.85694481421974e-07,-1.9312848526865983e-06,0.0,8.558038257035367e-07,-1.838597957649894e-06,-2.2567186790764172e-06,-7.794683650569294e-07,2.395665561735886e-06,1.2481324483139101e-06,-5.59843420374172e-07,-2.2460550238995536e-06,3.478075358879951e-06,-1.3398137730710598e-05,1.6207442323606873e-06,-2.1228967404665026e-06,-3.236400270292532e-06,1.7000317479233774e-06,0.0,-2.0880689633715677e-06
2000-07-31,0.0,6.30679663127064e-07,0.0,2.6087287139813414e-07,8.82317844077371e-07,1.9318471587912724e-06,4.4028426119482125e-07,-5.429941204207071e-07,-4.0297258359337026e-07,0.0,0.0,-5.21188013134203e-07,0.0,1.492688347742552e-06,0.0,2.2609825529173763e-06,-1.950968158564673e-06,-3.257610810311899e-06,-6.662606409191534e-06,0.0,6.480555886106773e-07,0.0,0.0,2.5423973977213716e-06,1.5320411448487533e-06,7.761823225251106e-07,-1.0720595516359885e-06,-1.0560830710580036e-06,-2.508830952977793e-06,-6.57708011710061e-07,-7.314239133963509e-07,2.563758917823263e-07,0.0,-5.41402193838329e-07,7.418183352942064e-07,6.869709336300796e-07,1.338741261068512e-06,6.002328684790676e-07,3.696108780809204e-07,0.0,0.0,0.0,0.0,0.0,-2.882707033619329e-06,-2.2567186790764172e-06,-7.794683650569294e-07,2.395665561735886e-06,1.2481324483139101e-06,-1.3626303907247933e-07,-3.008705281442442e-06,3.478075358879951e-06,-2.048363264388554e-05,1.6207442323606873e-06,-3.414529976776806e-06,-4.879371659813124e-06,2.8605174121780226e-06,-2.0157889094496785e-06,-2.817399957556394e-06
2000-08-31,0.0,0.0,0.0,2.6087287139813414e-07,8.82317844077371e-07,1.9318471587912724e-06,-8.192956945592188e-07,0.0,0.0,0.0,0.0,-5.21188013134203e-07,0.0,1.492688347742552e-06,0.0,2.2609825529173763e-06,2.3487261091483292e-06,-3.257610810311899e-06,-6.662606409191534e-06,0.0,6.480555886106773e-07,0.0,-3.211071230781313e-06,2.5423973977213716e-06,1.1380721320743181e-06,0.0,-1.0720595516359885e-06,-1.0560830710580036e-06,-2.508830952977793e-06,-6.57708011710061e-07,-7.314239133963509e-07,0.0,0.0,0.0,1.030998973602201e-06,6.869709336300796e-07,1.338741261068512e-06,6.002328684790676e-07,3.696108780809204e-07,0.0,0.0,1.7464183295773447e-06,0.0,0.0,-2.882707033619329e-06,-3.414130652175157e-06,-1.1248723263446992e-06,3.2976794896462593e-06,1.2481324483139101e-06,-2.4570672158627545e-07,-3.008705281442442e-06,-1.9252522011699395e-06,-2.048363264388554e-05,1.6207442323606873e-06,-3.414529976776806e-06,-4.879371659813124e-06,2.8605174121780226e-06,-2.0157889094496785e-06,-2.817399957556394e-06
2000-09-29,0.0,0.0,0.0,2.6087287139813414e-07,8.82317844077371e-07,1.9318471587912724e-06,-6.073289516801739e-07,-5.908783022529344e-07,0.0,2.7048996061965976e-07,0.0,-5.21188013134203e-07,0.0,8.588616919679121e-07,0.0,2.2609825529173763e-06,2.3487261091483292e-06,3.110331006248741e-06,-6.662606409191534e-06,0.0,6.480555886106773e-07,1.929229588582071e-06,2.9638492242568426e-06,2.5423973977213716e-06,1.1380721320743181e-06,1.1072528931721013e-07,-1.0720595516359885e-06,-6.646419753125996e-07,-2.508830952977793e-06,-6.57708011710061e-07,-7.314239133963509e-07,0.0,0.0,-3.181320220947643e-07,5.697906070052134e-07,6.869709336300796e-07,5.947966589589738e-07,6.002328684790676e-07,3.696108780809204e-07,0.0,-2.571102383478687e-06,1.7464183295773447e-06,0.0,0.0,-2.882707033619329e-06,-3.414130652175157e-06,-1.1248723263446992e-06,3.2976794896462593e-06,1.2481324483139101e-06,-3.592558549796499e-07,-3.008705281442442e-06,-1.9252522011699395e-06,-2.048363264388554e-05,1.6207442323606873e-06,-3.414529976776806e-06,-4.879371659813124e-06,2.8605174121780226e-06,-2.0157889094496785e-06,-2.817399957556394e-06
2000-10-31,0.0,-6.238531568762025e-07,0.0,2.6087287139813414e-07,8.82317844077371e-07,1.9318471587912724e-06,-4.3471362558567307e-07,-5.908783022529344e-07,-4.4571040564060236e-07,2.7048996061965976e-07,0.0,-5.21188013134203e-07,0.0,1.2644619138364606e-06,0.0,3.777787634692705e-06,-3.103385017176195e-06,-4.75687294576187e-06,-1.0102015985094642e-05,0.0,-1.502013986713572e-06,2.9682946781312473e-06,2.9638492242568426e-06,4.068787219300606e-06,2.33490222860897e-06,1.9043322645136935e-07,-1.64452819934639e-06,-6.646419753125996e-07,-2.508830952977793e-06,-6.57708011710061e-07,-1.0901454914597393e-06,0.0,0.0,-3.181320220947643e-07,5.697906070052134e-07,6.869709336300796e-07,5.947966589589738e-07,6.002328684790676e-07,3.696108780809204e-07,0.0,-2.571102383478687e-06,1.7464183295773447e-06,0.0,0.0,-4.0621571734452905e-06,-3.414130652175157e-06,0.0,3.2976794896462593e-06,1.96149341318903e-06,-6.119419634751231e-07,-3.008705281442442e-06,3.0510641064915823e-06,-2.048363264388554e-05,1.6207442323606873e-06,-5.4139209724087334e-06,-7.580406631006383e-06,2.8605174121780226e-06,-2.0157889094496785e-06,-2.817399957556394e-06
2000-11-30,0.0,-6.238531568762025e-07,0.0,-2.3455427085425184e-07,8.82317844077371e-07,1.9318471587912724e-06,-4.3471362558567307e-07,-5.908783022529344e-07,-3.3241216338437403e-07,-2.201225358562234e-07,0.0,-5.21188013134203e-07,3.184657855908338e-07,1.2644619138364606e-06,0.0,3.777787634692705e-06,2.78550247569795e-06,4.315221861777647e-06,-1.0102015985094642e-05,0.0,1.4897712644332259e-06,2.9682946781312473e-06,6.113977117091387e-07,1.4404467356626104e-06,9.568152077164352e-07,0.0,-2.684828350633012e-07,-6.646419753125996e-07,-1.665749216960906e-06,-6.57708011710061e-07,-3.932247508995175e-07,0.0,0.0,0.0,5.697906070052134e-07,6.869709336300796e-07,5.947966589589738e-07,6.002328684790676e-07,2.650124463767104e-07,0.0,-2.571102383478687e-06,-1.3717423230238832e-06,0.0,0.0,-4.0621571734452905e-06,-4.611677828147977e-06,0.0,3.2976794896462593e-06,1.96149341318903e-06,-6.119419634751231e-07,-3.008705281442442e-06,3.0510641064915823e-06,-2.048363264388554e-05,1.6207442323606873e-06,-5.4139209724087334e-06,-7.580406631006383e-06,1.6873799636545638e-06,9.203806394402372e-07,-2.817399957556394e-06
2000-12-29,0.0,-6.238531568762025e-07,0.0,-2.3455427085425184e-07,-6.268144271720011e-07,1.3047793284643438e-06,-4.3471362558567307e-07,-5.908783022529344e-07,-3.3241216338437403e-07,-2.201225358562234e-07,0.0,-5.21188013134203e-07,3.184657855908338e-07,0.0,0.0,3.777787634692705e-06,2.78550247569795e-06,4.315221861777647e-06,8.517574529177866e-06,0.0,1.4897712644332259e-06,1.4913906075968371e-06,1.2792047420618402e-06,1.4404467356626104e-06,9.568152077164352e-07,0.0,-7.165442598894638e-07,-9.99562921251606e-07,-1.665749216960906e-06,-6.57708011710061e-07,-1.0144635134765834e-06,4.7132111326174004e-07,0.0,-2.205491085707223e-07,5.697906070052134e-07,6.869709336300796e-07,5.947966589589738e-07,3.9897495414575664e-07,1.1265055900387207e-07,0.0,-2.571102383478687e-06,-1.3717423230238832e-06,0.0,0.0,-4.0621571734452905e-06,-4.611677828147977e-06,-1.6969164548150293e-06,2.3200795366350874e-06,1.96149341318903e-06,-9.30041614427584e-07,-3.008705281442442e-06,1.8920908601998455e-06,-2.048363264388554e-05,1.6207442323606873e-06,-5.4139209724087334e-06,-7.580406631006383e-06,2.860284576643581e-06,-2.6172576585323897e-06,-2.817399957556394e-06
2001-01-31,0.0,-6.238531568762025e-07,-6.918539670394232e-07,-2.3455427085425184e-07,-6.268144271720011e-07,1.3047793284643438e-06,-4.3471362558567307e-07,-5.908783022529344e-07,-3.3241216338437403e-07,-2.201225358562234e-07,0.0,-5.21188013134203e-07,-4.0900883734606653e-07,4.283408856985315e-08,0.0,2.3030090785559635e-06,2.78550247569795e-06,2.551827042955046e-06,5.290356166700121e-06,0.0,1.4897712644332259e-06,0.0,1.2792047420618402e-06,1.4404467356626104e-06,9.568152077164352e-07,2.137341522305668e-07,-7.165442598894638e-07,-9.99562921251606e-07,-1.665749216960906e-06,-4.676430344341117e-07,-5.861523349267089e-07,6.394634633913552e-07,0.0,-2.205491085707223e-07,5.697906070052134e-07,6.869709336300796e-07,7.944667892629446e-07,3.9897495414575664e-07,1.1265055900387207e-07,0.0,-2.571102383478687e-06,-1.3717423230238832e-06,0.0,0.0,-4.0621571734452905e-06,2.5126764203312986e-07,-1.6969164548150293e-06,1.6489862426083974e-06,1.96149341318903e-06,-9.30041614427584e-07,-3.008705281442442e-06,1.8920908601998455e-06,-2.048363264388554e-05,1.6207442323606873e-06,-5.4139209724087334e-06,-7.580406631006383e-06,2.860284576643581e-06,-2.6172576585323897e-06,-2.817399957556394e-06
2001-02-28,0.0,-6.238531568762025e-07,-6.918539670394232e-07,-2.3455427085425184e-07,-8.894881443922021e-07,1.3047793284643438e-06,-2.049910414493023e-07,-5.908783022529344e-07,-6.045556331046375e-07,-2.201225358562234e-07,0.0,-7.872756369355921e-07,-4.0900883734606653e-07,-1.7628334852588403e-06,0.0,0.0,2.78550247569795e-06,2.551827042955046e-06,5.290356166700121e-06,0.0,1.0761796954993442e-06,0.0,2.932839671740585e-07,6.034994152503655e-07,7.110694423305249e-07,2.137341522305668e-07,-2.1237571067386739e-07,-9.99562921251606e-07,-1.665749216960906e-06,-4.676430344341117e-07,-1.506637128991208e-07,3.9950510671126886e-07,0.0,0.0,5.697906070052134e-07,6.869709336300796e-07,7.944667892629446e-07,3.9897495414575664e-07,1.1265055900387207e-07,0.0,-2.571102383478687e-06,-1.3717423230238832e-06,0.0,0.0,-2.9648264758361706e-06,6.661043915703451e-07,-7.595980329177734e-07,1.6489862426083974e-06,1.96149341318903e-06,-9.30041614427584e-07,-3.008705281442442e-06,1.8920908601998455e-06,-2.048363264388554e-05,2.5077043726784225e-06,-5.4139209724087334e-06,-4.602015695259115e-06,2.860284576643581e-06,-1.5448958829483441e-06,-2.817399957556394e-06
2001-03-30,0.0,-2.969714476487324e-07,-4.4755823511430934e-07,-1.32375298874571e-07,-4.907129504511359e-07,-2.9428968830051475e-07,-5.027332486029108e-08,-2.0185422165329752e-07,-2.0589567591447574e-07,-2.201225358562234e-07,0.0,-2.2924786530539823e-07,-4.0900883734606653e-07,-1.217521561550701e-06,0.0,4.413496009780233e-07,1.6302883025265434e-06,1.8472599687765104e-06,3.845614195824777e-06,0.0,5.520193352494352e-07,0.0,2.932839671740585e-07,6.034994152503655e-07,4.121718036813681e-07,6.485233827980362e-08,-2.1237571067386739e-07,-6.486425809574871e-07,-6.377460935989256e-07,-3.443013138729341e-07,-2.488459839583423e-07,6.98000714967091e-07,0.0,0.0,5.697906070052134e-07,6.869709336300796e-07,7.944667892629446e-07,3.9897495414575664e-07,1.1265055900387207e-07,0.0,-1.1507666043056985e-06,-6.926019531277682e-07,0.0,0.0,-1.5751081351578433e-06,2.8222159140464346e-07,-5.465593708772414e-07,-1.070275320105938e-07,5.487323832056406e-07,-9.30041614427584e-07,-1.5489930361994388e-06,5.370993111548591e-07,-1.0690424392547102e-05,1.5784040062434978e-06,-2.3979658382789484e-06,-3.0645809474403613e-06,0.0,-9.391682585047284e-07,-1.4663048861950293e-06
2001-04-30,0.0,-2.969714476487324e-07,-4.4755823511430934e-07,-1.32375298874571e-07,-4.907129504511359e-07,-2.9428968830051475e-07,-3.700316687107792e-08,-2.0185422165329752e-07,-2.0589567591447574e-07,-2.201225358562234e-07,0.0,-2.2924786530539823e-07,-4.0900883734606653e-07,1.299961314512108e-07,0.0,6.879072855244916e-07,1.1201235155757539e-06,1.2468343537580941e-06,2.538567224360685e-06,0.0,5.520193352494352e-07,9.821360782581042e-07,2.932839671740585e-07,6.034994152503655e-07,4.121718036813681e-07,3.1097567560553536e-08,-2.1237571067386739e-07,-6.486425809574871e-07,-6.377460935989256e-07,-3.443013138729341e-07,-3.765832946158937e-07,6.98000714967091e-07,0.0,0.0,5.697906070052134e-07,6.869709336300796e-07,7.944667892629446e-07,2.357937474988836e-07,1.1265055900387207e-07,0.0,-1.1507666043056985e-06,-6.926019531277682e-07,0.0,0.0,-1.5751081351578433e-06,1.3208189404088838e-06,-5.465593708772414e-07,1.8141589214175672e-06,0.0,-5.822072928327098e-07,-1.5489930361994388e-06,1.5488535003849587e-06,-6.389719912976179e-06,1.5784040062434978e-06,-2.3979658382789484e-06,-3.0645809474403613e-06,0.0,-5.376501220880334e-07,-1.4663048861950293e-06
2001-05-31,0.0,-5.761568572779099e-07,-8.221051624563153e-07,-2.583102650607157e-07,-9.31587376132027e-07,-8.087947579975834e-07,0.0,-5.452811375677123e-07,-2.0589567591447574e-07,-3.436925501334975e-07,0.0,-4.3798526027969523e-07,-6.237043149301734e-07,1.299961314512108e-07,0.0,1.0282816299636399e-06,1.9352781340773816e-06,2.3887540444995585e-06,4.528333935888862e-06,0.0,-4.669061844650635e-07,1.822414156728952e-06,7.096974423088829e-07,1.1164027855914893e-06,1.0062804358618345e-06,6.436302456024789e-07,-6.594634575098918e-07,-1.1014857746148373e-06,-1.8507923334388871e-06,-6.398054832016402e-07,-6.487663830342457e-07,1.6939437130450978e-06,0.0,-5.731204794686622e-07,8.414732649260186e-07,6.869709336300796e-07,1.0611631569550246e-06,3.5804598052567826e-07,2.6597382788569667e-07,0.0,-5.997468630560394e-07,-1.1382037037016117e-06,0.0,0.0,-1.5751081351578433e-06,-1.8857763787465112e-06,-1.2428810789553127e-06,1.8141589214175672e-06,1.3950885884908447e-06,-8.787171148912338e-07,-1.5489930361994388e-06,2.2128522930788504e-06,2.5004594241134497e-06,2.603368145886029e-06,-2.3979658382789484e-06,-5.516109604666004e-06,2.142742947100138e-06,-1.0600189429079258e-06,-2.1353906998558202e-06
2001-06-29,0.0,-3.4548514556327444e-07,-8.221051624563153e-07,-2.583102650607157e-07,-9.31587376132027e-07,-1.080618684994498e-06,0.0,-3.236975580772036e-07,-4.235351500606695e-07,-3.436925501334975e-07,0.0,-4.3798526027969523e-07,-6.237043149301734e-07,-1.862768259116267e-06,0.0,-1.5097219179423956e-06,1.9352781340773816e-06,2.3887540444995585e-06,4.528333935888862e-06,0.0,-4.669061844650635e-07,1.822414156728952e-06,4.6310573032004244e-07,1.1164027855914893e-06,1.0062804358618345e-06,6.436302456024789e-07,0.0,-3.24936934849831e-07,-5.251381435009678e-07,-6.398054832016402e-07,-2.7363107401905626e-07,1.1485682060641396e-06,0.0,0.0,4.313808276458635e-07,4.0326850709960215e-07,6.969993718510877e-07,3.5804598052567826e-07,0.0,0.0,-5.997468630560394e-07,-7.19383960175973e-07,0.0,0.0,-1.1326853184863952e-06,2.0035554138771887e-06,-6.928111672432365e-07,-2.356794313963833e-06,1.3950885884908447e-06,-8.787171148912338e-07,-1.5489930361994388e-06,2.2128522930788504e-06,1.087461025030112e-05,2.603368145886029e-06,-2.3979658382789484e-06,-3.278427855537818e-06,2.142742947100138e-06,-4.742569460255065e-07,-2.1353906998558202e-06
2001-07-31,0.0,-3.4548514556327444e-07,-8.221051624563153e-07,-2.583102650607157e-07,-9.31587376132027e-07,-1.080618684994498e-06,0.0,-3.236975580772036e-07,-4.235351500606695e-07,-4.693114144816524e-07,0.0,-6.256318125410604e-07,-6.237043149301734e-07,-1.862768259116267e-06,0.0,1.123848789159731e-06,1.9352781340773816e-06,2.3887540444995585e-06,6.270967211667739e-06,0.0,9.991527682136851e-07,1.822414156728952e-06,0.0,1.1164027855914893e-06,1.0062804358618345e-06,6.436302456024789e-07,0.0,-3.24936934849831e-07,-5.251381435009678e-07,-6.398054832016402e-07,-2.7363107401905626e-07,1.1485682060641396e-06,0.0,0.0,-1.0910047867104504e-06,4.0326850709960215e-07,-1.1803490066584595e-06,3.5804598052567826e-07,0.0,0.0,-3.2584755292567846e-07,-1.7159543495236637e-07,0.0,0.0,-1.5769933556041986e-06,2.0035554138771887e-06,-6.928111672432365e-07,-2.356794313963833e-06,1.3950885884908447e-06,-8.787171148912338e-07,-1.5489930361994388e-06,2.2128522930788504e-06,7.69284769464608e-06,-3.1257656294083034e-07,-1.5687247579441423e-06,1.0319941440309567e-06,2.142742947100138e-06,1.1981125813460807e-06,-2.1353906998558202e-06
2001-08-31,0.0,-5.876182431329851e-07,-8.221051624563153e-07,-2.583102650607157e-07,-9.31587376132027e-07,-1.080618684994498e-06,0.0,-5.007145453596477e-07,-2.6173229979014164e-07,-4.693114144816524e-07,0.0,-6.256318125410604e-07,-6.237043149301734e-07,-1.0785359804054698e-06,0.0,1.123848789159731e-06,1.9352781340773816e-06,2.3887540444995585e-06,6.270967211667739e-06,0.0,9.991527682136851e-07,1.822414156728952e-06,1.8830503660961107e-06,1.512277643930838e-06,1.0062804358618345e-06,6.436302456024789e-07,0.0,1.0205184479357956e-06,-8.383158552210299e-07,6.15857821288346e-07,-6.089097106459382e-07,1.5705796047536113e-06,0.0,9.03516744970243e-07,-1.0910047867104504e-06,-8.132111208997277e-07,-1.1803490066584595e-06,-6.813297105330619e-07,0.0,0.0,-7.66552493723137e-07,-9.135324255784596e-08,0.0,0.0,-1.5769933556041986e-06,2.0035554138771887e-06,-6.928111672432365e-07,-2.356794313963833e-06,1.3950885884908447e-06,-6.485515162116812e-07,-1.5489930361994388e-06,2.2128522930788504e-06,7.69284769464608e-06,-2.305820039291435e-07,-1.5687247579441423e-06,-1.132054899978384e-06,2.142742947100138e-06,-1.6131495378149057e-07,-1.4570820020256083e-06
2001-09-28,0.0,-5.3183391238737986e-08,-2.5890308867301437e-07,-8.698914049249136e-08,-2.7365207147238605e-07,-2.291652061148957e-07,0.0,-8.064515546675224e-08,-1.7985340014703e-07,-4.693114144816524e-07,0.0,-1.7247319340124617e-07,-3.8258679018248143e-07,-3.347108919850696e-07,0.0,7.516973680420401e-07,1.1075001102243252e-06,1.1444811688551603e-06,2.2063040629332144e-06,0.0,5.617818871618536e-07,1.1924191940443663e-06,9.101377660416296e-07,8.409069092631106e-07,7.161292876333704e-07,4.7513918727794785e-07,0.0,5.732425560104556e-07,0.0,3.509089291448325e-07,-1.063217293969406e-07,8.012689983910234e-07,0.0,5.387625146699029e-07,-2.6687143693861947e-07,-2.8189296443085527e-07,-2.680835314555628e-07,-2.71429905722431e-07,0.0,0.0,8.996695563996171e-07,0.0,0.0,0.0,-5.352551797585224e-07,2.0035554138771887e-06,-6.928111672432365e-07,-1.2107855524589858e-06,1.0105957864110755e-06,-6.485515162116812e-07,-1.5489930361994388e-06,-1.7383352846519325e-08,5.334857143488362e-06,-7.61436242669733e-07,-1.5687247579441423e-06,-1.132054899978384e-06,1.3084975307431583e-06,-9.653615722103609e-08,-1.4570820020256083e-06
2001-10-31,0.0,-5.3183391238737986e-08,-2.5890308867301437e-07,-1.2603522552414716e-07,-3.6564422066390225e-07,-4.142548835471515e-07,0.0,-8.064515546675224e-08,-1.7985340014703e-07,-4.693114144816524e-07,0.0,-2.686514872296639e-07,-5.867258959134049e-07,-5.447371135114255e-07,0.0,7.516973680420401e-07,1.1075001102243252e-06,1.7367290433439272e-06,3.424135420484256e-06,0.0,5.617818871618536e-07,1.959023602623409e-06,1.3472702495355552e-06,1.1228288571090818e-06,7.161292876333704e-07,4.7513918727794785e-07,0.0,5.732425560104556e-07,0.0,5.08000218540496e-07,-4.8078777819912655e-08,1.0798458155216235e-06,0.0,7.374740553080947e-07,-5.837511018374183e-07,-5.520138056528449e-07,-6.061604383243953e-07,-4.782565477152721e-07,0.0,0.0,1.30040170804852e-06,0.0,0.0,0.0,-8.110684876115563e-07,2.0035554138771887e-06,-1.2774933675652486e-06,-8.50199450460003e-07,1.0105957864110755e-06,-1.0204414070521924e-06,-1.5489930361994388e-06,-2.661207222770981e-07,8.824380591070626e-06,-7.61436242669733e-07,-2.6387047848972826e-06,-2.0240268892670183e-06,1.8449419877725858e-06,0.0,-1.4570820020256083e-06
2001-11-30,0.0,-2.5485536408933674e-07,-2.5890308867301437e-07,-6.213288300252406e-08,-3.6564422066390225e-07,-4.142548835471515e-07,0.0,-1.670165739448192e-07,0.0,-4.693114144816524e-07,0.0,-1.618715131359584e-07,-5.867258959134049e-07,-5.447371135114255e-07,0.0,7.516973680420401e-07,3.130413815394663e-07,9.599746527768746e-07,2.0309729398701018e-06,0.0,2.914563703694207e-07,0.0,8.322679180636266e-07,7.975925433145183e-07,5.117223993572814e-07,4.7513918727794785e-07,0.0,0.0,-3.479338881460742e-07,5.08000218540496e-07,-3.6388507940734757e-07,1.0798458155216235e-06,0.0,7.374740553080947e-07,-3.9611750291235917e-07,-3.5675560907275683e-07,-4.15287167839848e-07,-4.782565477152721e-07,-1.339009359591637e-07,0.0,-4.462042712310251e-07,-1.3295345156789546e-06,0.0,0.0,-5.954294085856102e-07,1.2660899937347454e-06,-3.8115772805682715e-07,-3.2974569552983033e-07,7.228893129843466e-07,-5.119465986028164e-07,-5.070522226402151e-07,0.0,8.824380591070626e-06,-2.9981084475391245e-07,-2.6387047848972826e-06,-1.4891207107692963e-06,0.0,0.0,-4.5564692092411054e-07
2001-12-31,0.0,0.0,-4.5302025082073074e-07,-4.284494360108272e-08,-6.596260099039709e-07,-5.600768639200888e-07,-1.1962822516026987e-07,0.0,-2.2954740089456762e-07,-4.693114144816524e-07,0.0,-5.312779170283761e-07,-5.867258959134049e-07,1.3110134887613416e-06,0.0,7.516973680420401e-07,-4.7381143444077164e-07,6.583387358395683e-07,4.6837815903736655e-07,0.0,-4.854806558834218e-07,1.5875617623657108e-06,1.144811156416312e-06,7.975925433145183e-07,5.117223993572814e-07,4.7513918727794785e-07,0.0,0.0,0.0,0.0,0.0,1.0798458155216235e-06,0.0,0.0,-6.532226727281471e-07,-5.84631041477829e-07,-7.408997087218809e-07,-4.782565477152721e-07,-3.141805128643735e-07,0.0,1.95678708610762e-06,-1.3295345156789546e-06,0.0,0.0,-8.200602073820031e-07,1.7037110773570375e-06,-3.8115772805682715e-07,1.3315262563263303e-06,7.228893129843466e-07,-6.933343034268512e-07,-5.070522226402151e-07,-2.3873782665237205e-07,8.824380591070626e-06,0.0,-2.6387047848972826e-06,-1.4891207107692963e-06,-2.7927096609071135e-07,0.0,-4.5564692092411054e-07
2002-01-31,0.0,0.0,-4.5302025082073074e-07,-6.07683945335117e-08,-9.693661286663548e-07,-9.97457913768861e-07,-3.3011565615526835e-07,0.0,-2.2954740089456762e-07,-7.552061379396212e-07,0.0,-7.957169530710306e-07,-9.680297426671187e-07,1.7655757015699587e-06,0.0,1.6363732802530102e-06,-8.734081713096287e-07,1.0317568934474064e-06,4.6837815903736655e-07,0.0,-8.469967459643584e-07,1.5875617623657108e-06,1.5337320055916904e-06,1.3843621558896553e-06,9.321239882383937e-07,6.706988028014533e-07,0.0,0.0,0.0,0.0,0.0,1.0798458155216235e-06,0.0,0.0,-9.314379155026623e-07,-8.26083221375274e-07,-1.1099477763343123e-06,-7.498057813051776e-07,-4.941770839622121e-07,0.0,1.95678708610762e-06,-1.3295345156789546e-06,0.0,0.0,-8.200602073820031e-07,1.7037110773570375e-06,-8.979251161312724e-07,2.0284733627609175e-06,7.228893129843466e-07,-1.3562759331127156e-06,-5.070522226402151e-07,-1.563469052327218e-06,1.2900547059986519e-05,0.0,-4.577771626503564e-06,-1.4891207107692963e-06,2.201279239004871e-06,0.0,-4.5564692092411054e-07
2002-02-28,0.0,-2.108631442126724e-07,-4.5302025082073074e-07,-1.9387237329145875e-07,-1.3062334778901562e-07,-5.500197264759329e-07,-5.016843560344354e-07,-2.5198300148581087e-07,0.0,-7.552061379396212e-07,0.0,-7.957169530710306e-07,-9.680297426671187e-07,1.7655757015699587e-06,0.0,2.3772526673277916e-06,-1.8105880173504505e-06,1.4926999166148509e-06,6.418853564796375e-06,0.0,-3.5576111477312866e-07,3.3104979444321935e-06,2.24929494187003e-06,2.0468947916221945e-06,1.3839760839028988e-06,9.668678473068683e-07,2.220731967790997e-06,0.0,0.0,0.0,-4.592940958445597e-07,3.2614221105670087e-06,0.0,0.0,-9.314379155026623e-07,-8.26083221375274e-07,-1.1099477763343123e-06,-7.498057813051776e-07,-7.071769378511276e-07,0.0,1.95678708610762e-06,-2.336282983558293e-06,0.0,0.0,-8.200602073820031e-07,2.4854155077661887e-06,-1.256727369622754e-06,-8.551055162463776e-07,-2.207995055598976e-06,-8.610412627202323e-07,-5.070522226402151e-07,-3.0900998513743605e-06,1.2900547059986519e-05,-6.675152828384954e-07,-4.577771626503564e-06,-5.877904153149538e-07,2.9836506373623674e-06,0.0,0.0
2002-03-29,0.0,0.0,0.0,-1.9387237329145875e-07,-1.3062334778901562e-07,0.0,1.0668460038616631e-06,0.0,0.0,-7.552061379396212e-07,0.0,-3.449374211824553e-07,-9.680297426671187e-07,1.7655757015699587e-06,0.0,2.3772526673277916e-06,-1.8105880173504505e-06,-2.6157186202745602e-06,-5.766617339459078e-06,0.0,-2.2586019969351349e-07,3.3104979444321935e-06,2.24929494187003e-06,2.0468947916221945e-06,1.3839760839028988e-06,0.0,2.220731967790997e-06,1.9492064129764302e-06,0.0,0.0,-4.0662574649238176e-08,0.0,0.0,1.394797300888557e-06,0.0,-1.1640162098036268e-06,-1.1099477763343123e-06,-1.0129469365537066e-06,-4.65295058818472e-07,0.0,1.95678708610762e-06,-2.336282983558293e-06,0.0,0.0,2.4391012161460376e-06,2.4854155077661887e-06,-1.256727369622754e-06,0.0,-2.207995055598976e-06,-8.610412627202323e-07,-7.379576921568316e-07,-3.0900998513743605e-06,1.2900547059986519e-05,-1.716318863781696e-07,-4.577771626503564e-06,-9.254250227790267e-07,2.9836506373623674e-06,2.480860442996123e-06,-4.202498183786097e-07
2002-04-30,0.0,0.0,-7.806424552376934e-08,-1.3197410946626613e-07,-1.3062334778901562e-07,-7.846026084059672e-08,1.0668460038616631e-06,0.0,0.0,-7.552061379396212e-07,0.0,-3.449374211824553e-07,-9.680297426671187e-07,-3.581886905663766e-07,0.0,2.3772526673277916e-06,2.2017057673236e-06,3.178399332846189e-06,7.674821681058261e-06,0.0,-2.2586019969351349e-07,3.3104979444321935e-06,2.24929494187003e-06,2.0468947916221945e-06,1.3839760839028988e-06,1.0556487269863714e-06,2.220731967790997e-06,1.9492064129764302e-06,0.0,1.1837736728159424e-06,0.0,0.0,0.0,1.394797300888557e-06,-9.859479736219143e-07,-1.1640162098036268e-06,-1.1099477763343123e-06,-1.0129469365537066e-06,-4.65295058818472e-07,0.0,1.95678708610762e-06,-2.336282983558293e-06,0.0,0.0,2.4391012161460376e-06,2.4854155077661887e-06,-8.74799578771231e-07,-4.1320528180425266e-07,-1.3539528367598734e-06,-8.610412627202323e-07,-1.0545982676934322e-06,-1.615912171274841e-06,1.2900547059986519e-05,-3.84203874708954e-06,-6.256803530921031e-06,-9.254250227790267e-07,2.9836506373623674e-06,2.480860442996123e-06,-4.21616717430069e-08
2002-05-31,0.0,-7.436561386540835e-08,-2.2436313885270535e-07,-2.1196402245220713e-07,-3.5368935948790457e-07,-7.071448904492385e-07,6.138142793674555e-07,-4.474556490691985e-08,0.0,-3.662819899574175e-08,0.0,-1.2048413678378081e-07,-7.208254547963242e-07,-1.944056297619118e-07,0.0,1.4591264909166045e-06,1.1830978595758455e-06,1.7676322401170598e-06,4.142707214093201e-06,0.0,7.751050033939848e-07,2.001278792404826e-06,1.2673543421984936e-06,1.2033816039993272e-06,8.134546023478145e-07,5.731623198805e-07,1.2373346574030444e-06,1.0783935313869082e-06,0.0,5.00515299455473e-07,-1.6541436512685766e-07,1.4410500105198254e-06,0.0,6.706522966958372e-07,-5.985400475893734e-07,-5.088329645397357e-07,-7.809526327277772e-07,-4.666139208000682e-07,-2.1601453689957912e-07,0.0,1.4553979829332333e-06,-1.1814963185233728e-06,0.0,0.0,1.336040562813493e-06,1.3625411751615142e-06,-8.74799578771231e-07,0.0,-6.667982429343496e-07,-8.610412627202323e-07,-5.956937813766796e-07,-7.488506306893632e-07,7.789383930493665e-06,-2.184445161526681e-06,-2.1393820734147136e-06,2.2861030073649666e-06,1.900327708469104e-06,1.4678858200303341e-06,-1.5096205917976496e-07
2002-06-28,0.0,0.0,-2.2436313885270535e-07,-3.0342036342418945e-08,-4.1974155293946276e-08,-9.715422318768359e-08,6.138142793674555e-07,0.0,0.0,0.0,0.0,-1.2048413678378081e-07,-7.208254547963242e-07,-3.790745612101841e-07,0.0,1.4591264909166045e-06,1.1830978595758455e-06,1.7676322401170598e-06,4.142707214093201e-06,0.0,7.751050033939848e-07,2.001278792404826e-06,1.2673543421984936e-06,1.2033816039993272e-06,8.134546023478145e-07,5.731623198805e-07,6.45592879508648e-07,6.773122886469627e-07,1.5723639985901923e-06,5.00515299455473e-07,4.7365227536335967e-07,4.0195353940113347e-07,0.0,6.706522966958372e-07,0.0,-5.088329645397357e-07,-7.809526327277772e-07,-4.666139208000682e-07,-2.1601453689957912e-07,0.0,1.0476599749105143e-06,1.5254181682776844e-06,0.0,0.0,1.336040562813493e-06,9.970638073173534e-07,-6.228391129981588e-07,0.0,-6.667982429343496e-07,-3.450627269845281e-07,-4.9786940040753463e-08,-7.488506306893632e-07,2.0239935897242377e-06,-1.1112076918903692e-06,-2.1393820734147136e-06,-3.938462414832218e-08,1.0801010028594444e-06,-3.1893128995811505e-07,-1.5096205917976496e-07
2002-07-31,0.0,0.0,-1.319920355125293e-07,-3.0342036342418945e-08,-6.459902222431531e-08,-9.715422318768359e-08,4.492643838462403e-07,-3.6748451898633004e-08,0.0,0.0,0.0,-1.2048413678378081e-07,-1.043559397958581e-08,-3.790745612101841e-07,0.0,8.600628466180778e-07,8.864545908058591e-07,1.3251979617160939e-06,2.6839937958650405e-06,0.0,5.689573937024444e-07,2.001278792404826e-06,7.472488219268549e-07,6.526966539994433e-07,5.258938350232509e-07,3.811583957253978e-07,6.45592879508648e-07,3.3386001089101485e-07,-6.476371085809894e-09,2.467454013528527e-07,0.0,-9.610027775465542e-07,0.0,3.3584139420960656e-07,-6.648248131641333e-07,-5.088329645397357e-07,-7.809526327277772e-07,-4.666139208000682e-07,-3.0700161792690484e-07,0.0,6.999261193449891e-07,-1.117150041948925e-06,0.0,0.0,8.709194620281443e-07,5.703154549533226e-07,-6.228391129981588e-07,0.0,-6.667982429343496e-07,-7.791155175708379e-07,1.2329216214102747e-06,-1.1636640882178579e-06,2.0239935897242377e-06,-1.1112076918903692e-06,-7.034113549695466e-07,-5.859639488969698e-09,4.586672330752729e-07,4.175651542469631e-07,1.1645304463210104e-06
2002-08-30,0.0,-7.399766632184165e-08,-1.319920355125293e-07,-9.638868183532148e-08,-1.8515513214073526e-07,-1.6868246228566063e-07,4.492643838462403e-07,-1.1983136155884777e-07,-7.01838929201541e-08,0.0,0.0,4.340680340598735e-07,-2.7569951162679228e-08,-2.673784973701402e-07,0.0,8.600628466180778e-07,6.002772618769065e-07,1.3251979617160939e-06,2.6839937958650405e-06,0.0,2.0667151836075296e-07,2.001278792404826e-06,7.472488219268549e-07,6.526966539994433e-07,5.258938350232509e-07,3.811583957253978e-07,6.45592879508648e-07,3.3386001089101485e-07,9.798344264103367e-07,2.467454013528527e-07,-9.49406920001009e-08,9.892333717683665e-07,0.0,3.3584139420960656e-07,0.0,0.0,-7.809526327277772e-07,-4.666139208000682e-07,-3.0700161792690484e-07,0.0,6.999261193449891e-07,-1.6839189915590234e-06,0.0,0.0,8.709194620281443e-07,9.501878638766005e-07,-6.228391129981588e-07,0.0,-6.667982429343496e-07,-4.0585103765053555e-07,1.2329216214102747e-06,-1.1636640882178579e-06,2.716151574161773e-06,-1.1112076918903692e-06,-7.034113549695466e-07,1.7320717714472077e-06,1.0191703893334324e-06,6.353512612787484e-07,1.1645304463210104e-06
2002-09-30,0.0,-4.846545390619304e-09,-1.319920355125293e-07,-7.010199599483105e-08,-3.6226278204547815e-08,-1.0280397649567562e-07,7.890454779760986e-07,-1.1983136155884777e-07,0.0,0.0,0.0,-3.0729016523038514e-07,0.0,-4.35267287418014e-07,0.0,1.3252113032535007e-06,1.041840163662561e-06,1.3251979617160939e-06,2.6839937958650405e-06,0.0,3.18170645354802e-07,6.929834281993101e-07,1.1495465681715287e-06,8.803644926245009e-07,5.258938350232509e-07,3.811583957253978e-07,1.101645674202243e-06,7.279736693476146e-07,-3.697770938360274e-07,4.202863087027103e-07,0.0,-1.1561002071568869e-06,0.0,3.3584139420960656e-07,0.0,1.1249164402157486e-07,0.0,0.0,6.873483172795063e-08,0.0,1.3197095915864145e-06,-1.6839189915590234e-06,0.0,0.0,0.0,1.5490122380553132e-06,9.83271370746128e-07,0.0,-6.667982429343496e-07,-4.0585103765053555e-07,7.31634655246513e-07,-1.8480746154893736e-06,6.23736716560154e-06,2.4745024894786962e-06,-1.0391627425629575e-06,2.652559646140899e-06,1.3598331477851665e-06,8.91433242395483e-07,7.119000926583198e-07
2002-10-31,0.0,-4.046946700269667e-08,-7.779193251253822e-08,-7.010199599483105e-08,-5.343141341946268e-09,-3.007882635671658e-08,7.890454779760986e-07,-1.1983136155884777e-07,0.0,0.0,0.0,-3.0729016523038514e-07,0.0,-2.5484367081964053e-07,0.0,1.3252113032535007e-06,1.041840163662561e-06,1.3251979617160939e-06,2.6839937958650405e-06,0.0,3.18170645354802e-07,1.0535187642335903e-06,1.1495465681715287e-06,8.803644926245009e-07,5.258938350232509e-07,3.811583957253978e-07,1.101645674202243e-06,7.279736693476146e-07,1.3480252320323517e-06,4.202863087027103e-07,0.0,-1.1561002071568869e-06,0.0,6.126410738555169e-07,0.0,3.6126661696500993e-07,0.0,0.0,6.873483172795063e-08,0.0,1.3197095915864145e-06,-1.6839189915590234e-06,0.0,0.0,1.5827593757428975e-06,3.7720570427117316e-07,9.83271370746128e-07,1.5821203740230362e-06,-6.667982429343496e-07,2.977547869552116e-07,7.31634655246513e-07,2.4645512402645666e-08,6.23736716560154e-06,2.4745024894786962e-06,-1.0391627425629575e-06,2.652559646140899e-06,1.3598331477851665e-06,8.91433242395483e-07,7.119000926583198e-07
2002-11-29,0.0,-2.695998727746733e-07,-8.806795728691261e-09,-1.8511164465246718e-07,-4.294214509103403e-07,-7.501427623836274e-08,0.0,-1.9906331976798599e-07,-4.155076012353562e-09,-4.0947911651880017e-07,0.0,-5.303076103452342e-07,-2.0513270722845692e-07,-9.913864942618515e-08,0.0,1.3252113032535007e-06,1.041840163662561e-06,1.3251979617160939e-06,3.934581316608653e-06,0.0,6.733457818381281e-07,7.734036569923851e-07,1.1495465681715287e-06,8.803644926245009e-07,7.365949017129207e-07,3.811583957253978e-07,1.4976438313216389e-06,7.279736693476146e-07,1.3480252320323517e-06,7.272081891079652e-07,7.753696490581552e-07,-1.558374786435428e-06,0.0,6.126410738555169e-07,5.226576359108554e-07,8.638194930840248e-07,0.0,0.0,6.873483172795063e-08,0.0,1.830880497062969e-06,2.1425735369383704e-06,0.0,0.0,1.5827593757428975e-06,5.248437165907214e-07,5.891750967002057e-07,8.586607183901325e-07,-1.1015551790957818e-06,6.397805061528027e-07,7.31634655246513e-07,3.360197152477536e-07,6.23736716560154e-06,2.4745024894786962e-06,-3.938791869695117e-07,2.652559646140899e-06,7.128853094181288e-07,1.3248380908908532e-06,7.119000926583198e-07
2002-12-31,0.0,-2.695998727746733e-07,0.0,-1.8511164465246718e-07,-1.0089089860147027e-07,0.0,0.0,-1.1763880498531416e-07,0.0,-4.0947911651880017e-07,0.0,-1.0566851192071549e-07,-3.194896453971322e-07,-4.938048952700907e-07,0.0,2.202152914687875e-06,1.405214325443312e-06,2.126142648953294e-06,5.3955656194762785e-06,0.0,9.165388096073935e-07,2.888858058818212e-06,2.0134305770592207e-06,1.505893487733792e-06,1.0492467879508343e-06,6.747324929051264e-07,1.4976438313216389e-06,1.3443821550993199e-06,2.0179755444413057e-06,7.272081891079652e-07,7.753696490581552e-07,-1.558374786435428e-06,0.0,1.0098005545775392e-06,7.443560334814458e-07,8.638194930840248e-07,0.0,0.0,3.450005849285283e-07,0.0,1.830880497062969e-06,-5.159434395311334e-07,0.0,0.0,1.1125426668183521e-06,5.248437165907214e-07,5.891750967002057e-07,1.33882733813704e-06,-1.1015551790957818e-06,-6.39684720537751e-07,1.3430354423580632e-06,0.0,4.18726719878514e-06,2.4745024894786962e-06,-1.718463686532568e-07,2.652559646140899e-06,0.0,1.3248380908908532e-06,-2.6791868182909566e-07
2003-01-31,0.0,-1.9724719850425422e-07,0.0,-1.1115942952018513e-07,-3.307656652745988e-08,0.0,0.0,-5.8217588792338574e-08,0.0,-3.001168784143427e-07,-1.5961804857426115e-06,0.0,-3.194896453971322e-07,-4.938048952700907e-07,0.0,2.202152914687875e-06,1.405214325443312e-06,2.126142648953294e-06,5.3955656194762785e-06,0.0,9.165388096073935e-07,2.888858058818212e-06,2.0134305770592207e-06,1.505893487733792e-06,1.0492467879508343e-06,6.747324929051264e-07,1.4976438313216389e-06,9.053346877835832e-07,2.0179755444413057e-06,7.272081891079652e-07,7.753696490581552e-07,-1.558374786435428e-06,0.0,1.0098005545775392e-06,7.443560334814458e-07,6.323439492478898e-07,7.50817469330879e-07,3.799704347284277e-07,2.4603570611068035e-07,0.0,1.024264825226722e-06,2.015976492052836e-06,0.0,0.0,1.5699344689132325e-06,9.059174439975133e-07,3.310636417076907e-07,-2.028601868710495e-06,-1.1015551790957818e-06,5.09597131389277e-07,1.3430354423580632e-06,8.233453571636895e-07,4.18726719878514e-06,2.4745024894786962e-06,-2.3863135411702194e-07,2.652559646140899e-06,4.126685554754506e-07,1.3248380908908532e-06,1.3426843949435979e-06
2003-02-28,0.0,-3.2749684028218565e-07,0.0,-1.1115942952018513e-07,0.0,0.0,0.0,-1.5461925388075103e-07,0.0,-6.008930667646167e-07,-1.5961804857426115e-06,-6.514252976359948e-07,-3.194896453971322e-07,-3.0852669124615326e-07,0.0,1.327801353136781e-06,4.844015769410758e-07,7.738790687397031e-07,2.709239461585811e-06,0.0,1.8681887719932337e-07,8.184167358340365e-07,1.005757745892408e-06,1.0748582885448664e-06,7.317539436653233e-07,4.3805910225224415e-07,8.086380069044114e-07,6.342389378761242e-07,1.1771577153139218e-06,3.9639750013881235e-07,3.7247681018143475e-07,-6.039893991767517e-07,0.0,4.5429381988019086e-07,5.427492848192544e-07,4.315994543199842e-07,7.50817469330879e-07,2.8468778878147266e-07,2.7400156710036446e-08,0.0,4.599384628361763e-07,1.2141199683774618e-06,0.0,0.0,0.0,3.8331479517442276e-07,0.0,-1.0353638654146908e-06,-1.1015551790957818e-06,-5.379460623831908e-07,1.3430354423580632e-06,8.233453571636895e-07,-4.850457755308228e-06,1.6420275905247164e-06,0.0,2.652559646140899e-06,4.126685554754506e-07,1.3248380908908532e-06,1.3426843949435979e-06
2003-03-31,0.0,-1.2755772471143553e-07,0.0,0.0,0.0,0.0,0.0,-6.225293618747514e-08,0.0,-2.397865983423728e-07,-9.045516443821048e-07,-1.2360084757166076e-07,-3.194896453971322e-07,-3.0852669124615326e-07,0.0,6.872159006301407e-07,3.4877749322500974e-07,4.772412805754819e-07,1.1179530039813845e-06,0.0,1.8681887719932337e-07,8.184167358340365e-07,5.909206679816779e-07,5.364613786377775e-07,3.933905298429653e-07,2.458279913133286e-07,4.4290083107120844e-07,3.0384873872514854e-07,6.996368989583607e-07,1.7230435230900187e-07,2.7419288449846214e-07,-6.039893991767517e-07,0.0,2.3865138243117674e-07,1.6527263269633754e-07,1.3724887554607434e-07,2.0118780086552064e-07,1.4387398891164257e-07,2.7400156710036446e-08,0.0,4.599384628361763e-07,-3.3661402070857913e-07,0.0,0.0,0.0,3.8331479517442276e-07,0.0,4.6532799044192193e-07,0.0,-5.379460623831908e-07,8.803328590646999e-07,5.37426591065018e-07,1.3344557328087894e-06,1.0982090733929186e-06,1.5875787527081393e-06,1.360859225516399e-06,2.950380825882817e-07,6.922650538847995e-07,0.0
2003-04-30,-6.570367233517987e-07,-8.134063447629001e-08,0.0,0.0,0.0,0.0,0.0,-1.740154687762686e-08,0.0,-2.397865983423728e-07,-1.5934662521972058e-06,-1.2360084757166076e-07,-4.638944144797643e-07,-3.0852669124615326e-07,0.0,1.2767919381076263e-06,5.782979732514577e-07,8.20974843481009e-07,1.8548564541419081e-06,0.0,1.8681887719932337e-07,2.005575341515104e-06,1.2303500153141473e-06,1.088560563893496e-06,7.852389500834004e-07,4.993257173975019e-07,8.524003973143838e-07,5.919440080206434e-07,9.385862343584254e-07,3.4558003983950784e-07,5.630479117368039e-07,-1.1343101494185477e-06,0.0,3.517830197260671e-07,3.301619413304087e-07,3.036704608093986e-07,4.093960106958461e-07,2.7340193861517937e-07,6.035849606973702e-08,0.0,8.106396868192055e-07,-8.432053802003243e-07,0.0,0.0,0.0,6.592235665134973e-07,7.663699097750729e-08,4.6532799044192193e-07,6.384168971509888e-07,6.311607283838127e-07,1.713776564923759e-06,1.4349783880557432e-06,1.3344557328087894e-06,1.7807548580919153e-06,0.0,2.321512024050078e-06,4.35183854277643e-07,1.0147485420334154e-06,0.0
2003-05-30,-6.570367233517987e-07,-3.3281376445229015e-07,0.0,-1.256117971079363e-07,-1.349905207590407e-07,0.0,0.0,-6.997705803459215e-08,0.0,9.643995366562865e-07,-1.5934662521972058e-06,-1.2360084757166076e-07,-9.310572336760841e-07,0.0,0.0,5.306418415255803e-07,4.317374183716296e-07,8.20974843481009e-07,1.3604672340616486e-06,0.0,5.931775684359461e-08,0.0,6.605196023648596e-07,7.531961753259216e-07,5.430336866819121e-07,4.993257173975019e-07,8.524003973143838e-07,5.919440080206434e-07,6.354336644313607e-07,3.4558003983950784e-07,3.5544487434017035e-07,7.299406198651664e-07,0.0,3.517830197260671e-07,5.824274119663585e-07,4.6001011921220363e-07,5.704866281378385e-07,3.716307960776245e-07,1.4805515654366767e-07,0.0,8.106396868192055e-07,-8.432053802003243e-07,0.0,0.0,0.0,6.592235665134973e-07,-8.741322825740909e-07,1.9428258133242497e-07,9.681212532258361e-07,-6.604020484150576e-07,1.0856114394427927e-06,1.4349783880557432e-06,-6.124839606587464e-06,1.7807548580919153e-06,2.462004496273987e-06,2.321512024050078e-06,4.35183854277643e-07,1.0147485420334154e-06,1.1395440304853434e-06
2003-06-30,7.192643489697248e-07,6.630352745525201e-07,0.0,0.0,0.0,0.0,0.0,0.0,0.0,9.643995366562865e-07,1.3086291863333937e-06,-7.230680635212443e-08,7.208546271532375e-07,0.0,7.350739878801945e-07,5.306418415255803e-07,4.317374183716296e-07,8.20974843481009e-07,1.3604672340616486e-06,0.0,8.910868311161878e-08,7.168025912520522e-07,6.605196023648596e-07,7.531961753259216e-07,5.430336866819121e-07,3.3217516762936183e-07,8.524003973143838e-07,5.919440080206434e-07,6.354336644313607e-07,3.4558003983950784e-07,-1.9818792849620157e-07,3.4926021226262814e-07,0.0,3.517830197260671e-07,5.824274119663585e-07,4.6001011921220363e-07,5.704866281378385e-07,3.716307960776245e-07,1.4805515654366767e-07,0.0,8.106396868192055e-07,-8.432053802003243e-07,0.0,0.0,-1.0963885357443422e-08,0.0,-8.741322825740909e-07,3.4006338595355003e-07,9.681212532258361e-07,-6.604020484150576e-07,0.0,1.4349783880557432e-06,-6.124839606587464e-06,8.013575727277838e-07,0.0,2.321512024050078e-06,4.35183854277643e-07,1.0147485420334154e-06,0.0
2003-07-31,7.192643489697248e-07,6.630352745525201e-07,0.0,0.0,0.0,0.0,1.0222351353378923e-06,0.0,5.552049576981179e-07,9.643995366562865e-07,1.3086291863333937e-06,-1.8503251115045236e-07,1.045027828124514e-06,0.0,7.350739878801945e-07,7.136184495956326e-07,4.317374183716296e-07,8.20974843481009e-07,2.408665274180523e-06,0.0,1.1983978887248448e-08,7.168025912520522e-07,8.918602523193752e-07,7.531961753259216e-07,5.430336866819121e-07,3.3217516762936183e-07,5.266637189737405e-07,5.919440080206434e-07,6.354336644313607e-07,3.4558003983950784e-07,-1.9818792849620157e-07,4.824296725405074e-07,0.0,3.517830197260671e-07,7.938191076249143e-07,6.635643557479652e-07,8.257905037316543e-07,5.520345116319899e-07,2.3038557155619578e-07,0.0,8.106396868192055e-07,1.7437068604697459e-06,0.0,0.0,1.036172389730525e-06,-6.30844354078314e-08,-8.741322825740909e-07,3.4006338595355003e-07,9.681212532258361e-07,1.76675302988487e-07,0.0,1.4349783880557432e-06,-6.124839606587464e-06,1.5498411894252702e-06,0.0,0.0,-1.6402851523468057e-06,0.0,0.0
2003-08-29,1.1387613492892244e-06,1.1764252426949763e-06,0.0,-4.026399218917131e-08,0.0,-2.6997719896847485e-07,1.0222351353378923e-06,0.0,7.879712481825782e-07,9.643995366562865e-07,1.3086291863333937e-06,9.716070648732797e-07,1.045027828124514e-06,1.7013275400535245e-06,1.3408800356523512e-06,7.136184495956326e-07,4.317374183716296e-07,6.533270635091737e-08,2.408665274180523e-06,0.0,6.838318185718457e-07,-1.0685976949202339e-06,8.918602523193752e-07,1.0589058209012018e-06,5.430336866819121e-07,3.3217516762936183e-07,8.849894378422467e-07,9.69304043313068e-07,9.853194973857255e-07,5.562225238199488e-07,1.0066386897375189e-06,-9.26416360873132e-07,0.0,2.5471699737303776e-07,7.938191076249143e-07,6.635643557479652e-07,1.1054338826902477e-06,5.520345116319899e-07,2.3038557155619578e-07,0.0,8.106396868192055e-07,1.7437068604697459e-06,0.0,0.0,1.036172389730525e-06,0.0,-1.2351263902629263e-06,3.4006338595355003e-07,7.15403700014041e-07,-7.500691718414676e-07,-1.444599909764421e-07,1.4349783880557432e-06,-1.0007868086855999e-05,1.5498411894252702e-06,0.0,0.0,6.572642764576456e-07,4.802029642656255e-07,-1.9285250695663098e-07
2003-09-30,1.1387613492892244e-06,1.1764252426949763e-06,1.2098246957869084e-06,3.429001904844686e-07,1.3423463328538748e-06,1.3261525108433996e-06,1.726691494106113e-06,9.412198389126052e-07,4.988074968995528e-07,9.643995366562865e-07,1.3086291863333937e-06,7.027570855822109e-07,1.045027828124514e-06,1.7013275400535245e-06,1.3408800356523512e-06,7.136184495956326e-07,9.94382156260898e-07,9.473163601384042e-07,3.669125714924364e-06,0.0,6.838318185718457e-07,-1.0685976949202339e-06,1.237083084481156e-06,1.0589058209012018e-06,5.430336866819121e-07,4.5190404585903765e-07,8.849894378422467e-07,9.69304043313068e-07,1.3530548283830912e-06,5.562225238199488e-07,1.0066386897375189e-06,-1.705340984971942e-06,0.0,4.7377361928268696e-07,7.938191076249143e-07,9.058260593466864e-07,1.1054338826902477e-06,7.413518376230574e-07,3.7610343096370844e-07,0.0,1.5056708469439985e-06,2.5114097715484574e-06,0.0,0.0,1.036172389730525e-06,0.0,1.5624980970080823e-07,9.497008417887663e-07,1.2302800535089436e-06,-7.500691718414676e-07,0.0,1.4349783880557432e-06,-1.0007868086855999e-05,0.0,0.0,2.7600492546877484e-06,1.0738066923134548e-06,4.802029642656255e-07,-1.9285250695663098e-07
2003-10-31,8.06239709107539e-07,1.1764252426949763e-06,9.032792049026105e-07,2.5013299804517836e-07,9.541858841952876e-07,1.3261525108433996e-06,1.2353988130193508e-06,6.747942980585618e-07,3.1964875587607127e-07,9.643995366562865e-07,1.3086291863333937e-06,3.842574772028529e-07,1.045027828124514e-06,1.7013275400535245e-06,1.3408800356523512e-06,7.136184495956326e-07,9.94382156260898e-07,6.900212067809942e-07,2.6009223332447857e-06,0.0,-2.459268165880793e-07,-7.835322966580634e-07,8.335521285907429e-07,1.0589058209012018e-06,5.430336866819121e-07,4.5190404585903765e-07,8.849894378422467e-07,9.69304043313068e-07,1.3530548283830912e-06,3.877160147341411e-07,5.465325755619058e-07,-1.705340984971942e-06,0.0,2.044447745995234e-07,7.938191076249143e-07,9.058260593466864e-07,5.719023361606532e-07,7.413518376230574e-07,2.4955046074032255e-07,0.0,9.908478033693504e-07,1.411984212794391e-06,0.0,0.0,1.036172389730525e-06,0.0,3.331839473338024e-08,9.497008417887663e-07,-9.680150945363504e-07,-7.500691718414676e-07,-6.619961202139304e-09,6.76668150423511e-07,-5.028404384579883e-06,-3.1181008276819572e-06,0.0,1.41213336086834e-06,6.256853616985094e-07,4.802029642656255e-07,-3.1195630466919725e-07
2003-11-28,8.06239709107539e-07,1.1764252426949763e-06,9.032792049026105e-07,2.5013299804517836e-07,9.541858841952876e-07,7.323575854228861e-07,8.716453290962938e-07,6.747942980585618e-07,3.1964875587607127e-07,9.643995366562865e-07,1.3086291863333937e-06,3.842574772028529e-07,7.426103744527776e-07,1.18060944098979e-06,1.3408800356523512e-06,5.088517860747531e-07,6.32477314962888e-07,1.0413582960521228e-06,1.7969628930411182e-06,0.0,0.0,-7.835322966580634e-07,8.335521285907429e-07,1.0589058209012018e-06,5.430336866819121e-07,4.5190404585903765e-07,8.849894378422467e-07,9.69304043313068e-07,7.642285297522967e-07,3.877160147341411e-07,3.007644212107866e-07,-6.941292243270055e-07,0.0,5.813400859124385e-08,7.938191076249143e-07,5.406781849408727e-07,5.719023361606532e-07,4.4380613054194205e-07,2.4955046074032255e-07,0.0,9.908478033693504e-07,7.403752767368395e-07,0.0,0.0,6.376997162315101e-07,0.0,1.1823609882582728e-07,9.497008417887663e-07,-9.680150945363504e-07,-1.4404691487241334e-07,1.026003621471538e-06,6.76668150423511e-07,-3.389630223333423e-06,-3.1181008276819572e-06,0.0,1.0364625824936584e-06,9.476124912461569e-07,4.802029642656255e-07,8.254257415544949e-07
2003-12-31,8.06239709107539e-07,1.1764252426949763e-06,1.244573184158341e-06,2.5013299804517836e-07,1.3268766202911964e-06,1.1234820833756473e-06,8.716453290962938e-07,6.747942980585618e-07,4.6490031995504133e-07,9.643995366562865e-07,1.3086291863333937e-06,3.842574772028529e-07,7.426103744527776e-07,8.327740848362628e-07,1.3408800356523512e-06,5.088517860747531e-07,1.0580590894712553e-06,1.4998858079512312e-06,3.6559471286245846e-06,0.0,0.0,-1.180032726495769e-06,8.335521285907429e-07,1.0589058209012018e-06,5.430336866819121e-07,4.5190404585903765e-07,8.849894378422467e-07,9.69304043313068e-07,7.642285297522967e-07,3.877160147341411e-07,8.073422995225995e-07,-1.959548047268922e-06,0.0,2.0001574171814709e-07,7.938191076249143e-07,5.406781849408727e-07,7.630175429629213e-07,4.4380613054194205e-07,1.1243442860550835e-07,0.0,1.4321603852009397e-06,1.0319947848153208e-06,0.0,0.0,1.2773039765928064e-06,0.0,7.727129665097908e-08,3.0898017894691747e-07,-9.680150945363504e-07,-2.3739306746723054e-07,1.026003621471538e-06,4.090459307304342e-07,-3.389630223333423e-06,-3.1181008276819572e-06,2.611138977626845e-06,1.8727338006376598e-06,9.476124912461569e-07,4.802029642656255e-07,1.1132997146837636e-06
2004-01-30,8.06239709107539e-07,7.1500351904142e-07,7.716037512273103e-07,2.5013299804517836e-07,8.507430362521809e-07,7.86984475673063e-07,5.287948793313573e-07,6.747942980585618e-07,3.0530153048484484e-07,9.643995366562865e-07,8.53036012181152e-07,3.842574772028529e-07,4.5311118909290817e-07,4.994239250906965e-07,7.138874706339668e-07,1.848032342551273e-07,5.563395312149147e-07,8.013007071443217e-07,1.8506594597206242e-06,0.0,0.0,-8.513220321081068e-07,5.090009296532802e-07,5.942296096180841e-07,3.81667032638335e-07,3.240769237830906e-07,4.574962413237285e-07,2.917014117780402e-07,4.2750289821067246e-07,1.8333323533117956e-07,5.232154318022495e-07,1.0183073147023337e-07,0.0,1.431727955613752e-07,3.343573532834942e-07,3.716126899024443e-07,4.0548979022589674e-07,2.2608729256870018e-07,6.788312804823695e-08,0.0,4.5258081490580436e-07,5.921754379674255e-07,0.0,0.0,2.6140205702456803e-07,0.0,0.0,3.0898017894691747e-07,-6.981052370980954e-07,-4.815778231319217e-07,7.307286885394375e-07,4.090459307304342e-07,-3.389630223333423e-06,-2.2970016984801493e-06,1.3120103872170069e-06,1.0141448541552216e-06,5.055901641141325e-07,3.1212883925177604e-07,6.22521762449598e-07
2004-02-27,5.901364617745847e-07,7.1500351904142e-07,7.716037512273103e-07,1.7834445482829465e-07,8.507430362521809e-07,7.86984475673063e-07,3.2217297848297923e-07,3.6378980897601324e-07,3.0530153048484484e-07,6.502606909744826e-07,8.53036012181152e-07,3.842574772028529e-07,4.5311118909290817e-07,4.994239250906965e-07,7.138874706339668e-07,3.765230320266936e-07,4.598106792355634e-08,2.979688416356095e-07,1.8506594597206242e-06,0.0,0.0,-8.513220321081068e-07,1.1567300423196082e-06,8.239560956987443e-07,3.81667032638335e-07,3.240769237830906e-07,3.0368241959253556e-07,2.917014117780402e-07,4.2750289821067246e-07,1.8333323533117956e-07,2.4501463566833856e-07,8.158832261883024e-07,0.0,1.0586665549052031e-07,2.337118325574352e-07,3.716126899024443e-07,1.6595641197843496e-07,2.2608729256870018e-07,-1.098325556641954e-07,0.0,4.5258081490580436e-07,5.921754379674255e-07,0.0,0.0,2.6140205702456803e-07,-3.625619051169442e-07,3.8987800443827306e-07,3.0898017894691747e-07,5.219033744386451e-07,4.5529835126850273e-07,7.307286885394375e-07,4.090459307304342e-07,3.9817445801876685e-06,-2.2970016984801493e-06,1.3120103872170069e-06,1.0141448541552216e-06,3.613964100696458e-07,3.1212883925177604e-07,3.556367599196272e-07
2004-03-31,4.228324776681114e-07,5.013588673734152e-07,4.739760616377524e-07,1.7834445482829465e-07,8.507430362521809e-07,4.215627232032337e-07,2.0872025126143115e-07,2.1944143064205506e-07,2.0741107860024261e-07,6.502606909744826e-07,6.37244528884287e-07,2.3867318396969836e-07,4.5311118909290817e-07,4.994239250906965e-07,7.138874706339668e-07,2.507635146299606e-07,6.913607495513512e-07,8.431117082094467e-07,1.8506594597206242e-06,0.0,-1.9349562435389368e-08,-5.690898508025303e-07,1.1567300423196082e-06,8.239560956987443e-07,3.81667032638335e-07,3.240769237830906e-07,3.0368241959253556e-07,2.917014117780402e-07,4.2750289821067246e-07,1.8333323533117956e-07,2.4501463566833856e-07,0.0,0.0,2.7151815096467407e-07,2.337118325574352e-07,3.716126899024443e-07,1.6595641197843496e-07,1.056326182137749e-07,-1.501584224400937e-07,0.0,4.5258081490580436e-07,3.0679531255246544e-07,6.335599774512629e-08,0.0,2.6140205702456803e-07,0.0,-3.2134856203914216e-07,6.115954645376249e-07,7.062235345390439e-07,4.5529835126850273e-07,5.34289425745965e-07,5.571707344257521e-07,3.9817445801876685e-06,-8.434185492255408e-07,9.656814643674097e-07,5.678786836792419e-07,3.613964100696458e-07,3.1212883925177604e-07,3.556367599196272e-07
2004-04-30,4.228324776681114e-07,5.013588673734152e-07,4.739760616377524e-07,1.7834445482829465e-07,8.507430362521809e-07,5.628544416624687e-07,2.8239247458588274e-07,3.011442439395592e-07,2.0741107860024261e-07,6.502606909744826e-07,6.37244528884287e-07,2.3867318396969836e-07,3.13879660285299e-07,4.994239250906965e-07,7.138874706339668e-07,0.0,6.913607495513512e-07,8.431117082094467e-07,1.8506594597206242e-06,0.0,0.0,-5.690898508025303e-07,1.1567300423196082e-06,-1.9141188290390506e-07,-5.061906188766097e-07,-1.3575734177730324e-07,3.0368241959253556e-07,2.917014117780402e-07,5.857500168580313e-07,1.3520519293481225e-07,2.4501463566833856e-07,-1.151626370791101e-06,0.0,2.7151815096467407e-07,4.4691708700165463e-07,3.716126899024443e-07,2.799715892927342e-07,1.056326182137749e-07,-1.501584224400937e-07,0.0,4.5258081490580436e-07,3.0679531255246544e-07,1.2336327786290708e-07,1.6657652265510384e-07,1.6523425949069537e-07,-8.181035958545186e-07,-2.1794676635313686e-07,6.115954645376249e-07,3.986127896642022e-07,-9.092559745876722e-08,1.979878694764063e-07,5.571707344257521e-07,2.117055916083014e-06,-1.1661262039865471e-06,6.19325917600697e-07,5.678786836792419e-07,3.613964100696458e-07,3.1212883925177604e-07,1.4598027742664977e-07
2004-05-31,4.228324776681114e-07,5.013588673734152e-07,4.739760616377524e-07,7.23786891474666e-08,6.31687297255231e-07,5.628544416624687e-07,2.8239247458588274e-07,3.011442439395592e-07,2.0741107860024261e-07,6.502606909744826e-07,6.37244528884287e-07,2.3867318396969836e-07,8.951153893562038e-08,4.994239250906965e-07,7.138874706339668e-07,-3.314541743391903e-09,-5.883187078335434e-07,-3.6971107684605307e-07,0.0,0.0,0.0,-5.690898508025303e-07,-2.395641683497907e-08,0.0,0.0,-1.3575734177730324e-07,3.0368241959253556e-07,2.917014117780402e-07,5.857500168580313e-07,2.5349544557867987e-07,1.6833550448908115e-07,-1.151626370791101e-06,0.0,2.7151815096467407e-07,4.4691708700165463e-07,2.5342860360520544e-07,2.799715892927342e-07,1.5001884643260422e-07,-1.501584224400937e-07,0.0,4.5258081490580436e-07,4.450375532952619e-07,0.0,0.0,2.48781582407571e-07,-8.181035958545186e-07,-4.503757915162223e-07,6.115954645376249e-07,3.986127896642022e-07,3.8850547637388164e-07,2.84645021180275e-07,5.571707344257521e-07,-1.2980767060945876e-06,-1.1661262039865471e-06,6.19325917600697e-07,5.678786836792419e-07,3.613964100696458e-07,2.135612960711231e-07,-7.140236373477663e-07
2004-06-30,6.988757036371081e-07,7.325989148646049e-07,8.836531293254864e-07,2.0164661803110043e-07,9.051461513793466e-07,1.007412630767996e-06,5.701278607094093e-07,2.0042845361622605e-07,2.0741107860024261e-07,9.071937716026674e-07,1.124880276731212e-06,3.88991881194433e-07,6.108088074826008e-07,8.050605601195465e-07,1.1481573818875927e-06,1.1674106287889346e-06,-2.2452128282075425e-07,0.0,3.3194773853048223e-06,0.0,0.0,-1.3230474578744404e-07,-2.6795658108494026e-07,0.0,-3.409164191083495e-08,-3.159970552158607e-07,4.863465288936516e-07,4.837705932085295e-07,4.138951990370462e-07,1.0501962269453825e-07,2.619850957399332e-07,-1.7088080077497847e-06,0.0,2.7151815096467407e-07,4.4691708700165463e-07,2.5342860360520544e-07,4.47635920890044e-07,2.026432854396538e-07,-1.501584224400937e-07,0.0,7.928008336023494e-07,4.450375532952619e-07,0.0,0.0,3.3547863938949044e-07,-1.3573446020462538e-06,-4.503757915162223e-07,4.039487763078108e-07,1.0341706246006033e-06,-2.996851935780228e-07,2.84645021180275e-07,5.571707344257521e-07,3.8771177154585325e-06,-2.1361253142257397e-06,6.19325917600697e-07,9.440777899917754e-07,4.882734466660748e-07,3.3532663990814633e-07,-1.0077447559624362e-06
2004-07-30,6.988757036371081e-07,1.0295034035995458e-06,8.836531293254864e-07,3.0372620509290287e-07,1.295690886078583e-06,1.4254673389093846e-06,9.25584552291984e-07,3.4678790162025275e-07,1.451873655970307e-07,9.071937716026674e-07,1.124880276731212e-06,5.285571454467181e-07,9.016934234348084e-07,8.050605601195465e-07,1.1481573818875927e-06,1.5834290372825536e-06,1.3391973263454536e-06,1.8580934186361132e-06,4.633081863844412e-06,0.0,0.0,-1.3230474578744404e-07,1.93670167814889e-06,1.565497334612356e-06,1.0446154821095586e-06,6.903373727125499e-07,7.044540116497904e-07,6.744690041001944e-07,8.407987319674202e-07,1.0501962269453825e-07,4.3988448125386313e-07,-2.564045979913342e-06,0.0,4.5816401908888064e-07,6.130308849626879e-07,3.7674708867364176e-07,6.708342943108574e-07,2.026432854396538e-07,-3.723225510004705e-07,0.0,2.0605979189982604e-07,7.857459753800992e-07,0.0,0.0,5.326662521828559e-07,2.1911999504080912e-07,-6.828687736053112e-07,4.039487763078108e-07,1.4257367969356947e-06,-9.28657450219246e-07,-1.7779366110315711e-06,5.571707344257521e-07,-1.4790711701607103e-06,0.0,-2.1100174330811637e-06,1.4540346387914249e-06,4.882734466660748e-07,4.486384192606666e-07,-1.5483521575780922e-06
2004-08-31,9.7516342902152e-07,1.0295034035995458e-06,8.836531293254864e-07,2.101532721777078e-07,1.295690886078583e-06,1.4254673389093846e-06,9.25584552291984e-07,3.4588340839183275e-08,0.0,-1.64593979021397e-06,1.6139276948998806e-06,1.2308260170607015e-07,9.016934234348084e-07,1.1111776436667288e-06,1.5403617204084481e-06,1.5834290372825536e-06,0.0,1.8580934186361132e-06,4.633081863844412e-06,0.0,0.0,1.480283326698618e-06,1.93670167814889e-06,1.565497334612356e-06,1.0446154821095586e-06,6.903373727125499e-07,7.044540116497904e-07,6.744690041001944e-07,1.2380137910876878e-06,5.54134916153387e-07,2.316171899252803e-07,1.9733733985747316e-06,0.0,0.0,6.130308849626879e-07,3.7674708867364176e-07,6.708342943108574e-07,3.0752740052589443e-07,-3.723225510004705e-07,0.0,3.673443852580536e-07,7.857459753800992e-07,0.0,0.0,2.55716228250441e-07,7.576031962524681e-08,-6.828687736053112e-07,9.468415001001826e-07,1.4257367969356947e-06,-9.28657450219246e-07,-1.7779366110315711e-06,7.976881870562913e-07,5.036403322707719e-06,0.0,-2.1100174330811637e-06,1.4540346387914249e-06,8.180940591192378e-07,4.486384192606666e-07,-1.5483521575780922e-06
2004-09-30,9.7516342902152e-07,1.0295034035995458e-06,1.404471266393815e-06,4.1683710539780807e-07,2.101946086092107e-06,1.4254673389093846e-06,-3.125297818051581e-07,0.0,-9.533849864376975e-07,-1.64593979021397e-06,1.6139276948998806e-06,-9.895145076304805e-07,9.016934234348084e-07,3.417049957107758e-07,1.5403617204084481e-06,1.5834290372825536e-06,1.7555886096941681e-06,2.5818618548666796e-06,6.272762645739831e-06,0.0,1.284484782108332e-06,2.10002261200443e-06,1.93670167814889e-06,1.565497334612356e-06,1.0446154821095586e-06,6.903373727125499e-07,9.857240218824897e-07,6.744690041001944e-07,5.541624723340318e-07,0.0,-9.211457761900227e-07,3.1844989876927045e-07,0.0,1.0548751706004101e-08,6.130308849626879e-07,3.7674708867364176e-07,6.708342943108574e-07,3.0752740052589443e-07,-2.3617292767882748e-07,0.0,3.673443852580536e-07,1.1633859262482816e-06,0.0,0.0,2.55716228250441e-07,-1.6568950941920499e-06,-6.828687736053112e-07,9.468415001001826e-07,1.4257367969356947e-06,8.542816474435024e-07,-1.7779366110315711e-06,7.976881870562913e-07,-6.63958880916858e-07,0.0,-3.390498007778482e-06,0.0,-5.424717874425516e-07,0.0,-1.5483521575780922e-06
2004-10-29,9.7516342902152e-07,1.0295034035995458e-06,9.083490755385621e-07,4.1683710539780807e-07,2.101946086092107e-06,1.4254673389093846e-06,-1.214062152751838e-07,0.0,8.056419356202165e-09,8.291281458317829e-07,1.6139276948998806e-06,1.0052613564268112e-06,9.016934234348084e-07,3.417049957107758e-07,1.5403617204084481e-06,1.5834290372825536e-06,1.7555886096941681e-06,2.5818618548666796e-06,6.272762645739831e-06,0.0,1.284484782108332e-06,2.10002261200443e-06,1.93670167814889e-06,1.565497334612356e-06,1.0446154821095586e-06,6.903373727125499e-07,9.857240218824897e-07,6.744690041001944e-07,5.541624723340318e-07,0.0,3.8601515926012575e-07,5.120089679598936e-07,0.0,0.0,6.130308849626879e-07,3.7674708867364176e-07,4.124425687685236e-07,3.0752740052589443e-07,4.294222445039337e-08,0.0,3.673443852580536e-07,3.828960221496141e-07,0.0,0.0,1.7677034538431165e-07,-1.6568950941920499e-06,-6.828687736053112e-07,9.468415001001826e-07,1.4257367969356947e-06,2.3239661814944364e-07,-1.7779366110315711e-06,-1.3596064069735869e-06,0.0,0.0,-3.390498007778482e-06,0.0,-5.424717874425516e-07,0.0,-1.5483521575780922e-06
2004-11-30,9.7516342902152e-07,1.0295034035995458e-06,9.083490755385621e-07,1.3171535764275214e-07,9.057568527187281e-07,1.4254673389093846e-06,-1.9692094494743253e-07,2.0444459437907645e-07,7.091613864356008e-07,3.377511259027528e-07,1.6139276948998806e-06,5.57731726457877e-07,9.016934234348084e-07,1.0342568346532888e-07,1.5403617204084481e-06,1.5834290372825536e-06,6.24226056262276e-07,1.0845022850515802e-06,2.4833969322715707e-06,0.0,0.0,1.527974270332518e-06,1.93670167814889e-06,1.565497334612356e-06,1.0446154821095586e-06,4.260819312372961e-07,9.857240218824897e-07,6.744690041001944e-07,5.541624723340318e-07,3.7723187969647547e-07,5.887752459468088e-08,2.933076109299509e-06,0.0,0.0,1.9686864866977858e-07,3.7674708867364176e-07,4.124425687685236e-07,1.7890621830296102e-07,-1.0283903318888496e-07,0.0,0.0,3.828960221496141e-07,0.0,0.0,0.0,-7.978915190458095e-07,0.0,9.468415001001826e-07,1.4257367969356947e-06,2.3239661814944364e-07,-1.7779366110315711e-06,1.2658280369318497e-07,0.0,0.0,-3.390498007778482e-06,0.0,-1.3886643293608022e-06,0.0,-1.5483521575780922e-06
2004-12-31,0.0,0.0,1.4827791950332488e-06,3.3112511919509864e-07,1.8190254812645058e-06,1.4254673389093846e-06,-5.371347598148062e-07,0.0,4.449453278335502e-07,0.0,0.0,5.57731726457877e-07,1.3287493333687213e-06,2.377016698618555e-07,1.5403617204084481e-06,1.5834290372825536e-06,1.26195832605226e-06,1.0845022850515802e-06,2.4833969322715707e-06,0.0,2.0366835271313446e-07,2.21782960101673e-06,-2.332975518874333e-06,2.4303334504601954e-06,1.0446154821095586e-06,4.260819312372961e-07,6.387401638726386e-07,6.744690041001944e-07,1.7239300609074653e-07,0.0,1.0395267857168382e-07,2.933076109299509e-06,0.0,0.0,1.0274952571455693e-07,3.7674708867364176e-07,4.124425687685236e-07,1.7890621830296102e-07,-1.7590633448979467e-07,0.0,2.691848991620814e-07,6.570173435527898e-07,0.0,2.782512554490474e-07,1.979197493137704e-08,-1.4106146836396372e-06,0.0,9.468415001001826e-07,1.4257367969356947e-06,2.3239661814944364e-07,-2.664328794807828e-06,2.038077133897868e-07,0.0,0.0,-4.700271108476881e-06,0.0,-3.986952161453978e-07,0.0,-2.4886612438574427e-06
2005-01-31,0.0,1.44900736638933e-07,2.139528069086362e-06,3.3112511919509864e-07,2.6118915347683634e-06,-2.502380026288995e-06,-3.4730880352070805e-07,0.0,4.449453278335502e-07,0.0,6.448474403090289e-07,5.57731726457877e-07,1.3287493333687213e-06,1.433149196508416e-07,-2.358374241911363e-06,2.9441129959319854e-06,1.986102548270457e-06,2.22569531397038e-06,6.092691575352379e-06,0.0,4.600953997949893e-07,3.5251288084983593e-06,-3.472167640300841e-06,3.6132021371521347e-06,1.7605096662055917e-06,7.753659243252949e-07,9.709709855755197e-07,9.812151806294683e-07,2.8333629310580193e-07,0.0,1.8335524131176468e-07,2.933076109299509e-06,0.0,0.0,0.0,3.7674708867364176e-07,6.04296143868711e-07,8.499003983636198e-08,-2.7736846106363084e-07,0.0,0.0,1.0414321352540403e-06,0.0,0.0,-9.61958983429633e-07,-2.2870897593603214e-06,-4.051034590615577e-07,9.468415001001826e-07,1.4257367969356947e-06,2.3239661814944364e-07,-2.664328794807828e-06,2.038077133897868e-07,0.0,0.0,-4.700271108476881e-06,0.0,-5.504285220686543e-07,0.0,-3.4025217009439686e-06
2005-02-28,0.0,4.529759752733505e-07,2.139528069086362e-06,0.0,2.6118915347683634e-06,2.393892126243262e-06,0.0,0.0,0.0,0.0,1.20777008128605e-06,0.0,1.3287493333687213e-06,2.3936954629479367e-08,4.040608048651294e-07,2.9441129959319854e-06,2.622156153389917e-07,1.3970157966754567e-06,6.910491424274687e-07,0.0,-1.24344073085385e-06,2.3958030298045757e-06,-3.472167640300841e-06,-3.2066739066561623e-06,-2.125375819798204e-06,1.797188547209501e-07,9.709709855755197e-07,9.812151806294683e-07,5.356698584986654e-07,4.6313503280809584e-08,0.0,3.9916613145197795e-06,0.0,0.0,0.0,0.0,6.04296143868711e-07,8.499003983636198e-08,-2.7736846106363084e-07,0.0,0.0,1.0414321352540403e-06,0.0,0.0,0.0,0.0,0.0,1.32349271469729e-06,1.4257367969356947e-06,5.239709631433994e-07,-1.2594580883114265e-06,3.064060218948203e-07,0.0,0.0,-4.700271108476881e-06,-1.0949119432103542e-06,0.0,0.0,-2.18609266525741e-06
2005-03-31,0.0,0.0,2.139528069086362e-06,3.3644928152038375e-07,2.6118915347683634e-06,2.393892126243262e-06,0.0,0.0,-8.70048505244051e-07,-3.1575895041048035e-06,0.0,-1.6395464588915376e-06,7.158413713622559e-07,0.0,0.0,2.9441129959319854e-06,1.8256078712065094e-06,3.437569964932006e-06,5.486348653287488e-06,0.0,6.955924121823126e-07,3.995586850382177e-06,-5.484536660261072e-06,-3.2066739066561623e-06,7.418410901148898e-07,3.4008098194455383e-07,9.709709855755197e-07,9.812151806294683e-07,0.0,0.0,-1.1618747561978705e-06,3.9916613145197795e-06,0.0,0.0,0.0,0.0,6.04296143868711e-07,4.517505920235177e-07,-4.7329874801109586e-07,0.0,0.0,1.5394129053683538e-06,0.0,0.0,-1.30352412353392e-06,4.1383823895211905e-07,-2.425996277832116e-07,1.32349271469729e-06,1.4257367969356947e-06,3.8435315115820137e-07,-1.2594580883114265e-06,1.1618656037755463e-07,0.0,0.0,-4.700271108476881e-06,-1.0949119432103542e-06,-3.245742261845832e-08,-2.3059800934625793e-07,-2.18609266525741e-06
2005-04-29,0.0,0.0,1.1487024315114209e-06,4.5994715361010686e-07,2.6118915347683634e-06,2.393892126243262e-06,5.076986932629604e-06,0.0,-1.1736973080978557e-06,-3.1575895041048035e-06,7.650983571843772e-07,-1.6395464588915376e-06,1.2911261115758992e-06,0.0,6.658618857217031e-08,5.327239340397275e-06,3.2560353630563225e-06,6.085754049919712e-06,9.261497172393717e-06,0.0,9.931792617321707e-07,5.8660980068069516e-06,3.8159639215597095e-06,1.1277359309570711e-06,1.1713184361197574e-06,4.5703696214978694e-07,1.4552944016962069e-06,1.7222993211179392e-06,0.0,0.0,0.0,7.136570732707697e-06,0.0,0.0,0.0,0.0,6.04296143868711e-07,8.325701747557582e-07,-7.41163899245499e-07,0.0,0.0,2.2172558021270777e-06,0.0,0.0,0.0,0.0,-1.0430140417712743e-07,3.1736611987852765e-06,3.034659178872774e-06,7.146698582735401e-07,-3.6615489076566843e-07,2.895256527081743e-07,0.0,1.6178063886081511e-06,-7.834644077124655e-06,-5.2494974932900076e-06,-4.272544073302398e-07,-6.214363848528542e-07,-3.0110262111995194e-06
2005-05-31,0.0,0.0,1.8178046854767315e-06,0.0,2.6118915347683634e-06,2.393892126243262e-06,3.3972693681577306e-06,0.0,-1.6690619201776025e-07,0.0,7.650983571843772e-07,-1.6395464588915376e-06,5.235660238985934e-07,0.0,6.658618857217031e-08,0.0,9.638440555266345e-07,0.0,0.0,0.0,6.635977622786423e-07,0.0,0.0,0.0,0.0,0.0,1.4552944016962069e-06,1.7222993211179392e-06,0.0,0.0,-1.3648053715325433e-06,7.136570732707697e-06,0.0,-1.2344232576056482e-06,0.0,0.0,6.04296143868711e-07,8.325701747557582e-07,-7.41163899245499e-07,0.0,0.0,1.5196513057274705e-06,0.0,0.0,0.0,-3.1389839898085948e-06,-4.959470766863174e-07,2.0125835284983823e-06,3.034659178872774e-06,2.5194691133140195e-07,-1.2272644545363871e-06,-2.9879205164166124e-06,0.0,1.6178063886081511e-06,-4.2637628959932456e-06,-3.784784020642018e-06,-1.65459379183816e-07,-1.6088773741962643e-07,-1.9590604068402463e-06
2005-06-30,0.0,0.0,1.8178046854767315e-06,3.978590518180064e-07,2.6118915347683634e-06,2.393892126243262e-06,5.395284944004432e-07,0.0,-3.6949260134676e-07,0.0,0.0,1.9798343018643593e-06,2.713462470199728e-07,0.0,0.0,4.2240300335052533e-07,9.638440555266345e-07,6.959978113512822e-07,3.039113476204647e-06,0.0,6.635977622786423e-07,8.852353990806102e-07,-4.191438299301364e-06,0.0,0.0,0.0,5.502344654137193e-07,-1.377016764952845e-06,0.0,-7.65195190070534e-07,-1.3648053715325433e-06,7.136570732707697e-06,0.0,-1.2344232576056482e-06,0.0,0.0,4.5006119801553967e-07,5.002039065422552e-07,-5.162817434431907e-07,0.0,0.0,1.5196513057274705e-06,0.0,0.0,0.0,-3.1389839898085948e-06,1.4776168380126362e-06,2.0125835284983823e-06,-1.116845165996299e-07,3.916168320174659e-07,-1.2272644545363871e-06,-2.9879205164166124e-06,-8.891437035901341e-06,6.239358067853975e-06,-2.912746012191687e-06,-2.2238973125740787e-06,-1.670359161377053e-06,-9.701556109818272e-07,-1.9590604068402463e-06
2005-07-29,0.0,0.0,1.8178046854767315e-06,3.978590518180064e-07,2.6118915347683634e-06,1.723296025062751e-06,3.029163362490234e-07,0.0,1.534097033886474e-06,0.0,0.0,1.9798343018643593e-06,4.29412980224782e-07,0.0,0.0,7.783042644764904e-07,9.638440555266345e-07,6.959978113512822e-07,2.1777294480052427e-06,0.0,4.554773932281772e-07,1.1876652938196237e-06,-4.191438299301364e-06,-2.921580969231254e-06,0.0,0.0,5.502344654137193e-07,-1.0171735340228876e-06,0.0,-7.65195190070534e-07,-9.234809939245558e-07,4.382671148618359e-06,0.0,-1.2344232576056482e-06,0.0,0.0,2.3153069850890602e-07,5.002039065422552e-07,-5.162817434431907e-07,0.0,0.0,1.5196513057274705e-06,0.0,0.0,0.0,-3.1389839898085948e-06,1.4776168380126362e-06,1.2588343683611438e-06,0.0,0.0,2.567805064858024e-06,-2.9879205164166124e-06,-8.891437035901341e-06,6.239358067853975e-06,-1.7158612144609984e-06,3.8193234391058393e-07,0.0,1.4810727288856837e-07,-1.9590604068402463e-06
2005-08-31,0.0,0.0,1.8178046854767315e-06,0.0,1.9097441266910424e-06,1.723296025062751e-06,7.692005771521054e-07,0.0,1.534097033886474e-06,0.0,0.0,0.0,4.29412980224782e-07,0.0,0.0,7.783042644764904e-07,0.0,0.0,3.885142277665491e-07,0.0,4.554773932281772e-07,1.1876652938196237e-06,-4.191438299301364e-06,-2.921580969231254e-06,6.898509950782409e-08,0.0,0.0,0.0,0.0,0.0,-9.234809939245558e-07,1.904723133024002e-06,0.0,-1.2344232576056482e-06,0.0,0.0,4.462896471146341e-08,3.2993485572341e-07,2.6542134797947808e-08,0.0,0.0,1.5196513057274705e-06,0.0,0.0,0.0,-4.254310731802804e-06,2.095111946617251e-06,1.2588343683611438e-06,2.827020871996802e-06,3.213547731188236e-07,3.561681130252858e-06,2.859378986167699e-07,-1.1939042812521701e-05,6.239358067853975e-06,-3.855531473944895e-06,-3.4022357757826475e-06,0.0,-1.3204944752498977e-06,-3.4921090703254636e-06
2005-09-30,0.0,0.0,1.8178046854767315e-06,3.058290149465323e-07,1.9097441266910424e-06,1.723296025062751e-06,1.1053775430692998e-06,4.2211527055195263e-07,1.534097033886474e-06,0.0,0.0,1.3815131584988633e-06,2.848270877222255e-07,1.0973343166617956e-06,0.0,7.783042644764904e-07,1.6549600182328013e-06,1.5355819624687402e-06,1.4661940515936491e-06,0.0,1.3949076695521053e-07,1.6548709673664208e-06,-4.191438299301364e-06,-3.9972320768615e-06,-2.526542032288753e-06,0.0,1.4559389492237686e-07,7.721732100035813e-08,0.0,-1.0156449461971425e-06,-1.4412101754609397e-06,3.3044717932188085e-06,0.0,-1.2344232576056482e-06,0.0,0.0,0.0,2.1009479926634823e-07,8.480667282277305e-08,0.0,0.0,1.5196513057274705e-06,0.0,0.0,0.0,-2.8862884186053617e-06,1.552965423669848e-06,2.9254359539355937e-07,2.827020871996802e-06,3.213547731188236e-07,3.561681130252858e-06,2.4657581241393825e-06,-1.1939042812521701e-05,3.90594703286844e-06,-3.855531473944895e-06,5.665042463006008e-07,0.0,4.510894270628109e-07,-3.4921090703254636e-06
2005-10-31,0.0,0.0,6.445452511028916e-07,1.6467939721780833e-07,1.0467118722449187e-06,7.638450797983904e-07,-1.4726815303239363e-06,4.2211527055195263e-07,4.7434793863471593e-07,0.0,0.0,4.679178257701077e-07,2.1230480430329994e-07,4.5931993497050233e-07,-1.1163014937004114e-06,4.513845494648815e-07,9.164293870237597e-07,7.645421258865225e-07,-6.6007023956594665e-06,0.0,0.0,9.118063453838814e-07,-3.083879858824496e-06,-2.485841130682715e-06,-1.5278991923234404e-06,0.0,1.0674681342007129e-08,-6.742013404002147e-07,0.0,-4.808416011795573e-07,-8.180116140530013e-07,1.9216094254713096e-06,0.0,-6.968844635066255e-07,0.0,0.0,0.0,1.1325943689622288e-07,8.480667282277305e-08,0.0,0.0,6.464535559379308e-07,0.0,0.0,-9.431110571407615e-07,-1.593249000961496e-06,7.816222510871553e-07,1.21959991250612e-06,-1.4312401249863385e-06,-4.987726576842494e-07,1.9433700149197848e-06,1.3551772944239078e-06,-1.1939042812521701e-05,1.8679360039996346e-06,-3.855531473944895e-06,2.5296056062225346e-07,0.0,2.596744443135641e-07,-1.9773401039418168e-06
2005-11-30,0.0,0.0,1.0181223114362546e-06,0.0,1.4131490173319049e-06,1.3986321061670377e-06,8.533014524783205e-07,6.216100748922222e-07,8.700852305683885e-07,0.0,0.0,1.1308015286132828e-06,1.5672258098644671e-07,3.4357482660988064e-07,0.0,4.513845494648815e-07,2.1623354959097336e-07,1.307696156617747e-06,-6.6007023956594665e-06,0.0,1.0149448244144712e-06,3.890360644082497e-07,-3.083879858824496e-06,-2.485841130682715e-06,-1.5278991923234404e-06,0.0,-1.4647010944278214e-06,-9.292718285835079e-07,0.0,-4.808416011795573e-07,-1.1066341924401584e-06,1.3381906406720564e-06,0.0,-9.54672896638173e-07,0.0,0.0,0.0,1.1325943689622288e-07,1.3037586946125725e-07,0.0,0.0,6.464535559379308e-07,0.0,0.0,0.0,-2.502271826452671e-06,3.3692897907384686e-07,3.6386101701177197e-07,-1.4312401249863385e-06,-4.987726576842494e-07,1.9433700149197848e-06,2.0936459907100706e-06,-1.1939042812521701e-05,2.6142301010026115e-06,-5.745002397160036e-06,-2.8436832255062593e-06,2.212803918791386e-07,-1.3184595277270543e-06,-3.14817866139015e-06
2005-12-30,0.0,0.0,1.0181223114362546e-06,5.924138034263398e-08,1.4131490173319049e-06,1.3986321061670377e-06,8.533014524783205e-07,4.5829014125066356e-07,3.337304167652509e-07,0.0,0.0,4.6805834492995985e-07,0.0,8.682470303026452e-07,-1.7644181547210493e-06,4.513845494648815e-07,5.656260308565755e-08,8.557695191187174e-07,-6.6007023956594665e-06,0.0,1.0149448244144712e-06,7.233991920355315e-07,-3.083879858824496e-06,-2.485841130682715e-06,-1.5278991923234404e-06,0.0,-1.4647010944278214e-06,-9.292718285835079e-07,0.0,-4.808416011795573e-07,-7.02458027621079e-07,1.3381906406720564e-06,0.0,-9.54672896638173e-07,0.0,0.0,0.0,3.060759323479657e-08,7.366716318557185e-08,0.0,0.0,6.464535559379308e-07,0.0,0.0,0.0,-2.502271826452671e-06,6.774379469079984e-07,7.053771319712923e-08,-1.4312401249863385e-06,-4.987726576842494e-07,1.9433700149197848e-06,2.0936459907100706e-06,-1.1939042812521701e-05,2.6142301010026115e-06,-4.143847743806373e-06,1.079093360086728e-07,2.212803918791386e-07,1.573447168906249e-07,-3.14817866139015e-06
2006-01-31,0.0,0.0,7.034149896327654e-07,1.1824501597669518e-07,1.4131490173319049e-06,9.492675026644623e-07,8.533014524783205e-07,4.5829014125066356e-07,2.184391064610802e-07,0.0,0.0,3.235933045983258e-07,0.0,8.682470303026452e-07,-1.7644181547210493e-06,1.0828154069198962e-06,7.700019630630714e-08,-2.015609764446076e-06,-6.6007023956594665e-06,0.0,1.0149448244144712e-06,-1.826591353897881e-06,-3.083879858824496e-06,-2.485841130682715e-06,-1.5278991923234404e-06,-9.55063344261334e-07,-1.0933560377972467e-06,-9.292718285835079e-07,0.0,-4.808416011795573e-07,-7.02458027621079e-07,2.408030325275926e-06,0.0,-6.805537815459853e-07,0.0,0.0,0.0,0.0,7.366716318557185e-08,0.0,0.0,6.464535559379308e-07,4.464878728467522e-07,0.0,0.0,-1.5205505410050624e-06,6.774379469079984e-07,0.0,-1.4312401249863385e-06,-4.987726576842494e-07,1.9433700149197848e-06,1.3451022261080343e-06,-8.254524836233503e-06,8.573887047912115e-07,-4.143847743806373e-06,0.0,2.212803918791386e-07,1.573447168906249e-07,-2.0668084290426124e-06
2006-02-28,0.0,0.0,7.034149896327654e-07,0.0,1.4131490173319049e-06,1.3305254269585238e-06,8.533014524783205e-07,3.1494677571961743e-07,2.184391064610802e-07,0.0,0.0,9.340368213884222e-08,0.0,6.349440994989432e-07,0.0,0.0,0.0,0.0,-6.6007023956594665e-06,0.0,1.0149448244144712e-06,-1.826591353897881e-06,-4.641523237372246e-06,-3.647145536957677e-06,0.0,0.0,-1.0933560377972467e-06,-9.292718285835079e-07,0.0,-7.622968675589986e-07,-7.02458027621079e-07,3.5563551759627153e-06,0.0,-1.0008346387961484e-06,0.0,-4.4725297094529603e-07,-5.14546980936805e-07,-3.6666221647343373e-07,-8.673639950738021e-08,0.0,0.0,6.464535559379308e-07,2.077028736587943e-07,0.0,0.0,-2.1353726079707995e-06,-1.3458661256956783e-06,0.0,-1.4312401249863385e-06,-4.987726576842494e-07,8.937128394616788e-07,2.2008433851409737e-06,-1.253516060146923e-05,8.573887047912115e-07,-4.143847743806373e-06,-2.5779066708890227e-06,-1.992930959627844e-06,-1.333356757952564e-06,-2.0668084290426124e-06
2006-03-31,0.0,0.0,1.3449431841255766e-06,0.0,1.4131490173319049e-06,9.210172040256956e-07,2.8020480939761533e-07,8.710080420325911e-07,5.074862980809654e-07,0.0,0.0,6.854718464192007e-07,0.0,9.127496807076529e-07,0.0,0.0,-1.5889057925969028e-06,-2.7207541231711116e-06,-6.6007023956594665e-06,0.0,1.0149448244144712e-06,-1.826591353897881e-06,-4.641523237372246e-06,-3.647145536957677e-06,-2.1061215232148794e-06,-1.282108199086113e-06,-1.0933560377972467e-06,-9.292718285835079e-07,0.0,-7.622968675589986e-07,-7.02458027621079e-07,1.4058221462619829e-06,0.0,-1.0008346387961484e-06,0.0,0.0,0.0,0.0,-1.3303715048403482e-07,0.0,0.0,6.464535559379308e-07,2.077028736587943e-07,0.0,0.0,-2.1353726079707995e-06,-1.3458661256956783e-06,1.6403145355190152e-07,-1.4312401249863385e-06,-7.496266975643023e-07,8.937128394616788e-07,-2.51534472173891e-06,-1.806622708433521e-05,8.573887047912115e-07,-2.840770020852795e-06,-2.5779066708890227e-06,-1.992930959627844e-06,-1.333356757952564e-06,-2.0668084290426124e-06
2006-04-28,0.0,0.0,9.118691276360565e-07,0.0,1.0205170488654873e-06,6.744958509624207e-07,0.0,6.019440192640456e-07,5.074862980809654e-07,0.0,0.0,4.607104366914441e-07,0.0,5.499423706945168e-07,0.0,-1.6045860045882965e-06,-1.5889057925969028e-06,-2.7207541231711116e-06,-6.6007023956594665e-06,0.0,-8.018653968693417e-07,-1.826591353897881e-06,-2.5762717269195563e-06,-2.2876330396286293e-06,-1.539150122428604e-06,-9.418299548458279e-07,-7.716867086941484e-07,-9.292718285835079e-07,0.0,-5.140974342358647e-07,-7.02458027621079e-07,1.4058221462619829e-06,0.0,-6.564291922470721e-07,0.0,0.0,0.0,0.0,-1.3303715048403482e-07,0.0,0.0,1.4765276962221123e-07,2.077028736587943e-07,0.0,5.271898746353065e-08,-1.0563401435405497e-06,-1.3458661256956783e-06,-9.173418884792643e-07,-1.4312401249863385e-06,-4.835449736158249e-07,2.98571043839018e-07,-9.529880840545756e-07,-1.2949221975064556e-05,8.573887047912115e-07,-2.840770020852795e-06,0.0,-1.992930959627844e-06,-1.333356757952564e-06,-2.0668084290426124e-06
2006-05-31,0.0,0.0,2.6242155193381783e-07,0.0,4.3165577968695476e-07,3.337079724166632e-07,0.0,1.4984763956454676e-07,2.6595567656437437e-07,-1.0197098327068213e-06,0.0,4.607104366914441e-07,0.0,2.555425315156359e-07,0.0,-1.6045860045882965e-06,-8.150097572732352e-07,-1.0153658676043013e-06,-4.689001125542589e-06,0.0,-4.795280610693267e-07,-1.1776352861718253e-06,-2.5762717269195563e-06,-2.2876330396286293e-06,-1.539150122428604e-06,-9.418299548458279e-07,0.0,0.0,0.0,0.0,-2.997001264487265e-07,2.509614560198503e-07,0.0,1.0718885270107919e-07,0.0,0.0,0.0,0.0,-9.012046735017932e-08,0.0,3.5478519967725767e-09,4.908495163957687e-08,1.1249755551392592e-08,0.0,5.271898746353065e-08,-1.7024632341993634e-06,-9.532220135938668e-07,0.0,3.014617591939571e-07,-4.835449736158249e-07,4.442130066570128e-07,9.501426061363982e-07,-1.2949221975064556e-05,8.573887047912115e-07,-1.6048127327128872e-06,0.0,-1.992930959627844e-06,-1.333356757952564e-06,2.415132468506414e-07
2006-06-30,0.0,0.0,2.6242155193381783e-07,1.905137112064141e-09,4.3165577968695476e-07,3.337079724166632e-07,1.7343812940277741e-07,2.409162154814232e-07,1.975252996669812e-07,-1.0197098327068213e-06,0.0,2.363714257559625e-07,0.0,2.555425315156359e-07,0.0,-1.025183788175176e-06,-8.150097572732352e-07,-1.0153658676043013e-06,-3.3183844423127643e-06,0.0,-4.795280610693267e-07,-4.4796040415116783e-07,-2.5762717269195563e-06,-2.2876330396286293e-06,-1.0618600332450224e-06,-9.418299548458279e-07,0.0,0.0,0.0,0.0,-5.109689129048496e-07,-1.3455934309233466e-06,0.0,0.0,0.0,0.0,0.0,-2.1984846680528263e-07,-9.012046735017932e-08,0.0,3.255175788833427e-08,4.908495163957687e-08,4.5530396647032095e-08,0.0,5.271898746353065e-08,2.030655966534813e-06,-9.532220135938668e-07,0.0,6.291080755859529e-07,-2.942415310226588e-07,4.442130066570128e-07,9.501426061363982e-07,-7.507583922218848e-06,8.573887047912115e-07,-1.6048127327128872e-06,-1.6730607398083804e-06,-1.2052352742807166e-06,-8.741848891792464e-07,-1.0175851217353611e-06
2006-07-31,0.0,0.0,4.912517105168337e-07,0.0,6.036520099201421e-07,4.4944315724097494e-07,6.634421451214849e-07,3.554198144157437e-07,3.104011830307376e-07,-1.0197098327068213e-06,0.0,3.778458763329442e-07,0.0,3.886960879585587e-07,0.0,-1.5276359843098356e-06,-1.1772154829878521e-06,-1.526470261766429e-06,-4.727446582296717e-06,0.0,-7.51046320659985e-07,-9.145477928075648e-07,-2.5762717269195563e-06,-2.2876330396286293e-06,-1.5597612370934919e-06,-9.418299548458279e-07,0.0,0.0,0.0,0.0,-6.922779813525978e-07,4.0330979853445644e-07,0.0,-7.653001530263799e-07,0.0,-4.335139490787098e-07,-4.119509647629795e-07,-3.1174094329203006e-07,-9.012046735017932e-08,0.0,0.0,1.48262762123203e-07,0.0,0.0,7.911087351025068e-08,6.654252295622766e-07,-9.532220135938668e-07,0.0,1.4329290702358956e-06,-8.223785642523773e-07,6.227603088885281e-07,9.501426061363982e-07,-5.413766870134681e-06,1.172902585188783e-06,-1.6048127327128872e-06,0.0,-1.716679193285656e-06,-8.741848891792464e-07,-1.0175851217353611e-06
2006-08-31,0.0,0.0,7.179439309068846e-07,0.0,6.036520099201421e-07,4.4944315724097494e-07,6.634421451214849e-07,1.699159090795526e-07,4.778498545951555e-08,-1.5970467905194027e-06,0.0,4.196900529591408e-08,0.0,5.300757066656981e-07,0.0,-2.237370268923613e-06,-1.1772154829878521e-06,-2.387930154552233e-06,-4.727446582296717e-06,0.0,-7.51046320659985e-07,-9.145477928075648e-07,-3.854965311377871e-06,-3.5215231384939565e-06,-2.296479373194531e-06,-1.5323438269668717e-06,0.0,0.0,0.0,0.0,-9.453782343935752e-07,1.1042812175548389e-06,0.0,-7.653001530263799e-07,1.5617268467169927e-08,-4.335139490787098e-07,-4.119509647629795e-07,-3.1174094329203006e-07,-9.012046735017932e-08,0.0,0.0,2.3869154097078526e-07,0.0,0.0,1.321538432786062e-10,-7.194335014425573e-07,-1.444635566949961e-06,0.0,3.7153120841246257e-07,7.949769852914787e-07,4.6545925447210777e-07,1.0246895552535937e-07,-7.848555242515582e-06,1.172902585188783e-06,-1.6048127327128872e-06,3.920842931540029e-07,-2.9223556996393215e-06,-1.6483097139918611e-06,0.0
2006-09-29,0.0,0.0,7.179439309068846e-07,0.0,8.17842258803425e-07,9.141715420116592e-08,9.079179022095598e-07,4.915372721173839e-07,2.9047165782403056e-07,0.0,0.0,6.603520029875665e-07,0.0,5.300757066656981e-07,0.0,1.9434638359806278e-07,-1.1772154829878521e-06,-2.387930154552233e-06,-3.4739685732454426e-06,0.0,-7.51046320659985e-07,1.796563932950066e-06,-3.854965311377871e-06,-3.5215231384939565e-06,-2.296479373194531e-06,-1.5323438269668717e-06,-1.2124824483142805e-06,0.0,1.0444579487931078e-07,0.0,-9.453782343935752e-07,0.0,0.0,-1.085074665949314e-06,-4.5366394819920407e-07,-4.335139490787098e-07,-4.119509647629795e-07,-3.1174094329203006e-07,-1.8339311238146064e-07,0.0,0.0,2.3869154097078526e-07,0.0,0.0,0.0,1.111936227140491e-06,-1.444635566949961e-06,-1.3144344702104968e-06,-1.4322327999771166e-06,-4.14966433205338e-07,4.6545925447210777e-07,-1.49986205392377e-06,-7.848555242515582e-06,-1.1471635943357705e-06,-1.6048127327128872e-06,-2.8503175765711914e-06,-2.9223556996393215e-06,-1.6483097139918611e-06,4.397456729344327e-08
2006-10-31,0.0,0.0,7.179439309068846e-07,0.0,8.17842258803425e-07,5.413569190819748e-08,9.079179022095598e-07,4.915372721173839e-07,2.9047165782403056e-07,0.0,0.0,6.603520029875665e-07,0.0,5.300757066656981e-07,0.0,1.9434638359806278e-07,-1.1772154829878521e-06,-2.387930154552233e-06,-2.338917051055221e-06,0.0,0.0,1.796563932950066e-06,-2.4317270724126455e-06,-2.188361475562911e-06,0.0,0.0,0.0,0.0,6.261351785204094e-08,0.0,-9.453782343935752e-07,0.0,0.0,0.0,-3.326542133213485e-07,-4.335139490787098e-07,-2.8759869949004414e-07,-3.1174094329203006e-07,-1.2778446495367494e-07,0.0,0.0,2.3869154097078526e-07,0.0,0.0,0.0,1.6756875977647879e-06,-1.444635566949961e-06,-1.3144344702104968e-06,-1.0676611479765633e-06,-6.754553051479377e-07,3.194692620217994e-07,-1.0889044809372324e-06,0.0,-1.1471635943357705e-06,5.659077148962115e-07,7.156677282958407e-07,-1.3016288571601904e-06,-9.025449459495127e-07,1.8346389696477826e-07
2006-11-30,0.0,0.0,1.5287868903147936e-07,0.0,4.6678178116452673e-07,5.029422189412346e-07,9.079179022095598e-07,4.915372721173839e-07,4.142178913510981e-07,0.0,0.0,6.603520029875665e-07,0.0,5.300757066656981e-07,0.0,4.067683690345702e-07,-1.1772154829878521e-06,-1.5617742820276147e-06,-6.71440898951915e-06,-8.23689536006486e-07,-2.2874067443138957e-07,1.796563932950066e-06,-2.4317270724126455e-06,1.2890764117137787e-07,1.5785479319268832e-07,0.0,0.0,0.0,-1.3566788222054998e-06,0.0,-9.453782343935752e-07,-2.550286761102421e-06,0.0,0.0,-3.326542133213485e-07,-4.335139490787098e-07,-2.8759869949004414e-07,-3.1174094329203006e-07,-1.8487124574390304e-07,0.0,0.0,1.7465821737090254e-07,0.0,0.0,0.0,-1.8239871773619046e-06,-1.444635566949961e-06,-9.499065555781448e-07,-1.0676611479765633e-06,7.470023176823843e-07,1.6191557829541712e-07,-1.0889044809372324e-06,0.0,-1.1471635943357705e-06,9.756623215646193e-07,7.156677282958407e-07,-2.0225689277741724e-06,6.938533316695699e-07,0.0
2006-12-29,0.0,0.0,8.107868356534315e-08,0.0,6.564975380209965e-07,0.0,1.5857166793526467e-06,7.379772188561847e-07,0.0,-2.340883739661985e-06,0.0,1.2175307621304587e-06,0.0,5.300757066656981e-07,0.0,5.550961834437667e-07,-2.0514343213491494e-06,-3.701470391731584e-06,-1.0344732675532081e-05,-1.2288601325203916e-06,-2.2874067443138957e-07,-5.715503986775685e-07,-3.3168822680337907e-06,-3.336510365193794e-06,-2.3179576593892272e-06,-1.519134740178996e-06,0.0,0.0,-2.058777432212639e-06,0.0,-1.5348878891166893e-06,0.0,0.0,0.0,-6.77709952427598e-07,-6.793174344877718e-07,-4.945032649097399e-07,-4.7455198109566656e-07,-2.4757599075559464e-07,-4.409370437504748e-07,0.0,3.153490035137514e-07,0.0,1.1766218346189719e-07,0.0,-1.8239871773619046e-06,-2.08823919751972e-06,-9.499065555781448e-07,1.0032807278336914e-06,-5.14965410179707e-07,0.0,-2.0821497558338164e-06,0.0,-2.2317886185355416e-06,1.6044653828571557e-06,2.979778522520497e-07,-2.9305275328036925e-06,1.0653651814983828e-06,0.0
2007-01-31,0.0,0.0,8.107868356534315e-08,0.0,6.564975380209965e-07,0.0,1.0357674731391713e-06,4.6989281777121136e-07,6.825671871811467e-08,0.0,0.0,1.2175307621304587e-06,0.0,5.300757066656981e-07,0.0,2.327468141555819e-06,-2.0514343213491494e-06,-3.701470391731584e-06,-1.0344732675532081e-05,-8.989301472945383e-07,-1.0890516143402746e-07,2.1066807606154403e-06,-3.3168822680337907e-06,-3.336510365193794e-06,-2.3179576593892272e-06,-1.519134740178996e-06,0.0,0.0,-2.058777432212639e-06,0.0,-1.5348878891166893e-06,-2.8052753421186212e-06,1.1609146887754363e-06,0.0,-3.140120377324858e-07,-3.2198733839189506e-07,-4.945032649097399e-07,-2.961426251761015e-07,-1.281606143474533e-07,-2.9767976805155504e-07,0.0,3.153490035137514e-07,0.0,0.0,0.0,2.020982650807955e-06,-2.08823919751972e-06,-9.499065555781448e-07,3.6379254945209106e-07,-7.046476741782289e-07,0.0,-2.0821497558338164e-06,2.762478311463658e-07,-2.2317886185355416e-06,9.728210091653513e-07,2.979778522520497e-07,6.03968556479074e-07,1.0653651814983828e-06,0.0
2007-02-28,0.0,0.0,1.6197456353534994e-07,0.0,9.687929782443746e-07,6.796989112383517e-07,1.0357674731391713e-06,0.0,0.0,0.0,0.0,0.0,0.0,2.3134042316747157e-07,0.0,9.085144513429005e-07,-1.4087740701803502e-06,-2.608579250780449e-06,-1.0344732675532081e-05,-8.989301472945383e-07,-9.819608011102103e-07,1.464905779616473e-06,-3.3168822680337907e-06,1.3945786589792133e-07,4.378493019951773e-07,2.571946526162162e-07,0.0,0.0,-1.297783375741038e-06,7.97136937203291e-07,-1.728486228907343e-07,-2.8052753421186212e-06,1.1609146887754363e-06,1.0577987728470959e-06,-3.140120377324858e-07,-3.2198733839189506e-07,-3.5772161321884873e-07,-2.961426251761015e-07,-1.281606143474533e-07,-2.9767976805155504e-07,0.0,1.919341591763942e-07,0.0,0.0,0.0,1.0049975662830375e-06,-1.4580114551760528e-06,0.0,1.6074337038989402e-06,-7.046476741782289e-07,0.0,0.0,1.3555899410572842e-06,-1.6727192152437312e-06,9.728210091653513e-07,1.5370618918077312e-07,6.03968556479074e-07,1.0653651814983828e-06,0.0
2007-03-30,3.066705957056814e-08,1.9729817573027626e-07,6.010462209583103e-07,0.0,3.666396808313414e-07,2.039341418309709e-07,1.0357674731391713e-06,8.54337136896799e-08,3.994949086459536e-08,-1.3805852596435235e-06,0.0,1.196427957639865e-07,0.0,2.3134042316747157e-07,4.672543800234234e-08,9.085144513429005e-07,-1.4087740701803502e-06,-2.608579250780449e-06,-1.0344732675532081e-05,-8.989301472945383e-07,-9.819608011102103e-07,2.464813171757438e-06,0.0,0.0,4.378493019951773e-07,2.571946526162162e-07,2.4330280361769e-07,0.0,-1.297783375741038e-06,7.97136937203291e-07,-4.990638072680499e-07,0.0,1.1609146887754363e-06,7.474541541505264e-07,-4.6333191055304327e-07,-3.2198733839189506e-07,-3.5772161321884873e-07,-2.961426251761015e-07,-2.626701005143145e-07,-2.9767976805155504e-07,0.0,1.919341591763942e-07,0.0,7.941205542121865e-07,0.0,0.0,-1.9828053718367373e-06,0.0,5.069939646404805e-07,-7.046476741782289e-07,-1.4876660545100467e-06,0.0,1.3555899410572842e-06,-2.2663689993756616e-06,9.728210091653513e-07,0.0,6.03968556479074e-07,1.0653651814983828e-06,-1.2912769030492478e-06
2007-04-30,0.0,1.2367249184078823e-07,4.04363549746283e-07,0.0,3.666396808313414e-07,2.039341418309709e-07,1.5423147737059701e-06,5.4372640881927486e-08,0.0,9.851034029830885e-09,0.0,1.8250836642882648e-07,0.0,3.268242414565046e-07,0.0,9.085144513429005e-07,0.0,-3.7266296016875067e-06,-1.0344732675532081e-05,9.800654248199701e-07,-1.4001973410209913e-06,3.412231820800937e-06,0.0,0.0,0.0,2.571946526162162e-07,5.15172897692867e-07,0.0,-1.297783375741038e-06,7.97136937203291e-07,-8.653993104891487e-07,0.0,1.1609146887754363e-06,-1.6755933356862428e-06,-6.320916700561002e-07,-5.76781335775645e-07,-4.780301588994632e-07,-2.961426251761015e-07,-3.6708591022734886e-07,-2.9767976805155504e-07,-1.0803391652744727e-06,-4.1373177028439444e-07,-1.5293906719401431e-06,-8.164909482301146e-07,-6.33834299347065e-07,4.5082417409976556e-07,-1.9828053718367373e-06,7.064284803134334e-08,2.3040153237458067e-06,-1.1547207669155273e-06,-1.4876660545100467e-06,0.0,2.1718152536266513e-06,-1.6285512132940171e-06,1.395088200225035e-06,4.0029075996202624e-07,-2.4216583394288462e-06,1.0653651814983828e-06,2.4206256687433195e-07
2007-05-31,0.0,0.0,0.0,0.0,7.925440674274762e-07,0.0,1.5423147737059701e-06,0.0,4.5667576591091445e-07,0.0,0.0,6.241424938391972e-07,0.0,3.268242414565046e-07,0.0,-3.319456612938299e-06,-2.3976630841581388e-06,-3.7266296016875067e-06,-1.4433366021356115e-05,-1.4103191526663251e-06,-1.8824658461396105e-06,0.0,-5.7729664688179335e-06,-5.240164226339568e-06,0.0,0.0,1.9141763045664e-06,9.294525574241398e-07,6.561867894157604e-07,2.824075840248745e-07,-1.938427699756053e-06,7.98721318303307e-07,2.0250967175523207e-06,-2.320570097718397e-06,-6.320916700561002e-07,-5.76781335775645e-07,-4.780301588994632e-07,-4.438770828882601e-07,-5.165473871774095e-07,3.3790423150901447e-07,0.0,8.542293325922159e-08,5.00460239638482e-07,1.137332662570974e-06,0.0,1.3972799086403383e-07,-1.9828053718367373e-06,1.3723340631234178e-06,3.1020724689681163e-06,1.926121529798203e-08,-1.4876660545100467e-06,0.0,0.0,-3.2398405031769697e-06,1.395088200225035e-06,0.0,0.0,1.0653651814983828e-06,2.4206256687433195e-07
2007-06-29,1.4798671979357802e-07,2.7955057664606004e-07,0.0,0.0,0.0,0.0,5.966220889100947e-07,0.0,0.0,1.74140894520011e-07,7.25044509492213e-08,1.4384867745466608e-07,1.268707903006881e-08,1.1470208366647717e-08,2.1754691280883378e-07,5.85133471777511e-07,-1.0631023662930265e-06,-2.3390871007145477e-06,-7.248697977461403e-06,-6.604064310948044e-07,-9.383668513685537e-07,5.339583281667084e-07,-2.940103758841437e-06,0.0,0.0,1.2386618417544145e-07,1.1519073387214318e-06,9.294525574241398e-07,9.00036393224354e-07,8.917911596854202e-07,-1.2295697818852265e-06,0.0,1.047383914412786e-06,-7.340439001474469e-07,-4.7136581860618187e-07,-5.76781335775645e-07,-2.874645250302194e-07,-2.0271930268845352e-07,-2.798930458850744e-07,2.5237563383534493e-07,-7.6673225141831e-07,-2.8644743307514535e-07,3.271859317055962e-07,-7.9849908055678e-07,0.0,3.3229428186821855e-07,-5.21690245439908e-07,7.891210728780067e-07,-1.919445479478906e-06,-7.574286601622747e-07,2.3022735274199093e-07,0.0,4.362315683795148e-06,-8.726811352337111e-07,9.714847003499122e-07,0.0,0.0,5.40813229638874e-07,5.738414467579371e-07
2007-07-31,1.4798671979357802e-07,2.7955057664606004e-07,4.532210572222393e-08,0.0,1.2594581955019532e-07,0.0,2.2319457001699446e-07,1.0411515998200494e-08,0.0,2.8715240829182077e-07,1.7658691530238523e-07,1.4384867745466608e-07,5.279867688736691e-08,7.904624089778736e-08,2.1754691280883378e-07,-1.305830420803804e-06,-6.818474164479382e-07,-1.3602640380808138e-06,-3.6416665305253876e-06,-4.859451271458599e-07,-5.096248105688877e-07,5.339583281667084e-07,-8.658189817209168e-07,0.0,0.0,8.802310744288882e-08,6.162850552238637e-07,9.294525574241398e-07,6.229797201018009e-07,6.457670989076622e-07,-7.780144785288116e-07,1.6168752829450652e-07,4.5924512380899606e-07,8.664095643449649e-07,-4.7136581860618187e-07,-3.891847195959851e-07,-2.0350506186894853e-07,-1.3463501506507208e-07,-2.0937377374087998e-07,2.5237563383534493e-07,-7.6673225141831e-07,0.0,0.0,2.265584270423627e-07,0.0,0.0,-5.21690245439908e-07,7.891210728780067e-07,-1.919445479478906e-06,-7.574286601622747e-07,2.3022735274199093e-07,1.4599900321199556e-06,4.362315683795148e-06,-8.726811352337111e-07,9.714847003499122e-07,0.0,1.4410500951796624e-07,5.40813229638874e-07,5.738414467579371e-07
2007-08-31,7.414580823877852e-08,1.7504760049651565e-07,4.532210572222393e-08,0.0,6.931181200048567e-08,0.0,3.228714156303864e-07,0.0,0.0,4.0519675468052064e-08,8.289834871573663e-08,6.436727985841216e-08,1.817040845836784e-07,7.904624089778736e-08,2.1754691280883378e-07,-8.268150586714901e-07,-6.818474164479382e-07,-9.807604953959434e-07,-1.7140151013372062e-06,-4.859451271458599e-07,-5.096248105688877e-07,5.339583281667084e-07,1.3192148810011943e-07,2.959360290139464e-07,5.546553765782297e-07,4.6010646586961685e-07,2.8513462815718636e-07,5.973690538296833e-07,3.1680864386021955e-07,2.923669570676323e-07,-3.7828266057350153e-07,1.357024235038818e-06,2.3907148190212827e-07,4.626664847795126e-07,7.277163589942248e-08,-2.666242129141518e-07,3.8303035695800806e-07,2.449262935240507e-07,-1.0288477836072011e-07,1.602017027965541e-07,3.2635541201232136e-07,-2.0722199304789662e-07,0.0,1.5333469233824946e-07,8.068472824884994e-09,1.0457305857709737e-06,-5.21690245439908e-07,7.891210728780067e-07,-7.031726926358332e-07,-4.6356343366548146e-07,4.796256076072701e-07,3.183650385091663e-07,3.1891891454238436e-06,-8.726811352337111e-07,9.714847003499122e-07,0.0,0.0,5.40813229638874e-07,5.738414467579371e-07
2007-09-28,2.6905773769652324e-07,3.8695877340381953e-07,6.12592755659763e-08,0.0,6.931181200048567e-08,0.0,6.242728611366659e-07,6.8373804691292e-09,0.0,4.832337502826351e-07,5.140018915289472e-07,2.958104709515514e-07,6.270645522720247e-08,9.369669707102232e-09,4.648584649398401e-07,-8.268150586714901e-07,-6.818474164479382e-07,-9.807604953959434e-07,-2.7278856325680264e-06,-4.859451271458599e-07,-5.096248105688877e-07,8.286070381613678e-07,2.705646659183538e-07,4.424746291724695e-07,5.546553765782297e-07,4.6010646586961685e-07,4.6051127657605023e-07,5.973690538296833e-07,8.04882276730469e-07,6.239661367075812e-07,-3.7828266057350153e-07,1.357024235038818e-06,3.8257093005017167e-07,9.38320112225544e-07,3.264212759650934e-07,1.809359218138366e-07,5.402654952475851e-07,3.2758588153925545e-07,-4.644406262725763e-08,2.469620929999953e-07,4.875334432717202e-07,0.0,0.0,7.174865845977486e-07,0.0,1.5069274402817377e-06,9.373387505926817e-07,7.891210728780067e-07,-9.485769475819103e-07,2.2091218283400853e-07,4.796256076072701e-07,0.0,3.1891891454238436e-06,0.0,9.714847003499122e-07,0.0,0.0,5.40813229638874e-07,5.738414467579371e-07
2007-10-31,1.835692287974901e-07,2.637978979186515e-07,6.12592755659763e-08,0.0,0.0,0.0,6.242728611366659e-07,0.0,0.0,3.1621522367042376e-07,3.571531439798438e-07,2.1317980972539005e-07,4.137149651800263e-08,0.0,3.140349588788539e-07,-8.268150586714901e-07,-6.818474164479382e-07,-9.807604953959434e-07,-1.955291070396452e-06,-3.299426848080248e-07,-5.096248105688877e-07,5.891064469671523e-07,3.689574330458961e-07,4.424746291724695e-07,5.546553765782297e-07,5.12020568963936e-08,3.2238694654076034e-07,5.973690538296833e-07,3.840615126600949e-07,3.818421538434781e-07,-3.7828266057350153e-07,1.357024235038818e-06,3.8257093005017167e-07,6.501072733815514e-07,1.935318391952485e-07,1.3123341874021336e-07,3.006477240204087e-07,1.9115420404972612e-07,-3.308819316760231e-08,1.5106392888262512e-07,3.444204297284523e-07,0.0,2.776763841222874e-07,3.8815408161854006e-07,0.0,8.949094950514902e-07,6.954410542852127e-07,3.254854075071744e-07,-9.485769475819103e-07,-2.9154735721258016e-07,2.4418255028167423e-07,-1.0156740827845103e-06,3.1891891454238436e-06,0.0,-8.26864381780573e-07,0.0,0.0,3.0981164455740996e-07,2.3006864448951196e-07
2007-11-30,8.660852232473653e-08,1.4737831114169686e-07,6.12592755659763e-08,0.0,0.0,2.3456025430192188e-08,4.3721044375387965e-07,0.0,-2.175770166824998e-07,9.172630043671847e-08,-4.213702271765469e-07,-2.7055963805855085e-07,1.4507616059042984e-07,0.0,2.0593085262380643e-07,4.769443239777928e-07,-4.5941694449894343e-07,-6.530637163908941e-07,-1.955291070396452e-06,-3.299426848080248e-07,-3.7517708726795164e-07,3.2369850188222127e-07,8.533699128294119e-07,9.255055026732034e-07,5.546553765782297e-07,3.876349552959319e-07,3.2238694654076034e-07,3.767275261501637e-07,1.8530661530243448e-07,2.6009838407580756e-07,2.578268822258422e-07,1.899864309331211e-06,3.8257093005017167e-07,2.831737276838439e-07,1.935318391952485e-07,1.3123341874021336e-07,1.7644384893380689e-07,1.353833114640427e-07,-6.019310684091787e-08,1.5106392888262512e-07,2.3700552951350156e-07,3.161876458482468e-08,6.336163139659694e-07,2.6576992275081944e-07,-2.1423162852957133e-07,8.949094950514902e-07,-5.025050709848841e-07,0.0,-9.485769475819103e-07,-2.9154735721258016e-07,2.4418255028167423e-07,-1.0156740827845103e-06,3.1891891454238436e-06,0.0,-8.26864381780573e-07,5.853101139936626e-08,0.0,3.0981164455740996e-07,2.3006864448951196e-07
2007-12-31,3.222982412399179e-07,-4.830926144224286e-07,-4.843274734863575e-07,0.0,7.098550921763137e-08,-5.535638979934794e-07,7.083278500721094e-07,0.0,-3.413659711502031e-07,5.268140580676642e-07,-4.213702271765469e-07,-4.4220538727552805e-07,7.249132992351012e-08,0.0,4.864008530303627e-07,7.15947984039465e-07,-8.418041550192858e-07,-1.34387121192547e-06,-3.1195709415190416e-06,-5.407634382502824e-07,1.8515727152928147e-08,6.363628056535608e-07,1.2192364400117328e-06,9.255055026732034e-07,8.287045823671278e-07,3.876349552959319e-07,5.964175996109843e-07,6.147073846736166e-07,5.407296761776491e-07,4.055430629673961e-07,6.030978903096192e-07,3.3709853800432964e-06,5.835972327021823e-07,6.536618221669502e-07,2.709191636620163e-07,2.0799583343952837e-07,3.5181069458865005e-07,2.389871172367911e-07,-9.579606180698874e-08,2.0589081076404664e-07,4.2038314657954215e-07,3.161876458482468e-08,1.1082894270268055e-06,6.259698892371341e-07,2.0577213631969397e-07,1.6401070936007225e-06,1.2766408970433488e-06,0.0,-9.485769475819103e-07,-6.473244401087844e-07,5.102814703213994e-07,-1.69137357509189e-06,3.1891891454238436e-06,-1.951225220102118e-07,1.4071616618942751e-06,4.339751879753836e-08,0.0,5.164564838596575e-07,4.741386068029693e-07
2008-01-31,-2.6013425414284047e-07,-3.393859989261203e-07,-2.0251250844320803e-07,-6.827389433982688e-08,-2.0042448423584942e-07,-2.2621791960247309e-07,-1.3527786789962795e-07,-1.736949483064944e-07,-3.413659711502031e-07,-5.608645809731837e-07,-4.213702271765469e-07,-1.8149060207532228e-07,-1.4394418043320312e-07,-1.2577324609510657e-07,-4.348458975200088e-07,7.15947984039465e-07,9.024816522845264e-08,8.975564239224316e-08,0.0,-3.1603252133421897e-07,0.0,4.280470379300623e-07,1.2192364400117328e-06,9.255055026732034e-07,5.00741086437598e-07,3.876349552959319e-07,5.964175996109843e-07,6.147073846736166e-07,5.407296761776491e-07,2.998148830136345e-07,6.030978903096192e-07,3.3709853800432964e-06,5.835972327021823e-07,4.444188368168015e-07,2.709191636620163e-07,2.0799583343952837e-07,2.27343823730147e-07,2.389871172367911e-07,-9.579606180698874e-08,2.0589081076404664e-07,4.2038314657954215e-07,2.196345200088307e-08,1.1082894270268055e-06,1.9502740810851624e-07,2.0577213631969397e-07,1.6401070936007225e-06,5.816785671852696e-07,-8.573956665036303e-07,-9.485769475819103e-07,2.492203611142527e-07,3.4905441121726986e-07,-6.687822128136216e-07,2.064732687394429e-06,1.2206296063800085e-06,6.156967130003933e-07,2.137979910366257e-07,0.0,3.025274797545807e-07,3.40337209573335e-07
2008-02-29,-2.6013425414284047e-07,-3.393859989261203e-07,-2.0251250844320803e-07,-6.827389433982688e-08,-8.840331751304203e-08,-1.2196513319132378e-07,4.2802438172417474e-07,-1.736949483064944e-07,-3.413659711502031e-07,-5.608645809731837e-07,-4.213702271765469e-07,-1.8149060207532228e-07,8.986343837701322e-08,-1.2577324609510657e-07,-4.348458975200088e-07,7.15947984039465e-07,0.0,8.975564239224316e-08,7.13602515706006e-08,-2.3692461810690488e-07,3.220292233832801e-07,6.85063519024336e-08,8.130815145682735e-07,6.780011064948971e-07,5.00741086437598e-07,3.876349552959319e-07,3.902877834099584e-07,6.147073846736166e-07,2.9826931300556017e-07,2.1329386677195319e-07,2.1702828032666327e-07,3.3709853800432964e-06,4.196124660738359e-07,2.3828624548206253e-07,1.8067220257474413e-07,2.0799583343952837e-07,2.27343823730147e-07,1.573233550454469e-07,-9.579606180698874e-08,1.5284470275251412e-07,2.8889837011040684e-07,4.267267760403531e-08,1.2115064542191583e-07,1.3669227587704468e-07,2.0577213631969397e-07,6.482224609405164e-07,2.6317279407178474e-07,-8.573956665036303e-07,-9.485769475819103e-07,2.492203611142527e-07,8.652345528463295e-08,-9.187454717044458e-07,1.064145722873154e-06,5.677387703111944e-07,6.156967130003933e-07,2.137979910366257e-07,0.0,3.025274797545807e-07,8.080321135528095e-08
2008-03-31,-1.6306556865718277e-07,-1.3983132686781998e-07,-6.112520204131278e-08,-4.7212436879174075e-08,-1.4542139518284195e-07,-1.2196513319132378e-07,4.2802438172417474e-07,-7.975564000621798e-08,-1.485902484511833e-07,-3.5332888898154357e-07,-1.1405720441700557e-07,-6.25246398608072e-08,-9.270169880959079e-08,-8.363136888034641e-08,-1.7035446529100318e-07,5.363669561354852e-07,7.187806614569219e-08,4.3727882821861777e-08,0.0,-1.7549677940680644e-07,2.2472391451467636e-07,6.85063519024336e-08,5.524790929090177e-07,4.3617383199755027e-07,3.0265269036310375e-07,2.215920753304432e-07,2.5277461304472393e-07,3.011076959814988e-07,2.9826931300556017e-07,2.1329386677195319e-07,2.1702828032666327e-07,1.4359154123796375e-06,2.7245788447465804e-07,2.3828624548206253e-07,8.441330455795616e-08,7.216543759098796e-08,9.897111497212663e-08,7.8648034079239e-08,-5.7634800776373494e-08,6.849132741331037e-08,1.201604740972706e-07,3.071430240132505e-08,7.542479248136823e-08,4.227587041024309e-08,5.387673096360877e-08,1.491597657456511e-07,1.0713080822773497e-07,-6.322358195959271e-07,-5.530421943670254e-07,-1.23816601780389e-07,8.652345528463295e-08,-6.499832923928665e-07,3.0287436945068323e-07,2.37455765413623e-07,2.710016043557723e-07,1.2111688776055668e-07,8.781427937317322e-08,8.540484958160311e-08,8.080321135528095e-08
2008-04-30,-2.4091239261267846e-07,-2.2961544275646098e-07,-1.0008341535753247e-07,-7.255156092212682e-08,-3.1984901626566153e-07,-2.396493298782004e-07,4.2802438172417474e-07,-1.7297034896998598e-07,-2.3593382864109294e-07,-4.961363302784595e-07,-1.1405720441700557e-07,-1.5427989053287666e-07,6.306852011555172e-08,-1.3238399929156793e-07,-2.7919810535466907e-07,5.363669561354852e-07,0.0,3.129352829539674e-08,-1.2195860045829736e-06,-2.71093403875967e-07,2.2472391451467636e-07,6.85063519024336e-08,5.524790929090177e-07,6.207820434658365e-07,4.5636940794555783e-07,3.2663445362693145e-07,3.5304812955774106e-07,3.011076959814988e-07,2.9826931300556017e-07,2.1329386677195319e-07,2.1702828032666327e-07,1.4359154123796375e-06,3.962849277845774e-07,2.3828624548206253e-07,1.2891241149946303e-07,1.1786708545088864e-07,1.3841806562091233e-07,1.1127714170696209e-07,1.2005331821190018e-07,1.0406438173121782e-07,1.6455111888191126e-07,1.242891885436916e-07,1.477434342616127e-07,8.057841360197716e-08,9.133933861430799e-08,3.4546418486554507e-07,2.5216987942316485e-07,-6.322358195959271e-07,-5.530421943670254e-07,1.6427341025465043e-07,1.3641720190098374e-07,-6.499832923928665e-07,4.913781778125342e-07,-6.79235602550253e-07,2.710016043557723e-07,1.2111688776055668e-07,1.979390134418209e-07,1.3169272150440884e-07,1.2290602636918147e-07
2008-05-30,-2.4091239261267846e-07,-3.623290837345046e-07,-2.9405457217987706e-07,-7.255156092212682e-08,-3.1984901626566153e-07,-2.396493298782004e-07,4.2802438172417474e-07,-1.7297034896998598e-07,-2.3593382864109294e-07,0.0,-3.261308575134666e-07,-7.647696891694712e-08,1.2729600440998522e-07,-1.3238399929156793e-07,-4.330073869446544e-07,5.363669561354852e-07,0.0,6.049671267789699e-08,-1.2195860045829736e-06,2.4854274871735505e-07,2.2472391451467636e-07,0.0,7.657168149747803e-07,6.207820434658365e-07,4.5636940794555783e-07,3.2663445362693145e-07,3.5304812955774106e-07,4.1988264980149873e-07,2.9826931300556017e-07,2.1329386677195319e-07,1.3913161792443648e-07,1.4359154123796375e-06,3.962849277845774e-07,1.752698596050102e-07,9.542673568743691e-08,1.1786708545088864e-07,1.3841806562091233e-07,7.434991413944074e-08,1.2005331821190018e-07,1.0406438173121782e-07,1.6455111888191126e-07,1.242891885436916e-07,2.7567173410645735e-07,8.057841360197716e-08,9.133933861430799e-08,3.4546418486554507e-07,-4.0575264787655767e-07,-6.322358195959271e-07,-5.530421943670254e-07,1.6427341025465043e-07,2.1500349520165666e-07,-6.499832923928665e-07,4.913781778125342e-07,-6.79235602550253e-07,2.710016043557723e-07,1.2111688776055668e-07,1.979390134418209e-07,1.3169272150440884e-07,2.01809725733952e-07
2008-06-30,-1.1175656825743653e-07,0.0,-2.9405457217987706e-07,-7.255156092212682e-08,-3.1984901626566153e-07,-2.396493298782004e-07,0.0,-1.1591244738285965e-07,-2.3593382864109294e-07,-2.925934947717086e-07,0.0,-1.235847309149637e-07,1.2729600440998522e-07,-1.3238399929156793e-07,0.0,5.363669561354852e-07,0.0,-4.209541854712234e-07,-1.2195860045829736e-06,-1.891477814756975e-07,2.2472391451467636e-07,1.3941445988406703e-07,5.28663111513808e-07,6.207820434658365e-07,4.5636940794555783e-07,3.2663445362693145e-07,3.5304812955774106e-07,0.0,2.9826931300556017e-07,2.1329386677195319e-07,2.613127849336536e-07,1.4359154123796375e-06,3.962849277845774e-07,1.752698596050102e-07,5.899419651122066e-08,5.835857266762156e-08,7.838253023972063e-08,4.919446188338071e-08,1.2005331821190018e-07,6.121211342345396e-08,1.6455111888191126e-07,1.242891885436916e-07,2.7567173410645735e-07,1.2044087160563334e-07,9.133933861430799e-08,4.6099679039431683e-07,-2.9928433667365787e-07,-4.5840772496199643e-07,-5.530421943670254e-07,1.6427341025465043e-07,2.1500349520165666e-07,-6.499832923928665e-07,4.913781778125342e-07,-6.79235602550253e-07,2.710016043557723e-07,1.2111688776055668e-07,1.979390134418209e-07,1.3169272150440884e-07,2.01809725733952e-07
2008-07-31,-1.1175656825743653e-07,-3.901736557189838e-08,-2.1625204672888488e-07,-7.255156092212682e-08,-3.1984901626566153e-07,-2.396493298782004e-07,0.0,-1.1591244738285965e-07,-2.3593382864109294e-07,-2.925934947717086e-07,0.0,-1.235847309149637e-07,1.2729600440998522e-07,-1.3238399929156793e-07,-5.4477529823931955e-08,5.363669561354852e-07,-3.2516925030330204e-07,-4.209541854712234e-07,-1.2195860045829736e-06,-1.891477814756975e-07,2.2472391451467636e-07,1.3941445988406703e-07,5.28663111513808e-07,6.207820434658365e-07,4.5636940794555783e-07,3.2663445362693145e-07,3.5304812955774106e-07,4.249412862903329e-07,4.6173128353829064e-07,2.1329386677195319e-07,2.613127849336536e-07,1.4359154123796375e-06,3.962849277845774e-07,2.735350043437633e-07,5.899419651122066e-08,5.835857266762156e-08,7.838253023972063e-08,4.919446188338071e-08,-1.9229848200756995e-08,6.121211342345396e-08,1.6455111888191126e-07,1.242891885436916e-07,2.7567173410645735e-07,1.2044087160563334e-07,1.3388924014263192e-07,3.297965200716904e-07,-2.9928433667365787e-07,-4.5840772496199643e-07,-5.530421943670254e-07,1.0451914998671822e-07,2.1500349520165666e-07,-6.499832923928665e-07,4.913781778125342e-07,2.5647068074552663e-07,2.710016043557723e-07,1.2111688776055668e-07,2.6625056526449824e-07,1.3169272150440884e-07,2.01809725733952e-07
2008-08-29,-1.8504142415333694e-07,-1.2670097284917062e-07,-1.596589943685402e-07,-7.255156092212682e-08,-3.1984901626566153e-07,-2.396493298782004e-07,0.0,-1.1591244738285965e-07,-2.3593382864109294e-07,-3.9456531957357337e-07,-7.805095201636695e-08,0.0,4.812776751487678e-08,-1.3238399929156793e-07,-1.3038575278577736e-07,5.363669561354852e-07,-3.2516925030330204e-07,-4.209541854712234e-07,-1.2195860045829736e-06,-1.2576204075402388e-07,2.2472391451467636e-07,1.3864457477224068e-08,5.28663111513808e-07,6.207820434658365e-07,4.5636940794555783e-07,3.2663445362693145e-07,3.5304812955774106e-07,0.0,0.0,2.1329386677195319e-07,1.719017559024029e-07,7.681131812102421e-07,3.962849277845774e-07,2.735350043437633e-07,5.899419651122066e-08,5.835857266762156e-08,7.838253023972063e-08,4.919446188338071e-08,-1.337001486303476e-09,1.7293750033157855e-08,1.6455111888191126e-07,1.242891885436916e-07,-8.463649118165e-08,1.2044087160563334e-07,9.17945368261225e-08,1.685343624539139e-07,-2.9928433667365787e-07,-4.5840772496199643e-07,-2.2225730003090504e-07,2.0985717122216002e-07,-8.30241446011938e-08,-6.499832923928665e-07,4.913781778125342e-07,-4.76842171404645e-07,1.6893679262596043e-07,1.2111688776055668e-07,2.6625056526449824e-07,1.3169272150440884e-07,-6.524259640338672e-08
2008-09-30,-2.7034334045989743e-08,-3.216178108847593e-08,-8.948419155133365e-08,-2.3416096423108247e-08,-8.597330962761264e-08,-8.892169240924345e-08,-2.2973120868225535e-08,-3.432206436182326e-08,-7.780300384627403e-08,-8.924749341438443e-08,-1.3813792906976419e-08,-1.6058749302844032e-07,-2.227095134888843e-08,-4.961724656052132e-08,-3.545572716922405e-08,1.1368523347452264e-07,6.219134275045326e-09,0.0,0.0,1.1965106225002669e-07,1.0887495600797883e-07,2.4754082661447636e-08,1.4880376323166785e-07,1.651651010178153e-07,1.3412993627406318e-07,1.0269407674817265e-07,0.0,0.0,0.0,8.400434489859943e-08,1.2203214370451847e-07,2.393486215230052e-07,0.0,1.3288887384861662e-07,3.533089877654026e-08,4.001125113608735e-08,7.838253023972063e-08,4.919446188338071e-08,-5.386904133217214e-09,1.7293750033157855e-08,6.165966623286753e-08,-7.311029503080891e-08,-8.463649118165e-08,-3.3463449335565047e-08,-3.88683720286246e-08,1.685343624539139e-07,-2.9928433667365787e-07,-4.5840772496199643e-07,-2.2225730003090504e-07,-9.728514356053213e-08,-8.30241446011938e-08,-3.6804182383885347e-07,-6.691113428119366e-07,-4.76842171404645e-07,1.6893679262596043e-07,1.2111688776055668e-07,-7.893962998150382e-08,1.3169272150440884e-07,-6.524259640338672e-08
2008-10-31,-4.923471146585899e-08,-5.683900795594603e-08,-8.948419155133365e-08,-2.3416096423108247e-08,-1.2306007625519774e-07,-8.892169240924345e-08,-2.2973120868225535e-08,-5.7697672451935196e-08,-7.780300384627403e-08,-1.3770661483991616e-07,-4.638815809186738e-08,-5.9071315828625596e-08,-3.856720670894081e-08,-6.82932503057841e-08,-6.363104224262515e-08,2.725068936385881e-07,4.705367610355687e-08,0.0,0.0,-9.821748866033897e-08,1.8220058971401132e-07,6.921043479439081e-08,3.4458858220808495e-07,3.651453842942129e-07,2.3065816050245653e-07,1.637486117480813e-07,-3.27748636385294e-08,0.0,-5.269529507121164e-08,0.0,7.987089577619389e-08,-7.354714606929899e-08,-1.8316333999476064e-08,0.0,-4.0605532770112644e-08,-1.1553920643628778e-08,0.0,-1.6956048178860432e-08,0.0,-6.381170648295432e-08,-5.8529062764485193e-08,-7.311029503080891e-08,-1.2202011545254786e-07,-7.27738623728683e-08,-5.351663671904399e-08,3.524005178759036e-07,-2.9928433667365787e-07,-4.5840772496199643e-07,-3.4424489959459024e-07,-2.6820344603381e-07,-1.3477943939773183e-07,-3.6804182383885347e-07,-1.0797877774564993e-06,-4.76842171404645e-07,-3.101463397973075e-07,-3.0764734167559684e-07,-1.3223658243222422e-07,-3.015128254192243e-09,-1.2725969697047879e-07
2008-11-28,-8.667142329146161e-08,-8.959145391279013e-08,-8.948419155133365e-08,-3.8454671522809124e-08,-2.1608773446934192e-07,-1.251429476577281e-07,-8.874916075667651e-10,-8.50832851196325e-08,-7.780300384627403e-08,-2.586254656379356e-07,-6.959083813459238e-08,-8.800551209690454e-08,-6.344693362444765e-08,-1.0744461444452894e-07,-9.662164216061353e-08,5.047161679049441e-07,4.3837030716812553e-07,0.0,0.0,1.20898122325524e-07,3.180108939704867e-07,0.0,5.261644132493889e-07,3.651453842942129e-07,2.3065816050245653e-07,1.637486117480813e-07,-3.27748636385294e-08,0.0,-8.73203650642499e-08,0.0,7.987089577619389e-08,-7.354714606929899e-08,0.0,0.0,-7.43960179248473e-08,-3.110826823270497e-08,0.0,-3.4724126727409694e-08,0.0,-8.658697029197795e-08,-5.8529062764485193e-08,-1.0012590395062654e-07,0.0,-7.27738623728683e-08,-4.135302372435848e-09,5.086776432175722e-07,-2.1915390051091012e-07,-4.5840772496199643e-07,-6.124524037959196e-07,-2.6820344603381e-07,-3.2225673120866257e-07,-3.6804182383885347e-07,-1.845981342187764e-06,-8.014429697246479e-07,-4.3103256486227393e-07,-4.1095519938055996e-07,-1.3223658243222422e-07,0.0,-1.8897859497842824e-07
2008-12-31,-1.9973093695321084e-08,0.0,-8.948419155133365e-08,-3.8454671522809124e-08,-1.1333989897588165e-07,-1.251429476577281e-07,0.0,-1.5654760301598435e-08,-2.08161328243301e-07,-7.177431709245315e-08,0.0,-8.800551209690454e-08,-1.4947234112667945e-08,-2.0391120718029662e-07,-2.297084886751445e-09,6.95920287843434e-07,3.0124285266850195e-07,0.0,0.0,2.0782624638735504e-07,4.2775815790540204e-07,0.0,1.0335939877512871e-06,7.80646588598507e-07,4.413728771873687e-07,2.6193623349164955e-07,-6.545989652948597e-08,-3.24423673389032e-08,-5.6316558462540485e-08,0.0,2.7243253107257207e-07,-3.879402584772226e-08,0.0,2.5130706118784144e-07,-1.2538734582813134e-07,-1.2191231326681332e-07,0.0,-9.634273683064263e-08,0.0,-1.260992681450851e-07,-5.8529062764485193e-08,-1.3832870511846815e-07,0.0,-2.6136963069880345e-07,0.0,5.086776432175722e-07,-3.864796164631708e-07,-4.5840772496199643e-07,-6.124524037959196e-07,-4.034265824948542e-07,-4.798867190180065e-07,-6.550752636926978e-07,-1.845981342187764e-06,-8.014429697246479e-07,-4.3103256486227393e-07,-4.1095519938055996e-07,0.0,0.0,-2.5402482827064093e-07
2009-01-30,-1.3967708638694074e-09,0.0,-3.893718380963031e-08,-3.8454671522809124e-08,-1.1333989897588165e-07,-2.224725781210102e-07,0.0,0.0,-2.08161328243301e-07,-3.623535263937569e-08,0.0,-1.5219766243510078e-07,-6.35606648729572e-09,-2.7189013953924845e-07,0.0,6.95920287843434e-07,3.0124285266850195e-07,0.0,0.0,2.0782624638735504e-07,4.2775815790540204e-07,0.0,1.0335939877512871e-06,7.80646588598507e-07,4.413728771873687e-07,2.6193623349164955e-07,-2.0023785819288233e-08,-6.114972924054281e-08,0.0,0.0,2.7243253107257207e-07,0.0,-1.6988680598681358e-07,0.0,-1.2538734582813134e-07,-1.2191231326681332e-07,0.0,-9.634273683064263e-08,0.0,-1.260992681450851e-07,-3.4040853088875686e-09,-1.3832870511846815e-07,0.0,-2.6136963069880345e-07,0.0,5.086776432175722e-07,-3.864796164631708e-07,-3.340874449165646e-07,-6.124524037959196e-07,-4.034265824948542e-07,-4.798867190180065e-07,-6.550752636926978e-07,-1.845981342187764e-06,-1.1159178784704398e-06,-5.927357231578148e-07,-6.437829333823984e-07,0.0,0.0,-2.5402482827064093e-07
2009-02-27,-4.47800450600423e-08,0.0,0.0,-7.964906154813646e-08,0.0,-2.605795387104412e-08,-6.777000050262885e-07,0.0,-2.8933957501273013e-07,-2.3473651931825066e-07,0.0,0.0,-2.5610831950357907e-08,-2.7189013953924845e-07,0.0,6.95920287843434e-07,1.4943219809650507e-07,4.079191934226679e-07,1.9884924140874806e-06,2.0782624638735504e-07,2.4765562675934603e-07,-9.128077266138081e-07,1.0335939877512871e-06,7.80646588598507e-07,4.413728771873687e-07,2.6193623349164955e-07,0.0,-4.20238559804823e-08,-4.026855098806446e-09,0.0,2.7243253107257207e-07,0.0,-1.0754038995380789e-07,0.0,-1.2538734582813134e-07,-1.2191231326681332e-07,-2.0728807621450586e-07,-1.346960093772513e-07,0.0,-1.260992681450851e-07,-2.056937352085242e-09,-1.3832870511846815e-07,0.0,-2.6136963069880345e-07,0.0,0.0,-6.099033265180483e-07,-3.340874449165646e-07,-3.9587649124247377e-07,-4.034265824948542e-07,-4.798867190180065e-07,-6.550752636926978e-07,0.0,-1.1159178784704398e-06,-5.927357231578148e-07,-5.988787678906446e-08,0.0,0.0,-4.780940170872763e-07
2009-03-31,0.0,0.0,0.0,-4.603535950084416e-09,-1.8201060278281555e-07,0.0,-6.777000050262885e-07,0.0,-2.8933957501273013e-07,0.0,0.0,-2.658334756864814e-07,0.0,-3.391990343720201e-08,0.0,6.95920287843434e-07,3.2091720064147705e-07,6.176811972788481e-07,1.9884924140874806e-06,2.0782624638735504e-07,1.8572612711118429e-07,-9.128077266138081e-07,1.0335939877512871e-06,4.770271728507461e-07,2.583948090061786e-07,1.8720758834151257e-07,-1.829694412695983e-07,-2.7609504477136015e-07,-2.537375319093296e-07,0.0,2.7243253107257207e-07,0.0,-3.252466550145579e-07,0.0,-1.2538734582813134e-07,-1.2191231326681332e-07,-2.0728807621450586e-07,-1.346960093772513e-07,0.0,-1.260992681450851e-07,0.0,-3.285052228818045e-08,0.0,-1.4311369448947924e-07,0.0,4.746329009975185e-07,-6.099033265180483e-07,-3.340874449165646e-07,-5.396701992067226e-07,-4.034265824948542e-07,-4.798867190180065e-07,-6.550752636926978e-07,0.0,-1.1159178784704398e-06,-5.927357231578148e-07,-1.6007499359057256e-07,0.0,0.0,-4.780940170872763e-07
2009-04-30,0.0,0.0,0.0,-4.603535950084416e-09,-1.8201060278281555e-07,0.0,-3.958286146359926e-07,0.0,-2.8933957501273013e-07,0.0,0.0,-2.658334756864814e-07,0.0,-5.362924119329838e-08,0.0,6.95920287843434e-07,3.2091720064147705e-07,6.176811972788481e-07,1.9884924140874806e-06,2.0782624638735504e-07,1.8572612711118429e-07,0.0,1.0335939877512871e-06,4.770271728507461e-07,2.583948090061786e-07,1.8720758834151257e-07,-1.829694412695983e-07,-2.7609504477136015e-07,-2.537375319093296e-07,-2.0415048470145765e-09,2.7243253107257207e-07,0.0,-3.252466550145579e-07,0.0,-1.2538734582813134e-07,-1.2191231326681332e-07,-2.0728807621450586e-07,-1.346960093772513e-07,0.0,-1.260992681450851e-07,1.7621444156607432e-07,-1.3176423062005726e-07,0.0,-1.4311369448947924e-07,0.0,-2.86780626332297e-07,-2.823666383263056e-07,-1.4145625290874616e-07,-3.0899255503176407e-07,-4.034265824948542e-07,-4.798867190180065e-07,-6.550752636926978e-07,0.0,4.584190268894584e-07,-3.1432922713757635e-07,0.0,4.093841280539056e-07,0.0,-4.780940170872763e-07
2009-05-29,0.0,0.0,0.0,-5.117341287706461e-08,-4.016997522788809e-07,-7.869146765579414e-08,-3.958286146359926e-07,0.0,-2.8933957501273013e-07,0.0,0.0,-4.011786746602723e-07,0.0,-8.888779132604556e-08,0.0,6.95920287843434e-07,3.2091720064147705e-07,6.176811972788481e-07,1.9884924140874806e-06,3.0246056459182955e-07,2.963278302438601e-07,0.0,1.8306436592599366e-06,8.699674824547343e-07,4.772630848833928e-07,2.899533114065756e-07,-1.829694412695983e-07,-3.9879366498671063e-07,-4.2515762725963746e-07,-4.661352629323321e-08,2.7243253107257207e-07,0.0,-3.252466550145579e-07,-9.735789127947261e-08,-2.2169947764102349e-07,-2.0060869571584676e-07,-2.9476172497859784e-07,-2.0395490608362137e-07,0.0,-2.0057312501166378e-07,2.75570214449421e-07,-9.741327120573814e-08,0.0,-2.409454008563326e-07,0.0,-4.370849457295703e-07,-5.615213705551038e-07,1.0112150042721857e-06,-3.0899255503176407e-07,-4.034265824948542e-07,-4.798867190180065e-07,0.0,0.0,7.173733156216568e-07,-4.191788401877939e-07,0.0,5.507912749416115e-07,0.0,-4.780940170872763e-07
2009-06-30,0.0,0.0,0.0,0.0,0.0,0.0,-6.142149500639246e-07,0.0,-2.8933957501273013e-07,0.0,0.0,-4.011786746602723e-07,0.0,0.0,0.0,6.95920287843434e-07,3.2091720064147705e-07,6.176811972788481e-07,1.9884924140874806e-06,3.0246056459182955e-07,2.963278302438601e-07,0.0,6.653370999890711e-07,8.699674824547343e-07,4.772630848833928e-07,2.899533114065756e-07,-2.800624228245159e-07,-3.9879366498671063e-07,-4.2515762725963746e-07,-1.76212326358317e-07,2.7243253107257207e-07,0.0,-3.252466550145579e-07,-9.735789127947261e-08,-2.2169947764102349e-07,-2.0060869571584676e-07,-2.9476172497859784e-07,-2.0395490608362137e-07,0.0,-1.1421338312853882e-07,0.0,-1.9881599149121232e-07,0.0,-2.409454008563326e-07,0.0,-4.370849457295703e-07,-1.9598160880123764e-08,-1.449048805464579e-07,-3.0899255503176407e-07,-2.541448629573906e-07,-4.798867190180065e-07,-3.597034082151573e-07,0.0,7.173733156216568e-07,-1.3514991809446308e-07,0.0,0.0,0.0,-4.780940170872763e-07
2009-07-31,0.0,0.0,0.0,0.0,0.0,0.0,-6.142149500639246e-07,0.0,-3.871120105607017e-07,0.0,0.0,-4.011786746602723e-07,0.0,0.0,0.0,4.962206896871814e-07,3.2091720064147705e-07,6.176811972788481e-07,1.9884924140874806e-06,3.0246056459182955e-07,2.963278302438601e-07,0.0,6.653370999890711e-07,6.267601441770636e-07,4.772630848833928e-07,2.899533114065756e-07,-2.800624228245159e-07,-3.9879366498671063e-07,-4.2515762725963746e-07,-1.76212326358317e-07,2.7243253107257207e-07,0.0,-3.252466550145579e-07,2.6126133462024694e-07,-2.2169947764102349e-07,-2.0060869571584676e-07,-2.085604875486434e-07,-1.315923477406839e-07,0.0,-6.948102474508951e-08,2.587188419876015e-07,-1.9881599149121232e-07,0.0,-2.409454008563326e-07,0.0,4.4701879815830513e-07,-5.163616932299351e-08,-9.458449287257948e-08,-3.0899255503176407e-07,-2.541448629573906e-07,-4.798867190180065e-07,0.0,0.0,7.173733156216568e-07,-1.3514991809446308e-07,-5.0384082475928566e-08,2.993375083630045e-07,0.0,-4.780940170872763e-07
2009-08-31,0.0,0.0,0.0,-1.2475988924620323e-08,-1.2269956287758683e-07,-2.1917991577537572e-08,4.800626512144323e-07,0.0,-3.871120105607017e-07,0.0,0.0,-4.011786746602723e-07,0.0,-1.4632081556582724e-07,0.0,7.145219229558165e-07,5.021823521230925e-07,6.176811972788481e-07,1.9884924140874806e-06,3.0246056459182955e-07,2.963278302438601e-07,1.0059737682981616e-06,1.0128548933240998e-06,8.492626474213464e-07,4.772630848833928e-07,2.899533114065756e-07,2.555237394845979e-07,-3.9879366498671063e-07,-4.2515762725963746e-07,2.4543155168012887e-07,2.7243253107257207e-07,0.0,2.3215710509121694e-07,3.5246197949766346e-07,-2.2169947764102349e-07,-2.0060869571584676e-07,-2.085604875486434e-07,-1.8307855207796714e-07,0.0,-1.057621914637267e-07,3.53566688104216e-07,-1.9881599149121232e-07,6.572007514665728e-07,1.0345842902037895e-08,2.2331528653627116e-07,4.4701879815830513e-07,-5.163616932299351e-08,-9.458449287257948e-08,-7.343361892280267e-07,-2.541448629573906e-07,-6.596051792171158e-07,-1.5334497160605284e-07,0.0,4.497920441841719e-07,0.0,-7.54877278537894e-08,2.993375083630045e-07,2.504435183736714e-07,-4.780940170872763e-07
2009-09-30,5.3370454644661e-07,8.230581638215898e-07,6.874935036846195e-07,1.7504302619336574e-07,9.108305442736356e-07,8.933356452974535e-07,7.751229144274345e-07,5.909762093742635e-07,0.0,1.3345314360830442e-06,1.1056809674672555e-06,5.920798043924924e-07,2.717592173740311e-07,3.92588922220468e-07,1.068789256819048e-06,1.1534158963808575e-06,7.526903261031762e-07,1.3060728931048338e-06,3.680647017708759e-06,4.943235269480928e-07,5.536547122159861e-07,1.6815610062720925e-06,2.233017537263415e-06,1.3943012239503733e-06,8.692813620769867e-07,4.921177331377276e-07,6.226960913319539e-08,-5.562711418579331e-07,1.8060775727951792e-07,1.0682227343327918e-07,4.620663324739374e-07,-5.836222479462726e-07,1.4413681521646316e-09,5.87807944225594e-07,-2.2169947764102349e-07,-2.0060869571584676e-07,-3.231204353985062e-07,-1.8307855207796714e-07,-2.3486425771768367e-07,-1.8858860552342374e-07,3.53566688104216e-07,2.039826506603028e-08,9.73881655026818e-07,1.1382960260548822e-07,2.2331528653627116e-07,7.514612371241297e-07,7.316551509753494e-07,1.3371119556951993e-06,-1.0614729144662564e-06,-3.570395630477989e-07,-9.666455823060865e-07,0.0,0.0,4.497920441841719e-07,0.0,0.0,5.664546252596034e-07,4.029339519803952e-07,-8.459738541514221e-07
2009-10-30,3.7021609636846263e-07,5.561311706884429e-07,4.7234156962083934e-07,1.2199118466452496e-07,6.230986782077413e-07,6.306616124901683e-07,3.548265452962243e-07,3.952692494769739e-07,0.0,9.147117088692399e-07,7.875647030894278e-07,5.920798043924924e-07,2.717592173740311e-07,2.858480387065126e-07,7.120168786127003e-07,7.738364295582729e-07,7.526903261031762e-07,1.3060728931048338e-06,3.680647017708759e-06,4.943235269480928e-07,4.0206405032331773e-07,1.6815610062720925e-06,2.233017537263415e-06,1.3943012239503733e-06,8.692813620769867e-07,4.921177331377276e-07,1.3680579393685624e-07,2.9057755419361442e-08,1.8060775727951792e-07,1.0682227343327918e-07,4.620663324739374e-07,1.0746018290588578e-06,1.1002407184813805e-07,5.87807944225594e-07,2.0819255409900874e-08,0.0,-3.231204353985062e-07,-1.8307855207796714e-07,-2.3486425771768367e-07,1.853003994540578e-07,3.53566688104216e-07,4.660237070236663e-08,6.849515258240087e-07,1.1382960260548822e-07,2.2331528653627116e-07,4.3048222006117466e-07,7.316551509753494e-07,1.3371119556951993e-06,-1.0614729144662564e-06,5.534615284944833e-08,-6.274841649613592e-07,-1.3177849965776398e-07,0.0,4.497920441841719e-07,-1.1135068475493117e-07,9.5913239568305e-07,5.664546252596034e-07,4.029339519803952e-07,-5.533315564256913e-07
2009-11-30,3.7021609636846263e-07,5.561311706884429e-07,4.7234156962083934e-07,1.2199118466452496e-07,6.230986782077413e-07,6.306616124901683e-07,3.548265452962243e-07,3.952692494769739e-07,5.598373641249163e-07,9.147117088692399e-07,5.758336741592014e-07,5.920798043924924e-07,2.717592173740311e-07,2.858480387065126e-07,7.120168786127003e-07,7.738364295582729e-07,7.526903261031762e-07,1.3060728931048338e-06,3.680647017708759e-06,4.943235269480928e-07,4.0206405032331773e-07,1.187171286427922e-06,2.233017537263415e-06,7.861812587303683e-07,4.003251155832e-07,-1.4574829988431583e-07,1.9222693528483613e-07,5.360899933150578e-08,1.8060775727951792e-07,1.0682227343327918e-07,4.620663324739374e-07,1.0746018290588578e-06,1.9368336469263573e-07,1.886050513355379e-07,5.440652707941236e-08,0.0,1.1079716746507576e-08,0.0,-2.3486425771768367e-07,1.853003994540578e-07,3.53566688104216e-07,2.335751178820069e-08,4.878661259931163e-07,1.1382960260548822e-07,2.2331528653627116e-07,4.3048222006117466e-07,5.430454847637839e-07,1.3371119556951993e-06,-1.0614729144662564e-06,3.312286449939636e-07,-4.2066261435211754e-07,-3.5388598645578663e-07,3.7901656695150897e-06,4.497920441841719e-07,7.64285665291277e-07,9.5913239568305e-07,5.664546252596034e-07,4.029339519803952e-07,-5.533315564256913e-07
2009-12-31,5.025532654354962e-07,7.665425573557408e-07,4.7234156962083934e-07,1.2199118466452496e-07,6.230986782077413e-07,6.306616124901683e-07,5.492526356687841e-07,3.952692494769739e-07,5.598373641249163e-07,9.147117088692399e-07,5.758336741592014e-07,5.920798043924924e-07,2.717592173740311e-07,2.858480387065126e-07,7.120168786127003e-07,0.0,0.0,1.3060728931048338e-06,3.680647017708759e-06,4.943235269480928e-07,0.0,1.187171286427922e-06,1.64145982385174e-06,-8.948092469903784e-07,-6.457067583158551e-07,-1.959529824396745e-07,1.9222693528483613e-07,0.0,1.8060775727951792e-07,6.270360620464454e-08,0.0,2.788512951612438e-07,7.18568608484211e-08,4.6326670724286664e-07,2.4344215348677564e-07,0.0,0.0,0.0,-2.3486425771768367e-07,1.853003994540578e-07,2.2741526811796315e-07,2.335751178820069e-08,2.695439830184662e-07,2.683155363643339e-07,2.2331528653627116e-07,4.3048222006117466e-07,5.430454847637839e-07,-9.881304501170088e-08,-1.0614729144662564e-06,3.312286449939636e-07,-5.642714352639005e-07,-5.691283015676803e-07,0.0,4.497920441841719e-07,7.64285665291277e-07,9.5913239568305e-07,5.664546252596034e-07,4.029339519803952e-07,-5.533315564256913e-07
2010-01-29,5.025532654354962e-07,7.665425573557408e-07,4.7234156962083934e-07,1.2199118466452496e-07,6.230986782077413e-07,6.306616124901683e-07,2.5390874875612205e-07,3.952692494769739e-07,5.598373641249163e-07,9.147117088692399e-07,5.758336741592014e-07,4.12488534115185e-07,2.717592173740311e-07,2.858480387065126e-07,7.120168786127003e-07,9.042127707703787e-07,7.124156201429748e-07,1.3060728931048338e-06,3.680647017708759e-06,4.943235269480928e-07,4.0935746762682913e-07,1.187171286427922e-06,1.64145982385174e-06,1.1906230596079884e-06,6.203096457120643e-07,-1.959529824396745e-07,1.384246531040734e-07,0.0,6.417370267685052e-08,3.700268487261919e-08,0.0,4.188225517486125e-07,0.0,4.6326670724286664e-07,2.4344215348677564e-07,2.408662120871222e-07,0.0,0.0,-1.5438378481258719e-07,1.853003994540578e-07,2.2741526811796315e-07,5.441274157848774e-08,2.695439830184662e-07,2.683155363643339e-07,2.2331528653627116e-07,1.928179290891579e-07,5.430454847637839e-07,-7.259538563659779e-07,-7.837129830438664e-07,2.0404065030379906e-07,-5.642714352639005e-07,-1.5463480659398748e-07,0.0,4.497920441841719e-07,0.0,9.5913239568305e-07,5.664546252596034e-07,4.029339519803952e-07,-5.533315564256913e-07
2010-02-26,5.025532654354962e-07,5.627248966894588e-07,4.7234156962083934e-07,1.2199118466452496e-07,6.230986782077413e-07,6.306616124901683e-07,8.301444033713041e-07,3.952692494769739e-07,4.0816945854193467e-07,9.147117088692399e-07,8.472920878334846e-07,4.12488534115185e-07,2.717592173740311e-07,2.858480387065126e-07,7.120168786127003e-07,0.0,5.318310740066794e-07,9.587386907731054e-07,3.680647017708759e-06,4.943235269480928e-07,0.0,1.187171286427922e-06,1.2164992151263717e-06,1.1906230596079884e-06,4.3947242771355503e-07,-1.959529824396745e-07,3.655341985796872e-07,3.1332424073576467e-08,1.4830517197920015e-07,1.0791530633941928e-07,3.057230045181993e-07,9.177939126756413e-07,1.8928452715899096e-07,4.6326670724286664e-07,2.4344215348677564e-07,2.408662120871222e-07,0.0,0.0,-1.5438378481258719e-07,6.825065052871054e-08,2.2741526811796315e-07,5.441274157848774e-08,1.675893990376292e-07,1.9729757190562333e-07,1.5524534354815789e-07,0.0,5.430454847637839e-07,5.197530290129278e-07,-7.837129830438664e-07,3.6309899644559023e-07,-5.642714352639005e-07,-2.7880940334663807e-07,-8.231462765416443e-07,3.3157909958938307e-07,-9.433840768738701e-08,9.5913239568305e-07,5.664546252596034e-07,4.029339519803952e-07,-5.533315564256913e-07
2010-03-31,5.025532654354962e-07,8.259686328256967e-07,4.7234156962083934e-07,1.834238612576229e-07,6.230986782077413e-07,6.306616124901683e-07,8.301444033713041e-07,3.952692494769739e-07,6.212803921547009e-07,9.147117088692399e-07,8.472920878334846e-07,4.12488534115185e-07,2.717592173740311e-07,2.858480387065126e-07,9.767719917878055e-07,0.0,8.206053146028654e-07,1.4280477546167022e-06,3.680647017708759e-06,4.943235269480928e-07,0.0,1.6507101671725161e-06,1.91703622521048e-06,1.1906230596079884e-06,-8.422897804183189e-07,-1.959529824396745e-07,5.089470531742545e-07,8.490893394128603e-08,2.96865711574928e-07,1.0791530633941928e-07,3.057230045181993e-07,2.260550125654301e-07,6.813403198421298e-08,4.6326670724286664e-07,2.4344215348677564e-07,2.408662120871222e-07,0.0,0.0,-2.6929074305607723e-07,1.4258950692901032e-07,2.2741526811796315e-07,6.398452612280515e-10,2.6768517644250537e-07,1.1436910146418719e-07,2.1437264725460474e-07,0.0,5.430454847637839e-07,5.197530290129278e-07,-7.837129830438664e-07,3.6309899644559023e-07,-5.642714352639005e-07,-7.183521036345336e-07,-4.940802386138834e-07,3.3157909958938307e-07,0.0,-9.871129886619349e-08,5.664546252596034e-07,4.029339519803952e-07,-5.533315564256913e-07
2010-04-30,2.840013703960804e-07,5.540572167170072e-07,4.7234156962083934e-07,1.3587507638911235e-07,6.230986782077413e-07,6.306616124901683e-07,8.301444033713041e-07,3.952692494769739e-07,4.5232285695631454e-07,9.147117088692399e-07,8.472920878334846e-07,4.12488534115185e-07,2.717592173740311e-07,2.858480387065126e-07,9.767719917878055e-07,0.0,8.206053146028654e-07,1.4280477546167022e-06,3.680647017708759e-06,4.943235269480928e-07,4.7471000237721014e-07,1.6507101671725161e-06,1.91703622521048e-06,1.1906230596079884e-06,3.686053565007382e-07,4.259163306322786e-07,5.089470531742545e-07,0.0,2.0039359713580255e-07,-3.112394797994127e-07,3.057230045181993e-07,3.9830217407821694e-07,0.0,4.6326670724286664e-07,2.4344215348677564e-07,2.408662120871222e-07,1.768018020013157e-07,0.0,-2.6929074305607723e-07,1.4258950692901032e-07,2.2741526811796315e-07,0.0,2.6768517644250537e-07,8.0466127678683e-08,2.1437264725460474e-07,1.6162735140797768e-07,3.6625754374910856e-07,3.032654508510082e-07,3.7963619284788345e-07,-5.104662078762855e-08,-3.841725061234262e-07,1.0013096839957697e-06,-4.943638923660245e-06,-1.3025192813502496e-07,-1.445294678307926e-07,-5.788030890099188e-07,5.664546252596034e-07,5.418202079879407e-07,-5.533315564256913e-07
2010-05-31,8.592424760292719e-08,1.769469243687138e-07,1.375913885958678e-07,4.2125500879918785e-08,1.657623031080895e-07,1.8431571213247903e-07,5.950630269252825e-07,1.42408430073318e-07,-5.410656299921965e-08,1.8057467330607924e-07,2.400889817365166e-07,-1.290751914810064e-07,1.5020771248625097e-07,1.1835080840252093e-07,2.2687677739871965e-07,3.7129230667451773e-07,2.4169272490854286e-07,4.741699311760008e-07,2.012937550033046e-06,9.908554609404365e-08,3.116747447163016e-07,7.537031392171207e-07,8.263290396093355e-07,5.85818006729107e-07,1.5423832903451705e-07,1.0600704196460313e-07,2.2309870674290094e-07,-3.252096568699565e-07,2.0039359713580255e-07,-1.3117302431753768e-07,7.496197484953203e-08,3.9830217407821694e-07,2.977181058919674e-07,-1.0911077063752377e-07,-4.911704534225814e-08,-8.066152348208466e-08,-1.5361862789999793e-07,-1.2845579056047554e-07,-1.8606039782021668e-07,-1.2190781527638574e-07,2.2741526811796315e-07,0.0,7.768296771021309e-08,8.0466127678683e-08,9.888309897410855e-08,8.958722435054751e-08,0.0,3.032654508510082e-07,2.782801842146131e-07,-3.262727183552976e-07,-2.684575105422338e-07,5.147868756010208e-07,-3.6856031322545735e-06,-5.741591334193634e-08,-2.377616450886051e-09,-5.788030890099188e-07,5.664546252596034e-07,0.0,-5.533315564256913e-07
2010-06-30,1.4228944050030082e-07,2.3951862241710877e-07,2.521757459914309e-07,8.0715783596817e-08,3.261225075745274e-07,3.0297682102575937e-07,1.0402735817367321e-06,2.3265728483163287e-07,-1.4125216357678593e-07,3.044488748315644e-07,3.6150835677886287e-07,3.252363687233969e-07,1.5020771248625097e-07,1.1835080840252093e-07,3.037890534377454e-07,5.860800286135818e-07,4.6598997140245516e-07,8.793596146526444e-07,3.2521296238173908e-06,1.54943816529399e-07,5.410268438320966e-07,1.3490079687399322e-06,1.786857180098423e-06,1.0343432337239426e-06,3.2514501541879706e-07,1.903495162309231e-07,3.6706916096481784e-07,-5.300502562291094e-07,4.27989070861523e-07,-3.003708283577163e-07,1.8751175018869412e-07,3.9830217407821694e-07,4.1268738656512277e-07,5.450780707123848e-07,2.4716060597917143e-07,2.092880518718727e-07,2.9334310091634695e-07,1.833863789416001e-07,-2.5603751171839403e-07,1.5685856708897314e-07,2.2741526811796315e-07,0.0,1.8434434577039836e-07,2.9441243816350357e-07,1.4039055936797085e-07,2.2749291789324032e-07,6.721297039610403e-07,6.777494851283773e-07,8.960449196116587e-07,2.4374538132978235e-07,-8.519411217731511e-07,-3.5187208133772794e-07,-2.517586776925375e-06,0.0,-5.278908106901935e-07,1.5037275038049824e-06,9.037956801594069e-07,7.973606196104302e-07,-5.533315564256913e-07
2010-07-30,2.1857546226133766e-07,3.5114514501988334e-07,3.370419627541959e-07,1.1267032216689459e-07,4.865655914424105e-07,4.341718160703534e-07,1.0402735817367321e-06,2.3265728483163287e-07,-2.1512796943149935e-07,5.310024884169032e-07,3.6150835677886287e-07,-2.1036281652615822e-07,2.172304096579643e-07,1.5861182452877203e-07,4.1816975078092063e-07,5.860800286135818e-07,6.65630998968228e-07,8.793596146526444e-07,3.2521296238173908e-06,2.2896068624795516e-07,5.410268438320966e-07,1.3490079687399322e-06,1.786857180098423e-06,1.0343432337239426e-06,3.2514501541879706e-07,1.903495162309231e-07,3.6706916096481784e-07,-5.300502562291094e-07,4.27989070861523e-07,-3.003708283577163e-07,1.8751175018869412e-07,3.9830217407821694e-07,4.1268738656512277e-07,5.450780707123848e-07,-9.88179548806459e-08,-1.7854695978453473e-07,-2.9664672965114773e-07,-2.417677505611455e-07,-2.5603751171839403e-07,0.0,2.2741526811796315e-07,0.0,2.7159548719376785e-07,2.9441243816350357e-07,1.8885390313905165e-07,2.2749291789324032e-07,6.721297039610403e-07,6.777494851283773e-07,8.960449196116587e-07,1.4030464543800817e-07,7.002917149731604e-07,1.3931359953893964e-06,1.971027864199687e-06,0.0,9.731957358092906e-07,-1.469631219090772e-06,6.778109461054287e-07,3.050309204068503e-07,5.024333232022154e-07
2010-08-31,4.772136863798465e-07,7.721053213979434e-07,-5.818350016568538e-07,2.2661641527124594e-07,-5.115054673191786e-07,8.078133043876213e-07,1.7907204813641155e-06,6.02548784643652e-07,-6.407696468721032e-08,1.1371580668351523e-06,9.279153837193348e-07,-6.126033065483248e-07,3.8073082182463343e-07,-4.64548921064918e-07,9.25760518301182e-07,9.055530256900084e-07,3.98258428171923e-07,8.793596146526444e-07,4.65686307591167e-06,2.2896068624795516e-07,5.410268438320966e-07,1.3490079687399322e-06,0.0,7.711405645484451e-07,2.3073998224687122e-07,3.48164072105289e-07,6.9314336592388e-07,-5.300502562291094e-07,7.698767472975235e-07,-4.061931943409778e-07,4.960233740717052e-07,1.417668443079769e-06,8.27107729718454e-07,5.450780707123848e-07,-1.6360600678193834e-07,-1.7854695978453473e-07,4.80176998068362e-07,2.856277712625313e-07,-5.014218912970863e-07,-3.5128819212769855e-07,4.820448885061598e-07,1.663792833051613e-07,4.1238219917118004e-07,6.533591440596735e-07,2.988387905023928e-07,-1.109400388068943e-06,1.2449309062614528e-06,9.629546809146504e-07,1.340383207091584e-06,1.4030464543800817e-07,3.7960931176100917e-07,1.958786451658689e-06,2.77316104864534e-06,0.0,6.746849339395222e-07,1.6683364529087264e-06,1.1150734132296715e-07,0.0,3.716607637632611e-07
2010-09-30,4.772136863798465e-07,7.721053213979434e-07,7.815739903042651e-07,2.2661641527124594e-07,-9.090169894070368e-07,8.078133043876213e-07,1.7907204813641155e-06,6.02548784643652e-07,0.0,1.1371580668351523e-06,9.279153837193348e-07,0.0,3.8073082182463343e-07,-4.64548921064918e-07,9.25760518301182e-07,9.055530256900084e-07,3.98258428171923e-07,1.1806195898757986e-06,4.65686307591167e-06,2.2896068624795516e-07,5.410268438320966e-07,1.3490079687399322e-06,0.0,5.662571483825868e-07,1.5510069553295616e-07,3.48164072105289e-07,6.9314336592388e-07,-8.162078300525117e-07,7.698767472975235e-07,-4.061931943409778e-07,4.960233740717052e-07,2.1607508204608782e-08,8.27107729718454e-07,5.450780707123848e-07,4.505271390932968e-07,-1.7854695978453473e-07,4.80176998068362e-07,2.856277712625313e-07,-1.5644778803201787e-07,0.0,4.820448885061598e-07,1.663792833051613e-07,4.1238219917118004e-07,6.533591440596735e-07,4.0692416976535094e-07,-1.109400388068943e-06,3.924900539654324e-07,9.629546809146504e-07,1.340383207091584e-06,2.6338679805056e-07,3.7960931176100917e-07,1.958786451658689e-06,5.106421974162143e-06,8.122617729625454e-07,6.746849339395222e-07,1.6683364529087264e-06,3.578467517078342e-07,2.3172988902568648e-07,3.716607637632611e-07
2010-10-29,4.772136863798465e-07,7.721053213979434e-07,5.241607698378043e-07,1.5817360858678658e-07,7.305201164585678e-07,8.078133043876213e-07,1.0635645967820744e-06,4.081866396768629e-07,0.0,8.039611742539146e-07,6.742303361080061e-07,0.0,3.8073082182463343e-07,-2.6690386348591763e-07,9.25760518301182e-07,4.856093775485166e-07,3.98258428171923e-07,8.729140045165968e-07,2.9193040416668084e-06,2.2896068624795516e-07,2.552980470665899e-07,9.033976391451696e-07,0.0,0.0,0.0,1.7946709301215672e-07,3.1927643998890836e-07,-4.458387610879768e-07,4.3575043782721075e-07,-1.7244822287321256e-07,3.188670935009853e-07,0.0,4.693425204096724e-07,2.6119293328908564e-07,-3.03879107266709e-08,-9.994703654720985e-08,3.0849893373101223e-07,-1.9666040809396776e-07,-3.900383068903934e-08,-1.9877484604285773e-07,2.203855867951146e-07,1.663792833051613e-07,1.7118527932862953e-07,2.721619838355234e-07,1.4534558203639015e-07,-6.819192211404228e-07,9.634920593853642e-08,9.629546809146504e-07,7.381972663122835e-07,8.85762578132888e-08,2.643091652655158e-07,7.949325577282518e-07,2.605343402957521e-06,4.598323679317372e-07,3.799225170601629e-07,5.652767007730924e-07,3.578467517078342e-07,2.3172988902568648e-07,2.7608076220350573e-07
2010-11-30,2.6168813482084196e-07,3.979877871673631e-07,-3.610470604413568e-07,9.051205393286584e-08,-5.078695412870947e-07,3.7131147455376617e-07,1.0635645967820744e-06,2.59597213235029e-07,0.0,5.224721881914947e-07,5.022801369002171e-07,-7.675353413731691e-08,1.9873868179318206e-07,-2.6690386348591763e-07,4.787449830824897e-07,3.07675572397753e-07,2.5046658619231856e-07,4.653052935534362e-07,1.0223047688492025e-06,1.0135528204263172e-07,1.893147497573629e-07,2.677577815123052e-07,0.0,3.606607582230703e-07,8.572515686711334e-08,1.7946709301215672e-07,3.1927643998890836e-07,-3.195467467762625e-07,4.3575043782721075e-07,-1.2273597386557485e-07,2.1633014090842948e-07,8.808508940754281e-07,3.2831484520680495e-07,1.3306174917249105e-07,1.6515491786571128e-07,1.5327218706792785e-07,2.2294150078833759e-07,1.370051335339838e-07,-3.900383068903934e-08,1.0715586461699244e-07,1.0283866825900323e-07,1.663792833051613e-07,1.1016774413371814e-07,1.521914797900073e-07,4.3160204630784936e-08,-4.647508150640999e-07,7.015280434049202e-08,3.7205958746362607e-07,7.381972663122835e-07,8.85762578132888e-08,2.643091652655158e-07,7.949325577282518e-07,1.1174856262849017e-06,1.205514584989123e-07,2.694360931540918e-07,3.107252591638806e-07,1.8713406245476947e-07,1.226371080624879e-07,2.7608076220350573e-07
2010-12-31,4.3330125686889487e-07,6.771924770129772e-07,-5.602590067823143e-07,1.3282901277171853e-07,-7.424162509204255e-07,3.7131147455376617e-07,1.466853907401014e-06,3.4676000184415417e-07,0.0,8.950887434082416e-07,8.591151994507093e-07,0.0,1.9873868179318206e-07,-2.6690386348591763e-07,7.954182549808492e-07,3.07675572397753e-07,4.177859556676577e-07,6.75528844000447e-07,1.657360795828596e-06,1.7167165766255598e-07,3.121548153131556e-07,4.0121466163917244e-07,4.540691633145716e-07,3.606607582230703e-07,1.5491806948053905e-07,2.6090298179823467e-07,3.1927643998890836e-07,-4.3200471323361497e-07,4.3575043782721075e-07,-2.324603303254582e-07,3.371677456709978e-07,0.0,4.420986909657169e-07,2.0826820788312603e-07,2.678855963058729e-07,2.513288698425421e-07,3.5668052363059536e-07,2.2327444083095128e-07,-9.455345635505153e-08,1.0715586461699244e-07,1.6861985278312283e-07,1.663792833051613e-07,1.5496530180923362e-07,3.149515274041758e-07,6.722215595975442e-08,-4.647508150640999e-07,1.32566704611275e-07,2.7280540494421354e-07,7.381972663122835e-07,1.7193463110119383e-07,3.8380401956987525e-07,7.949325577282518e-07,1.8170441028434087e-06,1.205514584989123e-07,4.14675196766066e-07,4.927006687251999e-07,1.8713406245476947e-07,1.8573403899792712e-07,2.7608076220350573e-07
2011-01-31,4.3330125686889487e-07,6.771924770129772e-07,4.2788820617180343e-07,1.3282901277171853e-07,5.137145134549814e-07,3.7131147455376617e-07,1.466853907401014e-06,3.4676000184415417e-07,5.311575726926657e-07,6.59391546205936e-07,6.048408093102688e-07,4.999651198305164e-07,1.9873868179318206e-07,9.211299048732532e-08,7.954182549808492e-07,3.07675572397753e-07,4.177859556676577e-07,6.75528844000447e-07,1.657360795828596e-06,1.7167165766255598e-07,3.121548153131556e-07,4.0121466163917244e-07,3.136515064428287e-07,3.606607582230703e-07,7.287732168622182e-08,2.6090298179823467e-07,3.1927643998890836e-07,4.6271346696901783e-07,6.192928898346558e-07,2.0040006257273322e-07,3.371677456709978e-07,0.0,4.420986909657169e-07,2.0826820788312603e-07,2.678855963058729e-07,1.4588362872544834e-07,2.6672802625966964e-07,2.2327444083095128e-07,-9.455345635505153e-08,1.0715586461699244e-07,1.6861985278312283e-07,1.663792833051613e-07,1.5496530180923362e-07,3.149515274041758e-07,6.722215595975442e-08,1.0507373831396214e-07,1.32566704611275e-07,7.625009262782077e-07,7.381972663122835e-07,1.0918054259060006e-07,3.8380401956987525e-07,7.949325577282518e-07,1.8170441028434087e-06,1.7913771882480692e-07,4.14675196766066e-07,4.927006687251999e-07,1.8713406245476947e-07,1.8573403899792712e-07,2.7608076220350573e-07
2011-02-28,2.720863578634801e-07,4.886751477645384e-07,4.2788820617180343e-07,9.081014060865818e-08,5.137145134549814e-07,0.0,5.037850168323147e-07,3.4676000184415417e-07,0.0,6.59391546205936e-07,6.048408093102688e-07,1.4030114988795813e-07,1.9873868179318206e-07,-2.853225334629949e-07,7.954182549808492e-07,3.07675572397753e-07,2.1015266522748236e-07,3.311366478151558e-07,1.090012736737247e-06,7.583247302995967e-08,3.121548153131556e-07,4.0121466163917244e-07,1.5564241633292824e-07,2.3300565940585438e-07,2.718686871817807e-08,2.6090298179823467e-07,3.1927643998890836e-07,4.6271346696901783e-07,6.192928898346558e-07,2.0040006257273322e-07,2.059847515153789e-07,1.136845465513929e-06,4.420986909657169e-07,8.677832685494314e-08,1.3569724219685867e-07,6.645891011571905e-08,2.6672802625966964e-07,1.33243168708577e-07,-9.455345635505153e-08,7.114643523314791e-08,1.6861985278312283e-07,1.663792833051613e-07,1.5496530180923362e-07,3.149515274041758e-07,6.722215595975442e-08,2.3373446798686212e-07,8.220200631847115e-08,5.317933343531359e-07,5.207353525135603e-07,1.0918054259060006e-07,2.2835821596967056e-07,5.93388350355308e-07,1.1145556641403362e-06,1.7913771882480692e-07,4.14675196766066e-07,2.738320944978015e-07,1.8713406245476947e-07,1.328239836285534e-07,1.2745124865993805e-07
2011-03-31,1.6466481752678125e-07,2.720368934644097e-07,3.2059722650586226e-07,5.19977599720426e-08,3.549318269004948e-07,-1.1535876615040357e-07,5.037850168323147e-07,2.1479808384385493e-07,-3.297184813328273e-08,3.247940368297686e-07,3.2159263926012424e-07,-4.41781996530086e-08,1.1302508561717691e-07,-1.8924142408763368e-07,3.1404179424185704e-07,1.3129478788990423e-07,3.3471564949753785e-07,4.454271508153449e-07,-1.2362545454093559e-06,7.583247302995967e-08,3.121548153131556e-07,5.464708440108515e-07,8.712957342509341e-08,2.3300565940585438e-07,0.0,2.6090298179823467e-07,3.1927643998890836e-07,4.6271346696901783e-07,4.414687102270939e-07,2.0040006257273322e-07,1.4285658527276184e-07,0.0,4.420986909657169e-07,1.312182961422871e-07,8.60386342357869e-08,4.084073960812857e-08,1.6050586859491737e-07,9.28687670638867e-08,-9.455345635505153e-08,5.230946171561642e-08,1.6861985278312283e-07,1.1170416646104162e-07,1.1403753290470714e-07,2.0154565706264303e-07,6.722215595975442e-08,-2.379890827046333e-07,5.9365947798808863e-08,3.5256740284119947e-07,2.4366455084275637e-07,6.635262399470268e-08,1.4801775328359206e-07,1.6915691309320797e-07,7.719889095456698e-07,1.7913771882480692e-07,2.0610674071119373e-07,2.738320944978015e-07,1.3639849065202532e-07,1.328239836285534e-07,1.2745124865993805e-07
2011-04-29,2.8545552341567303e-07,5.263614381705616e-07,4.49654963344156e-07,5.19977599720426e-08,5.034955709619222e-07,4.398849060119491e-07,5.037850168323147e-07,2.1479808384385493e-07,-1.8750128209964016e-08,6.140072840819332e-07,6.02663610803247e-07,-6.873708728007592e-08,1.1302508561717691e-07,7.935697853180085e-08,5.407881777016716e-07,3.0192387264462815e-08,3.3471564949753785e-07,-4.914377005245789e-07,-1.8163521318280035e-06,2.4302707874798027e-08,3.121548153131556e-07,9.012916113789832e-07,0.0,1.5525315171360574e-07,0.0,4.3799618682232247e-07,4.455019648162739e-07,4.6271346696901783e-07,7.185195214726244e-07,2.707948390564692e-07,1.9105992473580996e-07,0.0,4.420986909657169e-07,1.9994070981935605e-07,1.503092343777771e-07,1.0488907428251554e-07,1.6050586859491737e-07,1.5909433946871444e-07,-9.455345635505153e-08,1.2316004150564208e-07,1.6861985278312283e-07,1.7331541568002434e-07,1.688053529276361e-07,3.105833368464509e-07,6.722215595975442e-08,4.3813700783527933e-07,1.1647940782028111e-07,3.5256740284119947e-07,-5.277695491685029e-07,1.0062868448945546e-07,1.4801775328359206e-07,3.197689302503457e-07,1.2252531282852038e-06,3.5503742459499047e-07,2.7708864925272813e-07,2.738320944978015e-07,1.3639849065202532e-07,1.328239836285534e-07,3.782450152837661e-08
2011-05-31,2.8545552341567303e-07,5.263614381705616e-07,4.49654963344156e-07,3.5188947395261504e-08,5.034955709619222e-07,4.398849060119491e-07,5.037850168323147e-07,2.1479808384385493e-07,0.0,6.140072840819332e-07,4.3165385387540784e-07,2.5091360816183e-07,1.6356005965329443e-07,7.935697853180085e-08,5.407881777016716e-07,2.853107650538267e-07,-3.5308856000565475e-07,-4.914377005245789e-07,-1.8163521318280035e-06,-1.1046901636183373e-07,3.121548153131556e-07,9.012916113789832e-07,0.0,2.986593991413753e-07,3.9697249645800134e-07,4.3799618682232247e-07,2.671447161452587e-07,4.6271346696901783e-07,4.6197786392384135e-07,1.6298512234473957e-07,1.0295469649262729e-07,9.720377111016413e-07,4.420986909657169e-07,8.347927106225874e-08,6.386827718597537e-08,1.0488907428251554e-07,8.626458452513875e-08,6.010357171830046e-08,-6.346675920107472e-08,6.684928293930432e-08,1.6861985278312283e-07,1.1877322016496564e-07,1.688053529276361e-07,2.2232978309775926e-07,2.2245066032564714e-08,2.975462066367693e-08,1.1647940782028111e-07,2.626054720508737e-07,-3.8392958234230204e-07,3.213926793627984e-08,1.4801775328359206e-07,1.0837824400924259e-07,1.2252531282852038e-06,3.5503742459499047e-07,2.7708864925272813e-07,1.5921082841787253e-07,0.0,5.86338652649943e-08,1.2224290534580892e-08
2011-06-30,1.77531180846438e-07,2.8211285313682155e-07,2.614742497440092e-07,1.5885745440977547e-08,3.3963346562279516e-07,2.724702567634626e-07,2.6525392283186365e-07,2.1479808384385493e-07,3.2572676322663314e-07,3.768660056550371e-07,4.3165385387540784e-07,2.5091360816183e-07,7.346749180949681e-08,1.289752602327618e-07,3.2266499422447084e-07,2.853107650538267e-07,2.812245520283762e-07,4.072769463657192e-07,-1.0733183286379454e-06,-4.097930269658994e-08,2.0866033769374918e-07,9.012916113789832e-07,0.0,2.986593991413753e-07,3.9697249645800134e-07,2.552680033698886e-07,2.671447161452587e-07,3.4341589498115746e-07,2.6408482374936115e-07,1.6298512234473957e-07,2.3332208002502424e-07,3.0323739027895867e-07,2.5909530102098427e-07,2.1532324710672652e-07,6.386827718597537e-08,1.0488907428251554e-07,8.626458452513875e-08,6.010357171830046e-08,-3.552984919159631e-08,6.684928293930432e-08,1.6861985278312283e-07,1.1877322016496564e-07,1.688053529276361e-07,2.2232978309775926e-07,3.010824752630961e-08,3.549061567639308e-07,1.1647940782028111e-07,2.626054720508737e-07,3.2131103347972293e-07,3.213926793627984e-08,9.704476363566867e-08,1.551232677950937e-07,6.767245917560151e-07,2.567435342729148e-07,2.7708864925272813e-07,5.807886473143103e-08,0.0,0.0,-1.6592432552977833e-07
2011-07-29,1.77531180846438e-07,2.8211285313682155e-07,3.738009399791701e-07,5.285120269951949e-09,3.3963346562279516e-07,-1.7964735412477918e-07,4.5974670971646255e-07,2.1479808384385493e-07,4.92536797940516e-07,3.768660056550371e-07,4.3165385387540784e-07,3.8925110392856913e-07,7.346749180949681e-08,-1.9348757832109788e-07,3.2266499422447084e-07,2.853107650538267e-07,2.812245520283762e-07,4.072769463657192e-07,5.844944530240554e-07,-7.689053400261258e-08,2.0866033769374918e-07,9.012916113789832e-07,0.0,3.988729549654938e-07,3.9697249645800134e-07,2.552680033698886e-07,2.671447161452587e-07,4.892213529577877e-07,3.903447795080948e-07,1.6298512234473957e-07,3.278910143926161e-07,4.3132943804221497e-07,4.1110651434007053e-07,2.1532324710672652e-07,1.0819064386076177e-07,1.0488907428251554e-07,1.5411205997041002e-07,1.177885620569506e-07,0.0,1.0657312970652478e-07,1.6861985278312283e-07,1.9578838539258328e-07,1.688053529276361e-07,3.050582678287211e-07,5.206886382531656e-08,4.908568583157993e-07,1.1647940782028111e-07,2.626054720508737e-07,5.971315605521798e-07,0.0,-2.851979632232659e-07,2.3826441898745637e-07,9.060592928153471e-07,2.567435342729148e-07,2.7708864925272813e-07,0.0,0.0,0.0,-2.567094979104408e-07
2011-08-31,8.297106181028995e-08,1.4541541718322992e-07,-1.7565328768918155e-07,-4.322098800348328e-08,-1.8201463183725254e-07,-1.0044382339378934e-07,3.0549317981774054e-07,-8.498973262432999e-08,-5.602525502000291e-08,1.7781883745232285e-07,1.9600873636089148e-07,-2.659337865707749e-07,7.346749180949681e-08,-1.1449572092414299e-07,1.8575405203597014e-07,2.853107650538267e-07,2.8181112569495408e-08,9.713052238906956e-08,5.844944530240554e-07,1.1897500375942898e-07,1.2446383738274464e-07,9.012916113789832e-07,0.0,5.920278015205583e-07,3.9697249645800134e-07,9.183705891204732e-08,8.605378730033747e-08,4.892213529577877e-07,3.903447795080948e-07,1.6298512234473957e-07,2.091241730216949e-07,1.6119929787872795e-07,5.01970325849133e-08,5.9320308249167285e-08,1.0819064386076177e-07,1.0488907428251554e-07,1.5411205997041002e-07,1.177885620569506e-07,0.0,7.488698359817888e-08,3.8240603498750913e-08,1.288506462097997e-07,1.688053529276361e-07,1.7510370540129472e-07,2.4833342353691228e-08,4.908568583157993e-07,1.1647940782028111e-07,3.6642832986909234e-07,5.971315605521798e-07,3.344513326305436e-08,0.0,5.821901036090047e-08,9.060592928153471e-07,2.567435342729148e-07,2.7708864925272813e-07,0.0,0.0,1.7961895400307164e-07,-2.567094979104408e-07
2011-09-30,-7.668227179156767e-08,-1.0343725884320831e-07,-1.7565328768918155e-07,-4.322098800348328e-08,-2.653514819393581e-07,-1.4616602251529897e-07,-4.948894236534402e-07,-1.338440694023614e-07,-1.8419491279085665e-08,2.872483439138317e-07,-1.0348472410872307e-07,-1.2606769294461218e-07,-1.281996413062616e-07,-1.1449572092414299e-07,1.8575405203597014e-07,2.853107650538267e-07,1.8150858485936327e-07,3.513920551944375e-07,7.881933798325857e-07,1.1897500375942898e-07,1.2446383738274464e-07,1.2429178460554537e-06,0.0,8.575374756302166e-07,3.9697249645800134e-07,9.183705891204732e-08,1.4578620248987155e-07,0.0,-8.686501757970472e-09,-1.4265673771645778e-08,2.091241730216949e-07,-5.115061544319051e-07,1.7258299300130605e-07,3.7601890340016455e-08,1.0819064386076177e-07,-1.1291865546476657e-07,1.5411205997041002e-07,1.177885620569506e-07,-2.3368677441630173e-08,1.0210756464693742e-07,3.8240603498750913e-08,-4.527796109644937e-08,1.688053529276361e-07,-1.7871310408823285e-08,2.4833342353691228e-08,-4.642915566838382e-08,2.048935003443784e-07,6.31128418603526e-08,5.971315605521798e-07,5.264812774724829e-08,-2.982324548445265e-07,2.66856896648991e-07,9.060592928153471e-07,2.567435342729148e-07,2.7708864925272813e-07,-6.312632548861069e-07,-5.028421805336755e-07,-2.806097736729953e-07,-2.567094979104408e-07
2011-10-31,1.2167833469094432e-07,2.2329259857489898e-07,-2.4885555679630864e-07,-6.443163807786287e-08,-2.653514819393581e-07,-2.2425248953376032e-07,-7.241839323771882e-07,-1.338440694023614e-07,0.0,3.8715300706004444e-07,3.0485949198271624e-07,-2.1631915749014377e-07,-1.281996413062616e-07,-1.1449572092414299e-07,1.8575405203597014e-07,2.853107650538267e-07,1.8150858485936327e-07,3.513920551944375e-07,4.6572357699128474e-07,1.1897500375942898e-07,1.6960446239145913e-07,1.2429178460554537e-06,0.0,8.575374756302166e-07,3.9697249645800134e-07,1.527340661504579e-07,1.4578620248987155e-07,5.802986828387917e-07,3.5387303119546536e-07,2.1465496985481523e-07,2.091241730216949e-07,-5.115061544319051e-07,2.3106495099896929e-07,3.7601890340016455e-08,1.5526299838965831e-07,-1.1291865546476657e-07,2.108003441159059e-07,1.644931486906315e-07,-2.0020604652493837e-07,1.364842108983202e-07,6.488170560086163e-08,-4.527796109644937e-08,-7.613666809724178e-08,-1.3224907044525557e-08,2.4833342353691228e-08,-1.666305419429304e-07,3.0404127082134357e-07,0.0,8.313082409171777e-07,1.8221090659159875e-08,-4.0381013688708784e-07,2.66856896648991e-07,-2.811288884805637e-06,4.360900314239382e-07,4.78426468336586e-07,-6.312632548861069e-07,-5.028421805336755e-07,-2.806097736729953e-07,-3.789731638235529e-07
2011-11-30,-5.7103612357386846e-08,4.231304109178589e-07,-4.626543306915073e-07,-1.0077736588708764e-07,-5.815474330842073e-07,0.0,-1.0958243869690109e-06,-1.338440694023614e-07,0.0,5.770063460338105e-07,0.0,-5.528465855805552e-07,-1.281996413062616e-07,-2.1153677773106062e-07,4.840682765453069e-07,6.920461059164575e-07,1.8150858485936327e-07,4.913172111759687e-07,6.228079628020557e-07,1.734716433733614e-07,4.0562851033380325e-07,0.0,0.0,1.7667824767698565e-06,9.079324531375071e-07,1.527340661504579e-07,1.4578620248987155e-07,-1.0941672660553438e-07,-3.0576776685252954e-08,3.427219127566776e-07,5.603334589136489e-07,-9.875385504019745e-07,1.661107248798557e-07,2.6471113756611684e-07,2.608285221612491e-07,2.579880028937068e-07,3.794485287034642e-07,2.687101858330252e-07,-4.424501950945782e-07,2.0487695247320666e-07,9.217193251561805e-08,-2.0080510596444695e-07,-2.0381196778659255e-07,0.0,3.342733860903766e-08,-9.626804623793149e-07,4.7341898449362707e-07,0.0,1.4895507888373614e-06,9.010404900976288e-09,-7.093644707613699e-07,8.142102304558907e-07,-4.609286275789249e-06,8.684235675610571e-07,8.432611612266609e-07,-1.0800522567735182e-06,-1.0583218806689363e-06,-5.856589976138955e-07,-6.618893923919684e-07
2011-12-30,-2.2229996953325416e-07,-3.811929621789386e-07,-8.923247459422801e-07,-1.9715699080605284e-07,-1.0417748052758665e-06,-5.750432639406835e-07,-1.7031410304711255e-06,-5.462189807277891e-07,0.0,0.0,0.0,-5.528465855805552e-07,-4.0830939642454473e-07,-2.1153677773106062e-07,8.940897144058429e-07,1.1581934929418791e-06,3.557287070372717e-07,6.660839767810532e-07,2.404080630277301e-06,4.2227312901200913e-07,7.92565033737132e-07,9.010050318694831e-07,0.0,3.0305712186298976e-06,1.5926569810398475e-06,4.1695575626999266e-07,6.882272065951684e-07,0.0,-3.980472271912193e-07,-6.930394246131357e-08,2.0011033950470924e-07,-2.064658207804818e-06,9.021349893736903e-07,0.0,4.3474201381223624e-07,-2.821179926225751e-07,6.41999726898836e-07,4.4303295049506934e-07,-6.455967290744881e-07,3.6076347023731004e-07,1.8075659023619763e-07,-3.9605133263010904e-07,-3.965073483783678e-07,0.0,-1.5023183598397322e-07,-1.3949094174653319e-06,8.708853537207883e-07,0.0,2.0527961207833034e-06,-4.623613475844834e-07,-1.2019313223369065e-06,8.142102304558907e-07,0.0,-2.0621401498004657e-07,1.2743943457659246e-06,-1.0800522567735182e-06,-1.692788384564353e-06,-9.783119423288177e-07,-1.1908134832856887e-06
2012-01-31,-1.4440957731375446e-07,7.704221647954971e-07,-8.923247459422801e-07,-1.9715699080605284e-07,-1.0417748052758665e-06,-4.025763465874472e-07,-1.7031410304711255e-06,-5.462189807277891e-07,0.0,1.0608203641982591e-06,0.0,-3.862158347514142e-07,-4.0830939642454473e-07,-1.4029888735559355e-07,8.940897144058429e-07,1.1581934929418791e-06,3.557287070372717e-07,3.772094514338816e-07,9.526642443361989e-07,4.2227312901200913e-07,7.92565033737132e-07,9.010050318694831e-07,0.0,3.0305712186298976e-06,1.5926569810398475e-06,4.1695575626999266e-07,6.882272065951684e-07,0.0,-3.980472271912193e-07,-1.2363530957213926e-08,2.0011033950470924e-07,-2.064658207804818e-06,9.021349893736903e-07,0.0,4.3474201381223624e-07,3.4801933343995477e-07,6.41999726898836e-07,4.4303295049506934e-07,-4.0445118107727163e-07,3.6076347023731004e-07,1.4805253020450671e-08,-3.9605133263010904e-07,-3.965073483783678e-07,0.0,1.3089067582727712e-08,-8.608747079734274e-07,0.0,0.0,1.539221856474807e-06,-4.623613475844834e-07,-8.61149338311602e-07,1.371147155653998e-06,-5.395733945768367e-07,-2.0621401498004657e-07,0.0,-1.0800522567735182e-06,-8.972924157025134e-07,-6.251774654162026e-07,-8.506495692881379e-07
2012-02-29,6.234164896160395e-07,1.126679165248896e-06,-8.923247459422801e-07,-1.9715699080605284e-07,0.0,0.0,1.084090765842829e-06,7.55183223194643e-07,0.0,1.4475018903641922e-06,1.1910677564212113e-06,0.0,-1.0087777253763113e-07,-3.059868843253777e-07,1.2903316554934485e-06,1.1581934929418791e-06,0.0,0.0,0.0,4.2227312901200913e-07,7.92565033737132e-07,0.0,0.0,7.716984830720212e-07,1.002861567360576e-06,4.1695575626999266e-07,2.505243855644576e-07,-5.206403796273128e-07,-2.9246981020460353e-07,-3.045235503177934e-07,7.857413929927604e-07,-2.064658207804818e-06,0.0,1.5680851673611586e-07,4.3474201381223624e-07,3.4801933343995477e-07,6.41999726898836e-07,4.4303295049506934e-07,-4.0445118107727163e-07,3.6076347023731004e-07,5.840452407692306e-08,-3.9605133263010904e-07,-3.965073483783678e-07,0.0,-1.374590799884715e-07,-8.608747079734274e-07,0.0,0.0,1.539221856474807e-06,-4.623613475844834e-07,-8.61149338311602e-07,1.371147155653998e-06,7.395142363777129e-06,7.688007241009935e-07,0.0,-4.804816136321145e-07,-8.972924157025134e-07,-9.06230288252983e-07,-8.506495692881379e-07
2012-03-30,6.234164896160395e-07,1.126679165248896e-06,0.0,-1.9715699080605284e-07,-1.4793395615179261e-06,1.1948877181662657e-06,-1.8258869218200035e-06,-4.7674662082789847e-07,1.3466771268505202e-06,1.4475018903641922e-06,1.1910677564212113e-06,1.1255900677904094e-06,-3.800121309804939e-07,-3.563115154674391e-08,1.2903316554934485e-06,1.1581934929418791e-06,5.158449926376263e-07,8.118027726502517e-07,0.0,4.2227312901200913e-07,7.92565033737132e-07,5.171511399854899e-07,0.0,7.716984830720212e-07,1.002861567360576e-06,4.1695575626999266e-07,8.04694675492215e-07,0.0,-9.013737275280273e-07,-3.045235503177934e-07,3.710802718876455e-07,-2.064658207804818e-06,9.430245544610445e-07,-6.747567644271043e-07,4.3474201381223624e-07,0.0,6.41999726898836e-07,0.0,-5.51887056501656e-07,3.6076347023731004e-07,0.0,-3.9605133263010904e-07,-3.965073483783678e-07,-1.863922275280578e-07,-1.374590799884715e-07,-8.608747079734274e-07,0.0,3.3904392109648767e-07,1.539221856474807e-06,-4.623613475844834e-07,-8.61149338311602e-07,-1.3904828474662834e-06,5.131940246868924e-06,7.688007241009935e-07,0.0,-7.329071985550545e-07,3.082839127355734e-07,5.143822431069935e-07,-4.960563062135987e-07
2012-04-30,-2.5929442863561553e-08,1.126679165248896e-06,-1.1745425129058828e-07,-1.9715699080605284e-07,-1.4793395615179261e-06,-1.143171157720876e-06,-1.8258869218200035e-06,-4.7674662082789847e-07,0.0,1.4475018903641922e-06,0.0,-7.656767080391162e-07,-3.800121309804939e-07,0.0,1.2903316554934485e-06,1.1581934929418791e-06,5.158449926376263e-07,8.118027726502517e-07,0.0,4.2227312901200913e-07,7.92565033737132e-07,5.171511399854899e-07,0.0,7.716984830720212e-07,1.002861567360576e-06,4.1695575626999266e-07,8.04694675492215e-07,1.535097116235212e-06,-9.013737275280273e-07,-3.045235503177934e-07,3.710802718876455e-07,-2.064658207804818e-06,9.430245544610445e-07,-6.747567644271043e-07,4.3474201381223624e-07,4.840592213885392e-07,6.41999726898836e-07,4.574640940710897e-07,-5.51887056501656e-07,3.6076347023731004e-07,0.0,-2.4875383262257555e-07,-5.323809730024967e-07,-1.863922275280578e-07,-1.374590799884715e-07,-1.1875706377476389e-06,-6.236485543865176e-07,6.666039149521108e-07,1.539221856474807e-06,-4.623613475844834e-07,-8.61149338311602e-07,-1.3904828474662834e-06,5.131940246868924e-06,1.6842845345031554e-07,0.0,-4.0457898226051483e-07,6.217103829558257e-07,5.143822431069935e-07,-1.6595259935931252e-07
2012-05-31,0.0,1.126679165248896e-06,-9.402945824270127e-07,-1.9715699080605284e-07,-1.4793395615179261e-06,-8.57044223698678e-07,-1.8258869218200035e-06,0.0,0.0,9.187888479049906e-07,0.0,-7.656767080391162e-07,-8.233388095461898e-09,0.0,1.2903316554934485e-06,0.0,3.0679189974959193e-07,0.0,0.0,1.1745708688540664e-07,7.92565033737132e-07,5.171511399854899e-07,0.0,0.0,0.0,9.186632768769159e-08,-8.986765668591178e-07,-1.5071717918659525e-06,-1.4367061782675691e-06,-7.739464200849474e-07,1.2087346722111917e-07,-2.064658207804818e-06,-1.0008926385827493e-06,-6.747567644271043e-07,0.0,-4.4879086230863034e-08,0.0,0.0,-5.51887056501656e-07,3.6076347023731004e-07,0.0,-2.4875383262257555e-07,-5.323809730024967e-07,-1.863922275280578e-07,-1.9293813650120239e-07,-1.1875706377476389e-06,-4.229980811303852e-07,0.0,1.539221856474807e-06,-4.623613475844834e-07,-8.61149338311602e-07,1.3854414728357399e-06,5.131940246868924e-06,-1.691041708792918e-06,0.0,-5.51585161416407e-07,6.217103829558257e-07,-6.466670034005469e-07,-3.75695099600058e-07
2012-06-29,-1.1923581286262815e-08,3.1765421572606905e-07,-3.820265520713116e-07,-2.3730352168171186e-08,-4.6346876893666035e-07,5.874977912268506e-07,-7.103119763511505e-07,-2.0666891753445569e-07,0.0,3.352761829948804e-07,0.0,-3.94927520277636e-07,-1.0978529605163547e-07,0.0,3.396898010307357e-07,0.0,3.0679189974959193e-07,0.0,0.0,1.1745708688540664e-07,3.387369988962055e-07,5.171511399854899e-07,0.0,0.0,8.407638798007033e-08,9.186632768769159e-08,-3.767088030395876e-07,-6.55226565963447e-07,-5.395926153571764e-07,-3.212134952108264e-07,-3.6500355739309516e-07,-8.900470000808329e-07,-4.1237637153262407e-07,-3.7939659666168695e-07,0.0,-4.4879086230863034e-08,0.0,0.0,-2.888889484451103e-07,0.0,2.2139421022451863e-09,-4.2961329575850425e-08,-2.8114838572629043e-07,-2.543944824698468e-07,-9.20204508925715e-08,-6.70494124782899e-07,-2.616987959230499e-07,-4.910145614009628e-07,6.261905109676173e-07,-1.3200795889437286e-07,-2.900948802933351e-07,-4.1628176161013324e-07,2.4087171470040674e-06,-6.221026176650433e-07,0.0,-2.933381239019447e-07,3.7780985627584573e-07,2.572500023926198e-07,-1.2122438830552587e-07
2012-07-31,3.2874549711934594e-07,5.166130888020663e-07,6.264823440466464e-07,1.3445586680142804e-07,8.709462816969134e-07,5.874977912268506e-07,8.315410562174998e-07,4.3915543425943023e-07,0.0,5.561335580019882e-07,7.283945416528438e-07,-3.94927520277636e-07,-1.0978529605163547e-07,3.945200019102895e-07,5.225678507019802e-07,0.0,5.07733482113233e-07,0.0,0.0,1.867901553258591e-07,5.186036601047286e-07,5.171511399854899e-07,0.0,0.0,1.5923310497552855e-07,6.669439885811041e-08,2.3708878991327872e-07,-6.55226565963447e-07,-8.14987370616956e-07,-3.212134952108264e-07,-5.644695090696453e-07,-8.900470000808329e-07,-5.947447094399458e-07,-3.7939659666168695e-07,2.1034811944610365e-07,-6.139912590192671e-08,3.1726258322227306e-07,0.0,-2.888889484451103e-07,2.06268621229795e-07,-2.0988170786914932e-07,-2.020566043969973e-08,-3.9509308420818925e-07,-3.7162993226726967e-07,-1.4563020145315503e-07,-8.979461634180473e-07,-4.2598543213016235e-07,-4.910145614009628e-07,6.261905109676173e-07,-2.694231408092085e-07,1.4038821346169755e-07,0.0,1.7267218405677579e-06,-6.221026176650433e-07,4.610300613246302e-07,-2.933381239019447e-07,3.7780985627584573e-07,2.572500023926198e-07,3.886230265100295e-07
2012-08-31,6.480727407090816e-07,1.0465059873624542e-06,9.881309863823037e-07,2.2398965708182638e-07,1.4101961290841225e-06,1.3373435190876178e-06,1.1265421276975443e-06,7.719286966931635e-07,1.2786034804486366e-06,1.1706248742067907e-06,1.3499517267043422e-06,0.0,-5.113602122715272e-07,7.131022941784906e-07,1.1706929874661946e-06,2.3051381682325823e-07,0.0,0.0,0.0,1.867901553258591e-07,7.447030972544386e-07,5.3397228828956144e-08,0.0,0.0,3.337902000355934e-07,0.0,1.0021969257581105e-06,7.377135752234881e-07,1.376874565121946e-06,-5.655803695022625e-07,-8.917535145054666e-07,2.1666016121490935e-06,1.2091212138981694e-06,-7.457240236219234e-07,3.835185967794512e-07,3.794773021615097e-07,5.91009333236121e-07,3.8488531008875845e-07,-6.555666279610508e-07,3.237903005993626e-07,-3.659122519293866e-07,0.0,-3.9509308420818925e-07,-5.225704050297291e-07,-2.3263398112399612e-07,-1.3699464028232758e-06,-7.497217032024087e-07,-8.584697319957518e-07,1.3524152133367064e-06,-2.694231408092085e-07,5.156179707333295e-07,-4.919206658325653e-07,3.0853865342555975e-06,-1.4123443703570746e-06,7.910434565292844e-07,-5.492101001355929e-07,6.25108365682706e-07,4.2781283935765436e-07,6.388501091480981e-07
2012-09-28,6.480727407090816e-07,1.0465059873624542e-06,9.881309863823037e-07,2.2398965708182638e-07,1.4101961290841225e-06,8.521287688998373e-07,4.522004712405081e-07,7.719286966931635e-07,1.2786034804486366e-06,1.1706248742067907e-06,1.3499517267043422e-06,7.623306332059955e-07,4.377195377069194e-07,7.131022941784906e-07,1.1706929874661946e-06,1.5428856069616373e-07,4.496040461974041e-07,4.0408751008055615e-07,0.0,2.491998231169589e-07,5.021341560827988e-07,1.9440222172339354e-07,0.0,0.0,3.337902000355934e-07,0.0,2.487857173304868e-07,3.1078579997597217e-07,8.921305357599238e-07,-5.655803695022625e-07,-8.917535145054666e-07,1.5881447633567884e-06,6.653899721302247e-07,-7.457240236219234e-07,3.835185967794512e-07,3.794773021615097e-07,3.990664198922371e-07,3.8488531008875845e-07,-6.555666279610508e-07,2.3034688870346857e-07,0.0,3.892461187961922e-07,3.3827671816396937e-07,3.673943346691693e-07,0.0,-1.3699464028232758e-06,-7.497217032024087e-07,-8.584697319957518e-07,1.3524152133367064e-06,-2.694231408092085e-07,3.83928049212196e-07,-7.612919266776664e-07,2.01693414554358e-06,-1.4123443703570746e-06,5.723104075902484e-07,-5.492101001355929e-07,6.25108365682706e-07,3.14541754392902e-07,4.278051305138828e-07
2012-10-31,4.6246734219369354e-07,6.941183469859115e-07,6.493663896777398e-07,1.6463422434774144e-07,9.5885206544686e-07,8.521287688998373e-07,8.054257962709112e-08,5.347878929438451e-07,7.687255028765917e-07,7.514633510490724e-07,1.3499517267043422e-06,7.623306332059955e-07,4.377195377069194e-07,7.131022941784906e-07,7.991378930032751e-07,9.880771376994653e-08,4.496040461974041e-07,1.2799514029438316e-07,0.0,2.491998231169589e-07,5.021341560827988e-07,0.0,0.0,0.0,1.9698058301988953e-07,0.0,2.487857173304868e-07,3.1078579997597217e-07,8.921305357599238e-07,-5.655803695022625e-07,-5.879045518546357e-07,1.5881447633567884e-06,6.653899721302247e-07,-7.457240236219234e-07,2.5217874260695587e-07,-4.7310144770824014e-08,1.6066345160575424e-07,0.0,-4.392973288777202e-07,2.3034688870346857e-07,-2.832634928161523e-07,0.0,-2.766791281135787e-07,-3.575256498650022e-07,-1.6114036034627309e-07,-8.991750399909331e-07,-7.497217032024087e-07,-8.584697319957518e-07,1.3524152133367064e-06,-2.694231408092085e-07,3.83928049212196e-07,-1.1557139814647405e-06,2.01693414554358e-06,-1.0535876346475452e-06,5.723104075902484e-07,-3.863207161702323e-07,4.627895443701352e-07,3.14541754392902e-07,4.278051305138828e-07
2012-11-30,4.6246734219369354e-07,6.941183469859115e-07,6.493663896777398e-07,1.6463422434774144e-07,9.5885206544686e-07,8.521287688998373e-07,1.940907397614259e-07,5.347878929438451e-07,7.687255028765917e-07,7.514633510490724e-07,9.145523205630001e-07,4.2774638733869795e-07,9.517644752335782e-08,5.125757883827665e-07,7.991378930032751e-07,6.252212452933214e-08,6.44113049907501e-07,1.2351636640826363e-06,0.0,1.8586000814309092e-07,0.0,0.0,0.0,0.0,6.539155405276776e-08,1.6011130926575707e-07,7.756155661914921e-07,6.655669312784548e-07,8.921305357599238e-07,-5.655803695022625e-07,-5.879045518546357e-07,2.1275427106983453e-06,6.653899721302247e-07,4.7222144738106685e-08,2.5217874260695587e-07,-4.7310144770824014e-08,2.861430014139389e-07,2.273192285925169e-07,-4.392973288777202e-07,2.3034688870346857e-07,9.22084933276993e-08,3.917163797875399e-07,3.359141024677714e-07,3.2425639283325665e-07,2.263727912523231e-08,1.003886876889911e-06,-7.497217032024087e-07,-8.584697319957518e-07,1.3524152133367064e-06,-2.694231408092085e-07,3.83928049212196e-07,-1.1557139814647405e-06,2.01693414554358e-06,-1.0535876346475452e-06,5.723104075902484e-07,-3.863207161702323e-07,4.627895443701352e-07,3.14541754392902e-07,4.278051305138828e-07
2012-12-31,2.9910405582889386e-07,3.8001583069989623e-07,9.713767303657857e-07,2.3309527661899424e-07,9.5885206544686e-07,8.521287688998373e-07,4.8128311980502545e-08,5.347878929438451e-07,7.687255028765917e-07,5.187547583441535e-07,6.296352059290486e-07,6.006105170361773e-07,3.7283491155247847e-07,5.125757883827665e-07,4.65728783237241e-07,0.0,3.655450884190349e-07,0.0,0.0,0.0,4.8285470623321285e-08,0.0,0.0,0.0,0.0,1.6011130926575707e-07,3.9060031317741196e-08,5.965123307430523e-08,8.921305357599238e-07,2.2366986697979484e-10,-1.720308475705562e-07,2.1275427106983453e-06,6.653899721302247e-07,7.017397545684427e-07,2.5217874260695587e-07,-9.156343163692339e-08,-1.1790755400212512e-07,2.273192285925169e-07,-4.392973288777202e-07,2.3034688870346857e-07,9.22084933276993e-08,0.0,3.359141024677714e-07,2.430951045611299e-07,-1.435217488336157e-07,1.003886876889911e-06,-7.497217032024087e-07,-8.584697319957518e-07,1.3524152133367064e-06,-2.694231408092085e-07,5.173586771007138e-07,-1.1557139814647405e-06,2.8155601341067276e-06,-1.0535876346475452e-06,8.832502521700548e-07,-1.1253910565846298e-06,6.52163289414537e-07,4.238308358580608e-07,6.901290693712856e-07
2013-01-31,5.703683454519568e-07,7.263896671301825e-07,9.713767303657857e-07,2.3309527661899424e-07,1.4598719613470995e-06,8.521287688998373e-07,0.0,8.855364411754569e-07,4.725449306765834e-07,9.618219060669883e-07,1.035926609838881e-06,6.006105170361773e-07,5.598751759225243e-07,8.569971157889182e-07,8.044314928253306e-07,1.3054006783608843e-06,3.655450884190349e-07,2.9586436713555673e-07,0.0,9.860262932861972e-08,2.642417881305711e-07,1.2872980073684437e-07,0.0,0.0,0.0,7.615499984697698e-08,1.1962429045339821e-07,2.2779123226195735e-07,8.921305357599238e-07,2.329956682947043e-08,-2.475506673585248e-07,2.1275427106983453e-06,9.63916522535329e-07,7.017397545684427e-07,4.7210862673403886e-07,-4.901495499787072e-07,4.684781981449901e-07,0.0,-6.190398412380658e-07,3.2835693730904e-07,-3.181569366521959e-07,0.0,5.277838611598726e-07,2.430951045611299e-07,-1.435217488336157e-07,1.5555261846136356e-06,-1.0106521859509258e-06,-8.584697319957518e-07,1.3524152133367064e-06,-4.556795898578169e-07,5.173586771007138e-07,-1.1557139814647405e-06,4.0262618871691205e-06,-1.6818366875882798e-06,1.2515488362319046e-06,-1.1253910565846298e-06,6.52163289414537e-07,4.238308358580608e-07,9.655391592146061e-07
2013-02-28,3.818099895528847e-07,7.263896671301825e-07,5.183613359535583e-07,8.885348850878754e-08,8.232722028327155e-07,5.521934313284673e-07,1.254656082425223e-07,4.99332815743623e-07,2.2732064082662826e-07,7.179889583132285e-07,1.035926609838881e-06,1.4258154590576943e-08,5.598751759225243e-07,2.743381454789852e-07,8.044314928253306e-07,6.991350635872915e-08,0.0,0.0,0.0,0.0,2.642417881305711e-07,4.075763637261312e-07,5.689837200484009e-07,1.206437841729057e-07,1.2410894121825343e-06,7.615499984697698e-08,7.219935499882617e-07,-8.29783722475215e-07,-3.946729782234394e-07,-4.0972946238748127e-07,-3.613453711469093e-07,2.1275427106983453e-06,6.463212943168441e-07,-6.044931908302972e-07,-7.635245385110185e-08,-3.4256817741440995e-07,-1.3646109876385215e-07,0.0,1.481751968949991e-07,1.7749805396682916e-07,-2.29491633956075e-07,-1.364639536360716e-07,3.4018873568103984e-07,-3.448045766772926e-07,-1.435217488336157e-07,-9.751644579567801e-08,-6.985556961474911e-07,-6.039892311389543e-07,1.3524152133367064e-06,-4.556795898578169e-07,-7.098370932180839e-07,-1.1557139814647405e-06,2.7307897462657143e-06,-1.6818366875882798e-06,1.2515488362319046e-06,-1.1253910565846298e-06,6.52163289414537e-07,4.238308358580608e-07,0.0
2013-03-29,3.818099895528847e-07,7.263896671301825e-07,1.0074107887682596e-06,2.309377174651662e-07,8.232722028327155e-07,5.521934313284673e-07,1.1486788133411444e-06,8.507523146441785e-07,2.2732064082662826e-07,1.3269732975328212e-06,1.035926609838881e-06,4.008623341732674e-07,5.598751759225243e-07,2.743381454789852e-07,8.044314928253306e-07,0.0,3.8709695240566904e-07,1.8765521177341905e-07,0.0,1.0431105998100814e-07,2.642417881305711e-07,1.8884632091378773e-06,0.0,0.0,1.8987076300035047e-06,4.5224639788036345e-08,0.0,-1.2576137839780975e-06,-1.6843435814603973e-06,-6.089670229718873e-07,-3.613453711469093e-07,2.1275427106983453e-06,6.463212943168441e-07,-6.044931908302972e-07,-2.554336210472429e-07,-5.3706642874445e-07,-2.3711317529280776e-07,-4.354143541044213e-07,3.1882814606238546e-07,2.6782353869829523e-07,-2.29491633956075e-07,-1.364639536360716e-07,3.4018873568103984e-07,-5.050343173336762e-07,-2.730741011585126e-07,1.9007839094144027e-06,-6.985556961474911e-07,-1.0115539605224684e-06,1.001970139177241e-06,-6.55535346570089e-07,6.400347109353721e-07,-1.1557139814647405e-06,4.290765460003575e-06,-1.6818366875882798e-06,8.890937328776696e-07,-1.77033161914532e-06,6.52163289414537e-07,5.840739437844535e-07,0.0
2013-04-30,2.2080997887444167e-07,4.690780646695278e-07,6.378738328954673e-07,1.1983047261218983e-07,8.232722028327155e-07,3.713430203237693e-07,8.026263681045398e-07,4.675882523133743e-07,2.2732064082662826e-07,6.976385306134338e-07,5.098331995948118e-07,4.008623341732674e-07,2.1101822421050972e-07,2.743381454789852e-07,5.898204064059308e-07,0.0,3.8709695240566904e-07,0.0,0.0,5.47946801777718e-08,2.642417881305711e-07,1.0202261168222717e-06,0.0,0.0,1.8987076300035047e-06,0.0,4.9017506028928654e-08,-8.701190264049719e-07,-2.3101975052840682e-07,0.0,-2.5781143390949195e-07,2.1275427106983453e-06,4.778512667750549e-07,-6.044931908302972e-07,-2.554336210472429e-07,-2.987517994936559e-07,-4.2850210489289757e-07,-2.1049786464470308e-07,3.1882814606238546e-07,1.943061332146842e-07,-9.883049450561563e-08,-2.4481610010513387e-07,2.1728947655399974e-07,2.8195363060113017e-07,-4.8798700764995414e-08,1.9007839094144027e-06,5.0560842245304574e-08,-1.0115539605224684e-06,1.001970139177241e-06,-4.87694400649658e-07,6.400347109353721e-07,-1.1557139814647405e-06,4.290765460003575e-06,-1.6818366875882798e-06,3.6983743734762534e-07,-1.1492178070196184e-06,6.52163289414537e-07,5.840739437844535e-07,5.989740924410645e-07
2013-05-31,4.0461148707945446e-07,7.223196021559595e-07,6.378738328954673e-07,1.1983047261218983e-07,8.232722028327155e-07,3.713430203237693e-07,8.419172781258122e-08,4.675882523133743e-07,2.2732064082662826e-07,9.769524057277552e-07,8.566346251098192e-07,1.5882109695286394e-07,3.527373396750364e-08,3.8179523077750224e-07,9.32322846838327e-07,-1.2266830744775437e-06,0.0,1.6516089263451568e-06,2.5298556179445404e-06,0.0,2.642417881305711e-07,-1.0737344259296231e-06,1.1078468967987348e-05,-2.6268209369972963e-06,-5.083025277733804e-07,-5.226118444832162e-07,-7.254797122249684e-07,-8.701190264049719e-07,-2.3101975052840682e-07,9.286290539283036e-08,-2.5781143390949195e-07,2.1275427106983453e-06,6.713747012188353e-07,-4.2570689162820147e-07,3.4153292389540385e-07,2.038150904213833e-07,2.498954207138781e-07,2.622512303265905e-07,3.1882814606238546e-07,1.943061332146842e-07,-9.883049450561563e-08,-2.4481610010513387e-07,2.1728947655399974e-07,-3.3430482262519506e-07,-6.882082919301197e-08,-3.7421391882528706e-07,4.965130356139431e-07,-1.0115539605224684e-06,1.001970139177241e-06,-4.87694400649658e-07,6.400347109353721e-07,-1.1557139814647405e-06,4.290765460003575e-06,-1.6818366875882798e-06,3.6983743734762534e-07,-1.1492178070196184e-06,6.52163289414537e-07,5.840739437844535e-07,5.989740924410645e-07
2013-06-28,1.7062840759545032e-07,3.414238777794525e-07,4.5584224520054154e-07,7.583781033708512e-08,5.383612477938924e-07,2.505619089393511e-07,1.8783850156090472e-07,2.410283895879513e-07,6.825621532811798e-08,6.193908549084652e-07,4.96591851214647e-07,1.5882109695286394e-07,2.0097235935756248e-07,2.164739081209471e-07,4.441945329605465e-07,-7.754885052102219e-07,-5.733958783243123e-07,-9.796653505302388e-07,-5.404170298273148e-06,-3.684647015788813e-07,-4.1994013808365664e-07,-1.0737344259296231e-06,-3.085315639766091e-06,-1.324737910502944e-06,-5.083025277733804e-07,-5.226118444832162e-07,-4.944618988840742e-07,-6.161755696466336e-07,-3.639627245086176e-07,2.3857334137907604e-07,-1.4369945487665586e-07,8.051124123218661e-07,-3.8617833861102785e-07,4.2455379984929023e-07,3.4153292389540385e-07,2.038150904213833e-07,2.498954207138781e-07,1.7042689664408673e-07,-4.364084106332478e-07,1.943061332146842e-07,-9.883049450561563e-08,-2.4481610010513387e-07,2.1728947655399974e-07,-3.3430482262519506e-07,-4.0545449388750864e-08,-2.543446935052725e-07,3.5009661322978864e-07,-7.096960978977712e-07,1.001970139177241e-06,-4.87694400649658e-07,-1.590527417444846e-07,-1.1557139814647405e-06,3.1661430908506492e-06,-1.6818366875882798e-06,0.0,-1.1492178070196184e-06,6.52163289414537e-07,5.840739437844535e-07,-1.310145945795102e-07
2013-07-31,3.0964935463388876e-07,6.458228032671056e-07,9.828030344902704e-07,1.6293947273458468e-07,8.120269029145704e-07,5.470427718133102e-07,0.0,4.64824233231186e-07,6.825621532811798e-08,1.2142495220540227e-06,9.321935648586907e-07,2.3018436618775358e-07,4.60646666018935e-07,4.575315326048412e-07,7.662663867297151e-07,-7.754885052102219e-07,0.0,1.7681709546643696e-06,-8.67869439864177e-06,-5.562205497169694e-07,-6.669669013659127e-07,1.6321283656122188e-06,5.212158774687574e-06,-1.324737910502944e-06,-5.083025277733804e-07,-5.226118444832162e-07,-7.00069967495762e-07,-6.161755696466336e-07,-6.756484559538265e-07,4.4939325322624237e-07,-1.4369945487665586e-07,1.3841487231275094e-06,6.238820198729615e-07,6.048716075920471e-07,5.325506781174265e-07,3.9148431482250106e-07,-5.92279389014739e-07,-4.403256199998175e-07,-6.827203890412686e-07,1.943061332146842e-07,-9.883049450561563e-08,-4.4179639205620205e-07,3.651367972752017e-07,4.697346029498799e-07,-1.3300115305018788e-07,-2.543446935052725e-07,8.5661998866013e-07,-1.1424956192566952e-06,1.7019680870816916e-06,-4.87694400649658e-07,-1.590527417444846e-07,-1.1557139814647405e-06,0.0,-2.372524839292056e-06,0.0,-2.014762196370946e-06,4.0576639026605463e-07,0.0,0.0
2013-08-30,4.864743436071146e-07,9.376115631541384e-07,9.828030344902704e-07,1.6293947273458468e-07,1.455162025715516e-06,5.470427718133102e-07,6.605698399600889e-07,6.487075767430752e-07,1.2341460806944718e-07,1.2142495220540227e-06,9.321935648586907e-07,4.033021112961027e-07,4.60646666018935e-07,4.575315326048412e-07,1.1827645043218983e-06,-7.754885052102219e-07,0.0,0.0,-8.67869439864177e-06,-5.562205497169694e-07,-6.669669013659127e-07,1.6321283656122188e-06,-4.299902073431883e-06,-1.324737910502944e-06,-8.71346264331631e-07,0.0,-7.00069967495762e-07,-6.161755696466336e-07,0.0,6.217800148734841e-07,-2.99049731870902e-07,1.8584518309934217e-06,-1.234812169894201e-07,6.048716075920471e-07,5.325506781174265e-07,3.9148431482250106e-07,-5.92279389014739e-07,-4.403256199998175e-07,-6.827203890412686e-07,1.943061332146842e-07,-9.883049450561563e-08,-4.4179639205620205e-07,2.2239417931892925e-07,-5.798639366079994e-07,-8.740940935252374e-08,-8.405959125317071e-07,8.5661998866013e-07,-1.1424956192566952e-06,1.7019680870816916e-06,-6.727212728688498e-07,0.0,-2.2296535930138622e-06,-2.5311012140529995e-07,-2.372524839292056e-06,0.0,-1.090727756996599e-06,4.0576639026605463e-07,0.0,-6.217718657303058e-07
2013-09-30,3.0850047458460797e-07,9.376115631541384e-07,9.828030344902704e-07,2.3654233086608093e-07,1.455162025715516e-06,8.31921338432862e-07,1.1826763549471585e-06,6.487075767430752e-07,0.0,1.2142495220540227e-06,9.321935648586907e-07,2.4278708977441125e-07,4.60646666018935e-07,4.575315326048412e-07,7.220410317452366e-07,-1.1584564996126546e-06,1.3822609987207807e-07,1.3944710438552219e-06,5.096532254951236e-06,-5.562205497169694e-07,-6.669669013659127e-07,2.496995082573158e-06,5.279234185736653e-06,-1.324737910502944e-06,-8.71346264331631e-07,-1.2807587583234308e-08,-7.00069967495762e-07,8.308174108474343e-07,-9.394957272527274e-07,6.217800148734841e-07,-6.884690418149498e-08,1.8584518309934217e-06,9.064393928984452e-07,6.048716075920471e-07,5.325506781174265e-07,3.9148431482250106e-07,-5.92279389014739e-07,-4.403256199998175e-07,-3.471925949007534e-07,-3.184567586060169e-07,-9.883049450561563e-08,-4.4179639205620205e-07,2.2239417931892925e-07,-5.798639366079994e-07,-8.740940935252374e-08,1.8338507054192342e-06,8.5661998866013e-07,-1.6533706011838279e-06,1.7019680870816916e-06,-6.727212728688498e-07,0.0,-1.0106941330160575e-07,0.0,-2.372524839292056e-06,0.0,-2.723781191189573e-07,5.466167879352866e-07,4.771692825404674e-07,-6.217718657303058e-07
2013-10-31,3.0850047458460797e-07,9.376115631541384e-07,9.828030344902704e-07,2.3654233086608093e-07,1.455162025715516e-06,8.31921338432862e-07,1.1826763549471585e-06,6.487075767430752e-07,0.0,1.2142495220540227e-06,9.321935648586907e-07,2.4278708977441125e-07,6.739447867776418e-07,7.329100408138485e-07,7.220410317452366e-07,-1.5505236270305456e-06,3.694664513863084e-08,1.3944710438552219e-06,-9.295789806771504e-06,-5.562205497169694e-07,-6.669669013659127e-07,3.3343675504411034e-06,7.053457272087111e-06,-1.951378706228275e-06,-8.71346264331631e-07,0.0,-1.0815307899165846e-06,1.2040504943215414e-06,-9.394957272527274e-07,6.217800148734841e-07,0.0,1.8584518309934217e-06,9.064393928984452e-07,8.460695414054226e-07,5.325506781174265e-07,3.9148431482250106e-07,5.663049309077178e-08,-4.403256199998175e-07,0.0,2.2921083400179678e-08,-8.490815006823822e-09,-6.885373722061747e-07,2.2239417931892925e-07,-5.798639366079994e-07,-8.740940935252374e-08,5.61720580281999e-07,8.5661998866013e-07,-1.6533706011838279e-06,1.7019680870816916e-06,-1.06279306784633e-06,0.0,-2.2131377157633094e-06,5.920613526484842e-06,-2.372524839292056e-06,0.0,-5.455282392026917e-07,8.009318246275319e-07,6.906845602274126e-07,-6.217718657303058e-07
2013-11-29,8.639518360862652e-07,1.5770351274214359e-06,1.6206570972835565e-06,3.294877663407735e-07,2.931274011205003e-06,1.5310918879298585e-06,2.4322928494200176e-06,1.3041003166840825e-06,0.0,1.7615176016882098e-06,1.7887379335924637e-06,5.711228087541492e-07,1.0663832569907957e-06,1.061533416987289e-06,1.9714712674949977e-06,-2.09568189733863e-06,1.4668698168751814e-06,3.0829169056025995e-06,-9.295789806771504e-06,-1.9147531379584005e-08,-6.669669013659127e-07,5.301445063462488e-06,1.1672787239551904e-05,-1.951378706228275e-06,-3.9289911045242473e-07,-3.769501653486495e-07,-1.0815307899165846e-06,1.8649895129653228e-06,0.0,1.0265697388077285e-06,-4.65092713843181e-07,-1.144580342204217e-06,0.0,8.460695414054226e-07,5.325506781174265e-07,7.600811510456447e-07,2.7573797618451413e-07,2.9184178043905105e-07,1.428159562277329e-06,2.2921083400179678e-08,0.0,-6.885373722061747e-07,5.678681913733536e-07,-8.142443044606116e-07,-2.0371119550072473e-08,5.61720580281999e-07,-1.8317755047631234e-06,-2.557578330598097e-06,2.7176860417830497e-06,-1.731710818869853e-07,0.0,0.0,9.212754184460576e-06,-4.233192234839611e-06,0.0,-9.956920927197541e-08,8.009318246275319e-07,1.0142974870372295e-06,-9.114968396751834e-07
2013-12-31,8.639518360862652e-07,1.1518204595524285e-06,1.1491322654009346e-06,2.3025225066388452e-07,1.3938623068542596e-06,8.167125560416223e-07,2.4322928494200176e-06,8.869850622380214e-07,0.0,1.7615176016882098e-06,1.3033739416223123e-06,0.0,7.328385918803675e-07,7.366211582855746e-07,1.3303050124798786e-06,-2.09568189733863e-06,1.4668698168751814e-06,3.0829169056025995e-06,1.1977080885937092e-05,0.0,-6.669669013659127e-07,5.301445063462488e-06,1.1672787239551904e-05,-1.2252649241170756e-06,0.0,-2.650841308354261e-07,-1.0815307899165846e-06,1.8649895129653228e-06,-1.1098946017984827e-06,1.0265697388077285e-06,0.0,-2.7353745819798334e-06,1.3753489539690228e-06,8.460695414054226e-07,2.3207892672111233e-07,7.600811510456447e-07,2.7573797618451413e-07,1.248161863210696e-07,7.75894077046485e-07,0.0,0.0,-6.885373722061747e-07,5.678681913733536e-07,-3.592435818151941e-07,-2.0371119550072473e-08,7.987222478980377e-07,1.269950794147238e-06,-1.7794660331506592e-06,2.7176860417830497e-06,-2.988154170644125e-07,0.0,-3.8574669926025507e-07,-5.918818507879044e-06,-4.233192234839611e-06,0.0,0.0,8.009318246275319e-07,1.0142974870372295e-06,-4.392401854625351e-07
2014-01-31,5.077084756005787e-07,1.1518204595524285e-06,1.1491322654009346e-06,1.6761184639818765e-07,1.3938623068542596e-06,8.167125560416223e-07,1.8185032834138715e-06,8.869850622380214e-07,0.0,9.251413708534178e-07,1.3033739416223123e-06,1.1309510660595743e-07,7.328385918803675e-07,7.366211582855746e-07,1.3303050124798786e-06,-7.840947492164342e-07,1.4668698168751814e-06,3.0829169056025995e-06,1.1977080885937092e-05,7.790608489050484e-07,-6.669669013659127e-07,3.677277813206022e-06,7.072389664709619e-06,-1.2252649241170756e-06,0.0,-2.650841308354261e-07,-1.0815307899165846e-06,1.8649895129653228e-06,-1.1098946017984827e-06,1.0265697388077285e-06,0.0,-2.7353745819798334e-06,-8.627784584496017e-07,8.460695414054226e-07,-5.821860385334795e-07,-5.199985885657315e-08,-7.346274019583146e-07,0.0,1.3169950078235445e-07,-4.2971541473313206e-07,0.0,-6.885373722061747e-07,-8.302415182137267e-07,-3.592435818151941e-07,0.0,7.987222478980377e-07,-1.2211285177981876e-06,2.5307206156902095e-07,2.7176860417830497e-06,-5.007933393876824e-07,0.0,2.1135186652816952e-06,-5.918818507879044e-06,-2.385223299660589e-06,0.0,0.0,8.009318246275319e-07,1.0142974870372295e-06,-2.8006207408833615e-07
2014-02-28,5.077084756005787e-07,1.1518204595524285e-06,1.1491322654009346e-06,7.072439745387885e-08,1.899473482314398e-06,8.167125560416223e-07,1.8185032834138715e-06,8.869850622380214e-07,0.0,9.251413708534178e-07,1.3033739416223123e-06,0.0,1.973398062099334e-07,7.366211582855746e-07,1.3303050124798786e-06,-1.9531861360604653e-06,6.363980571741662e-07,1.6931051405419318e-07,1.1977080885937092e-05,-5.396965397142705e-07,-9.523643809973814e-07,5.082701712911954e-06,7.072389664709619e-06,-5.214114294012567e-07,0.0,-1.922141809972698e-07,-5.991959151394733e-07,1.8649895129653228e-06,0.0,1.0265697388077285e-06,-2.9002340863262694e-08,-7.370544625670217e-07,1.3822221605060393e-06,8.460695414054226e-07,1.0587195998096016e-08,6.821332674912864e-07,0.0,4.4811567244508086e-07,1.3169950078235445e-07,-4.2971541473313206e-07,0.0,0.0,-8.302415182137267e-07,-2.535778986171115e-07,0.0,7.987222478980377e-07,-1.2211285177981876e-06,2.5307206156902095e-07,5.259452503491724e-07,3.709495541452005e-07,0.0,2.1135186652816952e-06,-5.918818507879044e-06,-1.4893869747028843e-06,0.0,0.0,8.009318246275319e-07,1.0142974870372295e-06,-1.939861240019723e-07
2014-03-31,5.077084756005787e-07,1.1518204595524285e-06,1.1491322654009346e-06,7.072439745387885e-08,9.834168014797587e-07,8.167125560416223e-07,1.3601513914469989e-06,4.956485299199818e-07,0.0,9.251413708534178e-07,8.568576380902817e-07,2.58936624703592e-07,7.0310659482664e-07,7.366211582855746e-07,1.3303050124798786e-06,-1.9531861360604653e-06,1.1022172733354978e-06,2.1215956360891117e-06,1.1977080885937092e-05,-3.092927969890625e-07,-9.523643809973814e-07,5.082701712911954e-06,7.072389664709619e-06,-5.214114294012567e-07,-2.6357468625028526e-08,-1.922141809972698e-07,-1.257657178928382e-06,1.8649895129653228e-06,-9.150554446535833e-07,1.0265697388077285e-06,0.0,-3.372743448529805e-06,1.3822221605060393e-06,8.460695414054226e-07,1.7531899441487958e-07,6.821332674912864e-07,0.0,4.4811567244508086e-07,2.487410060725821e-07,2.626856585463926e-08,0.0,0.0,6.193046935902374e-07,-4.348905017748263e-07,0.0,1.2629949080718466e-06,4.2442937869589375e-07,1.508143401158901e-06,2.618675462656158e-07,2.5926842213934127e-07,9.924938782383606e-07,1.163212251928837e-06,-5.918818507879044e-06,-1.4893869747028843e-06,-2.834353571437203e-07,-9.566814763013395e-08,8.009318246275319e-07,7.476349326131538e-07,-3.1621267507163364e-07
2014-04-30,5.077084756005787e-07,1.1518204595524285e-06,1.1491322654009346e-06,7.072439745387885e-08,9.834168014797587e-07,8.167125560416223e-07,1.3601513914469989e-06,7.668412729960988e-07,-6.988174999703666e-07,9.251413708534178e-07,8.568576380902817e-07,-7.514140786578767e-07,9.533261754229963e-07,7.366211582855746e-07,1.3303050124798786e-06,-1.9531861360604653e-06,1.1022172733354978e-06,2.9596505948640138e-06,1.1977080885937092e-05,8.537037388944477e-07,-9.523643809973814e-07,5.082701712911954e-06,7.072389664709619e-06,0.0,0.0,0.0,-1.257657178928382e-06,1.8649895129653228e-06,-9.150554446535833e-07,1.0265697388077285e-06,0.0,-4.603723077868724e-06,1.3822221605060393e-06,1.3217597443720853e-06,3.229400914700766e-07,6.821332674912864e-07,1.0966530379152832e-07,4.4811567244508086e-07,4.86062601897649e-07,3.681473215210306e-08,0.0,0.0,6.193046935902374e-07,-4.348905017748263e-07,0.0,1.2629949080718466e-06,6.728727007798633e-07,1.508143401158901e-06,1.171329819143639e-06,2.5926842213934127e-07,9.924938782383606e-07,2.2079875823422914e-06,-5.918818507879044e-06,-2.2966056621526414e-06,-1.1964457744335298e-06,-9.323612505644314e-07,1.2594167702433107e-06,7.476349326131538e-07,-4.6680753677876187e-07
2014-05-30,1.0422719186963112e-06,1.9145407374618713e-06,2.449025328946572e-06,0.0,3.266404892520548e-06,2.112419046136217e-06,3.0416164622830865e-06,1.9035752685005466e-06,0.0,1.750600416324988e-06,1.7999987907833083e-06,5.940547215516735e-07,1.518449068536579e-06,1.431814500136415e-06,2.3289454704371366e-06,1.3983448665777653e-06,2.389430583783457e-06,5.438668841078098e-06,2.646788429920912e-05,1.281817188077281e-06,-1.681867011893907e-06,1.1969660368756074e-05,1.6980408673841465e-05,6.323384367431014e-06,3.845814627577718e-06,2.045680993362728e-06,1.7177105118091149e-06,3.645998211590998e-06,0.0,2.2733747631924685e-06,-2.23811293755451e-07,8.84042925625834e-06,2.9998505988275787e-06,2.388035509982063e-06,9.438121581807917e-07,1.216713589952079e-06,7.066760661347684e-07,1.1233969841584434e-06,9.456698797800015e-07,0.0,0.0,0.0,1.2133757514371509e-06,-7.864811304526273e-07,0.0,2.084119666778236e-06,-9.099791855059983e-07,2.7073255959250884e-06,2.082993012583597e-06,4.023063693852007e-07,-6.463781638630689e-07,2.962951802863823e-06,-5.918818507879044e-06,-3.937840386918791e-06,-1.807606852172353e-06,-9.323612505644314e-07,1.8229518951449733e-06,1.0444936438774527e-06,-4.6680753677876187e-07
2014-06-30,1.0422719186963112e-06,1.9145407374618713e-06,1.4047868814496176e-06,0.0,3.266404892520548e-06,2.112419046136217e-06,1.8802698182143821e-06,1.9035752685005466e-06,1.0243682037102166e-06,1.750600416324988e-06,1.7999987907833083e-06,1.0195451500186612e-06,1.1311573351839523e-06,9.811320964211964e-07,2.3289454704371366e-06,1.3983448665777653e-06,1.6746667205614713e-06,2.9047372170706046e-06,2.646788429920912e-05,1.281817188077281e-06,1.3586392343215187e-06,1.1969660368756074e-05,1.1983112434550696e-05,6.323384367431014e-06,3.845814627577718e-06,2.045680993362728e-06,0.0,3.645998211590998e-06,-2.9966580500361807e-06,2.2733747631924685e-06,0.0,9.3562092767401e-07,2.138232610399548e-06,2.388035509982063e-06,5.31192026747922e-07,1.216713589952079e-06,7.066760661347684e-07,8.249801310571568e-07,9.456698797800015e-07,9.710958540053494e-08,7.872635924108828e-07,1.2471248285397442e-06,8.056928518242869e-07,1.2597125450686248e-06,6.932254973197957e-07,2.084119666778236e-06,0.0,6.312024649789938e-07,1.0555654442574168e-06,4.023063693852007e-07,-2.3313898650704296e-07,1.175978091208018e-06,-5.918818507879044e-06,-2.850024893773712e-06,-2.430323615091225e-06,-1.8160740888962346e-06,9.258793241829444e-07,4.6545956887333455e-07,-9.918290212663318e-07
2014-07-31,6.673926744688802e-07,1.0494444843714765e-06,1.4047868814496176e-06,1.5678518002541393e-08,1.6534812757539193e-06,1.1554277539924517e-06,1.8802698182143821e-06,1.0104383994668235e-06,1.0243682037102166e-06,1.1438622183086367e-06,1.2002032380529263e-06,1.0195451500186612e-06,6.954096675849648e-07,9.811320964211964e-07,1.3697009264450402e-06,8.607707336857252e-07,1.6746667205614713e-06,2.9047372170706046e-06,2.646788429920912e-05,6.69094104076693e-07,1.3586392343215187e-06,7.97785566526903e-06,8.899917187473657e-06,3.966398134920491e-06,2.2808567348268782e-06,1.1006700654685882e-06,0.0,2.6497563304997204e-06,-2.2152264879031853e-06,1.6848309501282008e-06,0.0,-5.268904423079734e-06,2.138232610399548e-06,1.7520608327705418e-06,9.490639258517476e-08,0.0,-1.0952135479994693e-06,8.249801310571568e-07,9.456698797800015e-07,-6.335430732467856e-07,-5.811325551710342e-08,-9.124825647681712e-08,8.056928518242869e-07,0.0,-2.1889229448729584e-07,2.084119666778236e-06,0.0,6.312024649789938e-07,1.0555654442574168e-06,4.023063693852007e-07,0.0,8.607189093424367e-07,-5.918818507879044e-06,-2.850024893773712e-06,-2.430323615091225e-06,-1.2229336726491014e-06,9.258793241829444e-07,4.6545956887333455e-07,-7.163997219173012e-07
2014-08-29,1.0578099376530336e-06,1.6933882176007671e-06,1.4047868814496176e-06,3.73839693474622e-09,1.6534812757539193e-06,1.1554277539924517e-06,4.809507773313702e-07,1.5261959166607093e-06,1.4666493791381588e-06,1.9139987251507347e-06,1.923547200998002e-06,1.4461127379226175e-06,1.1965426774076276e-06,9.811320964211964e-07,2.0902656612044432e-06,2.1607106580188696e-06,1.6746667205614713e-06,0.0,0.0,6.69094104076693e-07,1.3586392343215187e-06,2.790870659443534e-07,8.899917187473657e-06,5.652463819200704e-06,2.2808567348268782e-06,1.1006700654685882e-06,2.856059673278412e-06,2.6497563304997204e-06,0.0,0.0,-1.8544361514833006e-06,7.431412527481782e-06,2.138232610399548e-06,1.7520608327705418e-06,-9.515740081187869e-07,0.0,-1.5474494302153733e-06,8.249801310571568e-07,9.456698797800015e-07,9.11070681443281e-08,-1.4440113654730456e-07,-1.8425833485560577e-07,1.1155373227971783e-06,0.0,-8.657916457013385e-07,3.915011660755e-06,-2.0393973905134731e-07,6.312024649789938e-07,4.7396146149197235e-07,4.023063693852007e-07,-7.653026802695235e-07,1.2606807596889447e-06,-9.901948122171843e-06,-2.850024893773712e-06,-3.4087116765780814e-06,-1.2229336726491014e-06,6.290099686864833e-07,-9.403533562500557e-07,-1.7236307630030538e-06
2014-09-30,6.001532602869889e-07,7.955369480665306e-07,1.4047868814496176e-06,4.7628469393704966e-08,1.1786637280421113e-06,1.1554277539924517e-06,3.3731940661681153e-07,8.024517291142945e-07,8.273772599028517e-07,8.148857374305739e-07,1.0722936101005655e-06,9.667737619620787e-07,4.1664322328000415e-07,7.217883773252354e-07,1.0994188012636923e-06,1.2278355781135899e-06,1.6746667205614713e-06,2.5147424087927224e-06,0.0,6.69094104076693e-07,9.86228211266119e-07,2.2345395143174996e-06,8.899917187473657e-06,3.2989284037192408e-06,1.6077890411237261e-06,5.453120101914834e-07,-1.2554538595896274e-06,1.3532407933537858e-06,-1.2263429176492886e-06,-1.3312668867434088e-07,-7.886204560662069e-07,-3.752167803655584e-06,-1.0510428500226699e-07,-3.635042806020506e-07,-5.288631561868082e-07,0.0,-5.684370472888085e-07,-3.210692328476347e-08,6.90161550518965e-07,2.595398813060088e-07,-1.4440113654730456e-07,-1.2454248870406387e-07,4.5784721535751196e-07,0.0,-4.724941910956323e-07,1.5019926419474968e-06,-2.824167882265939e-07,6.312024649789938e-07,4.7396146149197235e-07,3.0104292468545074e-07,-4.502157199017991e-07,9.085161921222396e-07,-6.759827084572248e-06,-1.551838369133359e-06,-2.2136303981470274e-06,-1.2229336726491014e-06,6.290099686864833e-07,-9.403533562500557e-07,-1.1843478258527347e-06
2014-10-31,1.9341818330259817e-07,2.719732631298942e-07,4.347128215455835e-07,3.146994534144137e-08,5.504904789965435e-07,2.9902785929468225e-07,3.3731940661681153e-07,3.059219159215255e-07,1.1710256898824923e-07,2.735787259234403e-07,5.034645488551191e-07,1.848322428474516e-07,1.9037653137347687e-07,3.722977715451436e-07,3.5253998137287533e-07,8.099065666080636e-07,7.747808488570586e-07,1.6531609311912615e-06,0.0,3.21553163643396e-07,4.069045691948321e-07,2.2345395143174996e-06,2.5019199800299437e-06,1.2643988663344607e-06,7.451094520694214e-07,5.453120101914834e-07,-6.846930562048582e-07,7.059214485881244e-07,-7.101198413998352e-07,-1.3312668867434088e-07,-3.1575856461672463e-07,-2.2771751609122757e-06,-1.5371167721012244e-07,-2.5200375459395723e-07,-2.5042746640030175e-07,0.0,-4.053009729957643e-07,-8.920422024453056e-09,4.64534969058575e-07,-1.1066864139300038e-07,-1.4440113654730456e-07,-4.634896955992095e-09,2.1715221017480233e-07,0.0,-2.2578846225719056e-07,6.487929112963089e-07,-2.824167882265939e-07,4.539476452207799e-07,4.7396146149197235e-07,7.000787675318198e-08,-2.782897375141183e-07,5.558487584361327e-07,-2.661975321382453e-06,-1.0581513724973598e-06,-9.297797690459909e-07,-6.673044321692416e-07,3.027148427460909e-07,-3.820314964572668e-07,-7.898363260835101e-07
2014-11-28,4.773361367013553e-07,7.628738038608974e-07,5.962533301047985e-07,0.0,1.0682881487788908e-06,7.318579166652289e-07,2.407262456992437e-07,7.213536561142539e-07,2.607934418566474e-07,7.803406462430534e-07,9.164781568913562e-07,4.0810070544209685e-07,4.556170517162912e-07,6.178335144299019e-07,9.756304099749952e-07,1.4239957292047102e-06,1.1261627021470245e-06,3.8977788206778915e-06,0.0,1.4577239206666322e-07,6.896700866130307e-07,1.6387138500642105e-06,4.8548336825502585e-06,1.9811027222981483e-06,3.9259218089302474e-07,8.570525434501785e-07,-3.488520854362906e-07,0.0,-3.2170761918528145e-07,-4.779935169678442e-07,-8.098610090582452e-07,-2.2771751609122757e-06,0.0,-7.986046518692928e-07,-2.5042746640030175e-07,0.0,-2.3413533744467758e-07,-5.4955466142381826e-08,-4.2017141604556134e-08,-1.6215199392808983e-07,-4.637558658745153e-07,-2.968025837955847e-07,3.5739550314614956e-07,0.0,-2.2578846225719056e-07,1.098192587380385e-06,0.0,7.511039779829969e-07,4.7396146149197235e-07,2.6394708090849e-07,-1.236608911295339e-06,1.056632761776073e-06,-5.5291832224000815e-06,-1.7979607824664331e-06,-1.5164581459805689e-06,-1.0325619681784704e-06,4.894739786352714e-07,-5.776170868751419e-07,-7.898363260835101e-07
2014-12-31,2.551652891578018e-07,3.566371538852322e-07,4.3556562828022147e-07,4.3481629503633134e-08,6.383193759946422e-07,3.5831626520697986e-07,1.466334015472743e-07,2.0120019707140223e-07,2.607934418566474e-07,3.24892629970533e-07,5.810674291985606e-07,4.0810070544209685e-07,2.0182993076992032e-07,2.535804901265412e-07,5.088798613628876e-07,7.981981209310013e-07,6.729694946670814e-07,0.0,4.410912875062016e-07,2.6215566947326926e-07,4.0533456190357654e-07,1.6387138500642105e-06,2.471723363422623e-06,1.1872164466442907e-06,3.9259218089302474e-07,5.24682986175816e-07,-7.678377993002101e-07,-5.323418501472311e-07,-9.034662877589834e-07,-4.779935169678442e-07,-5.332875883694449e-07,-2.2771751609122757e-06,-4.429074954860028e-08,-5.910506724182924e-07,-2.5042746640030175e-07,0.0,-2.3413533744467758e-07,0.0,-4.2017141604556134e-08,-1.6215199392808983e-07,-2.650194034600211e-07,-1.7551587898943793e-07,3.5739550314614956e-07,0.0,-1.44084960672674e-07,1.098192587380385e-06,0.0,3.325129640118773e-07,9.306842362161382e-07,2.6394708090849e-07,-6.839802397124931e-07,6.049965031196186e-07,1.2313287540821176e-06,-1.7979607824664331e-06,-1.5164581459805689e-06,-7.076800754837351e-07,4.894739786352714e-07,-5.776170868751419e-07,-3.4731422287303095e-07
