Window,Source start,Source end,Closed episodes,Peak concurrent selected episodes,Maximum episodes sharing an exit date,Method,Replacement,Accounting,Horizon episodes,Samples,Seed,Return scale,Capital floor fraction,Metric,Statistic,Value,Monte Carlo standard error,Confidence lower,Confidence upper,Confidence method,Selection adjusted,Dependence preserved,Permitted use,Limitations
1990-2004 development history,1990-03-01,2004-12-01,808,55,12,random permutation without replacement,False,additive net return contribution; initial capital = 1,808,5000,20260803,1.0,0.5,Terminal contribution return,P01,1.8498458022824935,,,,not estimated for quantiles,False,False,supplementary retrospective risk diagnostic only,"Closed directional episodes overlap and share portfolio NAV. Resampling does not preserve simultaneous cross-market losses, sizing feedback, margin, volatility clustering, regime shifts, or unseen tail events. History is reused and results are not selection-adjusted or prospective. A permutation conditions on the exact realized set of outcomes; its terminal contribution is fixed and it measures ordering only."
1990-2004 development history,1990-03-01,2004-12-01,808,55,12,random permutation without replacement,False,additive net return contribution; initial capital = 1,808,5000,20260803,1.0,0.5,Terminal contribution return,P05,1.849845802282494,,,,not estimated for quantiles,False,False,supplementary retrospective risk diagnostic only,"Closed directional episodes overlap and share portfolio NAV. Resampling does not preserve simultaneous cross-market losses, sizing feedback, margin, volatility clustering, regime shifts, or unseen tail events. History is reused and results are not selection-adjusted or prospective. A permutation conditions on the exact realized set of outcomes; its terminal contribution is fixed and it measures ordering only."
1990-2004 development history,1990-03-01,2004-12-01,808,55,12,random permutation without replacement,False,additive net return contribution; initial capital = 1,808,5000,20260803,1.0,0.5,Terminal contribution return,P25,1.8498458022824953,,,,not estimated for quantiles,False,False,supplementary retrospective risk diagnostic only,"Closed directional episodes overlap and share portfolio NAV. Resampling does not preserve simultaneous cross-market losses, sizing feedback, margin, volatility clustering, regime shifts, or unseen tail events. History is reused and results are not selection-adjusted or prospective. A permutation conditions on the exact realized set of outcomes; its terminal contribution is fixed and it measures ordering only."
1990-2004 development history,1990-03-01,2004-12-01,808,55,12,random permutation without replacement,False,additive net return contribution; initial capital = 1,808,5000,20260803,1.0,0.5,Terminal contribution return,Median,1.8498458022824957,,,,not estimated for quantiles,False,False,supplementary retrospective risk diagnostic only,"Closed directional episodes overlap and share portfolio NAV. Resampling does not preserve simultaneous cross-market losses, sizing feedback, margin, volatility clustering, regime shifts, or unseen tail events. History is reused and results are not selection-adjusted or prospective. A permutation conditions on the exact realized set of outcomes; its terminal contribution is fixed and it measures ordering only."
1990-2004 development history,1990-03-01,2004-12-01,808,55,12,random permutation without replacement,False,additive net return contribution; initial capital = 1,808,5000,20260803,1.0,0.5,Terminal contribution return,P75,1.8498458022824966,,,,not estimated for quantiles,False,False,supplementary retrospective risk diagnostic only,"Closed directional episodes overlap and share portfolio NAV. Resampling does not preserve simultaneous cross-market losses, sizing feedback, margin, volatility clustering, regime shifts, or unseen tail events. History is reused and results are not selection-adjusted or prospective. A permutation conditions on the exact realized set of outcomes; its terminal contribution is fixed and it measures ordering only."
1990-2004 development history,1990-03-01,2004-12-01,808,55,12,random permutation without replacement,False,additive net return contribution; initial capital = 1,808,5000,20260803,1.0,0.5,Terminal contribution return,P95,1.8498458022824975,,,,not estimated for quantiles,False,False,supplementary retrospective risk diagnostic only,"Closed directional episodes overlap and share portfolio NAV. Resampling does not preserve simultaneous cross-market losses, sizing feedback, margin, volatility clustering, regime shifts, or unseen tail events. History is reused and results are not selection-adjusted or prospective. A permutation conditions on the exact realized set of outcomes; its terminal contribution is fixed and it measures ordering only."
1990-2004 development history,1990-03-01,2004-12-01,808,55,12,random permutation without replacement,False,additive net return contribution; initial capital = 1,808,5000,20260803,1.0,0.5,Terminal contribution return,P99,1.8498458022824984,,,,not estimated for quantiles,False,False,supplementary retrospective risk diagnostic only,"Closed directional episodes overlap and share portfolio NAV. Resampling does not preserve simultaneous cross-market losses, sizing feedback, margin, volatility clustering, regime shifts, or unseen tail events. History is reused and results are not selection-adjusted or prospective. A permutation conditions on the exact realized set of outcomes; its terminal contribution is fixed and it measures ordering only."
1990-2004 development history,1990-03-01,2004-12-01,808,55,12,random permutation without replacement,False,additive net return contribution; initial capital = 1,808,5000,20260803,1.0,0.5,Maximum drawdown,P01,-0.07271860053161211,,,,not estimated for quantiles,False,False,supplementary retrospective risk diagnostic only,"Closed directional episodes overlap and share portfolio NAV. Resampling does not preserve simultaneous cross-market losses, sizing feedback, margin, volatility clustering, regime shifts, or unseen tail events. History is reused and results are not selection-adjusted or prospective. A permutation conditions on the exact realized set of outcomes; its terminal contribution is fixed and it measures ordering only."
1990-2004 development history,1990-03-01,2004-12-01,808,55,12,random permutation without replacement,False,additive net return contribution; initial capital = 1,808,5000,20260803,1.0,0.5,Maximum drawdown,P05,-0.05773854973770071,,,,not estimated for quantiles,False,False,supplementary retrospective risk diagnostic only,"Closed directional episodes overlap and share portfolio NAV. Resampling does not preserve simultaneous cross-market losses, sizing feedback, margin, volatility clustering, regime shifts, or unseen tail events. History is reused and results are not selection-adjusted or prospective. A permutation conditions on the exact realized set of outcomes; its terminal contribution is fixed and it measures ordering only."
1990-2004 development history,1990-03-01,2004-12-01,808,55,12,random permutation without replacement,False,additive net return contribution; initial capital = 1,808,5000,20260803,1.0,0.5,Maximum drawdown,P25,-0.04204088697684663,,,,not estimated for quantiles,False,False,supplementary retrospective risk diagnostic only,"Closed directional episodes overlap and share portfolio NAV. Resampling does not preserve simultaneous cross-market losses, sizing feedback, margin, volatility clustering, regime shifts, or unseen tail events. History is reused and results are not selection-adjusted or prospective. A permutation conditions on the exact realized set of outcomes; its terminal contribution is fixed and it measures ordering only."
1990-2004 development history,1990-03-01,2004-12-01,808,55,12,random permutation without replacement,False,additive net return contribution; initial capital = 1,808,5000,20260803,1.0,0.5,Maximum drawdown,Median,-0.03485821909465342,,,,not estimated for quantiles,False,False,supplementary retrospective risk diagnostic only,"Closed directional episodes overlap and share portfolio NAV. Resampling does not preserve simultaneous cross-market losses, sizing feedback, margin, volatility clustering, regime shifts, or unseen tail events. History is reused and results are not selection-adjusted or prospective. A permutation conditions on the exact realized set of outcomes; its terminal contribution is fixed and it measures ordering only."
1990-2004 development history,1990-03-01,2004-12-01,808,55,12,random permutation without replacement,False,additive net return contribution; initial capital = 1,808,5000,20260803,1.0,0.5,Maximum drawdown,P75,-0.02939212397069249,,,,not estimated for quantiles,False,False,supplementary retrospective risk diagnostic only,"Closed directional episodes overlap and share portfolio NAV. Resampling does not preserve simultaneous cross-market losses, sizing feedback, margin, volatility clustering, regime shifts, or unseen tail events. History is reused and results are not selection-adjusted or prospective. A permutation conditions on the exact realized set of outcomes; its terminal contribution is fixed and it measures ordering only."
1990-2004 development history,1990-03-01,2004-12-01,808,55,12,random permutation without replacement,False,additive net return contribution; initial capital = 1,808,5000,20260803,1.0,0.5,Maximum drawdown,P95,-0.023603233313021298,,,,not estimated for quantiles,False,False,supplementary retrospective risk diagnostic only,"Closed directional episodes overlap and share portfolio NAV. Resampling does not preserve simultaneous cross-market losses, sizing feedback, margin, volatility clustering, regime shifts, or unseen tail events. History is reused and results are not selection-adjusted or prospective. A permutation conditions on the exact realized set of outcomes; its terminal contribution is fixed and it measures ordering only."
1990-2004 development history,1990-03-01,2004-12-01,808,55,12,random permutation without replacement,False,additive net return contribution; initial capital = 1,808,5000,20260803,1.0,0.5,Maximum drawdown,P99,-0.02083496650551055,,,,not estimated for quantiles,False,False,supplementary retrospective risk diagnostic only,"Closed directional episodes overlap and share portfolio NAV. Resampling does not preserve simultaneous cross-market losses, sizing feedback, margin, volatility clustering, regime shifts, or unseen tail events. History is reused and results are not selection-adjusted or prospective. A permutation conditions on the exact realized set of outcomes; its terminal contribution is fixed and it measures ordering only."
1990-2004 development history,1990-03-01,2004-12-01,808,55,12,random permutation without replacement,False,additive net return contribution; initial capital = 1,808,5000,20260803,1.0,0.5,Minimum capital fraction,P01,0.9482060009303463,,,,not estimated for quantiles,False,False,supplementary retrospective risk diagnostic only,"Closed directional episodes overlap and share portfolio NAV. Resampling does not preserve simultaneous cross-market losses, sizing feedback, margin, volatility clustering, regime shifts, or unseen tail events. History is reused and results are not selection-adjusted or prospective. A permutation conditions on the exact realized set of outcomes; its terminal contribution is fixed and it measures ordering only."
1990-2004 development history,1990-03-01,2004-12-01,808,55,12,random permutation without replacement,False,additive net return contribution; initial capital = 1,808,5000,20260803,1.0,0.5,Minimum capital fraction,P05,0.9680433458490324,,,,not estimated for quantiles,False,False,supplementary retrospective risk diagnostic only,"Closed directional episodes overlap and share portfolio NAV. Resampling does not preserve simultaneous cross-market losses, sizing feedback, margin, volatility clustering, regime shifts, or unseen tail events. History is reused and results are not selection-adjusted or prospective. A permutation conditions on the exact realized set of outcomes; its terminal contribution is fixed and it measures ordering only."
1990-2004 development history,1990-03-01,2004-12-01,808,55,12,random permutation without replacement,False,additive net return contribution; initial capital = 1,808,5000,20260803,1.0,0.5,Minimum capital fraction,P25,0.9867433590251591,,,,not estimated for quantiles,False,False,supplementary retrospective risk diagnostic only,"Closed directional episodes overlap and share portfolio NAV. Resampling does not preserve simultaneous cross-market losses, sizing feedback, margin, volatility clustering, regime shifts, or unseen tail events. History is reused and results are not selection-adjusted or prospective. A permutation conditions on the exact realized set of outcomes; its terminal contribution is fixed and it measures ordering only."
1990-2004 development history,1990-03-01,2004-12-01,808,55,12,random permutation without replacement,False,additive net return contribution; initial capital = 1,808,5000,20260803,1.0,0.5,Minimum capital fraction,Median,0.9954785536182118,,,,not estimated for quantiles,False,False,supplementary retrospective risk diagnostic only,"Closed directional episodes overlap and share portfolio NAV. Resampling does not preserve simultaneous cross-market losses, sizing feedback, margin, volatility clustering, regime shifts, or unseen tail events. History is reused and results are not selection-adjusted or prospective. A permutation conditions on the exact realized set of outcomes; its terminal contribution is fixed and it measures ordering only."
1990-2004 development history,1990-03-01,2004-12-01,808,55,12,random permutation without replacement,False,additive net return contribution; initial capital = 1,808,5000,20260803,1.0,0.5,Minimum capital fraction,P75,1.000056499297958,,,,not estimated for quantiles,False,False,supplementary retrospective risk diagnostic only,"Closed directional episodes overlap and share portfolio NAV. Resampling does not preserve simultaneous cross-market losses, sizing feedback, margin, volatility clustering, regime shifts, or unseen tail events. History is reused and results are not selection-adjusted or prospective. A permutation conditions on the exact realized set of outcomes; its terminal contribution is fixed and it measures ordering only."
1990-2004 development history,1990-03-01,2004-12-01,808,55,12,random permutation without replacement,False,additive net return contribution; initial capital = 1,808,5000,20260803,1.0,0.5,Minimum capital fraction,P95,1.0153167673814278,,,,not estimated for quantiles,False,False,supplementary retrospective risk diagnostic only,"Closed directional episodes overlap and share portfolio NAV. Resampling does not preserve simultaneous cross-market losses, sizing feedback, margin, volatility clustering, regime shifts, or unseen tail events. History is reused and results are not selection-adjusted or prospective. A permutation conditions on the exact realized set of outcomes; its terminal contribution is fixed and it measures ordering only."
1990-2004 development history,1990-03-01,2004-12-01,808,55,12,random permutation without replacement,False,additive net return contribution; initial capital = 1,808,5000,20260803,1.0,0.5,Minimum capital fraction,P99,1.0317478055805702,,,,not estimated for quantiles,False,False,supplementary retrospective risk diagnostic only,"Closed directional episodes overlap and share portfolio NAV. Resampling does not preserve simultaneous cross-market losses, sizing feedback, margin, volatility clustering, regime shifts, or unseen tail events. History is reused and results are not selection-adjusted or prospective. A permutation conditions on the exact realized set of outcomes; its terminal contribution is fixed and it measures ordering only."
1990-2004 development history,1990-03-01,2004-12-01,808,55,12,random permutation without replacement,False,additive net return contribution; initial capital = 1,808,5000,20260803,1.0,0.5,Longest losing streak (episodes),P01,6.0,,,,not estimated for quantiles,False,False,supplementary retrospective risk diagnostic only,"Closed directional episodes overlap and share portfolio NAV. Resampling does not preserve simultaneous cross-market losses, sizing feedback, margin, volatility clustering, regime shifts, or unseen tail events. History is reused and results are not selection-adjusted or prospective. A permutation conditions on the exact realized set of outcomes; its terminal contribution is fixed and it measures ordering only."
1990-2004 development history,1990-03-01,2004-12-01,808,55,12,random permutation without replacement,False,additive net return contribution; initial capital = 1,808,5000,20260803,1.0,0.5,Longest losing streak (episodes),P05,7.0,,,,not estimated for quantiles,False,False,supplementary retrospective risk diagnostic only,"Closed directional episodes overlap and share portfolio NAV. Resampling does not preserve simultaneous cross-market losses, sizing feedback, margin, volatility clustering, regime shifts, or unseen tail events. History is reused and results are not selection-adjusted or prospective. A permutation conditions on the exact realized set of outcomes; its terminal contribution is fixed and it measures ordering only."
1990-2004 development history,1990-03-01,2004-12-01,808,55,12,random permutation without replacement,False,additive net return contribution; initial capital = 1,808,5000,20260803,1.0,0.5,Longest losing streak (episodes),P25,8.0,,,,not estimated for quantiles,False,False,supplementary retrospective risk diagnostic only,"Closed directional episodes overlap and share portfolio NAV. Resampling does not preserve simultaneous cross-market losses, sizing feedback, margin, volatility clustering, regime shifts, or unseen tail events. History is reused and results are not selection-adjusted or prospective. A permutation conditions on the exact realized set of outcomes; its terminal contribution is fixed and it measures ordering only."
1990-2004 development history,1990-03-01,2004-12-01,808,55,12,random permutation without replacement,False,additive net return contribution; initial capital = 1,808,5000,20260803,1.0,0.5,Longest losing streak (episodes),Median,9.0,,,,not estimated for quantiles,False,False,supplementary retrospective risk diagnostic only,"Closed directional episodes overlap and share portfolio NAV. Resampling does not preserve simultaneous cross-market losses, sizing feedback, margin, volatility clustering, regime shifts, or unseen tail events. History is reused and results are not selection-adjusted or prospective. A permutation conditions on the exact realized set of outcomes; its terminal contribution is fixed and it measures ordering only."
1990-2004 development history,1990-03-01,2004-12-01,808,55,12,random permutation without replacement,False,additive net return contribution; initial capital = 1,808,5000,20260803,1.0,0.5,Longest losing streak (episodes),P75,10.0,,,,not estimated for quantiles,False,False,supplementary retrospective risk diagnostic only,"Closed directional episodes overlap and share portfolio NAV. Resampling does not preserve simultaneous cross-market losses, sizing feedback, margin, volatility clustering, regime shifts, or unseen tail events. History is reused and results are not selection-adjusted or prospective. A permutation conditions on the exact realized set of outcomes; its terminal contribution is fixed and it measures ordering only."
1990-2004 development history,1990-03-01,2004-12-01,808,55,12,random permutation without replacement,False,additive net return contribution; initial capital = 1,808,5000,20260803,1.0,0.5,Longest losing streak (episodes),P95,12.0,,,,not estimated for quantiles,False,False,supplementary retrospective risk diagnostic only,"Closed directional episodes overlap and share portfolio NAV. Resampling does not preserve simultaneous cross-market losses, sizing feedback, margin, volatility clustering, regime shifts, or unseen tail events. History is reused and results are not selection-adjusted or prospective. A permutation conditions on the exact realized set of outcomes; its terminal contribution is fixed and it measures ordering only."
1990-2004 development history,1990-03-01,2004-12-01,808,55,12,random permutation without replacement,False,additive net return contribution; initial capital = 1,808,5000,20260803,1.0,0.5,Longest losing streak (episodes),P99,14.0,,,,not estimated for quantiles,False,False,supplementary retrospective risk diagnostic only,"Closed directional episodes overlap and share portfolio NAV. Resampling does not preserve simultaneous cross-market losses, sizing feedback, margin, volatility clustering, regime shifts, or unseen tail events. History is reused and results are not selection-adjusted or prospective. A permutation conditions on the exact realized set of outcomes; its terminal contribution is fixed and it measures ordering only."
1990-2004 development history,1990-03-01,2004-12-01,808,55,12,random permutation without replacement,False,additive net return contribution; initial capital = 1,808,5000,20260803,1.0,0.5,Longest underwater run (episodes),P01,27.0,,,,not estimated for quantiles,False,False,supplementary retrospective risk diagnostic only,"Closed directional episodes overlap and share portfolio NAV. Resampling does not preserve simultaneous cross-market losses, sizing feedback, margin, volatility clustering, regime shifts, or unseen tail events. History is reused and results are not selection-adjusted or prospective. A permutation conditions on the exact realized set of outcomes; its terminal contribution is fixed and it measures ordering only."
1990-2004 development history,1990-03-01,2004-12-01,808,55,12,random permutation without replacement,False,additive net return contribution; initial capital = 1,808,5000,20260803,1.0,0.5,Longest underwater run (episodes),P05,31.0,,,,not estimated for quantiles,False,False,supplementary retrospective risk diagnostic only,"Closed directional episodes overlap and share portfolio NAV. Resampling does not preserve simultaneous cross-market losses, sizing feedback, margin, volatility clustering, regime shifts, or unseen tail events. History is reused and results are not selection-adjusted or prospective. A permutation conditions on the exact realized set of outcomes; its terminal contribution is fixed and it measures ordering only."
1990-2004 development history,1990-03-01,2004-12-01,808,55,12,random permutation without replacement,False,additive net return contribution; initial capital = 1,808,5000,20260803,1.0,0.5,Longest underwater run (episodes),P25,41.0,,,,not estimated for quantiles,False,False,supplementary retrospective risk diagnostic only,"Closed directional episodes overlap and share portfolio NAV. Resampling does not preserve simultaneous cross-market losses, sizing feedback, margin, volatility clustering, regime shifts, or unseen tail events. History is reused and results are not selection-adjusted or prospective. A permutation conditions on the exact realized set of outcomes; its terminal contribution is fixed and it measures ordering only."
1990-2004 development history,1990-03-01,2004-12-01,808,55,12,random permutation without replacement,False,additive net return contribution; initial capital = 1,808,5000,20260803,1.0,0.5,Longest underwater run (episodes),Median,50.0,,,,not estimated for quantiles,False,False,supplementary retrospective risk diagnostic only,"Closed directional episodes overlap and share portfolio NAV. Resampling does not preserve simultaneous cross-market losses, sizing feedback, margin, volatility clustering, regime shifts, or unseen tail events. History is reused and results are not selection-adjusted or prospective. A permutation conditions on the exact realized set of outcomes; its terminal contribution is fixed and it measures ordering only."
1990-2004 development history,1990-03-01,2004-12-01,808,55,12,random permutation without replacement,False,additive net return contribution; initial capital = 1,808,5000,20260803,1.0,0.5,Longest underwater run (episodes),P75,63.0,,,,not estimated for quantiles,False,False,supplementary retrospective risk diagnostic only,"Closed directional episodes overlap and share portfolio NAV. Resampling does not preserve simultaneous cross-market losses, sizing feedback, margin, volatility clustering, regime shifts, or unseen tail events. History is reused and results are not selection-adjusted or prospective. A permutation conditions on the exact realized set of outcomes; its terminal contribution is fixed and it measures ordering only."
1990-2004 development history,1990-03-01,2004-12-01,808,55,12,random permutation without replacement,False,additive net return contribution; initial capital = 1,808,5000,20260803,1.0,0.5,Longest underwater run (episodes),P95,90.0,,,,not estimated for quantiles,False,False,supplementary retrospective risk diagnostic only,"Closed directional episodes overlap and share portfolio NAV. Resampling does not preserve simultaneous cross-market losses, sizing feedback, margin, volatility clustering, regime shifts, or unseen tail events. History is reused and results are not selection-adjusted or prospective. A permutation conditions on the exact realized set of outcomes; its terminal contribution is fixed and it measures ordering only."
1990-2004 development history,1990-03-01,2004-12-01,808,55,12,random permutation without replacement,False,additive net return contribution; initial capital = 1,808,5000,20260803,1.0,0.5,Longest underwater run (episodes),P99,114.0,,,,not estimated for quantiles,False,False,supplementary retrospective risk diagnostic only,"Closed directional episodes overlap and share portfolio NAV. Resampling does not preserve simultaneous cross-market losses, sizing feedback, margin, volatility clustering, regime shifts, or unseen tail events. History is reused and results are not selection-adjusted or prospective. A permutation conditions on the exact realized set of outcomes; its terminal contribution is fixed and it measures ordering only."
1990-2004 development history,1990-03-01,2004-12-01,808,55,12,random permutation without replacement,False,additive net return contribution; initial capital = 1,808,5000,20260803,1.0,0.5,Capital-floor breach probability (risk-of-ruin proxy),Probability,0.0,0.0,0.0,0.0007677019450571244,95% Wilson score interval,False,False,supplementary retrospective risk diagnostic only,"Closed directional episodes overlap and share portfolio NAV. Resampling does not preserve simultaneous cross-market losses, sizing feedback, margin, volatility clustering, regime shifts, or unseen tail events. History is reused and results are not selection-adjusted or prospective. A permutation conditions on the exact realized set of outcomes; its terminal contribution is fixed and it measures ordering only."
1990-2004 development history,1990-03-01,2004-12-01,808,55,12,random permutation without replacement,False,additive net return contribution; initial capital = 1,808,5000,20260803,1.0,0.5,Maximum-drawdown breach probability (10% threshold),Probability,0.0004,0.00028278613827413816,0.00010970128207763504,0.0014573865014234437,95% Wilson score interval,False,False,supplementary retrospective risk diagnostic only,"Closed directional episodes overlap and share portfolio NAV. Resampling does not preserve simultaneous cross-market losses, sizing feedback, margin, volatility clustering, regime shifts, or unseen tail events. History is reused and results are not selection-adjusted or prospective. A permutation conditions on the exact realized set of outcomes; its terminal contribution is fixed and it measures ordering only."
1990-2004 development history,1990-03-01,2004-12-01,808,55,12,random permutation without replacement,False,additive net return contribution; initial capital = 1,808,5000,20260803,1.0,0.5,Maximum-drawdown breach probability (15% threshold),Probability,0.0,0.0,0.0,0.0007677019450571244,95% Wilson score interval,False,False,supplementary retrospective risk diagnostic only,"Closed directional episodes overlap and share portfolio NAV. Resampling does not preserve simultaneous cross-market losses, sizing feedback, margin, volatility clustering, regime shifts, or unseen tail events. History is reused and results are not selection-adjusted or prospective. A permutation conditions on the exact realized set of outcomes; its terminal contribution is fixed and it measures ordering only."
1990-2004 development history,1990-03-01,2004-12-01,808,55,12,random permutation without replacement,False,additive net return contribution; initial capital = 1,808,5000,20260803,1.0,0.5,Maximum-drawdown breach probability (20% threshold),Probability,0.0,0.0,0.0,0.0007677019450571244,95% Wilson score interval,False,False,supplementary retrospective risk diagnostic only,"Closed directional episodes overlap and share portfolio NAV. Resampling does not preserve simultaneous cross-market losses, sizing feedback, margin, volatility clustering, regime shifts, or unseen tail events. History is reused and results are not selection-adjusted or prospective. A permutation conditions on the exact realized set of outcomes; its terminal contribution is fixed and it measures ordering only."
1990-2004 development history,1990-03-01,2004-12-01,808,55,12,random permutation without replacement,False,additive net return contribution; initial capital = 1,808,5000,20260803,1.0,0.5,Maximum-drawdown breach probability (30% threshold),Probability,0.0,0.0,0.0,0.0007677019450571244,95% Wilson score interval,False,False,supplementary retrospective risk diagnostic only,"Closed directional episodes overlap and share portfolio NAV. Resampling does not preserve simultaneous cross-market losses, sizing feedback, margin, volatility clustering, regime shifts, or unseen tail events. History is reused and results are not selection-adjusted or prospective. A permutation conditions on the exact realized set of outcomes; its terminal contribution is fixed and it measures ordering only."
1990-2004 development history,1990-03-01,2004-12-01,808,55,12,random permutation without replacement,False,additive net return contribution; initial capital = 1,808,5000,20260803,1.0,0.5,Maximum-drawdown breach probability (40% threshold),Probability,0.0,0.0,0.0,0.0007677019450571244,95% Wilson score interval,False,False,supplementary retrospective risk diagnostic only,"Closed directional episodes overlap and share portfolio NAV. Resampling does not preserve simultaneous cross-market losses, sizing feedback, margin, volatility clustering, regime shifts, or unseen tail events. History is reused and results are not selection-adjusted or prospective. A permutation conditions on the exact realized set of outcomes; its terminal contribution is fixed and it measures ordering only."
1990-2004 development history,1990-03-01,2004-12-01,808,55,12,random permutation without replacement,False,additive net return contribution; initial capital = 1,808,5000,20260803,1.0,0.5,Mean maximum drawdown in worst 5% of paths,Expected shortfall,-0.06683328440321662,0.0005619606222154877,,,tail mean; no interval estimated,False,False,supplementary retrospective risk diagnostic only,"Closed directional episodes overlap and share portfolio NAV. Resampling does not preserve simultaneous cross-market losses, sizing feedback, margin, volatility clustering, regime shifts, or unseen tail events. History is reused and results are not selection-adjusted or prospective. A permutation conditions on the exact realized set of outcomes; its terminal contribution is fixed and it measures ordering only."
1990-2004 development history,1990-03-01,2004-12-01,808,55,12,iid episode bootstrap with replacement,True,additive net return contribution; initial capital = 1,808,5000,20260803,1.0,0.5,Terminal contribution return,P01,1.2448650758088005,,,,not estimated for quantiles,False,False,supplementary retrospective risk diagnostic only,"Closed directional episodes overlap and share portfolio NAV. Resampling does not preserve simultaneous cross-market losses, sizing feedback, margin, volatility clustering, regime shifts, or unseen tail events. History is reused and results are not selection-adjusted or prospective. The iid bootstrap additionally assumes episodes are exchangeable, which can materially understate clustered or regime-dependent risk."
1990-2004 development history,1990-03-01,2004-12-01,808,55,12,iid episode bootstrap with replacement,True,additive net return contribution; initial capital = 1,808,5000,20260803,1.0,0.5,Terminal contribution return,P05,1.4179956603618749,,,,not estimated for quantiles,False,False,supplementary retrospective risk diagnostic only,"Closed directional episodes overlap and share portfolio NAV. Resampling does not preserve simultaneous cross-market losses, sizing feedback, margin, volatility clustering, regime shifts, or unseen tail events. History is reused and results are not selection-adjusted or prospective. The iid bootstrap additionally assumes episodes are exchangeable, which can materially understate clustered or regime-dependent risk."
1990-2004 development history,1990-03-01,2004-12-01,808,55,12,iid episode bootstrap with replacement,True,additive net return contribution; initial capital = 1,808,5000,20260803,1.0,0.5,Terminal contribution return,P25,1.6648030770394935,,,,not estimated for quantiles,False,False,supplementary retrospective risk diagnostic only,"Closed directional episodes overlap and share portfolio NAV. Resampling does not preserve simultaneous cross-market losses, sizing feedback, margin, volatility clustering, regime shifts, or unseen tail events. History is reused and results are not selection-adjusted or prospective. The iid bootstrap additionally assumes episodes are exchangeable, which can materially understate clustered or regime-dependent risk."
1990-2004 development history,1990-03-01,2004-12-01,808,55,12,iid episode bootstrap with replacement,True,additive net return contribution; initial capital = 1,808,5000,20260803,1.0,0.5,Terminal contribution return,Median,1.840515909295085,,,,not estimated for quantiles,False,False,supplementary retrospective risk diagnostic only,"Closed directional episodes overlap and share portfolio NAV. Resampling does not preserve simultaneous cross-market losses, sizing feedback, margin, volatility clustering, regime shifts, or unseen tail events. History is reused and results are not selection-adjusted or prospective. The iid bootstrap additionally assumes episodes are exchangeable, which can materially understate clustered or regime-dependent risk."
1990-2004 development history,1990-03-01,2004-12-01,808,55,12,iid episode bootstrap with replacement,True,additive net return contribution; initial capital = 1,808,5000,20260803,1.0,0.5,Terminal contribution return,P75,2.019235043375224,,,,not estimated for quantiles,False,False,supplementary retrospective risk diagnostic only,"Closed directional episodes overlap and share portfolio NAV. Resampling does not preserve simultaneous cross-market losses, sizing feedback, margin, volatility clustering, regime shifts, or unseen tail events. History is reused and results are not selection-adjusted or prospective. The iid bootstrap additionally assumes episodes are exchangeable, which can materially understate clustered or regime-dependent risk."
1990-2004 development history,1990-03-01,2004-12-01,808,55,12,iid episode bootstrap with replacement,True,additive net return contribution; initial capital = 1,808,5000,20260803,1.0,0.5,Terminal contribution return,P95,2.2716598839481947,,,,not estimated for quantiles,False,False,supplementary retrospective risk diagnostic only,"Closed directional episodes overlap and share portfolio NAV. Resampling does not preserve simultaneous cross-market losses, sizing feedback, margin, volatility clustering, regime shifts, or unseen tail events. History is reused and results are not selection-adjusted or prospective. The iid bootstrap additionally assumes episodes are exchangeable, which can materially understate clustered or regime-dependent risk."
1990-2004 development history,1990-03-01,2004-12-01,808,55,12,iid episode bootstrap with replacement,True,additive net return contribution; initial capital = 1,808,5000,20260803,1.0,0.5,Terminal contribution return,P99,2.473548482167932,,,,not estimated for quantiles,False,False,supplementary retrospective risk diagnostic only,"Closed directional episodes overlap and share portfolio NAV. Resampling does not preserve simultaneous cross-market losses, sizing feedback, margin, volatility clustering, regime shifts, or unseen tail events. History is reused and results are not selection-adjusted or prospective. The iid bootstrap additionally assumes episodes are exchangeable, which can materially understate clustered or regime-dependent risk."
1990-2004 development history,1990-03-01,2004-12-01,808,55,12,iid episode bootstrap with replacement,True,additive net return contribution; initial capital = 1,808,5000,20260803,1.0,0.5,Maximum drawdown,P01,-0.07796998234161397,,,,not estimated for quantiles,False,False,supplementary retrospective risk diagnostic only,"Closed directional episodes overlap and share portfolio NAV. Resampling does not preserve simultaneous cross-market losses, sizing feedback, margin, volatility clustering, regime shifts, or unseen tail events. History is reused and results are not selection-adjusted or prospective. The iid bootstrap additionally assumes episodes are exchangeable, which can materially understate clustered or regime-dependent risk."
1990-2004 development history,1990-03-01,2004-12-01,808,55,12,iid episode bootstrap with replacement,True,additive net return contribution; initial capital = 1,808,5000,20260803,1.0,0.5,Maximum drawdown,P05,-0.06129541548196555,,,,not estimated for quantiles,False,False,supplementary retrospective risk diagnostic only,"Closed directional episodes overlap and share portfolio NAV. Resampling does not preserve simultaneous cross-market losses, sizing feedback, margin, volatility clustering, regime shifts, or unseen tail events. History is reused and results are not selection-adjusted or prospective. The iid bootstrap additionally assumes episodes are exchangeable, which can materially understate clustered or regime-dependent risk."
1990-2004 development history,1990-03-01,2004-12-01,808,55,12,iid episode bootstrap with replacement,True,additive net return contribution; initial capital = 1,808,5000,20260803,1.0,0.5,Maximum drawdown,P25,-0.04368653923264634,,,,not estimated for quantiles,False,False,supplementary retrospective risk diagnostic only,"Closed directional episodes overlap and share portfolio NAV. Resampling does not preserve simultaneous cross-market losses, sizing feedback, margin, volatility clustering, regime shifts, or unseen tail events. History is reused and results are not selection-adjusted or prospective. The iid bootstrap additionally assumes episodes are exchangeable, which can materially understate clustered or regime-dependent risk."
1990-2004 development history,1990-03-01,2004-12-01,808,55,12,iid episode bootstrap with replacement,True,additive net return contribution; initial capital = 1,808,5000,20260803,1.0,0.5,Maximum drawdown,Median,-0.0353543982956841,,,,not estimated for quantiles,False,False,supplementary retrospective risk diagnostic only,"Closed directional episodes overlap and share portfolio NAV. Resampling does not preserve simultaneous cross-market losses, sizing feedback, margin, volatility clustering, regime shifts, or unseen tail events. History is reused and results are not selection-adjusted or prospective. The iid bootstrap additionally assumes episodes are exchangeable, which can materially understate clustered or regime-dependent risk."
1990-2004 development history,1990-03-01,2004-12-01,808,55,12,iid episode bootstrap with replacement,True,additive net return contribution; initial capital = 1,808,5000,20260803,1.0,0.5,Maximum drawdown,P75,-0.029067207894297065,,,,not estimated for quantiles,False,False,supplementary retrospective risk diagnostic only,"Closed directional episodes overlap and share portfolio NAV. Resampling does not preserve simultaneous cross-market losses, sizing feedback, margin, volatility clustering, regime shifts, or unseen tail events. History is reused and results are not selection-adjusted or prospective. The iid bootstrap additionally assumes episodes are exchangeable, which can materially understate clustered or regime-dependent risk."
1990-2004 development history,1990-03-01,2004-12-01,808,55,12,iid episode bootstrap with replacement,True,additive net return contribution; initial capital = 1,808,5000,20260803,1.0,0.5,Maximum drawdown,P95,-0.02256912062389177,,,,not estimated for quantiles,False,False,supplementary retrospective risk diagnostic only,"Closed directional episodes overlap and share portfolio NAV. Resampling does not preserve simultaneous cross-market losses, sizing feedback, margin, volatility clustering, regime shifts, or unseen tail events. History is reused and results are not selection-adjusted or prospective. The iid bootstrap additionally assumes episodes are exchangeable, which can materially understate clustered or regime-dependent risk."
1990-2004 development history,1990-03-01,2004-12-01,808,55,12,iid episode bootstrap with replacement,True,additive net return contribution; initial capital = 1,808,5000,20260803,1.0,0.5,Maximum drawdown,P99,-0.019339371141201083,,,,not estimated for quantiles,False,False,supplementary retrospective risk diagnostic only,"Closed directional episodes overlap and share portfolio NAV. Resampling does not preserve simultaneous cross-market losses, sizing feedback, margin, volatility clustering, regime shifts, or unseen tail events. History is reused and results are not selection-adjusted or prospective. The iid bootstrap additionally assumes episodes are exchangeable, which can materially understate clustered or regime-dependent risk."
1990-2004 development history,1990-03-01,2004-12-01,808,55,12,iid episode bootstrap with replacement,True,additive net return contribution; initial capital = 1,808,5000,20260803,1.0,0.5,Minimum capital fraction,P01,0.9442266209829269,,,,not estimated for quantiles,False,False,supplementary retrospective risk diagnostic only,"Closed directional episodes overlap and share portfolio NAV. Resampling does not preserve simultaneous cross-market losses, sizing feedback, margin, volatility clustering, regime shifts, or unseen tail events. History is reused and results are not selection-adjusted or prospective. The iid bootstrap additionally assumes episodes are exchangeable, which can materially understate clustered or regime-dependent risk."
1990-2004 development history,1990-03-01,2004-12-01,808,55,12,iid episode bootstrap with replacement,True,additive net return contribution; initial capital = 1,808,5000,20260803,1.0,0.5,Minimum capital fraction,P05,0.9658786364610447,,,,not estimated for quantiles,False,False,supplementary retrospective risk diagnostic only,"Closed directional episodes overlap and share portfolio NAV. Resampling does not preserve simultaneous cross-market losses, sizing feedback, margin, volatility clustering, regime shifts, or unseen tail events. History is reused and results are not selection-adjusted or prospective. The iid bootstrap additionally assumes episodes are exchangeable, which can materially understate clustered or regime-dependent risk."
1990-2004 development history,1990-03-01,2004-12-01,808,55,12,iid episode bootstrap with replacement,True,additive net return contribution; initial capital = 1,808,5000,20260803,1.0,0.5,Minimum capital fraction,P25,0.9862416437076474,,,,not estimated for quantiles,False,False,supplementary retrospective risk diagnostic only,"Closed directional episodes overlap and share portfolio NAV. Resampling does not preserve simultaneous cross-market losses, sizing feedback, margin, volatility clustering, regime shifts, or unseen tail events. History is reused and results are not selection-adjusted or prospective. The iid bootstrap additionally assumes episodes are exchangeable, which can materially understate clustered or regime-dependent risk."
1990-2004 development history,1990-03-01,2004-12-01,808,55,12,iid episode bootstrap with replacement,True,additive net return contribution; initial capital = 1,808,5000,20260803,1.0,0.5,Minimum capital fraction,Median,0.9951148416659263,,,,not estimated for quantiles,False,False,supplementary retrospective risk diagnostic only,"Closed directional episodes overlap and share portfolio NAV. Resampling does not preserve simultaneous cross-market losses, sizing feedback, margin, volatility clustering, regime shifts, or unseen tail events. History is reused and results are not selection-adjusted or prospective. The iid bootstrap additionally assumes episodes are exchangeable, which can materially understate clustered or regime-dependent risk."
1990-2004 development history,1990-03-01,2004-12-01,808,55,12,iid episode bootstrap with replacement,True,additive net return contribution; initial capital = 1,808,5000,20260803,1.0,0.5,Minimum capital fraction,P75,0.9997143173610475,,,,not estimated for quantiles,False,False,supplementary retrospective risk diagnostic only,"Closed directional episodes overlap and share portfolio NAV. Resampling does not preserve simultaneous cross-market losses, sizing feedback, margin, volatility clustering, regime shifts, or unseen tail events. History is reused and results are not selection-adjusted or prospective. The iid bootstrap additionally assumes episodes are exchangeable, which can materially understate clustered or regime-dependent risk."
1990-2004 development history,1990-03-01,2004-12-01,808,55,12,iid episode bootstrap with replacement,True,additive net return contribution; initial capital = 1,808,5000,20260803,1.0,0.5,Minimum capital fraction,P95,1.0146601047614605,,,,not estimated for quantiles,False,False,supplementary retrospective risk diagnostic only,"Closed directional episodes overlap and share portfolio NAV. Resampling does not preserve simultaneous cross-market losses, sizing feedback, margin, volatility clustering, regime shifts, or unseen tail events. History is reused and results are not selection-adjusted or prospective. The iid bootstrap additionally assumes episodes are exchangeable, which can materially understate clustered or regime-dependent risk."
1990-2004 development history,1990-03-01,2004-12-01,808,55,12,iid episode bootstrap with replacement,True,additive net return contribution; initial capital = 1,808,5000,20260803,1.0,0.5,Minimum capital fraction,P99,1.0311875502613161,,,,not estimated for quantiles,False,False,supplementary retrospective risk diagnostic only,"Closed directional episodes overlap and share portfolio NAV. Resampling does not preserve simultaneous cross-market losses, sizing feedback, margin, volatility clustering, regime shifts, or unseen tail events. History is reused and results are not selection-adjusted or prospective. The iid bootstrap additionally assumes episodes are exchangeable, which can materially understate clustered or regime-dependent risk."
1990-2004 development history,1990-03-01,2004-12-01,808,55,12,iid episode bootstrap with replacement,True,additive net return contribution; initial capital = 1,808,5000,20260803,1.0,0.5,Longest losing streak (episodes),P01,6.0,,,,not estimated for quantiles,False,False,supplementary retrospective risk diagnostic only,"Closed directional episodes overlap and share portfolio NAV. Resampling does not preserve simultaneous cross-market losses, sizing feedback, margin, volatility clustering, regime shifts, or unseen tail events. History is reused and results are not selection-adjusted or prospective. The iid bootstrap additionally assumes episodes are exchangeable, which can materially understate clustered or regime-dependent risk."
1990-2004 development history,1990-03-01,2004-12-01,808,55,12,iid episode bootstrap with replacement,True,additive net return contribution; initial capital = 1,808,5000,20260803,1.0,0.5,Longest losing streak (episodes),P05,7.0,,,,not estimated for quantiles,False,False,supplementary retrospective risk diagnostic only,"Closed directional episodes overlap and share portfolio NAV. Resampling does not preserve simultaneous cross-market losses, sizing feedback, margin, volatility clustering, regime shifts, or unseen tail events. History is reused and results are not selection-adjusted or prospective. The iid bootstrap additionally assumes episodes are exchangeable, which can materially understate clustered or regime-dependent risk."
1990-2004 development history,1990-03-01,2004-12-01,808,55,12,iid episode bootstrap with replacement,True,additive net return contribution; initial capital = 1,808,5000,20260803,1.0,0.5,Longest losing streak (episodes),P25,8.0,,,,not estimated for quantiles,False,False,supplementary retrospective risk diagnostic only,"Closed directional episodes overlap and share portfolio NAV. Resampling does not preserve simultaneous cross-market losses, sizing feedback, margin, volatility clustering, regime shifts, or unseen tail events. History is reused and results are not selection-adjusted or prospective. The iid bootstrap additionally assumes episodes are exchangeable, which can materially understate clustered or regime-dependent risk."
1990-2004 development history,1990-03-01,2004-12-01,808,55,12,iid episode bootstrap with replacement,True,additive net return contribution; initial capital = 1,808,5000,20260803,1.0,0.5,Longest losing streak (episodes),Median,9.0,,,,not estimated for quantiles,False,False,supplementary retrospective risk diagnostic only,"Closed directional episodes overlap and share portfolio NAV. Resampling does not preserve simultaneous cross-market losses, sizing feedback, margin, volatility clustering, regime shifts, or unseen tail events. History is reused and results are not selection-adjusted or prospective. The iid bootstrap additionally assumes episodes are exchangeable, which can materially understate clustered or regime-dependent risk."
1990-2004 development history,1990-03-01,2004-12-01,808,55,12,iid episode bootstrap with replacement,True,additive net return contribution; initial capital = 1,808,5000,20260803,1.0,0.5,Longest losing streak (episodes),P75,10.0,,,,not estimated for quantiles,False,False,supplementary retrospective risk diagnostic only,"Closed directional episodes overlap and share portfolio NAV. Resampling does not preserve simultaneous cross-market losses, sizing feedback, margin, volatility clustering, regime shifts, or unseen tail events. History is reused and results are not selection-adjusted or prospective. The iid bootstrap additionally assumes episodes are exchangeable, which can materially understate clustered or regime-dependent risk."
1990-2004 development history,1990-03-01,2004-12-01,808,55,12,iid episode bootstrap with replacement,True,additive net return contribution; initial capital = 1,808,5000,20260803,1.0,0.5,Longest losing streak (episodes),P95,13.0,,,,not estimated for quantiles,False,False,supplementary retrospective risk diagnostic only,"Closed directional episodes overlap and share portfolio NAV. Resampling does not preserve simultaneous cross-market losses, sizing feedback, margin, volatility clustering, regime shifts, or unseen tail events. History is reused and results are not selection-adjusted or prospective. The iid bootstrap additionally assumes episodes are exchangeable, which can materially understate clustered or regime-dependent risk."
1990-2004 development history,1990-03-01,2004-12-01,808,55,12,iid episode bootstrap with replacement,True,additive net return contribution; initial capital = 1,808,5000,20260803,1.0,0.5,Longest losing streak (episodes),P99,15.0,,,,not estimated for quantiles,False,False,supplementary retrospective risk diagnostic only,"Closed directional episodes overlap and share portfolio NAV. Resampling does not preserve simultaneous cross-market losses, sizing feedback, margin, volatility clustering, regime shifts, or unseen tail events. History is reused and results are not selection-adjusted or prospective. The iid bootstrap additionally assumes episodes are exchangeable, which can materially understate clustered or regime-dependent risk."
1990-2004 development history,1990-03-01,2004-12-01,808,55,12,iid episode bootstrap with replacement,True,additive net return contribution; initial capital = 1,808,5000,20260803,1.0,0.5,Longest underwater run (episodes),P01,25.0,,,,not estimated for quantiles,False,False,supplementary retrospective risk diagnostic only,"Closed directional episodes overlap and share portfolio NAV. Resampling does not preserve simultaneous cross-market losses, sizing feedback, margin, volatility clustering, regime shifts, or unseen tail events. History is reused and results are not selection-adjusted or prospective. The iid bootstrap additionally assumes episodes are exchangeable, which can materially understate clustered or regime-dependent risk."
1990-2004 development history,1990-03-01,2004-12-01,808,55,12,iid episode bootstrap with replacement,True,additive net return contribution; initial capital = 1,808,5000,20260803,1.0,0.5,Longest underwater run (episodes),P05,30.0,,,,not estimated for quantiles,False,False,supplementary retrospective risk diagnostic only,"Closed directional episodes overlap and share portfolio NAV. Resampling does not preserve simultaneous cross-market losses, sizing feedback, margin, volatility clustering, regime shifts, or unseen tail events. History is reused and results are not selection-adjusted or prospective. The iid bootstrap additionally assumes episodes are exchangeable, which can materially understate clustered or regime-dependent risk."
1990-2004 development history,1990-03-01,2004-12-01,808,55,12,iid episode bootstrap with replacement,True,additive net return contribution; initial capital = 1,808,5000,20260803,1.0,0.5,Longest underwater run (episodes),P25,40.0,,,,not estimated for quantiles,False,False,supplementary retrospective risk diagnostic only,"Closed directional episodes overlap and share portfolio NAV. Resampling does not preserve simultaneous cross-market losses, sizing feedback, margin, volatility clustering, regime shifts, or unseen tail events. History is reused and results are not selection-adjusted or prospective. The iid bootstrap additionally assumes episodes are exchangeable, which can materially understate clustered or regime-dependent risk."
1990-2004 development history,1990-03-01,2004-12-01,808,55,12,iid episode bootstrap with replacement,True,additive net return contribution; initial capital = 1,808,5000,20260803,1.0,0.5,Longest underwater run (episodes),Median,50.0,,,,not estimated for quantiles,False,False,supplementary retrospective risk diagnostic only,"Closed directional episodes overlap and share portfolio NAV. Resampling does not preserve simultaneous cross-market losses, sizing feedback, margin, volatility clustering, regime shifts, or unseen tail events. History is reused and results are not selection-adjusted or prospective. The iid bootstrap additionally assumes episodes are exchangeable, which can materially understate clustered or regime-dependent risk."
1990-2004 development history,1990-03-01,2004-12-01,808,55,12,iid episode bootstrap with replacement,True,additive net return contribution; initial capital = 1,808,5000,20260803,1.0,0.5,Longest underwater run (episodes),P75,65.0,,,,not estimated for quantiles,False,False,supplementary retrospective risk diagnostic only,"Closed directional episodes overlap and share portfolio NAV. Resampling does not preserve simultaneous cross-market losses, sizing feedback, margin, volatility clustering, regime shifts, or unseen tail events. History is reused and results are not selection-adjusted or prospective. The iid bootstrap additionally assumes episodes are exchangeable, which can materially understate clustered or regime-dependent risk."
1990-2004 development history,1990-03-01,2004-12-01,808,55,12,iid episode bootstrap with replacement,True,additive net return contribution; initial capital = 1,808,5000,20260803,1.0,0.5,Longest underwater run (episodes),P95,96.0,,,,not estimated for quantiles,False,False,supplementary retrospective risk diagnostic only,"Closed directional episodes overlap and share portfolio NAV. Resampling does not preserve simultaneous cross-market losses, sizing feedback, margin, volatility clustering, regime shifts, or unseen tail events. History is reused and results are not selection-adjusted or prospective. The iid bootstrap additionally assumes episodes are exchangeable, which can materially understate clustered or regime-dependent risk."
1990-2004 development history,1990-03-01,2004-12-01,808,55,12,iid episode bootstrap with replacement,True,additive net return contribution; initial capital = 1,808,5000,20260803,1.0,0.5,Longest underwater run (episodes),P99,128.02000000000044,,,,not estimated for quantiles,False,False,supplementary retrospective risk diagnostic only,"Closed directional episodes overlap and share portfolio NAV. Resampling does not preserve simultaneous cross-market losses, sizing feedback, margin, volatility clustering, regime shifts, or unseen tail events. History is reused and results are not selection-adjusted or prospective. The iid bootstrap additionally assumes episodes are exchangeable, which can materially understate clustered or regime-dependent risk."
1990-2004 development history,1990-03-01,2004-12-01,808,55,12,iid episode bootstrap with replacement,True,additive net return contribution; initial capital = 1,808,5000,20260803,1.0,0.5,Capital-floor breach probability (risk-of-ruin proxy),Probability,0.0,0.0,0.0,0.0007677019450571244,95% Wilson score interval,False,False,supplementary retrospective risk diagnostic only,"Closed directional episodes overlap and share portfolio NAV. Resampling does not preserve simultaneous cross-market losses, sizing feedback, margin, volatility clustering, regime shifts, or unseen tail events. History is reused and results are not selection-adjusted or prospective. The iid bootstrap additionally assumes episodes are exchangeable, which can materially understate clustered or regime-dependent risk."
1990-2004 development history,1990-03-01,2004-12-01,808,55,12,iid episode bootstrap with replacement,True,additive net return contribution; initial capital = 1,808,5000,20260803,1.0,0.5,Maximum-drawdown breach probability (10% threshold),Probability,0.0012,0.0004896039215529222,0.0005500831677591556,0.002615776292629832,95% Wilson score interval,False,False,supplementary retrospective risk diagnostic only,"Closed directional episodes overlap and share portfolio NAV. Resampling does not preserve simultaneous cross-market losses, sizing feedback, margin, volatility clustering, regime shifts, or unseen tail events. History is reused and results are not selection-adjusted or prospective. The iid bootstrap additionally assumes episodes are exchangeable, which can materially understate clustered or regime-dependent risk."
1990-2004 development history,1990-03-01,2004-12-01,808,55,12,iid episode bootstrap with replacement,True,additive net return contribution; initial capital = 1,808,5000,20260803,1.0,0.5,Maximum-drawdown breach probability (15% threshold),Probability,0.0,0.0,0.0,0.0007677019450571244,95% Wilson score interval,False,False,supplementary retrospective risk diagnostic only,"Closed directional episodes overlap and share portfolio NAV. Resampling does not preserve simultaneous cross-market losses, sizing feedback, margin, volatility clustering, regime shifts, or unseen tail events. History is reused and results are not selection-adjusted or prospective. The iid bootstrap additionally assumes episodes are exchangeable, which can materially understate clustered or regime-dependent risk."
1990-2004 development history,1990-03-01,2004-12-01,808,55,12,iid episode bootstrap with replacement,True,additive net return contribution; initial capital = 1,808,5000,20260803,1.0,0.5,Maximum-drawdown breach probability (20% threshold),Probability,0.0,0.0,0.0,0.0007677019450571244,95% Wilson score interval,False,False,supplementary retrospective risk diagnostic only,"Closed directional episodes overlap and share portfolio NAV. Resampling does not preserve simultaneous cross-market losses, sizing feedback, margin, volatility clustering, regime shifts, or unseen tail events. History is reused and results are not selection-adjusted or prospective. The iid bootstrap additionally assumes episodes are exchangeable, which can materially understate clustered or regime-dependent risk."
1990-2004 development history,1990-03-01,2004-12-01,808,55,12,iid episode bootstrap with replacement,True,additive net return contribution; initial capital = 1,808,5000,20260803,1.0,0.5,Maximum-drawdown breach probability (30% threshold),Probability,0.0,0.0,0.0,0.0007677019450571244,95% Wilson score interval,False,False,supplementary retrospective risk diagnostic only,"Closed directional episodes overlap and share portfolio NAV. Resampling does not preserve simultaneous cross-market losses, sizing feedback, margin, volatility clustering, regime shifts, or unseen tail events. History is reused and results are not selection-adjusted or prospective. The iid bootstrap additionally assumes episodes are exchangeable, which can materially understate clustered or regime-dependent risk."
1990-2004 development history,1990-03-01,2004-12-01,808,55,12,iid episode bootstrap with replacement,True,additive net return contribution; initial capital = 1,808,5000,20260803,1.0,0.5,Maximum-drawdown breach probability (40% threshold),Probability,0.0,0.0,0.0,0.0007677019450571244,95% Wilson score interval,False,False,supplementary retrospective risk diagnostic only,"Closed directional episodes overlap and share portfolio NAV. Resampling does not preserve simultaneous cross-market losses, sizing feedback, margin, volatility clustering, regime shifts, or unseen tail events. History is reused and results are not selection-adjusted or prospective. The iid bootstrap additionally assumes episodes are exchangeable, which can materially understate clustered or regime-dependent risk."
1990-2004 development history,1990-03-01,2004-12-01,808,55,12,iid episode bootstrap with replacement,True,additive net return contribution; initial capital = 1,808,5000,20260803,1.0,0.5,Mean maximum drawdown in worst 5% of paths,Expected shortfall,-0.0717672012580143,0.0006639903650187853,,,tail mean; no interval estimated,False,False,supplementary retrospective risk diagnostic only,"Closed directional episodes overlap and share portfolio NAV. Resampling does not preserve simultaneous cross-market losses, sizing feedback, margin, volatility clustering, regime shifts, or unseen tail events. History is reused and results are not selection-adjusted or prospective. The iid bootstrap additionally assumes episodes are exchangeable, which can materially understate clustered or regime-dependent risk."
2005-2014 reused later diagnostic,2005-01-03,2014-12-01,870,67,21,random permutation without replacement,False,additive net return contribution; initial capital = 1,870,5000,20260803,1.0,0.5,Terminal contribution return,P01,0.9016756300827873,,,,not estimated for quantiles,False,False,supplementary retrospective risk diagnostic only,"Closed directional episodes overlap and share portfolio NAV. Resampling does not preserve simultaneous cross-market losses, sizing feedback, margin, volatility clustering, regime shifts, or unseen tail events. History is reused and results are not selection-adjusted or prospective. A permutation conditions on the exact realized set of outcomes; its terminal contribution is fixed and it measures ordering only."
2005-2014 reused later diagnostic,2005-01-03,2014-12-01,870,67,21,random permutation without replacement,False,additive net return contribution; initial capital = 1,870,5000,20260803,1.0,0.5,Terminal contribution return,P05,0.9016756300827875,,,,not estimated for quantiles,False,False,supplementary retrospective risk diagnostic only,"Closed directional episodes overlap and share portfolio NAV. Resampling does not preserve simultaneous cross-market losses, sizing feedback, margin, volatility clustering, regime shifts, or unseen tail events. History is reused and results are not selection-adjusted or prospective. A permutation conditions on the exact realized set of outcomes; its terminal contribution is fixed and it measures ordering only."
2005-2014 reused later diagnostic,2005-01-03,2014-12-01,870,67,21,random permutation without replacement,False,additive net return contribution; initial capital = 1,870,5000,20260803,1.0,0.5,Terminal contribution return,P25,0.9016756300827882,,,,not estimated for quantiles,False,False,supplementary retrospective risk diagnostic only,"Closed directional episodes overlap and share portfolio NAV. Resampling does not preserve simultaneous cross-market losses, sizing feedback, margin, volatility clustering, regime shifts, or unseen tail events. History is reused and results are not selection-adjusted or prospective. A permutation conditions on the exact realized set of outcomes; its terminal contribution is fixed and it measures ordering only."
2005-2014 reused later diagnostic,2005-01-03,2014-12-01,870,67,21,random permutation without replacement,False,additive net return contribution; initial capital = 1,870,5000,20260803,1.0,0.5,Terminal contribution return,Median,0.9016756300827886,,,,not estimated for quantiles,False,False,supplementary retrospective risk diagnostic only,"Closed directional episodes overlap and share portfolio NAV. Resampling does not preserve simultaneous cross-market losses, sizing feedback, margin, volatility clustering, regime shifts, or unseen tail events. History is reused and results are not selection-adjusted or prospective. A permutation conditions on the exact realized set of outcomes; its terminal contribution is fixed and it measures ordering only."
2005-2014 reused later diagnostic,2005-01-03,2014-12-01,870,67,21,random permutation without replacement,False,additive net return contribution; initial capital = 1,870,5000,20260803,1.0,0.5,Terminal contribution return,P75,0.9016756300827888,,,,not estimated for quantiles,False,False,supplementary retrospective risk diagnostic only,"Closed directional episodes overlap and share portfolio NAV. Resampling does not preserve simultaneous cross-market losses, sizing feedback, margin, volatility clustering, regime shifts, or unseen tail events. History is reused and results are not selection-adjusted or prospective. A permutation conditions on the exact realized set of outcomes; its terminal contribution is fixed and it measures ordering only."
2005-2014 reused later diagnostic,2005-01-03,2014-12-01,870,67,21,random permutation without replacement,False,additive net return contribution; initial capital = 1,870,5000,20260803,1.0,0.5,Terminal contribution return,P95,0.9016756300827895,,,,not estimated for quantiles,False,False,supplementary retrospective risk diagnostic only,"Closed directional episodes overlap and share portfolio NAV. Resampling does not preserve simultaneous cross-market losses, sizing feedback, margin, volatility clustering, regime shifts, or unseen tail events. History is reused and results are not selection-adjusted or prospective. A permutation conditions on the exact realized set of outcomes; its terminal contribution is fixed and it measures ordering only."
2005-2014 reused later diagnostic,2005-01-03,2014-12-01,870,67,21,random permutation without replacement,False,additive net return contribution; initial capital = 1,870,5000,20260803,1.0,0.5,Terminal contribution return,P99,0.9016756300827897,,,,not estimated for quantiles,False,False,supplementary retrospective risk diagnostic only,"Closed directional episodes overlap and share portfolio NAV. Resampling does not preserve simultaneous cross-market losses, sizing feedback, margin, volatility clustering, regime shifts, or unseen tail events. History is reused and results are not selection-adjusted or prospective. A permutation conditions on the exact realized set of outcomes; its terminal contribution is fixed and it measures ordering only."
2005-2014 reused later diagnostic,2005-01-03,2014-12-01,870,67,21,random permutation without replacement,False,additive net return contribution; initial capital = 1,870,5000,20260803,1.0,0.5,Maximum drawdown,P01,-0.06472931171684215,,,,not estimated for quantiles,False,False,supplementary retrospective risk diagnostic only,"Closed directional episodes overlap and share portfolio NAV. Resampling does not preserve simultaneous cross-market losses, sizing feedback, margin, volatility clustering, regime shifts, or unseen tail events. History is reused and results are not selection-adjusted or prospective. A permutation conditions on the exact realized set of outcomes; its terminal contribution is fixed and it measures ordering only."
2005-2014 reused later diagnostic,2005-01-03,2014-12-01,870,67,21,random permutation without replacement,False,additive net return contribution; initial capital = 1,870,5000,20260803,1.0,0.5,Maximum drawdown,P05,-0.052810068363398945,,,,not estimated for quantiles,False,False,supplementary retrospective risk diagnostic only,"Closed directional episodes overlap and share portfolio NAV. Resampling does not preserve simultaneous cross-market losses, sizing feedback, margin, volatility clustering, regime shifts, or unseen tail events. History is reused and results are not selection-adjusted or prospective. A permutation conditions on the exact realized set of outcomes; its terminal contribution is fixed and it measures ordering only."
2005-2014 reused later diagnostic,2005-01-03,2014-12-01,870,67,21,random permutation without replacement,False,additive net return contribution; initial capital = 1,870,5000,20260803,1.0,0.5,Maximum drawdown,P25,-0.039364538580164726,,,,not estimated for quantiles,False,False,supplementary retrospective risk diagnostic only,"Closed directional episodes overlap and share portfolio NAV. Resampling does not preserve simultaneous cross-market losses, sizing feedback, margin, volatility clustering, regime shifts, or unseen tail events. History is reused and results are not selection-adjusted or prospective. A permutation conditions on the exact realized set of outcomes; its terminal contribution is fixed and it measures ordering only."
2005-2014 reused later diagnostic,2005-01-03,2014-12-01,870,67,21,random permutation without replacement,False,additive net return contribution; initial capital = 1,870,5000,20260803,1.0,0.5,Maximum drawdown,Median,-0.03291438244442052,,,,not estimated for quantiles,False,False,supplementary retrospective risk diagnostic only,"Closed directional episodes overlap and share portfolio NAV. Resampling does not preserve simultaneous cross-market losses, sizing feedback, margin, volatility clustering, regime shifts, or unseen tail events. History is reused and results are not selection-adjusted or prospective. A permutation conditions on the exact realized set of outcomes; its terminal contribution is fixed and it measures ordering only."
2005-2014 reused later diagnostic,2005-01-03,2014-12-01,870,67,21,random permutation without replacement,False,additive net return contribution; initial capital = 1,870,5000,20260803,1.0,0.5,Maximum drawdown,P75,-0.02817005432705688,,,,not estimated for quantiles,False,False,supplementary retrospective risk diagnostic only,"Closed directional episodes overlap and share portfolio NAV. Resampling does not preserve simultaneous cross-market losses, sizing feedback, margin, volatility clustering, regime shifts, or unseen tail events. History is reused and results are not selection-adjusted or prospective. A permutation conditions on the exact realized set of outcomes; its terminal contribution is fixed and it measures ordering only."
2005-2014 reused later diagnostic,2005-01-03,2014-12-01,870,67,21,random permutation without replacement,False,additive net return contribution; initial capital = 1,870,5000,20260803,1.0,0.5,Maximum drawdown,P95,-0.022902851207789066,,,,not estimated for quantiles,False,False,supplementary retrospective risk diagnostic only,"Closed directional episodes overlap and share portfolio NAV. Resampling does not preserve simultaneous cross-market losses, sizing feedback, margin, volatility clustering, regime shifts, or unseen tail events. History is reused and results are not selection-adjusted or prospective. A permutation conditions on the exact realized set of outcomes; its terminal contribution is fixed and it measures ordering only."
2005-2014 reused later diagnostic,2005-01-03,2014-12-01,870,67,21,random permutation without replacement,False,additive net return contribution; initial capital = 1,870,5000,20260803,1.0,0.5,Maximum drawdown,P99,-0.019984001622015215,,,,not estimated for quantiles,False,False,supplementary retrospective risk diagnostic only,"Closed directional episodes overlap and share portfolio NAV. Resampling does not preserve simultaneous cross-market losses, sizing feedback, margin, volatility clustering, regime shifts, or unseen tail events. History is reused and results are not selection-adjusted or prospective. A permutation conditions on the exact realized set of outcomes; its terminal contribution is fixed and it measures ordering only."
2005-2014 reused later diagnostic,2005-01-03,2014-12-01,870,67,21,random permutation without replacement,False,additive net return contribution; initial capital = 1,870,5000,20260803,1.0,0.5,Minimum capital fraction,P01,0.9558074144171361,,,,not estimated for quantiles,False,False,supplementary retrospective risk diagnostic only,"Closed directional episodes overlap and share portfolio NAV. Resampling does not preserve simultaneous cross-market losses, sizing feedback, margin, volatility clustering, regime shifts, or unseen tail events. History is reused and results are not selection-adjusted or prospective. A permutation conditions on the exact realized set of outcomes; its terminal contribution is fixed and it measures ordering only."
2005-2014 reused later diagnostic,2005-01-03,2014-12-01,870,67,21,random permutation without replacement,False,additive net return contribution; initial capital = 1,870,5000,20260803,1.0,0.5,Minimum capital fraction,P05,0.971622005162659,,,,not estimated for quantiles,False,False,supplementary retrospective risk diagnostic only,"Closed directional episodes overlap and share portfolio NAV. Resampling does not preserve simultaneous cross-market losses, sizing feedback, margin, volatility clustering, regime shifts, or unseen tail events. History is reused and results are not selection-adjusted or prospective. A permutation conditions on the exact realized set of outcomes; its terminal contribution is fixed and it measures ordering only."
2005-2014 reused later diagnostic,2005-01-03,2014-12-01,870,67,21,random permutation without replacement,False,additive net return contribution; initial capital = 1,870,5000,20260803,1.0,0.5,Minimum capital fraction,P25,0.9882762295180226,,,,not estimated for quantiles,False,False,supplementary retrospective risk diagnostic only,"Closed directional episodes overlap and share portfolio NAV. Resampling does not preserve simultaneous cross-market losses, sizing feedback, margin, volatility clustering, regime shifts, or unseen tail events. History is reused and results are not selection-adjusted or prospective. A permutation conditions on the exact realized set of outcomes; its terminal contribution is fixed and it measures ordering only."
2005-2014 reused later diagnostic,2005-01-03,2014-12-01,870,67,21,random permutation without replacement,False,additive net return contribution; initial capital = 1,870,5000,20260803,1.0,0.5,Minimum capital fraction,Median,0.9954467275429943,,,,not estimated for quantiles,False,False,supplementary retrospective risk diagnostic only,"Closed directional episodes overlap and share portfolio NAV. Resampling does not preserve simultaneous cross-market losses, sizing feedback, margin, volatility clustering, regime shifts, or unseen tail events. History is reused and results are not selection-adjusted or prospective. A permutation conditions on the exact realized set of outcomes; its terminal contribution is fixed and it measures ordering only."
2005-2014 reused later diagnostic,2005-01-03,2014-12-01,870,67,21,random permutation without replacement,False,additive net return contribution; initial capital = 1,870,5000,20260803,1.0,0.5,Minimum capital fraction,P75,0.9994012566940029,,,,not estimated for quantiles,False,False,supplementary retrospective risk diagnostic only,"Closed directional episodes overlap and share portfolio NAV. Resampling does not preserve simultaneous cross-market losses, sizing feedback, margin, volatility clustering, regime shifts, or unseen tail events. History is reused and results are not selection-adjusted or prospective. A permutation conditions on the exact realized set of outcomes; its terminal contribution is fixed and it measures ordering only."
2005-2014 reused later diagnostic,2005-01-03,2014-12-01,870,67,21,random permutation without replacement,False,additive net return contribution; initial capital = 1,870,5000,20260803,1.0,0.5,Minimum capital fraction,P95,1.0070540790404061,,,,not estimated for quantiles,False,False,supplementary retrospective risk diagnostic only,"Closed directional episodes overlap and share portfolio NAV. Resampling does not preserve simultaneous cross-market losses, sizing feedback, margin, volatility clustering, regime shifts, or unseen tail events. History is reused and results are not selection-adjusted or prospective. A permutation conditions on the exact realized set of outcomes; its terminal contribution is fixed and it measures ordering only."
2005-2014 reused later diagnostic,2005-01-03,2014-12-01,870,67,21,random permutation without replacement,False,additive net return contribution; initial capital = 1,870,5000,20260803,1.0,0.5,Minimum capital fraction,P99,1.0182190425799438,,,,not estimated for quantiles,False,False,supplementary retrospective risk diagnostic only,"Closed directional episodes overlap and share portfolio NAV. Resampling does not preserve simultaneous cross-market losses, sizing feedback, margin, volatility clustering, regime shifts, or unseen tail events. History is reused and results are not selection-adjusted or prospective. A permutation conditions on the exact realized set of outcomes; its terminal contribution is fixed and it measures ordering only."
2005-2014 reused later diagnostic,2005-01-03,2014-12-01,870,67,21,random permutation without replacement,False,additive net return contribution; initial capital = 1,870,5000,20260803,1.0,0.5,Longest losing streak (episodes),P01,6.0,,,,not estimated for quantiles,False,False,supplementary retrospective risk diagnostic only,"Closed directional episodes overlap and share portfolio NAV. Resampling does not preserve simultaneous cross-market losses, sizing feedback, margin, volatility clustering, regime shifts, or unseen tail events. History is reused and results are not selection-adjusted or prospective. A permutation conditions on the exact realized set of outcomes; its terminal contribution is fixed and it measures ordering only."
2005-2014 reused later diagnostic,2005-01-03,2014-12-01,870,67,21,random permutation without replacement,False,additive net return contribution; initial capital = 1,870,5000,20260803,1.0,0.5,Longest losing streak (episodes),P05,7.0,,,,not estimated for quantiles,False,False,supplementary retrospective risk diagnostic only,"Closed directional episodes overlap and share portfolio NAV. Resampling does not preserve simultaneous cross-market losses, sizing feedback, margin, volatility clustering, regime shifts, or unseen tail events. History is reused and results are not selection-adjusted or prospective. A permutation conditions on the exact realized set of outcomes; its terminal contribution is fixed and it measures ordering only."
2005-2014 reused later diagnostic,2005-01-03,2014-12-01,870,67,21,random permutation without replacement,False,additive net return contribution; initial capital = 1,870,5000,20260803,1.0,0.5,Longest losing streak (episodes),P25,8.0,,,,not estimated for quantiles,False,False,supplementary retrospective risk diagnostic only,"Closed directional episodes overlap and share portfolio NAV. Resampling does not preserve simultaneous cross-market losses, sizing feedback, margin, volatility clustering, regime shifts, or unseen tail events. History is reused and results are not selection-adjusted or prospective. A permutation conditions on the exact realized set of outcomes; its terminal contribution is fixed and it measures ordering only."
2005-2014 reused later diagnostic,2005-01-03,2014-12-01,870,67,21,random permutation without replacement,False,additive net return contribution; initial capital = 1,870,5000,20260803,1.0,0.5,Longest losing streak (episodes),Median,9.0,,,,not estimated for quantiles,False,False,supplementary retrospective risk diagnostic only,"Closed directional episodes overlap and share portfolio NAV. Resampling does not preserve simultaneous cross-market losses, sizing feedback, margin, volatility clustering, regime shifts, or unseen tail events. History is reused and results are not selection-adjusted or prospective. A permutation conditions on the exact realized set of outcomes; its terminal contribution is fixed and it measures ordering only."
2005-2014 reused later diagnostic,2005-01-03,2014-12-01,870,67,21,random permutation without replacement,False,additive net return contribution; initial capital = 1,870,5000,20260803,1.0,0.5,Longest losing streak (episodes),P75,10.0,,,,not estimated for quantiles,False,False,supplementary retrospective risk diagnostic only,"Closed directional episodes overlap and share portfolio NAV. Resampling does not preserve simultaneous cross-market losses, sizing feedback, margin, volatility clustering, regime shifts, or unseen tail events. History is reused and results are not selection-adjusted or prospective. A permutation conditions on the exact realized set of outcomes; its terminal contribution is fixed and it measures ordering only."
2005-2014 reused later diagnostic,2005-01-03,2014-12-01,870,67,21,random permutation without replacement,False,additive net return contribution; initial capital = 1,870,5000,20260803,1.0,0.5,Longest losing streak (episodes),P95,13.0,,,,not estimated for quantiles,False,False,supplementary retrospective risk diagnostic only,"Closed directional episodes overlap and share portfolio NAV. Resampling does not preserve simultaneous cross-market losses, sizing feedback, margin, volatility clustering, regime shifts, or unseen tail events. History is reused and results are not selection-adjusted or prospective. A permutation conditions on the exact realized set of outcomes; its terminal contribution is fixed and it measures ordering only."
2005-2014 reused later diagnostic,2005-01-03,2014-12-01,870,67,21,random permutation without replacement,False,additive net return contribution; initial capital = 1,870,5000,20260803,1.0,0.5,Longest losing streak (episodes),P99,16.0,,,,not estimated for quantiles,False,False,supplementary retrospective risk diagnostic only,"Closed directional episodes overlap and share portfolio NAV. Resampling does not preserve simultaneous cross-market losses, sizing feedback, margin, volatility clustering, regime shifts, or unseen tail events. History is reused and results are not selection-adjusted or prospective. A permutation conditions on the exact realized set of outcomes; its terminal contribution is fixed and it measures ordering only."
2005-2014 reused later diagnostic,2005-01-03,2014-12-01,870,67,21,random permutation without replacement,False,additive net return contribution; initial capital = 1,870,5000,20260803,1.0,0.5,Longest underwater run (episodes),P01,40.0,,,,not estimated for quantiles,False,False,supplementary retrospective risk diagnostic only,"Closed directional episodes overlap and share portfolio NAV. Resampling does not preserve simultaneous cross-market losses, sizing feedback, margin, volatility clustering, regime shifts, or unseen tail events. History is reused and results are not selection-adjusted or prospective. A permutation conditions on the exact realized set of outcomes; its terminal contribution is fixed and it measures ordering only."
2005-2014 reused later diagnostic,2005-01-03,2014-12-01,870,67,21,random permutation without replacement,False,additive net return contribution; initial capital = 1,870,5000,20260803,1.0,0.5,Longest underwater run (episodes),P05,47.0,,,,not estimated for quantiles,False,False,supplementary retrospective risk diagnostic only,"Closed directional episodes overlap and share portfolio NAV. Resampling does not preserve simultaneous cross-market losses, sizing feedback, margin, volatility clustering, regime shifts, or unseen tail events. History is reused and results are not selection-adjusted or prospective. A permutation conditions on the exact realized set of outcomes; its terminal contribution is fixed and it measures ordering only."
2005-2014 reused later diagnostic,2005-01-03,2014-12-01,870,67,21,random permutation without replacement,False,additive net return contribution; initial capital = 1,870,5000,20260803,1.0,0.5,Longest underwater run (episodes),P25,61.0,,,,not estimated for quantiles,False,False,supplementary retrospective risk diagnostic only,"Closed directional episodes overlap and share portfolio NAV. Resampling does not preserve simultaneous cross-market losses, sizing feedback, margin, volatility clustering, regime shifts, or unseen tail events. History is reused and results are not selection-adjusted or prospective. A permutation conditions on the exact realized set of outcomes; its terminal contribution is fixed and it measures ordering only."
2005-2014 reused later diagnostic,2005-01-03,2014-12-01,870,67,21,random permutation without replacement,False,additive net return contribution; initial capital = 1,870,5000,20260803,1.0,0.5,Longest underwater run (episodes),Median,76.0,,,,not estimated for quantiles,False,False,supplementary retrospective risk diagnostic only,"Closed directional episodes overlap and share portfolio NAV. Resampling does not preserve simultaneous cross-market losses, sizing feedback, margin, volatility clustering, regime shifts, or unseen tail events. History is reused and results are not selection-adjusted or prospective. A permutation conditions on the exact realized set of outcomes; its terminal contribution is fixed and it measures ordering only."
2005-2014 reused later diagnostic,2005-01-03,2014-12-01,870,67,21,random permutation without replacement,False,additive net return contribution; initial capital = 1,870,5000,20260803,1.0,0.5,Longest underwater run (episodes),P75,96.0,,,,not estimated for quantiles,False,False,supplementary retrospective risk diagnostic only,"Closed directional episodes overlap and share portfolio NAV. Resampling does not preserve simultaneous cross-market losses, sizing feedback, margin, volatility clustering, regime shifts, or unseen tail events. History is reused and results are not selection-adjusted or prospective. A permutation conditions on the exact realized set of outcomes; its terminal contribution is fixed and it measures ordering only."
2005-2014 reused later diagnostic,2005-01-03,2014-12-01,870,67,21,random permutation without replacement,False,additive net return contribution; initial capital = 1,870,5000,20260803,1.0,0.5,Longest underwater run (episodes),P95,138.0,,,,not estimated for quantiles,False,False,supplementary retrospective risk diagnostic only,"Closed directional episodes overlap and share portfolio NAV. Resampling does not preserve simultaneous cross-market losses, sizing feedback, margin, volatility clustering, regime shifts, or unseen tail events. History is reused and results are not selection-adjusted or prospective. A permutation conditions on the exact realized set of outcomes; its terminal contribution is fixed and it measures ordering only."
2005-2014 reused later diagnostic,2005-01-03,2014-12-01,870,67,21,random permutation without replacement,False,additive net return contribution; initial capital = 1,870,5000,20260803,1.0,0.5,Longest underwater run (episodes),P99,181.01000000000022,,,,not estimated for quantiles,False,False,supplementary retrospective risk diagnostic only,"Closed directional episodes overlap and share portfolio NAV. Resampling does not preserve simultaneous cross-market losses, sizing feedback, margin, volatility clustering, regime shifts, or unseen tail events. History is reused and results are not selection-adjusted or prospective. A permutation conditions on the exact realized set of outcomes; its terminal contribution is fixed and it measures ordering only."
2005-2014 reused later diagnostic,2005-01-03,2014-12-01,870,67,21,random permutation without replacement,False,additive net return contribution; initial capital = 1,870,5000,20260803,1.0,0.5,Capital-floor breach probability (risk-of-ruin proxy),Probability,0.0,0.0,0.0,0.0007677019450571244,95% Wilson score interval,False,False,supplementary retrospective risk diagnostic only,"Closed directional episodes overlap and share portfolio NAV. Resampling does not preserve simultaneous cross-market losses, sizing feedback, margin, volatility clustering, regime shifts, or unseen tail events. History is reused and results are not selection-adjusted or prospective. A permutation conditions on the exact realized set of outcomes; its terminal contribution is fixed and it measures ordering only."
2005-2014 reused later diagnostic,2005-01-03,2014-12-01,870,67,21,random permutation without replacement,False,additive net return contribution; initial capital = 1,870,5000,20260803,1.0,0.5,Maximum-drawdown breach probability (10% threshold),Probability,0.0,0.0,0.0,0.0007677019450571244,95% Wilson score interval,False,False,supplementary retrospective risk diagnostic only,"Closed directional episodes overlap and share portfolio NAV. Resampling does not preserve simultaneous cross-market losses, sizing feedback, margin, volatility clustering, regime shifts, or unseen tail events. History is reused and results are not selection-adjusted or prospective. A permutation conditions on the exact realized set of outcomes; its terminal contribution is fixed and it measures ordering only."
2005-2014 reused later diagnostic,2005-01-03,2014-12-01,870,67,21,random permutation without replacement,False,additive net return contribution; initial capital = 1,870,5000,20260803,1.0,0.5,Maximum-drawdown breach probability (15% threshold),Probability,0.0,0.0,0.0,0.0007677019450571244,95% Wilson score interval,False,False,supplementary retrospective risk diagnostic only,"Closed directional episodes overlap and share portfolio NAV. Resampling does not preserve simultaneous cross-market losses, sizing feedback, margin, volatility clustering, regime shifts, or unseen tail events. History is reused and results are not selection-adjusted or prospective. A permutation conditions on the exact realized set of outcomes; its terminal contribution is fixed and it measures ordering only."
2005-2014 reused later diagnostic,2005-01-03,2014-12-01,870,67,21,random permutation without replacement,False,additive net return contribution; initial capital = 1,870,5000,20260803,1.0,0.5,Maximum-drawdown breach probability (20% threshold),Probability,0.0,0.0,0.0,0.0007677019450571244,95% Wilson score interval,False,False,supplementary retrospective risk diagnostic only,"Closed directional episodes overlap and share portfolio NAV. Resampling does not preserve simultaneous cross-market losses, sizing feedback, margin, volatility clustering, regime shifts, or unseen tail events. History is reused and results are not selection-adjusted or prospective. A permutation conditions on the exact realized set of outcomes; its terminal contribution is fixed and it measures ordering only."
2005-2014 reused later diagnostic,2005-01-03,2014-12-01,870,67,21,random permutation without replacement,False,additive net return contribution; initial capital = 1,870,5000,20260803,1.0,0.5,Maximum-drawdown breach probability (30% threshold),Probability,0.0,0.0,0.0,0.0007677019450571244,95% Wilson score interval,False,False,supplementary retrospective risk diagnostic only,"Closed directional episodes overlap and share portfolio NAV. Resampling does not preserve simultaneous cross-market losses, sizing feedback, margin, volatility clustering, regime shifts, or unseen tail events. History is reused and results are not selection-adjusted or prospective. A permutation conditions on the exact realized set of outcomes; its terminal contribution is fixed and it measures ordering only."
2005-2014 reused later diagnostic,2005-01-03,2014-12-01,870,67,21,random permutation without replacement,False,additive net return contribution; initial capital = 1,870,5000,20260803,1.0,0.5,Maximum-drawdown breach probability (40% threshold),Probability,0.0,0.0,0.0,0.0007677019450571244,95% Wilson score interval,False,False,supplementary retrospective risk diagnostic only,"Closed directional episodes overlap and share portfolio NAV. Resampling does not preserve simultaneous cross-market losses, sizing feedback, margin, volatility clustering, regime shifts, or unseen tail events. History is reused and results are not selection-adjusted or prospective. A permutation conditions on the exact realized set of outcomes; its terminal contribution is fixed and it measures ordering only."
2005-2014 reused later diagnostic,2005-01-03,2014-12-01,870,67,21,random permutation without replacement,False,additive net return contribution; initial capital = 1,870,5000,20260803,1.0,0.5,Mean maximum drawdown in worst 5% of paths,Expected shortfall,-0.06050822202665152,0.0004781324676897508,,,tail mean; no interval estimated,False,False,supplementary retrospective risk diagnostic only,"Closed directional episodes overlap and share portfolio NAV. Resampling does not preserve simultaneous cross-market losses, sizing feedback, margin, volatility clustering, regime shifts, or unseen tail events. History is reused and results are not selection-adjusted or prospective. A permutation conditions on the exact realized set of outcomes; its terminal contribution is fixed and it measures ordering only."
2005-2014 reused later diagnostic,2005-01-03,2014-12-01,870,67,21,iid episode bootstrap with replacement,True,additive net return contribution; initial capital = 1,870,5000,20260803,1.0,0.5,Terminal contribution return,P01,0.5285069925112111,,,,not estimated for quantiles,False,False,supplementary retrospective risk diagnostic only,"Closed directional episodes overlap and share portfolio NAV. Resampling does not preserve simultaneous cross-market losses, sizing feedback, margin, volatility clustering, regime shifts, or unseen tail events. History is reused and results are not selection-adjusted or prospective. The iid bootstrap additionally assumes episodes are exchangeable, which can materially understate clustered or regime-dependent risk."
2005-2014 reused later diagnostic,2005-01-03,2014-12-01,870,67,21,iid episode bootstrap with replacement,True,additive net return contribution; initial capital = 1,870,5000,20260803,1.0,0.5,Terminal contribution return,P05,0.6310957571135919,,,,not estimated for quantiles,False,False,supplementary retrospective risk diagnostic only,"Closed directional episodes overlap and share portfolio NAV. Resampling does not preserve simultaneous cross-market losses, sizing feedback, margin, volatility clustering, regime shifts, or unseen tail events. History is reused and results are not selection-adjusted or prospective. The iid bootstrap additionally assumes episodes are exchangeable, which can materially understate clustered or regime-dependent risk."
2005-2014 reused later diagnostic,2005-01-03,2014-12-01,870,67,21,iid episode bootstrap with replacement,True,additive net return contribution; initial capital = 1,870,5000,20260803,1.0,0.5,Terminal contribution return,P25,0.7834846521438157,,,,not estimated for quantiles,False,False,supplementary retrospective risk diagnostic only,"Closed directional episodes overlap and share portfolio NAV. Resampling does not preserve simultaneous cross-market losses, sizing feedback, margin, volatility clustering, regime shifts, or unseen tail events. History is reused and results are not selection-adjusted or prospective. The iid bootstrap additionally assumes episodes are exchangeable, which can materially understate clustered or regime-dependent risk."
2005-2014 reused later diagnostic,2005-01-03,2014-12-01,870,67,21,iid episode bootstrap with replacement,True,additive net return contribution; initial capital = 1,870,5000,20260803,1.0,0.5,Terminal contribution return,Median,0.8962441864534313,,,,not estimated for quantiles,False,False,supplementary retrospective risk diagnostic only,"Closed directional episodes overlap and share portfolio NAV. Resampling does not preserve simultaneous cross-market losses, sizing feedback, margin, volatility clustering, regime shifts, or unseen tail events. History is reused and results are not selection-adjusted or prospective. The iid bootstrap additionally assumes episodes are exchangeable, which can materially understate clustered or regime-dependent risk."
2005-2014 reused later diagnostic,2005-01-03,2014-12-01,870,67,21,iid episode bootstrap with replacement,True,additive net return contribution; initial capital = 1,870,5000,20260803,1.0,0.5,Terminal contribution return,P75,1.0117274304763217,,,,not estimated for quantiles,False,False,supplementary retrospective risk diagnostic only,"Closed directional episodes overlap and share portfolio NAV. Resampling does not preserve simultaneous cross-market losses, sizing feedback, margin, volatility clustering, regime shifts, or unseen tail events. History is reused and results are not selection-adjusted or prospective. The iid bootstrap additionally assumes episodes are exchangeable, which can materially understate clustered or regime-dependent risk."
2005-2014 reused later diagnostic,2005-01-03,2014-12-01,870,67,21,iid episode bootstrap with replacement,True,additive net return contribution; initial capital = 1,870,5000,20260803,1.0,0.5,Terminal contribution return,P95,1.172892854088643,,,,not estimated for quantiles,False,False,supplementary retrospective risk diagnostic only,"Closed directional episodes overlap and share portfolio NAV. Resampling does not preserve simultaneous cross-market losses, sizing feedback, margin, volatility clustering, regime shifts, or unseen tail events. History is reused and results are not selection-adjusted or prospective. The iid bootstrap additionally assumes episodes are exchangeable, which can materially understate clustered or regime-dependent risk."
2005-2014 reused later diagnostic,2005-01-03,2014-12-01,870,67,21,iid episode bootstrap with replacement,True,additive net return contribution; initial capital = 1,870,5000,20260803,1.0,0.5,Terminal contribution return,P99,1.286543611840402,,,,not estimated for quantiles,False,False,supplementary retrospective risk diagnostic only,"Closed directional episodes overlap and share portfolio NAV. Resampling does not preserve simultaneous cross-market losses, sizing feedback, margin, volatility clustering, regime shifts, or unseen tail events. History is reused and results are not selection-adjusted or prospective. The iid bootstrap additionally assumes episodes are exchangeable, which can materially understate clustered or regime-dependent risk."
2005-2014 reused later diagnostic,2005-01-03,2014-12-01,870,67,21,iid episode bootstrap with replacement,True,additive net return contribution; initial capital = 1,870,5000,20260803,1.0,0.5,Maximum drawdown,P01,-0.07203056731075666,,,,not estimated for quantiles,False,False,supplementary retrospective risk diagnostic only,"Closed directional episodes overlap and share portfolio NAV. Resampling does not preserve simultaneous cross-market losses, sizing feedback, margin, volatility clustering, regime shifts, or unseen tail events. History is reused and results are not selection-adjusted or prospective. The iid bootstrap additionally assumes episodes are exchangeable, which can materially understate clustered or regime-dependent risk."
2005-2014 reused later diagnostic,2005-01-03,2014-12-01,870,67,21,iid episode bootstrap with replacement,True,additive net return contribution; initial capital = 1,870,5000,20260803,1.0,0.5,Maximum drawdown,P05,-0.05670116808761676,,,,not estimated for quantiles,False,False,supplementary retrospective risk diagnostic only,"Closed directional episodes overlap and share portfolio NAV. Resampling does not preserve simultaneous cross-market losses, sizing feedback, margin, volatility clustering, regime shifts, or unseen tail events. History is reused and results are not selection-adjusted or prospective. The iid bootstrap additionally assumes episodes are exchangeable, which can materially understate clustered or regime-dependent risk."
2005-2014 reused later diagnostic,2005-01-03,2014-12-01,870,67,21,iid episode bootstrap with replacement,True,additive net return contribution; initial capital = 1,870,5000,20260803,1.0,0.5,Maximum drawdown,P25,-0.041094157030227035,,,,not estimated for quantiles,False,False,supplementary retrospective risk diagnostic only,"Closed directional episodes overlap and share portfolio NAV. Resampling does not preserve simultaneous cross-market losses, sizing feedback, margin, volatility clustering, regime shifts, or unseen tail events. History is reused and results are not selection-adjusted or prospective. The iid bootstrap additionally assumes episodes are exchangeable, which can materially understate clustered or regime-dependent risk."
2005-2014 reused later diagnostic,2005-01-03,2014-12-01,870,67,21,iid episode bootstrap with replacement,True,additive net return contribution; initial capital = 1,870,5000,20260803,1.0,0.5,Maximum drawdown,Median,-0.032907529883258624,,,,not estimated for quantiles,False,False,supplementary retrospective risk diagnostic only,"Closed directional episodes overlap and share portfolio NAV. Resampling does not preserve simultaneous cross-market losses, sizing feedback, margin, volatility clustering, regime shifts, or unseen tail events. History is reused and results are not selection-adjusted or prospective. The iid bootstrap additionally assumes episodes are exchangeable, which can materially understate clustered or regime-dependent risk."
2005-2014 reused later diagnostic,2005-01-03,2014-12-01,870,67,21,iid episode bootstrap with replacement,True,additive net return contribution; initial capital = 1,870,5000,20260803,1.0,0.5,Maximum drawdown,P75,-0.02715536024522494,,,,not estimated for quantiles,False,False,supplementary retrospective risk diagnostic only,"Closed directional episodes overlap and share portfolio NAV. Resampling does not preserve simultaneous cross-market losses, sizing feedback, margin, volatility clustering, regime shifts, or unseen tail events. History is reused and results are not selection-adjusted or prospective. The iid bootstrap additionally assumes episodes are exchangeable, which can materially understate clustered or regime-dependent risk."
2005-2014 reused later diagnostic,2005-01-03,2014-12-01,870,67,21,iid episode bootstrap with replacement,True,additive net return contribution; initial capital = 1,870,5000,20260803,1.0,0.5,Maximum drawdown,P95,-0.021087644618963085,,,,not estimated for quantiles,False,False,supplementary retrospective risk diagnostic only,"Closed directional episodes overlap and share portfolio NAV. Resampling does not preserve simultaneous cross-market losses, sizing feedback, margin, volatility clustering, regime shifts, or unseen tail events. History is reused and results are not selection-adjusted or prospective. The iid bootstrap additionally assumes episodes are exchangeable, which can materially understate clustered or regime-dependent risk."
2005-2014 reused later diagnostic,2005-01-03,2014-12-01,870,67,21,iid episode bootstrap with replacement,True,additive net return contribution; initial capital = 1,870,5000,20260803,1.0,0.5,Maximum drawdown,P99,-0.017547314571599512,,,,not estimated for quantiles,False,False,supplementary retrospective risk diagnostic only,"Closed directional episodes overlap and share portfolio NAV. Resampling does not preserve simultaneous cross-market losses, sizing feedback, margin, volatility clustering, regime shifts, or unseen tail events. History is reused and results are not selection-adjusted or prospective. The iid bootstrap additionally assumes episodes are exchangeable, which can materially understate clustered or regime-dependent risk."
2005-2014 reused later diagnostic,2005-01-03,2014-12-01,870,67,21,iid episode bootstrap with replacement,True,additive net return contribution; initial capital = 1,870,5000,20260803,1.0,0.5,Minimum capital fraction,P01,0.9536663628015885,,,,not estimated for quantiles,False,False,supplementary retrospective risk diagnostic only,"Closed directional episodes overlap and share portfolio NAV. Resampling does not preserve simultaneous cross-market losses, sizing feedback, margin, volatility clustering, regime shifts, or unseen tail events. History is reused and results are not selection-adjusted or prospective. The iid bootstrap additionally assumes episodes are exchangeable, which can materially understate clustered or regime-dependent risk."
2005-2014 reused later diagnostic,2005-01-03,2014-12-01,870,67,21,iid episode bootstrap with replacement,True,additive net return contribution; initial capital = 1,870,5000,20260803,1.0,0.5,Minimum capital fraction,P05,0.9699001986517054,,,,not estimated for quantiles,False,False,supplementary retrospective risk diagnostic only,"Closed directional episodes overlap and share portfolio NAV. Resampling does not preserve simultaneous cross-market losses, sizing feedback, margin, volatility clustering, regime shifts, or unseen tail events. History is reused and results are not selection-adjusted or prospective. The iid bootstrap additionally assumes episodes are exchangeable, which can materially understate clustered or regime-dependent risk."
2005-2014 reused later diagnostic,2005-01-03,2014-12-01,870,67,21,iid episode bootstrap with replacement,True,additive net return contribution; initial capital = 1,870,5000,20260803,1.0,0.5,Minimum capital fraction,P25,0.9875710964734778,,,,not estimated for quantiles,False,False,supplementary retrospective risk diagnostic only,"Closed directional episodes overlap and share portfolio NAV. Resampling does not preserve simultaneous cross-market losses, sizing feedback, margin, volatility clustering, regime shifts, or unseen tail events. History is reused and results are not selection-adjusted or prospective. The iid bootstrap additionally assumes episodes are exchangeable, which can materially understate clustered or regime-dependent risk."
2005-2014 reused later diagnostic,2005-01-03,2014-12-01,870,67,21,iid episode bootstrap with replacement,True,additive net return contribution; initial capital = 1,870,5000,20260803,1.0,0.5,Minimum capital fraction,Median,0.9952769500886014,,,,not estimated for quantiles,False,False,supplementary retrospective risk diagnostic only,"Closed directional episodes overlap and share portfolio NAV. Resampling does not preserve simultaneous cross-market losses, sizing feedback, margin, volatility clustering, regime shifts, or unseen tail events. History is reused and results are not selection-adjusted or prospective. The iid bootstrap additionally assumes episodes are exchangeable, which can materially understate clustered or regime-dependent risk."
2005-2014 reused later diagnostic,2005-01-03,2014-12-01,870,67,21,iid episode bootstrap with replacement,True,additive net return contribution; initial capital = 1,870,5000,20260803,1.0,0.5,Minimum capital fraction,P75,0.9993143628911053,,,,not estimated for quantiles,False,False,supplementary retrospective risk diagnostic only,"Closed directional episodes overlap and share portfolio NAV. Resampling does not preserve simultaneous cross-market losses, sizing feedback, margin, volatility clustering, regime shifts, or unseen tail events. History is reused and results are not selection-adjusted or prospective. The iid bootstrap additionally assumes episodes are exchangeable, which can materially understate clustered or regime-dependent risk."
2005-2014 reused later diagnostic,2005-01-03,2014-12-01,870,67,21,iid episode bootstrap with replacement,True,additive net return contribution; initial capital = 1,870,5000,20260803,1.0,0.5,Minimum capital fraction,P95,1.0070906494147858,,,,not estimated for quantiles,False,False,supplementary retrospective risk diagnostic only,"Closed directional episodes overlap and share portfolio NAV. Resampling does not preserve simultaneous cross-market losses, sizing feedback, margin, volatility clustering, regime shifts, or unseen tail events. History is reused and results are not selection-adjusted or prospective. The iid bootstrap additionally assumes episodes are exchangeable, which can materially understate clustered or regime-dependent risk."
2005-2014 reused later diagnostic,2005-01-03,2014-12-01,870,67,21,iid episode bootstrap with replacement,True,additive net return contribution; initial capital = 1,870,5000,20260803,1.0,0.5,Minimum capital fraction,P99,1.01926057073584,,,,not estimated for quantiles,False,False,supplementary retrospective risk diagnostic only,"Closed directional episodes overlap and share portfolio NAV. Resampling does not preserve simultaneous cross-market losses, sizing feedback, margin, volatility clustering, regime shifts, or unseen tail events. History is reused and results are not selection-adjusted or prospective. The iid bootstrap additionally assumes episodes are exchangeable, which can materially understate clustered or regime-dependent risk."
2005-2014 reused later diagnostic,2005-01-03,2014-12-01,870,67,21,iid episode bootstrap with replacement,True,additive net return contribution; initial capital = 1,870,5000,20260803,1.0,0.5,Longest losing streak (episodes),P01,6.0,,,,not estimated for quantiles,False,False,supplementary retrospective risk diagnostic only,"Closed directional episodes overlap and share portfolio NAV. Resampling does not preserve simultaneous cross-market losses, sizing feedback, margin, volatility clustering, regime shifts, or unseen tail events. History is reused and results are not selection-adjusted or prospective. The iid bootstrap additionally assumes episodes are exchangeable, which can materially understate clustered or regime-dependent risk."
2005-2014 reused later diagnostic,2005-01-03,2014-12-01,870,67,21,iid episode bootstrap with replacement,True,additive net return contribution; initial capital = 1,870,5000,20260803,1.0,0.5,Longest losing streak (episodes),P05,7.0,,,,not estimated for quantiles,False,False,supplementary retrospective risk diagnostic only,"Closed directional episodes overlap and share portfolio NAV. Resampling does not preserve simultaneous cross-market losses, sizing feedback, margin, volatility clustering, regime shifts, or unseen tail events. History is reused and results are not selection-adjusted or prospective. The iid bootstrap additionally assumes episodes are exchangeable, which can materially understate clustered or regime-dependent risk."
2005-2014 reused later diagnostic,2005-01-03,2014-12-01,870,67,21,iid episode bootstrap with replacement,True,additive net return contribution; initial capital = 1,870,5000,20260803,1.0,0.5,Longest losing streak (episodes),P25,8.0,,,,not estimated for quantiles,False,False,supplementary retrospective risk diagnostic only,"Closed directional episodes overlap and share portfolio NAV. Resampling does not preserve simultaneous cross-market losses, sizing feedback, margin, volatility clustering, regime shifts, or unseen tail events. History is reused and results are not selection-adjusted or prospective. The iid bootstrap additionally assumes episodes are exchangeable, which can materially understate clustered or regime-dependent risk."
2005-2014 reused later diagnostic,2005-01-03,2014-12-01,870,67,21,iid episode bootstrap with replacement,True,additive net return contribution; initial capital = 1,870,5000,20260803,1.0,0.5,Longest losing streak (episodes),Median,9.0,,,,not estimated for quantiles,False,False,supplementary retrospective risk diagnostic only,"Closed directional episodes overlap and share portfolio NAV. Resampling does not preserve simultaneous cross-market losses, sizing feedback, margin, volatility clustering, regime shifts, or unseen tail events. History is reused and results are not selection-adjusted or prospective. The iid bootstrap additionally assumes episodes are exchangeable, which can materially understate clustered or regime-dependent risk."
2005-2014 reused later diagnostic,2005-01-03,2014-12-01,870,67,21,iid episode bootstrap with replacement,True,additive net return contribution; initial capital = 1,870,5000,20260803,1.0,0.5,Longest losing streak (episodes),P75,10.0,,,,not estimated for quantiles,False,False,supplementary retrospective risk diagnostic only,"Closed directional episodes overlap and share portfolio NAV. Resampling does not preserve simultaneous cross-market losses, sizing feedback, margin, volatility clustering, regime shifts, or unseen tail events. History is reused and results are not selection-adjusted or prospective. The iid bootstrap additionally assumes episodes are exchangeable, which can materially understate clustered or regime-dependent risk."
2005-2014 reused later diagnostic,2005-01-03,2014-12-01,870,67,21,iid episode bootstrap with replacement,True,additive net return contribution; initial capital = 1,870,5000,20260803,1.0,0.5,Longest losing streak (episodes),P95,13.0,,,,not estimated for quantiles,False,False,supplementary retrospective risk diagnostic only,"Closed directional episodes overlap and share portfolio NAV. Resampling does not preserve simultaneous cross-market losses, sizing feedback, margin, volatility clustering, regime shifts, or unseen tail events. History is reused and results are not selection-adjusted or prospective. The iid bootstrap additionally assumes episodes are exchangeable, which can materially understate clustered or regime-dependent risk."
2005-2014 reused later diagnostic,2005-01-03,2014-12-01,870,67,21,iid episode bootstrap with replacement,True,additive net return contribution; initial capital = 1,870,5000,20260803,1.0,0.5,Longest losing streak (episodes),P99,16.0,,,,not estimated for quantiles,False,False,supplementary retrospective risk diagnostic only,"Closed directional episodes overlap and share portfolio NAV. Resampling does not preserve simultaneous cross-market losses, sizing feedback, margin, volatility clustering, regime shifts, or unseen tail events. History is reused and results are not selection-adjusted or prospective. The iid bootstrap additionally assumes episodes are exchangeable, which can materially understate clustered or regime-dependent risk."
2005-2014 reused later diagnostic,2005-01-03,2014-12-01,870,67,21,iid episode bootstrap with replacement,True,additive net return contribution; initial capital = 1,870,5000,20260803,1.0,0.5,Longest underwater run (episodes),P01,35.0,,,,not estimated for quantiles,False,False,supplementary retrospective risk diagnostic only,"Closed directional episodes overlap and share portfolio NAV. Resampling does not preserve simultaneous cross-market losses, sizing feedback, margin, volatility clustering, regime shifts, or unseen tail events. History is reused and results are not selection-adjusted or prospective. The iid bootstrap additionally assumes episodes are exchangeable, which can materially understate clustered or regime-dependent risk."
2005-2014 reused later diagnostic,2005-01-03,2014-12-01,870,67,21,iid episode bootstrap with replacement,True,additive net return contribution; initial capital = 1,870,5000,20260803,1.0,0.5,Longest underwater run (episodes),P05,43.0,,,,not estimated for quantiles,False,False,supplementary retrospective risk diagnostic only,"Closed directional episodes overlap and share portfolio NAV. Resampling does not preserve simultaneous cross-market losses, sizing feedback, margin, volatility clustering, regime shifts, or unseen tail events. History is reused and results are not selection-adjusted or prospective. The iid bootstrap additionally assumes episodes are exchangeable, which can materially understate clustered or regime-dependent risk."
2005-2014 reused later diagnostic,2005-01-03,2014-12-01,870,67,21,iid episode bootstrap with replacement,True,additive net return contribution; initial capital = 1,870,5000,20260803,1.0,0.5,Longest underwater run (episodes),P25,59.0,,,,not estimated for quantiles,False,False,supplementary retrospective risk diagnostic only,"Closed directional episodes overlap and share portfolio NAV. Resampling does not preserve simultaneous cross-market losses, sizing feedback, margin, volatility clustering, regime shifts, or unseen tail events. History is reused and results are not selection-adjusted or prospective. The iid bootstrap additionally assumes episodes are exchangeable, which can materially understate clustered or regime-dependent risk."
2005-2014 reused later diagnostic,2005-01-03,2014-12-01,870,67,21,iid episode bootstrap with replacement,True,additive net return contribution; initial capital = 1,870,5000,20260803,1.0,0.5,Longest underwater run (episodes),Median,77.0,,,,not estimated for quantiles,False,False,supplementary retrospective risk diagnostic only,"Closed directional episodes overlap and share portfolio NAV. Resampling does not preserve simultaneous cross-market losses, sizing feedback, margin, volatility clustering, regime shifts, or unseen tail events. History is reused and results are not selection-adjusted or prospective. The iid bootstrap additionally assumes episodes are exchangeable, which can materially understate clustered or regime-dependent risk."
2005-2014 reused later diagnostic,2005-01-03,2014-12-01,870,67,21,iid episode bootstrap with replacement,True,additive net return contribution; initial capital = 1,870,5000,20260803,1.0,0.5,Longest underwater run (episodes),P75,103.0,,,,not estimated for quantiles,False,False,supplementary retrospective risk diagnostic only,"Closed directional episodes overlap and share portfolio NAV. Resampling does not preserve simultaneous cross-market losses, sizing feedback, margin, volatility clustering, regime shifts, or unseen tail events. History is reused and results are not selection-adjusted or prospective. The iid bootstrap additionally assumes episodes are exchangeable, which can materially understate clustered or regime-dependent risk."
2005-2014 reused later diagnostic,2005-01-03,2014-12-01,870,67,21,iid episode bootstrap with replacement,True,additive net return contribution; initial capital = 1,870,5000,20260803,1.0,0.5,Longest underwater run (episodes),P95,156.0,,,,not estimated for quantiles,False,False,supplementary retrospective risk diagnostic only,"Closed directional episodes overlap and share portfolio NAV. Resampling does not preserve simultaneous cross-market losses, sizing feedback, margin, volatility clustering, regime shifts, or unseen tail events. History is reused and results are not selection-adjusted or prospective. The iid bootstrap additionally assumes episodes are exchangeable, which can materially understate clustered or regime-dependent risk."
2005-2014 reused later diagnostic,2005-01-03,2014-12-01,870,67,21,iid episode bootstrap with replacement,True,additive net return contribution; initial capital = 1,870,5000,20260803,1.0,0.5,Longest underwater run (episodes),P99,209.01000000000022,,,,not estimated for quantiles,False,False,supplementary retrospective risk diagnostic only,"Closed directional episodes overlap and share portfolio NAV. Resampling does not preserve simultaneous cross-market losses, sizing feedback, margin, volatility clustering, regime shifts, or unseen tail events. History is reused and results are not selection-adjusted or prospective. The iid bootstrap additionally assumes episodes are exchangeable, which can materially understate clustered or regime-dependent risk."
2005-2014 reused later diagnostic,2005-01-03,2014-12-01,870,67,21,iid episode bootstrap with replacement,True,additive net return contribution; initial capital = 1,870,5000,20260803,1.0,0.5,Capital-floor breach probability (risk-of-ruin proxy),Probability,0.0,0.0,0.0,0.0007677019450571244,95% Wilson score interval,False,False,supplementary retrospective risk diagnostic only,"Closed directional episodes overlap and share portfolio NAV. Resampling does not preserve simultaneous cross-market losses, sizing feedback, margin, volatility clustering, regime shifts, or unseen tail events. History is reused and results are not selection-adjusted or prospective. The iid bootstrap additionally assumes episodes are exchangeable, which can materially understate clustered or regime-dependent risk."
2005-2014 reused later diagnostic,2005-01-03,2014-12-01,870,67,21,iid episode bootstrap with replacement,True,additive net return contribution; initial capital = 1,870,5000,20260803,1.0,0.5,Maximum-drawdown breach probability (10% threshold),Probability,0.001,0.0004469899327725402,0.00042721349110879964,0.002338953050058211,95% Wilson score interval,False,False,supplementary retrospective risk diagnostic only,"Closed directional episodes overlap and share portfolio NAV. Resampling does not preserve simultaneous cross-market losses, sizing feedback, margin, volatility clustering, regime shifts, or unseen tail events. History is reused and results are not selection-adjusted or prospective. The iid bootstrap additionally assumes episodes are exchangeable, which can materially understate clustered or regime-dependent risk."
2005-2014 reused later diagnostic,2005-01-03,2014-12-01,870,67,21,iid episode bootstrap with replacement,True,additive net return contribution; initial capital = 1,870,5000,20260803,1.0,0.5,Maximum-drawdown breach probability (15% threshold),Probability,0.0,0.0,0.0,0.0007677019450571244,95% Wilson score interval,False,False,supplementary retrospective risk diagnostic only,"Closed directional episodes overlap and share portfolio NAV. Resampling does not preserve simultaneous cross-market losses, sizing feedback, margin, volatility clustering, regime shifts, or unseen tail events. History is reused and results are not selection-adjusted or prospective. The iid bootstrap additionally assumes episodes are exchangeable, which can materially understate clustered or regime-dependent risk."
2005-2014 reused later diagnostic,2005-01-03,2014-12-01,870,67,21,iid episode bootstrap with replacement,True,additive net return contribution; initial capital = 1,870,5000,20260803,1.0,0.5,Maximum-drawdown breach probability (20% threshold),Probability,0.0,0.0,0.0,0.0007677019450571244,95% Wilson score interval,False,False,supplementary retrospective risk diagnostic only,"Closed directional episodes overlap and share portfolio NAV. Resampling does not preserve simultaneous cross-market losses, sizing feedback, margin, volatility clustering, regime shifts, or unseen tail events. History is reused and results are not selection-adjusted or prospective. The iid bootstrap additionally assumes episodes are exchangeable, which can materially understate clustered or regime-dependent risk."
2005-2014 reused later diagnostic,2005-01-03,2014-12-01,870,67,21,iid episode bootstrap with replacement,True,additive net return contribution; initial capital = 1,870,5000,20260803,1.0,0.5,Maximum-drawdown breach probability (30% threshold),Probability,0.0,0.0,0.0,0.0007677019450571244,95% Wilson score interval,False,False,supplementary retrospective risk diagnostic only,"Closed directional episodes overlap and share portfolio NAV. Resampling does not preserve simultaneous cross-market losses, sizing feedback, margin, volatility clustering, regime shifts, or unseen tail events. History is reused and results are not selection-adjusted or prospective. The iid bootstrap additionally assumes episodes are exchangeable, which can materially understate clustered or regime-dependent risk."
2005-2014 reused later diagnostic,2005-01-03,2014-12-01,870,67,21,iid episode bootstrap with replacement,True,additive net return contribution; initial capital = 1,870,5000,20260803,1.0,0.5,Maximum-drawdown breach probability (40% threshold),Probability,0.0,0.0,0.0,0.0007677019450571244,95% Wilson score interval,False,False,supplementary retrospective risk diagnostic only,"Closed directional episodes overlap and share portfolio NAV. Resampling does not preserve simultaneous cross-market losses, sizing feedback, margin, volatility clustering, regime shifts, or unseen tail events. History is reused and results are not selection-adjusted or prospective. The iid bootstrap additionally assumes episodes are exchangeable, which can materially understate clustered or regime-dependent risk."
2005-2014 reused later diagnostic,2005-01-03,2014-12-01,870,67,21,iid episode bootstrap with replacement,True,additive net return contribution; initial capital = 1,870,5000,20260803,1.0,0.5,Mean maximum drawdown in worst 5% of paths,Expected shortfall,-0.06707568023146396,0.0006349047399779857,,,tail mean; no interval estimated,False,False,supplementary retrospective risk diagnostic only,"Closed directional episodes overlap and share portfolio NAV. Resampling does not preserve simultaneous cross-market losses, sizing feedback, margin, volatility clustering, regime shifts, or unseen tail events. History is reused and results are not selection-adjusted or prospective. The iid bootstrap additionally assumes episodes are exchangeable, which can materially understate clustered or regime-dependent risk."
1990-2014 full post-launch history,1990-03-01,2014-12-01,1678,67,21,random permutation without replacement,False,additive net return contribution; initial capital = 1,1678,5000,20260803,1.0,0.5,Terminal contribution return,P01,2.7515214323652755,,,,not estimated for quantiles,False,False,supplementary retrospective risk diagnostic only,"Closed directional episodes overlap and share portfolio NAV. Resampling does not preserve simultaneous cross-market losses, sizing feedback, margin, volatility clustering, regime shifts, or unseen tail events. History is reused and results are not selection-adjusted or prospective. A permutation conditions on the exact realized set of outcomes; its terminal contribution is fixed and it measures ordering only."
1990-2014 full post-launch history,1990-03-01,2014-12-01,1678,67,21,random permutation without replacement,False,additive net return contribution; initial capital = 1,1678,5000,20260803,1.0,0.5,Terminal contribution return,P05,2.7515214323652777,,,,not estimated for quantiles,False,False,supplementary retrospective risk diagnostic only,"Closed directional episodes overlap and share portfolio NAV. Resampling does not preserve simultaneous cross-market losses, sizing feedback, margin, volatility clustering, regime shifts, or unseen tail events. History is reused and results are not selection-adjusted or prospective. A permutation conditions on the exact realized set of outcomes; its terminal contribution is fixed and it measures ordering only."
1990-2014 full post-launch history,1990-03-01,2014-12-01,1678,67,21,random permutation without replacement,False,additive net return contribution; initial capital = 1,1678,5000,20260803,1.0,0.5,Terminal contribution return,P25,2.751521432365281,,,,not estimated for quantiles,False,False,supplementary retrospective risk diagnostic only,"Closed directional episodes overlap and share portfolio NAV. Resampling does not preserve simultaneous cross-market losses, sizing feedback, margin, volatility clustering, regime shifts, or unseen tail events. History is reused and results are not selection-adjusted or prospective. A permutation conditions on the exact realized set of outcomes; its terminal contribution is fixed and it measures ordering only."
1990-2014 full post-launch history,1990-03-01,2014-12-01,1678,67,21,random permutation without replacement,False,additive net return contribution; initial capital = 1,1678,5000,20260803,1.0,0.5,Terminal contribution return,Median,2.7515214323652826,,,,not estimated for quantiles,False,False,supplementary retrospective risk diagnostic only,"Closed directional episodes overlap and share portfolio NAV. Resampling does not preserve simultaneous cross-market losses, sizing feedback, margin, volatility clustering, regime shifts, or unseen tail events. History is reused and results are not selection-adjusted or prospective. A permutation conditions on the exact realized set of outcomes; its terminal contribution is fixed and it measures ordering only."
1990-2014 full post-launch history,1990-03-01,2014-12-01,1678,67,21,random permutation without replacement,False,additive net return contribution; initial capital = 1,1678,5000,20260803,1.0,0.5,Terminal contribution return,P75,2.7515214323652843,,,,not estimated for quantiles,False,False,supplementary retrospective risk diagnostic only,"Closed directional episodes overlap and share portfolio NAV. Resampling does not preserve simultaneous cross-market losses, sizing feedback, margin, volatility clustering, regime shifts, or unseen tail events. History is reused and results are not selection-adjusted or prospective. A permutation conditions on the exact realized set of outcomes; its terminal contribution is fixed and it measures ordering only."
1990-2014 full post-launch history,1990-03-01,2014-12-01,1678,67,21,random permutation without replacement,False,additive net return contribution; initial capital = 1,1678,5000,20260803,1.0,0.5,Terminal contribution return,P95,2.751521432365287,,,,not estimated for quantiles,False,False,supplementary retrospective risk diagnostic only,"Closed directional episodes overlap and share portfolio NAV. Resampling does not preserve simultaneous cross-market losses, sizing feedback, margin, volatility clustering, regime shifts, or unseen tail events. History is reused and results are not selection-adjusted or prospective. A permutation conditions on the exact realized set of outcomes; its terminal contribution is fixed and it measures ordering only."
1990-2014 full post-launch history,1990-03-01,2014-12-01,1678,67,21,random permutation without replacement,False,additive net return contribution; initial capital = 1,1678,5000,20260803,1.0,0.5,Terminal contribution return,P99,2.7515214323652892,,,,not estimated for quantiles,False,False,supplementary retrospective risk diagnostic only,"Closed directional episodes overlap and share portfolio NAV. Resampling does not preserve simultaneous cross-market losses, sizing feedback, margin, volatility clustering, regime shifts, or unseen tail events. History is reused and results are not selection-adjusted or prospective. A permutation conditions on the exact realized set of outcomes; its terminal contribution is fixed and it measures ordering only."
1990-2014 full post-launch history,1990-03-01,2014-12-01,1678,67,21,random permutation without replacement,False,additive net return contribution; initial capital = 1,1678,5000,20260803,1.0,0.5,Maximum drawdown,P01,-0.07402909689479144,,,,not estimated for quantiles,False,False,supplementary retrospective risk diagnostic only,"Closed directional episodes overlap and share portfolio NAV. Resampling does not preserve simultaneous cross-market losses, sizing feedback, margin, volatility clustering, regime shifts, or unseen tail events. History is reused and results are not selection-adjusted or prospective. A permutation conditions on the exact realized set of outcomes; its terminal contribution is fixed and it measures ordering only."
1990-2014 full post-launch history,1990-03-01,2014-12-01,1678,67,21,random permutation without replacement,False,additive net return contribution; initial capital = 1,1678,5000,20260803,1.0,0.5,Maximum drawdown,P05,-0.05790299471780384,,,,not estimated for quantiles,False,False,supplementary retrospective risk diagnostic only,"Closed directional episodes overlap and share portfolio NAV. Resampling does not preserve simultaneous cross-market losses, sizing feedback, margin, volatility clustering, regime shifts, or unseen tail events. History is reused and results are not selection-adjusted or prospective. A permutation conditions on the exact realized set of outcomes; its terminal contribution is fixed and it measures ordering only."
1990-2014 full post-launch history,1990-03-01,2014-12-01,1678,67,21,random permutation without replacement,False,additive net return contribution; initial capital = 1,1678,5000,20260803,1.0,0.5,Maximum drawdown,P25,-0.04227269580919843,,,,not estimated for quantiles,False,False,supplementary retrospective risk diagnostic only,"Closed directional episodes overlap and share portfolio NAV. Resampling does not preserve simultaneous cross-market losses, sizing feedback, margin, volatility clustering, regime shifts, or unseen tail events. History is reused and results are not selection-adjusted or prospective. A permutation conditions on the exact realized set of outcomes; its terminal contribution is fixed and it measures ordering only."
1990-2014 full post-launch history,1990-03-01,2014-12-01,1678,67,21,random permutation without replacement,False,additive net return contribution; initial capital = 1,1678,5000,20260803,1.0,0.5,Maximum drawdown,Median,-0.034626603396704314,,,,not estimated for quantiles,False,False,supplementary retrospective risk diagnostic only,"Closed directional episodes overlap and share portfolio NAV. Resampling does not preserve simultaneous cross-market losses, sizing feedback, margin, volatility clustering, regime shifts, or unseen tail events. History is reused and results are not selection-adjusted or prospective. A permutation conditions on the exact realized set of outcomes; its terminal contribution is fixed and it measures ordering only."
1990-2014 full post-launch history,1990-03-01,2014-12-01,1678,67,21,random permutation without replacement,False,additive net return contribution; initial capital = 1,1678,5000,20260803,1.0,0.5,Maximum drawdown,P75,-0.029095311094162357,,,,not estimated for quantiles,False,False,supplementary retrospective risk diagnostic only,"Closed directional episodes overlap and share portfolio NAV. Resampling does not preserve simultaneous cross-market losses, sizing feedback, margin, volatility clustering, regime shifts, or unseen tail events. History is reused and results are not selection-adjusted or prospective. A permutation conditions on the exact realized set of outcomes; its terminal contribution is fixed and it measures ordering only."
1990-2014 full post-launch history,1990-03-01,2014-12-01,1678,67,21,random permutation without replacement,False,additive net return contribution; initial capital = 1,1678,5000,20260803,1.0,0.5,Maximum drawdown,P95,-0.02340876028970167,,,,not estimated for quantiles,False,False,supplementary retrospective risk diagnostic only,"Closed directional episodes overlap and share portfolio NAV. Resampling does not preserve simultaneous cross-market losses, sizing feedback, margin, volatility clustering, regime shifts, or unseen tail events. History is reused and results are not selection-adjusted or prospective. A permutation conditions on the exact realized set of outcomes; its terminal contribution is fixed and it measures ordering only."
1990-2014 full post-launch history,1990-03-01,2014-12-01,1678,67,21,random permutation without replacement,False,additive net return contribution; initial capital = 1,1678,5000,20260803,1.0,0.5,Maximum drawdown,P99,-0.020515485514245042,,,,not estimated for quantiles,False,False,supplementary retrospective risk diagnostic only,"Closed directional episodes overlap and share portfolio NAV. Resampling does not preserve simultaneous cross-market losses, sizing feedback, margin, volatility clustering, regime shifts, or unseen tail events. History is reused and results are not selection-adjusted or prospective. A permutation conditions on the exact realized set of outcomes; its terminal contribution is fixed and it measures ordering only."
1990-2014 full post-launch history,1990-03-01,2014-12-01,1678,67,21,random permutation without replacement,False,additive net return contribution; initial capital = 1,1678,5000,20260803,1.0,0.5,Minimum capital fraction,P01,0.9501339233282198,,,,not estimated for quantiles,False,False,supplementary retrospective risk diagnostic only,"Closed directional episodes overlap and share portfolio NAV. Resampling does not preserve simultaneous cross-market losses, sizing feedback, margin, volatility clustering, regime shifts, or unseen tail events. History is reused and results are not selection-adjusted or prospective. A permutation conditions on the exact realized set of outcomes; its terminal contribution is fixed and it measures ordering only."
1990-2014 full post-launch history,1990-03-01,2014-12-01,1678,67,21,random permutation without replacement,False,additive net return contribution; initial capital = 1,1678,5000,20260803,1.0,0.5,Minimum capital fraction,P05,0.9688198314402308,,,,not estimated for quantiles,False,False,supplementary retrospective risk diagnostic only,"Closed directional episodes overlap and share portfolio NAV. Resampling does not preserve simultaneous cross-market losses, sizing feedback, margin, volatility clustering, regime shifts, or unseen tail events. History is reused and results are not selection-adjusted or prospective. A permutation conditions on the exact realized set of outcomes; its terminal contribution is fixed and it measures ordering only."
1990-2014 full post-launch history,1990-03-01,2014-12-01,1678,67,21,random permutation without replacement,False,additive net return contribution; initial capital = 1,1678,5000,20260803,1.0,0.5,Minimum capital fraction,P25,0.9865164463787053,,,,not estimated for quantiles,False,False,supplementary retrospective risk diagnostic only,"Closed directional episodes overlap and share portfolio NAV. Resampling does not preserve simultaneous cross-market losses, sizing feedback, margin, volatility clustering, regime shifts, or unseen tail events. History is reused and results are not selection-adjusted or prospective. A permutation conditions on the exact realized set of outcomes; its terminal contribution is fixed and it measures ordering only."
1990-2014 full post-launch history,1990-03-01,2014-12-01,1678,67,21,random permutation without replacement,False,additive net return contribution; initial capital = 1,1678,5000,20260803,1.0,0.5,Minimum capital fraction,Median,0.9947752470266704,,,,not estimated for quantiles,False,False,supplementary retrospective risk diagnostic only,"Closed directional episodes overlap and share portfolio NAV. Resampling does not preserve simultaneous cross-market losses, sizing feedback, margin, volatility clustering, regime shifts, or unseen tail events. History is reused and results are not selection-adjusted or prospective. A permutation conditions on the exact realized set of outcomes; its terminal contribution is fixed and it measures ordering only."
1990-2014 full post-launch history,1990-03-01,2014-12-01,1678,67,21,random permutation without replacement,False,additive net return contribution; initial capital = 1,1678,5000,20260803,1.0,0.5,Minimum capital fraction,P75,0.9995033806654102,,,,not estimated for quantiles,False,False,supplementary retrospective risk diagnostic only,"Closed directional episodes overlap and share portfolio NAV. Resampling does not preserve simultaneous cross-market losses, sizing feedback, margin, volatility clustering, regime shifts, or unseen tail events. History is reused and results are not selection-adjusted or prospective. A permutation conditions on the exact realized set of outcomes; its terminal contribution is fixed and it measures ordering only."
1990-2014 full post-launch history,1990-03-01,2014-12-01,1678,67,21,random permutation without replacement,False,additive net return contribution; initial capital = 1,1678,5000,20260803,1.0,0.5,Minimum capital fraction,P95,1.010445432543424,,,,not estimated for quantiles,False,False,supplementary retrospective risk diagnostic only,"Closed directional episodes overlap and share portfolio NAV. Resampling does not preserve simultaneous cross-market losses, sizing feedback, margin, volatility clustering, regime shifts, or unseen tail events. History is reused and results are not selection-adjusted or prospective. A permutation conditions on the exact realized set of outcomes; its terminal contribution is fixed and it measures ordering only."
1990-2014 full post-launch history,1990-03-01,2014-12-01,1678,67,21,random permutation without replacement,False,additive net return contribution; initial capital = 1,1678,5000,20260803,1.0,0.5,Minimum capital fraction,P99,1.026810381873203,,,,not estimated for quantiles,False,False,supplementary retrospective risk diagnostic only,"Closed directional episodes overlap and share portfolio NAV. Resampling does not preserve simultaneous cross-market losses, sizing feedback, margin, volatility clustering, regime shifts, or unseen tail events. History is reused and results are not selection-adjusted or prospective. A permutation conditions on the exact realized set of outcomes; its terminal contribution is fixed and it measures ordering only."
1990-2014 full post-launch history,1990-03-01,2014-12-01,1678,67,21,random permutation without replacement,False,additive net return contribution; initial capital = 1,1678,5000,20260803,1.0,0.5,Longest losing streak (episodes),P01,7.0,,,,not estimated for quantiles,False,False,supplementary retrospective risk diagnostic only,"Closed directional episodes overlap and share portfolio NAV. Resampling does not preserve simultaneous cross-market losses, sizing feedback, margin, volatility clustering, regime shifts, or unseen tail events. History is reused and results are not selection-adjusted or prospective. A permutation conditions on the exact realized set of outcomes; its terminal contribution is fixed and it measures ordering only."
1990-2014 full post-launch history,1990-03-01,2014-12-01,1678,67,21,random permutation without replacement,False,additive net return contribution; initial capital = 1,1678,5000,20260803,1.0,0.5,Longest losing streak (episodes),P05,8.0,,,,not estimated for quantiles,False,False,supplementary retrospective risk diagnostic only,"Closed directional episodes overlap and share portfolio NAV. Resampling does not preserve simultaneous cross-market losses, sizing feedback, margin, volatility clustering, regime shifts, or unseen tail events. History is reused and results are not selection-adjusted or prospective. A permutation conditions on the exact realized set of outcomes; its terminal contribution is fixed and it measures ordering only."
1990-2014 full post-launch history,1990-03-01,2014-12-01,1678,67,21,random permutation without replacement,False,additive net return contribution; initial capital = 1,1678,5000,20260803,1.0,0.5,Longest losing streak (episodes),P25,9.0,,,,not estimated for quantiles,False,False,supplementary retrospective risk diagnostic only,"Closed directional episodes overlap and share portfolio NAV. Resampling does not preserve simultaneous cross-market losses, sizing feedback, margin, volatility clustering, regime shifts, or unseen tail events. History is reused and results are not selection-adjusted or prospective. A permutation conditions on the exact realized set of outcomes; its terminal contribution is fixed and it measures ordering only."
1990-2014 full post-launch history,1990-03-01,2014-12-01,1678,67,21,random permutation without replacement,False,additive net return contribution; initial capital = 1,1678,5000,20260803,1.0,0.5,Longest losing streak (episodes),Median,10.0,,,,not estimated for quantiles,False,False,supplementary retrospective risk diagnostic only,"Closed directional episodes overlap and share portfolio NAV. Resampling does not preserve simultaneous cross-market losses, sizing feedback, margin, volatility clustering, regime shifts, or unseen tail events. History is reused and results are not selection-adjusted or prospective. A permutation conditions on the exact realized set of outcomes; its terminal contribution is fixed and it measures ordering only."
1990-2014 full post-launch history,1990-03-01,2014-12-01,1678,67,21,random permutation without replacement,False,additive net return contribution; initial capital = 1,1678,5000,20260803,1.0,0.5,Longest losing streak (episodes),P75,11.0,,,,not estimated for quantiles,False,False,supplementary retrospective risk diagnostic only,"Closed directional episodes overlap and share portfolio NAV. Resampling does not preserve simultaneous cross-market losses, sizing feedback, margin, volatility clustering, regime shifts, or unseen tail events. History is reused and results are not selection-adjusted or prospective. A permutation conditions on the exact realized set of outcomes; its terminal contribution is fixed and it measures ordering only."
1990-2014 full post-launch history,1990-03-01,2014-12-01,1678,67,21,random permutation without replacement,False,additive net return contribution; initial capital = 1,1678,5000,20260803,1.0,0.5,Longest losing streak (episodes),P95,14.0,,,,not estimated for quantiles,False,False,supplementary retrospective risk diagnostic only,"Closed directional episodes overlap and share portfolio NAV. Resampling does not preserve simultaneous cross-market losses, sizing feedback, margin, volatility clustering, regime shifts, or unseen tail events. History is reused and results are not selection-adjusted or prospective. A permutation conditions on the exact realized set of outcomes; its terminal contribution is fixed and it measures ordering only."
1990-2014 full post-launch history,1990-03-01,2014-12-01,1678,67,21,random permutation without replacement,False,additive net return contribution; initial capital = 1,1678,5000,20260803,1.0,0.5,Longest losing streak (episodes),P99,16.0,,,,not estimated for quantiles,False,False,supplementary retrospective risk diagnostic only,"Closed directional episodes overlap and share portfolio NAV. Resampling does not preserve simultaneous cross-market losses, sizing feedback, margin, volatility clustering, regime shifts, or unseen tail events. History is reused and results are not selection-adjusted or prospective. A permutation conditions on the exact realized set of outcomes; its terminal contribution is fixed and it measures ordering only."
1990-2014 full post-launch history,1990-03-01,2014-12-01,1678,67,21,random permutation without replacement,False,additive net return contribution; initial capital = 1,1678,5000,20260803,1.0,0.5,Longest underwater run (episodes),P01,43.0,,,,not estimated for quantiles,False,False,supplementary retrospective risk diagnostic only,"Closed directional episodes overlap and share portfolio NAV. Resampling does not preserve simultaneous cross-market losses, sizing feedback, margin, volatility clustering, regime shifts, or unseen tail events. History is reused and results are not selection-adjusted or prospective. A permutation conditions on the exact realized set of outcomes; its terminal contribution is fixed and it measures ordering only."
1990-2014 full post-launch history,1990-03-01,2014-12-01,1678,67,21,random permutation without replacement,False,additive net return contribution; initial capital = 1,1678,5000,20260803,1.0,0.5,Longest underwater run (episodes),P05,49.0,,,,not estimated for quantiles,False,False,supplementary retrospective risk diagnostic only,"Closed directional episodes overlap and share portfolio NAV. Resampling does not preserve simultaneous cross-market losses, sizing feedback, margin, volatility clustering, regime shifts, or unseen tail events. History is reused and results are not selection-adjusted or prospective. A permutation conditions on the exact realized set of outcomes; its terminal contribution is fixed and it measures ordering only."
1990-2014 full post-launch history,1990-03-01,2014-12-01,1678,67,21,random permutation without replacement,False,additive net return contribution; initial capital = 1,1678,5000,20260803,1.0,0.5,Longest underwater run (episodes),P25,62.0,,,,not estimated for quantiles,False,False,supplementary retrospective risk diagnostic only,"Closed directional episodes overlap and share portfolio NAV. Resampling does not preserve simultaneous cross-market losses, sizing feedback, margin, volatility clustering, regime shifts, or unseen tail events. History is reused and results are not selection-adjusted or prospective. A permutation conditions on the exact realized set of outcomes; its terminal contribution is fixed and it measures ordering only."
1990-2014 full post-launch history,1990-03-01,2014-12-01,1678,67,21,random permutation without replacement,False,additive net return contribution; initial capital = 1,1678,5000,20260803,1.0,0.5,Longest underwater run (episodes),Median,75.0,,,,not estimated for quantiles,False,False,supplementary retrospective risk diagnostic only,"Closed directional episodes overlap and share portfolio NAV. Resampling does not preserve simultaneous cross-market losses, sizing feedback, margin, volatility clustering, regime shifts, or unseen tail events. History is reused and results are not selection-adjusted or prospective. A permutation conditions on the exact realized set of outcomes; its terminal contribution is fixed and it measures ordering only."
1990-2014 full post-launch history,1990-03-01,2014-12-01,1678,67,21,random permutation without replacement,False,additive net return contribution; initial capital = 1,1678,5000,20260803,1.0,0.5,Longest underwater run (episodes),P75,92.0,,,,not estimated for quantiles,False,False,supplementary retrospective risk diagnostic only,"Closed directional episodes overlap and share portfolio NAV. Resampling does not preserve simultaneous cross-market losses, sizing feedback, margin, volatility clustering, regime shifts, or unseen tail events. History is reused and results are not selection-adjusted or prospective. A permutation conditions on the exact realized set of outcomes; its terminal contribution is fixed and it measures ordering only."
1990-2014 full post-launch history,1990-03-01,2014-12-01,1678,67,21,random permutation without replacement,False,additive net return contribution; initial capital = 1,1678,5000,20260803,1.0,0.5,Longest underwater run (episodes),P95,128.0,,,,not estimated for quantiles,False,False,supplementary retrospective risk diagnostic only,"Closed directional episodes overlap and share portfolio NAV. Resampling does not preserve simultaneous cross-market losses, sizing feedback, margin, volatility clustering, regime shifts, or unseen tail events. History is reused and results are not selection-adjusted or prospective. A permutation conditions on the exact realized set of outcomes; its terminal contribution is fixed and it measures ordering only."
1990-2014 full post-launch history,1990-03-01,2014-12-01,1678,67,21,random permutation without replacement,False,additive net return contribution; initial capital = 1,1678,5000,20260803,1.0,0.5,Longest underwater run (episodes),P99,165.01000000000022,,,,not estimated for quantiles,False,False,supplementary retrospective risk diagnostic only,"Closed directional episodes overlap and share portfolio NAV. Resampling does not preserve simultaneous cross-market losses, sizing feedback, margin, volatility clustering, regime shifts, or unseen tail events. History is reused and results are not selection-adjusted or prospective. A permutation conditions on the exact realized set of outcomes; its terminal contribution is fixed and it measures ordering only."
1990-2014 full post-launch history,1990-03-01,2014-12-01,1678,67,21,random permutation without replacement,False,additive net return contribution; initial capital = 1,1678,5000,20260803,1.0,0.5,Capital-floor breach probability (risk-of-ruin proxy),Probability,0.0,0.0,0.0,0.0007677019450571244,95% Wilson score interval,False,False,supplementary retrospective risk diagnostic only,"Closed directional episodes overlap and share portfolio NAV. Resampling does not preserve simultaneous cross-market losses, sizing feedback, margin, volatility clustering, regime shifts, or unseen tail events. History is reused and results are not selection-adjusted or prospective. A permutation conditions on the exact realized set of outcomes; its terminal contribution is fixed and it measures ordering only."
1990-2014 full post-launch history,1990-03-01,2014-12-01,1678,67,21,random permutation without replacement,False,additive net return contribution; initial capital = 1,1678,5000,20260803,1.0,0.5,Maximum-drawdown breach probability (10% threshold),Probability,0.0002,0.00019997999899989998,3.530578343936526e-05,0.0011320890808397363,95% Wilson score interval,False,False,supplementary retrospective risk diagnostic only,"Closed directional episodes overlap and share portfolio NAV. Resampling does not preserve simultaneous cross-market losses, sizing feedback, margin, volatility clustering, regime shifts, or unseen tail events. History is reused and results are not selection-adjusted or prospective. A permutation conditions on the exact realized set of outcomes; its terminal contribution is fixed and it measures ordering only."
1990-2014 full post-launch history,1990-03-01,2014-12-01,1678,67,21,random permutation without replacement,False,additive net return contribution; initial capital = 1,1678,5000,20260803,1.0,0.5,Maximum-drawdown breach probability (15% threshold),Probability,0.0,0.0,0.0,0.0007677019450571244,95% Wilson score interval,False,False,supplementary retrospective risk diagnostic only,"Closed directional episodes overlap and share portfolio NAV. Resampling does not preserve simultaneous cross-market losses, sizing feedback, margin, volatility clustering, regime shifts, or unseen tail events. History is reused and results are not selection-adjusted or prospective. A permutation conditions on the exact realized set of outcomes; its terminal contribution is fixed and it measures ordering only."
1990-2014 full post-launch history,1990-03-01,2014-12-01,1678,67,21,random permutation without replacement,False,additive net return contribution; initial capital = 1,1678,5000,20260803,1.0,0.5,Maximum-drawdown breach probability (20% threshold),Probability,0.0,0.0,0.0,0.0007677019450571244,95% Wilson score interval,False,False,supplementary retrospective risk diagnostic only,"Closed directional episodes overlap and share portfolio NAV. Resampling does not preserve simultaneous cross-market losses, sizing feedback, margin, volatility clustering, regime shifts, or unseen tail events. History is reused and results are not selection-adjusted or prospective. A permutation conditions on the exact realized set of outcomes; its terminal contribution is fixed and it measures ordering only."
1990-2014 full post-launch history,1990-03-01,2014-12-01,1678,67,21,random permutation without replacement,False,additive net return contribution; initial capital = 1,1678,5000,20260803,1.0,0.5,Maximum-drawdown breach probability (30% threshold),Probability,0.0,0.0,0.0,0.0007677019450571244,95% Wilson score interval,False,False,supplementary retrospective risk diagnostic only,"Closed directional episodes overlap and share portfolio NAV. Resampling does not preserve simultaneous cross-market losses, sizing feedback, margin, volatility clustering, regime shifts, or unseen tail events. History is reused and results are not selection-adjusted or prospective. A permutation conditions on the exact realized set of outcomes; its terminal contribution is fixed and it measures ordering only."
1990-2014 full post-launch history,1990-03-01,2014-12-01,1678,67,21,random permutation without replacement,False,additive net return contribution; initial capital = 1,1678,5000,20260803,1.0,0.5,Maximum-drawdown breach probability (40% threshold),Probability,0.0,0.0,0.0,0.0007677019450571244,95% Wilson score interval,False,False,supplementary retrospective risk diagnostic only,"Closed directional episodes overlap and share portfolio NAV. Resampling does not preserve simultaneous cross-market losses, sizing feedback, margin, volatility clustering, regime shifts, or unseen tail events. History is reused and results are not selection-adjusted or prospective. A permutation conditions on the exact realized set of outcomes; its terminal contribution is fixed and it measures ordering only."
1990-2014 full post-launch history,1990-03-01,2014-12-01,1678,67,21,random permutation without replacement,False,additive net return contribution; initial capital = 1,1678,5000,20260803,1.0,0.5,Mean maximum drawdown in worst 5% of paths,Expected shortfall,-0.06763720578744596,0.0005911059294847408,,,tail mean; no interval estimated,False,False,supplementary retrospective risk diagnostic only,"Closed directional episodes overlap and share portfolio NAV. Resampling does not preserve simultaneous cross-market losses, sizing feedback, margin, volatility clustering, regime shifts, or unseen tail events. History is reused and results are not selection-adjusted or prospective. A permutation conditions on the exact realized set of outcomes; its terminal contribution is fixed and it measures ordering only."
1990-2014 full post-launch history,1990-03-01,2014-12-01,1678,67,21,iid episode bootstrap with replacement,True,additive net return contribution; initial capital = 1,1678,5000,20260803,1.0,0.5,Terminal contribution return,P01,2.0575379633062245,,,,not estimated for quantiles,False,False,supplementary retrospective risk diagnostic only,"Closed directional episodes overlap and share portfolio NAV. Resampling does not preserve simultaneous cross-market losses, sizing feedback, margin, volatility clustering, regime shifts, or unseen tail events. History is reused and results are not selection-adjusted or prospective. The iid bootstrap additionally assumes episodes are exchangeable, which can materially understate clustered or regime-dependent risk."
1990-2014 full post-launch history,1990-03-01,2014-12-01,1678,67,21,iid episode bootstrap with replacement,True,additive net return contribution; initial capital = 1,1678,5000,20260803,1.0,0.5,Terminal contribution return,P05,2.256750335642952,,,,not estimated for quantiles,False,False,supplementary retrospective risk diagnostic only,"Closed directional episodes overlap and share portfolio NAV. Resampling does not preserve simultaneous cross-market losses, sizing feedback, margin, volatility clustering, regime shifts, or unseen tail events. History is reused and results are not selection-adjusted or prospective. The iid bootstrap additionally assumes episodes are exchangeable, which can materially understate clustered or regime-dependent risk."
1990-2014 full post-launch history,1990-03-01,2014-12-01,1678,67,21,iid episode bootstrap with replacement,True,additive net return contribution; initial capital = 1,1678,5000,20260803,1.0,0.5,Terminal contribution return,P25,2.5471799802071926,,,,not estimated for quantiles,False,False,supplementary retrospective risk diagnostic only,"Closed directional episodes overlap and share portfolio NAV. Resampling does not preserve simultaneous cross-market losses, sizing feedback, margin, volatility clustering, regime shifts, or unseen tail events. History is reused and results are not selection-adjusted or prospective. The iid bootstrap additionally assumes episodes are exchangeable, which can materially understate clustered or regime-dependent risk."
1990-2014 full post-launch history,1990-03-01,2014-12-01,1678,67,21,iid episode bootstrap with replacement,True,additive net return contribution; initial capital = 1,1678,5000,20260803,1.0,0.5,Terminal contribution return,Median,2.753413646196114,,,,not estimated for quantiles,False,False,supplementary retrospective risk diagnostic only,"Closed directional episodes overlap and share portfolio NAV. Resampling does not preserve simultaneous cross-market losses, sizing feedback, margin, volatility clustering, regime shifts, or unseen tail events. History is reused and results are not selection-adjusted or prospective. The iid bootstrap additionally assumes episodes are exchangeable, which can materially understate clustered or regime-dependent risk."
1990-2014 full post-launch history,1990-03-01,2014-12-01,1678,67,21,iid episode bootstrap with replacement,True,additive net return contribution; initial capital = 1,1678,5000,20260803,1.0,0.5,Terminal contribution return,P75,2.962378742316095,,,,not estimated for quantiles,False,False,supplementary retrospective risk diagnostic only,"Closed directional episodes overlap and share portfolio NAV. Resampling does not preserve simultaneous cross-market losses, sizing feedback, margin, volatility clustering, regime shifts, or unseen tail events. History is reused and results are not selection-adjusted or prospective. The iid bootstrap additionally assumes episodes are exchangeable, which can materially understate clustered or regime-dependent risk."
1990-2014 full post-launch history,1990-03-01,2014-12-01,1678,67,21,iid episode bootstrap with replacement,True,additive net return contribution; initial capital = 1,1678,5000,20260803,1.0,0.5,Terminal contribution return,P95,3.263175489857993,,,,not estimated for quantiles,False,False,supplementary retrospective risk diagnostic only,"Closed directional episodes overlap and share portfolio NAV. Resampling does not preserve simultaneous cross-market losses, sizing feedback, margin, volatility clustering, regime shifts, or unseen tail events. History is reused and results are not selection-adjusted or prospective. The iid bootstrap additionally assumes episodes are exchangeable, which can materially understate clustered or regime-dependent risk."
1990-2014 full post-launch history,1990-03-01,2014-12-01,1678,67,21,iid episode bootstrap with replacement,True,additive net return contribution; initial capital = 1,1678,5000,20260803,1.0,0.5,Terminal contribution return,P99,3.478258260545488,,,,not estimated for quantiles,False,False,supplementary retrospective risk diagnostic only,"Closed directional episodes overlap and share portfolio NAV. Resampling does not preserve simultaneous cross-market losses, sizing feedback, margin, volatility clustering, regime shifts, or unseen tail events. History is reused and results are not selection-adjusted or prospective. The iid bootstrap additionally assumes episodes are exchangeable, which can materially understate clustered or regime-dependent risk."
1990-2014 full post-launch history,1990-03-01,2014-12-01,1678,67,21,iid episode bootstrap with replacement,True,additive net return contribution; initial capital = 1,1678,5000,20260803,1.0,0.5,Maximum drawdown,P01,-0.07475808084502793,,,,not estimated for quantiles,False,False,supplementary retrospective risk diagnostic only,"Closed directional episodes overlap and share portfolio NAV. Resampling does not preserve simultaneous cross-market losses, sizing feedback, margin, volatility clustering, regime shifts, or unseen tail events. History is reused and results are not selection-adjusted or prospective. The iid bootstrap additionally assumes episodes are exchangeable, which can materially understate clustered or regime-dependent risk."
1990-2014 full post-launch history,1990-03-01,2014-12-01,1678,67,21,iid episode bootstrap with replacement,True,additive net return contribution; initial capital = 1,1678,5000,20260803,1.0,0.5,Maximum drawdown,P05,-0.058898762192000124,,,,not estimated for quantiles,False,False,supplementary retrospective risk diagnostic only,"Closed directional episodes overlap and share portfolio NAV. Resampling does not preserve simultaneous cross-market losses, sizing feedback, margin, volatility clustering, regime shifts, or unseen tail events. History is reused and results are not selection-adjusted or prospective. The iid bootstrap additionally assumes episodes are exchangeable, which can materially understate clustered or regime-dependent risk."
1990-2014 full post-launch history,1990-03-01,2014-12-01,1678,67,21,iid episode bootstrap with replacement,True,additive net return contribution; initial capital = 1,1678,5000,20260803,1.0,0.5,Maximum drawdown,P25,-0.04209771333056453,,,,not estimated for quantiles,False,False,supplementary retrospective risk diagnostic only,"Closed directional episodes overlap and share portfolio NAV. Resampling does not preserve simultaneous cross-market losses, sizing feedback, margin, volatility clustering, regime shifts, or unseen tail events. History is reused and results are not selection-adjusted or prospective. The iid bootstrap additionally assumes episodes are exchangeable, which can materially understate clustered or regime-dependent risk."
1990-2014 full post-launch history,1990-03-01,2014-12-01,1678,67,21,iid episode bootstrap with replacement,True,additive net return contribution; initial capital = 1,1678,5000,20260803,1.0,0.5,Maximum drawdown,Median,-0.03442306773787046,,,,not estimated for quantiles,False,False,supplementary retrospective risk diagnostic only,"Closed directional episodes overlap and share portfolio NAV. Resampling does not preserve simultaneous cross-market losses, sizing feedback, margin, volatility clustering, regime shifts, or unseen tail events. History is reused and results are not selection-adjusted or prospective. The iid bootstrap additionally assumes episodes are exchangeable, which can materially understate clustered or regime-dependent risk."
1990-2014 full post-launch history,1990-03-01,2014-12-01,1678,67,21,iid episode bootstrap with replacement,True,additive net return contribution; initial capital = 1,1678,5000,20260803,1.0,0.5,Maximum drawdown,P75,-0.028622342091167763,,,,not estimated for quantiles,False,False,supplementary retrospective risk diagnostic only,"Closed directional episodes overlap and share portfolio NAV. Resampling does not preserve simultaneous cross-market losses, sizing feedback, margin, volatility clustering, regime shifts, or unseen tail events. History is reused and results are not selection-adjusted or prospective. The iid bootstrap additionally assumes episodes are exchangeable, which can materially understate clustered or regime-dependent risk."
1990-2014 full post-launch history,1990-03-01,2014-12-01,1678,67,21,iid episode bootstrap with replacement,True,additive net return contribution; initial capital = 1,1678,5000,20260803,1.0,0.5,Maximum drawdown,P95,-0.02252138898789554,,,,not estimated for quantiles,False,False,supplementary retrospective risk diagnostic only,"Closed directional episodes overlap and share portfolio NAV. Resampling does not preserve simultaneous cross-market losses, sizing feedback, margin, volatility clustering, regime shifts, or unseen tail events. History is reused and results are not selection-adjusted or prospective. The iid bootstrap additionally assumes episodes are exchangeable, which can materially understate clustered or regime-dependent risk."
1990-2014 full post-launch history,1990-03-01,2014-12-01,1678,67,21,iid episode bootstrap with replacement,True,additive net return contribution; initial capital = 1,1678,5000,20260803,1.0,0.5,Maximum drawdown,P99,-0.019383946184315735,,,,not estimated for quantiles,False,False,supplementary retrospective risk diagnostic only,"Closed directional episodes overlap and share portfolio NAV. Resampling does not preserve simultaneous cross-market losses, sizing feedback, margin, volatility clustering, regime shifts, or unseen tail events. History is reused and results are not selection-adjusted or prospective. The iid bootstrap additionally assumes episodes are exchangeable, which can materially understate clustered or regime-dependent risk."
1990-2014 full post-launch history,1990-03-01,2014-12-01,1678,67,21,iid episode bootstrap with replacement,True,additive net return contribution; initial capital = 1,1678,5000,20260803,1.0,0.5,Minimum capital fraction,P01,0.9463664504961662,,,,not estimated for quantiles,False,False,supplementary retrospective risk diagnostic only,"Closed directional episodes overlap and share portfolio NAV. Resampling does not preserve simultaneous cross-market losses, sizing feedback, margin, volatility clustering, regime shifts, or unseen tail events. History is reused and results are not selection-adjusted or prospective. The iid bootstrap additionally assumes episodes are exchangeable, which can materially understate clustered or regime-dependent risk."
1990-2014 full post-launch history,1990-03-01,2014-12-01,1678,67,21,iid episode bootstrap with replacement,True,additive net return contribution; initial capital = 1,1678,5000,20260803,1.0,0.5,Minimum capital fraction,P05,0.9678792591235534,,,,not estimated for quantiles,False,False,supplementary retrospective risk diagnostic only,"Closed directional episodes overlap and share portfolio NAV. Resampling does not preserve simultaneous cross-market losses, sizing feedback, margin, volatility clustering, regime shifts, or unseen tail events. History is reused and results are not selection-adjusted or prospective. The iid bootstrap additionally assumes episodes are exchangeable, which can materially understate clustered or regime-dependent risk."
1990-2014 full post-launch history,1990-03-01,2014-12-01,1678,67,21,iid episode bootstrap with replacement,True,additive net return contribution; initial capital = 1,1678,5000,20260803,1.0,0.5,Minimum capital fraction,P25,0.9865393400477532,,,,not estimated for quantiles,False,False,supplementary retrospective risk diagnostic only,"Closed directional episodes overlap and share portfolio NAV. Resampling does not preserve simultaneous cross-market losses, sizing feedback, margin, volatility clustering, regime shifts, or unseen tail events. History is reused and results are not selection-adjusted or prospective. The iid bootstrap additionally assumes episodes are exchangeable, which can materially understate clustered or regime-dependent risk."
1990-2014 full post-launch history,1990-03-01,2014-12-01,1678,67,21,iid episode bootstrap with replacement,True,additive net return contribution; initial capital = 1,1678,5000,20260803,1.0,0.5,Minimum capital fraction,Median,0.9950526050889122,,,,not estimated for quantiles,False,False,supplementary retrospective risk diagnostic only,"Closed directional episodes overlap and share portfolio NAV. Resampling does not preserve simultaneous cross-market losses, sizing feedback, margin, volatility clustering, regime shifts, or unseen tail events. History is reused and results are not selection-adjusted or prospective. The iid bootstrap additionally assumes episodes are exchangeable, which can materially understate clustered or regime-dependent risk."
1990-2014 full post-launch history,1990-03-01,2014-12-01,1678,67,21,iid episode bootstrap with replacement,True,additive net return contribution; initial capital = 1,1678,5000,20260803,1.0,0.5,Minimum capital fraction,P75,0.9996294456401674,,,,not estimated for quantiles,False,False,supplementary retrospective risk diagnostic only,"Closed directional episodes overlap and share portfolio NAV. Resampling does not preserve simultaneous cross-market losses, sizing feedback, margin, volatility clustering, regime shifts, or unseen tail events. History is reused and results are not selection-adjusted or prospective. The iid bootstrap additionally assumes episodes are exchangeable, which can materially understate clustered or regime-dependent risk."
1990-2014 full post-launch history,1990-03-01,2014-12-01,1678,67,21,iid episode bootstrap with replacement,True,additive net return contribution; initial capital = 1,1678,5000,20260803,1.0,0.5,Minimum capital fraction,P95,1.0111611362421011,,,,not estimated for quantiles,False,False,supplementary retrospective risk diagnostic only,"Closed directional episodes overlap and share portfolio NAV. Resampling does not preserve simultaneous cross-market losses, sizing feedback, margin, volatility clustering, regime shifts, or unseen tail events. History is reused and results are not selection-adjusted or prospective. The iid bootstrap additionally assumes episodes are exchangeable, which can materially understate clustered or regime-dependent risk."
1990-2014 full post-launch history,1990-03-01,2014-12-01,1678,67,21,iid episode bootstrap with replacement,True,additive net return contribution; initial capital = 1,1678,5000,20260803,1.0,0.5,Minimum capital fraction,P99,1.0260248050820324,,,,not estimated for quantiles,False,False,supplementary retrospective risk diagnostic only,"Closed directional episodes overlap and share portfolio NAV. Resampling does not preserve simultaneous cross-market losses, sizing feedback, margin, volatility clustering, regime shifts, or unseen tail events. History is reused and results are not selection-adjusted or prospective. The iid bootstrap additionally assumes episodes are exchangeable, which can materially understate clustered or regime-dependent risk."
1990-2014 full post-launch history,1990-03-01,2014-12-01,1678,67,21,iid episode bootstrap with replacement,True,additive net return contribution; initial capital = 1,1678,5000,20260803,1.0,0.5,Longest losing streak (episodes),P01,7.0,,,,not estimated for quantiles,False,False,supplementary retrospective risk diagnostic only,"Closed directional episodes overlap and share portfolio NAV. Resampling does not preserve simultaneous cross-market losses, sizing feedback, margin, volatility clustering, regime shifts, or unseen tail events. History is reused and results are not selection-adjusted or prospective. The iid bootstrap additionally assumes episodes are exchangeable, which can materially understate clustered or regime-dependent risk."
1990-2014 full post-launch history,1990-03-01,2014-12-01,1678,67,21,iid episode bootstrap with replacement,True,additive net return contribution; initial capital = 1,1678,5000,20260803,1.0,0.5,Longest losing streak (episodes),P05,8.0,,,,not estimated for quantiles,False,False,supplementary retrospective risk diagnostic only,"Closed directional episodes overlap and share portfolio NAV. Resampling does not preserve simultaneous cross-market losses, sizing feedback, margin, volatility clustering, regime shifts, or unseen tail events. History is reused and results are not selection-adjusted or prospective. The iid bootstrap additionally assumes episodes are exchangeable, which can materially understate clustered or regime-dependent risk."
1990-2014 full post-launch history,1990-03-01,2014-12-01,1678,67,21,iid episode bootstrap with replacement,True,additive net return contribution; initial capital = 1,1678,5000,20260803,1.0,0.5,Longest losing streak (episodes),P25,9.0,,,,not estimated for quantiles,False,False,supplementary retrospective risk diagnostic only,"Closed directional episodes overlap and share portfolio NAV. Resampling does not preserve simultaneous cross-market losses, sizing feedback, margin, volatility clustering, regime shifts, or unseen tail events. History is reused and results are not selection-adjusted or prospective. The iid bootstrap additionally assumes episodes are exchangeable, which can materially understate clustered or regime-dependent risk."
1990-2014 full post-launch history,1990-03-01,2014-12-01,1678,67,21,iid episode bootstrap with replacement,True,additive net return contribution; initial capital = 1,1678,5000,20260803,1.0,0.5,Longest losing streak (episodes),Median,10.0,,,,not estimated for quantiles,False,False,supplementary retrospective risk diagnostic only,"Closed directional episodes overlap and share portfolio NAV. Resampling does not preserve simultaneous cross-market losses, sizing feedback, margin, volatility clustering, regime shifts, or unseen tail events. History is reused and results are not selection-adjusted or prospective. The iid bootstrap additionally assumes episodes are exchangeable, which can materially understate clustered or regime-dependent risk."
1990-2014 full post-launch history,1990-03-01,2014-12-01,1678,67,21,iid episode bootstrap with replacement,True,additive net return contribution; initial capital = 1,1678,5000,20260803,1.0,0.5,Longest losing streak (episodes),P75,11.0,,,,not estimated for quantiles,False,False,supplementary retrospective risk diagnostic only,"Closed directional episodes overlap and share portfolio NAV. Resampling does not preserve simultaneous cross-market losses, sizing feedback, margin, volatility clustering, regime shifts, or unseen tail events. History is reused and results are not selection-adjusted or prospective. The iid bootstrap additionally assumes episodes are exchangeable, which can materially understate clustered or regime-dependent risk."
1990-2014 full post-launch history,1990-03-01,2014-12-01,1678,67,21,iid episode bootstrap with replacement,True,additive net return contribution; initial capital = 1,1678,5000,20260803,1.0,0.5,Longest losing streak (episodes),P95,14.0,,,,not estimated for quantiles,False,False,supplementary retrospective risk diagnostic only,"Closed directional episodes overlap and share portfolio NAV. Resampling does not preserve simultaneous cross-market losses, sizing feedback, margin, volatility clustering, regime shifts, or unseen tail events. History is reused and results are not selection-adjusted or prospective. The iid bootstrap additionally assumes episodes are exchangeable, which can materially understate clustered or regime-dependent risk."
1990-2014 full post-launch history,1990-03-01,2014-12-01,1678,67,21,iid episode bootstrap with replacement,True,additive net return contribution; initial capital = 1,1678,5000,20260803,1.0,0.5,Longest losing streak (episodes),P99,16.0,,,,not estimated for quantiles,False,False,supplementary retrospective risk diagnostic only,"Closed directional episodes overlap and share portfolio NAV. Resampling does not preserve simultaneous cross-market losses, sizing feedback, margin, volatility clustering, regime shifts, or unseen tail events. History is reused and results are not selection-adjusted or prospective. The iid bootstrap additionally assumes episodes are exchangeable, which can materially understate clustered or regime-dependent risk."
1990-2014 full post-launch history,1990-03-01,2014-12-01,1678,67,21,iid episode bootstrap with replacement,True,additive net return contribution; initial capital = 1,1678,5000,20260803,1.0,0.5,Longest underwater run (episodes),P01,39.0,,,,not estimated for quantiles,False,False,supplementary retrospective risk diagnostic only,"Closed directional episodes overlap and share portfolio NAV. Resampling does not preserve simultaneous cross-market losses, sizing feedback, margin, volatility clustering, regime shifts, or unseen tail events. History is reused and results are not selection-adjusted or prospective. The iid bootstrap additionally assumes episodes are exchangeable, which can materially understate clustered or regime-dependent risk."
1990-2014 full post-launch history,1990-03-01,2014-12-01,1678,67,21,iid episode bootstrap with replacement,True,additive net return contribution; initial capital = 1,1678,5000,20260803,1.0,0.5,Longest underwater run (episodes),P05,47.0,,,,not estimated for quantiles,False,False,supplementary retrospective risk diagnostic only,"Closed directional episodes overlap and share portfolio NAV. Resampling does not preserve simultaneous cross-market losses, sizing feedback, margin, volatility clustering, regime shifts, or unseen tail events. History is reused and results are not selection-adjusted or prospective. The iid bootstrap additionally assumes episodes are exchangeable, which can materially understate clustered or regime-dependent risk."
1990-2014 full post-launch history,1990-03-01,2014-12-01,1678,67,21,iid episode bootstrap with replacement,True,additive net return contribution; initial capital = 1,1678,5000,20260803,1.0,0.5,Longest underwater run (episodes),P25,61.0,,,,not estimated for quantiles,False,False,supplementary retrospective risk diagnostic only,"Closed directional episodes overlap and share portfolio NAV. Resampling does not preserve simultaneous cross-market losses, sizing feedback, margin, volatility clustering, regime shifts, or unseen tail events. History is reused and results are not selection-adjusted or prospective. The iid bootstrap additionally assumes episodes are exchangeable, which can materially understate clustered or regime-dependent risk."
1990-2014 full post-launch history,1990-03-01,2014-12-01,1678,67,21,iid episode bootstrap with replacement,True,additive net return contribution; initial capital = 1,1678,5000,20260803,1.0,0.5,Longest underwater run (episodes),Median,75.0,,,,not estimated for quantiles,False,False,supplementary retrospective risk diagnostic only,"Closed directional episodes overlap and share portfolio NAV. Resampling does not preserve simultaneous cross-market losses, sizing feedback, margin, volatility clustering, regime shifts, or unseen tail events. History is reused and results are not selection-adjusted or prospective. The iid bootstrap additionally assumes episodes are exchangeable, which can materially understate clustered or regime-dependent risk."
1990-2014 full post-launch history,1990-03-01,2014-12-01,1678,67,21,iid episode bootstrap with replacement,True,additive net return contribution; initial capital = 1,1678,5000,20260803,1.0,0.5,Longest underwater run (episodes),P75,96.0,,,,not estimated for quantiles,False,False,supplementary retrospective risk diagnostic only,"Closed directional episodes overlap and share portfolio NAV. Resampling does not preserve simultaneous cross-market losses, sizing feedback, margin, volatility clustering, regime shifts, or unseen tail events. History is reused and results are not selection-adjusted or prospective. The iid bootstrap additionally assumes episodes are exchangeable, which can materially understate clustered or regime-dependent risk."
1990-2014 full post-launch history,1990-03-01,2014-12-01,1678,67,21,iid episode bootstrap with replacement,True,additive net return contribution; initial capital = 1,1678,5000,20260803,1.0,0.5,Longest underwater run (episodes),P95,137.0,,,,not estimated for quantiles,False,False,supplementary retrospective risk diagnostic only,"Closed directional episodes overlap and share portfolio NAV. Resampling does not preserve simultaneous cross-market losses, sizing feedback, margin, volatility clustering, regime shifts, or unseen tail events. History is reused and results are not selection-adjusted or prospective. The iid bootstrap additionally assumes episodes are exchangeable, which can materially understate clustered or regime-dependent risk."
1990-2014 full post-launch history,1990-03-01,2014-12-01,1678,67,21,iid episode bootstrap with replacement,True,additive net return contribution; initial capital = 1,1678,5000,20260803,1.0,0.5,Longest underwater run (episodes),P99,178.0,,,,not estimated for quantiles,False,False,supplementary retrospective risk diagnostic only,"Closed directional episodes overlap and share portfolio NAV. Resampling does not preserve simultaneous cross-market losses, sizing feedback, margin, volatility clustering, regime shifts, or unseen tail events. History is reused and results are not selection-adjusted or prospective. The iid bootstrap additionally assumes episodes are exchangeable, which can materially understate clustered or regime-dependent risk."
1990-2014 full post-launch history,1990-03-01,2014-12-01,1678,67,21,iid episode bootstrap with replacement,True,additive net return contribution; initial capital = 1,1678,5000,20260803,1.0,0.5,Capital-floor breach probability (risk-of-ruin proxy),Probability,0.0,0.0,0.0,0.0007677019450571244,95% Wilson score interval,False,False,supplementary retrospective risk diagnostic only,"Closed directional episodes overlap and share portfolio NAV. Resampling does not preserve simultaneous cross-market losses, sizing feedback, margin, volatility clustering, regime shifts, or unseen tail events. History is reused and results are not selection-adjusted or prospective. The iid bootstrap additionally assumes episodes are exchangeable, which can materially understate clustered or regime-dependent risk."
1990-2014 full post-launch history,1990-03-01,2014-12-01,1678,67,21,iid episode bootstrap with replacement,True,additive net return contribution; initial capital = 1,1678,5000,20260803,1.0,0.5,Maximum-drawdown breach probability (10% threshold),Probability,0.0006,0.00034630622287218577,0.00020407465419434642,0.001762706048528709,95% Wilson score interval,False,False,supplementary retrospective risk diagnostic only,"Closed directional episodes overlap and share portfolio NAV. Resampling does not preserve simultaneous cross-market losses, sizing feedback, margin, volatility clustering, regime shifts, or unseen tail events. History is reused and results are not selection-adjusted or prospective. The iid bootstrap additionally assumes episodes are exchangeable, which can materially understate clustered or regime-dependent risk."
1990-2014 full post-launch history,1990-03-01,2014-12-01,1678,67,21,iid episode bootstrap with replacement,True,additive net return contribution; initial capital = 1,1678,5000,20260803,1.0,0.5,Maximum-drawdown breach probability (15% threshold),Probability,0.0,0.0,0.0,0.0007677019450571244,95% Wilson score interval,False,False,supplementary retrospective risk diagnostic only,"Closed directional episodes overlap and share portfolio NAV. Resampling does not preserve simultaneous cross-market losses, sizing feedback, margin, volatility clustering, regime shifts, or unseen tail events. History is reused and results are not selection-adjusted or prospective. The iid bootstrap additionally assumes episodes are exchangeable, which can materially understate clustered or regime-dependent risk."
1990-2014 full post-launch history,1990-03-01,2014-12-01,1678,67,21,iid episode bootstrap with replacement,True,additive net return contribution; initial capital = 1,1678,5000,20260803,1.0,0.5,Maximum-drawdown breach probability (20% threshold),Probability,0.0,0.0,0.0,0.0007677019450571244,95% Wilson score interval,False,False,supplementary retrospective risk diagnostic only,"Closed directional episodes overlap and share portfolio NAV. Resampling does not preserve simultaneous cross-market losses, sizing feedback, margin, volatility clustering, regime shifts, or unseen tail events. History is reused and results are not selection-adjusted or prospective. The iid bootstrap additionally assumes episodes are exchangeable, which can materially understate clustered or regime-dependent risk."
1990-2014 full post-launch history,1990-03-01,2014-12-01,1678,67,21,iid episode bootstrap with replacement,True,additive net return contribution; initial capital = 1,1678,5000,20260803,1.0,0.5,Maximum-drawdown breach probability (30% threshold),Probability,0.0,0.0,0.0,0.0007677019450571244,95% Wilson score interval,False,False,supplementary retrospective risk diagnostic only,"Closed directional episodes overlap and share portfolio NAV. Resampling does not preserve simultaneous cross-market losses, sizing feedback, margin, volatility clustering, regime shifts, or unseen tail events. History is reused and results are not selection-adjusted or prospective. The iid bootstrap additionally assumes episodes are exchangeable, which can materially understate clustered or regime-dependent risk."
1990-2014 full post-launch history,1990-03-01,2014-12-01,1678,67,21,iid episode bootstrap with replacement,True,additive net return contribution; initial capital = 1,1678,5000,20260803,1.0,0.5,Maximum-drawdown breach probability (40% threshold),Probability,0.0,0.0,0.0,0.0007677019450571244,95% Wilson score interval,False,False,supplementary retrospective risk diagnostic only,"Closed directional episodes overlap and share portfolio NAV. Resampling does not preserve simultaneous cross-market losses, sizing feedback, margin, volatility clustering, regime shifts, or unseen tail events. History is reused and results are not selection-adjusted or prospective. The iid bootstrap additionally assumes episodes are exchangeable, which can materially understate clustered or regime-dependent risk."
1990-2014 full post-launch history,1990-03-01,2014-12-01,1678,67,21,iid episode bootstrap with replacement,True,additive net return contribution; initial capital = 1,1678,5000,20260803,1.0,0.5,Mean maximum drawdown in worst 5% of paths,Expected shortfall,-0.06845103063132416,0.0005742141083219386,,,tail mean; no interval estimated,False,False,supplementary retrospective risk diagnostic only,"Closed directional episodes overlap and share portfolio NAV. Resampling does not preserve simultaneous cross-market losses, sizing feedback, margin, volatility clustering, regime shifts, or unseen tail events. History is reused and results are not selection-adjusted or prospective. The iid bootstrap additionally assumes episodes are exchangeable, which can materially understate clustered or regime-dependent risk."
