Window,Source start,Source end,Source months,Method,Drawdown resolution,Expected block months,Horizon months,Samples,Seed,Metric,Statistic,Value,Selection adjusted
2005-2014 reused later diagnostic,2005-01-31,2014-12-31,120,stationary monthly bootstrap,month-end only; informational; may understate intramonth drawdown,6,12,2000,20260803,CAGR,P01,-0.06800947155628359,False
2005-2014 reused later diagnostic,2005-01-31,2014-12-31,120,stationary monthly bootstrap,month-end only; informational; may understate intramonth drawdown,6,12,2000,20260803,CAGR,P05,-0.037121925506612766,False
2005-2014 reused later diagnostic,2005-01-31,2014-12-31,120,stationary monthly bootstrap,month-end only; informational; may understate intramonth drawdown,6,12,2000,20260803,CAGR,P25,0.03334977013760358,False
2005-2014 reused later diagnostic,2005-01-31,2014-12-31,120,stationary monthly bootstrap,month-end only; informational; may understate intramonth drawdown,6,12,2000,20260803,CAGR,Median,0.10174763743804886,False
2005-2014 reused later diagnostic,2005-01-31,2014-12-31,120,stationary monthly bootstrap,month-end only; informational; may understate intramonth drawdown,6,12,2000,20260803,CAGR,P75,0.17216978479772171,False
2005-2014 reused later diagnostic,2005-01-31,2014-12-31,120,stationary monthly bootstrap,month-end only; informational; may understate intramonth drawdown,6,12,2000,20260803,CAGR,P95,0.24732378042589095,False
2005-2014 reused later diagnostic,2005-01-31,2014-12-31,120,stationary monthly bootstrap,month-end only; informational; may understate intramonth drawdown,6,12,2000,20260803,CAGR,P99,0.31381589465540866,False
2005-2014 reused later diagnostic,2005-01-31,2014-12-31,120,stationary monthly bootstrap,month-end only; informational; may understate intramonth drawdown,6,12,2000,20260803,Monthly Sharpe,P01,-1.1719100567299825,False
2005-2014 reused later diagnostic,2005-01-31,2014-12-31,120,stationary monthly bootstrap,month-end only; informational; may understate intramonth drawdown,6,12,2000,20260803,Monthly Sharpe,P05,-0.5019121531111187,False
2005-2014 reused later diagnostic,2005-01-31,2014-12-31,120,stationary monthly bootstrap,month-end only; informational; may understate intramonth drawdown,6,12,2000,20260803,Monthly Sharpe,P25,0.4901679305038406,False
2005-2014 reused later diagnostic,2005-01-31,2014-12-31,120,stationary monthly bootstrap,month-end only; informational; may understate intramonth drawdown,6,12,2000,20260803,Monthly Sharpe,Median,1.2581067952492537,False
2005-2014 reused later diagnostic,2005-01-31,2014-12-31,120,stationary monthly bootstrap,month-end only; informational; may understate intramonth drawdown,6,12,2000,20260803,Monthly Sharpe,P75,2.1184114617238228,False
2005-2014 reused later diagnostic,2005-01-31,2014-12-31,120,stationary monthly bootstrap,month-end only; informational; may understate intramonth drawdown,6,12,2000,20260803,Monthly Sharpe,P95,3.318452498608425,False
2005-2014 reused later diagnostic,2005-01-31,2014-12-31,120,stationary monthly bootstrap,month-end only; informational; may understate intramonth drawdown,6,12,2000,20260803,Monthly Sharpe,P99,4.180718887091702,False
2005-2014 reused later diagnostic,2005-01-31,2014-12-31,120,stationary monthly bootstrap,month-end only; informational; may understate intramonth drawdown,6,12,2000,20260803,Maximum drawdown,P01,-0.10026731806889913,False
2005-2014 reused later diagnostic,2005-01-31,2014-12-31,120,stationary monthly bootstrap,month-end only; informational; may understate intramonth drawdown,6,12,2000,20260803,Maximum drawdown,P05,-0.07308539678360132,False
2005-2014 reused later diagnostic,2005-01-31,2014-12-31,120,stationary monthly bootstrap,month-end only; informational; may understate intramonth drawdown,6,12,2000,20260803,Maximum drawdown,P25,-0.05391869537838112,False
2005-2014 reused later diagnostic,2005-01-31,2014-12-31,120,stationary monthly bootstrap,month-end only; informational; may understate intramonth drawdown,6,12,2000,20260803,Maximum drawdown,Median,-0.036254615042216,False
2005-2014 reused later diagnostic,2005-01-31,2014-12-31,120,stationary monthly bootstrap,month-end only; informational; may understate intramonth drawdown,6,12,2000,20260803,Maximum drawdown,P75,-0.027470209155694536,False
2005-2014 reused later diagnostic,2005-01-31,2014-12-31,120,stationary monthly bootstrap,month-end only; informational; may understate intramonth drawdown,6,12,2000,20260803,Maximum drawdown,P95,-0.004944598100332648,False
2005-2014 reused later diagnostic,2005-01-31,2014-12-31,120,stationary monthly bootstrap,month-end only; informational; may understate intramonth drawdown,6,12,2000,20260803,Maximum drawdown,P99,-0.0033877105646809014,False
2005-2014 reused later diagnostic,2005-01-31,2014-12-31,120,stationary monthly bootstrap,month-end only; informational; may understate intramonth drawdown,6,12,2000,20260803,Worst 12-month return,P01,-0.06800947155628359,False
2005-2014 reused later diagnostic,2005-01-31,2014-12-31,120,stationary monthly bootstrap,month-end only; informational; may understate intramonth drawdown,6,12,2000,20260803,Worst 12-month return,P05,-0.037121925506612766,False
2005-2014 reused later diagnostic,2005-01-31,2014-12-31,120,stationary monthly bootstrap,month-end only; informational; may understate intramonth drawdown,6,12,2000,20260803,Worst 12-month return,P25,0.033349770137603596,False
2005-2014 reused later diagnostic,2005-01-31,2014-12-31,120,stationary monthly bootstrap,month-end only; informational; may understate intramonth drawdown,6,12,2000,20260803,Worst 12-month return,Median,0.10174763743804888,False
2005-2014 reused later diagnostic,2005-01-31,2014-12-31,120,stationary monthly bootstrap,month-end only; informational; may understate intramonth drawdown,6,12,2000,20260803,Worst 12-month return,P75,0.17216978479772171,False
2005-2014 reused later diagnostic,2005-01-31,2014-12-31,120,stationary monthly bootstrap,month-end only; informational; may understate intramonth drawdown,6,12,2000,20260803,Worst 12-month return,P95,0.24732378042589104,False
2005-2014 reused later diagnostic,2005-01-31,2014-12-31,120,stationary monthly bootstrap,month-end only; informational; may understate intramonth drawdown,6,12,2000,20260803,Worst 12-month return,P99,0.31381589465540866,False
2005-2014 reused later diagnostic,2005-01-31,2014-12-31,120,stationary monthly bootstrap,month-end only; informational; may understate intramonth drawdown,6,12,2000,20260803,Probability of terminal loss,Probability,0.143,False
2005-2014 reused later diagnostic,2005-01-31,2014-12-31,120,stationary monthly bootstrap,month-end only; informational; may understate intramonth drawdown,6,12,2000,20260803,Probability capital falls below 50% of initial (diagnostic),Probability,0.0,False
2005-2014 reused later diagnostic,2005-01-31,2014-12-31,120,stationary monthly bootstrap,month-end only; informational; may understate intramonth drawdown,6,12,2000,20260803,Probability maximum drawdown exceeds 15%,Probability,0.0,False
2005-2014 reused later diagnostic,2005-01-31,2014-12-31,120,stationary monthly bootstrap,month-end only; informational; may understate intramonth drawdown,6,12,2000,20260803,Probability maximum drawdown exceeds 20%,Probability,0.0,False
2005-2014 reused later diagnostic,2005-01-31,2014-12-31,120,stationary monthly bootstrap,month-end only; informational; may understate intramonth drawdown,6,12,2000,20260803,Probability maximum drawdown exceeds 30%,Probability,0.0,False
2005-2014 reused later diagnostic,2005-01-31,2014-12-31,120,stationary monthly bootstrap,month-end only; informational; may understate intramonth drawdown,6,12,2000,20260803,Probability maximum drawdown exceeds 40%,Probability,0.0,False
2005-2014 reused later diagnostic,2005-01-31,2014-12-31,120,stationary monthly bootstrap,month-end only; informational; may understate intramonth drawdown,6,36,2000,20260803,CAGR,P01,-0.012443026282029987,False
2005-2014 reused later diagnostic,2005-01-31,2014-12-31,120,stationary monthly bootstrap,month-end only; informational; may understate intramonth drawdown,6,36,2000,20260803,CAGR,P05,0.017417453426514448,False
2005-2014 reused later diagnostic,2005-01-31,2014-12-31,120,stationary monthly bootstrap,month-end only; informational; may understate intramonth drawdown,6,36,2000,20260803,CAGR,P25,0.06328041519325572,False
2005-2014 reused later diagnostic,2005-01-31,2014-12-31,120,stationary monthly bootstrap,month-end only; informational; may understate intramonth drawdown,6,36,2000,20260803,CAGR,Median,0.09811122280460387,False
2005-2014 reused later diagnostic,2005-01-31,2014-12-31,120,stationary monthly bootstrap,month-end only; informational; may understate intramonth drawdown,6,36,2000,20260803,CAGR,P75,0.13361510758051498,False
2005-2014 reused later diagnostic,2005-01-31,2014-12-31,120,stationary monthly bootstrap,month-end only; informational; may understate intramonth drawdown,6,36,2000,20260803,CAGR,P95,0.1889670561916344,False
2005-2014 reused later diagnostic,2005-01-31,2014-12-31,120,stationary monthly bootstrap,month-end only; informational; may understate intramonth drawdown,6,36,2000,20260803,CAGR,P99,0.2194494515214254,False
2005-2014 reused later diagnostic,2005-01-31,2014-12-31,120,stationary monthly bootstrap,month-end only; informational; may understate intramonth drawdown,6,36,2000,20260803,Monthly Sharpe,P01,-0.16037064411605403,False
2005-2014 reused later diagnostic,2005-01-31,2014-12-31,120,stationary monthly bootstrap,month-end only; informational; may understate intramonth drawdown,6,36,2000,20260803,Monthly Sharpe,P05,0.2827889851963747,False
2005-2014 reused later diagnostic,2005-01-31,2014-12-31,120,stationary monthly bootstrap,month-end only; informational; may understate intramonth drawdown,6,36,2000,20260803,Monthly Sharpe,P25,0.8247577273117808,False
2005-2014 reused later diagnostic,2005-01-31,2014-12-31,120,stationary monthly bootstrap,month-end only; informational; may understate intramonth drawdown,6,36,2000,20260803,Monthly Sharpe,Median,1.2117928057211231,False
2005-2014 reused later diagnostic,2005-01-31,2014-12-31,120,stationary monthly bootstrap,month-end only; informational; may understate intramonth drawdown,6,36,2000,20260803,Monthly Sharpe,P75,1.6541105996148389,False
2005-2014 reused later diagnostic,2005-01-31,2014-12-31,120,stationary monthly bootstrap,month-end only; informational; may understate intramonth drawdown,6,36,2000,20260803,Monthly Sharpe,P95,2.3325873166893567,False
2005-2014 reused later diagnostic,2005-01-31,2014-12-31,120,stationary monthly bootstrap,month-end only; informational; may understate intramonth drawdown,6,36,2000,20260803,Monthly Sharpe,P99,2.85443579205709,False
2005-2014 reused later diagnostic,2005-01-31,2014-12-31,120,stationary monthly bootstrap,month-end only; informational; may understate intramonth drawdown,6,36,2000,20260803,Maximum drawdown,P01,-0.13338162856484745,False
2005-2014 reused later diagnostic,2005-01-31,2014-12-31,120,stationary monthly bootstrap,month-end only; informational; may understate intramonth drawdown,6,36,2000,20260803,Maximum drawdown,P05,-0.10817253801485519,False
2005-2014 reused later diagnostic,2005-01-31,2014-12-31,120,stationary monthly bootstrap,month-end only; informational; may understate intramonth drawdown,6,36,2000,20260803,Maximum drawdown,P25,-0.07537887707870725,False
2005-2014 reused later diagnostic,2005-01-31,2014-12-31,120,stationary monthly bootstrap,month-end only; informational; may understate intramonth drawdown,6,36,2000,20260803,Maximum drawdown,Median,-0.062235088434691166,False
2005-2014 reused later diagnostic,2005-01-31,2014-12-31,120,stationary monthly bootstrap,month-end only; informational; may understate intramonth drawdown,6,36,2000,20260803,Maximum drawdown,P75,-0.049599364034385474,False
2005-2014 reused later diagnostic,2005-01-31,2014-12-31,120,stationary monthly bootstrap,month-end only; informational; may understate intramonth drawdown,6,36,2000,20260803,Maximum drawdown,P95,-0.03186883212836977,False
2005-2014 reused later diagnostic,2005-01-31,2014-12-31,120,stationary monthly bootstrap,month-end only; informational; may understate intramonth drawdown,6,36,2000,20260803,Maximum drawdown,P99,-0.024970220209157915,False
2005-2014 reused later diagnostic,2005-01-31,2014-12-31,120,stationary monthly bootstrap,month-end only; informational; may understate intramonth drawdown,6,36,2000,20260803,Worst 12-month return,P01,-0.11445074766435893,False
2005-2014 reused later diagnostic,2005-01-31,2014-12-31,120,stationary monthly bootstrap,month-end only; informational; may understate intramonth drawdown,6,36,2000,20260803,Worst 12-month return,P05,-0.0887037496559302,False
2005-2014 reused later diagnostic,2005-01-31,2014-12-31,120,stationary monthly bootstrap,month-end only; informational; may understate intramonth drawdown,6,36,2000,20260803,Worst 12-month return,P25,-0.04928012326091698,False
2005-2014 reused later diagnostic,2005-01-31,2014-12-31,120,stationary monthly bootstrap,month-end only; informational; may understate intramonth drawdown,6,36,2000,20260803,Worst 12-month return,Median,-0.01608497184630995,False
2005-2014 reused later diagnostic,2005-01-31,2014-12-31,120,stationary monthly bootstrap,month-end only; informational; may understate intramonth drawdown,6,36,2000,20260803,Worst 12-month return,P75,0.023743498856381086,False
2005-2014 reused later diagnostic,2005-01-31,2014-12-31,120,stationary monthly bootstrap,month-end only; informational; may understate intramonth drawdown,6,36,2000,20260803,Worst 12-month return,P95,0.09665644975221302,False
2005-2014 reused later diagnostic,2005-01-31,2014-12-31,120,stationary monthly bootstrap,month-end only; informational; may understate intramonth drawdown,6,36,2000,20260803,Worst 12-month return,P99,0.13553576634840928,False
2005-2014 reused later diagnostic,2005-01-31,2014-12-31,120,stationary monthly bootstrap,month-end only; informational; may understate intramonth drawdown,6,36,2000,20260803,Probability of terminal loss,Probability,0.025,False
2005-2014 reused later diagnostic,2005-01-31,2014-12-31,120,stationary monthly bootstrap,month-end only; informational; may understate intramonth drawdown,6,36,2000,20260803,Probability capital falls below 50% of initial (diagnostic),Probability,0.0,False
2005-2014 reused later diagnostic,2005-01-31,2014-12-31,120,stationary monthly bootstrap,month-end only; informational; may understate intramonth drawdown,6,36,2000,20260803,Probability maximum drawdown exceeds 15%,Probability,0.004,False
2005-2014 reused later diagnostic,2005-01-31,2014-12-31,120,stationary monthly bootstrap,month-end only; informational; may understate intramonth drawdown,6,36,2000,20260803,Probability maximum drawdown exceeds 20%,Probability,0.0,False
2005-2014 reused later diagnostic,2005-01-31,2014-12-31,120,stationary monthly bootstrap,month-end only; informational; may understate intramonth drawdown,6,36,2000,20260803,Probability maximum drawdown exceeds 30%,Probability,0.0,False
2005-2014 reused later diagnostic,2005-01-31,2014-12-31,120,stationary monthly bootstrap,month-end only; informational; may understate intramonth drawdown,6,36,2000,20260803,Probability maximum drawdown exceeds 40%,Probability,0.0,False
2005-2014 reused later diagnostic,2005-01-31,2014-12-31,120,stationary monthly bootstrap,month-end only; informational; may understate intramonth drawdown,6,60,2000,20260803,CAGR,P01,0.013042141357547315,False
2005-2014 reused later diagnostic,2005-01-31,2014-12-31,120,stationary monthly bootstrap,month-end only; informational; may understate intramonth drawdown,6,60,2000,20260803,CAGR,P05,0.03466523187956937,False
2005-2014 reused later diagnostic,2005-01-31,2014-12-31,120,stationary monthly bootstrap,month-end only; informational; may understate intramonth drawdown,6,60,2000,20260803,CAGR,P25,0.0726213714797691,False
2005-2014 reused later diagnostic,2005-01-31,2014-12-31,120,stationary monthly bootstrap,month-end only; informational; may understate intramonth drawdown,6,60,2000,20260803,CAGR,Median,0.10101665297393206,False
2005-2014 reused later diagnostic,2005-01-31,2014-12-31,120,stationary monthly bootstrap,month-end only; informational; may understate intramonth drawdown,6,60,2000,20260803,CAGR,P75,0.12854693068463396,False
2005-2014 reused later diagnostic,2005-01-31,2014-12-31,120,stationary monthly bootstrap,month-end only; informational; may understate intramonth drawdown,6,60,2000,20260803,CAGR,P95,0.16646709940975785,False
2005-2014 reused later diagnostic,2005-01-31,2014-12-31,120,stationary monthly bootstrap,month-end only; informational; may understate intramonth drawdown,6,60,2000,20260803,CAGR,P99,0.18863026829510518,False
2005-2014 reused later diagnostic,2005-01-31,2014-12-31,120,stationary monthly bootstrap,month-end only; informational; may understate intramonth drawdown,6,60,2000,20260803,Monthly Sharpe,P01,0.20780747272451558,False
2005-2014 reused later diagnostic,2005-01-31,2014-12-31,120,stationary monthly bootstrap,month-end only; informational; may understate intramonth drawdown,6,60,2000,20260803,Monthly Sharpe,P05,0.49000148975021496,False
2005-2014 reused later diagnostic,2005-01-31,2014-12-31,120,stationary monthly bootstrap,month-end only; informational; may understate intramonth drawdown,6,60,2000,20260803,Monthly Sharpe,P25,0.9238013814374455,False
2005-2014 reused later diagnostic,2005-01-31,2014-12-31,120,stationary monthly bootstrap,month-end only; informational; may understate intramonth drawdown,6,60,2000,20260803,Monthly Sharpe,Median,1.2640308770577109,False
2005-2014 reused later diagnostic,2005-01-31,2014-12-31,120,stationary monthly bootstrap,month-end only; informational; may understate intramonth drawdown,6,60,2000,20260803,Monthly Sharpe,P75,1.567939700745538,False
2005-2014 reused later diagnostic,2005-01-31,2014-12-31,120,stationary monthly bootstrap,month-end only; informational; may understate intramonth drawdown,6,60,2000,20260803,Monthly Sharpe,P95,2.0325697264500935,False
2005-2014 reused later diagnostic,2005-01-31,2014-12-31,120,stationary monthly bootstrap,month-end only; informational; may understate intramonth drawdown,6,60,2000,20260803,Monthly Sharpe,P99,2.40469456832858,False
2005-2014 reused later diagnostic,2005-01-31,2014-12-31,120,stationary monthly bootstrap,month-end only; informational; may understate intramonth drawdown,6,60,2000,20260803,Maximum drawdown,P01,-0.15035812611658989,False
2005-2014 reused later diagnostic,2005-01-31,2014-12-31,120,stationary monthly bootstrap,month-end only; informational; may understate intramonth drawdown,6,60,2000,20260803,Maximum drawdown,P05,-0.11977748320710234,False
2005-2014 reused later diagnostic,2005-01-31,2014-12-31,120,stationary monthly bootstrap,month-end only; informational; may understate intramonth drawdown,6,60,2000,20260803,Maximum drawdown,P25,-0.08763491621340655,False
2005-2014 reused later diagnostic,2005-01-31,2014-12-31,120,stationary monthly bootstrap,month-end only; informational; may understate intramonth drawdown,6,60,2000,20260803,Maximum drawdown,Median,-0.06867101888942179,False
2005-2014 reused later diagnostic,2005-01-31,2014-12-31,120,stationary monthly bootstrap,month-end only; informational; may understate intramonth drawdown,6,60,2000,20260803,Maximum drawdown,P75,-0.06058888969748588,False
2005-2014 reused later diagnostic,2005-01-31,2014-12-31,120,stationary monthly bootstrap,month-end only; informational; may understate intramonth drawdown,6,60,2000,20260803,Maximum drawdown,P95,-0.04140253610272622,False
2005-2014 reused later diagnostic,2005-01-31,2014-12-31,120,stationary monthly bootstrap,month-end only; informational; may understate intramonth drawdown,6,60,2000,20260803,Maximum drawdown,P99,-0.03331517957427055,False
2005-2014 reused later diagnostic,2005-01-31,2014-12-31,120,stationary monthly bootstrap,month-end only; informational; may understate intramonth drawdown,6,60,2000,20260803,Worst 12-month return,P01,-0.11911345753796569,False
2005-2014 reused later diagnostic,2005-01-31,2014-12-31,120,stationary monthly bootstrap,month-end only; informational; may understate intramonth drawdown,6,60,2000,20260803,Worst 12-month return,P05,-0.09748555257977765,False
2005-2014 reused later diagnostic,2005-01-31,2014-12-31,120,stationary monthly bootstrap,month-end only; informational; may understate intramonth drawdown,6,60,2000,20260803,Worst 12-month return,P25,-0.06702463908541662,False
2005-2014 reused later diagnostic,2005-01-31,2014-12-31,120,stationary monthly bootstrap,month-end only; informational; may understate intramonth drawdown,6,60,2000,20260803,Worst 12-month return,Median,-0.04165940103721079,False
2005-2014 reused later diagnostic,2005-01-31,2014-12-31,120,stationary monthly bootstrap,month-end only; informational; may understate intramonth drawdown,6,60,2000,20260803,Worst 12-month return,P75,-0.013006729875820295,False
2005-2014 reused later diagnostic,2005-01-31,2014-12-31,120,stationary monthly bootstrap,month-end only; informational; may understate intramonth drawdown,6,60,2000,20260803,Worst 12-month return,P95,0.040546095071478695,False
2005-2014 reused later diagnostic,2005-01-31,2014-12-31,120,stationary monthly bootstrap,month-end only; informational; may understate intramonth drawdown,6,60,2000,20260803,Worst 12-month return,P99,0.08926784932570017,False
2005-2014 reused later diagnostic,2005-01-31,2014-12-31,120,stationary monthly bootstrap,month-end only; informational; may understate intramonth drawdown,6,60,2000,20260803,Probability of terminal loss,Probability,0.0035,False
2005-2014 reused later diagnostic,2005-01-31,2014-12-31,120,stationary monthly bootstrap,month-end only; informational; may understate intramonth drawdown,6,60,2000,20260803,Probability capital falls below 50% of initial (diagnostic),Probability,0.0,False
2005-2014 reused later diagnostic,2005-01-31,2014-12-31,120,stationary monthly bootstrap,month-end only; informational; may understate intramonth drawdown,6,60,2000,20260803,Probability maximum drawdown exceeds 15%,Probability,0.0105,False
2005-2014 reused later diagnostic,2005-01-31,2014-12-31,120,stationary monthly bootstrap,month-end only; informational; may understate intramonth drawdown,6,60,2000,20260803,Probability maximum drawdown exceeds 20%,Probability,0.001,False
2005-2014 reused later diagnostic,2005-01-31,2014-12-31,120,stationary monthly bootstrap,month-end only; informational; may understate intramonth drawdown,6,60,2000,20260803,Probability maximum drawdown exceeds 30%,Probability,0.0,False
2005-2014 reused later diagnostic,2005-01-31,2014-12-31,120,stationary monthly bootstrap,month-end only; informational; may understate intramonth drawdown,6,60,2000,20260803,Probability maximum drawdown exceeds 40%,Probability,0.0,False
2005-2014 reused later diagnostic,2005-01-31,2014-12-31,120,stationary monthly bootstrap,month-end only; informational; may understate intramonth drawdown,6,120,2000,20260803,CAGR,P01,0.037677235127445176,False
2005-2014 reused later diagnostic,2005-01-31,2014-12-31,120,stationary monthly bootstrap,month-end only; informational; may understate intramonth drawdown,6,120,2000,20260803,CAGR,P05,0.05355533782010716,False
2005-2014 reused later diagnostic,2005-01-31,2014-12-31,120,stationary monthly bootstrap,month-end only; informational; may understate intramonth drawdown,6,120,2000,20260803,CAGR,P25,0.08048380646094469,False
2005-2014 reused later diagnostic,2005-01-31,2014-12-31,120,stationary monthly bootstrap,month-end only; informational; may understate intramonth drawdown,6,120,2000,20260803,CAGR,Median,0.09897801685396375,False
2005-2014 reused later diagnostic,2005-01-31,2014-12-31,120,stationary monthly bootstrap,month-end only; informational; may understate intramonth drawdown,6,120,2000,20260803,CAGR,P75,0.11905968569514958,False
2005-2014 reused later diagnostic,2005-01-31,2014-12-31,120,stationary monthly bootstrap,month-end only; informational; may understate intramonth drawdown,6,120,2000,20260803,CAGR,P95,0.14833693665040254,False
2005-2014 reused later diagnostic,2005-01-31,2014-12-31,120,stationary monthly bootstrap,month-end only; informational; may understate intramonth drawdown,6,120,2000,20260803,CAGR,P99,0.16431493714601306,False
2005-2014 reused later diagnostic,2005-01-31,2014-12-31,120,stationary monthly bootstrap,month-end only; informational; may understate intramonth drawdown,6,120,2000,20260803,Monthly Sharpe,P01,0.516861346874228,False
2005-2014 reused later diagnostic,2005-01-31,2014-12-31,120,stationary monthly bootstrap,month-end only; informational; may understate intramonth drawdown,6,120,2000,20260803,Monthly Sharpe,P05,0.715752845089693,False
2005-2014 reused later diagnostic,2005-01-31,2014-12-31,120,stationary monthly bootstrap,month-end only; informational; may understate intramonth drawdown,6,120,2000,20260803,Monthly Sharpe,P25,1.0126050733438376,False
2005-2014 reused later diagnostic,2005-01-31,2014-12-31,120,stationary monthly bootstrap,month-end only; informational; may understate intramonth drawdown,6,120,2000,20260803,Monthly Sharpe,Median,1.2378489703362572,False
2005-2014 reused later diagnostic,2005-01-31,2014-12-31,120,stationary monthly bootstrap,month-end only; informational; may understate intramonth drawdown,6,120,2000,20260803,Monthly Sharpe,P75,1.460418288271486,False
2005-2014 reused later diagnostic,2005-01-31,2014-12-31,120,stationary monthly bootstrap,month-end only; informational; may understate intramonth drawdown,6,120,2000,20260803,Monthly Sharpe,P95,1.7950561344641773,False
2005-2014 reused later diagnostic,2005-01-31,2014-12-31,120,stationary monthly bootstrap,month-end only; informational; may understate intramonth drawdown,6,120,2000,20260803,Monthly Sharpe,P99,2.073697670416796,False
2005-2014 reused later diagnostic,2005-01-31,2014-12-31,120,stationary monthly bootstrap,month-end only; informational; may understate intramonth drawdown,6,120,2000,20260803,Maximum drawdown,P01,-0.17126977138013116,False
2005-2014 reused later diagnostic,2005-01-31,2014-12-31,120,stationary monthly bootstrap,month-end only; informational; may understate intramonth drawdown,6,120,2000,20260803,Maximum drawdown,P05,-0.1378684322845587,False
2005-2014 reused later diagnostic,2005-01-31,2014-12-31,120,stationary monthly bootstrap,month-end only; informational; may understate intramonth drawdown,6,120,2000,20260803,Maximum drawdown,P25,-0.10295047219475631,False
2005-2014 reused later diagnostic,2005-01-31,2014-12-31,120,stationary monthly bootstrap,month-end only; informational; may understate intramonth drawdown,6,120,2000,20260803,Maximum drawdown,Median,-0.08707489062221252,False
2005-2014 reused later diagnostic,2005-01-31,2014-12-31,120,stationary monthly bootstrap,month-end only; informational; may understate intramonth drawdown,6,120,2000,20260803,Maximum drawdown,P75,-0.07133654275003665,False
2005-2014 reused later diagnostic,2005-01-31,2014-12-31,120,stationary monthly bootstrap,month-end only; informational; may understate intramonth drawdown,6,120,2000,20260803,Maximum drawdown,P95,-0.06218160152019459,False
2005-2014 reused later diagnostic,2005-01-31,2014-12-31,120,stationary monthly bootstrap,month-end only; informational; may understate intramonth drawdown,6,120,2000,20260803,Maximum drawdown,P99,-0.049770759338301565,False
2005-2014 reused later diagnostic,2005-01-31,2014-12-31,120,stationary monthly bootstrap,month-end only; informational; may understate intramonth drawdown,6,120,2000,20260803,Worst 12-month return,P01,-0.13257161281738808,False
2005-2014 reused later diagnostic,2005-01-31,2014-12-31,120,stationary monthly bootstrap,month-end only; informational; may understate intramonth drawdown,6,120,2000,20260803,Worst 12-month return,P05,-0.11045060932166302,False
2005-2014 reused later diagnostic,2005-01-31,2014-12-31,120,stationary monthly bootstrap,month-end only; informational; may understate intramonth drawdown,6,120,2000,20260803,Worst 12-month return,P25,-0.08102140065908213,False
2005-2014 reused later diagnostic,2005-01-31,2014-12-31,120,stationary monthly bootstrap,month-end only; informational; may understate intramonth drawdown,6,120,2000,20260803,Worst 12-month return,Median,-0.06533202927584236,False
2005-2014 reused later diagnostic,2005-01-31,2014-12-31,120,stationary monthly bootstrap,month-end only; informational; may understate intramonth drawdown,6,120,2000,20260803,Worst 12-month return,P75,-0.04733917919100218,False
2005-2014 reused later diagnostic,2005-01-31,2014-12-31,120,stationary monthly bootstrap,month-end only; informational; may understate intramonth drawdown,6,120,2000,20260803,Worst 12-month return,P95,-0.013022277557759039,False
2005-2014 reused later diagnostic,2005-01-31,2014-12-31,120,stationary monthly bootstrap,month-end only; informational; may understate intramonth drawdown,6,120,2000,20260803,Worst 12-month return,P99,0.014808928786398157,False
2005-2014 reused later diagnostic,2005-01-31,2014-12-31,120,stationary monthly bootstrap,month-end only; informational; may understate intramonth drawdown,6,120,2000,20260803,Probability of terminal loss,Probability,0.0,False
2005-2014 reused later diagnostic,2005-01-31,2014-12-31,120,stationary monthly bootstrap,month-end only; informational; may understate intramonth drawdown,6,120,2000,20260803,Probability capital falls below 50% of initial (diagnostic),Probability,0.0,False
2005-2014 reused later diagnostic,2005-01-31,2014-12-31,120,stationary monthly bootstrap,month-end only; informational; may understate intramonth drawdown,6,120,2000,20260803,Probability maximum drawdown exceeds 15%,Probability,0.026,False
2005-2014 reused later diagnostic,2005-01-31,2014-12-31,120,stationary monthly bootstrap,month-end only; informational; may understate intramonth drawdown,6,120,2000,20260803,Probability maximum drawdown exceeds 20%,Probability,0.0005,False
2005-2014 reused later diagnostic,2005-01-31,2014-12-31,120,stationary monthly bootstrap,month-end only; informational; may understate intramonth drawdown,6,120,2000,20260803,Probability maximum drawdown exceeds 30%,Probability,0.0,False
2005-2014 reused later diagnostic,2005-01-31,2014-12-31,120,stationary monthly bootstrap,month-end only; informational; may understate intramonth drawdown,6,120,2000,20260803,Probability maximum drawdown exceeds 40%,Probability,0.0,False
2005-2014 reused later diagnostic,2005-01-31,2014-12-31,120,stationary monthly bootstrap,month-end only; informational; may understate intramonth drawdown,12,12,2000,20260803,CAGR,P01,-0.07456437075158143,False
2005-2014 reused later diagnostic,2005-01-31,2014-12-31,120,stationary monthly bootstrap,month-end only; informational; may understate intramonth drawdown,12,12,2000,20260803,CAGR,P05,-0.035348262387280935,False
2005-2014 reused later diagnostic,2005-01-31,2014-12-31,120,stationary monthly bootstrap,month-end only; informational; may understate intramonth drawdown,12,12,2000,20260803,CAGR,P25,0.023575941684977668,False
2005-2014 reused later diagnostic,2005-01-31,2014-12-31,120,stationary monthly bootstrap,month-end only; informational; may understate intramonth drawdown,12,12,2000,20260803,CAGR,Median,0.10167934408182475,False
2005-2014 reused later diagnostic,2005-01-31,2014-12-31,120,stationary monthly bootstrap,month-end only; informational; may understate intramonth drawdown,12,12,2000,20260803,CAGR,P75,0.17142920680953885,False
2005-2014 reused later diagnostic,2005-01-31,2014-12-31,120,stationary monthly bootstrap,month-end only; informational; may understate intramonth drawdown,12,12,2000,20260803,CAGR,P95,0.24928896845395782,False
2005-2014 reused later diagnostic,2005-01-31,2014-12-31,120,stationary monthly bootstrap,month-end only; informational; may understate intramonth drawdown,12,12,2000,20260803,CAGR,P99,0.298216844108111,False
2005-2014 reused later diagnostic,2005-01-31,2014-12-31,120,stationary monthly bootstrap,month-end only; informational; may understate intramonth drawdown,12,12,2000,20260803,Monthly Sharpe,P01,-1.1719100567299825,False
2005-2014 reused later diagnostic,2005-01-31,2014-12-31,120,stationary monthly bootstrap,month-end only; informational; may understate intramonth drawdown,12,12,2000,20260803,Monthly Sharpe,P05,-0.562620987207426,False
2005-2014 reused later diagnostic,2005-01-31,2014-12-31,120,stationary monthly bootstrap,month-end only; informational; may understate intramonth drawdown,12,12,2000,20260803,Monthly Sharpe,P25,0.3962232110670305,False
2005-2014 reused later diagnostic,2005-01-31,2014-12-31,120,stationary monthly bootstrap,month-end only; informational; may understate intramonth drawdown,12,12,2000,20260803,Monthly Sharpe,Median,1.1555602656064208,False
2005-2014 reused later diagnostic,2005-01-31,2014-12-31,120,stationary monthly bootstrap,month-end only; informational; may understate intramonth drawdown,12,12,2000,20260803,Monthly Sharpe,P75,2.1729056768024315,False
2005-2014 reused later diagnostic,2005-01-31,2014-12-31,120,stationary monthly bootstrap,month-end only; informational; may understate intramonth drawdown,12,12,2000,20260803,Monthly Sharpe,P95,3.4166010994702303,False
2005-2014 reused later diagnostic,2005-01-31,2014-12-31,120,stationary monthly bootstrap,month-end only; informational; may understate intramonth drawdown,12,12,2000,20260803,Monthly Sharpe,P99,4.122692547641284,False
2005-2014 reused later diagnostic,2005-01-31,2014-12-31,120,stationary monthly bootstrap,month-end only; informational; may understate intramonth drawdown,12,12,2000,20260803,Maximum drawdown,P01,-0.0937220501994187,False
2005-2014 reused later diagnostic,2005-01-31,2014-12-31,120,stationary monthly bootstrap,month-end only; informational; may understate intramonth drawdown,12,12,2000,20260803,Maximum drawdown,P05,-0.07120007125148022,False
2005-2014 reused later diagnostic,2005-01-31,2014-12-31,120,stationary monthly bootstrap,month-end only; informational; may understate intramonth drawdown,12,12,2000,20260803,Maximum drawdown,P25,-0.055718758535084234,False
2005-2014 reused later diagnostic,2005-01-31,2014-12-31,120,stationary monthly bootstrap,month-end only; informational; may understate intramonth drawdown,12,12,2000,20260803,Maximum drawdown,Median,-0.03629700149042314,False
2005-2014 reused later diagnostic,2005-01-31,2014-12-31,120,stationary monthly bootstrap,month-end only; informational; may understate intramonth drawdown,12,12,2000,20260803,Maximum drawdown,P75,-0.027470209155694647,False
2005-2014 reused later diagnostic,2005-01-31,2014-12-31,120,stationary monthly bootstrap,month-end only; informational; may understate intramonth drawdown,12,12,2000,20260803,Maximum drawdown,P95,-0.004944598100332542,False
2005-2014 reused later diagnostic,2005-01-31,2014-12-31,120,stationary monthly bootstrap,month-end only; informational; may understate intramonth drawdown,12,12,2000,20260803,Maximum drawdown,P99,-0.0033877105646809014,False
2005-2014 reused later diagnostic,2005-01-31,2014-12-31,120,stationary monthly bootstrap,month-end only; informational; may understate intramonth drawdown,12,12,2000,20260803,Worst 12-month return,P01,-0.07456437075158145,False
2005-2014 reused later diagnostic,2005-01-31,2014-12-31,120,stationary monthly bootstrap,month-end only; informational; may understate intramonth drawdown,12,12,2000,20260803,Worst 12-month return,P05,-0.035348262387280935,False
2005-2014 reused later diagnostic,2005-01-31,2014-12-31,120,stationary monthly bootstrap,month-end only; informational; may understate intramonth drawdown,12,12,2000,20260803,Worst 12-month return,P25,0.023575941684977664,False
2005-2014 reused later diagnostic,2005-01-31,2014-12-31,120,stationary monthly bootstrap,month-end only; informational; may understate intramonth drawdown,12,12,2000,20260803,Worst 12-month return,Median,0.10167934408182475,False
2005-2014 reused later diagnostic,2005-01-31,2014-12-31,120,stationary monthly bootstrap,month-end only; informational; may understate intramonth drawdown,12,12,2000,20260803,Worst 12-month return,P75,0.17142920680953885,False
2005-2014 reused later diagnostic,2005-01-31,2014-12-31,120,stationary monthly bootstrap,month-end only; informational; may understate intramonth drawdown,12,12,2000,20260803,Worst 12-month return,P95,0.24928896845395782,False
2005-2014 reused later diagnostic,2005-01-31,2014-12-31,120,stationary monthly bootstrap,month-end only; informational; may understate intramonth drawdown,12,12,2000,20260803,Worst 12-month return,P99,0.298216844108111,False
2005-2014 reused later diagnostic,2005-01-31,2014-12-31,120,stationary monthly bootstrap,month-end only; informational; may understate intramonth drawdown,12,12,2000,20260803,Probability of terminal loss,Probability,0.1535,False
2005-2014 reused later diagnostic,2005-01-31,2014-12-31,120,stationary monthly bootstrap,month-end only; informational; may understate intramonth drawdown,12,12,2000,20260803,Probability capital falls below 50% of initial (diagnostic),Probability,0.0,False
2005-2014 reused later diagnostic,2005-01-31,2014-12-31,120,stationary monthly bootstrap,month-end only; informational; may understate intramonth drawdown,12,12,2000,20260803,Probability maximum drawdown exceeds 15%,Probability,0.0,False
2005-2014 reused later diagnostic,2005-01-31,2014-12-31,120,stationary monthly bootstrap,month-end only; informational; may understate intramonth drawdown,12,12,2000,20260803,Probability maximum drawdown exceeds 20%,Probability,0.0,False
2005-2014 reused later diagnostic,2005-01-31,2014-12-31,120,stationary monthly bootstrap,month-end only; informational; may understate intramonth drawdown,12,12,2000,20260803,Probability maximum drawdown exceeds 30%,Probability,0.0,False
2005-2014 reused later diagnostic,2005-01-31,2014-12-31,120,stationary monthly bootstrap,month-end only; informational; may understate intramonth drawdown,12,12,2000,20260803,Probability maximum drawdown exceeds 40%,Probability,0.0,False
2005-2014 reused later diagnostic,2005-01-31,2014-12-31,120,stationary monthly bootstrap,month-end only; informational; may understate intramonth drawdown,12,36,2000,20260803,CAGR,P01,-0.009466128108885313,False
2005-2014 reused later diagnostic,2005-01-31,2014-12-31,120,stationary monthly bootstrap,month-end only; informational; may understate intramonth drawdown,12,36,2000,20260803,CAGR,P05,0.019398730918834796,False
2005-2014 reused later diagnostic,2005-01-31,2014-12-31,120,stationary monthly bootstrap,month-end only; informational; may understate intramonth drawdown,12,36,2000,20260803,CAGR,P25,0.06395800670629367,False
2005-2014 reused later diagnostic,2005-01-31,2014-12-31,120,stationary monthly bootstrap,month-end only; informational; may understate intramonth drawdown,12,36,2000,20260803,CAGR,Median,0.097024720120902,False
2005-2014 reused later diagnostic,2005-01-31,2014-12-31,120,stationary monthly bootstrap,month-end only; informational; may understate intramonth drawdown,12,36,2000,20260803,CAGR,P75,0.1320761224413465,False
2005-2014 reused later diagnostic,2005-01-31,2014-12-31,120,stationary monthly bootstrap,month-end only; informational; may understate intramonth drawdown,12,36,2000,20260803,CAGR,P95,0.1842931281454344,False
2005-2014 reused later diagnostic,2005-01-31,2014-12-31,120,stationary monthly bootstrap,month-end only; informational; may understate intramonth drawdown,12,36,2000,20260803,CAGR,P99,0.21115189745342763,False
2005-2014 reused later diagnostic,2005-01-31,2014-12-31,120,stationary monthly bootstrap,month-end only; informational; may understate intramonth drawdown,12,36,2000,20260803,Monthly Sharpe,P01,-0.09744607671995834,False
2005-2014 reused later diagnostic,2005-01-31,2014-12-31,120,stationary monthly bootstrap,month-end only; informational; may understate intramonth drawdown,12,36,2000,20260803,Monthly Sharpe,P05,0.27950389577606877,False
2005-2014 reused later diagnostic,2005-01-31,2014-12-31,120,stationary monthly bootstrap,month-end only; informational; may understate intramonth drawdown,12,36,2000,20260803,Monthly Sharpe,P25,0.8162627126841183,False
2005-2014 reused later diagnostic,2005-01-31,2014-12-31,120,stationary monthly bootstrap,month-end only; informational; may understate intramonth drawdown,12,36,2000,20260803,Monthly Sharpe,Median,1.192086016691373,False
2005-2014 reused later diagnostic,2005-01-31,2014-12-31,120,stationary monthly bootstrap,month-end only; informational; may understate intramonth drawdown,12,36,2000,20260803,Monthly Sharpe,P75,1.6426842512913704,False
2005-2014 reused later diagnostic,2005-01-31,2014-12-31,120,stationary monthly bootstrap,month-end only; informational; may understate intramonth drawdown,12,36,2000,20260803,Monthly Sharpe,P95,2.4399341942195907,False
2005-2014 reused later diagnostic,2005-01-31,2014-12-31,120,stationary monthly bootstrap,month-end only; informational; may understate intramonth drawdown,12,36,2000,20260803,Monthly Sharpe,P99,2.8942640711909737,False
2005-2014 reused later diagnostic,2005-01-31,2014-12-31,120,stationary monthly bootstrap,month-end only; informational; may understate intramonth drawdown,12,36,2000,20260803,Maximum drawdown,P01,-0.13345236952429188,False
2005-2014 reused later diagnostic,2005-01-31,2014-12-31,120,stationary monthly bootstrap,month-end only; informational; may understate intramonth drawdown,12,36,2000,20260803,Maximum drawdown,P05,-0.10444294281542536,False
2005-2014 reused later diagnostic,2005-01-31,2014-12-31,120,stationary monthly bootstrap,month-end only; informational; may understate intramonth drawdown,12,36,2000,20260803,Maximum drawdown,P25,-0.07824184244149904,False
2005-2014 reused later diagnostic,2005-01-31,2014-12-31,120,stationary monthly bootstrap,month-end only; informational; may understate intramonth drawdown,12,36,2000,20260803,Maximum drawdown,Median,-0.06474410330288344,False
2005-2014 reused later diagnostic,2005-01-31,2014-12-31,120,stationary monthly bootstrap,month-end only; informational; may understate intramonth drawdown,12,36,2000,20260803,Maximum drawdown,P75,-0.049599364034385474,False
2005-2014 reused later diagnostic,2005-01-31,2014-12-31,120,stationary monthly bootstrap,month-end only; informational; may understate intramonth drawdown,12,36,2000,20260803,Maximum drawdown,P95,-0.03165438995338099,False
2005-2014 reused later diagnostic,2005-01-31,2014-12-31,120,stationary monthly bootstrap,month-end only; informational; may understate intramonth drawdown,12,36,2000,20260803,Maximum drawdown,P99,-0.02703904074833815,False
2005-2014 reused later diagnostic,2005-01-31,2014-12-31,120,stationary monthly bootstrap,month-end only; informational; may understate intramonth drawdown,12,36,2000,20260803,Worst 12-month return,P01,-0.10581192291927322,False
2005-2014 reused later diagnostic,2005-01-31,2014-12-31,120,stationary monthly bootstrap,month-end only; informational; may understate intramonth drawdown,12,36,2000,20260803,Worst 12-month return,P05,-0.08429589921574576,False
2005-2014 reused later diagnostic,2005-01-31,2014-12-31,120,stationary monthly bootstrap,month-end only; informational; may understate intramonth drawdown,12,36,2000,20260803,Worst 12-month return,P25,-0.05283940405255706,False
2005-2014 reused later diagnostic,2005-01-31,2014-12-31,120,stationary monthly bootstrap,month-end only; informational; may understate intramonth drawdown,12,36,2000,20260803,Worst 12-month return,Median,-0.02028270751806738,False
2005-2014 reused later diagnostic,2005-01-31,2014-12-31,120,stationary monthly bootstrap,month-end only; informational; may understate intramonth drawdown,12,36,2000,20260803,Worst 12-month return,P75,0.013377653073817573,False
2005-2014 reused later diagnostic,2005-01-31,2014-12-31,120,stationary monthly bootstrap,month-end only; informational; may understate intramonth drawdown,12,36,2000,20260803,Worst 12-month return,P95,0.11456561445462733,False
2005-2014 reused later diagnostic,2005-01-31,2014-12-31,120,stationary monthly bootstrap,month-end only; informational; may understate intramonth drawdown,12,36,2000,20260803,Worst 12-month return,P99,0.1375844308532477,False
2005-2014 reused later diagnostic,2005-01-31,2014-12-31,120,stationary monthly bootstrap,month-end only; informational; may understate intramonth drawdown,12,36,2000,20260803,Probability of terminal loss,Probability,0.021,False
2005-2014 reused later diagnostic,2005-01-31,2014-12-31,120,stationary monthly bootstrap,month-end only; informational; may understate intramonth drawdown,12,36,2000,20260803,Probability capital falls below 50% of initial (diagnostic),Probability,0.0,False
2005-2014 reused later diagnostic,2005-01-31,2014-12-31,120,stationary monthly bootstrap,month-end only; informational; may understate intramonth drawdown,12,36,2000,20260803,Probability maximum drawdown exceeds 15%,Probability,0.0025,False
2005-2014 reused later diagnostic,2005-01-31,2014-12-31,120,stationary monthly bootstrap,month-end only; informational; may understate intramonth drawdown,12,36,2000,20260803,Probability maximum drawdown exceeds 20%,Probability,0.0,False
2005-2014 reused later diagnostic,2005-01-31,2014-12-31,120,stationary monthly bootstrap,month-end only; informational; may understate intramonth drawdown,12,36,2000,20260803,Probability maximum drawdown exceeds 30%,Probability,0.0,False
2005-2014 reused later diagnostic,2005-01-31,2014-12-31,120,stationary monthly bootstrap,month-end only; informational; may understate intramonth drawdown,12,36,2000,20260803,Probability maximum drawdown exceeds 40%,Probability,0.0,False
2005-2014 reused later diagnostic,2005-01-31,2014-12-31,120,stationary monthly bootstrap,month-end only; informational; may understate intramonth drawdown,12,60,2000,20260803,CAGR,P01,0.018461517266293567,False
2005-2014 reused later diagnostic,2005-01-31,2014-12-31,120,stationary monthly bootstrap,month-end only; informational; may understate intramonth drawdown,12,60,2000,20260803,CAGR,P05,0.03983791720347761,False
2005-2014 reused later diagnostic,2005-01-31,2014-12-31,120,stationary monthly bootstrap,month-end only; informational; may understate intramonth drawdown,12,60,2000,20260803,CAGR,P25,0.07367229883557125,False
2005-2014 reused later diagnostic,2005-01-31,2014-12-31,120,stationary monthly bootstrap,month-end only; informational; may understate intramonth drawdown,12,60,2000,20260803,CAGR,Median,0.09908383761969963,False
2005-2014 reused later diagnostic,2005-01-31,2014-12-31,120,stationary monthly bootstrap,month-end only; informational; may understate intramonth drawdown,12,60,2000,20260803,CAGR,P75,0.12509618771689224,False
2005-2014 reused later diagnostic,2005-01-31,2014-12-31,120,stationary monthly bootstrap,month-end only; informational; may understate intramonth drawdown,12,60,2000,20260803,CAGR,P95,0.16255017824072782,False
2005-2014 reused later diagnostic,2005-01-31,2014-12-31,120,stationary monthly bootstrap,month-end only; informational; may understate intramonth drawdown,12,60,2000,20260803,CAGR,P99,0.1865051089396049,False
2005-2014 reused later diagnostic,2005-01-31,2014-12-31,120,stationary monthly bootstrap,month-end only; informational; may understate intramonth drawdown,12,60,2000,20260803,Monthly Sharpe,P01,0.26257825418662495,False
2005-2014 reused later diagnostic,2005-01-31,2014-12-31,120,stationary monthly bootstrap,month-end only; informational; may understate intramonth drawdown,12,60,2000,20260803,Monthly Sharpe,P05,0.5483124516157244,False
2005-2014 reused later diagnostic,2005-01-31,2014-12-31,120,stationary monthly bootstrap,month-end only; informational; may understate intramonth drawdown,12,60,2000,20260803,Monthly Sharpe,P25,0.9268963716291763,False
2005-2014 reused later diagnostic,2005-01-31,2014-12-31,120,stationary monthly bootstrap,month-end only; informational; may understate intramonth drawdown,12,60,2000,20260803,Monthly Sharpe,Median,1.2080420910301455,False
2005-2014 reused later diagnostic,2005-01-31,2014-12-31,120,stationary monthly bootstrap,month-end only; informational; may understate intramonth drawdown,12,60,2000,20260803,Monthly Sharpe,P75,1.573418551745454,False
2005-2014 reused later diagnostic,2005-01-31,2014-12-31,120,stationary monthly bootstrap,month-end only; informational; may understate intramonth drawdown,12,60,2000,20260803,Monthly Sharpe,P95,2.119872660570621,False
2005-2014 reused later diagnostic,2005-01-31,2014-12-31,120,stationary monthly bootstrap,month-end only; informational; may understate intramonth drawdown,12,60,2000,20260803,Monthly Sharpe,P99,2.6019053545164392,False
2005-2014 reused later diagnostic,2005-01-31,2014-12-31,120,stationary monthly bootstrap,month-end only; informational; may understate intramonth drawdown,12,60,2000,20260803,Maximum drawdown,P01,-0.14059186819104255,False
2005-2014 reused later diagnostic,2005-01-31,2014-12-31,120,stationary monthly bootstrap,month-end only; informational; may understate intramonth drawdown,12,60,2000,20260803,Maximum drawdown,P05,-0.11455030455106009,False
2005-2014 reused later diagnostic,2005-01-31,2014-12-31,120,stationary monthly bootstrap,month-end only; informational; may understate intramonth drawdown,12,60,2000,20260803,Maximum drawdown,P25,-0.0937220501994186,False
2005-2014 reused later diagnostic,2005-01-31,2014-12-31,120,stationary monthly bootstrap,month-end only; informational; may understate intramonth drawdown,12,60,2000,20260803,Maximum drawdown,Median,-0.0715936186620128,False
2005-2014 reused later diagnostic,2005-01-31,2014-12-31,120,stationary monthly bootstrap,month-end only; informational; may understate intramonth drawdown,12,60,2000,20260803,Maximum drawdown,P75,-0.06223508843469128,False
2005-2014 reused later diagnostic,2005-01-31,2014-12-31,120,stationary monthly bootstrap,month-end only; informational; may understate intramonth drawdown,12,60,2000,20260803,Maximum drawdown,P95,-0.043365128129786226,False
2005-2014 reused later diagnostic,2005-01-31,2014-12-31,120,stationary monthly bootstrap,month-end only; informational; may understate intramonth drawdown,12,60,2000,20260803,Maximum drawdown,P99,-0.031935222712272025,False
2005-2014 reused later diagnostic,2005-01-31,2014-12-31,120,stationary monthly bootstrap,month-end only; informational; may understate intramonth drawdown,12,60,2000,20260803,Worst 12-month return,P01,-0.11518213510740764,False
2005-2014 reused later diagnostic,2005-01-31,2014-12-31,120,stationary monthly bootstrap,month-end only; informational; may understate intramonth drawdown,12,60,2000,20260803,Worst 12-month return,P05,-0.09203990017259617,False
2005-2014 reused later diagnostic,2005-01-31,2014-12-31,120,stationary monthly bootstrap,month-end only; informational; may understate intramonth drawdown,12,60,2000,20260803,Worst 12-month return,P25,-0.0745643707515814,False
2005-2014 reused later diagnostic,2005-01-31,2014-12-31,120,stationary monthly bootstrap,month-end only; informational; may understate intramonth drawdown,12,60,2000,20260803,Worst 12-month return,Median,-0.051280393540350105,False
2005-2014 reused later diagnostic,2005-01-31,2014-12-31,120,stationary monthly bootstrap,month-end only; informational; may understate intramonth drawdown,12,60,2000,20260803,Worst 12-month return,P75,-0.020282707518067343,False
2005-2014 reused later diagnostic,2005-01-31,2014-12-31,120,stationary monthly bootstrap,month-end only; informational; may understate intramonth drawdown,12,60,2000,20260803,Worst 12-month return,P95,0.03908882045092488,False
2005-2014 reused later diagnostic,2005-01-31,2014-12-31,120,stationary monthly bootstrap,month-end only; informational; may understate intramonth drawdown,12,60,2000,20260803,Worst 12-month return,P99,0.10801496489833999,False
2005-2014 reused later diagnostic,2005-01-31,2014-12-31,120,stationary monthly bootstrap,month-end only; informational; may understate intramonth drawdown,12,60,2000,20260803,Probability of terminal loss,Probability,0.0015,False
2005-2014 reused later diagnostic,2005-01-31,2014-12-31,120,stationary monthly bootstrap,month-end only; informational; may understate intramonth drawdown,12,60,2000,20260803,Probability capital falls below 50% of initial (diagnostic),Probability,0.0,False
2005-2014 reused later diagnostic,2005-01-31,2014-12-31,120,stationary monthly bootstrap,month-end only; informational; may understate intramonth drawdown,12,60,2000,20260803,Probability maximum drawdown exceeds 15%,Probability,0.0075,False
2005-2014 reused later diagnostic,2005-01-31,2014-12-31,120,stationary monthly bootstrap,month-end only; informational; may understate intramonth drawdown,12,60,2000,20260803,Probability maximum drawdown exceeds 20%,Probability,0.0005,False
2005-2014 reused later diagnostic,2005-01-31,2014-12-31,120,stationary monthly bootstrap,month-end only; informational; may understate intramonth drawdown,12,60,2000,20260803,Probability maximum drawdown exceeds 30%,Probability,0.0,False
2005-2014 reused later diagnostic,2005-01-31,2014-12-31,120,stationary monthly bootstrap,month-end only; informational; may understate intramonth drawdown,12,60,2000,20260803,Probability maximum drawdown exceeds 40%,Probability,0.0,False
2005-2014 reused later diagnostic,2005-01-31,2014-12-31,120,stationary monthly bootstrap,month-end only; informational; may understate intramonth drawdown,12,120,2000,20260803,CAGR,P01,0.03980190888196206,False
2005-2014 reused later diagnostic,2005-01-31,2014-12-31,120,stationary monthly bootstrap,month-end only; informational; may understate intramonth drawdown,12,120,2000,20260803,CAGR,P05,0.05846985432807511,False
2005-2014 reused later diagnostic,2005-01-31,2014-12-31,120,stationary monthly bootstrap,month-end only; informational; may understate intramonth drawdown,12,120,2000,20260803,CAGR,P25,0.08285225615825861,False
2005-2014 reused later diagnostic,2005-01-31,2014-12-31,120,stationary monthly bootstrap,month-end only; informational; may understate intramonth drawdown,12,120,2000,20260803,CAGR,Median,0.09997330303142296,False
2005-2014 reused later diagnostic,2005-01-31,2014-12-31,120,stationary monthly bootstrap,month-end only; informational; may understate intramonth drawdown,12,120,2000,20260803,CAGR,P75,0.1177684626724081,False
2005-2014 reused later diagnostic,2005-01-31,2014-12-31,120,stationary monthly bootstrap,month-end only; informational; may understate intramonth drawdown,12,120,2000,20260803,CAGR,P95,0.14319740548679863,False
2005-2014 reused later diagnostic,2005-01-31,2014-12-31,120,stationary monthly bootstrap,month-end only; informational; may understate intramonth drawdown,12,120,2000,20260803,CAGR,P99,0.16049112115580536,False
2005-2014 reused later diagnostic,2005-01-31,2014-12-31,120,stationary monthly bootstrap,month-end only; informational; may understate intramonth drawdown,12,120,2000,20260803,Monthly Sharpe,P01,0.5367221722325388,False
2005-2014 reused later diagnostic,2005-01-31,2014-12-31,120,stationary monthly bootstrap,month-end only; informational; may understate intramonth drawdown,12,120,2000,20260803,Monthly Sharpe,P05,0.7508313303552903,False
2005-2014 reused later diagnostic,2005-01-31,2014-12-31,120,stationary monthly bootstrap,month-end only; informational; may understate intramonth drawdown,12,120,2000,20260803,Monthly Sharpe,P25,1.0323184871930524,False
2005-2014 reused later diagnostic,2005-01-31,2014-12-31,120,stationary monthly bootstrap,month-end only; informational; may understate intramonth drawdown,12,120,2000,20260803,Monthly Sharpe,Median,1.2370922980041255,False
2005-2014 reused later diagnostic,2005-01-31,2014-12-31,120,stationary monthly bootstrap,month-end only; informational; may understate intramonth drawdown,12,120,2000,20260803,Monthly Sharpe,P75,1.4675776393702522,False
2005-2014 reused later diagnostic,2005-01-31,2014-12-31,120,stationary monthly bootstrap,month-end only; informational; may understate intramonth drawdown,12,120,2000,20260803,Monthly Sharpe,P95,1.803558464412722,False
2005-2014 reused later diagnostic,2005-01-31,2014-12-31,120,stationary monthly bootstrap,month-end only; informational; may understate intramonth drawdown,12,120,2000,20260803,Monthly Sharpe,P99,2.1273607427585604,False
2005-2014 reused later diagnostic,2005-01-31,2014-12-31,120,stationary monthly bootstrap,month-end only; informational; may understate intramonth drawdown,12,120,2000,20260803,Maximum drawdown,P01,-0.15850391826191218,False
2005-2014 reused later diagnostic,2005-01-31,2014-12-31,120,stationary monthly bootstrap,month-end only; informational; may understate intramonth drawdown,12,120,2000,20260803,Maximum drawdown,P05,-0.13186619220559598,False
2005-2014 reused later diagnostic,2005-01-31,2014-12-31,120,stationary monthly bootstrap,month-end only; informational; may understate intramonth drawdown,12,120,2000,20260803,Maximum drawdown,P25,-0.0976929496691317,False
2005-2014 reused later diagnostic,2005-01-31,2014-12-31,120,stationary monthly bootstrap,month-end only; informational; may understate intramonth drawdown,12,120,2000,20260803,Maximum drawdown,Median,-0.092304946489432,False
2005-2014 reused later diagnostic,2005-01-31,2014-12-31,120,stationary monthly bootstrap,month-end only; informational; may understate intramonth drawdown,12,120,2000,20260803,Maximum drawdown,P75,-0.0761612772524641,False
2005-2014 reused later diagnostic,2005-01-31,2014-12-31,120,stationary monthly bootstrap,month-end only; informational; may understate intramonth drawdown,12,120,2000,20260803,Maximum drawdown,P95,-0.06223508843469128,False
2005-2014 reused later diagnostic,2005-01-31,2014-12-31,120,stationary monthly bootstrap,month-end only; informational; may understate intramonth drawdown,12,120,2000,20260803,Maximum drawdown,P99,-0.049599364034385474,False
2005-2014 reused later diagnostic,2005-01-31,2014-12-31,120,stationary monthly bootstrap,month-end only; informational; may understate intramonth drawdown,12,120,2000,20260803,Worst 12-month return,P01,-0.11783377818458708,False
2005-2014 reused later diagnostic,2005-01-31,2014-12-31,120,stationary monthly bootstrap,month-end only; informational; may understate intramonth drawdown,12,120,2000,20260803,Worst 12-month return,P05,-0.10060969180745592,False
2005-2014 reused later diagnostic,2005-01-31,2014-12-31,120,stationary monthly bootstrap,month-end only; informational; may understate intramonth drawdown,12,120,2000,20260803,Worst 12-month return,P25,-0.07456437075158164,False
2005-2014 reused later diagnostic,2005-01-31,2014-12-31,120,stationary monthly bootstrap,month-end only; informational; may understate intramonth drawdown,12,120,2000,20260803,Worst 12-month return,Median,-0.0694801297453131,False
2005-2014 reused later diagnostic,2005-01-31,2014-12-31,120,stationary monthly bootstrap,month-end only; informational; may understate intramonth drawdown,12,120,2000,20260803,Worst 12-month return,P75,-0.05283940405255705,False
2005-2014 reused later diagnostic,2005-01-31,2014-12-31,120,stationary monthly bootstrap,month-end only; informational; may understate intramonth drawdown,12,120,2000,20260803,Worst 12-month return,P95,-0.02028270751806738,False
2005-2014 reused later diagnostic,2005-01-31,2014-12-31,120,stationary monthly bootstrap,month-end only; informational; may understate intramonth drawdown,12,120,2000,20260803,Worst 12-month return,P99,0.003237997811390373,False
2005-2014 reused later diagnostic,2005-01-31,2014-12-31,120,stationary monthly bootstrap,month-end only; informational; may understate intramonth drawdown,12,120,2000,20260803,Probability of terminal loss,Probability,0.0,False
2005-2014 reused later diagnostic,2005-01-31,2014-12-31,120,stationary monthly bootstrap,month-end only; informational; may understate intramonth drawdown,12,120,2000,20260803,Probability capital falls below 50% of initial (diagnostic),Probability,0.0,False
2005-2014 reused later diagnostic,2005-01-31,2014-12-31,120,stationary monthly bootstrap,month-end only; informational; may understate intramonth drawdown,12,120,2000,20260803,Probability maximum drawdown exceeds 15%,Probability,0.0175,False
2005-2014 reused later diagnostic,2005-01-31,2014-12-31,120,stationary monthly bootstrap,month-end only; informational; may understate intramonth drawdown,12,120,2000,20260803,Probability maximum drawdown exceeds 20%,Probability,0.0005,False
2005-2014 reused later diagnostic,2005-01-31,2014-12-31,120,stationary monthly bootstrap,month-end only; informational; may understate intramonth drawdown,12,120,2000,20260803,Probability maximum drawdown exceeds 30%,Probability,0.0,False
2005-2014 reused later diagnostic,2005-01-31,2014-12-31,120,stationary monthly bootstrap,month-end only; informational; may understate intramonth drawdown,12,120,2000,20260803,Probability maximum drawdown exceeds 40%,Probability,0.0,False
2005-2014 reused later diagnostic,2005-01-31,2014-12-31,120,stationary monthly bootstrap,month-end only; informational; may understate intramonth drawdown,24,12,2000,20260803,CAGR,P01,-0.05901457220685569,False
2005-2014 reused later diagnostic,2005-01-31,2014-12-31,120,stationary monthly bootstrap,month-end only; informational; may understate intramonth drawdown,24,12,2000,20260803,CAGR,P05,-0.042077576682655354,False
2005-2014 reused later diagnostic,2005-01-31,2014-12-31,120,stationary monthly bootstrap,month-end only; informational; may understate intramonth drawdown,24,12,2000,20260803,CAGR,P25,0.02314327506972234,False
2005-2014 reused later diagnostic,2005-01-31,2014-12-31,120,stationary monthly bootstrap,month-end only; informational; may understate intramonth drawdown,24,12,2000,20260803,CAGR,Median,0.10509915506374706,False
2005-2014 reused later diagnostic,2005-01-31,2014-12-31,120,stationary monthly bootstrap,month-end only; informational; may understate intramonth drawdown,24,12,2000,20260803,CAGR,P75,0.18080600435538294,False
2005-2014 reused later diagnostic,2005-01-31,2014-12-31,120,stationary monthly bootstrap,month-end only; informational; may understate intramonth drawdown,24,12,2000,20260803,CAGR,P95,0.2440399413582405,False
2005-2014 reused later diagnostic,2005-01-31,2014-12-31,120,stationary monthly bootstrap,month-end only; informational; may understate intramonth drawdown,24,12,2000,20260803,CAGR,P99,0.28732188509396567,False
2005-2014 reused later diagnostic,2005-01-31,2014-12-31,120,stationary monthly bootstrap,month-end only; informational; may understate intramonth drawdown,24,12,2000,20260803,Monthly Sharpe,P01,-1.0082908612095318,False
2005-2014 reused later diagnostic,2005-01-31,2014-12-31,120,stationary monthly bootstrap,month-end only; informational; may understate intramonth drawdown,24,12,2000,20260803,Monthly Sharpe,P05,-0.6083931942283443,False
2005-2014 reused later diagnostic,2005-01-31,2014-12-31,120,stationary monthly bootstrap,month-end only; informational; may understate intramonth drawdown,24,12,2000,20260803,Monthly Sharpe,P25,0.40192010013397633,False
2005-2014 reused later diagnostic,2005-01-31,2014-12-31,120,stationary monthly bootstrap,month-end only; informational; may understate intramonth drawdown,24,12,2000,20260803,Monthly Sharpe,Median,1.153405723798646,False
2005-2014 reused later diagnostic,2005-01-31,2014-12-31,120,stationary monthly bootstrap,month-end only; informational; may understate intramonth drawdown,24,12,2000,20260803,Monthly Sharpe,P75,2.414105941410958,False
2005-2014 reused later diagnostic,2005-01-31,2014-12-31,120,stationary monthly bootstrap,month-end only; informational; may understate intramonth drawdown,24,12,2000,20260803,Monthly Sharpe,P95,3.4695771692332875,False
2005-2014 reused later diagnostic,2005-01-31,2014-12-31,120,stationary monthly bootstrap,month-end only; informational; may understate intramonth drawdown,24,12,2000,20260803,Monthly Sharpe,P99,4.056372694779072,False
2005-2014 reused later diagnostic,2005-01-31,2014-12-31,120,stationary monthly bootstrap,month-end only; informational; may understate intramonth drawdown,24,12,2000,20260803,Maximum drawdown,P01,-0.09372205019941848,False
2005-2014 reused later diagnostic,2005-01-31,2014-12-31,120,stationary monthly bootstrap,month-end only; informational; may understate intramonth drawdown,24,12,2000,20260803,Maximum drawdown,P05,-0.06567866669602118,False
2005-2014 reused later diagnostic,2005-01-31,2014-12-31,120,stationary monthly bootstrap,month-end only; informational; may understate intramonth drawdown,24,12,2000,20260803,Maximum drawdown,P25,-0.05478296383794923,False
2005-2014 reused later diagnostic,2005-01-31,2014-12-31,120,stationary monthly bootstrap,month-end only; informational; may understate intramonth drawdown,24,12,2000,20260803,Maximum drawdown,Median,-0.03629700149042314,False
2005-2014 reused later diagnostic,2005-01-31,2014-12-31,120,stationary monthly bootstrap,month-end only; informational; may understate intramonth drawdown,24,12,2000,20260803,Maximum drawdown,P75,-0.027470209155694647,False
2005-2014 reused later diagnostic,2005-01-31,2014-12-31,120,stationary monthly bootstrap,month-end only; informational; may understate intramonth drawdown,24,12,2000,20260803,Maximum drawdown,P95,-0.004944598100332542,False
2005-2014 reused later diagnostic,2005-01-31,2014-12-31,120,stationary monthly bootstrap,month-end only; informational; may understate intramonth drawdown,24,12,2000,20260803,Maximum drawdown,P99,-0.004904102077634275,False
2005-2014 reused later diagnostic,2005-01-31,2014-12-31,120,stationary monthly bootstrap,month-end only; informational; may understate intramonth drawdown,24,12,2000,20260803,Worst 12-month return,P01,-0.05901457220685568,False
2005-2014 reused later diagnostic,2005-01-31,2014-12-31,120,stationary monthly bootstrap,month-end only; informational; may understate intramonth drawdown,24,12,2000,20260803,Worst 12-month return,P05,-0.04207757668265536,False
2005-2014 reused later diagnostic,2005-01-31,2014-12-31,120,stationary monthly bootstrap,month-end only; informational; may understate intramonth drawdown,24,12,2000,20260803,Worst 12-month return,P25,0.02314327506972234,False
2005-2014 reused later diagnostic,2005-01-31,2014-12-31,120,stationary monthly bootstrap,month-end only; informational; may understate intramonth drawdown,24,12,2000,20260803,Worst 12-month return,Median,0.10509915506374709,False
2005-2014 reused later diagnostic,2005-01-31,2014-12-31,120,stationary monthly bootstrap,month-end only; informational; may understate intramonth drawdown,24,12,2000,20260803,Worst 12-month return,P75,0.18080600435538294,False
2005-2014 reused later diagnostic,2005-01-31,2014-12-31,120,stationary monthly bootstrap,month-end only; informational; may understate intramonth drawdown,24,12,2000,20260803,Worst 12-month return,P95,0.24403994135824048,False
2005-2014 reused later diagnostic,2005-01-31,2014-12-31,120,stationary monthly bootstrap,month-end only; informational; may understate intramonth drawdown,24,12,2000,20260803,Worst 12-month return,P99,0.28732188509396567,False
2005-2014 reused later diagnostic,2005-01-31,2014-12-31,120,stationary monthly bootstrap,month-end only; informational; may understate intramonth drawdown,24,12,2000,20260803,Probability of terminal loss,Probability,0.17,False
2005-2014 reused later diagnostic,2005-01-31,2014-12-31,120,stationary monthly bootstrap,month-end only; informational; may understate intramonth drawdown,24,12,2000,20260803,Probability capital falls below 50% of initial (diagnostic),Probability,0.0,False
2005-2014 reused later diagnostic,2005-01-31,2014-12-31,120,stationary monthly bootstrap,month-end only; informational; may understate intramonth drawdown,24,12,2000,20260803,Probability maximum drawdown exceeds 15%,Probability,0.0,False
2005-2014 reused later diagnostic,2005-01-31,2014-12-31,120,stationary monthly bootstrap,month-end only; informational; may understate intramonth drawdown,24,12,2000,20260803,Probability maximum drawdown exceeds 20%,Probability,0.0,False
2005-2014 reused later diagnostic,2005-01-31,2014-12-31,120,stationary monthly bootstrap,month-end only; informational; may understate intramonth drawdown,24,12,2000,20260803,Probability maximum drawdown exceeds 30%,Probability,0.0,False
2005-2014 reused later diagnostic,2005-01-31,2014-12-31,120,stationary monthly bootstrap,month-end only; informational; may understate intramonth drawdown,24,12,2000,20260803,Probability maximum drawdown exceeds 40%,Probability,0.0,False
2005-2014 reused later diagnostic,2005-01-31,2014-12-31,120,stationary monthly bootstrap,month-end only; informational; may understate intramonth drawdown,24,36,2000,20260803,CAGR,P01,0.0016658680642182705,False
2005-2014 reused later diagnostic,2005-01-31,2014-12-31,120,stationary monthly bootstrap,month-end only; informational; may understate intramonth drawdown,24,36,2000,20260803,CAGR,P05,0.030464952896679037,False
2005-2014 reused later diagnostic,2005-01-31,2014-12-31,120,stationary monthly bootstrap,month-end only; informational; may understate intramonth drawdown,24,36,2000,20260803,CAGR,P25,0.06966781625419122,False
2005-2014 reused later diagnostic,2005-01-31,2014-12-31,120,stationary monthly bootstrap,month-end only; informational; may understate intramonth drawdown,24,36,2000,20260803,CAGR,Median,0.09568244617077255,False
2005-2014 reused later diagnostic,2005-01-31,2014-12-31,120,stationary monthly bootstrap,month-end only; informational; may understate intramonth drawdown,24,36,2000,20260803,CAGR,P75,0.13185102492967632,False
2005-2014 reused later diagnostic,2005-01-31,2014-12-31,120,stationary monthly bootstrap,month-end only; informational; may understate intramonth drawdown,24,36,2000,20260803,CAGR,P95,0.18617393108350397,False
2005-2014 reused later diagnostic,2005-01-31,2014-12-31,120,stationary monthly bootstrap,month-end only; informational; may understate intramonth drawdown,24,36,2000,20260803,CAGR,P99,0.20529322645106093,False
2005-2014 reused later diagnostic,2005-01-31,2014-12-31,120,stationary monthly bootstrap,month-end only; informational; may understate intramonth drawdown,24,36,2000,20260803,Monthly Sharpe,P01,0.05744123397141005,False
2005-2014 reused later diagnostic,2005-01-31,2014-12-31,120,stationary monthly bootstrap,month-end only; informational; may understate intramonth drawdown,24,36,2000,20260803,Monthly Sharpe,P05,0.41389950654368884,False
2005-2014 reused later diagnostic,2005-01-31,2014-12-31,120,stationary monthly bootstrap,month-end only; informational; may understate intramonth drawdown,24,36,2000,20260803,Monthly Sharpe,P25,0.870658601877199,False
2005-2014 reused later diagnostic,2005-01-31,2014-12-31,120,stationary monthly bootstrap,month-end only; informational; may understate intramonth drawdown,24,36,2000,20260803,Monthly Sharpe,Median,1.1765949327021108,False
2005-2014 reused later diagnostic,2005-01-31,2014-12-31,120,stationary monthly bootstrap,month-end only; informational; may understate intramonth drawdown,24,36,2000,20260803,Monthly Sharpe,P75,1.6687808723541073,False
2005-2014 reused later diagnostic,2005-01-31,2014-12-31,120,stationary monthly bootstrap,month-end only; informational; may understate intramonth drawdown,24,36,2000,20260803,Monthly Sharpe,P95,2.704868202571211,False
2005-2014 reused later diagnostic,2005-01-31,2014-12-31,120,stationary monthly bootstrap,month-end only; informational; may understate intramonth drawdown,24,36,2000,20260803,Monthly Sharpe,P99,2.936285587717855,False
2005-2014 reused later diagnostic,2005-01-31,2014-12-31,120,stationary monthly bootstrap,month-end only; informational; may understate intramonth drawdown,24,36,2000,20260803,Maximum drawdown,P01,-0.12396946773176887,False
2005-2014 reused later diagnostic,2005-01-31,2014-12-31,120,stationary monthly bootstrap,month-end only; informational; may understate intramonth drawdown,24,36,2000,20260803,Maximum drawdown,P05,-0.09482359893891656,False
2005-2014 reused later diagnostic,2005-01-31,2014-12-31,120,stationary monthly bootstrap,month-end only; informational; may understate intramonth drawdown,24,36,2000,20260803,Maximum drawdown,P25,-0.07824184244149923,False
2005-2014 reused later diagnostic,2005-01-31,2014-12-31,120,stationary monthly bootstrap,month-end only; informational; may understate intramonth drawdown,24,36,2000,20260803,Maximum drawdown,Median,-0.06525408103802122,False
2005-2014 reused later diagnostic,2005-01-31,2014-12-31,120,stationary monthly bootstrap,month-end only; informational; may understate intramonth drawdown,24,36,2000,20260803,Maximum drawdown,P75,-0.049599364034385585,False
2005-2014 reused later diagnostic,2005-01-31,2014-12-31,120,stationary monthly bootstrap,month-end only; informational; may understate intramonth drawdown,24,36,2000,20260803,Maximum drawdown,P95,-0.027470209155694647,False
2005-2014 reused later diagnostic,2005-01-31,2014-12-31,120,stationary monthly bootstrap,month-end only; informational; may understate intramonth drawdown,24,36,2000,20260803,Maximum drawdown,P99,-0.025194957188959144,False
2005-2014 reused later diagnostic,2005-01-31,2014-12-31,120,stationary monthly bootstrap,month-end only; informational; may understate intramonth drawdown,24,36,2000,20260803,Worst 12-month return,P01,-0.10088574665973932,False
2005-2014 reused later diagnostic,2005-01-31,2014-12-31,120,stationary monthly bootstrap,month-end only; informational; may understate intramonth drawdown,24,36,2000,20260803,Worst 12-month return,P05,-0.07456437075158145,False
2005-2014 reused later diagnostic,2005-01-31,2014-12-31,120,stationary monthly bootstrap,month-end only; informational; may understate intramonth drawdown,24,36,2000,20260803,Worst 12-month return,P25,-0.05283940405255709,False
2005-2014 reused later diagnostic,2005-01-31,2014-12-31,120,stationary monthly bootstrap,month-end only; informational; may understate intramonth drawdown,24,36,2000,20260803,Worst 12-month return,Median,-0.020282707518067395,False
2005-2014 reused later diagnostic,2005-01-31,2014-12-31,120,stationary monthly bootstrap,month-end only; informational; may understate intramonth drawdown,24,36,2000,20260803,Worst 12-month return,P75,0.012033179700106755,False
2005-2014 reused later diagnostic,2005-01-31,2014-12-31,120,stationary monthly bootstrap,month-end only; informational; may understate intramonth drawdown,24,36,2000,20260803,Worst 12-month return,P95,0.11976029656062345,False
2005-2014 reused later diagnostic,2005-01-31,2014-12-31,120,stationary monthly bootstrap,month-end only; informational; may understate intramonth drawdown,24,36,2000,20260803,Worst 12-month return,P99,0.13553576634840928,False
2005-2014 reused later diagnostic,2005-01-31,2014-12-31,120,stationary monthly bootstrap,month-end only; informational; may understate intramonth drawdown,24,36,2000,20260803,Probability of terminal loss,Probability,0.0085,False
2005-2014 reused later diagnostic,2005-01-31,2014-12-31,120,stationary monthly bootstrap,month-end only; informational; may understate intramonth drawdown,24,36,2000,20260803,Probability capital falls below 50% of initial (diagnostic),Probability,0.0,False
2005-2014 reused later diagnostic,2005-01-31,2014-12-31,120,stationary monthly bootstrap,month-end only; informational; may understate intramonth drawdown,24,36,2000,20260803,Probability maximum drawdown exceeds 15%,Probability,0.001,False
2005-2014 reused later diagnostic,2005-01-31,2014-12-31,120,stationary monthly bootstrap,month-end only; informational; may understate intramonth drawdown,24,36,2000,20260803,Probability maximum drawdown exceeds 20%,Probability,0.0,False
2005-2014 reused later diagnostic,2005-01-31,2014-12-31,120,stationary monthly bootstrap,month-end only; informational; may understate intramonth drawdown,24,36,2000,20260803,Probability maximum drawdown exceeds 30%,Probability,0.0,False
2005-2014 reused later diagnostic,2005-01-31,2014-12-31,120,stationary monthly bootstrap,month-end only; informational; may understate intramonth drawdown,24,36,2000,20260803,Probability maximum drawdown exceeds 40%,Probability,0.0,False
2005-2014 reused later diagnostic,2005-01-31,2014-12-31,120,stationary monthly bootstrap,month-end only; informational; may understate intramonth drawdown,24,60,2000,20260803,CAGR,P01,0.025756952023639226,False
2005-2014 reused later diagnostic,2005-01-31,2014-12-31,120,stationary monthly bootstrap,month-end only; informational; may understate intramonth drawdown,24,60,2000,20260803,CAGR,P05,0.04691347837586962,False
2005-2014 reused later diagnostic,2005-01-31,2014-12-31,120,stationary monthly bootstrap,month-end only; informational; may understate intramonth drawdown,24,60,2000,20260803,CAGR,P25,0.07602933636269477,False
2005-2014 reused later diagnostic,2005-01-31,2014-12-31,120,stationary monthly bootstrap,month-end only; informational; may understate intramonth drawdown,24,60,2000,20260803,CAGR,Median,0.09815566130347281,False
2005-2014 reused later diagnostic,2005-01-31,2014-12-31,120,stationary monthly bootstrap,month-end only; informational; may understate intramonth drawdown,24,60,2000,20260803,CAGR,P75,0.12209464708096035,False
2005-2014 reused later diagnostic,2005-01-31,2014-12-31,120,stationary monthly bootstrap,month-end only; informational; may understate intramonth drawdown,24,60,2000,20260803,CAGR,P95,0.15717942549240582,False
2005-2014 reused later diagnostic,2005-01-31,2014-12-31,120,stationary monthly bootstrap,month-end only; informational; may understate intramonth drawdown,24,60,2000,20260803,CAGR,P99,0.1776075922460614,False
2005-2014 reused later diagnostic,2005-01-31,2014-12-31,120,stationary monthly bootstrap,month-end only; informational; may understate intramonth drawdown,24,60,2000,20260803,Monthly Sharpe,P01,0.3472672226291905,False
2005-2014 reused later diagnostic,2005-01-31,2014-12-31,120,stationary monthly bootstrap,month-end only; informational; may understate intramonth drawdown,24,60,2000,20260803,Monthly Sharpe,P05,0.6067073562075592,False
2005-2014 reused later diagnostic,2005-01-31,2014-12-31,120,stationary monthly bootstrap,month-end only; informational; may understate intramonth drawdown,24,60,2000,20260803,Monthly Sharpe,P25,0.913685804867174,False
2005-2014 reused later diagnostic,2005-01-31,2014-12-31,120,stationary monthly bootstrap,month-end only; informational; may understate intramonth drawdown,24,60,2000,20260803,Monthly Sharpe,Median,1.212457303356294,False
2005-2014 reused later diagnostic,2005-01-31,2014-12-31,120,stationary monthly bootstrap,month-end only; informational; may understate intramonth drawdown,24,60,2000,20260803,Monthly Sharpe,P75,1.5724443431100485,False
2005-2014 reused later diagnostic,2005-01-31,2014-12-31,120,stationary monthly bootstrap,month-end only; informational; may understate intramonth drawdown,24,60,2000,20260803,Monthly Sharpe,P95,2.0860823918186524,False
2005-2014 reused later diagnostic,2005-01-31,2014-12-31,120,stationary monthly bootstrap,month-end only; informational; may understate intramonth drawdown,24,60,2000,20260803,Monthly Sharpe,P99,2.4771381591931245,False
2005-2014 reused later diagnostic,2005-01-31,2014-12-31,120,stationary monthly bootstrap,month-end only; informational; may understate intramonth drawdown,24,60,2000,20260803,Maximum drawdown,P01,-0.13131707722450217,False
2005-2014 reused later diagnostic,2005-01-31,2014-12-31,120,stationary monthly bootstrap,month-end only; informational; may understate intramonth drawdown,24,60,2000,20260803,Maximum drawdown,P05,-0.10735956174592952,False
2005-2014 reused later diagnostic,2005-01-31,2014-12-31,120,stationary monthly bootstrap,month-end only; informational; may understate intramonth drawdown,24,60,2000,20260803,Maximum drawdown,P25,-0.0937220501994186,False
2005-2014 reused later diagnostic,2005-01-31,2014-12-31,120,stationary monthly bootstrap,month-end only; informational; may understate intramonth drawdown,24,60,2000,20260803,Maximum drawdown,Median,-0.0782418424414989,False
2005-2014 reused later diagnostic,2005-01-31,2014-12-31,120,stationary monthly bootstrap,month-end only; informational; may understate intramonth drawdown,24,60,2000,20260803,Maximum drawdown,P75,-0.06223508843469139,False
2005-2014 reused later diagnostic,2005-01-31,2014-12-31,120,stationary monthly bootstrap,month-end only; informational; may understate intramonth drawdown,24,60,2000,20260803,Maximum drawdown,P95,-0.049599364034385474,False
2005-2014 reused later diagnostic,2005-01-31,2014-12-31,120,stationary monthly bootstrap,month-end only; informational; may understate intramonth drawdown,24,60,2000,20260803,Maximum drawdown,P99,-0.034362267584194583,False
2005-2014 reused later diagnostic,2005-01-31,2014-12-31,120,stationary monthly bootstrap,month-end only; informational; may understate intramonth drawdown,24,60,2000,20260803,Worst 12-month return,P01,-0.10373031353043942,False
2005-2014 reused later diagnostic,2005-01-31,2014-12-31,120,stationary monthly bootstrap,month-end only; informational; may understate intramonth drawdown,24,60,2000,20260803,Worst 12-month return,P05,-0.0838366682368376,False
2005-2014 reused later diagnostic,2005-01-31,2014-12-31,120,stationary monthly bootstrap,month-end only; informational; may understate intramonth drawdown,24,60,2000,20260803,Worst 12-month return,P25,-0.07456437075158143,False
2005-2014 reused later diagnostic,2005-01-31,2014-12-31,120,stationary monthly bootstrap,month-end only; informational; may understate intramonth drawdown,24,60,2000,20260803,Worst 12-month return,Median,-0.05283940405255706,False
2005-2014 reused later diagnostic,2005-01-31,2014-12-31,120,stationary monthly bootstrap,month-end only; informational; may understate intramonth drawdown,24,60,2000,20260803,Worst 12-month return,P75,-0.02028270751806738,False
2005-2014 reused later diagnostic,2005-01-31,2014-12-31,120,stationary monthly bootstrap,month-end only; informational; may understate intramonth drawdown,24,60,2000,20260803,Worst 12-month return,P95,0.020069524085210833,False
2005-2014 reused later diagnostic,2005-01-31,2014-12-31,120,stationary monthly bootstrap,month-end only; informational; may understate intramonth drawdown,24,60,2000,20260803,Worst 12-month return,P99,0.10285980652893136,False
2005-2014 reused later diagnostic,2005-01-31,2014-12-31,120,stationary monthly bootstrap,month-end only; informational; may understate intramonth drawdown,24,60,2000,20260803,Probability of terminal loss,Probability,0.0,False
2005-2014 reused later diagnostic,2005-01-31,2014-12-31,120,stationary monthly bootstrap,month-end only; informational; may understate intramonth drawdown,24,60,2000,20260803,Probability capital falls below 50% of initial (diagnostic),Probability,0.0,False
2005-2014 reused later diagnostic,2005-01-31,2014-12-31,120,stationary monthly bootstrap,month-end only; informational; may understate intramonth drawdown,24,60,2000,20260803,Probability maximum drawdown exceeds 15%,Probability,0.0035,False
2005-2014 reused later diagnostic,2005-01-31,2014-12-31,120,stationary monthly bootstrap,month-end only; informational; may understate intramonth drawdown,24,60,2000,20260803,Probability maximum drawdown exceeds 20%,Probability,0.0,False
2005-2014 reused later diagnostic,2005-01-31,2014-12-31,120,stationary monthly bootstrap,month-end only; informational; may understate intramonth drawdown,24,60,2000,20260803,Probability maximum drawdown exceeds 30%,Probability,0.0,False
2005-2014 reused later diagnostic,2005-01-31,2014-12-31,120,stationary monthly bootstrap,month-end only; informational; may understate intramonth drawdown,24,60,2000,20260803,Probability maximum drawdown exceeds 40%,Probability,0.0,False
2005-2014 reused later diagnostic,2005-01-31,2014-12-31,120,stationary monthly bootstrap,month-end only; informational; may understate intramonth drawdown,24,120,2000,20260803,CAGR,P01,0.045777809331136586,False
2005-2014 reused later diagnostic,2005-01-31,2014-12-31,120,stationary monthly bootstrap,month-end only; informational; may understate intramonth drawdown,24,120,2000,20260803,CAGR,P05,0.06140640891941294,False
2005-2014 reused later diagnostic,2005-01-31,2014-12-31,120,stationary monthly bootstrap,month-end only; informational; may understate intramonth drawdown,24,120,2000,20260803,CAGR,P25,0.08281032150629149,False
2005-2014 reused later diagnostic,2005-01-31,2014-12-31,120,stationary monthly bootstrap,month-end only; informational; may understate intramonth drawdown,24,120,2000,20260803,CAGR,Median,0.09851643499125914,False
2005-2014 reused later diagnostic,2005-01-31,2014-12-31,120,stationary monthly bootstrap,month-end only; informational; may understate intramonth drawdown,24,120,2000,20260803,CAGR,P75,0.113628934882741,False
2005-2014 reused later diagnostic,2005-01-31,2014-12-31,120,stationary monthly bootstrap,month-end only; informational; may understate intramonth drawdown,24,120,2000,20260803,CAGR,P95,0.13840471714068145,False
2005-2014 reused later diagnostic,2005-01-31,2014-12-31,120,stationary monthly bootstrap,month-end only; informational; may understate intramonth drawdown,24,120,2000,20260803,CAGR,P99,0.15251786853372537,False
2005-2014 reused later diagnostic,2005-01-31,2014-12-31,120,stationary monthly bootstrap,month-end only; informational; may understate intramonth drawdown,24,120,2000,20260803,Monthly Sharpe,P01,0.6046708053211679,False
2005-2014 reused later diagnostic,2005-01-31,2014-12-31,120,stationary monthly bootstrap,month-end only; informational; may understate intramonth drawdown,24,120,2000,20260803,Monthly Sharpe,P05,0.7692690511870333,False
2005-2014 reused later diagnostic,2005-01-31,2014-12-31,120,stationary monthly bootstrap,month-end only; informational; may understate intramonth drawdown,24,120,2000,20260803,Monthly Sharpe,P25,1.0147178583999823,False
2005-2014 reused later diagnostic,2005-01-31,2014-12-31,120,stationary monthly bootstrap,month-end only; informational; may understate intramonth drawdown,24,120,2000,20260803,Monthly Sharpe,Median,1.2252201033588057,False
2005-2014 reused later diagnostic,2005-01-31,2014-12-31,120,stationary monthly bootstrap,month-end only; informational; may understate intramonth drawdown,24,120,2000,20260803,Monthly Sharpe,P75,1.4232811934587524,False
2005-2014 reused later diagnostic,2005-01-31,2014-12-31,120,stationary monthly bootstrap,month-end only; informational; may understate intramonth drawdown,24,120,2000,20260803,Monthly Sharpe,P95,1.7914166982484914,False
2005-2014 reused later diagnostic,2005-01-31,2014-12-31,120,stationary monthly bootstrap,month-end only; informational; may understate intramonth drawdown,24,120,2000,20260803,Monthly Sharpe,P99,2.0587918700212566,False
2005-2014 reused later diagnostic,2005-01-31,2014-12-31,120,stationary monthly bootstrap,month-end only; informational; may understate intramonth drawdown,24,120,2000,20260803,Maximum drawdown,P01,-0.15032270780106777,False
2005-2014 reused later diagnostic,2005-01-31,2014-12-31,120,stationary monthly bootstrap,month-end only; informational; may understate intramonth drawdown,24,120,2000,20260803,Maximum drawdown,P05,-0.12391854874396516,False
2005-2014 reused later diagnostic,2005-01-31,2014-12-31,120,stationary monthly bootstrap,month-end only; informational; may understate intramonth drawdown,24,120,2000,20260803,Maximum drawdown,P25,-0.09372205019941893,False
2005-2014 reused later diagnostic,2005-01-31,2014-12-31,120,stationary monthly bootstrap,month-end only; informational; may understate intramonth drawdown,24,120,2000,20260803,Maximum drawdown,Median,-0.0937220501994186,False
2005-2014 reused later diagnostic,2005-01-31,2014-12-31,120,stationary monthly bootstrap,month-end only; informational; may understate intramonth drawdown,24,120,2000,20260803,Maximum drawdown,P75,-0.0782418424414992,False
2005-2014 reused later diagnostic,2005-01-31,2014-12-31,120,stationary monthly bootstrap,month-end only; informational; may understate intramonth drawdown,24,120,2000,20260803,Maximum drawdown,P95,-0.06224711698351926,False
2005-2014 reused later diagnostic,2005-01-31,2014-12-31,120,stationary monthly bootstrap,month-end only; informational; may understate intramonth drawdown,24,120,2000,20260803,Maximum drawdown,P99,-0.062235088434691055,False
2005-2014 reused later diagnostic,2005-01-31,2014-12-31,120,stationary monthly bootstrap,month-end only; informational; may understate intramonth drawdown,24,120,2000,20260803,Worst 12-month return,P01,-0.11432002107279436,False
2005-2014 reused later diagnostic,2005-01-31,2014-12-31,120,stationary monthly bootstrap,month-end only; informational; may understate intramonth drawdown,24,120,2000,20260803,Worst 12-month return,P05,-0.09676764819433045,False
2005-2014 reused later diagnostic,2005-01-31,2014-12-31,120,stationary monthly bootstrap,month-end only; informational; may understate intramonth drawdown,24,120,2000,20260803,Worst 12-month return,P25,-0.07456437075158145,False
2005-2014 reused later diagnostic,2005-01-31,2014-12-31,120,stationary monthly bootstrap,month-end only; informational; may understate intramonth drawdown,24,120,2000,20260803,Worst 12-month return,Median,-0.07456437075158133,False
2005-2014 reused later diagnostic,2005-01-31,2014-12-31,120,stationary monthly bootstrap,month-end only; informational; may understate intramonth drawdown,24,120,2000,20260803,Worst 12-month return,P75,-0.05283940405255712,False
2005-2014 reused later diagnostic,2005-01-31,2014-12-31,120,stationary monthly bootstrap,month-end only; informational; may understate intramonth drawdown,24,120,2000,20260803,Worst 12-month return,P95,-0.020282707518067968,False
2005-2014 reused later diagnostic,2005-01-31,2014-12-31,120,stationary monthly bootstrap,month-end only; informational; may understate intramonth drawdown,24,120,2000,20260803,Worst 12-month return,P99,-0.014479787066375994,False
2005-2014 reused later diagnostic,2005-01-31,2014-12-31,120,stationary monthly bootstrap,month-end only; informational; may understate intramonth drawdown,24,120,2000,20260803,Probability of terminal loss,Probability,0.0,False
2005-2014 reused later diagnostic,2005-01-31,2014-12-31,120,stationary monthly bootstrap,month-end only; informational; may understate intramonth drawdown,24,120,2000,20260803,Probability capital falls below 50% of initial (diagnostic),Probability,0.0,False
2005-2014 reused later diagnostic,2005-01-31,2014-12-31,120,stationary monthly bootstrap,month-end only; informational; may understate intramonth drawdown,24,120,2000,20260803,Probability maximum drawdown exceeds 15%,Probability,0.011,False
2005-2014 reused later diagnostic,2005-01-31,2014-12-31,120,stationary monthly bootstrap,month-end only; informational; may understate intramonth drawdown,24,120,2000,20260803,Probability maximum drawdown exceeds 20%,Probability,0.0,False
2005-2014 reused later diagnostic,2005-01-31,2014-12-31,120,stationary monthly bootstrap,month-end only; informational; may understate intramonth drawdown,24,120,2000,20260803,Probability maximum drawdown exceeds 30%,Probability,0.0,False
2005-2014 reused later diagnostic,2005-01-31,2014-12-31,120,stationary monthly bootstrap,month-end only; informational; may understate intramonth drawdown,24,120,2000,20260803,Probability maximum drawdown exceeds 40%,Probability,0.0,False
1990-2014 full post-launch history,1990-01-31,2014-12-31,300,stationary monthly bootstrap,month-end only; informational; may understate intramonth drawdown,6,12,2000,20260803,CAGR,P01,-0.049908182900939874,False
1990-2014 full post-launch history,1990-01-31,2014-12-31,300,stationary monthly bootstrap,month-end only; informational; may understate intramonth drawdown,6,12,2000,20260803,CAGR,P05,-0.004888166309751161,False
1990-2014 full post-launch history,1990-01-31,2014-12-31,300,stationary monthly bootstrap,month-end only; informational; may understate intramonth drawdown,6,12,2000,20260803,CAGR,P25,0.07272837463463347,False
1990-2014 full post-launch history,1990-01-31,2014-12-31,300,stationary monthly bootstrap,month-end only; informational; may understate intramonth drawdown,6,12,2000,20260803,CAGR,Median,0.139584478572085,False
1990-2014 full post-launch history,1990-01-31,2014-12-31,300,stationary monthly bootstrap,month-end only; informational; may understate intramonth drawdown,6,12,2000,20260803,CAGR,P75,0.1963449426792958,False
1990-2014 full post-launch history,1990-01-31,2014-12-31,300,stationary monthly bootstrap,month-end only; informational; may understate intramonth drawdown,6,12,2000,20260803,CAGR,P95,0.2820321531368425,False
1990-2014 full post-launch history,1990-01-31,2014-12-31,300,stationary monthly bootstrap,month-end only; informational; may understate intramonth drawdown,6,12,2000,20260803,CAGR,P99,0.3586186855185812,False
1990-2014 full post-launch history,1990-01-31,2014-12-31,300,stationary monthly bootstrap,month-end only; informational; may understate intramonth drawdown,6,12,2000,20260803,Monthly Sharpe,P01,-0.6904259580774763,False
1990-2014 full post-launch history,1990-01-31,2014-12-31,300,stationary monthly bootstrap,month-end only; informational; may understate intramonth drawdown,6,12,2000,20260803,Monthly Sharpe,P05,-0.04294107861821626,False
1990-2014 full post-launch history,1990-01-31,2014-12-31,300,stationary monthly bootstrap,month-end only; informational; may understate intramonth drawdown,6,12,2000,20260803,Monthly Sharpe,P25,0.9087095937122041,False
1990-2014 full post-launch history,1990-01-31,2014-12-31,300,stationary monthly bootstrap,month-end only; informational; may understate intramonth drawdown,6,12,2000,20260803,Monthly Sharpe,Median,1.6024214542233186,False
1990-2014 full post-launch history,1990-01-31,2014-12-31,300,stationary monthly bootstrap,month-end only; informational; may understate intramonth drawdown,6,12,2000,20260803,Monthly Sharpe,P75,2.4053611164763886,False
1990-2014 full post-launch history,1990-01-31,2014-12-31,300,stationary monthly bootstrap,month-end only; informational; may understate intramonth drawdown,6,12,2000,20260803,Monthly Sharpe,P95,3.7211371194126763,False
1990-2014 full post-launch history,1990-01-31,2014-12-31,300,stationary monthly bootstrap,month-end only; informational; may understate intramonth drawdown,6,12,2000,20260803,Monthly Sharpe,P99,4.798922746004403,False
1990-2014 full post-launch history,1990-01-31,2014-12-31,300,stationary monthly bootstrap,month-end only; informational; may understate intramonth drawdown,6,12,2000,20260803,Maximum drawdown,P01,-0.08908728181370242,False
1990-2014 full post-launch history,1990-01-31,2014-12-31,300,stationary monthly bootstrap,month-end only; informational; may understate intramonth drawdown,6,12,2000,20260803,Maximum drawdown,P05,-0.06859455618334757,False
1990-2014 full post-launch history,1990-01-31,2014-12-31,300,stationary monthly bootstrap,month-end only; informational; may understate intramonth drawdown,6,12,2000,20260803,Maximum drawdown,P25,-0.049599364034385474,False
1990-2014 full post-launch history,1990-01-31,2014-12-31,300,stationary monthly bootstrap,month-end only; informational; may understate intramonth drawdown,6,12,2000,20260803,Maximum drawdown,Median,-0.03506642685516281,False
1990-2014 full post-launch history,1990-01-31,2014-12-31,300,stationary monthly bootstrap,month-end only; informational; may understate intramonth drawdown,6,12,2000,20260803,Maximum drawdown,P75,-0.02700508540195279,False
1990-2014 full post-launch history,1990-01-31,2014-12-31,300,stationary monthly bootstrap,month-end only; informational; may understate intramonth drawdown,6,12,2000,20260803,Maximum drawdown,P95,-0.005521386880853352,False
1990-2014 full post-launch history,1990-01-31,2014-12-31,300,stationary monthly bootstrap,month-end only; informational; may understate intramonth drawdown,6,12,2000,20260803,Maximum drawdown,P99,-0.0017173735318518873,False
1990-2014 full post-launch history,1990-01-31,2014-12-31,300,stationary monthly bootstrap,month-end only; informational; may understate intramonth drawdown,6,12,2000,20260803,Worst 12-month return,P01,-0.049908182900939874,False
1990-2014 full post-launch history,1990-01-31,2014-12-31,300,stationary monthly bootstrap,month-end only; informational; may understate intramonth drawdown,6,12,2000,20260803,Worst 12-month return,P05,-0.004888166309751161,False
1990-2014 full post-launch history,1990-01-31,2014-12-31,300,stationary monthly bootstrap,month-end only; informational; may understate intramonth drawdown,6,12,2000,20260803,Worst 12-month return,P25,0.07272837463463348,False
1990-2014 full post-launch history,1990-01-31,2014-12-31,300,stationary monthly bootstrap,month-end only; informational; may understate intramonth drawdown,6,12,2000,20260803,Worst 12-month return,Median,0.139584478572085,False
1990-2014 full post-launch history,1990-01-31,2014-12-31,300,stationary monthly bootstrap,month-end only; informational; may understate intramonth drawdown,6,12,2000,20260803,Worst 12-month return,P75,0.1963449426792958,False
1990-2014 full post-launch history,1990-01-31,2014-12-31,300,stationary monthly bootstrap,month-end only; informational; may understate intramonth drawdown,6,12,2000,20260803,Worst 12-month return,P95,0.2820321531368425,False
1990-2014 full post-launch history,1990-01-31,2014-12-31,300,stationary monthly bootstrap,month-end only; informational; may understate intramonth drawdown,6,12,2000,20260803,Worst 12-month return,P99,0.3586186855185812,False
1990-2014 full post-launch history,1990-01-31,2014-12-31,300,stationary monthly bootstrap,month-end only; informational; may understate intramonth drawdown,6,12,2000,20260803,Probability of terminal loss,Probability,0.059,False
1990-2014 full post-launch history,1990-01-31,2014-12-31,300,stationary monthly bootstrap,month-end only; informational; may understate intramonth drawdown,6,12,2000,20260803,Probability capital falls below 50% of initial (diagnostic),Probability,0.0,False
1990-2014 full post-launch history,1990-01-31,2014-12-31,300,stationary monthly bootstrap,month-end only; informational; may understate intramonth drawdown,6,12,2000,20260803,Probability maximum drawdown exceeds 15%,Probability,0.0,False
1990-2014 full post-launch history,1990-01-31,2014-12-31,300,stationary monthly bootstrap,month-end only; informational; may understate intramonth drawdown,6,12,2000,20260803,Probability maximum drawdown exceeds 20%,Probability,0.0,False
1990-2014 full post-launch history,1990-01-31,2014-12-31,300,stationary monthly bootstrap,month-end only; informational; may understate intramonth drawdown,6,12,2000,20260803,Probability maximum drawdown exceeds 30%,Probability,0.0,False
1990-2014 full post-launch history,1990-01-31,2014-12-31,300,stationary monthly bootstrap,month-end only; informational; may understate intramonth drawdown,6,12,2000,20260803,Probability maximum drawdown exceeds 40%,Probability,0.0,False
1990-2014 full post-launch history,1990-01-31,2014-12-31,300,stationary monthly bootstrap,month-end only; informational; may understate intramonth drawdown,6,36,2000,20260803,CAGR,P01,0.016859547607109598,False
1990-2014 full post-launch history,1990-01-31,2014-12-31,300,stationary monthly bootstrap,month-end only; informational; may understate intramonth drawdown,6,36,2000,20260803,CAGR,P05,0.045090268057352674,False
1990-2014 full post-launch history,1990-01-31,2014-12-31,300,stationary monthly bootstrap,month-end only; informational; may understate intramonth drawdown,6,36,2000,20260803,CAGR,P25,0.0972964537586516,False
1990-2014 full post-launch history,1990-01-31,2014-12-31,300,stationary monthly bootstrap,month-end only; informational; may understate intramonth drawdown,6,36,2000,20260803,CAGR,Median,0.1314777209069205,False
1990-2014 full post-launch history,1990-01-31,2014-12-31,300,stationary monthly bootstrap,month-end only; informational; may understate intramonth drawdown,6,36,2000,20260803,CAGR,P75,0.16636167151230616,False
1990-2014 full post-launch history,1990-01-31,2014-12-31,300,stationary monthly bootstrap,month-end only; informational; may understate intramonth drawdown,6,36,2000,20260803,CAGR,P95,0.21736728259411423,False
1990-2014 full post-launch history,1990-01-31,2014-12-31,300,stationary monthly bootstrap,month-end only; informational; may understate intramonth drawdown,6,36,2000,20260803,CAGR,P99,0.25372350874647576,False
1990-2014 full post-launch history,1990-01-31,2014-12-31,300,stationary monthly bootstrap,month-end only; informational; may understate intramonth drawdown,6,36,2000,20260803,Monthly Sharpe,P01,0.2555702212712618,False
1990-2014 full post-launch history,1990-01-31,2014-12-31,300,stationary monthly bootstrap,month-end only; informational; may understate intramonth drawdown,6,36,2000,20260803,Monthly Sharpe,P05,0.5791134274142773,False
1990-2014 full post-launch history,1990-01-31,2014-12-31,300,stationary monthly bootstrap,month-end only; informational; may understate intramonth drawdown,6,36,2000,20260803,Monthly Sharpe,P25,1.1793241492116129,False
1990-2014 full post-launch history,1990-01-31,2014-12-31,300,stationary monthly bootstrap,month-end only; informational; may understate intramonth drawdown,6,36,2000,20260803,Monthly Sharpe,Median,1.5619170137078764,False
1990-2014 full post-launch history,1990-01-31,2014-12-31,300,stationary monthly bootstrap,month-end only; informational; may understate intramonth drawdown,6,36,2000,20260803,Monthly Sharpe,P75,1.9453339799830243,False
1990-2014 full post-launch history,1990-01-31,2014-12-31,300,stationary monthly bootstrap,month-end only; informational; may understate intramonth drawdown,6,36,2000,20260803,Monthly Sharpe,P95,2.6542344740297286,False
1990-2014 full post-launch history,1990-01-31,2014-12-31,300,stationary monthly bootstrap,month-end only; informational; may understate intramonth drawdown,6,36,2000,20260803,Monthly Sharpe,P99,3.189471678575915,False
1990-2014 full post-launch history,1990-01-31,2014-12-31,300,stationary monthly bootstrap,month-end only; informational; may understate intramonth drawdown,6,36,2000,20260803,Maximum drawdown,P01,-0.12373254451602762,False
1990-2014 full post-launch history,1990-01-31,2014-12-31,300,stationary monthly bootstrap,month-end only; informational; may understate intramonth drawdown,6,36,2000,20260803,Maximum drawdown,P05,-0.09669072780463264,False
1990-2014 full post-launch history,1990-01-31,2014-12-31,300,stationary monthly bootstrap,month-end only; informational; may understate intramonth drawdown,6,36,2000,20260803,Maximum drawdown,P25,-0.06934486643786406,False
1990-2014 full post-launch history,1990-01-31,2014-12-31,300,stationary monthly bootstrap,month-end only; informational; may understate intramonth drawdown,6,36,2000,20260803,Maximum drawdown,Median,-0.05823192139809241,False
1990-2014 full post-launch history,1990-01-31,2014-12-31,300,stationary monthly bootstrap,month-end only; informational; may understate intramonth drawdown,6,36,2000,20260803,Maximum drawdown,P75,-0.04146466202579957,False
1990-2014 full post-launch history,1990-01-31,2014-12-31,300,stationary monthly bootstrap,month-end only; informational; may understate intramonth drawdown,6,36,2000,20260803,Maximum drawdown,P95,-0.03331517957427055,False
1990-2014 full post-launch history,1990-01-31,2014-12-31,300,stationary monthly bootstrap,month-end only; informational; may understate intramonth drawdown,6,36,2000,20260803,Maximum drawdown,P99,-0.023702997184605484,False
1990-2014 full post-launch history,1990-01-31,2014-12-31,300,stationary monthly bootstrap,month-end only; informational; may understate intramonth drawdown,6,36,2000,20260803,Worst 12-month return,P01,-0.10531044565745228,False
1990-2014 full post-launch history,1990-01-31,2014-12-31,300,stationary monthly bootstrap,month-end only; informational; may understate intramonth drawdown,6,36,2000,20260803,Worst 12-month return,P05,-0.07456437075158143,False
1990-2014 full post-launch history,1990-01-31,2014-12-31,300,stationary monthly bootstrap,month-end only; informational; may understate intramonth drawdown,6,36,2000,20260803,Worst 12-month return,P25,-0.02529585921402682,False
1990-2014 full post-launch history,1990-01-31,2014-12-31,300,stationary monthly bootstrap,month-end only; informational; may understate intramonth drawdown,6,36,2000,20260803,Worst 12-month return,Median,0.015699294978674838,False
1990-2014 full post-launch history,1990-01-31,2014-12-31,300,stationary monthly bootstrap,month-end only; informational; may understate intramonth drawdown,6,36,2000,20260803,Worst 12-month return,P75,0.06369790016234722,False
1990-2014 full post-launch history,1990-01-31,2014-12-31,300,stationary monthly bootstrap,month-end only; informational; may understate intramonth drawdown,6,36,2000,20260803,Worst 12-month return,P95,0.12300897338561077,False
1990-2014 full post-launch history,1990-01-31,2014-12-31,300,stationary monthly bootstrap,month-end only; informational; may understate intramonth drawdown,6,36,2000,20260803,Worst 12-month return,P99,0.16725276299452524,False
1990-2014 full post-launch history,1990-01-31,2014-12-31,300,stationary monthly bootstrap,month-end only; informational; may understate intramonth drawdown,6,36,2000,20260803,Probability of terminal loss,Probability,0.0045,False
1990-2014 full post-launch history,1990-01-31,2014-12-31,300,stationary monthly bootstrap,month-end only; informational; may understate intramonth drawdown,6,36,2000,20260803,Probability capital falls below 50% of initial (diagnostic),Probability,0.0,False
1990-2014 full post-launch history,1990-01-31,2014-12-31,300,stationary monthly bootstrap,month-end only; informational; may understate intramonth drawdown,6,36,2000,20260803,Probability maximum drawdown exceeds 15%,Probability,0.001,False
1990-2014 full post-launch history,1990-01-31,2014-12-31,300,stationary monthly bootstrap,month-end only; informational; may understate intramonth drawdown,6,36,2000,20260803,Probability maximum drawdown exceeds 20%,Probability,0.0,False
1990-2014 full post-launch history,1990-01-31,2014-12-31,300,stationary monthly bootstrap,month-end only; informational; may understate intramonth drawdown,6,36,2000,20260803,Probability maximum drawdown exceeds 30%,Probability,0.0,False
1990-2014 full post-launch history,1990-01-31,2014-12-31,300,stationary monthly bootstrap,month-end only; informational; may understate intramonth drawdown,6,36,2000,20260803,Probability maximum drawdown exceeds 40%,Probability,0.0,False
1990-2014 full post-launch history,1990-01-31,2014-12-31,300,stationary monthly bootstrap,month-end only; informational; may understate intramonth drawdown,6,60,2000,20260803,CAGR,P01,0.04319064780936204,False
1990-2014 full post-launch history,1990-01-31,2014-12-31,300,stationary monthly bootstrap,month-end only; informational; may understate intramonth drawdown,6,60,2000,20260803,CAGR,P05,0.06970392387265739,False
1990-2014 full post-launch history,1990-01-31,2014-12-31,300,stationary monthly bootstrap,month-end only; informational; may understate intramonth drawdown,6,60,2000,20260803,CAGR,P25,0.10646537023203975,False
1990-2014 full post-launch history,1990-01-31,2014-12-31,300,stationary monthly bootstrap,month-end only; informational; may understate intramonth drawdown,6,60,2000,20260803,CAGR,Median,0.13451782884714733,False
1990-2014 full post-launch history,1990-01-31,2014-12-31,300,stationary monthly bootstrap,month-end only; informational; may understate intramonth drawdown,6,60,2000,20260803,CAGR,P75,0.16088153323729362,False
1990-2014 full post-launch history,1990-01-31,2014-12-31,300,stationary monthly bootstrap,month-end only; informational; may understate intramonth drawdown,6,60,2000,20260803,CAGR,P95,0.19722911846079508,False
1990-2014 full post-launch history,1990-01-31,2014-12-31,300,stationary monthly bootstrap,month-end only; informational; may understate intramonth drawdown,6,60,2000,20260803,CAGR,P99,0.21979776081973226,False
1990-2014 full post-launch history,1990-01-31,2014-12-31,300,stationary monthly bootstrap,month-end only; informational; may understate intramonth drawdown,6,60,2000,20260803,Monthly Sharpe,P01,0.5786531274201498,False
1990-2014 full post-launch history,1990-01-31,2014-12-31,300,stationary monthly bootstrap,month-end only; informational; may understate intramonth drawdown,6,60,2000,20260803,Monthly Sharpe,P05,0.8704203541493066,False
1990-2014 full post-launch history,1990-01-31,2014-12-31,300,stationary monthly bootstrap,month-end only; informational; may understate intramonth drawdown,6,60,2000,20260803,Monthly Sharpe,P25,1.2673513903754356,False
1990-2014 full post-launch history,1990-01-31,2014-12-31,300,stationary monthly bootstrap,month-end only; informational; may understate intramonth drawdown,6,60,2000,20260803,Monthly Sharpe,Median,1.5899861168891751,False
1990-2014 full post-launch history,1990-01-31,2014-12-31,300,stationary monthly bootstrap,month-end only; informational; may understate intramonth drawdown,6,60,2000,20260803,Monthly Sharpe,P75,1.9139355505806548,False
1990-2014 full post-launch history,1990-01-31,2014-12-31,300,stationary monthly bootstrap,month-end only; informational; may understate intramonth drawdown,6,60,2000,20260803,Monthly Sharpe,P95,2.382793829611312,False
1990-2014 full post-launch history,1990-01-31,2014-12-31,300,stationary monthly bootstrap,month-end only; informational; may understate intramonth drawdown,6,60,2000,20260803,Monthly Sharpe,P99,2.7030110539738517,False
1990-2014 full post-launch history,1990-01-31,2014-12-31,300,stationary monthly bootstrap,month-end only; informational; may understate intramonth drawdown,6,60,2000,20260803,Maximum drawdown,P01,-0.1387487344770731,False
1990-2014 full post-launch history,1990-01-31,2014-12-31,300,stationary monthly bootstrap,month-end only; informational; may understate intramonth drawdown,6,60,2000,20260803,Maximum drawdown,P05,-0.1060109004541234,False
1990-2014 full post-launch history,1990-01-31,2014-12-31,300,stationary monthly bootstrap,month-end only; informational; may understate intramonth drawdown,6,60,2000,20260803,Maximum drawdown,P25,-0.07824184244149912,False
1990-2014 full post-launch history,1990-01-31,2014-12-31,300,stationary monthly bootstrap,month-end only; informational; may understate intramonth drawdown,6,60,2000,20260803,Maximum drawdown,Median,-0.06254631427311852,False
1990-2014 full post-launch history,1990-01-31,2014-12-31,300,stationary monthly bootstrap,month-end only; informational; may understate intramonth drawdown,6,60,2000,20260803,Maximum drawdown,P75,-0.0537210055825392,False
1990-2014 full post-launch history,1990-01-31,2014-12-31,300,stationary monthly bootstrap,month-end only; informational; may understate intramonth drawdown,6,60,2000,20260803,Maximum drawdown,P95,-0.03724408033947324,False
1990-2014 full post-launch history,1990-01-31,2014-12-31,300,stationary monthly bootstrap,month-end only; informational; may understate intramonth drawdown,6,60,2000,20260803,Maximum drawdown,P99,-0.033582984670661786,False
1990-2014 full post-launch history,1990-01-31,2014-12-31,300,stationary monthly bootstrap,month-end only; informational; may understate intramonth drawdown,6,60,2000,20260803,Worst 12-month return,P01,-0.11514679676082203,False
1990-2014 full post-launch history,1990-01-31,2014-12-31,300,stationary monthly bootstrap,month-end only; informational; may understate intramonth drawdown,6,60,2000,20260803,Worst 12-month return,P05,-0.08409452247885381,False
1990-2014 full post-launch history,1990-01-31,2014-12-31,300,stationary monthly bootstrap,month-end only; informational; may understate intramonth drawdown,6,60,2000,20260803,Worst 12-month return,P25,-0.045628246144065764,False
1990-2014 full post-launch history,1990-01-31,2014-12-31,300,stationary monthly bootstrap,month-end only; informational; may understate intramonth drawdown,6,60,2000,20260803,Worst 12-month return,Median,-0.009973812637741209,False
1990-2014 full post-launch history,1990-01-31,2014-12-31,300,stationary monthly bootstrap,month-end only; informational; may understate intramonth drawdown,6,60,2000,20260803,Worst 12-month return,P75,0.023705057540001045,False
1990-2014 full post-launch history,1990-01-31,2014-12-31,300,stationary monthly bootstrap,month-end only; informational; may understate intramonth drawdown,6,60,2000,20260803,Worst 12-month return,P95,0.08023259740134528,False
1990-2014 full post-launch history,1990-01-31,2014-12-31,300,stationary monthly bootstrap,month-end only; informational; may understate intramonth drawdown,6,60,2000,20260803,Worst 12-month return,P99,0.11014824202400868,False
1990-2014 full post-launch history,1990-01-31,2014-12-31,300,stationary monthly bootstrap,month-end only; informational; may understate intramonth drawdown,6,60,2000,20260803,Probability of terminal loss,Probability,0.0,False
1990-2014 full post-launch history,1990-01-31,2014-12-31,300,stationary monthly bootstrap,month-end only; informational; may understate intramonth drawdown,6,60,2000,20260803,Probability capital falls below 50% of initial (diagnostic),Probability,0.0,False
1990-2014 full post-launch history,1990-01-31,2014-12-31,300,stationary monthly bootstrap,month-end only; informational; may understate intramonth drawdown,6,60,2000,20260803,Probability maximum drawdown exceeds 15%,Probability,0.005,False
1990-2014 full post-launch history,1990-01-31,2014-12-31,300,stationary monthly bootstrap,month-end only; informational; may understate intramonth drawdown,6,60,2000,20260803,Probability maximum drawdown exceeds 20%,Probability,0.0,False
1990-2014 full post-launch history,1990-01-31,2014-12-31,300,stationary monthly bootstrap,month-end only; informational; may understate intramonth drawdown,6,60,2000,20260803,Probability maximum drawdown exceeds 30%,Probability,0.0,False
1990-2014 full post-launch history,1990-01-31,2014-12-31,300,stationary monthly bootstrap,month-end only; informational; may understate intramonth drawdown,6,60,2000,20260803,Probability maximum drawdown exceeds 40%,Probability,0.0,False
1990-2014 full post-launch history,1990-01-31,2014-12-31,300,stationary monthly bootstrap,month-end only; informational; may understate intramonth drawdown,6,120,2000,20260803,CAGR,P01,0.06582603092310825,False
1990-2014 full post-launch history,1990-01-31,2014-12-31,300,stationary monthly bootstrap,month-end only; informational; may understate intramonth drawdown,6,120,2000,20260803,CAGR,P05,0.0889272342953966,False
1990-2014 full post-launch history,1990-01-31,2014-12-31,300,stationary monthly bootstrap,month-end only; informational; may understate intramonth drawdown,6,120,2000,20260803,CAGR,P25,0.1137101858451629,False
1990-2014 full post-launch history,1990-01-31,2014-12-31,300,stationary monthly bootstrap,month-end only; informational; may understate intramonth drawdown,6,120,2000,20260803,CAGR,Median,0.1320033396501889,False
1990-2014 full post-launch history,1990-01-31,2014-12-31,300,stationary monthly bootstrap,month-end only; informational; may understate intramonth drawdown,6,120,2000,20260803,CAGR,P75,0.15127799625780852,False
1990-2014 full post-launch history,1990-01-31,2014-12-31,300,stationary monthly bootstrap,month-end only; informational; may understate intramonth drawdown,6,120,2000,20260803,CAGR,P95,0.17761042325130602,False
1990-2014 full post-launch history,1990-01-31,2014-12-31,300,stationary monthly bootstrap,month-end only; informational; may understate intramonth drawdown,6,120,2000,20260803,CAGR,P99,0.19580896892730482,False
1990-2014 full post-launch history,1990-01-31,2014-12-31,300,stationary monthly bootstrap,month-end only; informational; may understate intramonth drawdown,6,120,2000,20260803,Monthly Sharpe,P01,0.8593192879472195,False
1990-2014 full post-launch history,1990-01-31,2014-12-31,300,stationary monthly bootstrap,month-end only; informational; may understate intramonth drawdown,6,120,2000,20260803,Monthly Sharpe,P05,1.0761066838099291,False
1990-2014 full post-launch history,1990-01-31,2014-12-31,300,stationary monthly bootstrap,month-end only; informational; may understate intramonth drawdown,6,120,2000,20260803,Monthly Sharpe,P25,1.3581040324550875,False
1990-2014 full post-launch history,1990-01-31,2014-12-31,300,stationary monthly bootstrap,month-end only; informational; may understate intramonth drawdown,6,120,2000,20260803,Monthly Sharpe,Median,1.562114671651112,False
1990-2014 full post-launch history,1990-01-31,2014-12-31,300,stationary monthly bootstrap,month-end only; informational; may understate intramonth drawdown,6,120,2000,20260803,Monthly Sharpe,P75,1.7623208758995474,False
1990-2014 full post-launch history,1990-01-31,2014-12-31,300,stationary monthly bootstrap,month-end only; informational; may understate intramonth drawdown,6,120,2000,20260803,Monthly Sharpe,P95,2.09974889625392,False
1990-2014 full post-launch history,1990-01-31,2014-12-31,300,stationary monthly bootstrap,month-end only; informational; may understate intramonth drawdown,6,120,2000,20260803,Monthly Sharpe,P99,2.293651705190717,False
1990-2014 full post-launch history,1990-01-31,2014-12-31,300,stationary monthly bootstrap,month-end only; informational; may understate intramonth drawdown,6,120,2000,20260803,Maximum drawdown,P01,-0.14895709902638532,False
1990-2014 full post-launch history,1990-01-31,2014-12-31,300,stationary monthly bootstrap,month-end only; informational; may understate intramonth drawdown,6,120,2000,20260803,Maximum drawdown,P05,-0.12194285457025639,False
1990-2014 full post-launch history,1990-01-31,2014-12-31,300,stationary monthly bootstrap,month-end only; informational; may understate intramonth drawdown,6,120,2000,20260803,Maximum drawdown,P25,-0.0924244539991905,False
1990-2014 full post-launch history,1990-01-31,2014-12-31,300,stationary monthly bootstrap,month-end only; informational; may understate intramonth drawdown,6,120,2000,20260803,Maximum drawdown,Median,-0.07773520957198321,False
1990-2014 full post-launch history,1990-01-31,2014-12-31,300,stationary monthly bootstrap,month-end only; informational; may understate intramonth drawdown,6,120,2000,20260803,Maximum drawdown,P75,-0.06525408103802144,False
1990-2014 full post-launch history,1990-01-31,2014-12-31,300,stationary monthly bootstrap,month-end only; informational; may understate intramonth drawdown,6,120,2000,20260803,Maximum drawdown,P95,-0.05482173124124527,False
1990-2014 full post-launch history,1990-01-31,2014-12-31,300,stationary monthly bootstrap,month-end only; informational; may understate intramonth drawdown,6,120,2000,20260803,Maximum drawdown,P99,-0.04327809456854459,False
1990-2014 full post-launch history,1990-01-31,2014-12-31,300,stationary monthly bootstrap,month-end only; informational; may understate intramonth drawdown,6,120,2000,20260803,Worst 12-month return,P01,-0.12438675965449286,False
1990-2014 full post-launch history,1990-01-31,2014-12-31,300,stationary monthly bootstrap,month-end only; informational; may understate intramonth drawdown,6,120,2000,20260803,Worst 12-month return,P05,-0.10009635260612744,False
1990-2014 full post-launch history,1990-01-31,2014-12-31,300,stationary monthly bootstrap,month-end only; informational; may understate intramonth drawdown,6,120,2000,20260803,Worst 12-month return,P25,-0.0683237460961047,False
1990-2014 full post-launch history,1990-01-31,2014-12-31,300,stationary monthly bootstrap,month-end only; informational; may understate intramonth drawdown,6,120,2000,20260803,Worst 12-month return,Median,-0.04365067350038806,False
1990-2014 full post-launch history,1990-01-31,2014-12-31,300,stationary monthly bootstrap,month-end only; informational; may understate intramonth drawdown,6,120,2000,20260803,Worst 12-month return,P75,-0.01685461363633784,False
1990-2014 full post-launch history,1990-01-31,2014-12-31,300,stationary monthly bootstrap,month-end only; informational; may understate intramonth drawdown,6,120,2000,20260803,Worst 12-month return,P95,0.022654394666968034,False
1990-2014 full post-launch history,1990-01-31,2014-12-31,300,stationary monthly bootstrap,month-end only; informational; may understate intramonth drawdown,6,120,2000,20260803,Worst 12-month return,P99,0.04867981572035219,False
1990-2014 full post-launch history,1990-01-31,2014-12-31,300,stationary monthly bootstrap,month-end only; informational; may understate intramonth drawdown,6,120,2000,20260803,Probability of terminal loss,Probability,0.0,False
1990-2014 full post-launch history,1990-01-31,2014-12-31,300,stationary monthly bootstrap,month-end only; informational; may understate intramonth drawdown,6,120,2000,20260803,Probability capital falls below 50% of initial (diagnostic),Probability,0.0,False
1990-2014 full post-launch history,1990-01-31,2014-12-31,300,stationary monthly bootstrap,month-end only; informational; may understate intramonth drawdown,6,120,2000,20260803,Probability maximum drawdown exceeds 15%,Probability,0.0095,False
1990-2014 full post-launch history,1990-01-31,2014-12-31,300,stationary monthly bootstrap,month-end only; informational; may understate intramonth drawdown,6,120,2000,20260803,Probability maximum drawdown exceeds 20%,Probability,0.0,False
1990-2014 full post-launch history,1990-01-31,2014-12-31,300,stationary monthly bootstrap,month-end only; informational; may understate intramonth drawdown,6,120,2000,20260803,Probability maximum drawdown exceeds 30%,Probability,0.0,False
1990-2014 full post-launch history,1990-01-31,2014-12-31,300,stationary monthly bootstrap,month-end only; informational; may understate intramonth drawdown,6,120,2000,20260803,Probability maximum drawdown exceeds 40%,Probability,0.0,False
1990-2014 full post-launch history,1990-01-31,2014-12-31,300,stationary monthly bootstrap,month-end only; informational; may understate intramonth drawdown,6,300,2000,20260803,CAGR,P01,0.09069414404681875,False
1990-2014 full post-launch history,1990-01-31,2014-12-31,300,stationary monthly bootstrap,month-end only; informational; may understate intramonth drawdown,6,300,2000,20260803,CAGR,P05,0.10396833350918358,False
1990-2014 full post-launch history,1990-01-31,2014-12-31,300,stationary monthly bootstrap,month-end only; informational; may understate intramonth drawdown,6,300,2000,20260803,CAGR,P25,0.11997542258636149,False
1990-2014 full post-launch history,1990-01-31,2014-12-31,300,stationary monthly bootstrap,month-end only; informational; may understate intramonth drawdown,6,300,2000,20260803,CAGR,Median,0.13164030972159713,False
1990-2014 full post-launch history,1990-01-31,2014-12-31,300,stationary monthly bootstrap,month-end only; informational; may understate intramonth drawdown,6,300,2000,20260803,CAGR,P75,0.143103770389869,False
1990-2014 full post-launch history,1990-01-31,2014-12-31,300,stationary monthly bootstrap,month-end only; informational; may understate intramonth drawdown,6,300,2000,20260803,CAGR,P95,0.15942684945913493,False
1990-2014 full post-launch history,1990-01-31,2014-12-31,300,stationary monthly bootstrap,month-end only; informational; may understate intramonth drawdown,6,300,2000,20260803,CAGR,P99,0.17129586965720567,False
1990-2014 full post-launch history,1990-01-31,2014-12-31,300,stationary monthly bootstrap,month-end only; informational; may understate intramonth drawdown,6,300,2000,20260803,Monthly Sharpe,P01,1.130166796441408,False
1990-2014 full post-launch history,1990-01-31,2014-12-31,300,stationary monthly bootstrap,month-end only; informational; may understate intramonth drawdown,6,300,2000,20260803,Monthly Sharpe,P05,1.2465988414715814,False
1990-2014 full post-launch history,1990-01-31,2014-12-31,300,stationary monthly bootstrap,month-end only; informational; may understate intramonth drawdown,6,300,2000,20260803,Monthly Sharpe,P25,1.4258276253914852,False
1990-2014 full post-launch history,1990-01-31,2014-12-31,300,stationary monthly bootstrap,month-end only; informational; may understate intramonth drawdown,6,300,2000,20260803,Monthly Sharpe,Median,1.554298758950674,False
1990-2014 full post-launch history,1990-01-31,2014-12-31,300,stationary monthly bootstrap,month-end only; informational; may understate intramonth drawdown,6,300,2000,20260803,Monthly Sharpe,P75,1.6869863590938137,False
1990-2014 full post-launch history,1990-01-31,2014-12-31,300,stationary monthly bootstrap,month-end only; informational; may understate intramonth drawdown,6,300,2000,20260803,Monthly Sharpe,P95,1.884904717578957,False
1990-2014 full post-launch history,1990-01-31,2014-12-31,300,stationary monthly bootstrap,month-end only; informational; may understate intramonth drawdown,6,300,2000,20260803,Monthly Sharpe,P99,2.0232703187482715,False
1990-2014 full post-launch history,1990-01-31,2014-12-31,300,stationary monthly bootstrap,month-end only; informational; may understate intramonth drawdown,6,300,2000,20260803,Maximum drawdown,P01,-0.1563042431554718,False
1990-2014 full post-launch history,1990-01-31,2014-12-31,300,stationary monthly bootstrap,month-end only; informational; may understate intramonth drawdown,6,300,2000,20260803,Maximum drawdown,P05,-0.13523640945957494,False
1990-2014 full post-launch history,1990-01-31,2014-12-31,300,stationary monthly bootstrap,month-end only; informational; may understate intramonth drawdown,6,300,2000,20260803,Maximum drawdown,P25,-0.10740227824631488,False
1990-2014 full post-launch history,1990-01-31,2014-12-31,300,stationary monthly bootstrap,month-end only; informational; may understate intramonth drawdown,6,300,2000,20260803,Maximum drawdown,Median,-0.0937220501994186,False
1990-2014 full post-launch history,1990-01-31,2014-12-31,300,stationary monthly bootstrap,month-end only; informational; may understate intramonth drawdown,6,300,2000,20260803,Maximum drawdown,P75,-0.07910441601778428,False
1990-2014 full post-launch history,1990-01-31,2014-12-31,300,stationary monthly bootstrap,month-end only; informational; may understate intramonth drawdown,6,300,2000,20260803,Maximum drawdown,P95,-0.06586904081866508,False
1990-2014 full post-launch history,1990-01-31,2014-12-31,300,stationary monthly bootstrap,month-end only; informational; may understate intramonth drawdown,6,300,2000,20260803,Maximum drawdown,P99,-0.06073214518364315,False
1990-2014 full post-launch history,1990-01-31,2014-12-31,300,stationary monthly bootstrap,month-end only; informational; may understate intramonth drawdown,6,300,2000,20260803,Worst 12-month return,P01,-0.13137148219039932,False
1990-2014 full post-launch history,1990-01-31,2014-12-31,300,stationary monthly bootstrap,month-end only; informational; may understate intramonth drawdown,6,300,2000,20260803,Worst 12-month return,P05,-0.11432031123391857,False
1990-2014 full post-launch history,1990-01-31,2014-12-31,300,stationary monthly bootstrap,month-end only; informational; may understate intramonth drawdown,6,300,2000,20260803,Worst 12-month return,P25,-0.08668136357434603,False
1990-2014 full post-launch history,1990-01-31,2014-12-31,300,stationary monthly bootstrap,month-end only; informational; may understate intramonth drawdown,6,300,2000,20260803,Worst 12-month return,Median,-0.07178414732050621,False
1990-2014 full post-launch history,1990-01-31,2014-12-31,300,stationary monthly bootstrap,month-end only; informational; may understate intramonth drawdown,6,300,2000,20260803,Worst 12-month return,P75,-0.05283940405255704,False
1990-2014 full post-launch history,1990-01-31,2014-12-31,300,stationary monthly bootstrap,month-end only; informational; may understate intramonth drawdown,6,300,2000,20260803,Worst 12-month return,P95,-0.02659994459171476,False
1990-2014 full post-launch history,1990-01-31,2014-12-31,300,stationary monthly bootstrap,month-end only; informational; may understate intramonth drawdown,6,300,2000,20260803,Worst 12-month return,P99,-0.010303615656035856,False
1990-2014 full post-launch history,1990-01-31,2014-12-31,300,stationary monthly bootstrap,month-end only; informational; may understate intramonth drawdown,6,300,2000,20260803,Probability of terminal loss,Probability,0.0,False
1990-2014 full post-launch history,1990-01-31,2014-12-31,300,stationary monthly bootstrap,month-end only; informational; may understate intramonth drawdown,6,300,2000,20260803,Probability capital falls below 50% of initial (diagnostic),Probability,0.0,False
1990-2014 full post-launch history,1990-01-31,2014-12-31,300,stationary monthly bootstrap,month-end only; informational; may understate intramonth drawdown,6,300,2000,20260803,Probability maximum drawdown exceeds 15%,Probability,0.0165,False
1990-2014 full post-launch history,1990-01-31,2014-12-31,300,stationary monthly bootstrap,month-end only; informational; may understate intramonth drawdown,6,300,2000,20260803,Probability maximum drawdown exceeds 20%,Probability,0.0015,False
1990-2014 full post-launch history,1990-01-31,2014-12-31,300,stationary monthly bootstrap,month-end only; informational; may understate intramonth drawdown,6,300,2000,20260803,Probability maximum drawdown exceeds 30%,Probability,0.0,False
1990-2014 full post-launch history,1990-01-31,2014-12-31,300,stationary monthly bootstrap,month-end only; informational; may understate intramonth drawdown,6,300,2000,20260803,Probability maximum drawdown exceeds 40%,Probability,0.0,False
1990-2014 full post-launch history,1990-01-31,2014-12-31,300,stationary monthly bootstrap,month-end only; informational; may understate intramonth drawdown,12,12,2000,20260803,CAGR,P01,-0.056773081236046616,False
1990-2014 full post-launch history,1990-01-31,2014-12-31,300,stationary monthly bootstrap,month-end only; informational; may understate intramonth drawdown,12,12,2000,20260803,CAGR,P05,-0.011821770327846296,False
1990-2014 full post-launch history,1990-01-31,2014-12-31,300,stationary monthly bootstrap,month-end only; informational; may understate intramonth drawdown,12,12,2000,20260803,CAGR,P25,0.0674587555578263,False
1990-2014 full post-launch history,1990-01-31,2014-12-31,300,stationary monthly bootstrap,month-end only; informational; may understate intramonth drawdown,12,12,2000,20260803,CAGR,Median,0.1400816602759289,False
1990-2014 full post-launch history,1990-01-31,2014-12-31,300,stationary monthly bootstrap,month-end only; informational; may understate intramonth drawdown,12,12,2000,20260803,CAGR,P75,0.19794112063564684,False
1990-2014 full post-launch history,1990-01-31,2014-12-31,300,stationary monthly bootstrap,month-end only; informational; may understate intramonth drawdown,12,12,2000,20260803,CAGR,P95,0.27336388050891747,False
1990-2014 full post-launch history,1990-01-31,2014-12-31,300,stationary monthly bootstrap,month-end only; informational; may understate intramonth drawdown,12,12,2000,20260803,CAGR,P99,0.33322322199134324,False
1990-2014 full post-launch history,1990-01-31,2014-12-31,300,stationary monthly bootstrap,month-end only; informational; may understate intramonth drawdown,12,12,2000,20260803,Monthly Sharpe,P01,-0.8537766312936061,False
1990-2014 full post-launch history,1990-01-31,2014-12-31,300,stationary monthly bootstrap,month-end only; informational; may understate intramonth drawdown,12,12,2000,20260803,Monthly Sharpe,P05,-0.1361635175638227,False
1990-2014 full post-launch history,1990-01-31,2014-12-31,300,stationary monthly bootstrap,month-end only; informational; may understate intramonth drawdown,12,12,2000,20260803,Monthly Sharpe,P25,0.8593628385336856,False
1990-2014 full post-launch history,1990-01-31,2014-12-31,300,stationary monthly bootstrap,month-end only; informational; may understate intramonth drawdown,12,12,2000,20260803,Monthly Sharpe,Median,1.5674462012361299,False
1990-2014 full post-launch history,1990-01-31,2014-12-31,300,stationary monthly bootstrap,month-end only; informational; may understate intramonth drawdown,12,12,2000,20260803,Monthly Sharpe,P75,2.377951795587964,False
1990-2014 full post-launch history,1990-01-31,2014-12-31,300,stationary monthly bootstrap,month-end only; informational; may understate intramonth drawdown,12,12,2000,20260803,Monthly Sharpe,P95,3.605250133133443,False
1990-2014 full post-launch history,1990-01-31,2014-12-31,300,stationary monthly bootstrap,month-end only; informational; may understate intramonth drawdown,12,12,2000,20260803,Monthly Sharpe,P99,4.473830945444613,False
1990-2014 full post-launch history,1990-01-31,2014-12-31,300,stationary monthly bootstrap,month-end only; informational; may understate intramonth drawdown,12,12,2000,20260803,Maximum drawdown,P01,-0.08747535346117988,False
1990-2014 full post-launch history,1990-01-31,2014-12-31,300,stationary monthly bootstrap,month-end only; informational; may understate intramonth drawdown,12,12,2000,20260803,Maximum drawdown,P05,-0.06929184909602015,False
1990-2014 full post-launch history,1990-01-31,2014-12-31,300,stationary monthly bootstrap,month-end only; informational; may understate intramonth drawdown,12,12,2000,20260803,Maximum drawdown,P25,-0.049599364034385474,False
1990-2014 full post-launch history,1990-01-31,2014-12-31,300,stationary monthly bootstrap,month-end only; informational; may understate intramonth drawdown,12,12,2000,20260803,Maximum drawdown,Median,-0.03629700149042325,False
1990-2014 full post-launch history,1990-01-31,2014-12-31,300,stationary monthly bootstrap,month-end only; informational; may understate intramonth drawdown,12,12,2000,20260803,Maximum drawdown,P75,-0.029165283285294108,False
1990-2014 full post-launch history,1990-01-31,2014-12-31,300,stationary monthly bootstrap,month-end only; informational; may understate intramonth drawdown,12,12,2000,20260803,Maximum drawdown,P95,-0.009496280848480532,False
1990-2014 full post-launch history,1990-01-31,2014-12-31,300,stationary monthly bootstrap,month-end only; informational; may understate intramonth drawdown,12,12,2000,20260803,Maximum drawdown,P99,-0.0017192440021254196,False
1990-2014 full post-launch history,1990-01-31,2014-12-31,300,stationary monthly bootstrap,month-end only; informational; may understate intramonth drawdown,12,12,2000,20260803,Worst 12-month return,P01,-0.05677308123604661,False
1990-2014 full post-launch history,1990-01-31,2014-12-31,300,stationary monthly bootstrap,month-end only; informational; may understate intramonth drawdown,12,12,2000,20260803,Worst 12-month return,P05,-0.011821770327846294,False
1990-2014 full post-launch history,1990-01-31,2014-12-31,300,stationary monthly bootstrap,month-end only; informational; may understate intramonth drawdown,12,12,2000,20260803,Worst 12-month return,P25,0.06745875555782627,False
1990-2014 full post-launch history,1990-01-31,2014-12-31,300,stationary monthly bootstrap,month-end only; informational; may understate intramonth drawdown,12,12,2000,20260803,Worst 12-month return,Median,0.1400816602759289,False
1990-2014 full post-launch history,1990-01-31,2014-12-31,300,stationary monthly bootstrap,month-end only; informational; may understate intramonth drawdown,12,12,2000,20260803,Worst 12-month return,P75,0.19794112063564687,False
1990-2014 full post-launch history,1990-01-31,2014-12-31,300,stationary monthly bootstrap,month-end only; informational; may understate intramonth drawdown,12,12,2000,20260803,Worst 12-month return,P95,0.27336388050891747,False
1990-2014 full post-launch history,1990-01-31,2014-12-31,300,stationary monthly bootstrap,month-end only; informational; may understate intramonth drawdown,12,12,2000,20260803,Worst 12-month return,P99,0.33322322199134324,False
1990-2014 full post-launch history,1990-01-31,2014-12-31,300,stationary monthly bootstrap,month-end only; informational; may understate intramonth drawdown,12,12,2000,20260803,Probability of terminal loss,Probability,0.076,False
1990-2014 full post-launch history,1990-01-31,2014-12-31,300,stationary monthly bootstrap,month-end only; informational; may understate intramonth drawdown,12,12,2000,20260803,Probability capital falls below 50% of initial (diagnostic),Probability,0.0,False
1990-2014 full post-launch history,1990-01-31,2014-12-31,300,stationary monthly bootstrap,month-end only; informational; may understate intramonth drawdown,12,12,2000,20260803,Probability maximum drawdown exceeds 15%,Probability,0.0,False
1990-2014 full post-launch history,1990-01-31,2014-12-31,300,stationary monthly bootstrap,month-end only; informational; may understate intramonth drawdown,12,12,2000,20260803,Probability maximum drawdown exceeds 20%,Probability,0.0,False
1990-2014 full post-launch history,1990-01-31,2014-12-31,300,stationary monthly bootstrap,month-end only; informational; may understate intramonth drawdown,12,12,2000,20260803,Probability maximum drawdown exceeds 30%,Probability,0.0,False
1990-2014 full post-launch history,1990-01-31,2014-12-31,300,stationary monthly bootstrap,month-end only; informational; may understate intramonth drawdown,12,12,2000,20260803,Probability maximum drawdown exceeds 40%,Probability,0.0,False
1990-2014 full post-launch history,1990-01-31,2014-12-31,300,stationary monthly bootstrap,month-end only; informational; may understate intramonth drawdown,12,36,2000,20260803,CAGR,P01,0.016856352915563054,False
1990-2014 full post-launch history,1990-01-31,2014-12-31,300,stationary monthly bootstrap,month-end only; informational; may understate intramonth drawdown,12,36,2000,20260803,CAGR,P05,0.04915933699185687,False
1990-2014 full post-launch history,1990-01-31,2014-12-31,300,stationary monthly bootstrap,month-end only; informational; may understate intramonth drawdown,12,36,2000,20260803,CAGR,P25,0.10077454996334051,False
1990-2014 full post-launch history,1990-01-31,2014-12-31,300,stationary monthly bootstrap,month-end only; informational; may understate intramonth drawdown,12,36,2000,20260803,CAGR,Median,0.13604955267952643,False
1990-2014 full post-launch history,1990-01-31,2014-12-31,300,stationary monthly bootstrap,month-end only; informational; may understate intramonth drawdown,12,36,2000,20260803,CAGR,P75,0.16978505065387967,False
1990-2014 full post-launch history,1990-01-31,2014-12-31,300,stationary monthly bootstrap,month-end only; informational; may understate intramonth drawdown,12,36,2000,20260803,CAGR,P95,0.21092400382845608,False
1990-2014 full post-launch history,1990-01-31,2014-12-31,300,stationary monthly bootstrap,month-end only; informational; may understate intramonth drawdown,12,36,2000,20260803,CAGR,P99,0.24067071762157152,False
1990-2014 full post-launch history,1990-01-31,2014-12-31,300,stationary monthly bootstrap,month-end only; informational; may understate intramonth drawdown,12,36,2000,20260803,Monthly Sharpe,P01,0.2736625760614126,False
1990-2014 full post-launch history,1990-01-31,2014-12-31,300,stationary monthly bootstrap,month-end only; informational; may understate intramonth drawdown,12,36,2000,20260803,Monthly Sharpe,P05,0.6357262506140248,False
1990-2014 full post-launch history,1990-01-31,2014-12-31,300,stationary monthly bootstrap,month-end only; informational; may understate intramonth drawdown,12,36,2000,20260803,Monthly Sharpe,P25,1.208245286722578,False
1990-2014 full post-launch history,1990-01-31,2014-12-31,300,stationary monthly bootstrap,month-end only; informational; may understate intramonth drawdown,12,36,2000,20260803,Monthly Sharpe,Median,1.6007220664257482,False
1990-2014 full post-launch history,1990-01-31,2014-12-31,300,stationary monthly bootstrap,month-end only; informational; may understate intramonth drawdown,12,36,2000,20260803,Monthly Sharpe,P75,2.0047949228012882,False
1990-2014 full post-launch history,1990-01-31,2014-12-31,300,stationary monthly bootstrap,month-end only; informational; may understate intramonth drawdown,12,36,2000,20260803,Monthly Sharpe,P95,2.5863461326650565,False
1990-2014 full post-launch history,1990-01-31,2014-12-31,300,stationary monthly bootstrap,month-end only; informational; may understate intramonth drawdown,12,36,2000,20260803,Monthly Sharpe,P99,3.0118418592611023,False
1990-2014 full post-launch history,1990-01-31,2014-12-31,300,stationary monthly bootstrap,month-end only; informational; may understate intramonth drawdown,12,36,2000,20260803,Maximum drawdown,P01,-0.11188884374415933,False
1990-2014 full post-launch history,1990-01-31,2014-12-31,300,stationary monthly bootstrap,month-end only; informational; may understate intramonth drawdown,12,36,2000,20260803,Maximum drawdown,P05,-0.0937220501994187,False
1990-2014 full post-launch history,1990-01-31,2014-12-31,300,stationary monthly bootstrap,month-end only; informational; may understate intramonth drawdown,12,36,2000,20260803,Maximum drawdown,P25,-0.0677543072874365,False
1990-2014 full post-launch history,1990-01-31,2014-12-31,300,stationary monthly bootstrap,month-end only; informational; may understate intramonth drawdown,12,36,2000,20260803,Maximum drawdown,Median,-0.056890720827706465,False
1990-2014 full post-launch history,1990-01-31,2014-12-31,300,stationary monthly bootstrap,month-end only; informational; may understate intramonth drawdown,12,36,2000,20260803,Maximum drawdown,P75,-0.04051635797109543,False
1990-2014 full post-launch history,1990-01-31,2014-12-31,300,stationary monthly bootstrap,month-end only; informational; may understate intramonth drawdown,12,36,2000,20260803,Maximum drawdown,P95,-0.034362267584194583,False
1990-2014 full post-launch history,1990-01-31,2014-12-31,300,stationary monthly bootstrap,month-end only; informational; may understate intramonth drawdown,12,36,2000,20260803,Maximum drawdown,P99,-0.028437277291485825,False
1990-2014 full post-launch history,1990-01-31,2014-12-31,300,stationary monthly bootstrap,month-end only; informational; may understate intramonth drawdown,12,36,2000,20260803,Worst 12-month return,P01,-0.10079589920174484,False
1990-2014 full post-launch history,1990-01-31,2014-12-31,300,stationary monthly bootstrap,month-end only; informational; may understate intramonth drawdown,12,36,2000,20260803,Worst 12-month return,P05,-0.07456437075158144,False
1990-2014 full post-launch history,1990-01-31,2014-12-31,300,stationary monthly bootstrap,month-end only; informational; may understate intramonth drawdown,12,36,2000,20260803,Worst 12-month return,P25,-0.02028270751806739,False
1990-2014 full post-launch history,1990-01-31,2014-12-31,300,stationary monthly bootstrap,month-end only; informational; may understate intramonth drawdown,12,36,2000,20260803,Worst 12-month return,Median,0.01603099933220616,False
1990-2014 full post-launch history,1990-01-31,2014-12-31,300,stationary monthly bootstrap,month-end only; informational; may understate intramonth drawdown,12,36,2000,20260803,Worst 12-month return,P75,0.07048283062230218,False
1990-2014 full post-launch history,1990-01-31,2014-12-31,300,stationary monthly bootstrap,month-end only; informational; may understate intramonth drawdown,12,36,2000,20260803,Worst 12-month return,P95,0.1268264172331669,False
1990-2014 full post-launch history,1990-01-31,2014-12-31,300,stationary monthly bootstrap,month-end only; informational; may understate intramonth drawdown,12,36,2000,20260803,Worst 12-month return,P99,0.15671874015492557,False
1990-2014 full post-launch history,1990-01-31,2014-12-31,300,stationary monthly bootstrap,month-end only; informational; may understate intramonth drawdown,12,36,2000,20260803,Probability of terminal loss,Probability,0.0035,False
1990-2014 full post-launch history,1990-01-31,2014-12-31,300,stationary monthly bootstrap,month-end only; informational; may understate intramonth drawdown,12,36,2000,20260803,Probability capital falls below 50% of initial (diagnostic),Probability,0.0,False
1990-2014 full post-launch history,1990-01-31,2014-12-31,300,stationary monthly bootstrap,month-end only; informational; may understate intramonth drawdown,12,36,2000,20260803,Probability maximum drawdown exceeds 15%,Probability,0.001,False
1990-2014 full post-launch history,1990-01-31,2014-12-31,300,stationary monthly bootstrap,month-end only; informational; may understate intramonth drawdown,12,36,2000,20260803,Probability maximum drawdown exceeds 20%,Probability,0.0,False
1990-2014 full post-launch history,1990-01-31,2014-12-31,300,stationary monthly bootstrap,month-end only; informational; may understate intramonth drawdown,12,36,2000,20260803,Probability maximum drawdown exceeds 30%,Probability,0.0,False
1990-2014 full post-launch history,1990-01-31,2014-12-31,300,stationary monthly bootstrap,month-end only; informational; may understate intramonth drawdown,12,36,2000,20260803,Probability maximum drawdown exceeds 40%,Probability,0.0,False
1990-2014 full post-launch history,1990-01-31,2014-12-31,300,stationary monthly bootstrap,month-end only; informational; may understate intramonth drawdown,12,60,2000,20260803,CAGR,P01,0.04417058028216021,False
1990-2014 full post-launch history,1990-01-31,2014-12-31,300,stationary monthly bootstrap,month-end only; informational; may understate intramonth drawdown,12,60,2000,20260803,CAGR,P05,0.07060348131041146,False
1990-2014 full post-launch history,1990-01-31,2014-12-31,300,stationary monthly bootstrap,month-end only; informational; may understate intramonth drawdown,12,60,2000,20260803,CAGR,P25,0.106962124054262,False
1990-2014 full post-launch history,1990-01-31,2014-12-31,300,stationary monthly bootstrap,month-end only; informational; may understate intramonth drawdown,12,60,2000,20260803,CAGR,Median,0.1324138594454365,False
1990-2014 full post-launch history,1990-01-31,2014-12-31,300,stationary monthly bootstrap,month-end only; informational; may understate intramonth drawdown,12,60,2000,20260803,CAGR,P75,0.15767628434113615,False
1990-2014 full post-launch history,1990-01-31,2014-12-31,300,stationary monthly bootstrap,month-end only; informational; may understate intramonth drawdown,12,60,2000,20260803,CAGR,P95,0.1909734349604119,False
1990-2014 full post-launch history,1990-01-31,2014-12-31,300,stationary monthly bootstrap,month-end only; informational; may understate intramonth drawdown,12,60,2000,20260803,CAGR,P99,0.21455128866914047,False
1990-2014 full post-launch history,1990-01-31,2014-12-31,300,stationary monthly bootstrap,month-end only; informational; may understate intramonth drawdown,12,60,2000,20260803,Monthly Sharpe,P01,0.5504588731599835,False
1990-2014 full post-launch history,1990-01-31,2014-12-31,300,stationary monthly bootstrap,month-end only; informational; may understate intramonth drawdown,12,60,2000,20260803,Monthly Sharpe,P05,0.8714090465895583,False
1990-2014 full post-launch history,1990-01-31,2014-12-31,300,stationary monthly bootstrap,month-end only; informational; may understate intramonth drawdown,12,60,2000,20260803,Monthly Sharpe,P25,1.287171040584322,False
1990-2014 full post-launch history,1990-01-31,2014-12-31,300,stationary monthly bootstrap,month-end only; informational; may understate intramonth drawdown,12,60,2000,20260803,Monthly Sharpe,Median,1.5831789710717699,False
1990-2014 full post-launch history,1990-01-31,2014-12-31,300,stationary monthly bootstrap,month-end only; informational; may understate intramonth drawdown,12,60,2000,20260803,Monthly Sharpe,P75,1.8523203832995443,False
1990-2014 full post-launch history,1990-01-31,2014-12-31,300,stationary monthly bootstrap,month-end only; informational; may understate intramonth drawdown,12,60,2000,20260803,Monthly Sharpe,P95,2.308788125609408,False
1990-2014 full post-launch history,1990-01-31,2014-12-31,300,stationary monthly bootstrap,month-end only; informational; may understate intramonth drawdown,12,60,2000,20260803,Monthly Sharpe,P99,2.5942358653627218,False
1990-2014 full post-launch history,1990-01-31,2014-12-31,300,stationary monthly bootstrap,month-end only; informational; may understate intramonth drawdown,12,60,2000,20260803,Maximum drawdown,P01,-0.1257360127649471,False
1990-2014 full post-launch history,1990-01-31,2014-12-31,300,stationary monthly bootstrap,month-end only; informational; may understate intramonth drawdown,12,60,2000,20260803,Maximum drawdown,P05,-0.09923247512890421,False
1990-2014 full post-launch history,1990-01-31,2014-12-31,300,stationary monthly bootstrap,month-end only; informational; may understate intramonth drawdown,12,60,2000,20260803,Maximum drawdown,P25,-0.07910441601778406,False
1990-2014 full post-launch history,1990-01-31,2014-12-31,300,stationary monthly bootstrap,month-end only; informational; may understate intramonth drawdown,12,60,2000,20260803,Maximum drawdown,Median,-0.06525408103802122,False
1990-2014 full post-launch history,1990-01-31,2014-12-31,300,stationary monthly bootstrap,month-end only; informational; may understate intramonth drawdown,12,60,2000,20260803,Maximum drawdown,P75,-0.05636959349373982,False
1990-2014 full post-launch history,1990-01-31,2014-12-31,300,stationary monthly bootstrap,month-end only; informational; may understate intramonth drawdown,12,60,2000,20260803,Maximum drawdown,P95,-0.038479258053240484,False
1990-2014 full post-launch history,1990-01-31,2014-12-31,300,stationary monthly bootstrap,month-end only; informational; may understate intramonth drawdown,12,60,2000,20260803,Maximum drawdown,P99,-0.03539813375419132,False
1990-2014 full post-launch history,1990-01-31,2014-12-31,300,stationary monthly bootstrap,month-end only; informational; may understate intramonth drawdown,12,60,2000,20260803,Worst 12-month return,P01,-0.10575471056124144,False
1990-2014 full post-launch history,1990-01-31,2014-12-31,300,stationary monthly bootstrap,month-end only; informational; may understate intramonth drawdown,12,60,2000,20260803,Worst 12-month return,P05,-0.07815995011675564,False
1990-2014 full post-launch history,1990-01-31,2014-12-31,300,stationary monthly bootstrap,month-end only; informational; may understate intramonth drawdown,12,60,2000,20260803,Worst 12-month return,P25,-0.04871382945332294,False
1990-2014 full post-launch history,1990-01-31,2014-12-31,300,stationary monthly bootstrap,month-end only; informational; may understate intramonth drawdown,12,60,2000,20260803,Worst 12-month return,Median,-0.01152214262614483,False
1990-2014 full post-launch history,1990-01-31,2014-12-31,300,stationary monthly bootstrap,month-end only; informational; may understate intramonth drawdown,12,60,2000,20260803,Worst 12-month return,P75,0.01898588054565766,False
1990-2014 full post-launch history,1990-01-31,2014-12-31,300,stationary monthly bootstrap,month-end only; informational; may understate intramonth drawdown,12,60,2000,20260803,Worst 12-month return,P95,0.07721216725764109,False
1990-2014 full post-launch history,1990-01-31,2014-12-31,300,stationary monthly bootstrap,month-end only; informational; may understate intramonth drawdown,12,60,2000,20260803,Worst 12-month return,P99,0.10572343827363051,False
1990-2014 full post-launch history,1990-01-31,2014-12-31,300,stationary monthly bootstrap,month-end only; informational; may understate intramonth drawdown,12,60,2000,20260803,Probability of terminal loss,Probability,0.0005,False
1990-2014 full post-launch history,1990-01-31,2014-12-31,300,stationary monthly bootstrap,month-end only; informational; may understate intramonth drawdown,12,60,2000,20260803,Probability capital falls below 50% of initial (diagnostic),Probability,0.0,False
1990-2014 full post-launch history,1990-01-31,2014-12-31,300,stationary monthly bootstrap,month-end only; informational; may understate intramonth drawdown,12,60,2000,20260803,Probability maximum drawdown exceeds 15%,Probability,0.002,False
1990-2014 full post-launch history,1990-01-31,2014-12-31,300,stationary monthly bootstrap,month-end only; informational; may understate intramonth drawdown,12,60,2000,20260803,Probability maximum drawdown exceeds 20%,Probability,0.0,False
1990-2014 full post-launch history,1990-01-31,2014-12-31,300,stationary monthly bootstrap,month-end only; informational; may understate intramonth drawdown,12,60,2000,20260803,Probability maximum drawdown exceeds 30%,Probability,0.0,False
1990-2014 full post-launch history,1990-01-31,2014-12-31,300,stationary monthly bootstrap,month-end only; informational; may understate intramonth drawdown,12,60,2000,20260803,Probability maximum drawdown exceeds 40%,Probability,0.0,False
1990-2014 full post-launch history,1990-01-31,2014-12-31,300,stationary monthly bootstrap,month-end only; informational; may understate intramonth drawdown,12,120,2000,20260803,CAGR,P01,0.07006340341745203,False
1990-2014 full post-launch history,1990-01-31,2014-12-31,300,stationary monthly bootstrap,month-end only; informational; may understate intramonth drawdown,12,120,2000,20260803,CAGR,P05,0.08730405554764023,False
1990-2014 full post-launch history,1990-01-31,2014-12-31,300,stationary monthly bootstrap,month-end only; informational; may understate intramonth drawdown,12,120,2000,20260803,CAGR,P25,0.11393139584546964,False
1990-2014 full post-launch history,1990-01-31,2014-12-31,300,stationary monthly bootstrap,month-end only; informational; may understate intramonth drawdown,12,120,2000,20260803,CAGR,Median,0.13228796904182377,False
1990-2014 full post-launch history,1990-01-31,2014-12-31,300,stationary monthly bootstrap,month-end only; informational; may understate intramonth drawdown,12,120,2000,20260803,CAGR,P75,0.15049404154838636,False
1990-2014 full post-launch history,1990-01-31,2014-12-31,300,stationary monthly bootstrap,month-end only; informational; may understate intramonth drawdown,12,120,2000,20260803,CAGR,P95,0.17227845096707797,False
1990-2014 full post-launch history,1990-01-31,2014-12-31,300,stationary monthly bootstrap,month-end only; informational; may understate intramonth drawdown,12,120,2000,20260803,CAGR,P99,0.18762749275714483,False
1990-2014 full post-launch history,1990-01-31,2014-12-31,300,stationary monthly bootstrap,month-end only; informational; may understate intramonth drawdown,12,120,2000,20260803,Monthly Sharpe,P01,0.8572736155412474,False
1990-2014 full post-launch history,1990-01-31,2014-12-31,300,stationary monthly bootstrap,month-end only; informational; may understate intramonth drawdown,12,120,2000,20260803,Monthly Sharpe,P05,1.0564223775944894,False
1990-2014 full post-launch history,1990-01-31,2014-12-31,300,stationary monthly bootstrap,month-end only; informational; may understate intramonth drawdown,12,120,2000,20260803,Monthly Sharpe,P25,1.3564941370560006,False
1990-2014 full post-launch history,1990-01-31,2014-12-31,300,stationary monthly bootstrap,month-end only; informational; may understate intramonth drawdown,12,120,2000,20260803,Monthly Sharpe,Median,1.5646674782995964,False
1990-2014 full post-launch history,1990-01-31,2014-12-31,300,stationary monthly bootstrap,month-end only; informational; may understate intramonth drawdown,12,120,2000,20260803,Monthly Sharpe,P75,1.7760998927175375,False
1990-2014 full post-launch history,1990-01-31,2014-12-31,300,stationary monthly bootstrap,month-end only; informational; may understate intramonth drawdown,12,120,2000,20260803,Monthly Sharpe,P95,2.048451026914662,False
1990-2014 full post-launch history,1990-01-31,2014-12-31,300,stationary monthly bootstrap,month-end only; informational; may understate intramonth drawdown,12,120,2000,20260803,Monthly Sharpe,P99,2.2069840152743105,False
1990-2014 full post-launch history,1990-01-31,2014-12-31,300,stationary monthly bootstrap,month-end only; informational; may understate intramonth drawdown,12,120,2000,20260803,Maximum drawdown,P01,-0.13925983373978648,False
1990-2014 full post-launch history,1990-01-31,2014-12-31,300,stationary monthly bootstrap,month-end only; informational; may understate intramonth drawdown,12,120,2000,20260803,Maximum drawdown,P05,-0.11514816828829982,False
1990-2014 full post-launch history,1990-01-31,2014-12-31,300,stationary monthly bootstrap,month-end only; informational; may understate intramonth drawdown,12,120,2000,20260803,Maximum drawdown,P25,-0.0937220501994186,False
1990-2014 full post-launch history,1990-01-31,2014-12-31,300,stationary monthly bootstrap,month-end only; informational; may understate intramonth drawdown,12,120,2000,20260803,Maximum drawdown,Median,-0.07910441601778395,False
1990-2014 full post-launch history,1990-01-31,2014-12-31,300,stationary monthly bootstrap,month-end only; informational; may understate intramonth drawdown,12,120,2000,20260803,Maximum drawdown,P75,-0.06525408103802133,False
1990-2014 full post-launch history,1990-01-31,2014-12-31,300,stationary monthly bootstrap,month-end only; informational; may understate intramonth drawdown,12,120,2000,20260803,Maximum drawdown,P95,-0.05636959349373971,False
1990-2014 full post-launch history,1990-01-31,2014-12-31,300,stationary monthly bootstrap,month-end only; informational; may understate intramonth drawdown,12,120,2000,20260803,Maximum drawdown,P99,-0.04328537918215969,False
1990-2014 full post-launch history,1990-01-31,2014-12-31,300,stationary monthly bootstrap,month-end only; informational; may understate intramonth drawdown,12,120,2000,20260803,Worst 12-month return,P01,-0.11615837714556239,False
1990-2014 full post-launch history,1990-01-31,2014-12-31,300,stationary monthly bootstrap,month-end only; informational; may understate intramonth drawdown,12,120,2000,20260803,Worst 12-month return,P05,-0.093595409746779,False
1990-2014 full post-launch history,1990-01-31,2014-12-31,300,stationary monthly bootstrap,month-end only; informational; may understate intramonth drawdown,12,120,2000,20260803,Worst 12-month return,P25,-0.07203091604583511,False
1990-2014 full post-launch history,1990-01-31,2014-12-31,300,stationary monthly bootstrap,month-end only; informational; may understate intramonth drawdown,12,120,2000,20260803,Worst 12-month return,Median,-0.04562720088285052,False
1990-2014 full post-launch history,1990-01-31,2014-12-31,300,stationary monthly bootstrap,month-end only; informational; may understate intramonth drawdown,12,120,2000,20260803,Worst 12-month return,P75,-0.016052168745122167,False
1990-2014 full post-launch history,1990-01-31,2014-12-31,300,stationary monthly bootstrap,month-end only; informational; may understate intramonth drawdown,12,120,2000,20260803,Worst 12-month return,P95,0.0247649003425791,False
1990-2014 full post-launch history,1990-01-31,2014-12-31,300,stationary monthly bootstrap,month-end only; informational; may understate intramonth drawdown,12,120,2000,20260803,Worst 12-month return,P99,0.04695817382274236,False
1990-2014 full post-launch history,1990-01-31,2014-12-31,300,stationary monthly bootstrap,month-end only; informational; may understate intramonth drawdown,12,120,2000,20260803,Probability of terminal loss,Probability,0.0,False
1990-2014 full post-launch history,1990-01-31,2014-12-31,300,stationary monthly bootstrap,month-end only; informational; may understate intramonth drawdown,12,120,2000,20260803,Probability capital falls below 50% of initial (diagnostic),Probability,0.0,False
1990-2014 full post-launch history,1990-01-31,2014-12-31,300,stationary monthly bootstrap,month-end only; informational; may understate intramonth drawdown,12,120,2000,20260803,Probability maximum drawdown exceeds 15%,Probability,0.0055,False
1990-2014 full post-launch history,1990-01-31,2014-12-31,300,stationary monthly bootstrap,month-end only; informational; may understate intramonth drawdown,12,120,2000,20260803,Probability maximum drawdown exceeds 20%,Probability,0.0,False
1990-2014 full post-launch history,1990-01-31,2014-12-31,300,stationary monthly bootstrap,month-end only; informational; may understate intramonth drawdown,12,120,2000,20260803,Probability maximum drawdown exceeds 30%,Probability,0.0,False
1990-2014 full post-launch history,1990-01-31,2014-12-31,300,stationary monthly bootstrap,month-end only; informational; may understate intramonth drawdown,12,120,2000,20260803,Probability maximum drawdown exceeds 40%,Probability,0.0,False
1990-2014 full post-launch history,1990-01-31,2014-12-31,300,stationary monthly bootstrap,month-end only; informational; may understate intramonth drawdown,12,300,2000,20260803,CAGR,P01,0.09074837745826131,False
1990-2014 full post-launch history,1990-01-31,2014-12-31,300,stationary monthly bootstrap,month-end only; informational; may understate intramonth drawdown,12,300,2000,20260803,CAGR,P05,0.10323072225718381,False
1990-2014 full post-launch history,1990-01-31,2014-12-31,300,stationary monthly bootstrap,month-end only; informational; may understate intramonth drawdown,12,300,2000,20260803,CAGR,P25,0.12111135627023187,False
1990-2014 full post-launch history,1990-01-31,2014-12-31,300,stationary monthly bootstrap,month-end only; informational; may understate intramonth drawdown,12,300,2000,20260803,CAGR,Median,0.13184243407484333,False
1990-2014 full post-launch history,1990-01-31,2014-12-31,300,stationary monthly bootstrap,month-end only; informational; may understate intramonth drawdown,12,300,2000,20260803,CAGR,P75,0.14296249708730305,False
1990-2014 full post-launch history,1990-01-31,2014-12-31,300,stationary monthly bootstrap,month-end only; informational; may understate intramonth drawdown,12,300,2000,20260803,CAGR,P95,0.1578723257603124,False
1990-2014 full post-launch history,1990-01-31,2014-12-31,300,stationary monthly bootstrap,month-end only; informational; may understate intramonth drawdown,12,300,2000,20260803,CAGR,P99,0.1685520481940235,False
1990-2014 full post-launch history,1990-01-31,2014-12-31,300,stationary monthly bootstrap,month-end only; informational; may understate intramonth drawdown,12,300,2000,20260803,Monthly Sharpe,P01,1.0785157086791128,False
1990-2014 full post-launch history,1990-01-31,2014-12-31,300,stationary monthly bootstrap,month-end only; informational; may understate intramonth drawdown,12,300,2000,20260803,Monthly Sharpe,P05,1.2418753341851814,False
1990-2014 full post-launch history,1990-01-31,2014-12-31,300,stationary monthly bootstrap,month-end only; informational; may understate intramonth drawdown,12,300,2000,20260803,Monthly Sharpe,P25,1.4296646212219035,False
1990-2014 full post-launch history,1990-01-31,2014-12-31,300,stationary monthly bootstrap,month-end only; informational; may understate intramonth drawdown,12,300,2000,20260803,Monthly Sharpe,Median,1.5615931351192114,False
1990-2014 full post-launch history,1990-01-31,2014-12-31,300,stationary monthly bootstrap,month-end only; informational; may understate intramonth drawdown,12,300,2000,20260803,Monthly Sharpe,P75,1.6873550521849068,False
1990-2014 full post-launch history,1990-01-31,2014-12-31,300,stationary monthly bootstrap,month-end only; informational; may understate intramonth drawdown,12,300,2000,20260803,Monthly Sharpe,P95,1.8755988127351908,False
1990-2014 full post-launch history,1990-01-31,2014-12-31,300,stationary monthly bootstrap,month-end only; informational; may understate intramonth drawdown,12,300,2000,20260803,Monthly Sharpe,P99,1.9892884601740295,False
1990-2014 full post-launch history,1990-01-31,2014-12-31,300,stationary monthly bootstrap,month-end only; informational; may understate intramonth drawdown,12,300,2000,20260803,Maximum drawdown,P01,-0.14821810447473394,False
1990-2014 full post-launch history,1990-01-31,2014-12-31,300,stationary monthly bootstrap,month-end only; informational; may understate intramonth drawdown,12,300,2000,20260803,Maximum drawdown,P05,-0.12705069324052345,False
1990-2014 full post-launch history,1990-01-31,2014-12-31,300,stationary monthly bootstrap,month-end only; informational; may understate intramonth drawdown,12,300,2000,20260803,Maximum drawdown,P25,-0.10123386045445124,False
1990-2014 full post-launch history,1990-01-31,2014-12-31,300,stationary monthly bootstrap,month-end only; informational; may understate intramonth drawdown,12,300,2000,20260803,Maximum drawdown,Median,-0.0937220501994186,False
1990-2014 full post-launch history,1990-01-31,2014-12-31,300,stationary monthly bootstrap,month-end only; informational; may understate intramonth drawdown,12,300,2000,20260803,Maximum drawdown,P75,-0.07910441601778428,False
1990-2014 full post-launch history,1990-01-31,2014-12-31,300,stationary monthly bootstrap,month-end only; informational; may understate intramonth drawdown,12,300,2000,20260803,Maximum drawdown,P95,-0.0670536881167532,False
1990-2014 full post-launch history,1990-01-31,2014-12-31,300,stationary monthly bootstrap,month-end only; informational; may understate intramonth drawdown,12,300,2000,20260803,Maximum drawdown,P99,-0.05932460758034919,False
1990-2014 full post-launch history,1990-01-31,2014-12-31,300,stationary monthly bootstrap,month-end only; informational; may understate intramonth drawdown,12,300,2000,20260803,Worst 12-month return,P01,-0.1256875868953324,False
1990-2014 full post-launch history,1990-01-31,2014-12-31,300,stationary monthly bootstrap,month-end only; informational; may understate intramonth drawdown,12,300,2000,20260803,Worst 12-month return,P05,-0.10582720102851728,False
1990-2014 full post-launch history,1990-01-31,2014-12-31,300,stationary monthly bootstrap,month-end only; informational; may understate intramonth drawdown,12,300,2000,20260803,Worst 12-month return,P25,-0.07887406876456804,False
1990-2014 full post-launch history,1990-01-31,2014-12-31,300,stationary monthly bootstrap,month-end only; informational; may understate intramonth drawdown,12,300,2000,20260803,Worst 12-month return,Median,-0.07456437075158133,False
1990-2014 full post-launch history,1990-01-31,2014-12-31,300,stationary monthly bootstrap,month-end only; informational; may understate intramonth drawdown,12,300,2000,20260803,Worst 12-month return,P75,-0.05283940405255722,False
1990-2014 full post-launch history,1990-01-31,2014-12-31,300,stationary monthly bootstrap,month-end only; informational; may understate intramonth drawdown,12,300,2000,20260803,Worst 12-month return,P95,-0.022257589906765542,False
1990-2014 full post-launch history,1990-01-31,2014-12-31,300,stationary monthly bootstrap,month-end only; informational; may understate intramonth drawdown,12,300,2000,20260803,Worst 12-month return,P99,-0.009223005485261884,False
1990-2014 full post-launch history,1990-01-31,2014-12-31,300,stationary monthly bootstrap,month-end only; informational; may understate intramonth drawdown,12,300,2000,20260803,Probability of terminal loss,Probability,0.0,False
1990-2014 full post-launch history,1990-01-31,2014-12-31,300,stationary monthly bootstrap,month-end only; informational; may understate intramonth drawdown,12,300,2000,20260803,Probability capital falls below 50% of initial (diagnostic),Probability,0.0,False
1990-2014 full post-launch history,1990-01-31,2014-12-31,300,stationary monthly bootstrap,month-end only; informational; may understate intramonth drawdown,12,300,2000,20260803,Probability maximum drawdown exceeds 15%,Probability,0.01,False
1990-2014 full post-launch history,1990-01-31,2014-12-31,300,stationary monthly bootstrap,month-end only; informational; may understate intramonth drawdown,12,300,2000,20260803,Probability maximum drawdown exceeds 20%,Probability,0.0,False
1990-2014 full post-launch history,1990-01-31,2014-12-31,300,stationary monthly bootstrap,month-end only; informational; may understate intramonth drawdown,12,300,2000,20260803,Probability maximum drawdown exceeds 30%,Probability,0.0,False
1990-2014 full post-launch history,1990-01-31,2014-12-31,300,stationary monthly bootstrap,month-end only; informational; may understate intramonth drawdown,12,300,2000,20260803,Probability maximum drawdown exceeds 40%,Probability,0.0,False
1990-2014 full post-launch history,1990-01-31,2014-12-31,300,stationary monthly bootstrap,month-end only; informational; may understate intramonth drawdown,24,12,2000,20260803,CAGR,P01,-0.05012780697531062,False
1990-2014 full post-launch history,1990-01-31,2014-12-31,300,stationary monthly bootstrap,month-end only; informational; may understate intramonth drawdown,24,12,2000,20260803,CAGR,P05,-0.011809817047369546,False
1990-2014 full post-launch history,1990-01-31,2014-12-31,300,stationary monthly bootstrap,month-end only; informational; may understate intramonth drawdown,24,12,2000,20260803,CAGR,P25,0.07097292939527589,False
1990-2014 full post-launch history,1990-01-31,2014-12-31,300,stationary monthly bootstrap,month-end only; informational; may understate intramonth drawdown,24,12,2000,20260803,CAGR,Median,0.14746791479100138,False
1990-2014 full post-launch history,1990-01-31,2014-12-31,300,stationary monthly bootstrap,month-end only; informational; may understate intramonth drawdown,24,12,2000,20260803,CAGR,P75,0.2000460464030113,False
1990-2014 full post-launch history,1990-01-31,2014-12-31,300,stationary monthly bootstrap,month-end only; informational; may understate intramonth drawdown,24,12,2000,20260803,CAGR,P95,0.2732235598869955,False
1990-2014 full post-launch history,1990-01-31,2014-12-31,300,stationary monthly bootstrap,month-end only; informational; may understate intramonth drawdown,24,12,2000,20260803,CAGR,P99,0.31927671519234296,False
1990-2014 full post-launch history,1990-01-31,2014-12-31,300,stationary monthly bootstrap,month-end only; informational; may understate intramonth drawdown,24,12,2000,20260803,Monthly Sharpe,P01,-0.7975822590401734,False
1990-2014 full post-launch history,1990-01-31,2014-12-31,300,stationary monthly bootstrap,month-end only; informational; may understate intramonth drawdown,24,12,2000,20260803,Monthly Sharpe,P05,-0.13607132533472954,False
1990-2014 full post-launch history,1990-01-31,2014-12-31,300,stationary monthly bootstrap,month-end only; informational; may understate intramonth drawdown,24,12,2000,20260803,Monthly Sharpe,P25,0.861094329101869,False
1990-2014 full post-launch history,1990-01-31,2014-12-31,300,stationary monthly bootstrap,month-end only; informational; may understate intramonth drawdown,24,12,2000,20260803,Monthly Sharpe,Median,1.6488200736077556,False
1990-2014 full post-launch history,1990-01-31,2014-12-31,300,stationary monthly bootstrap,month-end only; informational; may understate intramonth drawdown,24,12,2000,20260803,Monthly Sharpe,P75,2.439649972392699,False
1990-2014 full post-launch history,1990-01-31,2014-12-31,300,stationary monthly bootstrap,month-end only; informational; may understate intramonth drawdown,24,12,2000,20260803,Monthly Sharpe,P95,3.66512789469169,False
1990-2014 full post-launch history,1990-01-31,2014-12-31,300,stationary monthly bootstrap,month-end only; informational; may understate intramonth drawdown,24,12,2000,20260803,Monthly Sharpe,P99,4.640460969086685,False
1990-2014 full post-launch history,1990-01-31,2014-12-31,300,stationary monthly bootstrap,month-end only; informational; may understate intramonth drawdown,24,12,2000,20260803,Maximum drawdown,P01,-0.07910567479483799,False
1990-2014 full post-launch history,1990-01-31,2014-12-31,300,stationary monthly bootstrap,month-end only; informational; may understate intramonth drawdown,24,12,2000,20260803,Maximum drawdown,P05,-0.06682276491100843,False
1990-2014 full post-launch history,1990-01-31,2014-12-31,300,stationary monthly bootstrap,month-end only; informational; may understate intramonth drawdown,24,12,2000,20260803,Maximum drawdown,P25,-0.0495993640343855,False
1990-2014 full post-launch history,1990-01-31,2014-12-31,300,stationary monthly bootstrap,month-end only; informational; may understate intramonth drawdown,24,12,2000,20260803,Maximum drawdown,Median,-0.03629700149042314,False
1990-2014 full post-launch history,1990-01-31,2014-12-31,300,stationary monthly bootstrap,month-end only; informational; may understate intramonth drawdown,24,12,2000,20260803,Maximum drawdown,P75,-0.028924577838298243,False
1990-2014 full post-launch history,1990-01-31,2014-12-31,300,stationary monthly bootstrap,month-end only; informational; may understate intramonth drawdown,24,12,2000,20260803,Maximum drawdown,P95,-0.0055213868808534575,False
1990-2014 full post-launch history,1990-01-31,2014-12-31,300,stationary monthly bootstrap,month-end only; informational; may understate intramonth drawdown,24,12,2000,20260803,Maximum drawdown,P99,-0.0033877105646809,False
1990-2014 full post-launch history,1990-01-31,2014-12-31,300,stationary monthly bootstrap,month-end only; informational; may understate intramonth drawdown,24,12,2000,20260803,Worst 12-month return,P01,-0.050127806975310614,False
1990-2014 full post-launch history,1990-01-31,2014-12-31,300,stationary monthly bootstrap,month-end only; informational; may understate intramonth drawdown,24,12,2000,20260803,Worst 12-month return,P05,-0.011809817047369544,False
1990-2014 full post-launch history,1990-01-31,2014-12-31,300,stationary monthly bootstrap,month-end only; informational; may understate intramonth drawdown,24,12,2000,20260803,Worst 12-month return,P25,0.07097292939527589,False
1990-2014 full post-launch history,1990-01-31,2014-12-31,300,stationary monthly bootstrap,month-end only; informational; may understate intramonth drawdown,24,12,2000,20260803,Worst 12-month return,Median,0.14746791479100138,False
1990-2014 full post-launch history,1990-01-31,2014-12-31,300,stationary monthly bootstrap,month-end only; informational; may understate intramonth drawdown,24,12,2000,20260803,Worst 12-month return,P75,0.20004604640301135,False
1990-2014 full post-launch history,1990-01-31,2014-12-31,300,stationary monthly bootstrap,month-end only; informational; may understate intramonth drawdown,24,12,2000,20260803,Worst 12-month return,P95,0.2732235598869955,False
1990-2014 full post-launch history,1990-01-31,2014-12-31,300,stationary monthly bootstrap,month-end only; informational; may understate intramonth drawdown,24,12,2000,20260803,Worst 12-month return,P99,0.3192767151923431,False
1990-2014 full post-launch history,1990-01-31,2014-12-31,300,stationary monthly bootstrap,month-end only; informational; may understate intramonth drawdown,24,12,2000,20260803,Probability of terminal loss,Probability,0.072,False
1990-2014 full post-launch history,1990-01-31,2014-12-31,300,stationary monthly bootstrap,month-end only; informational; may understate intramonth drawdown,24,12,2000,20260803,Probability capital falls below 50% of initial (diagnostic),Probability,0.0,False
1990-2014 full post-launch history,1990-01-31,2014-12-31,300,stationary monthly bootstrap,month-end only; informational; may understate intramonth drawdown,24,12,2000,20260803,Probability maximum drawdown exceeds 15%,Probability,0.0,False
1990-2014 full post-launch history,1990-01-31,2014-12-31,300,stationary monthly bootstrap,month-end only; informational; may understate intramonth drawdown,24,12,2000,20260803,Probability maximum drawdown exceeds 20%,Probability,0.0,False
1990-2014 full post-launch history,1990-01-31,2014-12-31,300,stationary monthly bootstrap,month-end only; informational; may understate intramonth drawdown,24,12,2000,20260803,Probability maximum drawdown exceeds 30%,Probability,0.0,False
1990-2014 full post-launch history,1990-01-31,2014-12-31,300,stationary monthly bootstrap,month-end only; informational; may understate intramonth drawdown,24,12,2000,20260803,Probability maximum drawdown exceeds 40%,Probability,0.0,False
1990-2014 full post-launch history,1990-01-31,2014-12-31,300,stationary monthly bootstrap,month-end only; informational; may understate intramonth drawdown,24,36,2000,20260803,CAGR,P01,0.019735314289677782,False
1990-2014 full post-launch history,1990-01-31,2014-12-31,300,stationary monthly bootstrap,month-end only; informational; may understate intramonth drawdown,24,36,2000,20260803,CAGR,P05,0.054576049682379994,False
1990-2014 full post-launch history,1990-01-31,2014-12-31,300,stationary monthly bootstrap,month-end only; informational; may understate intramonth drawdown,24,36,2000,20260803,CAGR,P25,0.0997204269759565,False
1990-2014 full post-launch history,1990-01-31,2014-12-31,300,stationary monthly bootstrap,month-end only; informational; may understate intramonth drawdown,24,36,2000,20260803,CAGR,Median,0.13576341459667018,False
1990-2014 full post-launch history,1990-01-31,2014-12-31,300,stationary monthly bootstrap,month-end only; informational; may understate intramonth drawdown,24,36,2000,20260803,CAGR,P75,0.16607769098801065,False
1990-2014 full post-launch history,1990-01-31,2014-12-31,300,stationary monthly bootstrap,month-end only; informational; may understate intramonth drawdown,24,36,2000,20260803,CAGR,P95,0.20556842452707902,False
1990-2014 full post-launch history,1990-01-31,2014-12-31,300,stationary monthly bootstrap,month-end only; informational; may understate intramonth drawdown,24,36,2000,20260803,CAGR,P99,0.22660178000495532,False
1990-2014 full post-launch history,1990-01-31,2014-12-31,300,stationary monthly bootstrap,month-end only; informational; may understate intramonth drawdown,24,36,2000,20260803,Monthly Sharpe,P01,0.2890709940684664,False
1990-2014 full post-launch history,1990-01-31,2014-12-31,300,stationary monthly bootstrap,month-end only; informational; may understate intramonth drawdown,24,36,2000,20260803,Monthly Sharpe,P05,0.6715390808775009,False
1990-2014 full post-launch history,1990-01-31,2014-12-31,300,stationary monthly bootstrap,month-end only; informational; may understate intramonth drawdown,24,36,2000,20260803,Monthly Sharpe,P25,1.1944906773224904,False
1990-2014 full post-launch history,1990-01-31,2014-12-31,300,stationary monthly bootstrap,month-end only; informational; may understate intramonth drawdown,24,36,2000,20260803,Monthly Sharpe,Median,1.6092879662894146,False
1990-2014 full post-launch history,1990-01-31,2014-12-31,300,stationary monthly bootstrap,month-end only; informational; may understate intramonth drawdown,24,36,2000,20260803,Monthly Sharpe,P75,1.9838337353694961,False
1990-2014 full post-launch history,1990-01-31,2014-12-31,300,stationary monthly bootstrap,month-end only; informational; may understate intramonth drawdown,24,36,2000,20260803,Monthly Sharpe,P95,2.471251394949265,False
1990-2014 full post-launch history,1990-01-31,2014-12-31,300,stationary monthly bootstrap,month-end only; informational; may understate intramonth drawdown,24,36,2000,20260803,Monthly Sharpe,P99,2.91654574243011,False
1990-2014 full post-launch history,1990-01-31,2014-12-31,300,stationary monthly bootstrap,month-end only; informational; may understate intramonth drawdown,24,36,2000,20260803,Maximum drawdown,P01,-0.10859423249507068,False
1990-2014 full post-launch history,1990-01-31,2014-12-31,300,stationary monthly bootstrap,month-end only; informational; may understate intramonth drawdown,24,36,2000,20260803,Maximum drawdown,P05,-0.0937220501994187,False
1990-2014 full post-launch history,1990-01-31,2014-12-31,300,stationary monthly bootstrap,month-end only; informational; may understate intramonth drawdown,24,36,2000,20260803,Maximum drawdown,P25,-0.07057657210835333,False
1990-2014 full post-launch history,1990-01-31,2014-12-31,300,stationary monthly bootstrap,month-end only; informational; may understate intramonth drawdown,24,36,2000,20260803,Maximum drawdown,Median,-0.058231921398092745,False
1990-2014 full post-launch history,1990-01-31,2014-12-31,300,stationary monthly bootstrap,month-end only; informational; may understate intramonth drawdown,24,36,2000,20260803,Maximum drawdown,P75,-0.04051635797109554,False
1990-2014 full post-launch history,1990-01-31,2014-12-31,300,stationary monthly bootstrap,month-end only; informational; may understate intramonth drawdown,24,36,2000,20260803,Maximum drawdown,P95,-0.03539813375419132,False
1990-2014 full post-launch history,1990-01-31,2014-12-31,300,stationary monthly bootstrap,month-end only; informational; may understate intramonth drawdown,24,36,2000,20260803,Maximum drawdown,P99,-0.027470209155694647,False
1990-2014 full post-launch history,1990-01-31,2014-12-31,300,stationary monthly bootstrap,month-end only; informational; may understate intramonth drawdown,24,36,2000,20260803,Worst 12-month return,P01,-0.08736942052723565,False
1990-2014 full post-launch history,1990-01-31,2014-12-31,300,stationary monthly bootstrap,month-end only; informational; may understate intramonth drawdown,24,36,2000,20260803,Worst 12-month return,P05,-0.07456437075158143,False
1990-2014 full post-launch history,1990-01-31,2014-12-31,300,stationary monthly bootstrap,month-end only; informational; may understate intramonth drawdown,24,36,2000,20260803,Worst 12-month return,P25,-0.02028270751806737,False
1990-2014 full post-launch history,1990-01-31,2014-12-31,300,stationary monthly bootstrap,month-end only; informational; may understate intramonth drawdown,24,36,2000,20260803,Worst 12-month return,Median,0.01577445716068792,False
1990-2014 full post-launch history,1990-01-31,2014-12-31,300,stationary monthly bootstrap,month-end only; informational; may understate intramonth drawdown,24,36,2000,20260803,Worst 12-month return,P75,0.0710098342860225,False
1990-2014 full post-launch history,1990-01-31,2014-12-31,300,stationary monthly bootstrap,month-end only; informational; may understate intramonth drawdown,24,36,2000,20260803,Worst 12-month return,P95,0.11831400660410928,False
1990-2014 full post-launch history,1990-01-31,2014-12-31,300,stationary monthly bootstrap,month-end only; informational; may understate intramonth drawdown,24,36,2000,20260803,Worst 12-month return,P99,0.1511701388141221,False
1990-2014 full post-launch history,1990-01-31,2014-12-31,300,stationary monthly bootstrap,month-end only; informational; may understate intramonth drawdown,24,36,2000,20260803,Probability of terminal loss,Probability,0.0055,False
1990-2014 full post-launch history,1990-01-31,2014-12-31,300,stationary monthly bootstrap,month-end only; informational; may understate intramonth drawdown,24,36,2000,20260803,Probability capital falls below 50% of initial (diagnostic),Probability,0.0,False
1990-2014 full post-launch history,1990-01-31,2014-12-31,300,stationary monthly bootstrap,month-end only; informational; may understate intramonth drawdown,24,36,2000,20260803,Probability maximum drawdown exceeds 15%,Probability,0.0005,False
1990-2014 full post-launch history,1990-01-31,2014-12-31,300,stationary monthly bootstrap,month-end only; informational; may understate intramonth drawdown,24,36,2000,20260803,Probability maximum drawdown exceeds 20%,Probability,0.0,False
1990-2014 full post-launch history,1990-01-31,2014-12-31,300,stationary monthly bootstrap,month-end only; informational; may understate intramonth drawdown,24,36,2000,20260803,Probability maximum drawdown exceeds 30%,Probability,0.0,False
1990-2014 full post-launch history,1990-01-31,2014-12-31,300,stationary monthly bootstrap,month-end only; informational; may understate intramonth drawdown,24,36,2000,20260803,Probability maximum drawdown exceeds 40%,Probability,0.0,False
1990-2014 full post-launch history,1990-01-31,2014-12-31,300,stationary monthly bootstrap,month-end only; informational; may understate intramonth drawdown,24,60,2000,20260803,CAGR,P01,0.05025490542340367,False
1990-2014 full post-launch history,1990-01-31,2014-12-31,300,stationary monthly bootstrap,month-end only; informational; may understate intramonth drawdown,24,60,2000,20260803,CAGR,P05,0.07082199036534333,False
1990-2014 full post-launch history,1990-01-31,2014-12-31,300,stationary monthly bootstrap,month-end only; informational; may understate intramonth drawdown,24,60,2000,20260803,CAGR,P25,0.10740158065327199,False
1990-2014 full post-launch history,1990-01-31,2014-12-31,300,stationary monthly bootstrap,month-end only; informational; may understate intramonth drawdown,24,60,2000,20260803,CAGR,Median,0.13188472046211047,False
1990-2014 full post-launch history,1990-01-31,2014-12-31,300,stationary monthly bootstrap,month-end only; informational; may understate intramonth drawdown,24,60,2000,20260803,CAGR,P75,0.15780055842080382,False
1990-2014 full post-launch history,1990-01-31,2014-12-31,300,stationary monthly bootstrap,month-end only; informational; may understate intramonth drawdown,24,60,2000,20260803,CAGR,P95,0.18632171594870697,False
1990-2014 full post-launch history,1990-01-31,2014-12-31,300,stationary monthly bootstrap,month-end only; informational; may understate intramonth drawdown,24,60,2000,20260803,CAGR,P99,0.20557178970060735,False
1990-2014 full post-launch history,1990-01-31,2014-12-31,300,stationary monthly bootstrap,month-end only; informational; may understate intramonth drawdown,24,60,2000,20260803,Monthly Sharpe,P01,0.6543768236789576,False
1990-2014 full post-launch history,1990-01-31,2014-12-31,300,stationary monthly bootstrap,month-end only; informational; may understate intramonth drawdown,24,60,2000,20260803,Monthly Sharpe,P05,0.8549658037486696,False
1990-2014 full post-launch history,1990-01-31,2014-12-31,300,stationary monthly bootstrap,month-end only; informational; may understate intramonth drawdown,24,60,2000,20260803,Monthly Sharpe,P25,1.2686977450480084,False
1990-2014 full post-launch history,1990-01-31,2014-12-31,300,stationary monthly bootstrap,month-end only; informational; may understate intramonth drawdown,24,60,2000,20260803,Monthly Sharpe,Median,1.5762515385306775,False
1990-2014 full post-launch history,1990-01-31,2014-12-31,300,stationary monthly bootstrap,month-end only; informational; may understate intramonth drawdown,24,60,2000,20260803,Monthly Sharpe,P75,1.8758049202650966,False
1990-2014 full post-launch history,1990-01-31,2014-12-31,300,stationary monthly bootstrap,month-end only; informational; may understate intramonth drawdown,24,60,2000,20260803,Monthly Sharpe,P95,2.2375409373694604,False
1990-2014 full post-launch history,1990-01-31,2014-12-31,300,stationary monthly bootstrap,month-end only; informational; may understate intramonth drawdown,24,60,2000,20260803,Monthly Sharpe,P99,2.521095995684248,False
1990-2014 full post-launch history,1990-01-31,2014-12-31,300,stationary monthly bootstrap,month-end only; informational; may understate intramonth drawdown,24,60,2000,20260803,Maximum drawdown,P01,-0.1136581665845907,False
1990-2014 full post-launch history,1990-01-31,2014-12-31,300,stationary monthly bootstrap,month-end only; informational; may understate intramonth drawdown,24,60,2000,20260803,Maximum drawdown,P05,-0.09372205019941882,False
1990-2014 full post-launch history,1990-01-31,2014-12-31,300,stationary monthly bootstrap,month-end only; informational; may understate intramonth drawdown,24,60,2000,20260803,Maximum drawdown,P25,-0.07910441601778406,False
1990-2014 full post-launch history,1990-01-31,2014-12-31,300,stationary monthly bootstrap,month-end only; informational; may understate intramonth drawdown,24,60,2000,20260803,Maximum drawdown,Median,-0.06525408103802122,False
1990-2014 full post-launch history,1990-01-31,2014-12-31,300,stationary monthly bootstrap,month-end only; informational; may understate intramonth drawdown,24,60,2000,20260803,Maximum drawdown,P75,-0.05636959349373982,False
1990-2014 full post-launch history,1990-01-31,2014-12-31,300,stationary monthly bootstrap,month-end only; informational; may understate intramonth drawdown,24,60,2000,20260803,Maximum drawdown,P95,-0.03724408033947324,False
1990-2014 full post-launch history,1990-01-31,2014-12-31,300,stationary monthly bootstrap,month-end only; informational; may understate intramonth drawdown,24,60,2000,20260803,Maximum drawdown,P99,-0.03629700149042325,False
1990-2014 full post-launch history,1990-01-31,2014-12-31,300,stationary monthly bootstrap,month-end only; informational; may understate intramonth drawdown,24,60,2000,20260803,Worst 12-month return,P01,-0.09480483578026391,False
1990-2014 full post-launch history,1990-01-31,2014-12-31,300,stationary monthly bootstrap,month-end only; informational; may understate intramonth drawdown,24,60,2000,20260803,Worst 12-month return,P05,-0.07456437075158145,False
1990-2014 full post-launch history,1990-01-31,2014-12-31,300,stationary monthly bootstrap,month-end only; informational; may understate intramonth drawdown,24,60,2000,20260803,Worst 12-month return,P25,-0.05283940405255706,False
1990-2014 full post-launch history,1990-01-31,2014-12-31,300,stationary monthly bootstrap,month-end only; informational; may understate intramonth drawdown,24,60,2000,20260803,Worst 12-month return,Median,-0.010050563319232427,False
1990-2014 full post-launch history,1990-01-31,2014-12-31,300,stationary monthly bootstrap,month-end only; informational; may understate intramonth drawdown,24,60,2000,20260803,Worst 12-month return,P75,0.02274988717106047,False
1990-2014 full post-launch history,1990-01-31,2014-12-31,300,stationary monthly bootstrap,month-end only; informational; may understate intramonth drawdown,24,60,2000,20260803,Worst 12-month return,P95,0.07721216725764109,False
1990-2014 full post-launch history,1990-01-31,2014-12-31,300,stationary monthly bootstrap,month-end only; informational; may understate intramonth drawdown,24,60,2000,20260803,Worst 12-month return,P99,0.10898281579745402,False
1990-2014 full post-launch history,1990-01-31,2014-12-31,300,stationary monthly bootstrap,month-end only; informational; may understate intramonth drawdown,24,60,2000,20260803,Probability of terminal loss,Probability,0.0,False
1990-2014 full post-launch history,1990-01-31,2014-12-31,300,stationary monthly bootstrap,month-end only; informational; may understate intramonth drawdown,24,60,2000,20260803,Probability capital falls below 50% of initial (diagnostic),Probability,0.0,False
1990-2014 full post-launch history,1990-01-31,2014-12-31,300,stationary monthly bootstrap,month-end only; informational; may understate intramonth drawdown,24,60,2000,20260803,Probability maximum drawdown exceeds 15%,Probability,0.001,False
1990-2014 full post-launch history,1990-01-31,2014-12-31,300,stationary monthly bootstrap,month-end only; informational; may understate intramonth drawdown,24,60,2000,20260803,Probability maximum drawdown exceeds 20%,Probability,0.0,False
1990-2014 full post-launch history,1990-01-31,2014-12-31,300,stationary monthly bootstrap,month-end only; informational; may understate intramonth drawdown,24,60,2000,20260803,Probability maximum drawdown exceeds 30%,Probability,0.0,False
1990-2014 full post-launch history,1990-01-31,2014-12-31,300,stationary monthly bootstrap,month-end only; informational; may understate intramonth drawdown,24,60,2000,20260803,Probability maximum drawdown exceeds 40%,Probability,0.0,False
1990-2014 full post-launch history,1990-01-31,2014-12-31,300,stationary monthly bootstrap,month-end only; informational; may understate intramonth drawdown,24,120,2000,20260803,CAGR,P01,0.07038933461301801,False
1990-2014 full post-launch history,1990-01-31,2014-12-31,300,stationary monthly bootstrap,month-end only; informational; may understate intramonth drawdown,24,120,2000,20260803,CAGR,P05,0.09107775990364803,False
1990-2014 full post-launch history,1990-01-31,2014-12-31,300,stationary monthly bootstrap,month-end only; informational; may understate intramonth drawdown,24,120,2000,20260803,CAGR,P25,0.11578149171769653,False
1990-2014 full post-launch history,1990-01-31,2014-12-31,300,stationary monthly bootstrap,month-end only; informational; may understate intramonth drawdown,24,120,2000,20260803,CAGR,Median,0.13360636569589426,False
1990-2014 full post-launch history,1990-01-31,2014-12-31,300,stationary monthly bootstrap,month-end only; informational; may understate intramonth drawdown,24,120,2000,20260803,CAGR,P75,0.14965584752321676,False
1990-2014 full post-launch history,1990-01-31,2014-12-31,300,stationary monthly bootstrap,month-end only; informational; may understate intramonth drawdown,24,120,2000,20260803,CAGR,P95,0.17199528886096058,False
1990-2014 full post-launch history,1990-01-31,2014-12-31,300,stationary monthly bootstrap,month-end only; informational; may understate intramonth drawdown,24,120,2000,20260803,CAGR,P99,0.18632950420396954,False
1990-2014 full post-launch history,1990-01-31,2014-12-31,300,stationary monthly bootstrap,month-end only; informational; may understate intramonth drawdown,24,120,2000,20260803,Monthly Sharpe,P01,0.8511657356618575,False
1990-2014 full post-launch history,1990-01-31,2014-12-31,300,stationary monthly bootstrap,month-end only; informational; may understate intramonth drawdown,24,120,2000,20260803,Monthly Sharpe,P05,1.0849005713709667,False
1990-2014 full post-launch history,1990-01-31,2014-12-31,300,stationary monthly bootstrap,month-end only; informational; may understate intramonth drawdown,24,120,2000,20260803,Monthly Sharpe,P25,1.378448834552229,False
1990-2014 full post-launch history,1990-01-31,2014-12-31,300,stationary monthly bootstrap,month-end only; informational; may understate intramonth drawdown,24,120,2000,20260803,Monthly Sharpe,Median,1.5694605889459574,False
1990-2014 full post-launch history,1990-01-31,2014-12-31,300,stationary monthly bootstrap,month-end only; informational; may understate intramonth drawdown,24,120,2000,20260803,Monthly Sharpe,P75,1.7640020351989458,False
1990-2014 full post-launch history,1990-01-31,2014-12-31,300,stationary monthly bootstrap,month-end only; informational; may understate intramonth drawdown,24,120,2000,20260803,Monthly Sharpe,P95,2.0448863541524345,False
1990-2014 full post-launch history,1990-01-31,2014-12-31,300,stationary monthly bootstrap,month-end only; informational; may understate intramonth drawdown,24,120,2000,20260803,Monthly Sharpe,P99,2.2544571830671907,False
1990-2014 full post-launch history,1990-01-31,2014-12-31,300,stationary monthly bootstrap,month-end only; informational; may understate intramonth drawdown,24,120,2000,20260803,Maximum drawdown,P01,-0.12963275763040413,False
1990-2014 full post-launch history,1990-01-31,2014-12-31,300,stationary monthly bootstrap,month-end only; informational; may understate intramonth drawdown,24,120,2000,20260803,Maximum drawdown,P05,-0.1061025734742902,False
1990-2014 full post-launch history,1990-01-31,2014-12-31,300,stationary monthly bootstrap,month-end only; informational; may understate intramonth drawdown,24,120,2000,20260803,Maximum drawdown,P25,-0.09372205019941848,False
1990-2014 full post-launch history,1990-01-31,2014-12-31,300,stationary monthly bootstrap,month-end only; informational; may understate intramonth drawdown,24,120,2000,20260803,Maximum drawdown,Median,-0.07910441601778406,False
1990-2014 full post-launch history,1990-01-31,2014-12-31,300,stationary monthly bootstrap,month-end only; informational; may understate intramonth drawdown,24,120,2000,20260803,Maximum drawdown,P75,-0.06525408103802122,False
1990-2014 full post-launch history,1990-01-31,2014-12-31,300,stationary monthly bootstrap,month-end only; informational; may understate intramonth drawdown,24,120,2000,20260803,Maximum drawdown,P95,-0.05636959349373971,False
1990-2014 full post-launch history,1990-01-31,2014-12-31,300,stationary monthly bootstrap,month-end only; informational; may understate intramonth drawdown,24,120,2000,20260803,Maximum drawdown,P99,-0.04571191518103699,False
1990-2014 full post-launch history,1990-01-31,2014-12-31,300,stationary monthly bootstrap,month-end only; informational; may understate intramonth drawdown,24,120,2000,20260803,Worst 12-month return,P01,-0.10943216410773786,False
1990-2014 full post-launch history,1990-01-31,2014-12-31,300,stationary monthly bootstrap,month-end only; informational; may understate intramonth drawdown,24,120,2000,20260803,Worst 12-month return,P05,-0.08293235607571693,False
1990-2014 full post-launch history,1990-01-31,2014-12-31,300,stationary monthly bootstrap,month-end only; informational; may understate intramonth drawdown,24,120,2000,20260803,Worst 12-month return,P25,-0.07456437075158133,False
1990-2014 full post-launch history,1990-01-31,2014-12-31,300,stationary monthly bootstrap,month-end only; informational; may understate intramonth drawdown,24,120,2000,20260803,Worst 12-month return,Median,-0.043976292678080287,False
1990-2014 full post-launch history,1990-01-31,2014-12-31,300,stationary monthly bootstrap,month-end only; informational; may understate intramonth drawdown,24,120,2000,20260803,Worst 12-month return,P75,-0.012127680650153821,False
1990-2014 full post-launch history,1990-01-31,2014-12-31,300,stationary monthly bootstrap,month-end only; informational; may understate intramonth drawdown,24,120,2000,20260803,Worst 12-month return,P95,0.015774457160688003,False
1990-2014 full post-launch history,1990-01-31,2014-12-31,300,stationary monthly bootstrap,month-end only; informational; may understate intramonth drawdown,24,120,2000,20260803,Worst 12-month return,P99,0.045284453388204325,False
1990-2014 full post-launch history,1990-01-31,2014-12-31,300,stationary monthly bootstrap,month-end only; informational; may understate intramonth drawdown,24,120,2000,20260803,Probability of terminal loss,Probability,0.0,False
1990-2014 full post-launch history,1990-01-31,2014-12-31,300,stationary monthly bootstrap,month-end only; informational; may understate intramonth drawdown,24,120,2000,20260803,Probability capital falls below 50% of initial (diagnostic),Probability,0.0,False
1990-2014 full post-launch history,1990-01-31,2014-12-31,300,stationary monthly bootstrap,month-end only; informational; may understate intramonth drawdown,24,120,2000,20260803,Probability maximum drawdown exceeds 15%,Probability,0.003,False
1990-2014 full post-launch history,1990-01-31,2014-12-31,300,stationary monthly bootstrap,month-end only; informational; may understate intramonth drawdown,24,120,2000,20260803,Probability maximum drawdown exceeds 20%,Probability,0.0,False
1990-2014 full post-launch history,1990-01-31,2014-12-31,300,stationary monthly bootstrap,month-end only; informational; may understate intramonth drawdown,24,120,2000,20260803,Probability maximum drawdown exceeds 30%,Probability,0.0,False
1990-2014 full post-launch history,1990-01-31,2014-12-31,300,stationary monthly bootstrap,month-end only; informational; may understate intramonth drawdown,24,120,2000,20260803,Probability maximum drawdown exceeds 40%,Probability,0.0,False
1990-2014 full post-launch history,1990-01-31,2014-12-31,300,stationary monthly bootstrap,month-end only; informational; may understate intramonth drawdown,24,300,2000,20260803,CAGR,P01,0.09675687262832296,False
1990-2014 full post-launch history,1990-01-31,2014-12-31,300,stationary monthly bootstrap,month-end only; informational; may understate intramonth drawdown,24,300,2000,20260803,CAGR,P05,0.10568369315470855,False
1990-2014 full post-launch history,1990-01-31,2014-12-31,300,stationary monthly bootstrap,month-end only; informational; may understate intramonth drawdown,24,300,2000,20260803,CAGR,P25,0.1210660951420071,False
1990-2014 full post-launch history,1990-01-31,2014-12-31,300,stationary monthly bootstrap,month-end only; informational; may understate intramonth drawdown,24,300,2000,20260803,CAGR,Median,0.1318144833138871,False
1990-2014 full post-launch history,1990-01-31,2014-12-31,300,stationary monthly bootstrap,month-end only; informational; may understate intramonth drawdown,24,300,2000,20260803,CAGR,P75,0.14237036648836715,False
1990-2014 full post-launch history,1990-01-31,2014-12-31,300,stationary monthly bootstrap,month-end only; informational; may understate intramonth drawdown,24,300,2000,20260803,CAGR,P95,0.15702156862931807,False
1990-2014 full post-launch history,1990-01-31,2014-12-31,300,stationary monthly bootstrap,month-end only; informational; may understate intramonth drawdown,24,300,2000,20260803,CAGR,P99,0.1669929067201636,False
1990-2014 full post-launch history,1990-01-31,2014-12-31,300,stationary monthly bootstrap,month-end only; informational; may understate intramonth drawdown,24,300,2000,20260803,Monthly Sharpe,P01,1.1452916440297998,False
1990-2014 full post-launch history,1990-01-31,2014-12-31,300,stationary monthly bootstrap,month-end only; informational; may understate intramonth drawdown,24,300,2000,20260803,Monthly Sharpe,P05,1.25968901137535,False
1990-2014 full post-launch history,1990-01-31,2014-12-31,300,stationary monthly bootstrap,month-end only; informational; may understate intramonth drawdown,24,300,2000,20260803,Monthly Sharpe,P25,1.435016968808081,False
1990-2014 full post-launch history,1990-01-31,2014-12-31,300,stationary monthly bootstrap,month-end only; informational; may understate intramonth drawdown,24,300,2000,20260803,Monthly Sharpe,Median,1.5565313690785854,False
1990-2014 full post-launch history,1990-01-31,2014-12-31,300,stationary monthly bootstrap,month-end only; informational; may understate intramonth drawdown,24,300,2000,20260803,Monthly Sharpe,P75,1.6807623082434877,False
1990-2014 full post-launch history,1990-01-31,2014-12-31,300,stationary monthly bootstrap,month-end only; informational; may understate intramonth drawdown,24,300,2000,20260803,Monthly Sharpe,P95,1.859965853564892,False
1990-2014 full post-launch history,1990-01-31,2014-12-31,300,stationary monthly bootstrap,month-end only; informational; may understate intramonth drawdown,24,300,2000,20260803,Monthly Sharpe,P99,1.983628082955584,False
1990-2014 full post-launch history,1990-01-31,2014-12-31,300,stationary monthly bootstrap,month-end only; informational; may understate intramonth drawdown,24,300,2000,20260803,Maximum drawdown,P01,-0.14563624281509524,False
1990-2014 full post-launch history,1990-01-31,2014-12-31,300,stationary monthly bootstrap,month-end only; informational; may understate intramonth drawdown,24,300,2000,20260803,Maximum drawdown,P05,-0.12541451725066324,False
1990-2014 full post-launch history,1990-01-31,2014-12-31,300,stationary monthly bootstrap,month-end only; informational; may understate intramonth drawdown,24,300,2000,20260803,Maximum drawdown,P25,-0.09372205019941907,False
1990-2014 full post-launch history,1990-01-31,2014-12-31,300,stationary monthly bootstrap,month-end only; informational; may understate intramonth drawdown,24,300,2000,20260803,Maximum drawdown,Median,-0.0937220501994186,False
1990-2014 full post-launch history,1990-01-31,2014-12-31,300,stationary monthly bootstrap,month-end only; informational; may understate intramonth drawdown,24,300,2000,20260803,Maximum drawdown,P75,-0.07910441601778428,False
1990-2014 full post-launch history,1990-01-31,2014-12-31,300,stationary monthly bootstrap,month-end only; informational; may understate intramonth drawdown,24,300,2000,20260803,Maximum drawdown,P95,-0.07057657210835344,False
1990-2014 full post-launch history,1990-01-31,2014-12-31,300,stationary monthly bootstrap,month-end only; informational; may understate intramonth drawdown,24,300,2000,20260803,Maximum drawdown,P99,-0.06223292731110875,False
1990-2014 full post-launch history,1990-01-31,2014-12-31,300,stationary monthly bootstrap,month-end only; informational; may understate intramonth drawdown,24,300,2000,20260803,Worst 12-month return,P01,-0.12086009740791867,False
1990-2014 full post-launch history,1990-01-31,2014-12-31,300,stationary monthly bootstrap,month-end only; informational; may understate intramonth drawdown,24,300,2000,20260803,Worst 12-month return,P05,-0.09895051181264757,False
1990-2014 full post-launch history,1990-01-31,2014-12-31,300,stationary monthly bootstrap,month-end only; informational; may understate intramonth drawdown,24,300,2000,20260803,Worst 12-month return,P25,-0.07456437075158205,False
1990-2014 full post-launch history,1990-01-31,2014-12-31,300,stationary monthly bootstrap,month-end only; informational; may understate intramonth drawdown,24,300,2000,20260803,Worst 12-month return,Median,-0.07456437075158145,False
1990-2014 full post-launch history,1990-01-31,2014-12-31,300,stationary monthly bootstrap,month-end only; informational; may understate intramonth drawdown,24,300,2000,20260803,Worst 12-month return,P75,-0.05283940405255722,False
1990-2014 full post-launch history,1990-01-31,2014-12-31,300,stationary monthly bootstrap,month-end only; informational; may understate intramonth drawdown,24,300,2000,20260803,Worst 12-month return,P95,-0.020282707518067315,False
1990-2014 full post-launch history,1990-01-31,2014-12-31,300,stationary monthly bootstrap,month-end only; informational; may understate intramonth drawdown,24,300,2000,20260803,Worst 12-month return,P99,-0.0071634826663680325,False
1990-2014 full post-launch history,1990-01-31,2014-12-31,300,stationary monthly bootstrap,month-end only; informational; may understate intramonth drawdown,24,300,2000,20260803,Probability of terminal loss,Probability,0.0,False
1990-2014 full post-launch history,1990-01-31,2014-12-31,300,stationary monthly bootstrap,month-end only; informational; may understate intramonth drawdown,24,300,2000,20260803,Probability capital falls below 50% of initial (diagnostic),Probability,0.0,False
1990-2014 full post-launch history,1990-01-31,2014-12-31,300,stationary monthly bootstrap,month-end only; informational; may understate intramonth drawdown,24,300,2000,20260803,Probability maximum drawdown exceeds 15%,Probability,0.0065,False
1990-2014 full post-launch history,1990-01-31,2014-12-31,300,stationary monthly bootstrap,month-end only; informational; may understate intramonth drawdown,24,300,2000,20260803,Probability maximum drawdown exceeds 20%,Probability,0.0005,False
1990-2014 full post-launch history,1990-01-31,2014-12-31,300,stationary monthly bootstrap,month-end only; informational; may understate intramonth drawdown,24,300,2000,20260803,Probability maximum drawdown exceeds 30%,Probability,0.0,False
1990-2014 full post-launch history,1990-01-31,2014-12-31,300,stationary monthly bootstrap,month-end only; informational; may understate intramonth drawdown,24,300,2000,20260803,Probability maximum drawdown exceeds 40%,Probability,0.0,False
